scenario,maneuver,metric,method,n_method,n_baseline,mean,ci_low,ci_high,cohens_d,cohens_d_ci_low,cohens_d_ci_high,raw_p_welch,corrected_p_welch,significant_welch,marker_welch,raw_p_mwu,corrected_p_mwu,significant_mwu,marker_mwu,raw_p_paired,corrected_p_paired,significant_paired,marker_paired
1a,right_stem,mean_return,hjb_aux,84,120,380.7406892857143,377.8109696101191,383.5447332470239,-0.5344240397341216,-0.6928496552794723,-0.3710868707360661,2.0358651090378803e-05,0.0005089662772594701,True,***,0.04747107377531723,0.6645950328544412,False,ns,9.273505203455983e-06,0.00024111113528985556,True,***
1a,right_stem,mean_return,soft_hjb_aux,108,120,367.3867776851853,365.46183951851856,369.230463300926,-0.8649404496321765,-0.994209154941714,-0.7507746693093001,2.808760728879695e-10,8.707158259527056e-09,True,***,6.50245487024356e-18,2.4059083019901174e-16,True,***,5.784434866923112e-10,1.7931748087461645e-08,True,***
1a,right_stem,mean_return,eikonal_aux,120,120,536.8573000833333,523.8187116770832,548.9483163229166,1.9747941444899804,1.5598357522029436,2.5773464088133875,4.750124415716156e-37,2.0900547429151087e-35,True,***,4.3570887328812795e-23,1.8735481551389503e-21,True,***,2.667375525520756e-35,1.2536664969947554e-33,True,***
1a,right_stem,mean_return,cbf_aux,120,120,401.6947620833334,393.0877403395834,410.9831742666667,-0.08168694637986633,-0.33212834524897156,0.16730072600107737,0.5275285531088828,1.0,False,ns,0.8212545569419403,1.0,False,ns,0.5532307534921146,1.0,False,ns
1a,right_stem,collision_rate,hjb_aux,84,120,0.09321428571428571,0.08202380952380953,0.10488095238095237,0.425086824589793,0.15219482345401875,0.7129282256964545,0.0032882656133331645,0.10851276523999442,False,ns,0.003245646936068191,0.10061505501811392,False,ns,0.000910550107542378,0.03186925376398323,True,*
1a,right_stem,collision_rate,soft_hjb_aux,108,120,0.10814814814814815,0.09833333333333336,0.11824074074074076,0.7175002254363648,0.4559613000693498,0.9954613450216792,1.5358508973714401e-07,6.2969886792229045e-06,True,***,3.16876561057156e-07,1.2991939003343397e-05,True,***,7.618474940523236e-08,3.123574725614527e-06,True,***
1a,right_stem,collision_rate,eikonal_aux,120,120,0.011583333333333334,0.005916666666666666,0.018333333333333333,-1.2936215458743112,-1.653882083293538,-0.9962955535730728,1.7261413121444822e-19,7.76763590465017e-18,True,***,8.288202654349736e-25,3.895455247544376e-23,True,***,1.2316958865946039e-20,5.542631489675718e-19,True,***
1a,right_stem,collision_rate,cbf_aux,120,120,0.07233333333333335,0.063,0.08166666666666668,0.03913594721513013,-0.21401094036119453,0.29852167252186435,0.7620436802330695,1.0,False,ns,0.6734877384721771,1.0,False,ns,0.7441891546558476,1.0,False,ns
1a,right_stem,success_rate,hjb_aux,84,120,0.9067857142857143,0.8951190476190478,0.9179761904761906,-0.41712014271051956,-0.7047696571751862,-0.14551740821148368,0.003983555358670547,0.10357243932543422,False,ns,0.0037918763483848344,0.09479690870962086,False,ns,0.0012118636152633853,0.03029659038158463,True,*
1a,right_stem,success_rate,soft_hjb_aux,108,120,0.8918518518518519,0.8817592592592591,0.9016666666666666,-0.7109673932735338,-0.9901723281940366,-0.4481455416833149,1.9942095652515907e-07,6.5808915653302494e-06,True,***,3.4009021864637155e-07,1.0542796778037519e-05,True,***,7.942944542272254e-08,2.7006011443725665e-06,True,***
1a,right_stem,success_rate,eikonal_aux,120,120,0.9831666666666667,0.9765,0.9888333333333335,1.205309436973484,0.9166720969850937,1.5448633591849659,1.7089891051688203e-17,7.177754241709046e-16,True,***,6.268880646414121e-20,2.695618677958072e-18,True,***,3.461778546815855e-18,1.4885647751308176e-16,True,***
1a,right_stem,success_rate,cbf_aux,120,120,0.9265833333333334,0.9174166666666667,0.9357500000000001,-0.04916034448182878,-0.30847366874255805,0.20593263167157083,0.7036956157111596,1.0,False,ns,0.6181418872337683,1.0,False,ns,0.6835906620025591,1.0,False,ns
1a,right_stem,mean_ttc,hjb_aux,84,120,5.810369977330782,5.765830817560133,5.858579537237045,-0.3482714562462393,-0.6934302569142441,-0.277862561190887,0.004211124561741211,0.12212261229049512,False,ns,8.782640410481383e-05,0.0028982713354588564,True,**,0.0058589915000298734,0.16991075350086632,False,ns
1a,right_stem,mean_ttc,soft_hjb_aux,108,120,6.476403244864146,6.293638816440462,6.677845708706606,0.07112071811175624,-0.14180951216100682,0.50817568198526,0.5808212046764054,1.0,False,ns,0.011321618986861749,0.2830404746715437,False,ns,0.7102284362898412,1.0,False,ns
1a,right_stem,mean_ttc,eikonal_aux,120,120,9.73721235354518,9.234577431807352,10.257370388524073,1.3658151144215225,0.911139533469916,1.9462774502708682,2.3689364192522038e-21,1.0897107528560138e-19,True,***,2.241377485838482e-29,1.0310336434857017e-27,True,***,2.449585299907211e-19,1.1023133849582449e-17,True,***
1a,right_stem,mean_ttc,cbf_aux,120,120,6.631569857791496,6.247296873952337,7.087522925022099,0.12303366790034623,-0.12439232718327568,0.3895801278801937,0.3415701470634729,1.0,False,ns,0.7667769187535878,1.0,False,ns,0.3267133387332851,1.0,False,ns
1a,right_stem,min_ttc,hjb_aux,84,120,0.20582482073968345,0.19954876206200658,0.21203516172129788,0.5043692464838604,0.28898715248444556,0.7050584958431318,8.278412050074178e-05,0.002897444217525962,True,**,0.03799845603816565,0.87396448887781,False,ns,0.00022476990869257641,0.007866946804240174,True,**
1a,right_stem,min_ttc,soft_hjb_aux,108,120,0.17661312771843005,0.16682210335741848,0.18646778891608257,0.011052086748861148,-0.26072038228408995,0.2588993266667229,0.9325080776116864,1.0,False,ns,0.2971273618853829,1.0,False,ns,0.4444590793142388,1.0,False,ns
1a,right_stem,min_ttc,eikonal_aux,120,120,0.04461354645440808,0.03641870273451037,0.053608248902288325,-2.112231830435807,-2.70844979290574,-1.702711340791321,4.0426574820777964e-39,1.9404755913973424e-37,True,***,1.2986067989745187e-24,5.973591275282786e-23,True,***,1.682610738606336e-34,8.076531545310413e-33,True,***
1a,right_stem,min_ttc,cbf_aux,120,120,0.16812991077996634,0.15494672388322472,0.1805942219776866,-0.10630435147141158,-0.3629981772299198,0.145109029902099,0.41108789367966125,1.0,False,ns,0.30555040345785045,1.0,False,ns,0.3404100559610126,1.0,False,ns
1a,right_stem,ttc_p10_mean,hjb_aux,84,120,0.5279121715189111,0.5195811754947781,0.5366218345552638,-0.640775685352712,-0.804247563603111,-0.4695812335741139,4.796104155644923e-07,1.678636454475723e-05,True,***,0.002148440921982133,0.05800790489351759,False,ns,1.088651056946794e-07,4.245739122092496e-06,True,***
1a,right_stem,ttc_p10_mean,soft_hjb_aux,108,120,0.5311708487840763,0.5255091956281915,0.5369785638098609,-0.6545367316533551,-0.8218813168053116,-0.48245483693077906,8.216569041240207e-07,2.7936334740216704e-05,True,***,0.008764872766668366,0.20159207363337242,False,ns,8.96908005865984e-06,0.000278041481818455,True,***
1a,right_stem,ttc_p10_mean,eikonal_aux,120,120,1.2719451567235585,1.180491644872672,1.3644231387083554,1.7083164249950058,1.494985093135491,1.9683173783164276,1.1484363682129647e-26,5.053120020137045e-25,True,***,9.520320908599688e-27,4.379347617955856e-25,True,***,8.448068344993014e-30,3.8016307552468564e-28,True,***
1a,right_stem,ttc_p10_mean,cbf_aux,120,120,0.593649842923676,0.5691918115920344,0.619772991856209,-0.1218812935879255,-0.3723222852581889,0.12856155763827498,0.34610420276965703,1.0,False,ns,0.5437624640248007,1.0,False,ns,0.3631963481970977,1.0,False,ns
1a,right_stem,action_entropy_mean,hjb_aux,84,120,0.17957546714226172,0.14730791690053757,0.21184308462223392,-0.6398189301255445,-0.8641206689275369,-0.4161862257731925,1.189520543679337e-06,4.520178065981481e-05,True,***,9.228144540878264e-05,0.003322132034716175,True,**,9.365166641559312e-08,3.4651116573769452e-06,True,***
1a,right_stem,action_entropy_mean,soft_hjb_aux,108,120,0.4400339667487013,0.36026227584482245,0.5206732334240617,0.25203815124976314,-0.01148325231396488,0.5262830970686083,0.06273314479525276,1.0,False,ns,0.5510329297880793,1.0,False,ns,0.07432148534010141,1.0,False,ns
1a,right_stem,action_entropy_mean,eikonal_aux,120,120,1.017927249717609,0.9599346546734017,1.0727055433669148,2.1233323192735667,1.7340644430635517,2.6290773426390706,4.088580480945365e-41,1.8807470212348677e-39,True,***,5.768632361806527e-28,2.6535708864310027e-26,True,***,1.8671111358981345e-46,8.775422338721233e-45,True,***
1a,right_stem,action_entropy_mean,cbf_aux,120,120,0.3326566676298868,0.27705858999145366,0.39033294157800247,-0.043737290749782776,-0.30266116485489997,0.20937999746553443,0.7350685831342677,1.0,False,ns,0.567455513146097,1.0,False,ns,0.6650059477936581,1.0,False,ns
1a,right_stem,hard_brakes_per_ep_mean,hjb_aux,84,120,0.9067857142857143,0.8951190476190478,0.9179761904761906,-0.41712014271051956,-0.7047696571751862,-0.14551740821148368,0.003983555358670547,0.09482379932424659,False,ns,0.0037918763483848344,0.09479690870962086,False,ns,0.0012118636152633853,0.03029659038158463,True,*
1a,right_stem,hard_brakes_per_ep_mean,soft_hjb_aux,108,120,0.8912962962962964,0.8813888888888889,0.900925925925926,-0.7252968092001739,-1.0031440665928413,-0.4623541684263969,1.147389226158833e-07,3.786384446324149e-06,True,***,2.0289919998731746e-07,6.2898751996068416e-06,True,***,5.0420401862237125e-08,1.7142936633160623e-06,True,***
1a,right_stem,hard_brakes_per_ep_mean,eikonal_aux,120,120,0.9813333333333335,0.9745,0.9874166666666667,1.145841482090231,0.8578930675640699,1.4779446169559953,3.027115909719804e-16,1.2411175229851198e-14,True,***,1.3918806916949583e-18,5.98508697428832e-17,True,***,3.08429015264577e-16,1.2954018641112234e-14,True,***
1a,right_stem,hard_brakes_per_ep_mean,cbf_aux,120,120,0.9265833333333334,0.9174166666666667,0.9357500000000001,-0.04916034448182878,-0.30847366874255805,0.20593263167157083,0.7036956157111596,1.0,False,ns,0.6181418872337683,1.0,False,ns,0.6835906620025591,1.0,False,ns
1a,right_stem,row_violations_per_ep_mean,hjb_aux,84,120,13.541785714285718,13.062020833333332,14.01264880952381,0.24200733609645395,-0.019385666028227725,0.507241037694778,0.0711613593857813,1.0,False,ns,0.11363539314004023,1.0,False,ns,0.0014159044588764199,0.04814075160179827,True,*
1a,right_stem,row_violations_per_ep_mean,soft_hjb_aux,108,120,14.16324074074074,13.704712962962963,14.642145833333332,0.4526051401402867,0.20597702031326998,0.7189232767072129,0.0006385453384353003,0.02107199616836491,True,*,0.001031924030822047,0.033021568986305504,True,*,0.0024694029484661423,0.0765514914024504,False,ns
1a,right_stem,row_violations_per_ep_mean,eikonal_aux,120,120,8.699916666666667,7.9427062500000005,9.490756249999999,-1.070686428054617,-1.3792204715399903,-0.7876735247728321,1.051329496807664e-14,4.730982735634488e-13,True,***,1.0430891733843034e-13,4.693901280229365e-12,True,***,7.298186645884765e-21,3.4301477235658397e-19,True,***
1a,right_stem,row_violations_per_ep_mean,cbf_aux,120,120,12.955000000000002,12.35898125,13.559977083333333,0.036287519813269505,-0.22048805390089232,0.28883454162834266,0.7788918775163569,1.0,False,ns,0.5942026096409181,1.0,False,ns,0.7465184378695904,1.0,False,ns
1a,right_stem,action_go_frac,hjb_aux,84,120,0.9517306486939551,0.9419884032487084,0.9612042399343742,0.7213901759978302,0.5298828286016418,0.9185846301781673,3.2905360033737254e-08,1.2504036812820156e-06,True,***,1.686152644837411e-05,0.0005564303727963457,True,***,2.9643494012722433e-09,1.1857397605088973e-07,True,***
1a,right_stem,action_go_frac,soft_hjb_aux,108,120,0.8645949757995119,0.8391679123486702,0.8896600092821799,-0.12396300229721784,-0.4017112285316978,0.1339637334419688,0.3530281757555571,1.0,False,ns,0.15425050655019618,1.0,False,ns,0.3762020762554592,1.0,False,ns
1a,right_stem,action_go_frac,eikonal_aux,120,120,0.6126423948173899,0.5903247052259745,0.6361423029138285,-2.1271215868605227,-2.633072254031422,-1.7302162002225012,3.4447623907604875e-41,1.584590699749824e-39,True,***,4.427986721492601e-27,2.0368738918865962e-25,True,***,1.8586097583031876e-42,8.735465864024982e-41,True,***
1a,right_stem,action_go_frac,cbf_aux,120,120,0.8885333036708593,0.8660184940968422,0.910005027079,0.0651844019594931,-0.1830930038192001,0.32694170819142737,0.6140849944724556,1.0,False,ns,0.3166564710551645,1.0,False,ns,0.5780052839047674,1.0,False,ns
1a,right_stem,action_yield_frac,hjb_aux,84,120,0.01324184335895202,0.009276289377950055,0.0173896581557236,-0.5396797882860209,-0.7819287569255526,-0.29514116593802914,5.55794007143586e-05,0.002112017227145627,True,**,0.00047216700557883444,0.01699801220083804,True,*,2.4056843744479227e-05,0.0009622737497791691,True,***
1a,right_stem,action_yield_frac,soft_hjb_aux,108,120,0.05409581108685195,0.04380314928555785,0.06456229760282312,0.5962745656623379,0.329984958701691,0.8768782475886258,2.0925568899975316e-05,0.0008160971870990373,True,***,0.04047716631742616,0.9309748253008016,False,ns,5.242456143373745e-05,0.0020445578959157606,True,**
1a,right_stem,action_yield_frac,eikonal_aux,120,120,0.12430183962970126,0.10980739480696207,0.13965531842557405,1.5458258639898803,1.314540710960453,1.8440467975024197,9.67283959466865e-24,4.546234609494265e-22,True,***,1.627090668409868e-24,7.64732614152638e-23,True,***,9.16873865829442e-24,4.309307169398378e-22,True,***
1a,right_stem,action_yield_frac,cbf_aux,120,120,0.03467682431952734,0.023869810171280016,0.0474978053665673,0.13133511908307893,-0.1336788430587072,0.33373944321439936,0.3104387612756462,1.0,False,ns,0.42928455499485796,1.0,False,ns,0.30566096833471773,1.0,False,ns
1a,right_stem,switching_rate_mean,hjb_aux,84,120,0.06333603842564076,0.04908234239301818,0.07784416005994128,-0.451631535345966,-0.6960038629998293,-0.20523767925457406,0.0006915992295137572,0.024897572262495258,True,*,0.0032687513900440746,0.1013312930913663,False,ns,0.0002563949081699651,0.008461031969608847,True,**
1a,right_stem,switching_rate_mean,soft_hjb_aux,108,120,0.2020198412492407,0.16456104922266257,0.24004637239275048,0.6001367702412702,0.3330490796739164,0.8850015068656963,1.9260922614546134e-05,0.0007704369045818454,True,***,0.13968662098141715,1.0,False,ns,6.122767244754799e-05,0.0021429685356641795,True,**
1a,right_stem,switching_rate_mean,eikonal_aux,120,120,0.35409713209654325,0.3158090892702006,0.3911083199847761,1.4730427103086399,1.1965080166961133,1.8030101109160523,4.469820587058678e-23,2.1008156759175787e-21,True,***,9.547615144953849e-20,4.487379118128309e-18,True,***,6.655136260262749e-35,3.127914042323492e-33,True,***
1a,right_stem,switching_rate_mean,cbf_aux,120,120,0.0993608516611548,0.08069093168843293,0.11933986152235312,-0.06589572928366923,-0.3230830956337665,0.1851654149180337,0.6102261103896518,1.0,False,ns,0.3959527318669904,1.0,False,ns,0.4557697603495927,1.0,False,ns
1a,right_stem,decision_latency_mean,hjb_aux,84,120,0.6206446817543756,0.2651101494169097,1.0690564039017483,0.1711185142985042,-0.18284560388038912,0.39584435822319497,0.2890903811420163,1.0,False,ns,0.6189091578006694,1.0,False,ns,0.5911175139992593,1.0,False,ns
1a,right_stem,decision_latency_mean,soft_hjb_aux,108,120,0.10845637020240195,0.08669839838292219,0.13089529507089032,-0.4638640882396369,-0.5907819146423767,-0.3332249790334202,0.0003467035220307771,0.01629506553544652,True,*,0.01086045996647964,0.3475347189273485,False,ns,0.004366225814476133,0.17901525839352145,False,ns
1a,right_stem,decision_latency_mean,eikonal_aux,120,120,0.9877654031726197,0.3695771245530912,1.7837220592957062,0.20950909064864792,-0.03572561343715822,0.3407455426350135,0.10705906282074591,1.0,False,ns,0.10038451597751477,1.0,False,ns,0.11209634233569055,1.0,False,ns
1a,right_stem,decision_latency_mean,cbf_aux,120,120,0.5686745215320327,0.33970250974752086,0.8444542151961794,0.15492200208902374,-0.09952907637135398,0.3577164839076793,0.2316290861915402,1.0,False,ns,0.7543538264031743,1.0,False,ns,0.18846634141801802,1.0,False,ns
1a,stem_left,mean_return,hjb_aux,114,120,373.6092028070175,370.6323001206139,376.4907854188595,-0.7123136705102993,-0.8830641915408166,-0.5432849548271862,1.2684239865188996e-07,3.678429560904809e-06,True,***,3.133697517174595e-05,0.0007834243792936488,True,***,2.120150706397416e-07,6.148437048552506e-06,True,***
1a,stem_left,mean_return,soft_hjb_aux,96,120,379.3573946874999,370.6828368984375,388.497821296875,-0.44774456817083563,-0.692361164688392,-0.19499017661160672,0.0010484590302099865,0.023066098664619703,True,*,6.584128112633558e-05,0.0015143494659057184,True,**,0.006159985945095239,0.11703973295680954,False,ns
1a,stem_left,mean_return,eikonal_aux,120,120,517.3116004166666,503.5905886374999,529.8797020375,1.8294290806067535,1.36262116439299,2.4752253164357088,1.3044608062661027e-32,5.348289305691021e-31,True,***,3.350216945741886e-26,1.5075976255838489e-24,True,***,6.857209404432481e-25,2.880027949861642e-23,True,***
1a,stem_left,mean_return,cbf_aux,120,120,391.2826869999999,385.3935292916666,398.10799926458327,-0.22308613265476374,-0.46608550259570664,0.030996701300281215,0.08543922215253684,0.9398314436779053,False,ns,0.7924564851191825,1.0,False,ns,0.041109443513707294,0.5755322091919022,False,ns
1a,stem_left,collision_rate,hjb_aux,114,120,0.10789473684210527,0.09842105263157895,0.11754605263157894,0.38340883127032255,0.12717014374222962,0.642066537930251,0.0036845774877522714,0.11790647960807268,False,ns,0.010362583951132879,0.3005149345828535,False,ns,0.001221501748927743,0.04153105946354326,True,*
1a,stem_left,collision_rate,soft_hjb_aux,96,120,0.11114583333333335,0.09833072916666669,0.12323177083333331,0.4050485226109469,0.13364053871077838,0.6984405450243436,0.004117061996374549,0.12762892188761102,False,ns,0.0018324043270508362,0.05863693846562676,False,ns,0.0042445103725659294,0.12582068878757474,False,ns
1a,stem_left,collision_rate,eikonal_aux,120,120,0.008583333333333333,0.004416666666666667,0.013583333333333334,-1.8750965257726318,-2.2657083067395325,-1.5595875634320144,1.1926312933679177e-31,5.605367078829213e-30,True,***,1.2215004249925827e-30,5.863202039964397e-29,True,***,2.465457032152961e-28,1.1834193754334213e-26,True,***
1a,stem_left,collision_rate,cbf_aux,120,120,0.08316666666666667,0.07491458333333335,0.09141666666666669,-0.08834849246345006,-0.3553927146765282,0.15893388940953954,0.49443955268806594,1.0,False,ns,0.41973681496780646,1.0,False,ns,0.35727676506136097,1.0,False,ns
1a,stem_left,success_rate,hjb_aux,114,120,0.891578947368421,0.8820175438596491,0.9008771929824562,-0.3826958198748657,-0.6384417725686906,-0.1263726406726115,0.0037489813370465905,0.10122249610025794,False,ns,0.011833839835703477,0.25908770934958314,False,ns,0.000999603390047472,0.026989291531281743,True,*
1a,stem_left,success_rate,soft_hjb_aux,96,120,0.8888541666666668,0.8767682291666665,0.9016692708333334,-0.39333904651028384,-0.6842837441664433,-0.12213126436184495,0.005379947077877481,0.12911872986905953,False,ns,0.002165431369376076,0.05846664697315405,False,ns,0.005617972564063669,0.12359539640940072,False,ns
1a,stem_left,success_rate,eikonal_aux,120,120,0.972,0.94858125,0.9899166666666666,0.6785292768008987,0.2910918375480293,1.8463089587876231,4.426280533465553e-07,1.416409770708977e-05,True,***,4.206789883354191e-26,1.9771912451764696e-24,True,***,9.3475799340688e-07,2.897749779561328e-05,True,***
1a,stem_left,success_rate,cbf_aux,120,120,0.9153333333333332,0.9074166666666666,0.92325,0.0767223203377828,-0.17216015682100513,0.3429921623148953,0.5529008733562613,1.0,False,ns,0.44317120903256746,1.0,False,ns,0.4311342780271148,1.0,False,ns
1a,stem_left,mean_ttc,hjb_aux,114,120,6.109075131749515,5.968447793685732,6.257605951410596,-0.22920024073883724,-0.43760993444676294,0.020573459379744058,0.07767528949593527,1.0,False,ns,0.12126428170235498,1.0,False,ns,0.04070389792150244,0.8954857542730537,False,ns
1a,stem_left,mean_ttc,soft_hjb_aux,96,120,6.343223641646394,6.195051650368489,6.4958849262280705,-0.013521552348199774,-0.2341614429230002,0.28154197754246424,0.9168931529088127,1.0,False,ns,0.14847520434827804,1.0,False,ns,0.6434784876154913,1.0,False,ns
1a,stem_left,mean_ttc,eikonal_aux,120,120,8.92994099077885,8.599470133495661,9.255528800649142,1.6033159698953092,1.2640977377057645,2.021397668861069,5.082895876466472e-27,2.388961061939242e-25,True,***,1.5992941860020866e-24,7.196823837009389e-23,True,***,5.657910628321843e-26,2.6592179953112663e-24,True,***
1a,stem_left,mean_ttc,cbf_aux,120,120,6.159374704596032,6.016029517519824,6.314696922744006,-0.18096129690011462,-0.3982920378541917,0.07015302057288271,0.1625280068114692,1.0,False,ns,0.3248128039164996,1.0,False,ns,0.12922465013463716,1.0,False,ns
1a,stem_left,min_ttc,hjb_aux,114,120,0.010430277660431359,0.006113807582588803,0.0157849608304512,-0.5394453532819363,-0.6595634563849697,-0.4180705687459337,4.513681741431061e-05,0.0016700622443294926,True,**,2.907690603061286e-08,1.1049224291632886e-06,True,***,0.00013226041898089873,0.004761375083312354,True,**
1a,stem_left,min_ttc,soft_hjb_aux,96,120,0.05441858329611566,0.034730084635196834,0.07666075490331603,-0.10338510498068891,-0.3250096043808426,0.1659646295238142,0.4350688416426778,1.0,False,ns,0.009155877027430391,0.23805280271319018,False,ns,0.3110915954914672,1.0,False,ns
1a,stem_left,min_ttc,eikonal_aux,120,120,0.4544106992728667,0.413668292453318,0.4946211824267349,2.0328658789224923,1.6576908923154787,2.5205484661745796,4.356709968875268e-37,2.047653685371376e-35,True,***,1.908071399313753e-31,9.158742716706015e-30,True,***,1.0761102749597635e-30,5.057718292310889e-29,True,***
1a,stem_left,min_ttc,cbf_aux,120,120,0.029078783237407632,0.018736327863678043,0.04086761256238884,-0.34463157527576704,-0.5189680362726251,-0.13564552123206727,0.008374815012184353,0.22612000532897752,False,ns,0.0002715984016026454,0.009234345654489945,True,**,0.008781707603079928,0.24588781288623798,False,ns
1a,stem_left,ttc_p10_mean,hjb_aux,114,120,0.1375867701831468,0.11983279755395262,0.15942389529910433,-0.7576376979804085,-0.9267742985370052,-0.6066378067946022,2.4606716340225013e-08,9.104485045883255e-07,True,***,3.8441252141642675e-09,1.4992088335240643e-07,True,***,4.971528510696548e-07,1.740034978743792e-05,True,***
1a,stem_left,ttc_p10_mean,soft_hjb_aux,96,120,0.314246743620994,0.24388523379970342,0.38923207497802265,-0.1648507426067745,-0.41145581019013605,0.10457604214216118,0.22104376031015058,1.0,False,ns,0.0071344499710369776,0.17122679930488746,False,ns,0.32874137433483785,1.0,False,ns
1a,stem_left,ttc_p10_mean,eikonal_aux,120,120,1.473273030775925,1.3811572601719244,1.5660246091385965,2.284124781815609,1.8823633439282252,2.8305507313934433,6.893592567372553e-45,3.3089244323388256e-43,True,***,5.112211946544988e-32,2.4538617343415943e-30,True,***,6.966247699458508e-34,3.343798895740084e-32,True,***
1a,stem_left,ttc_p10_mean,cbf_aux,120,120,0.239146688110511,0.1986135855751623,0.2832098648981047,-0.40343925614350823,-0.6121167193431648,-0.18770034992269655,0.002064078779178865,0.055730127037829355,False,ns,0.004237163105870034,0.11016624075262088,False,ns,0.0024813022484539956,0.06451385845980388,False,ns
1a,stem_left,action_entropy_mean,hjb_aux,114,120,0.24113687193437547,0.20141952811681396,0.2833565597005666,-0.6689766655585884,-0.9295960202039085,-0.4185838453625234,5.583066474768371e-07,2.2332265899073483e-05,True,***,3.055421018733658e-06,0.0001222168407493463,True,***,1.058157153346417e-07,3.809365752047101e-06,True,***
1a,stem_left,action_entropy_mean,soft_hjb_aux,96,120,0.5341678298158167,0.4472886477505479,0.6212678009521568,0.26336212187278607,-0.004736347079315311,0.5540705842987708,0.06268414219502544,1.0,False,ns,0.25139438997159047,1.0,False,ns,0.00875130431761352,0.218782607940338,False,ns
1a,stem_left,action_entropy_mean,eikonal_aux,120,120,1.0936194400238086,1.0488455065898379,1.1361753057068902,2.2389855085207944,1.8937669459467814,2.6562700943341624,7.276550794104574e-43,3.4199788732291496e-41,True,***,2.8516808619757542e-30,1.3402900051286045e-28,True,***,3.5895961601131445e-43,1.6512142336520466e-41,True,***
1a,stem_left,action_entropy_mean,cbf_aux,120,120,0.3250815863243682,0.27582983426202345,0.37553963096156545,-0.3497873043576182,-0.6049815252704103,-0.09083538946112829,0.0072450713314402195,0.17388171195456525,False,ns,0.010254291043685778,0.23584869400477287,False,ns,0.001175224115368943,0.034081499345699345,True,*
1a,stem_left,hard_brakes_per_ep_mean,hjb_aux,114,120,0.891578947368421,0.8820175438596491,0.9008771929824562,-0.3826958198748657,-0.6384417725686906,-0.1263726406726115,0.0037489813370465905,0.09372453342616477,False,ns,0.011833839835703477,0.248510636549773,False,ns,0.000999603390047472,0.02598968814123427,True,*
1a,stem_left,hard_brakes_per_ep_mean,soft_hjb_aux,96,120,0.8880208333333334,0.8761458333333333,0.9007291666666667,-0.4111839285006971,-0.7031056477156541,-0.13978296356510247,0.003590204049616726,0.09334530529003487,False,ns,0.001638592574925281,0.0426034069480573,True,*,0.0038985723711017256,0.08576859216423796,False,ns
1a,stem_left,hard_brakes_per_ep_mean,eikonal_aux,120,120,0.9705,0.9470000000000002,0.9884166666666666,0.6620954533908388,0.28035048037564414,1.8059751566734898,7.974804485067632e-07,2.472189390370966e-05,True,***,6.902422479401837e-25,3.2441385653188635e-23,True,***,1.6312867846617998e-06,5.0569890324515796e-05,True,***
1a,stem_left,hard_brakes_per_ep_mean,cbf_aux,120,120,0.9153333333333332,0.9074166666666666,0.92325,0.0767223203377828,-0.17216015682100513,0.3429921623148953,0.5529008733562613,1.0,False,ns,0.44317120903256746,1.0,False,ns,0.4311342780271148,1.0,False,ns
1a,stem_left,row_violations_per_ep_mean,hjb_aux,114,120,10.196929824561403,9.926138157894735,10.471844298245616,0.4725700245094679,0.23019767596510102,0.7371242164921358,0.00033581590102800904,0.011417740634952307,True,*,0.0033585470201829637,0.08732222252475706,False,ns,0.0015844225588911463,0.052285944443407825,False,ns
1a,stem_left,row_violations_per_ep_mean,soft_hjb_aux,96,120,8.850520833333333,8.408510416666667,9.2975,-0.22447804246300548,-0.5024934959588739,0.03994769563015443,0.10511722248167611,1.0,False,ns,0.11954304236134922,1.0,False,ns,0.007200359636854479,0.20195892510960634,False,ns
1a,stem_left,row_violations_per_ep_mean,eikonal_aux,120,120,5.745666666666666,5.3314125,6.14791875,-1.6464411429581878,-1.9425458743487154,-1.3906288671715945,1.0528200027140295e-28,5.0535360130273414e-27,True,***,3.956423786278045e-24,1.8990834174134616e-22,True,***,4.428951126394603e-25,2.1258965406694093e-23,True,***
1a,stem_left,row_violations_per_ep_mean,cbf_aux,120,120,9.674166666666668,9.287914583333334,10.038010416666667,0.1617038179307106,-0.08713793051589135,0.4332766800575983,0.21159803185267045,1.0,False,ns,0.10671130163209526,1.0,False,ns,0.1372788074572157,1.0,False,ns
1a,stem_left,action_go_frac,hjb_aux,114,120,0.9257695399261414,0.9125563299437323,0.9382171247118601,0.8637523619334024,0.6365338760565061,1.1061514079767232,2.5735082880098616e-10,1.0551383980840432e-08,True,***,2.9123316297079085e-09,1.1358093355860843e-07,True,***,4.189264079834261e-09,1.5919203503370191e-07,True,***
1a,stem_left,action_go_frac,soft_hjb_aux,96,120,0.8079966667882036,0.778383334988911,0.8377489247957112,-0.14583971812739563,-0.42945578511057286,0.11436059240670075,0.2902785023417631,1.0,False,ns,0.1980278162512723,1.0,False,ns,0.13194867426573942,1.0,False,ns
1a,stem_left,action_go_frac,eikonal_aux,120,120,0.559269869480957,0.5426536423048012,0.576259232167675,-2.2449252755875073,-2.7533845672090793,-1.849746128867138,1.773890786401145e-42,8.337286696085382e-41,True,***,8.646390968685488e-30,4.0638037552821795e-28,True,***,8.450820064869553e-32,3.802869029191299e-30,True,***
1a,stem_left,action_go_frac,cbf_aux,120,120,0.8754073616019741,0.8544882616219038,0.8956535246703179,0.3613138219941576,0.10986773274607134,0.6181445326231795,0.005567244758586028,0.14474836372323674,False,ns,0.0048859739977855894,0.1319212979402109,False,ns,0.0034965153565372025,0.09090939926996726,False,ns
1a,stem_left,action_yield_frac,hjb_aux,114,120,0.02892541252453408,0.023179956152604805,0.035134884611513505,-0.24354363354497313,-0.47551039392707745,0.003839356492538829,0.06147743830633714,1.0,False,ns,0.15742477009211675,1.0,False,ns,0.058933862698059974,1.0,False,ns
1a,stem_left,action_yield_frac,soft_hjb_aux,96,120,0.06458269269805073,0.05256087081406358,0.07647527744495075,0.4804310373811564,0.20655858547697167,0.8030539308301311,0.0007627503177481684,0.02745901143893406,True,*,0.00312125619082195,0.10300145429712435,False,ns,0.00017068311585041493,0.006315275286465353,True,**
1a,stem_left,action_yield_frac,eikonal_aux,120,120,0.13822431004045527,0.12582220154891022,0.1511916765042315,1.6326504252711223,1.3409665630395842,1.9962355261950222,1.4608365378408013e-27,7.012015381635846e-26,True,***,1.3169273375398331e-24,6.321251220191199e-23,True,***,5.6590400751806754e-27,2.716339236086724e-25,True,***
1a,stem_left,action_yield_frac,cbf_aux,120,120,0.04168369500894354,0.03278029885843889,0.050727116270323114,0.0564085294776239,-0.20035261971157617,0.3192391287351751,0.6625529273103605,1.0,False,ns,0.8571229208506206,1.0,False,ns,0.6517567468020178,1.0,False,ns
1a,stem_left,switching_rate_mean,hjb_aux,114,120,0.09174167248690694,0.07411140502594141,0.1105170477982464,-0.33165789879167706,-0.579443202172472,-0.07363796715768826,0.011416556002782664,0.37674634809182794,False,ns,0.0051004282636446805,0.14791241964569574,False,ns,0.0014800479321306936,0.0458814858960515,True,*
1a,stem_left,switching_rate_mean,soft_hjb_aux,96,120,0.21342028609368413,0.17197130941442704,0.2558679165125831,0.5031800422896506,0.22703836078974948,0.8063206764503762,0.0006475830487411145,0.02460815585216235,True,*,0.04247531301314131,0.9344568862891087,False,ns,0.00011719622593661003,0.003984671681844741,True,**
1a,stem_left,switching_rate_mean,eikonal_aux,120,120,0.37031598974038193,0.3307745534259392,0.40904506944828006,1.3578140554751823,1.0769449623168306,1.683712797938379,1.1378598821950398e-20,5.234155458097183e-19,True,***,6.008535201233148e-17,2.7639261925672482e-15,True,***,3.83878237949225e-33,1.7658398945664351e-31,True,***
1a,stem_left,switching_rate_mean,cbf_aux,120,120,0.10423102544313488,0.08540383178886804,0.12391932561441585,-0.21392002012373526,-0.46199992498401504,0.04263252052657179,0.09885936807163603,1.0,False,ns,0.0558036183284176,1.0,False,ns,0.008355652360470237,0.24231391845363687,False,ns
1a,stem_left,decision_latency_mean,hjb_aux,114,120,0.09820720815253751,0.07752590746735934,0.12105042541064631,0.11803917616100745,-0.12900480533953226,0.39886410449387205,0.3673051728330101,1.0,False,ns,0.3819042738747266,1.0,False,ns,0.23465223351883108,1.0,False,ns
1a,stem_left,decision_latency_mean,soft_hjb_aux,96,120,0.1906891835016835,0.14145733375420874,0.24936061132154883,0.5195153488211643,0.30231240760003364,0.8010986372008608,0.0005925469452790214,0.027257159482834983,True,*,0.01382736896462536,0.4148210689387608,False,ns,0.0008062329817547503,0.03628048417896376,True,*
1a,stem_left,decision_latency_mean,eikonal_aux,120,120,0.2991348226549809,0.16803635050669755,0.4715790440179637,0.3476188174142422,0.2518733358133297,0.5101289041349695,0.008069703848699795,0.2985790424018924,False,ns,0.000998818897589787,0.03895393700600169,True,*,0.00855681999349239,0.3337159797462032,False,ns
1a,stem_left,decision_latency_mean,cbf_aux,120,120,0.06391278056514232,0.05021581632653062,0.07837461373112296,-0.18964012346397752,-0.40768111883052516,0.0632558131657976,0.14341657865674362,1.0,False,ns,0.3838269890605577,1.0,False,ns,0.12729893068600615,1.0,False,ns
1a,stem_right,mean_return,hjb_aux,120,120,401.01450399999993,398.6562994708333,403.23692516874996,-0.24804604752831658,-0.43505864263885047,-0.010030006678010855,0.05642283570917074,0.7899196999283904,False,ns,0.7224633798720344,1.0,False,ns,0.03254732332016521,0.5207571731226434,False,ns
1a,stem_right,mean_return,soft_hjb_aux,120,120,385.1075609166666,381.57235516249995,388.6368855458333,-0.8642682332418897,-1.0858895178593253,-0.6936409156045443,1.9246801543625336e-10,6.158976493960107e-09,True,***,8.489838880241418e-10,2.6318500528748394e-08,True,***,5.164985003193506e-12,1.704445051053857e-10,True,***
1a,stem_right,mean_return,eikonal_aux,120,120,495.00050683333325,485.30462216875003,504.26220928124997,2.048260699580647,1.6310679353715165,2.581883009559725,3.3662877067515317e-36,1.4475037139031585e-34,True,***,2.668547180542935e-27,1.22753170304975e-25,True,***,5.850909328757853e-29,2.5744001046534554e-27,True,***
1a,stem_right,mean_return,cbf_aux,120,120,422.2637571666666,414.15318201458325,431.1205712041666,0.4010809398997,0.15509468425901315,0.6255780249469743,0.002170142313113175,0.0434028462622635,True,*,0.00848461082253037,0.1442383839830163,False,ns,0.0003158239166775798,0.007263950083584335,True,**
1a,stem_right,collision_rate,hjb_aux,120,120,0.03941666666666667,0.03516666666666667,0.04383333333333334,0.06147173890850189,-0.19614056727134957,0.31971210928059596,0.6344019214098113,1.0,False,ns,0.4838255261359451,1.0,False,ns,0.5317186588691475,1.0,False,ns
1a,stem_right,collision_rate,soft_hjb_aux,120,120,0.04883333333333333,0.044666666666666674,0.053250000000000006,0.43430974070990763,0.184188482142586,0.7016538613301695,0.0008968445066286196,0.03138955773200169,True,*,0.00035871332619401237,0.013272393069178458,True,*,3.340759162476345e-05,0.0013028960733657744,True,**
1a,stem_right,collision_rate,eikonal_aux,120,120,0.00975,0.006083333333333333,0.013999999999999997,-1.1295039285195,-1.4856035635204337,-0.8173147517366514,4.518803254482531e-16,1.9882734319723135e-14,True,***,9.886428515546908e-21,4.35002854684064e-19,True,***,1.1671925593107198e-14,5.018928005036095e-13,True,***
1a,stem_right,collision_rate,cbf_aux,120,120,0.026500000000000003,0.022500000000000003,0.030500000000000003,-0.4563861175455368,-0.7106282192928687,-0.21029048330310635,0.0004921289064174947,0.017716640631029807,True,*,0.001617775980292671,0.05338660734965814,False,ns,7.626300235512214e-05,0.0028979940894946414,True,**
1a,stem_right,success_rate,hjb_aux,120,120,0.9569166666666665,0.9513333333333333,0.9620833333333335,-0.12926261804038694,-0.37330313144904786,0.12226437676994512,0.31772929703193903,1.0,False,ns,0.41494626855048455,1.0,False,ns,0.22640015561945503,1.0,False,ns
1a,stem_right,success_rate,soft_hjb_aux,120,120,0.9511666666666667,0.9467500000000001,0.9553333333333334,-0.37156136345571217,-0.6398819231174768,-0.11424091867403213,0.004371972470810338,0.10929931177025845,False,ns,0.0017509581948400687,0.04902682945552193,True,*,0.0002498542352615485,0.007245772822584907,True,**
1a,stem_right,success_rate,eikonal_aux,120,120,0.98575,0.9800833333333333,0.9906666666666666,0.8811119017333604,0.564374949246015,1.2752509346772662,7.32200999714961e-11,2.6359235989738597e-09,True,***,4.278290024391419e-17,1.7540989100004816e-15,True,***,4.497830351167218e-11,1.761312200730038e-09,True,***
1a,stem_right,success_rate,cbf_aux,120,120,0.9712500000000001,0.9669166666666666,0.9754166666666667,0.410937761162218,0.16237379864542498,0.6673348300765675,0.0016543786908622253,0.04632260334414231,True,*,0.003847973243515329,0.09479690870962086,False,ns,0.0004077332593790873,0.011416531262614445,True,*
1a,stem_right,mean_ttc,hjb_aux,120,120,6.150436261670438,6.117007493062957,6.18663085098866,-0.35813159696127583,-0.5199517431416621,-0.16252087676215693,0.00627494236622757,0.17569838625437198,False,ns,0.0702579715075513,1.0,False,ns,0.004888784961232498,0.15155233379820746,False,ns
1a,stem_right,mean_ttc,soft_hjb_aux,120,120,6.773298074587351,6.575685202105507,7.008939810090095,0.4772149146223877,0.27511448612438427,0.689971716856226,0.00029253551778554135,0.010238743122493947,True,*,1.01677672703044e-05,0.0003863751562715672,True,***,0.0002750868033681595,0.009352951314517422,True,**
1a,stem_right,mean_ttc,eikonal_aux,120,120,9.53551708616765,9.17562085920241,9.887537090077481,2.175624490736108,1.8673590635941129,2.546665253455521,1.4448294870351165e-35,6.9351815377685594e-34,True,***,4.474373591438263e-33,2.147699323890366e-31,True,***,2.5808689728004825e-31,1.2388171069442315e-29,True,***
1a,stem_right,mean_ttc,cbf_aux,120,120,6.570825314902293,6.407821260716952,6.750785880857916,0.319596228929399,0.08018116723208706,0.5490789621314633,0.01413309983259574,0.37991053098363103,False,ns,0.2440232277048514,1.0,False,ns,0.005563337253128427,0.16690011759385281,False,ns
1a,stem_right,min_ttc,hjb_aux,120,120,0.3809622062810282,0.3705228504497927,0.39144743239617413,-0.17405093574393682,-0.3941773046881807,0.0752802567495283,0.1791677895194755,1.0,False,ns,0.9562531140811487,1.0,False,ns,0.04316087986336629,0.9063784771306921,False,ns
1a,stem_right,min_ttc,soft_hjb_aux,120,120,0.3472774712154,0.33541942167482236,0.3591692150583291,-0.5674239073745461,-0.7765231300361697,-0.3569001420544004,1.7677078156389554e-05,0.0006717289699428031,True,***,6.694612335472999e-05,0.0024100604407702795,True,**,1.3139076438845211e-08,5.255630575538085e-07,True,***
1a,stem_right,min_ttc,eikonal_aux,120,120,0.7044209325408363,0.6651634319314286,0.741720378673763,1.82812727442991,1.4774518422769711,2.253213846958253,2.1267423182725327e-30,9.783014664053651e-29,True,***,2.7100612048151393e-21,1.2195275421668127e-19,True,***,7.7441119753689895e-25,3.562291508669735e-23,True,***
1a,stem_right,min_ttc,cbf_aux,120,120,0.42040230216811003,0.399515871054517,0.4430885422313228,0.22526276524999544,-0.02735556956645985,0.47078832945113946,0.08235207900244094,1.0,False,ns,0.1296420204905547,1.0,False,ns,0.018096519248320612,0.4343164619596947,False,ns
1a,stem_right,ttc_p10_mean,hjb_aux,120,120,0.6613465398118461,0.6446520988377843,0.6786160387965514,-0.24999889493221492,-0.4421828791889248,-0.008224897694065742,0.05441505890485221,0.9794710602873398,False,ns,0.5712412898579735,1.0,False,ns,0.021162601796213813,0.4867398413129177,False,ns
1a,stem_right,ttc_p10_mean,soft_hjb_aux,120,120,0.6234085564267832,0.6083709204336294,0.6385620099535116,-0.5146115686310575,-0.683794321703932,-0.3416101182684881,0.00010075767940689791,0.0031234880616138353,True,**,0.0003297372967326611,0.010881330792177816,True,*,5.746807986032631e-06,0.0001896446635390768,True,***
1a,stem_right,ttc_p10_mean,eikonal_aux,120,120,1.5801723218676405,1.4884627576026668,1.6689472402355354,2.267977192400245,1.9197382789935313,2.6897956282919564,2.8527592689226815e-38,1.3407968563936602e-36,True,***,5.643903184322616e-32,2.6526344966316295e-30,True,***,3.532076392356723e-33,1.6600759044076597e-31,True,***
1a,stem_right,ttc_p10_mean,cbf_aux,120,120,0.7961812978736016,0.7422202718095048,0.8564797919592317,0.37073859742436505,0.13361208835993227,0.5878747644296147,0.004538221822747542,0.1179937673914361,False,ns,0.028151812512380376,0.5348844377352271,False,ns,0.0007554567414636959,0.021152788760983487,True,*
1a,stem_right,action_entropy_mean,hjb_aux,120,120,0.20699659581357657,0.17260937609374205,0.24231929582191766,-0.22576625174896528,-0.4696134317485628,0.030575567239403387,0.08171625298171331,1.0,False,ns,0.20041128791931073,1.0,False,ns,0.01636687962721562,0.36007135179874367,False,ns
1a,stem_right,action_entropy_mean,soft_hjb_aux,120,120,0.45856167080979593,0.38208688724107653,0.5339193201318263,0.5664773820593432,0.3077417742243312,0.8392911770949126,1.87691624954229e-05,0.0006944590123306473,True,***,0.02478969442749157,0.520583582977323,False,ns,2.4072500817039183e-09,9.388275318645281e-08,True,***
1a,stem_right,action_entropy_mean,eikonal_aux,120,120,1.06177290163128,1.0027101081244758,1.1172996809750835,2.7643255050902753,2.292168361110351,3.3890560355734296,2.363559635430761e-56,1.1345086250067653e-54,True,***,2.48799979359024e-33,1.1942399009233153e-31,True,***,1.936443540914827e-56,9.29492899639117e-55,True,***
1a,stem_right,action_entropy_mean,cbf_aux,120,120,0.3772501262639947,0.32018984629904135,0.4373968295991199,0.4015546525314025,0.14589218370476917,0.6609331551887915,0.002111346703584196,0.06545174781111009,False,ns,0.0033421899534368422,0.08021255888248421,False,ns,2.8493402962475812e-05,0.0008832954918367502,True,***
1a,stem_right,hard_brakes_per_ep_mean,hjb_aux,120,120,0.9569166666666665,0.9513333333333333,0.9620833333333335,-0.12926261804038694,-0.37330313144904786,0.12226437676994512,0.31772929703193903,1.0,False,ns,0.41494626855048455,1.0,False,ns,0.22640015561945503,1.0,False,ns
1a,stem_right,hard_brakes_per_ep_mean,soft_hjb_aux,120,120,0.9503333333333334,0.946,0.9544166666666667,-0.40790779306296043,-0.6747961240026706,-0.15118634720156715,0.0017898779782042952,0.04832670541151597,True,*,0.0007128618257230596,0.019996853633661608,True,*,7.254475299337356e-05,0.002176342589801207,True,**
1a,stem_right,hard_brakes_per_ep_mean,eikonal_aux,120,120,0.98275,0.9769166666666667,0.9879166666666668,0.7607702190469247,0.4592777820082128,1.128090919203403,1.3081405254596782e-08,4.5784918391088736e-07,True,***,9.751856668816965e-14,3.8032241008386165e-12,True,***,9.006726419175148e-09,3.422556039286556e-07,True,***
1a,stem_right,hard_brakes_per_ep_mean,cbf_aux,120,120,0.9712500000000001,0.9669166666666666,0.9754166666666667,0.410937761162218,0.16237379864542498,0.6673348300765675,0.0016543786908622253,0.04632260334414231,True,*,0.003847973243515329,0.09479690870962086,False,ns,0.0004077332593790873,0.011416531262614445,True,*
1a,stem_right,row_violations_per_ep_mean,hjb_aux,120,120,2.661666666666667,2.5473270833333337,2.7781708333333333,0.17262800654999189,-0.08476406742525083,0.42419836768929503,0.182515291566438,1.0,False,ns,0.2832758790974904,1.0,False,ns,0.07014917912251806,1.0,False,ns
1a,stem_right,row_violations_per_ep_mean,soft_hjb_aux,120,120,2.9715,2.85975,3.087589583333333,0.5962066689431919,0.34274107796102216,0.8597274260501983,6.5200323857987185e-06,0.00025428126304615005,True,***,3.668494300783021e-05,0.001394027834297548,True,**,5.455472253512306e-08,2.2912983464751687e-06,True,***
1a,stem_right,row_violations_per_ep_mean,eikonal_aux,120,120,2.3568333333333333,2.1571645833333335,2.5787520833333333,-0.17395692782764266,-0.4643570012254004,0.07622909732742816,0.17927847545114767,1.0,False,ns,0.0012295025617618423,0.038114579414617114,True,*,0.17317725578758852,1.0,False,ns
1a,stem_right,row_violations_per_ep_mean,cbf_aux,120,120,2.3314166666666667,2.1617499999999996,2.4947500000000002,-0.23187662827230776,-0.49149190023486045,0.02361457726343003,0.07376700087563708,1.0,False,ns,0.10935471953866362,1.0,False,ns,0.0458999052752383,0.917998105504766,False,ns
1a,stem_right,action_go_frac,hjb_aux,120,120,0.9294740359309539,0.9154767831503864,0.9425666194243634,0.24004012855054307,-0.011014037877154222,0.47748560327310935,0.06436211466318954,1.0,False,ns,0.17937558200635084,1.0,False,ns,0.036061868792581574,0.757299244644213,False,ns
1a,stem_right,action_go_frac,soft_hjb_aux,120,120,0.8568877361990436,0.8327708908584212,0.8811093398174036,-0.40418428500916626,-0.6876653981533805,-0.13667181782858998,0.0019721252142197707,0.05521950599815358,False,ns,0.15109004787629174,1.0,False,ns,0.00015819247674559692,0.004903966779113505,True,**
1a,stem_right,action_go_frac,eikonal_aux,120,120,0.5741803406662278,0.5528143799564582,0.5972896810462082,-2.833302292642726,-3.521101113282614,-2.3215452864929382,1.031336473248737e-58,4.9504150715939376e-57,True,***,8.168508383540377e-33,3.920884024099381e-31,True,***,4.075711195869184e-46,1.9563413740172085e-44,True,***
1a,stem_right,action_go_frac,cbf_aux,120,120,0.8438569329626198,0.8151459121251436,0.8705890011456423,-0.4696308344609707,-0.717573205610885,-0.21067044985193753,0.00034476037398401113,0.010687571593504345,True,*,0.0005352015502870748,0.01552084495832517,True,*,4.0621964126336204e-05,0.0013405248161690948,True,**
1a,stem_right,action_yield_frac,hjb_aux,120,120,0.024715993118021796,0.01939222948517626,0.0303107205133893,-0.15030831068382008,-0.3919026959534238,0.10621684537646231,0.24551709524713233,1.0,False,ns,0.2509628640268081,1.0,False,ns,0.19489027649198987,1.0,False,ns
1a,stem_right,action_yield_frac,soft_hjb_aux,120,120,0.06027662793024886,0.05025497265454123,0.07009888153594547,0.642176489123804,0.37705350928698284,0.9291074715490496,1.374240989022019e-06,5.909236252794682e-05,True,***,0.0002217110889337787,0.008203310290549812,True,**,7.466107211617556e-10,3.210426100995549e-08,True,***
1a,stem_right,action_yield_frac,eikonal_aux,120,120,0.1419901757173306,0.12399221599339882,0.16173334268631664,1.4190725216598798,1.2101739357719556,1.6742515460670777,6.3660175667188425e-21,2.9283680806906674e-19,True,***,7.94762083445149e-24,3.655905583847685e-22,True,***,6.885264185088061e-21,3.1672215251405084e-19,True,***
1a,stem_right,action_yield_frac,cbf_aux,120,120,0.038005570700616345,0.0318642361901912,0.04481993233675644,0.2224892437148222,-0.03343577730683297,0.49362947412843144,0.08611645435147043,1.0,False,ns,0.0279331006426706,0.698327516066765,False,ns,0.033027942693985415,0.9676001342721386,False,ns
1a,stem_right,switching_rate_mean,hjb_aux,120,120,0.07594395533799658,0.061389797721087845,0.09109680624918645,-0.12057204541744251,-0.3684247944313928,0.13556655286940306,0.35131775776320073,1.0,False,ns,0.37554637122944934,1.0,False,ns,0.1338710700024095,1.0,False,ns
1a,stem_right,switching_rate_mean,soft_hjb_aux,120,120,0.20536677947929974,0.16895701967891125,0.24133581559127082,0.7347255525652927,0.47918714534243617,1.0014191942668134,5.232592664735431e-08,2.2500148458362354e-06,True,***,0.007699828486566324,0.20019554065072442,False,ns,6.862580461664913e-15,3.0195354031325617e-13,True,***
1a,stem_right,switching_rate_mean,eikonal_aux,120,120,0.3733631128573695,0.33261159268121704,0.4126162483392974,1.624502452379828,1.329977180300269,1.9751809334885593,7.215458643757675e-26,3.463420149003684e-24,True,***,3.14430418797682e-22,1.5092660102288736e-20,True,***,5.6611461598080694e-36,2.7173501567078733e-34,True,***
1a,stem_right,switching_rate_mean,cbf_aux,120,120,0.10756621252817204,0.0884540018620638,0.12754271427980984,0.19289971119146468,-0.06215099167002058,0.45380541722710027,0.13645888458783173,1.0,False,ns,0.05277886844142005,1.0,False,ns,0.012828273593526451,0.3463633870252142,False,ns
1a,stem_right,decision_latency_mean,hjb_aux,120,120,0.1366568072370965,0.10738876904014799,0.16766758249092908,-0.11005217216854549,-0.32211477371828556,0.16236925245261316,0.3949714372041626,1.0,False,ns,0.9516075487018926,1.0,False,ns,0.36670209954765454,1.0,False,ns
1a,stem_right,decision_latency_mean,soft_hjb_aux,120,120,0.18814983164983165,0.1523819865319865,0.22441750841750843,0.11240036997739608,-0.12544084172969902,0.4209412749239234,0.38488506867975614,1.0,False,ns,0.369358272284936,1.0,False,ns,0.34130967705776427,1.0,False,ns
1a,stem_right,decision_latency_mean,eikonal_aux,120,120,0.7930004284002838,0.3648220282048755,1.3269196889967236,0.3238006762820983,0.19841139265104926,0.4494666076223143,0.013457507007576896,0.4306402242424607,False,ns,0.08581961572609362,1.0,False,ns,0.014295304728360813,0.48604036076426765,False,ns
1a,stem_right,decision_latency_mean,cbf_aux,120,120,0.13913842506699653,0.10839961519961522,0.17286732288875148,-0.09764742355504949,-0.31550851999472324,0.17271219864704732,0.45028570702550064,1.0,False,ns,0.978847704552136,1.0,False,ns,0.4349097555823078,1.0,False,ns
1b,stem_left,mean_return,hjb_aux,96,120,365.63545125,348.39963563281253,381.5263979322916,0.26300364942422955,-0.01114054691743669,0.5516715861197112,0.05691470426133241,0.7899196999283904,False,ns,0.06602933360554937,0.8583813368721418,False,ns,0.23146492957295,1.0,False,ns
1b,stem_left,mean_return,soft_hjb_aux,60,120,178.0726110000001,161.11103095000016,196.33322592083348,-2.1177454596456826,-2.57834292577454,-1.7433259362081097,5.0209967900923e-28,2.0083987160369202e-26,True,***,3.225129763354492e-20,1.2900519053417967e-18,True,***,2.3390181955637653e-33,1.075948369959332e-31,True,***
1b,stem_left,mean_return,eikonal_aux,78,120,143.2907244871798,137.35157622115406,149.48607918589778,-3.0421643111790018,-3.5772426084056717,-2.6332986312286266,2.890518550010978e-56,1.3874489040052694e-54,True,***,2.4615026723400994e-31,1.1815212827232477e-29,True,***,1.3113027584685e-29,5.90086241310825e-28,True,***
1b,stem_left,mean_return,cbf_aux,102,120,374.6158517647059,360.7972406250001,387.6838466789215,0.40132912967574635,0.13859777032715506,0.6833131883460424,0.002852305693413562,0.05134150248144412,False,ns,0.00527479522851205,0.0949463141132169,False,ns,0.08534328806131126,0.9387761686744239,False,ns
1b,stem_left,collision_rate,hjb_aux,96,120,0.05635416666666667,0.035625,0.07989583333333333,-0.10336979728001039,-0.3833160005567761,0.16829953613443419,0.4525006330319806,1.0,False,ns,0.04682591694954661,1.0,False,ns,0.8855125003796673,1.0,False,ns
1b,stem_left,collision_rate,soft_hjb_aux,60,120,0.17366666666666666,0.14600000000000002,0.20067083333333333,0.9765206838172609,0.6251312578041816,1.4064520601699706,1.0913320672172044e-08,4.5835946823122587e-07,True,***,1.8908625407984814e-11,7.941622671353621e-10,True,***,1.2047766785315428e-17,5.301017385538789e-16,True,***
1b,stem_left,collision_rate,eikonal_aux,78,120,0.2684615384615384,0.24999679487179485,0.28641025641025647,2.0216296369245605,1.5717967083622626,2.602462663385429,4.882671655935222e-33,2.3436823948489063e-31,True,***,3.249877432252316e-23,1.4624448445135423e-21,True,***,8.955940951882243e-21,4.119732837865832e-19,True,***
1b,stem_left,collision_rate,cbf_aux,102,120,0.04205882352941177,0.025196078431372552,0.061078431372549015,-0.2520539627411033,-0.522964920529422,0.009776068348517254,0.059520715770586846,1.0,False,ns,0.009859013655242235,0.2957704096572671,False,ns,0.3983065406447258,1.0,False,ns
1b,stem_left,success_rate,hjb_aux,96,120,0.8340624999999999,0.7683307291666666,0.895,0.09510430160154171,-0.1750282149765195,0.37791865396846425,0.4937011368615615,1.0,False,ns,0.03209900084432005,0.5895123127794305,False,ns,0.916581568548121,1.0,False,ns
1b,stem_left,success_rate,soft_hjb_aux,60,120,0.2926666666666666,0.21333333333333332,0.3768333333333333,-1.685859260020948,-2.1721135998773202,-1.30012049611237,3.2852086678954815e-17,1.3469355538371474e-15,True,***,8.524997257592596e-18,3.58049884818889e-16,True,***,1.0517720862157912e-23,4.8381515965926395e-22,True,***
1b,stem_left,success_rate,eikonal_aux,78,120,0.09371794871794871,0.06576923076923076,0.12423076923076923,-2.973573801402608,-3.686374905330597,-2.473424095317692,1.0127390112702112e-56,4.861147254097014e-55,True,***,9.132177072326982e-31,4.3834449947169515e-29,True,***,1.7246729547738215e-26,8.278430182914342e-25,True,***
1b,stem_left,success_rate,cbf_aux,102,120,0.8879411764705881,0.8412720588235294,0.931375,0.31285555497212736,0.05467510275130147,0.5786416665042952,0.019062464235865908,0.38124928471731817,False,ns,0.0015989527722932821,0.046369630396505185,True,*,0.301634443496556,1.0,False,ns
1b,stem_left,mean_ttc,hjb_aux,96,120,5.703546660741421,5.347420347041811,6.208149157132267,0.038886688468870764,-0.34237901480006133,0.26132144294376436,0.7910756184715834,1.0,False,ns,0.17364290373855362,1.0,False,ns,0.501686057628059,1.0,False,ns
1b,stem_left,mean_ttc,soft_hjb_aux,60,120,7.788866991956919,7.469280426040456,8.090034467527515,1.8731995342926724,1.4766674967519626,2.385781146104467,7.287296613844522e-20,3.279283476230035e-18,True,***,3.4581701977137947e-18,1.4870131850169318e-16,True,***,6.406598758611978e-25,2.94703542896151e-23,True,***
1b,stem_left,mean_ttc,eikonal_aux,78,120,10.048445356196352,8.823743850310114,12.21024312138806,0.7893607961794619,0.6623347644352299,3.396927606899714,3.378280562386814e-05,0.0012837466137069894,True,**,1.2194642791804915e-29,5.73148211214831e-28,True,***,7.573221332286308e-05,0.0026506274663002077,True,**
1b,stem_left,mean_ttc,cbf_aux,102,120,5.3385808950428055,5.161116048932583,5.535676985545772,-0.2877116734686029,-0.5679925836091279,-0.02263573887416572,0.032253738933489255,0.7740897344037421,False,ns,0.04490320675796502,0.8980641351593004,False,ns,0.3742469790175832,1.0,False,ns
1b,stem_left,min_ttc,hjb_aux,96,120,0.15755180540970992,0.09768932066931271,0.22520397132875955,-0.09986998180611882,-0.3921749304842838,0.17653957334104278,0.47131491703333495,1.0,False,ns,0.04202986816708008,0.9246570996757617,False,ns,0.7853582059074891,1.0,False,ns
1b,stem_left,min_ttc,soft_hjb_aux,60,120,0.42294335518714754,0.34779119552911625,0.49822383817097426,0.788382249530164,0.46415503957474613,1.174174379155876,2.740300568477031e-06,0.0001068717221706042,True,***,3.0473101460032785e-10,1.2189240584013115e-08,True,***,2.764031348514979e-15,1.2161737933465907e-13,True,***
1b,stem_left,min_ttc,eikonal_aux,78,120,0.6010559178475062,0.4919142853095646,0.7194522246763634,1.0395388672930563,0.7450315358699744,1.3614274608424026,3.792273902478872e-09,1.5548323000163377e-07,True,***,3.426387396885622e-14,1.404818832723105e-12,True,***,4.138456947999841e-06,0.00015726136402399396,True,***
1b,stem_left,min_ttc,cbf_aux,102,120,0.111347640589774,0.061402051264476086,0.17052963972238586,-0.2655004164367086,-0.5667034640134088,-0.0012165519315851516,0.049286989259022994,0.9563834185339797,False,ns,0.0013159124278974475,0.04342511012061577,True,*,0.5694260181734574,1.0,False,ns
1b,stem_left,ttc_p10_mean,hjb_aux,96,120,0.6192246357713199,0.4482573766752306,0.8014401122606142,-0.15639813235307617,-0.4425507351960966,0.11756488651437395,0.2585319915649705,1.0,False,ns,0.02909417084787633,0.5348844377352271,False,ns,0.6981438199746255,1.0,False,ns
1b,stem_left,ttc_p10_mean,soft_hjb_aux,60,120,1.8266626759794078,1.6872460522854515,1.963658851044477,1.4246522235102606,1.0906816240475639,1.8485409982330494,2.8601395558973905e-19,1.2298600090358778e-17,True,***,7.693020742119178e-14,3.154138504268863e-12,True,***,1.6549587716302762e-31,7.61281034949927e-30,True,***
1b,stem_left,ttc_p10_mean,eikonal_aux,78,120,2.243090913637658,2.084862887455271,2.4103647147756164,1.8766784976912203,1.5378952268484305,2.2949465621053573,1.973466035957349e-28,9.077943765403806e-27,True,***,1.2026310565656358e-20,5.291576648888798e-19,True,***,2.4935038629324007e-14,1.0223365838022843e-12,True,***
1b,stem_left,ttc_p10_mean,cbf_aux,102,120,0.48640346425894515,0.35103967188259483,0.6379306919967747,-0.33575403445154406,-0.6268736102551371,-0.07576527538308067,0.012662389561890908,0.30389734948538183,False,ns,0.012627361410488737,0.2778019510307522,False,ns,0.21052195914869687,1.0,False,ns
1b,stem_left,action_entropy_mean,hjb_aux,96,120,0.4165438246897912,0.3300756123762407,0.508627115635263,-0.3595576486845187,-0.6375216622534244,-0.08669023270418634,0.008271910803604593,0.19025394848290564,False,ns,0.011624354946895222,0.2557358088316949,False,ns,0.020751790751027142,0.3735322335184886,False,ns
1b,stem_left,action_entropy_mean,soft_hjb_aux,60,120,1.2125761571423264,1.1398343534893276,1.2834311166899464,1.3838184268111056,1.1140257335237422,1.713731974305116,3.61895241541659e-20,1.6285285869374655e-18,True,***,2.3015393281355723e-14,1.0126773043796519e-12,True,***,1.0579381224701443e-29,4.760721551115649e-28,True,***
1b,stem_left,action_entropy_mean,eikonal_aux,78,120,1.1590027875571733,1.0840760661027096,1.2343578104187427,1.2589398472916167,0.9765605770818789,1.5820912283595219,1.3973629673106652e-17,6.148397056166927e-16,True,***,1.3727707488772425e-14,6.177468369947591e-13,True,***,9.825025370441192e-13,4.028260401880889e-11,True,***
1b,stem_left,action_entropy_mean,cbf_aux,102,120,0.39716212094089476,0.30883865932151117,0.48822242030127533,-0.39301975998065036,-0.6840530398178386,-0.12474434790071201,0.0036385209503676363,0.10551710756066145,False,ns,0.002919091342235376,0.0729772835558844,False,ns,0.06556478700479025,1.0,False,ns
1b,stem_left,hard_brakes_per_ep_mean,hjb_aux,96,120,0.8340624999999999,0.7683307291666666,0.895,0.09673038276825643,-0.17317967161005798,0.3798304632322749,0.4863329553071071,1.0,False,ns,0.017264378533734626,0.3452875706746925,False,ns,0.9239745862762063,1.0,False,ns
1b,stem_left,hard_brakes_per_ep_mean,soft_hjb_aux,60,120,0.2903333333333332,0.21150000000000002,0.37383333333333335,-1.6959045959233026,-2.179928342513708,-1.3109026480467572,2.011367387852215e-17,8.447743028979303e-16,True,***,8.554146699775175e-18,3.592741613905573e-16,True,***,6.1226047241825934e-24,2.816398173123993e-22,True,***
1b,stem_left,hard_brakes_per_ep_mean,eikonal_aux,78,120,0.09192307692307691,0.06474038461538463,0.12141346153846153,-2.988298363569758,-3.697060285259951,-2.489699923173818,6.636059484832028e-57,3.1853085527193736e-55,True,***,1.2981762153867077e-30,6.231245833856197e-29,True,***,9.685507959807098e-27,4.649043820707407e-25,True,***
1b,stem_left,hard_brakes_per_ep_mean,cbf_aux,102,120,0.8879411764705881,0.8412720588235294,0.931375,0.3146637444262547,0.05688473131326667,0.5791886704932919,0.018385595378914207,0.38609750295719836,False,ns,0.0006895466770228141,0.019996853633661608,True,*,0.29602004522778186,1.0,False,ns
1b,stem_left,row_violations_per_ep_mean,hjb_aux,96,120,13.392708333333333,8.6115234375,18.573018229166664,-0.18479645869107822,-0.4823828849743544,0.0865099369845297,0.1836068593165965,1.0,False,ns,0.019734997281272045,0.4588171119015486,False,ns,0.20213119047028463,1.0,False,ns
1b,stem_left,row_violations_per_ep_mean,soft_hjb_aux,60,120,43.9625,36.72175416666666,51.08814583333333,1.044856099907009,0.7076694870963972,1.4395309286645448,1.869779804759933e-08,7.853075179991718e-07,True,***,1.173806686583921e-12,5.1647494209692526e-11,True,***,4.804121701374118e-16,2.1618547656183532e-14,True,***
1b,stem_left,row_violations_per_ep_mean,eikonal_aux,78,120,34.42423076923077,29.06950320512821,39.8630576923077,0.7073356990721307,0.4056643621724035,1.0363066564974122,3.587045444549406e-06,0.00014348181778197624,True,***,2.486325043129386e-10,9.945300172517543e-09,True,***,1.7800487695947834e-05,0.0006764185324460176,True,***
1b,stem_left,row_violations_per_ep_mean,cbf_aux,102,120,10.46029411764706,7.016468137254901,14.391470588235295,-0.3456484408222428,-0.6279566181301928,-0.07980602205374174,0.009886127161136056,0.2866976876729456,False,ns,0.0021948425823096495,0.06145559230467019,False,ns,0.047094974439018174,0.917998105504766,False,ns
1b,stem_left,action_go_frac,hjb_aux,96,120,0.7734257249398357,0.7109796392221253,0.8317244904463627,0.2492984891982601,-0.028992426814072846,0.5417348473793056,0.07129661155496056,1.0,False,ns,0.12395431340051105,1.0,False,ns,0.17952135767448532,1.0,False,ns
1b,stem_left,action_go_frac,soft_hjb_aux,60,120,0.3401265511677619,0.3242539710630604,0.3559838446530472,-1.4843386077675924,-1.801169350784653,-1.2339019317028759,1.8079725857887624e-25,7.955079377470555e-24,True,***,3.051281497529263e-14,1.2815382289622904e-12,True,***,3.827885839817905e-39,1.7608274863162364e-37,True,***
1b,stem_left,action_go_frac,eikonal_aux,78,120,0.30191814861692545,0.2840581251471893,0.3186440121650589,-1.7040498216789168,-2.0411971294352385,-1.433214156652115,5.793754253486773e-29,2.6071894140690477e-27,True,***,5.254102569738705e-20,2.3643461563824174e-18,True,***,3.583933769045015e-17,1.5769308583798065e-15,True,***
1b,stem_left,action_go_frac,cbf_aux,102,120,0.8219769155778138,0.7707845217816205,0.8707974243848194,0.4418805825061102,0.1805425331494752,0.74092701870933,0.0010772654820086019,0.031240698978249454,True,*,0.001324734410363514,0.03709256349017839,True,*,0.030708052771296162,0.6755771609685156,False,ns
1b,stem_left,action_yield_frac,hjb_aux,96,120,0.06471413032063231,0.04683291351608828,0.08418072668180783,-0.1694492636764088,-0.443420263044401,0.09302335210929226,0.2159920999854112,1.0,False,ns,0.08059243845593826,1.0,False,ns,0.1071089437728887,1.0,False,ns
1b,stem_left,action_yield_frac,soft_hjb_aux,60,120,0.14488984772073946,0.12617945510443473,0.16281227547390045,0.7230197230894746,0.3926922848751794,1.1665956990866204,1.5575272557996573e-06,6.54161447435856e-05,True,***,1.1041347310583675e-07,4.858192816656817e-06,True,***,4.463904835478043e-17,2.0087571759651193e-15,True,***
1b,stem_left,action_yield_frac,eikonal_aux,78,120,0.12015961831116115,0.10422189151308582,0.13602056760307418,0.45222525055446156,0.1597418339140372,0.8088379601883047,0.0011600731112666556,0.040602558894332945,True,*,1.1318772492626547e-05,0.0004640696721976884,True,***,0.010477629054967843,0.3562393878689067,False,ns
1b,stem_left,action_yield_frac,cbf_aux,102,120,0.06132207731616804,0.04236703756784769,0.08252494169459439,-0.19571261700658688,-0.49743252171096214,0.06732823226681425,0.15017738733946712,1.0,False,ns,0.008532001587246124,0.27302405079187597,False,ns,0.288785422168679,1.0,False,ns
1b,stem_left,switching_rate_mean,hjb_aux,96,120,0.13716810623390904,0.10097814528660429,0.17657035800081197,-0.2634673319369543,-0.5265090885199823,0.0007006847399133433,0.05116759982876597,1.0,False,ns,0.06027359549578697,1.0,False,ns,0.05036831232538958,1.0,False,ns
1b,stem_left,switching_rate_mean,soft_hjb_aux,60,120,0.4269522968389274,0.35294653284450334,0.49961287309948554,0.9412751335304774,0.6057617115680968,1.3344401131550978,4.071644456831159e-07,1.7100906718690868e-05,True,***,5.026275185906676e-11,2.2618238336580043e-09,True,***,1.3663188343358028e-12,5.875170987643952e-11,True,***
1b,stem_left,switching_rate_mean,eikonal_aux,78,120,0.4001606406427483,0.33428457947169027,0.4670671548712814,0.8110621015935541,0.4991589705957567,1.151728668996793,5.914390737900626e-07,2.4249002025392567e-05,True,***,4.536870099065119e-09,1.9508541425980012e-07,True,***,1.2414836274293941e-06,4.7176377842316974e-05,True,***
1b,stem_left,switching_rate_mean,cbf_aux,102,120,0.13281133151840513,0.09892321810271801,0.16937587822247763,-0.2875116773883252,-0.5559479102797464,-0.026177961913978455,0.03117594149661799,0.9041023034019217,False,ns,0.05154133601180301,1.0,False,ns,0.18873989561512886,1.0,False,ns
1b,stem_left,decision_latency_mean,hjb_aux,96,120,17.487892439669565,8.74967658904805,27.630197104788188,-0.036250866051416294,-0.2950393443178,0.23909286928590973,0.791101593145437,1.0,False,ns,0.029046278518651252,0.8423420770408863,False,ns,0.7763107524492823,1.0,False,ns
1b,stem_left,decision_latency_mean,soft_hjb_aux,60,120,21.20389265525163,15.410370408505148,27.226427433316573,0.04792494766286296,-0.18580725818210092,0.3554034946188597,0.7090629681592941,1.0,False,ns,7.267983077137081e-08,3.1979125539403154e-06,True,***,3.951051861975546e-09,1.8965048937482622e-07,True,***
1b,stem_left,decision_latency_mean,eikonal_aux,78,120,13.41277808440625,9.295887955315138,17.877304039057414,-0.1474346495560034,-0.34369155337826524,0.09918889488158576,0.23884185570193797,1.0,False,ns,1.5752130959421527e-07,6.773416312551257e-06,True,***,0.16269625233796392,1.0,False,ns
1b,stem_left,decision_latency_mean,cbf_aux,102,120,4.733519321575026,2.493366769229555,7.329868480713712,-0.39901837439104,-0.5568864703860621,-0.2224222290995906,0.0018094769157515614,0.07780750737731713,False,ns,0.0020121634535825383,0.07646221123613646,False,ns,0.012834163442481833,0.4491957204868642,False,ns
1b,stem_right,mean_return,hjb_aux,120,120,168.3249523333335,158.59470609583357,177.8006798375002,0.039327376119236444,-0.21600072044968507,0.3008681410732978,0.7609154346465515,1.0,False,ns,0.737139821244033,1.0,False,ns,0.6134649191564174,1.0,False,ns
1b,stem_right,mean_return,soft_hjb_aux,120,120,130.50957733333323,121.02536155416654,140.54546281249992,-0.6548902834097378,-0.9408342542041032,-0.3977176621621355,7.893514229249979e-07,2.210183984189994e-05,True,***,1.019957927509236e-06,2.8558821970258605e-05,True,***,6.928552316255514e-11,2.2171367412017644e-09,True,***
1b,stem_right,mean_return,eikonal_aux,120,120,110.46149774999999,102.90368328958333,118.61015232499999,-1.1271652637430314,-1.457281954961406,-0.8379555772917188,5.460817732869628e-16,1.8566780291756734e-14,True,***,3.397627769403002e-14,1.1551934415970207e-12,True,***,5.3762912296211785e-21,2.0967535795522596e-19,True,***
1b,stem_right,mean_return,cbf_aux,102,120,160.06640735294135,149.58999262254918,170.54749321323547,-0.11359732052547687,-0.3748621151214911,0.1533355124415142,0.39941080906702087,1.0,False,ns,0.40222548930413193,1.0,False,ns,0.34047059662923396,1.0,False,ns
1b,stem_right,collision_rate,hjb_aux,120,120,0.49625,0.4587479166666667,0.5341666666666666,-0.08409463497885497,-0.33682057286520595,0.1738309660445769,0.515421802099005,1.0,False,ns,0.4659638890670662,1.0,False,ns,0.2570795668963438,1.0,False,ns
1b,stem_right,collision_rate,soft_hjb_aux,120,120,0.5488333333333333,0.50675,0.5908333333333334,0.16069891153731455,-0.09047419420080406,0.42221037961317676,0.21446277312823925,1.0,False,ns,0.27331761987699277,1.0,False,ns,0.023207415587094247,0.5801853896773562,False,ns
1b,stem_right,collision_rate,eikonal_aux,120,120,0.5628333333333333,0.5159979166666667,0.6080854166666666,0.21001324679980057,-0.041853324547611294,0.47245592152968635,0.10519054777561923,1.0,False,ns,0.0692113939677087,1.0,False,ns,0.005300511560959441,0.14841432370686436,False,ns
1b,stem_right,collision_rate,cbf_aux,102,120,0.5445098039215687,0.5035294117647059,0.5852965686274509,0.14843631922466413,-0.1193636473393343,0.41463239663430024,0.27322182007985063,1.0,False,ns,0.3176451154396228,1.0,False,ns,0.34132512776917157,1.0,False,ns
1b,stem_right,success_rate,hjb_aux,120,120,0.26858333333333334,0.24875,0.28775,0.27769941891108113,0.028959572466210146,0.5386199496057894,0.03248400785408387,0.6171961492275935,False,ns,0.04795212140163997,0.7672339424262395,False,ns,0.006598264978991199,0.1358917229928314,False,ns
1b,stem_right,success_rate,soft_hjb_aux,120,120,0.151,0.12950000000000003,0.17325,-0.7296330837686823,-1.023832189858841,-0.45814933359556603,4.5378353883717224e-08,1.5428640320463857e-06,True,***,1.1175198382097276e-07,3.687815466092101e-06,True,***,3.879473488662731e-08,1.3966104559185831e-06,True,***
1b,stem_right,success_rate,eikonal_aux,120,120,0.07008333333333333,0.053166666666666675,0.08766666666666666,-1.5607205144838152,-1.9618138549311896,-1.2285095522497835,1.9973903048320133e-26,8.98825637174406e-25,True,***,2.7735148565774083e-22,1.2203465368940596e-20,True,***,1.0504664797716647e-20,4.622052510995324e-19,True,***
1b,stem_right,success_rate,cbf_aux,102,120,0.23813725490196078,0.2144117647058823,0.26147058823529407,0.004683967223774477,-0.26441414527993096,0.27578733275307626,0.9724071552210234,1.0,False,ns,0.9765689665788521,1.0,False,ns,0.531022589731867,1.0,False,ns
1b,stem_right,mean_ttc,hjb_aux,120,120,7.589688006848724,7.337002544698137,7.848128620655659,0.07310829812420187,-0.17882958207084065,0.3239927650099064,0.5717318840202823,1.0,False,ns,0.8025058082769803,1.0,False,ns,0.42541109672283317,1.0,False,ns
1b,stem_right,mean_ttc,soft_hjb_aux,120,120,8.242199483380864,7.915956534790135,8.566040712155866,0.47338002040394256,0.22036610831929906,0.7346188331922856,0.0003086664633079028,0.010494659752468695,True,*,0.00045468167542368776,0.013640450262710633,True,*,1.9167974594190037e-06,7.667189837676015e-05,True,***
1b,stem_right,mean_ttc,eikonal_aux,120,120,8.692641727043737,8.29235391000965,9.150899366572359,0.6183535795010242,0.42021829598393956,0.8714586003535022,3.41106875321674e-06,0.00013985381888188635,True,***,2.5437440431330143e-05,0.0009411852959592153,True,***,9.269091169487878e-09,3.985709202879787e-07,True,***
1b,stem_right,mean_ttc,cbf_aux,102,120,7.290000782641633,7.03582932237926,7.545139161206384,-0.14987784560598597,-0.41816226615635244,0.10753299683459938,0.26620977324856754,1.0,False,ns,0.19039114528106338,1.0,False,ns,0.9964491371463955,1.0,False,ns
1b,stem_right,min_ttc,hjb_aux,120,120,0.7883764781130613,0.6726306055556184,0.9084534566805919,0.0702903980236658,-0.1859966821789592,0.3223493890707062,0.5866552929039244,1.0,False,ns,0.8927579872198695,1.0,False,ns,0.4517279549107943,1.0,False,ns
1b,stem_right,min_ttc,soft_hjb_aux,120,120,0.6691098660300903,0.5635722004667143,0.7785987406000406,-0.1356149205365782,-0.39788543006597515,0.11765924289603004,0.2945842608705773,1.0,False,ns,0.0803117495453816,1.0,False,ns,0.07187335116394584,1.0,False,ns
1b,stem_right,min_ttc,eikonal_aux,120,120,0.8202153776414036,0.6640202884264802,0.9856237414141512,0.10048760479735139,-0.1606524118743331,0.33852451945030376,0.4373019048732474,1.0,False,ns,0.16228451747999306,1.0,False,ns,0.24040310593143036,1.0,False,ns
1b,stem_right,min_ttc,cbf_aux,102,120,0.6807590828076434,0.5728614830561019,0.7931960625466183,-0.11965488994438706,-0.3906320617211866,0.14080905347370962,0.37748177072290723,1.0,False,ns,0.202742082085838,1.0,False,ns,0.6066780057238388,1.0,False,ns
1b,stem_right,ttc_p10_mean,hjb_aux,120,120,2.1252506140302656,1.9563816987732499,2.2980980437549503,0.07725528785788124,-0.17236737241040162,0.3272787113735591,0.5501590232614323,1.0,False,ns,0.9621802743398986,1.0,False,ns,0.38018103377542245,1.0,False,ns
1b,stem_right,ttc_p10_mean,soft_hjb_aux,120,120,1.9071851552495864,1.7337700251086186,2.0840839022061006,-0.17143932749386176,-0.4275302796733814,0.08484531719487871,0.18552497171174823,1.0,False,ns,0.10156626232916377,1.0,False,ns,0.02569006931574308,0.5568386613522585,False,ns
1b,stem_right,ttc_p10_mean,eikonal_aux,120,120,2.182008750308437,1.9637443630843647,2.41453565278917,0.11890586806527734,-0.1393160315779329,0.36401286160883267,0.35815423754585995,1.0,False,ns,0.6641447220029014,1.0,False,ns,0.12457717666520894,1.0,False,ns
1b,stem_right,ttc_p10_mean,cbf_aux,102,120,1.9686942363784918,1.8076116078363313,2.1312854702801127,-0.11059094198110703,-0.37217649515717316,0.14759881873812492,0.4154628522596785,1.0,False,ns,0.4752613499543439,1.0,False,ns,0.7913759217381761,1.0,False,ns
1b,stem_right,action_entropy_mean,hjb_aux,120,120,1.010816946302858,0.9597044326398555,1.0614677151690846,-0.07362388898917772,-0.3315321762274948,0.17283061878392011,0.5690236053556859,1.0,False,ns,0.5788490234187738,1.0,False,ns,0.12215069403767448,1.0,False,ns
1b,stem_right,action_entropy_mean,soft_hjb_aux,120,120,1.1099435582886044,1.0482647235503089,1.1696799647995888,0.2599590395985498,0.003970131588419884,0.5149341900088253,0.045246129248008284,0.8144303264641491,False,ns,0.0010003771033835103,0.0290109359981218,True,*,2.200845409311982e-06,7.482874391660739e-05,True,***
1b,stem_right,action_entropy_mean,eikonal_aux,120,120,1.1393929805094103,1.0839026007369026,1.1945671855061017,0.3768900397089687,0.12231013092097882,0.6256129802239335,0.003853404999720889,0.10718008305144315,False,ns,9.605641525957457e-05,0.00336197453408511,True,**,2.369970562910014e-10,9.479882251640055e-09,True,***
1b,stem_right,action_entropy_mean,cbf_aux,102,120,1.0170615307297208,0.9579528192241573,1.0747222473529072,-0.04925746563812614,-0.3105457838270012,0.2157314877314771,0.7181282899871992,1.0,False,ns,0.9256608202656276,1.0,False,ns,0.5730343959358485,1.0,False,ns
1b,stem_right,hard_brakes_per_ep_mean,hjb_aux,120,120,0.26850000000000007,0.2486666666666667,0.2876666666666667,0.2787689196582402,0.03058301876450738,0.5395658802360568,0.03182876601211153,0.604746554230119,False,ns,0.04732530836931189,0.7098796255396783,False,ns,0.006394599316020072,0.12789198632040144,False,ns
1b,stem_right,hard_brakes_per_ep_mean,soft_hjb_aux,120,120,0.14833333333333334,0.127,0.17025000000000004,-0.7513969165203103,-1.04796231015164,-0.4794935387443684,1.892697367432449e-08,6.435171049270326e-07,True,***,4.07525131977013e-08,1.344832935524143e-06,True,***,1.6611589196203173e-08,6.146288002595174e-07,True,***
1b,stem_right,hard_brakes_per_ep_mean,eikonal_aux,120,120,0.06916666666666667,0.05233333333333333,0.08683333333333335,-1.5639215483860454,-1.966899574507361,-1.2302625845141826,1.6731430532689355e-26,7.529143739710209e-25,True,***,2.0053992350094834e-22,8.823756634041727e-21,True,***,1.019352293760329e-20,4.485150092545448e-19,True,***
1b,stem_right,hard_brakes_per_ep_mean,cbf_aux,102,120,0.23705882352941177,0.21313725490196084,0.2605882352941176,-0.002305826709945214,-0.27231376832379045,0.26820312778228655,0.9864231327248318,1.0,False,ns,0.9916308068194759,1.0,False,ns,0.5061404692626681,1.0,False,ns
1b,stem_right,row_violations_per_ep_mean,hjb_aux,120,120,30.4885,27.80989583333333,33.25020416666666,0.02919691385066151,-0.22416781657692736,0.2826130664373887,0.821272622559507,1.0,False,ns,0.9273999119497432,1.0,False,ns,0.718958656126838,1.0,False,ns
1b,stem_right,row_violations_per_ep_mean,soft_hjb_aux,120,120,31.91791666666667,28.25759791666667,35.50108125,0.10393047937013952,-0.15462141230776916,0.36029267801691695,0.4216486123075688,1.0,False,ns,0.16967273804844607,1.0,False,ns,0.11520316829881291,1.0,False,ns
1b,stem_right,row_violations_per_ep_mean,eikonal_aux,120,120,32.270583333333335,28.943331250000004,35.55761041666667,0.1301173623266222,-0.12842194757427833,0.38496474836795563,0.3145612977730814,1.0,False,ns,0.17054103389989805,1.0,False,ns,0.05740277942623053,1.0,False,ns
1b,stem_right,row_violations_per_ep_mean,cbf_aux,102,120,27.90901960784314,24.760095588235288,31.078350490196083,-0.13387573718703835,-0.421500962282593,0.13469068172760948,0.3225801485834291,1.0,False,ns,0.20648244127796067,1.0,False,ns,0.2588215388663568,1.0,False,ns
1b,stem_right,action_go_frac,hjb_aux,120,120,0.3847949899366661,0.3649338836718678,0.4038763903857641,-0.16252639207314148,-0.4087070029272683,0.08557322892499852,0.20929299251950753,1.0,False,ns,0.8169184303358974,1.0,False,ns,0.07414935270406643,1.0,False,ns
1b,stem_right,action_go_frac,soft_hjb_aux,120,120,0.38013579017169763,0.36315389971093237,0.3986271734352478,-0.21434814035433467,-0.47043045100357,0.034400820476958,0.09816618756707121,1.0,False,ns,0.06659219394219647,1.0,False,ns,0.13705807354479965,1.0,False,ns
1b,stem_right,action_go_frac,eikonal_aux,120,120,0.3545728079876955,0.34357544133894813,0.3663315309363072,-0.5497266322570529,-0.7839098018360988,-0.31886065394294516,3.1917296395954166e-05,0.0011171053738583958,True,**,4.7102101964554846e-05,0.0014601651609012002,True,**,9.308169381506616e-05,0.002978614202082117,True,**
1b,stem_right,action_go_frac,cbf_aux,102,120,0.39076857653179,0.3659907927904886,0.41689442656103354,-0.09696011310070336,-0.37239927557154645,0.1627156917324957,0.4801804240768176,1.0,False,ns,0.31571768227763874,1.0,False,ns,0.19181950176103477,1.0,False,ns
1b,stem_right,action_yield_frac,hjb_aux,120,120,0.14510193990175277,0.1219284431647359,0.1715430889337775,0.064731290363965,-0.21200532896199736,0.29934452801135086,0.6165830329403468,1.0,False,ns,0.8017799437103192,1.0,False,ns,0.5771750431963465,1.0,False,ns
1b,stem_right,action_yield_frac,soft_hjb_aux,120,120,0.15326313245007706,0.137136893596938,0.16934471637491935,0.16541330467810614,-0.09119170244584958,0.43082643764870004,0.20137528788624134,1.0,False,ns,0.01587033787862891,0.47611013635886734,False,ns,0.22070890703239848,1.0,False,ns
1b,stem_right,action_yield_frac,eikonal_aux,120,120,0.15512167036607818,0.13906493713572446,0.1712041655181601,0.18267177181015967,-0.07182788798536402,0.447264264420566,0.15841231280195783,1.0,False,ns,0.025589799070648348,0.6653347758368571,False,ns,0.16346241244569618,1.0,False,ns
1b,stem_right,action_yield_frac,cbf_aux,102,120,0.20648158059455737,0.17746480834266443,0.23704453225720168,0.5327363377407351,0.27738702717097985,0.7926118208386708,0.00017122282232648263,0.0063352444260798575,True,**,0.0005200558135426998,0.018201953473994496,True,*,0.00013447141048201778,0.0051099135983166755,True,**
1b,stem_right,switching_rate_mean,hjb_aux,120,120,0.36037497509869965,0.3197333588058434,0.4008122069589547,-0.08645637412981197,-0.3405278780646558,0.16588391137070221,0.5037080972333838,1.0,False,ns,0.3785978600662776,1.0,False,ns,0.00028018984767726906,0.00896607512567261,True,**
1b,stem_right,switching_rate_mean,soft_hjb_aux,120,120,0.4165776856528622,0.36708754797479914,0.46545851142551803,0.14980555419388308,-0.10371315471718241,0.4052119621783545,0.24712565452749197,1.0,False,ns,0.006914114747396147,0.18668109817969597,False,ns,1.137706071967512e-05,0.00040957418590830433,True,***
1b,stem_right,switching_rate_mean,eikonal_aux,120,120,0.4283514713128988,0.38075769428652556,0.47520368681318337,0.20288854767028627,-0.0515951534632296,0.4594014238881774,0.11743626583731451,1.0,False,ns,0.0006689663149720146,0.022744854709048495,True,*,7.462303916251082e-08,2.9849215665004327e-06,True,***
1b,stem_right,switching_rate_mean,cbf_aux,102,120,0.3629682573788518,0.31884744352801636,0.40691020209909057,-0.07467585981153853,-0.3433225432687601,0.19202365096650115,0.5818821975974342,1.0,False,ns,0.3027497369827895,1.0,False,ns,0.5798217181429802,1.0,False,ns
1b,stem_right,decision_latency_mean,hjb_aux,120,120,7.8314076209380366,5.450956781554824,10.543141868948899,0.17385783528672585,-0.07400660008900721,0.38729618997494597,0.1797258179021763,1.0,False,ns,0.05312516986726088,1.0,False,ns,0.1513612616345659,1.0,False,ns
1b,stem_right,decision_latency_mean,soft_hjb_aux,120,120,4.927307827439018,3.830565528894875,6.15786957574099,-0.1291414308680697,-0.3770628513974449,0.11748377127251618,0.3181956410861523,1.0,False,ns,0.13808295274881224,1.0,False,ns,0.29958512842664414,1.0,False,ns
1b,stem_right,decision_latency_mean,eikonal_aux,120,120,6.706269303518974,4.8596924667468615,8.885659460206824,0.08915424628821378,-0.18221269357418596,0.316683404472809,0.4905771671306516,1.0,False,ns,0.3373001898176359,1.0,False,ns,0.40732678185415705,1.0,False,ns
1b,stem_right,decision_latency_mean,cbf_aux,102,120,7.342808327833682,5.340539621901609,9.535542557454374,0.15836947728131437,-0.10888881623114653,0.423636984523155,0.254198441090633,1.0,False,ns,0.20723756091138013,1.0,False,ns,0.3894256771299248,1.0,False,ns
2,stem_left,mean_return,hjb_aux,120,120,309.1439228333332,296.8427405499999,320.4313107208332,-0.01713074494204197,-0.28601033446622653,0.22592954385515757,0.8945608905413721,1.0,False,ns,0.000314783497361291,0.006925236941948402,True,**,0.896549538718348,1.0,False,ns
2,stem_left,mean_return,soft_hjb_aux,114,120,121.96524991228061,113.25135494298237,131.0605360350876,-2.4821772104418964,-3.092522234843861,-2.0399237615671195,1.0281251724304864e-45,4.832188310423286e-44,True,***,1.049526336015125e-28,4.932773779271087e-27,True,***,2.6336318461913077e-40,1.2641432861718277e-38,True,***
2,stem_left,mean_return,eikonal_aux,120,120,148.32316449999993,134.20942022916657,163.22929058333324,-1.846486386947002,-2.3162909290059126,-1.4691901461431116,1.0623228179842451e-33,4.4617558355338294e-32,True,***,1.5868980767356887e-22,6.5062821146163235e-21,True,***,3.495644697980801e-25,1.5031272201317444e-23,True,***
2,stem_left,mean_return,cbf_aux,108,120,316.5535078703703,298.50775514351847,332.88658477314806,0.06472039895279036,-0.1952874962060513,0.32865985448123486,0.625368563983549,1.0,False,ns,0.31421892063605916,1.0,False,ns,0.158467642450317,1.0,False,ns
2,stem_left,collision_rate,hjb_aux,120,120,0.07325000000000001,0.06316666666666668,0.08416666666666668,0.022793816869216676,-0.24152248548777996,0.26904262938983,0.8600075634058876,1.0,False,ns,0.7875182824445149,1.0,False,ns,0.8537408590588204,1.0,False,ns
2,stem_left,collision_rate,soft_hjb_aux,114,120,0.17578947368421052,0.1623684210526316,0.18973684210526318,1.613221776046272,1.3407710158021715,1.9476130381379095,7.885777869972043e-26,3.62745782018714e-24,True,***,1.1703797393520432e-23,5.383746801019399e-22,True,***,4.94687151244113e-25,2.3250296108473308e-23,True,***
2,stem_left,collision_rate,eikonal_aux,120,120,0.12841666666666668,0.11041666666666666,0.14708333333333332,0.6939290838065424,0.4832822495057477,0.9139147303162756,2.4518786434125747e-07,9.8075145736503e-06,True,***,6.56670609637303e-06,0.0002626682438549212,True,***,3.4576069062102196e-06,0.0001383042762484088,True,***
2,stem_left,collision_rate,cbf_aux,108,120,0.08009259259259262,0.06907407407407408,0.09222222222222223,0.14313547864989462,-0.1229212171190107,0.3978181393509609,0.28717045393674556,1.0,False,ns,0.9517292822467325,1.0,False,ns,0.05322019718399058,1.0,False,ns
2,stem_left,success_rate,hjb_aux,120,120,0.8394166666666666,0.7948333333333333,0.8787499999999999,0.24301911753748204,-0.008532741500576141,0.48603724246202246,0.06115405652272736,0.838016264815058,False,ns,0.9910825359654158,1.0,False,ns,0.07542325757966706,1.0,False,ns
2,stem_left,success_rate,soft_hjb_aux,114,120,0.24087719298245613,0.193155701754386,0.2907017543859649,-1.7157296948405727,-2.1879340355970918,-1.3509007493816996,8.144441448399814e-30,3.746443066263914e-28,True,***,1.917510390233276e-23,8.82054779507307e-22,True,***,2.953212384298033e-26,1.3880098206200757e-24,True,***
2,stem_left,success_rate,eikonal_aux,120,120,0.23666666666666666,0.18783125,0.2871666666666667,-1.7080803807543246,-2.1717934782918094,-1.3374222452739974,4.599792474366284e-30,2.1619024629521537e-28,True,***,1.3008789808546264e-22,5.853955413845819e-21,True,***,1.1146685479370315e-22,5.016008465716642e-21,True,***
2,stem_left,success_rate,cbf_aux,108,120,0.789351851851852,0.7289814814814816,0.8431481481481482,0.06500562165482922,-0.1984352338770832,0.3266255813416268,0.6223985292557561,1.0,False,ns,0.8727173282898196,1.0,False,ns,0.08268842036555388,1.0,False,ns
2,stem_left,mean_ttc,hjb_aux,120,120,4.818125793398749,4.68296337655939,4.9622779530204575,-0.5854146963734486,-0.7687974527708941,-0.4038512034509479,1.1353958917130036e-05,0.0004541583566852015,True,***,7.676890505499694e-05,0.002610142771869896,True,**,1.697494905498123e-05,0.0006450480640892868,True,***
2,stem_left,mean_ttc,soft_hjb_aux,114,120,7.478703842755937,6.757917246825379,8.647926858395518,0.439400778738284,0.33492174797088375,1.0171642142007948,0.0012643583744958067,0.03999961075139663,True,*,5.6590669215501346e-11,2.2636267686200537e-09,True,***,0.0019994401276332394,0.06398208408426366,False,ns
2,stem_left,mean_ttc,eikonal_aux,120,120,9.518337833760013,8.540478894383407,10.976332639477434,0.7193395148850065,0.5534903046651667,1.6089763050249153,1.3163919322432322e-07,5.660485308645898e-06,True,***,6.432314903810157e-23,2.830218557676469e-21,True,***,1.4656912327147394e-07,6.0093340541304315e-06,True,***
2,stem_left,mean_ttc,cbf_aux,108,120,5.270817378905928,5.0876183850809955,5.464891626533261,-0.25751471937047954,-0.47683498269436353,-0.010859537897416848,0.046980876128518693,0.8926366464418551,False,ns,0.5699990021615501,1.0,False,ns,0.8102673450834109,1.0,False,ns
2,stem_left,min_ttc,hjb_aux,120,120,0.006036653475377425,0.003708162081970873,0.008804671430668891,-0.395230687689114,-0.5458689900953868,-0.22930108536763086,0.0026573931937733373,0.07706440261942678,False,ns,0.6802334999647107,1.0,False,ns,0.0032534183534360292,0.10085596895651691,False,ns
2,stem_left,min_ttc,soft_hjb_aux,114,120,0.10187061334402327,0.08392643021003578,0.12043965833828332,1.0028362453950397,0.7289231099079777,1.3017884073470833,2.212308563162602e-12,9.512926821599188e-11,True,***,3.565286369503327e-21,1.5687260025814638e-19,True,***,7.389165798320093e-12,3.103449635294439e-10,True,***
2,stem_left,min_ttc,eikonal_aux,120,120,0.21713481099126664,0.18394182153710914,0.25011496300219777,1.4367153461290099,1.2105037509342564,1.6831503721267491,5.38291565634371e-21,2.42231204535467e-19,True,***,1.4461248418202973e-27,6.796786756555397e-26,True,***,2.9170989288698604e-22,1.3126945179914372e-20,True,***
2,stem_left,min_ttc,cbf_aux,108,120,0.013067878218890291,0.008331249215590149,0.01860316923634242,-0.1994968736235251,-0.3982401916550523,0.04730132517753043,0.12234577517300106,1.0,False,ns,0.14443512924966972,1.0,False,ns,0.25729267734500644,1.0,False,ns
2,stem_left,ttc_p10_mean,hjb_aux,120,120,0.4435888433736052,0.40679952611265124,0.4852992546363032,-0.4062836151421293,-0.6223541623935364,-0.1746068705624659,0.0019308852056997435,0.054064785759592816,False,ns,0.0018588321492702669,0.05204730017956747,False,ns,0.0020115601749683873,0.05431212472414646,False,ns
2,stem_left,ttc_p10_mean,soft_hjb_aux,114,120,1.1447227536641729,1.0463105798415957,1.2466001834885188,1.1564105165934688,0.8672299251640124,1.4892015569657133,5.503212515796415e-16,2.3113492566344945e-14,True,***,8.77872052095984e-19,3.774849824012731e-17,True,***,1.302114735893847e-15,5.599093364343542e-14,True,***
2,stem_left,ttc_p10_mean,eikonal_aux,120,120,1.5349262198102451,1.410535483417606,1.656429065555543,1.6749299735942185,1.3835159848402248,2.006577638996162,3.1244362587510252e-28,1.4059963164379614e-26,True,***,2.0530777616343375e-25,9.238849927354519e-24,True,***,5.5029251342867656e-27,2.421287059086177e-25,True,***
2,stem_left,ttc_p10_mean,cbf_aux,108,120,0.5503126823861245,0.5016406365307478,0.604159182987593,-0.08291456124423971,-0.3327480000065178,0.18104344203206393,0.5237995719450148,1.0,False,ns,0.5101916644732758,1.0,False,ns,0.048695662043026,0.925217578817494,False,ns
2,stem_left,action_entropy_mean,hjb_aux,120,120,1.0863674783802182,1.0542292078247075,1.1182513408695074,0.21652292661828365,-0.02387419895463707,0.44705335445313943,0.09504041177056541,1.0,False,ns,0.2705635871037383,1.0,False,ns,0.014742389134858576,0.33907495010174726,False,ns
2,stem_left,action_entropy_mean,soft_hjb_aux,114,120,1.2464431137568457,1.2037760552658674,1.2903143266191839,0.8124937889069319,0.5750145518541959,1.0665053958006852,2.131078638423943e-09,8.950530281380561e-08,True,***,2.7068274461830688e-08,1.1097992529350583e-06,True,***,1.8982975199806779e-13,7.972849583918848e-12,True,***
2,stem_left,action_entropy_mean,eikonal_aux,120,120,1.2901974722192884,1.248455782837245,1.3306192636932193,1.0027732720149523,0.7696271749102432,1.2629187086577476,2.65307989083672e-13,1.1408243530597897e-11,True,***,2.0392259321172664e-12,8.768671508104246e-11,True,***,4.524791623231068e-24,1.9909083142216698e-22,True,***
2,stem_left,action_entropy_mean,cbf_aux,108,120,1.1027737831008266,1.0694906520946226,1.135591486128387,0.2851971553356392,0.03936008296936313,0.5161022198717068,0.028995482873855123,0.5799096574771024,False,ns,0.182807744038612,1.0,False,ns,0.017213043636540724,0.36007135179874367,False,ns
2,stem_left,hard_brakes_per_ep_mean,hjb_aux,120,120,0.8386666666666667,0.7939979166666666,0.8781666666666667,0.2408776242438404,-0.011072665157206719,0.48476843165682315,0.06344678664514268,0.8593019342444551,False,ns,0.9985138388608206,1.0,False,ns,0.07805296950575101,1.0,False,ns
2,stem_left,hard_brakes_per_ep_mean,soft_hjb_aux,114,120,0.23877192982456139,0.19114035087719297,0.2883333333333334,-1.7243496144015016,-2.1967831344483857,-1.357820836320588,5.016945007860418e-30,2.307794703615792e-28,True,***,1.472670185847489e-23,6.774282854898449e-22,True,***,2.2135930807923072e-26,1.0403887479723844e-24,True,***
2,stem_left,hard_brakes_per_ep_mean,eikonal_aux,120,120,0.23541666666666666,0.18658333333333335,0.28558541666666665,-1.7131326412408137,-2.179494288007569,-1.3402086903668438,3.469151472596784e-30,1.6305011921204885e-28,True,***,1.0297554329479079e-22,4.633899448265586e-21,True,***,9.899907498294101e-23,4.454958374232346e-21,True,***
2,stem_left,hard_brakes_per_ep_mean,cbf_aux,108,120,0.7892592592592593,0.7289791666666665,0.8431481481481479,0.06550342937874416,-0.19817245259995198,0.32705872804650316,0.6197370621452702,1.0,False,ns,0.8814509675560217,1.0,False,ns,0.08373129208412744,1.0,False,ns
2,stem_left,row_violations_per_ep_mean,hjb_aux,120,120,20.99458333333333,18.30270625,24.009833333333333,0.17615191260564597,-0.07019865053137017,0.4209123514884228,0.17373144049358588,1.0,False,ns,2.5225176153246974e-05,0.000983781869976632,True,***,0.19889642447376304,1.0,False,ns
2,stem_left,row_violations_per_ep_mean,soft_hjb_aux,114,120,38.19377192982457,34.773857456140355,41.65968201754386,1.1940707435042162,0.8842983215838104,1.5724288412354397,9.286974181943655e-17,4.272008123694081e-15,True,***,3.0056347580351676e-19,1.4126483362765286e-17,True,***,5.937330154075239e-17,2.73117187087461e-15,True,***
2,stem_left,row_violations_per_ep_mean,eikonal_aux,120,120,30.669500000000003,27.542393750000002,33.86052708333334,0.7739159002593575,0.5083487782593574,1.0827030346870328,7.92310373059407e-09,3.40693460415545e-07,True,***,3.9280348345131976e-12,1.689054978840675e-10,True,***,2.6636483609622107e-07,1.0654593443848843e-05,True,***
2,stem_left,row_violations_per_ep_mean,cbf_aux,108,120,20.13648148148148,17.422953703703705,23.119555555555554,0.12337812613767747,-0.13734912672214408,0.39309831437164017,0.35528865838715895,1.0,False,ns,0.8729912283019932,1.0,False,ns,0.037529007396775484,0.7881091553322852,False,ns
2,stem_left,action_go_frac,hjb_aux,120,120,0.5097392820168861,0.4906447581717884,0.5276689126944845,-0.04621439813317468,-0.29475605744937045,0.20842497808258595,0.7207352153964568,1.0,False,ns,0.8634331258524676,1.0,False,ns,0.6965982886313149,1.0,False,ns
2,stem_left,action_go_frac,soft_hjb_aux,114,120,0.3651403738501891,0.3493513932562696,0.38160661173776456,-1.1318127060844425,-1.4692782437510785,-0.8580481296740328,1.0747865364290749e-15,4.5141034530021147e-14,True,***,3.5737325488832923e-16,1.5367049960198158e-14,True,***,4.294616621253176e-17,1.8466851471388655e-15,True,***
2,stem_left,action_go_frac,eikonal_aux,120,120,0.3492817710646695,0.3359635790587137,0.36383218249296506,-1.2964322284419247,-1.6598095904992047,-1.005990367454909,6.227856925669439e-19,2.677978478037859e-17,True,***,5.023346438261514e-19,2.2102724328350662e-17,True,***,1.8224198892693474e-16,7.654163534931259e-15,True,***
2,stem_left,action_go_frac,cbf_aux,108,120,0.5102276859999728,0.48475449858221464,0.5338177578075085,-0.039411033736457456,-0.2901877699762821,0.22024589287499857,0.7639160833995307,1.0,False,ns,0.2195980433917657,1.0,False,ns,0.01091290102991783,0.2509967236881101,False,ns
2,stem_left,action_yield_frac,hjb_aux,120,120,0.10897034845461369,0.09420061824769455,0.12382744237951918,-0.3284513389573423,-0.5566626755650671,-0.09822137439390953,0.011662921887633024,0.37321350040425677,False,ns,0.03180586713581189,0.7633408112594854,False,ns,0.012422978625297338,0.40995829463481215,False,ns
2,stem_left,action_yield_frac,soft_hjb_aux,114,120,0.1749366039351727,0.16010031998945257,0.19043939538246574,0.31076653948267385,0.04533251552957967,0.6364933454075262,0.01736437539172414,0.5209312617517242,False,ns,2.747087791695466e-05,0.0010988351166781863,True,**,0.014338420951157069,0.4588294704370262,False,ns
2,stem_left,action_yield_frac,eikonal_aux,120,120,0.13405526174215548,0.12125300387811834,0.14673006633796198,-0.0889225229393687,-0.3120761586802384,0.16881490479609454,0.49177168877697364,1.0,False,ns,0.3529760231865554,1.0,False,ns,0.4650599518367522,1.0,False,ns
2,stem_left,action_yield_frac,cbf_aux,108,120,0.15656555160946717,0.1389437087067986,0.17530450094172018,0.12509083739231464,-0.1294476199830982,0.40246293973790703,0.34161935593643633,1.0,False,ns,0.08109294447729637,1.0,False,ns,0.34255949294200494,1.0,False,ns
2,stem_left,switching_rate_mean,hjb_aux,120,120,0.2875117665748693,0.2588518898231473,0.3159607106343713,-0.08680276913100772,-0.34026329937559713,0.17185546541556412,0.5020165789949221,1.0,False,ns,0.6202034106858478,1.0,False,ns,0.22940260306919463,1.0,False,ns
2,stem_left,switching_rate_mean,soft_hjb_aux,114,120,0.4132510200673717,0.3621446160976956,0.46601525794142207,0.45735840345472945,0.1978662854862263,0.7286922181807037,0.0006599527818669568,0.02460815585216235,True,*,0.0011751550981780054,0.03878011823987418,True,*,6.9768581051726206e-09,2.930280404172501e-07,True,***
2,stem_left,switching_rate_mean,eikonal_aux,120,120,0.4670881431598805,0.4224826291864768,0.5107164537498367,0.7436224454347364,0.4873775694270922,1.0151347255775371,2.782035235259206e-08,1.2240955035140507e-06,True,***,5.753298891613299e-07,2.4163855344775858e-05,True,***,1.521199007243121e-20,6.845395532594045e-19,True,***
2,stem_left,switching_rate_mean,cbf_aux,108,120,0.3249300774416696,0.29212290700108035,0.3578472865896393,0.12128188761303951,-0.13208073799764186,0.3872450389415912,0.3596168951116909,1.0,False,ns,0.271809066253501,1.0,False,ns,0.277850868063789,1.0,False,ns
2,stem_left,decision_latency_mean,hjb_aux,120,120,5.817614092343084,3.576759977988064,8.726331803329568,0.05349200745319002,-0.2013206535943208,0.2973049030466831,0.6789992724501609,1.0,False,ns,0.03732491249910247,1.0,False,ns,0.6606235003977894,1.0,False,ns
2,stem_left,decision_latency_mean,soft_hjb_aux,114,120,7.48171832153353,6.051298490374088,9.059158514456248,0.2212375358100481,-0.03646889736383511,0.595625377479059,0.08893124852505631,1.0,False,ns,2.2033665334252786e-12,1.0135486053756282e-10,True,***,0.110804460833181,1.0,False,ns
2,stem_left,decision_latency_mean,eikonal_aux,120,120,9.864432134755047,7.367893648212778,12.708285711545,0.34305316313234663,0.08936827807145678,0.6119574143668832,0.008425099499792026,0.30330358199251295,False,ns,8.428048580274056e-11,3.792621861123325e-09,True,***,0.005033921654725295,0.2013568661890118,False,ns
2,stem_left,decision_latency_mean,cbf_aux,108,120,5.02888418735635,2.8872092791531614,7.53247458183712,-0.004572733609125132,-0.25067610275893826,0.26320990716175063,0.9724970665879881,1.0,False,ns,0.15163728933255385,1.0,False,ns,0.03255757237911126,1.0,False,ns
2,stem_right,mean_return,hjb_aux,72,60,157.54479944444424,150.1657666388887,165.02423812152756,-0.14504413695013688,-0.4887545366806391,0.20227519065696273,0.40074121162145004,1.0,False,ns,0.3691754659564499,1.0,False,ns,0.06392867755149584,0.7671441306179501,False,ns
2,stem_right,mean_return,soft_hjb_aux,60,60,93.5483398333333,80.73380928333329,105.85022264583327,-1.6975730300915213,-2.1596061315618944,-1.317591539786812,7.192473174958262e-15,2.3735161477362266e-13,True,***,1.4647204967673345e-12,4.68710558965547e-11,True,***,1.7544620590694548e-17,6.140617206743092e-16,True,***
2,stem_right,mean_return,eikonal_aux,60,60,125.98474549999993,114.47881629166662,137.28965708333328,-0.9607104248951334,-1.355546861369422,-0.5992350106707529,8.527084414117025e-07,2.3023127918115966e-05,True,***,5.98408157930377e-06,0.000155586121061898,True,***,2.8703834900968333e-07,8.037073772271133e-06,True,***
2,stem_right,mean_return,cbf_aux,120,60,162.68786899999978,155.9521516937498,168.9664326770831,0.021948104010055335,-0.2468527945483975,0.3108484607439133,0.8789380542415743,1.0,False,ns,0.6370249235193233,1.0,False,ns,0.2837484162399637,1.0,False,ns
2,stem_right,collision_rate,hjb_aux,72,60,0.2734722222222222,0.2315277777777778,0.31583680555555554,-0.49709747991781095,-0.884637520968735,-0.16767154852725313,0.005190436655115561,0.15571309965346683,False,ns,0.0015585772150876968,0.05299162531298169,False,ns,0.004194022959585824,0.12582068878757474,False,ns
2,stem_right,collision_rate,soft_hjb_aux,60,60,0.45483333333333337,0.38466666666666666,0.5263333333333333,0.3727110423902199,0.011522613315689507,0.7471265443270148,0.043807924225379845,1.0,False,ns,0.14952484267954028,1.0,False,ns,0.0028548919854274836,0.09135654353367947,False,ns
2,stem_right,collision_rate,eikonal_aux,60,60,0.32016666666666665,0.257,0.3881666666666667,-0.1999801177678176,-0.5800998478462194,0.14839560530060614,0.27585054265954223,1.0,False,ns,0.05736074472481935,1.0,False,ns,0.15856657703177257,1.0,False,ns
2,stem_right,collision_rate,cbf_aux,120,60,0.25625,0.22783125000000004,0.2859166666666667,-0.6418802912955687,-0.9877117497780661,-0.3334044814250122,0.0001761298476319899,0.006516804362383626,True,**,0.00011935761242687659,0.00453558927222131,True,**,0.00027813125756158364,0.010290856529778595,True,*
2,stem_right,success_rate,hjb_aux,72,60,0.3393055555555555,0.32055555555555554,0.3573611111111111,-0.05316919644400767,-0.3898197751840291,0.2960281612611425,0.7565224649219887,1.0,False,ns,0.9452672919071143,1.0,False,ns,0.34962454435777235,1.0,False,ns
2,stem_right,success_rate,soft_hjb_aux,60,60,0.22666666666666668,0.20750000000000002,0.24533333333333335,-1.679707344689891,-2.131857613663248,-1.294064339240061,1.963874730404667e-15,7.659111448578202e-14,True,***,6.692276125112711e-13,2.5430649275428302e-11,True,***,2.8177045081741088e-16,1.1834358934331256e-14,True,***
2,stem_right,success_rate,eikonal_aux,60,60,0.22333333333333336,0.19116666666666668,0.25516666666666665,-1.1996395844734675,-1.6434717867798554,-0.8315651866219944,3.5953825139448825e-09,1.258383879880709e-07,True,***,1.9459856527361043e-08,6.616351219302755e-07,True,***,2.0330787941781805e-08,7.522391538459267e-07,True,***
2,stem_right,success_rate,cbf_aux,120,60,0.3406666666666666,0.32025,0.35975,-0.025632449410580207,-0.2753704470357533,0.2504005410414956,0.8473974093677811,1.0,False,ns,0.3213313156134193,1.0,False,ns,0.09394134091529832,1.0,False,ns
2,stem_right,mean_ttc,hjb_aux,72,60,7.617109487948124,7.005926487509701,8.30044684354709,0.323604020187967,0.01944663401597824,0.6197083145230583,0.05401912560120853,0.9275169570404873,False,ns,0.39403750397246384,1.0,False,ns,0.06899568316521303,1.0,False,ns
2,stem_right,mean_ttc,soft_hjb_aux,60,60,6.672846600315004,6.298491737277785,7.030241333910738,-0.1268933871454751,-0.4724555985725789,0.24493184430089865,0.4884112875647014,1.0,False,ns,0.7191973239605827,1.0,False,ns,0.5085425484551123,1.0,False,ns
2,stem_right,mean_ttc,eikonal_aux,60,60,8.846968072926792,8.031751233263105,9.676738630153292,0.7775053862863092,0.44740274206379516,1.1458044481088006,5.360800850259147e-05,0.001929888306093293,True,**,0.0017432309378540042,0.050553697197766125,False,ns,1.8539800464875512e-05,0.000685972617200394,True,***
2,stem_right,mean_ttc,cbf_aux,120,60,7.892158056861738,7.40445302037263,8.40874141141477,0.4175418813931525,0.18196063247421576,0.641977756280855,0.0017519435880553197,0.05255830764165959,False,ns,0.03641366773323992,0.7646870223980382,False,ns,0.0363254864798016,0.8718116755152383,False,ns
2,stem_right,min_ttc,hjb_aux,72,60,0.19256912409053756,0.17094546677251482,0.2141206829967292,-0.18161856651158576,-0.5151551216772481,0.17990556637727104,0.31202140927072636,1.0,False,ns,0.4858429732139721,1.0,False,ns,0.15244574992812038,1.0,False,ns
2,stem_right,min_ttc,soft_hjb_aux,60,60,0.22656128048973,0.17359212384742276,0.27850114941654924,0.08227895310125033,-0.26968221384113583,0.45135243104485845,0.6532531380328668,1.0,False,ns,0.6347856814833908,1.0,False,ns,0.4324779404155228,1.0,False,ns
2,stem_right,min_ttc,eikonal_aux,60,60,0.34540045214627585,0.28529742852255185,0.4043634105310169,0.7014823430702906,0.35587391993966283,1.0824414830888127,0.00022869430055977544,0.007775606219032365,True,**,0.0033181746205441717,0.09954523861632515,False,ns,2.1285388046211372e-07,8.301301338022435e-06,True,***
2,stem_right,min_ttc,cbf_aux,120,60,0.21150836972797463,0.1946349636595202,0.2280425093802702,-0.008830277903699682,-0.3358978455962889,0.33569508992453073,0.9594332622742077,1.0,False,ns,0.7719743133360784,1.0,False,ns,0.982766722677154,1.0,False,ns
2,stem_right,ttc_p10_mean,hjb_aux,72,60,1.2025760277227466,1.116627851053793,1.2873560605806798,0.20166026785240299,-0.12638213422984346,0.5730077410679932,0.2493783550411748,1.0,False,ns,0.16266733299247038,1.0,False,ns,0.2576085858915966,1.0,False,ns
2,stem_right,ttc_p10_mean,soft_hjb_aux,60,60,1.1065709819155396,0.9469536488603122,1.2619929438902702,-0.04241130506481741,-0.40180653663039373,0.31760001656738945,0.8168121856290433,1.0,False,ns,0.5548743419824531,1.0,False,ns,0.7000228370828867,1.0,False,ns
2,stem_right,ttc_p10_mean,eikonal_aux,60,60,1.5505126348779443,1.3586531756961726,1.7399412278429038,0.7114107943543313,0.3551846796454216,1.1272876603482687,0.00019458239279374133,0.005837471783812239,True,**,0.0011478495720709696,0.03558333673420006,True,*,3.7915055494615973e-07,1.402857053300791e-05,True,***
2,stem_right,ttc_p10_mean,cbf_aux,120,60,1.242903634167478,1.1832209579849429,1.3017260507626223,0.3358631393945494,0.025265166978455458,0.6701938845914789,0.04161646577303847,0.7907128496877309,False,ns,0.033029364481929696,0.5614991961928049,False,ns,0.06547994232449666,1.0,False,ns
2,stem_right,action_entropy_mean,hjb_aux,72,60,1.0808764991046464,1.007251725739253,1.1540741074957757,-0.253013831168273,-0.5998512132541162,0.08897968279425365,0.1402238256869841,1.0,False,ns,0.331478543884168,1.0,False,ns,0.09535517986124949,1.0,False,ns
2,stem_right,action_entropy_mean,soft_hjb_aux,60,60,1.1383314698657785,1.0631957583001101,1.211677081237548,-0.0561479719923577,-0.41189427093195974,0.3069573976811305,0.758999878503811,1.0,False,ns,0.38791698344336434,1.0,False,ns,0.618910380932288,1.0,False,ns
2,stem_right,action_entropy_mean,eikonal_aux,60,60,1.182958480615107,1.1094931521384988,1.2531934980904564,0.11082008720689072,-0.25054037706085386,0.47503601496741854,0.5450607919247463,1.0,False,ns,0.09773284711194866,1.0,False,ns,0.2015998742923389,1.0,False,ns
2,stem_right,action_entropy_mean,cbf_aux,120,60,1.0675616696449552,1.0118518437966193,1.1209509099356167,-0.2989718717932892,-0.5675365315900096,-0.01666941131612514,0.0424332216569677,0.8062312114823863,False,ns,0.09186192678595596,1.0,False,ns,0.6903857585955242,1.0,False,ns
2,stem_right,hard_brakes_per_ep_mean,hjb_aux,72,60,0.33902777777777776,0.32027777777777783,0.3569479166666667,-0.05700402004810869,-0.3935566331585118,0.2925225237825034,0.7395900084082044,1.0,False,ns,0.9634979468220323,1.0,False,ns,0.3424838357503641,1.0,False,ns
2,stem_right,hard_brakes_per_ep_mean,soft_hjb_aux,60,60,0.22599999999999998,0.20683333333333334,0.24483333333333332,-1.6844203391505106,-2.135484425665619,-1.3000772761912447,1.7321942096794786e-15,6.755557417749967e-14,True,***,6.073425369634071e-13,2.307901640460947e-11,True,***,2.546404179807612e-16,1.094953797317273e-14,True,***
2,stem_right,hard_brakes_per_ep_mean,eikonal_aux,60,60,0.22283333333333336,0.19083333333333333,0.2546666666666667,-1.205420791165428,-1.6517299439412585,-0.8362150017153841,3.1149410181622814e-09,1.1213787665384213e-07,True,***,1.7240142532438564e-08,5.861648461029112e-07,True,***,1.8252424065816617e-08,6.570872663693983e-07,True,***
2,stem_right,hard_brakes_per_ep_mean,cbf_aux,120,60,0.3406666666666666,0.32025,0.35975,-0.025632449410580207,-0.2753704470357533,0.2504005410414956,0.8473974093677811,1.0,False,ns,0.3213313156134193,1.0,False,ns,0.09394134091529832,1.0,False,ns
2,stem_right,row_violations_per_ep_mean,hjb_aux,72,60,23.608055555555556,20.324024305555554,26.886972222222216,-0.3357255661507569,-0.6826012409595261,0.008395277582844463,0.05208630784921726,1.0,False,ns,0.12633966018159556,1.0,False,ns,0.02465628714266715,0.5917508914240116,False,ns
2,stem_right,row_violations_per_ep_mean,soft_hjb_aux,60,60,30.520499999999995,26.328158333333334,34.69349166666667,0.17799583958603366,-0.1785702146818251,0.5444503497320335,0.33186879671114566,1.0,False,ns,0.2580174151998962,1.0,False,ns,0.08744851965107439,1.0,False,ns
2,stem_right,row_violations_per_ep_mean,eikonal_aux,60,60,21.135499999999997,18.28249166666667,24.128350000000005,-0.5956471867237322,-1.000482830222658,-0.2239606699145423,0.001444738784507702,0.04623164110424646,True,*,0.0013173012213718996,0.03951903664115699,True,*,9.07128738006913e-06,0.00035378020782269605,True,***
2,stem_right,row_violations_per_ep_mean,cbf_aux,120,60,22.49416666666667,19.942308333333333,25.033639583333336,-0.41233168178054674,-0.7218281399739144,-0.12713558227687807,0.005707131568244713,0.17121394704734139,False,ns,0.009641615198907258,0.24104037997268146,False,ns,0.0018594586088976186,0.059502675484723794,False,ns
2,stem_right,action_go_frac,hjb_aux,72,60,0.35884866173739455,0.3334591884643412,0.3830075668276932,-0.4105401822961874,-0.7247242617643666,-0.08577881693181737,0.015615038454059968,0.35914588444337925,False,ns,0.16543673442642226,1.0,False,ns,0.001814116006806212,0.05079524819057393,False,ns
2,stem_right,action_go_frac,soft_hjb_aux,60,60,0.4253856425215673,0.4083641036822112,0.44266796223696303,0.43620614679465913,0.0827688307008064,0.8284500126558698,0.018471530393919796,0.40637366866623553,False,ns,0.01910287993524823,0.47757199838120573,False,ns,0.010050571398685084,0.241213713568442,False,ns
2,stem_right,action_go_frac,eikonal_aux,60,60,0.3852459474800849,0.358201169977166,0.4122689076581957,-0.12658374269325906,-0.4763877558623028,0.23960333060735212,0.48976350735513996,1.0,False,ns,0.9937183530845439,1.0,False,ns,0.46283624962891556,1.0,False,ns
2,stem_right,action_go_frac,cbf_aux,120,60,0.35055641074475646,0.3307345955596732,0.36971944087136877,-0.47398614953806745,-0.7173788322444646,-0.21837384433646834,0.0005470718543851443,0.01641215563155433,True,*,0.044394503226802454,1.0,False,ns,0.002589885087437317,0.06992689736080757,False,ns
2,stem_right,action_yield_frac,hjb_aux,72,60,0.19391685029216765,0.15124633620685252,0.24200955582491365,0.1718766836847061,-0.166491865454073,0.46975016294106997,0.3077419286514466,1.0,False,ns,0.889144218399838,1.0,False,ns,0.2570669353165727,1.0,False,ns
2,stem_right,action_yield_frac,soft_hjb_aux,60,60,0.15006696718671178,0.12593014080160292,0.17486579321031648,-0.1338160478778702,-0.47273257840165406,0.2396755673444767,0.46512589016469486,1.0,False,ns,0.6273223580428038,1.0,False,ns,0.20635902766542857,1.0,False,ns
2,stem_right,action_yield_frac,eikonal_aux,60,60,0.19107532785025627,0.17080904843830513,0.21260677360630703,0.24904386558920977,-0.10833810178554942,0.6626551224243261,0.17550103523891117,1.0,False,ns,0.01633906869481587,0.47611013635886734,False,ns,0.15067434607070362,1.0,False,ns
2,stem_right,action_yield_frac,cbf_aux,120,60,0.18089254702985233,0.14870052386135169,0.21588532175330027,0.09409687094362448,-0.1893457094173886,0.3468491174745701,0.4963086879710813,1.0,False,ns,0.6588325246305895,1.0,False,ns,0.48652550902894565,1.0,False,ns
2,stem_right,switching_rate_mean,hjb_aux,72,60,0.32860645887941814,0.2743223710598672,0.38406675308371824,-0.20882213099767977,-0.5613814002563098,0.13428369934479498,0.2302140851949165,1.0,False,ns,0.06128356551751508,1.0,False,ns,0.1704208582625368,1.0,False,ns
2,stem_right,switching_rate_mean,soft_hjb_aux,60,60,0.4024076696389863,0.33195058827508295,0.4716448620304641,0.1017817786847324,-0.2639693742351244,0.4636592053671647,0.578315614912692,1.0,False,ns,0.06279468473018224,1.0,False,ns,0.09447771989102297,1.0,False,ns
2,stem_right,switching_rate_mean,eikonal_aux,60,60,0.4150969269881918,0.3442002856702772,0.48395163793180895,0.15210539185292607,-0.21473021190206995,0.5194567734002977,0.4065625841943038,1.0,False,ns,0.04934307295117434,1.0,False,ns,0.04379196639137191,0.963423260610182,False,ns
2,stem_right,switching_rate_mean,cbf_aux,120,60,0.3312274543963464,0.2905764619028066,0.3715699943879142,-0.2028163540821428,-0.5014030307147519,0.09888685996746573,0.19539217377498067,1.0,False,ns,0.022225904550188604,0.5111958046543379,False,ns,0.6014048829486351,1.0,False,ns
2,stem_right,decision_latency_mean,hjb_aux,72,60,3.158213064200181,2.418982459101237,3.9389013559668937,0.051108816577263676,-0.2903606034733538,0.3998078368865161,0.7696365915167548,1.0,False,ns,0.7061488574990267,1.0,False,ns,0.9448692627266604,1.0,False,ns
2,stem_right,decision_latency_mean,soft_hjb_aux,60,60,5.051894361484234,3.896113637368927,6.29066017145125,0.5063570755745088,0.15900793330290214,0.8566054983837732,0.00657998691603095,0.2500395028091761,False,ns,0.003925003944601193,0.14130014200564295,False,ns,0.00043087961409915337,0.019820462248561054,True,*
2,stem_right,decision_latency_mean,eikonal_aux,60,60,6.451194619060951,4.519669016885675,8.621342040763379,0.5550292835929648,0.25581140093543536,0.8462634724284946,0.003234235424963761,0.13583788784847797,False,ns,0.08373279270474189,1.0,False,ns,0.0011344246934114175,0.04991468651010237,True,*
2,stem_right,decision_latency_mean,cbf_aux,120,60,3.258016352464541,2.504437747331659,4.0914904382187895,0.06490119237134359,-0.22975135726634574,0.3199937430260352,0.6476351211456861,1.0,False,ns,0.08074982624557052,1.0,False,ns,0.7634868532605782,1.0,False,ns
2_dense,right_left,mean_return,hjb_aux,102,120,101.10036009803936,83.461313394608,120.15228505392164,0.1343088431905818,-0.12273710792278031,0.40275378526254346,0.3215525213855834,1.0,False,ns,0.21103892552903614,1.0,False,ns,0.718180937817876,1.0,False,ns
2_dense,right_left,mean_return,soft_hjb_aux,90,120,71.63446855555559,63.092728900000004,80.23535836666673,-0.22810312786785694,-0.45067513714680973,0.011726497838471697,0.07446875027721318,0.8936250033265583,False,ns,0.7092238308955305,1.0,False,ns,0.9420134261225185,1.0,False,ns
2_dense,right_left,mean_return,eikonal_aux,84,120,47.844131309523824,37.220740818452434,58.68802568750001,-0.5293167783285763,-0.7363793697541132,-0.3101664918588634,6.268262518914983e-05,0.001504383004539596,True,**,1.1078897669396875e-06,2.9913023707371562e-05,True,***,0.003456336390986871,0.07258306421072429,False,ns
2_dense,right_left,mean_return,cbf_aux,96,120,126.19552729166675,105.00024285937506,147.75855776562506,0.3811193665579049,0.10999288661996372,0.6647068103292081,0.006870522986260913,0.1099283677801746,False,ns,0.0024894507343502714,0.04978901468700543,True,*,0.004544677600867918,0.09089355201735837,False,ns
2_dense,right_left,collision_rate,hjb_aux,102,120,0.0006862745098039215,0.0002941176470588235,0.0011764705882352942,0.07903803514461726,-0.18142131347458876,0.33346745248014686,0.5626693032134418,1.0,False,ns,0.5584294169682258,1.0,False,ns,0.7830420696694688,1.0,False,ns
2_dense,right_left,collision_rate,soft_hjb_aux,90,120,0.0,0.0,0.0,-0.30203984865483985,-0.4182386249506514,-0.1714016659004408,0.013684317756099169,0.36947657941467754,False,ns,0.03209838070720893,0.8987546598018501,False,ns,0.08324483100000236,1.0,False,ns
2_dense,right_left,collision_rate,eikonal_aux,84,120,0.00035714285714285714,0.0,0.0008333333333333334,-0.06926420420796302,-0.32291993765590443,0.22160458016786935,0.6171577863645032,1.0,False,ns,0.6280932371320326,1.0,False,ns,0.3202170191670507,1.0,False,ns
2_dense,right_left,collision_rate,cbf_aux,96,120,0.0009375000000000001,0.0003125,0.0016666666666666668,0.1607254690129612,-0.11730425425296229,0.4150808283316703,0.2623532230245694,1.0,False,ns,0.3177136668049845,1.0,False,ns,0.10919488193630314,1.0,False,ns
2_dense,right_left,success_rate,hjb_aux,102,120,0.30411764705882355,0.23529411764705882,0.37696568627450977,0.21158843533411628,-0.05377710009947452,0.485243244523166,0.11755874717998993,1.0,False,ns,0.006887722683209411,0.15841762171381646,False,ns,0.47096551732655123,1.0,False,ns
2_dense,right_left,success_rate,soft_hjb_aux,90,120,0.32333333333333336,0.2503333333333333,0.39722499999999994,0.26406968924958935,-0.018276698831192983,0.5566497127101392,0.059858304629647,0.838016264815058,False,ns,0.9156185699113235,1.0,False,ns,0.001642029741225209,0.03940871378940501,True,*
2_dense,right_left,success_rate,eikonal_aux,84,120,0.1710714285714286,0.11916666666666667,0.22416964285714283,-0.17669219921689158,-0.42334287092204,0.09083896846913453,0.18586749304422348,1.0,False,ns,0.6899119211929532,1.0,False,ns,0.7594199382049477,1.0,False,ns
2_dense,right_left,success_rate,cbf_aux,96,120,0.3628125,0.28145572916666667,0.4447916666666667,0.3534892668309477,0.07754112717605714,0.6382097005099289,0.011594468294580123,0.2550783024807627,False,ns,0.011776714061344687,0.25908770934958314,False,ns,0.0092483091037933,0.1757178729720727,False,ns
2_dense,right_left,mean_ttc,hjb_aux,102,120,9.556813668784615,8.861816744536524,10.261108277411534,-0.11744442769118699,-0.38163583756862623,0.1484302722956191,0.38722545306303946,1.0,False,ns,0.3427319104533628,1.0,False,ns,0.7908200222735666,1.0,False,ns
2_dense,right_left,mean_ttc,soft_hjb_aux,90,120,8.109558765453013,7.573496401380671,8.654080642431971,-0.6028182580223899,-0.8630535411979249,-0.3397897885766254,1.3076583355325393e-05,0.0005099867508576903,True,***,4.0174230976567034e-05,0.0014462723151564133,True,**,1.5477863694485616e-08,6.500702751683959e-07,True,***
2_dense,right_left,mean_ttc,eikonal_aux,84,120,11.041795574355985,10.371962425027503,11.724297539743418,0.3270602035257535,0.05043093170179511,0.6305333689858871,0.02141858219878528,0.535464554969632,False,ns,0.0077761233749280125,0.20995533112305634,False,ns,0.020238048362034883,0.5464273057749418,False,ns
2_dense,right_left,mean_ttc,cbf_aux,96,120,10.13263192057862,9.310569631959725,11.013738239900531,0.043532429368703704,-0.23723280476739456,0.31172215498698214,0.757553469741365,1.0,False,ns,0.8036129630917113,1.0,False,ns,0.9973897288686698,1.0,False,ns
2_dense,right_left,min_ttc,hjb_aux,102,120,0.1543237397226074,0.13272825442879577,0.17641357099871638,-0.2632719754201669,-0.4521565149726203,-0.038045048821626966,0.04039572908617742,0.8483103108097257,False,ns,0.5281862186588182,1.0,False,ns,0.12295276032109188,1.0,False,ns
2_dense,right_left,min_ttc,soft_hjb_aux,90,120,0.1395335543523601,0.11586187017811568,0.16350049091032937,-0.328470092348815,-0.5145816658561554,-0.1065862005354611,0.010489048684588746,0.2727152657993074,False,ns,0.18461975285029353,1.0,False,ns,0.0006320617856522725,0.021490100712177263,True,*
2_dense,right_left,min_ttc,eikonal_aux,84,120,0.2282071660497105,0.18921863317325502,0.27023482673778204,0.09193887505888992,-0.1623021873332597,0.4049807791367539,0.4971624095826509,1.0,False,ns,0.045312029313543056,0.9515526155844042,False,ns,0.8599522304649392,1.0,False,ns
2_dense,right_left,min_ttc,cbf_aux,96,120,0.1480190159184729,0.12440425137772759,0.17294669960164785,-0.28799714427094764,-0.477520937924122,-0.06726915279203921,0.025352227722326932,0.5577490098911925,False,ns,0.3145254211334253,1.0,False,ns,0.07967699412037915,1.0,False,ns
2_dense,right_left,ttc_p10_mean,hjb_aux,102,120,1.1505850578418086,1.0414122417645995,1.2522647734950632,-0.1500587855603687,-0.4080635327460866,0.10775083503141829,0.26034033827887143,1.0,False,ns,0.32697136511525227,1.0,False,ns,0.7288974505898866,1.0,False,ns
2_dense,right_left,ttc_p10_mean,soft_hjb_aux,90,120,1.1221750056446487,1.0103279819255846,1.2334443386560818,-0.1968049189581526,-0.47150438526042937,0.07956887567515024,0.1503442718118255,1.0,False,ns,0.3299938955138796,1.0,False,ns,0.00440134561162328,0.11003364029058199,False,ns
2_dense,right_left,ttc_p10_mean,eikonal_aux,84,120,1.4328416622154994,1.305769743558587,1.557858775803487,0.3114050453357396,0.02239135316529179,0.6028836964570868,0.027609137162214126,0.5521827432442825,False,ns,0.006122216214590411,0.15305540536476028,False,ns,0.25170383954806624,1.0,False,ns
2_dense,right_left,ttc_p10_mean,cbf_aux,96,120,1.0996150616797264,0.9656975375554712,1.2340835661488692,-0.2159006718487629,-0.4837408739706526,0.05787402561043357,0.11825059560821369,1.0,False,ns,0.31195507596638483,1.0,False,ns,0.12973516685833505,1.0,False,ns
2_dense,right_left,action_entropy_mean,hjb_aux,102,120,1.0684279245483088,1.002827892634488,1.131018037666165,-0.24085836371850214,-0.5149452233834934,0.021926015826377317,0.07514482089028746,1.0,False,ns,0.02506615580252681,0.520583582977323,False,ns,0.2428253406402721,1.0,False,ns
2_dense,right_left,action_entropy_mean,soft_hjb_aux,90,120,1.2795499833160364,1.2364281986556334,1.3229383902735037,0.4646512631832007,0.22030437869090616,0.7061104010525558,0.0005015367533186425,0.016550712859515204,True,*,0.0002399396830943415,0.00791800954211327,True,**,0.016571960262866735,0.36007135179874367,False,ns
2_dense,right_left,action_entropy_mean,eikonal_aux,84,120,1.2783459863164903,1.227806138498491,1.3278040175743557,0.44693124838306186,0.19778106275987312,0.6942626787801539,0.0010234953599055766,0.03275185151697845,True,*,0.0007986696163575204,0.02396008849072561,True,*,0.007891084421713957,0.20516819496456287,False,ns
2_dense,right_left,action_entropy_mean,cbf_aux,96,120,1.005498415919815,0.9304846474925572,1.0823038506396845,-0.4067485462412491,-0.6986642420770676,-0.13478022539478263,0.0038278601089801125,0.10718008305144315,False,ns,0.0018292412746704477,0.049389514416102086,True,*,0.0003628849138311823,0.010886547414935468,True,*
2_dense,right_left,hard_brakes_per_ep_mean,hjb_aux,102,120,0.291078431372549,0.221857843137255,0.3649019607843137,0.19287075251330274,-0.07106196832964373,0.46402851538002066,0.15408389396800662,1.0,False,ns,0.006464529133362331,0.14868417006733362,False,ns,0.5342065457299643,1.0,False,ns
2_dense,right_left,hard_brakes_per_ep_mean,soft_hjb_aux,90,120,0.31555555555555564,0.24366388888888896,0.3882277777777778,0.262384920573005,-0.020597786933442944,0.5554076331423061,0.06137870958888965,0.8593019342444551,False,ns,0.7527182144400381,1.0,False,ns,0.001421518628157944,0.03411644707579065,True,*
2_dense,right_left,hard_brakes_per_ep_mean,eikonal_aux,84,120,0.16702380952380955,0.1161875,0.21940476190476185,-0.1714745847014963,-0.41893655490818293,0.09535597769283899,0.19872738944541063,1.0,False,ns,0.8057602758528909,1.0,False,ns,0.750238905485705,1.0,False,ns
2_dense,right_left,hard_brakes_per_ep_mean,cbf_aux,96,120,0.3567708333333333,0.27520833333333333,0.4388541666666666,0.35520434375711807,0.07866792195204592,0.6408557103372114,0.011296600923868725,0.24852522032511196,False,ns,0.008145371961402009,0.17919818315084418,False,ns,0.008426540390732082,0.16010426742390954,False,ns
2_dense,right_left,row_violations_per_ep_mean,hjb_aux,102,120,21.843627450980385,20.568102941176473,23.14578921568628,-0.11551513617941302,-0.3791035084946416,0.1382904176118841,0.3806358812251929,1.0,False,ns,0.24796186708686818,1.0,False,ns,0.2543563319490013,1.0,False,ns
2_dense,right_left,row_violations_per_ep_mean,soft_hjb_aux,90,120,24.098444444444446,22.876766666666672,25.32640833333333,0.16781715801919964,-0.08900443731187015,0.43459668409678087,0.2045185434804706,1.0,False,ns,0.05742437132620506,1.0,False,ns,0.025631651245995528,0.5917508914240116,False,ns
2_dense,right_left,row_violations_per_ep_mean,eikonal_aux,84,120,23.949047619047622,22.560208333333332,25.30444345238095,0.1460787300433635,-0.11058119846156131,0.4193749195317143,0.2763037563150662,1.0,False,ns,0.07014356102421634,1.0,False,ns,0.000745982503801419,0.026109387633049663,True,*
2_dense,right_left,row_violations_per_ep_mean,cbf_aux,96,120,21.87604166666667,20.5582265625,23.141171875,-0.11170012176011747,-0.36581768608111104,0.1481882420028564,0.3992070998356404,1.0,False,ns,0.5194825148269946,1.0,False,ns,0.3624724707122251,1.0,False,ns
2_dense,right_left,action_go_frac,hjb_aux,102,120,0.2999039111909848,0.26276240184216215,0.3413810599422744,-0.07475029012337199,-0.3479205286401111,0.1871081609168971,0.5821316735293507,1.0,False,ns,0.1330133890075269,1.0,False,ns,0.3593808049903011,1.0,False,ns
2_dense,right_left,action_go_frac,soft_hjb_aux,90,120,0.3618159959118207,0.3484070232017594,0.375087940055985,0.32052950027179083,0.06177107264026758,0.6521615388061482,0.010987956736000592,0.2637109616640142,False,ns,5.914281644995055e-08,2.18828420864817e-06,True,***,8.895661639533364e-06,0.0003113481573836677,True,***
2_dense,right_left,action_go_frac,eikonal_aux,84,120,0.29184934413399505,0.26728503639267615,0.31571081031334736,-0.14024491726476443,-0.379347865900826,0.12030180259473243,0.2867544986666419,1.0,False,ns,0.715046658924545,1.0,False,ns,0.28147415416437654,1.0,False,ns
2_dense,right_left,action_go_frac,cbf_aux,96,120,0.3515111428570707,0.3035911056415322,0.40157196022760694,0.17190356657831227,-0.10618813553296674,0.44537017087643754,0.2247814617988395,1.0,False,ns,0.7515517925501126,1.0,False,ns,0.04984280030382852,0.9470132057727418,False,ns
2_dense,right_left,action_yield_frac,hjb_aux,102,120,0.13209449054775418,0.11258246828483179,0.153858433232576,-0.124843975198242,-0.41855012472675557,0.1388247984648822,0.36312795506425666,1.0,False,ns,0.04626507456400828,1.0,False,ns,0.5356144200496593,1.0,False,ns
2_dense,right_left,action_yield_frac,soft_hjb_aux,90,120,0.17397987661022327,0.15964925088840154,0.18864022942270975,0.3661471774803905,0.09919495605590231,0.6769611258348858,0.007482445185681721,0.2469206911274968,False,ns,0.00014000672603029537,0.005320255589151224,True,**,0.014472288752643264,0.4588294704370262,False,ns
2_dense,right_left,action_yield_frac,eikonal_aux,84,120,0.17785284478126687,0.15749970099652197,0.19978050338192027,0.3604040897015126,0.08174766601397329,0.6496597192881668,0.014478992019583026,0.4488487526070738,False,ns,0.0006356911665263322,0.021613499661895293,True,*,0.0026728862906511275,0.09355102017278946,False,ns
2_dense,right_left,action_yield_frac,cbf_aux,96,120,0.16753343417976949,0.1378152158489261,0.1991245640533595,0.19196345695152153,-0.09282173702138756,0.44973585067792987,0.18743451846240788,1.0,False,ns,0.687653688662936,1.0,False,ns,0.2817777780561917,1.0,False,ns
2_dense,right_left,switching_rate_mean,hjb_aux,102,120,0.3333621777500249,0.28758524200131047,0.3800020157500766,-0.26252102090023155,-0.5292701726081436,0.004252600379236815,0.051555642843219826,1.0,False,ns,0.005736523408163574,0.16062265542858006,False,ns,0.2043508358480468,1.0,False,ns
2_dense,right_left,switching_rate_mean,soft_hjb_aux,90,120,0.4546384886493197,0.39802751176291484,0.5107473506940784,0.2161147930331213,-0.06167840819636682,0.5035304743908844,0.12761086682466755,1.0,False,ns,0.00044452686302498486,0.01555844020587447,True,*,0.36470375004578715,1.0,False,ns
2_dense,right_left,switching_rate_mean,eikonal_aux,84,120,0.5166979732528824,0.46421764404092525,0.5683600033479733,0.4789248396077713,0.2004164431243714,0.7755562955031728,0.0008518944120785621,0.029816304422749674,True,*,1.1491574179957297e-06,4.711545413782492e-05,True,***,0.020810254571557177,0.5202563642889294,False,ns
2_dense,right_left,switching_rate_mean,cbf_aux,96,120,0.3408101449405827,0.2923071492574564,0.3907835638034525,-0.23073340985658652,-0.5045970861644992,0.03760769136084872,0.09209827080001065,1.0,False,ns,0.020746917698686255,0.49792602476847014,False,ns,0.022959377391381177,0.5510250573931482,False,ns
2_dense,right_left,decision_latency_mean,hjb_aux,102,120,12.912579207280716,9.791081796711353,16.336000248062962,-0.19629705825081675,-0.3985361147019702,0.04792452221222178,0.12949099194991864,1.0,False,ns,0.7269906143517826,1.0,False,ns,0.11221079255861188,1.0,False,ns
2_dense,right_left,decision_latency_mean,soft_hjb_aux,90,120,11.582063866493042,8.40992548353915,15.149735833700184,-0.2458174497403364,-0.44529537464238644,-0.014647644704646667,0.05799743578711976,1.0,False,ns,0.4093718396810402,1.0,False,ns,0.016862539807817153,0.556463813657966,False,ns
2_dense,right_left,decision_latency_mean,eikonal_aux,83,120,7.65418132686688,5.822850808415181,9.730910604672353,-0.42087216187428417,-0.5758313796234303,-0.26111059269714754,0.0007559624908036778,0.0340183120861655,True,*,0.10320367431140913,1.0,False,ns,0.003776667839383976,0.15862004925412698,False,ns
2_dense,right_left,decision_latency_mean,cbf_aux,96,120,17.872160351637344,12.58289730786509,24.23850620746242,0.0002697311099432558,-0.25344492355561854,0.27990227387641703,0.9984230215265646,1.0,False,ns,0.9284129643015684,1.0,False,ns,0.8179163973305804,1.0,False,ns
3,left_right,mean_return,hjb_aux,102,120,82.88911784313717,75.3179806813724,90.08332073529402,-0.8084219304092932,-1.0620427732138944,-0.5733513008188034,2.938024303228113e-08,8.81407290968434e-07,True,***,2.0495178728707252e-08,6.148553618612176e-07,True,***,8.324770241743336e-07,2.247687965270701e-05,True,***
3,left_right,mean_return,soft_hjb_aux,102,120,52.6696475490195,44.454255884803814,60.691884718137146,-1.6596427642980793,-1.9863671408379244,-1.396858973970658,9.358586690883408e-24,3.556262942535695e-22,True,***,5.250318285443217e-23,2.2051336798861512e-21,True,***,4.897411616258165e-19,1.8120422980155212e-17,True,***
3,left_right,mean_return,eikonal_aux,96,120,82.22405364583322,70.94092695833321,91.87669639322907,-0.6646486907300388,-0.9122115983712751,-0.43879620964392785,1.3393364632765215e-05,0.0003482274804518956,True,***,1.0334192768066031e-07,2.996915902739149e-06,True,***,1.6836955456718964e-05,0.0004209238864179741,True,***
3,left_right,mean_return,cbf_aux,102,120,99.24898745098044,93.60470519852942,104.62174790686282,-0.34852868380296187,-0.6239461297897636,-0.082708016836477,0.011227433001251891,0.16841149501877836,False,ns,0.015136794270263211,0.24218870832421138,False,ns,0.022897697890580552,0.3892608641398694,False,ns
3,left_right,collision_rate,hjb_aux,102,120,0.028039215686274505,0.021666666666666667,0.03480392156862745,0.014210821588068249,-0.25332613248659647,0.2826889679792404,0.9167880032484486,1.0,False,ns,0.5710633812469561,1.0,False,ns,0.778734684024126,1.0,False,ns
3,left_right,collision_rate,soft_hjb_aux,102,120,0.055490196078431385,0.0407843137254902,0.07205882352941176,0.4732125543141439,0.24492664828585756,0.6835757819400324,0.0012370610498243346,0.04206007569402737,True,*,0.1019042008721277,1.0,False,ns,0.0040428112626734085,0.12532714914287565,False,ns
3,left_right,collision_rate,eikonal_aux,96,120,0.034270833333333334,0.026458333333333334,0.043125000000000004,0.18704831942842826,-0.08861524432508852,0.4459468089235659,0.18821043736982976,1.0,False,ns,0.44063637183189985,1.0,False,ns,0.37463220376274664,1.0,False,ns
3,left_right,collision_rate,cbf_aux,102,120,0.02303921568627451,0.018431372549019612,0.027941176470588237,-0.16244208371433155,-0.41590542627206917,0.10221514467736288,0.22130992139719427,1.0,False,ns,0.300304708680023,1.0,False,ns,0.36574545764191135,1.0,False,ns
3,left_right,success_rate,hjb_aux,102,120,0.01568627450980392,0.010392156862745099,0.02176470588235294,0.333758591725254,0.07546040492183448,0.5852233886188297,0.017560892127484518,0.36877873467717487,False,ns,0.0412190994416565,0.7007246905081604,False,ns,0.015392061483437433,0.2770571067018738,False,ns
3,left_right,success_rate,soft_hjb_aux,102,120,0.03411764705882353,0.02245098039215686,0.04725490196078431,0.5783956949041952,0.37377600357091517,0.7745067184118145,0.00010709236548772975,0.0032127709646318924,True,**,0.003241023115978024,0.08426660101542863,False,ns,0.00013375833516354323,0.004012750054906297,True,**
3,left_right,success_rate,eikonal_aux,96,120,0.028645833333333332,0.011979166666666666,0.04979166666666667,0.3279380773638133,0.11415567353217938,0.4967954668417362,0.033103682637286864,0.6171961492275935,False,ns,0.8812123599590953,1.0,False,ns,0.024754773511687502,0.40713894511166715,False,ns
3,left_right,success_rate,cbf_aux,102,120,0.0024509803921568627,0.0014705882352941178,0.003529411764705882,-0.3449341980607477,-0.494296181036424,-0.17269241367826088,0.0068104014729140116,0.15663923387702228,False,ns,0.08894717417305831,1.0,False,ns,0.0035248999497733886,0.08107269884478793,False,ns
3,left_right,mean_ttc,hjb_aux,102,120,19.058334333633574,16.003615374079356,22.475243810922834,-0.4604049662970946,-0.6841192725529414,-0.2311167804420051,0.000493682162783152,0.016291511371844015,True,*,1.9094706766734823e-06,7.44693563902658e-05,True,***,0.0004933370284339726,0.016280121938321096,True,*
3,left_right,mean_ttc,soft_hjb_aux,102,120,15.6154005454186,13.01899401987326,18.6251040625591,-0.6321291389859307,-0.8516215493874789,-0.41591399409347213,1.9902573863245483e-06,8.359081022563103e-05,True,***,2.521359490824211e-12,1.0337573912379264e-10,True,***,1.353850637214382e-05,0.0005280017485136089,True,***
3,left_right,mean_ttc,eikonal_aux,96,120,23.52929384156469,19.96986212775988,27.42571687566799,-0.25502858628307046,-0.49118785797607206,0.003687184150883788,0.054532758159146266,0.9275169570404873,False,ns,0.11493457748917994,1.0,False,ns,0.10098453745607781,1.0,False,ns
3,left_right,mean_ttc,cbf_aux,102,120,25.979529381879846,20.968840412193195,31.53850852274208,-0.13326588713324655,-0.40129670204629964,0.13002582285012432,0.3237155814766943,1.0,False,ns,0.012115365205811617,0.2907687649394788,False,ns,0.3085063135909533,1.0,False,ns
3,left_right,min_ttc,hjb_aux,102,120,0.43854058446770494,0.41216677596825646,0.46387318706517683,-0.4872961761406032,-0.7627146327842925,-0.22501626625316182,0.0004271091463491642,0.014094601829522418,True,*,0.001702254071541457,0.054472130289326626,False,ns,0.01138235583090555,0.2959412516035443,False,ns
3,left_right,min_ttc,soft_hjb_aux,102,120,0.3814575307090472,0.34224486564095247,0.4205728691003632,-0.7308002357275761,-1.0163187315646693,-0.4668784129381735,5.740260146875527e-07,2.296104058750211e-05,True,***,0.00013049226296722204,0.004567229203852771,True,**,2.015756915956405e-05,0.0007458300589038698,True,***
3,left_right,min_ttc,eikonal_aux,96,120,0.5498223510200538,0.515160467691527,0.5846630533844676,0.3459836155409025,0.06553573718215552,0.6336471796965673,0.016368832969761122,0.40922082424402806,False,ns,0.0074449296826173544,0.21590296079590326,False,ns,0.027435451045027332,0.6310153740356287,False,ns
3,left_right,min_ttc,cbf_aux,102,120,0.5019586110040063,0.4752834739748267,0.5280706683137217,0.017883366897371893,-0.25056768899588927,0.28287753712502167,0.8957377183324293,1.0,False,ns,0.8544324128436738,1.0,False,ns,0.38978130590687055,1.0,False,ns
3,left_right,ttc_p10_mean,hjb_aux,102,120,1.3381976701432035,1.288343311698949,1.3887649040258692,-0.6669052044179961,-0.9521493291294911,-0.40633334623734274,2.2028407099674633e-06,7.269374342892629e-05,True,***,4.688543555730382e-06,0.00016878756800629374,True,***,0.00016251668392544083,0.004875500517763225,True,**
3,left_right,ttc_p10_mean,soft_hjb_aux,102,120,1.2072945776497173,1.1274285696433042,1.286791369937813,-0.9017218064601326,-1.1901916200593956,-0.6439684899779344,2.045546296962301e-09,8.182185187849205e-08,True,***,3.9573165229491614e-07,1.4642071134911897e-05,True,***,4.5576602610195816e-08,1.8230641044078326e-06,True,***
3,left_right,ttc_p10_mean,eikonal_aux,96,120,1.5934344540300058,1.5247891595309147,1.6592068766893693,0.35688839896266183,0.07791652774842278,0.6560042923578919,0.013841058399992487,0.3183443431998272,False,ns,0.0015752007355363104,0.045680821330553,True,*,0.03671090120353192,0.7342180240706384,False,ns
3,left_right,ttc_p10_mean,cbf_aux,102,120,1.465638307452342,1.4168835034379121,1.5120998608030263,-0.13065595592498283,-0.40452158392938264,0.12832873541816203,0.3386868878898054,1.0,False,ns,0.37005927413631023,1.0,False,ns,0.7398934328796851,1.0,False,ns
3,left_right,action_entropy_mean,hjb_aux,102,120,1.208028263086712,1.1593298806667676,1.2548560987287871,0.007504978853127834,-0.26092245062151126,0.2762761390761274,0.9556112571068611,1.0,False,ns,0.9206652160166053,1.0,False,ns,0.6803122746389858,1.0,False,ns
3,left_right,action_entropy_mean,soft_hjb_aux,102,120,1.2855078425996964,1.2393820008430452,1.3315267198221121,0.3238425923711814,0.06222387147848584,0.5857858969127296,0.016695184666381032,0.3672940626603827,False,ns,0.001013824721605461,0.0290109359981218,True,*,0.006874611570159621,0.18561451239430976,False,ns
3,left_right,action_entropy_mean,eikonal_aux,96,120,1.2916050996324937,1.234824174245695,1.34622960459649,0.3276698144287029,0.06373500516721971,0.6054188121892528,0.018897971761161713,0.396857406984396,False,ns,0.00035674979586868265,0.011415993467797845,True,*,0.014019047854938878,0.3364571485185331,False,ns
3,left_right,action_entropy_mean,cbf_aux,102,120,1.177004589826604,1.1209290867795207,1.2303571052063533,-0.11079362101305051,-0.3801740368754015,0.16110266434788947,0.41585911620108396,1.0,False,ns,0.602336557893494,1.0,False,ns,0.3351807004697608,1.0,False,ns
3,left_right,hard_brakes_per_ep_mean,hjb_aux,102,120,0.014607843137254902,0.009411764705882354,0.02049019607843137,0.3102414305078246,0.048191261116114235,0.5609100545717429,0.02695337736954842,0.5390675473909684,False,ns,0.021642722806723868,0.39934831620101474,False,ns,0.023647324600693707,0.42565184281248675,False,ns
3,left_right,hard_brakes_per_ep_mean,soft_hjb_aux,102,120,0.031764705882352945,0.02049019607843137,0.04441176470588235,0.5544425713842397,0.3475984391562869,0.7500335727394688,0.00019373041204136818,0.005618181949199677,True,**,0.0012675334320223566,0.03422340266460363,True,*,0.000237711423654323,0.006893631285975367,True,**
3,left_right,hard_brakes_per_ep_mean,eikonal_aux,96,120,0.027187500000000003,0.010729166666666666,0.048231770833333305,0.31429333978921653,0.09625835892983693,0.48310743946223883,0.04092815420393943,0.6957786214669703,False,ns,0.9361613902355475,1.0,False,ns,0.03159213792926178,0.5054742068681884,False,ns
3,left_right,hard_brakes_per_ep_mean,cbf_aux,102,120,0.001764705882352941,0.000980392156862745,0.002647058823529412,-0.3671731054204683,-0.5094363055560979,-0.21348479400986597,0.003950991638510274,0.09482379932424659,False,ns,0.0392517676352827,0.6280282821645232,False,ns,0.002405783990880602,0.05533303179025384,False,ns
3,left_right,row_violations_per_ep_mean,hjb_aux,102,120,131.36990196078432,121.45029656862744,141.36474264705882,0.13985102121956017,-0.12201278342163772,0.41277517988573553,0.3029047092598929,1.0,False,ns,0.27327388281929965,1.0,False,ns,0.5066085404498608,1.0,False,ns
3,left_right,row_violations_per_ep_mean,soft_hjb_aux,102,120,142.4777450980392,131.68466666666663,153.11170588235294,0.35239108106553824,0.08745757211405343,0.6259798084831594,0.010291984835189047,0.2881755753852933,False,ns,0.001351143949255628,0.03951903664115699,True,*,0.020149662273450254,0.5037415568362563,False,ns
3,left_right,row_violations_per_ep_mean,eikonal_aux,96,120,110.16197916666665,101.33948697916668,118.54080989583333,-0.31151330949742306,-0.5782088868101299,-0.0498479150501625,0.02201130628061951,0.5722939632961073,False,ns,0.019117379662564524,0.4588171119015486,False,ns,0.0069641008658484944,0.20195892510960634,False,ns
3,left_right,row_violations_per_ep_mean,cbf_aux,102,120,125.59607843137255,115.61240196078427,135.6337769607843,0.023845498284186414,-0.24607321195435453,0.2879250386558244,0.8603676400398945,1.0,False,ns,0.9991635156383146,1.0,False,ns,0.10166224326852492,1.0,False,ns
3,left_right,action_go_frac,hjb_aux,102,120,0.22703592675204895,0.2152523685933322,0.23863324465239014,0.18538177804594713,-0.0859763553485606,0.45728663450584245,0.16936462724586057,1.0,False,ns,0.1686610064147307,1.0,False,ns,0.07143319202511685,1.0,False,ns
3,left_right,action_go_frac,soft_hjb_aux,102,120,0.2709462711797725,0.25879449560963297,0.28297712364861294,0.8864048733150741,0.6099659732732935,1.1844684769302511,3.514813564661314e-10,1.4059254258645256e-08,True,***,3.8532545589039517e-10,1.57983436915062e-08,True,***,1.4476507282341624e-11,5.935367985760066e-10,True,***
3,left_right,action_go_frac,eikonal_aux,96,120,0.2514413052200532,0.23549646175180916,0.26633244296940795,0.517873393404816,0.22756444528344952,0.8400967290126672,0.000289584516399544,0.009266704524785408,True,**,2.481197923857283e-05,0.0007939833356343306,True,***,0.0011225222976106934,0.03255314663071011,True,*
3,left_right,action_go_frac,cbf_aux,102,120,0.23143030717135282,0.21831488886702055,0.2445418405256285,0.24230721687534862,-0.024063885912654,0.5215016406926374,0.07571969070659489,1.0,False,ns,0.09449251470543721,1.0,False,ns,0.0053869851678396835,0.1346746291959921,False,ns
3,left_right,action_yield_frac,hjb_aux,102,120,0.20905056638486327,0.18762447025340995,0.23296311884159998,-0.1422312300822909,-0.3955302550396718,0.12214657274339824,0.2841956010434036,1.0,False,ns,0.20723768547632093,1.0,False,ns,0.37167301877675707,1.0,False,ns
3,left_right,action_yield_frac,soft_hjb_aux,102,120,0.21250064330414492,0.19379537195905833,0.2328162727640966,-0.12250949264952517,-0.3781357932484272,0.14027470322900323,0.3504902191228555,1.0,False,ns,0.5327692395669675,1.0,False,ns,0.39557803920910106,1.0,False,ns
3,left_right,action_yield_frac,eikonal_aux,96,120,0.18304331331664217,0.16463183024459319,0.20200758889172768,-0.3608791224074646,-0.6109883455134878,-0.11223414730399307,0.0062726626417978605,0.21327052982112726,False,ns,0.021983720338808164,0.6155441694866286,False,ns,0.0429336779747551,1.0,False,ns
3,left_right,action_yield_frac,cbf_aux,102,120,0.19186827099165132,0.1667970544279204,0.22067526518416208,-0.25133469737854575,-0.5492349743410045,0.013637972417000115,0.06296738941715513,1.0,False,ns,0.012929622822756963,0.4008183075054659,False,ns,0.03225333780907129,0.9676001342721386,False,ns
3,left_right,switching_rate_mean,hjb_aux,102,120,0.4023176683877234,0.3569463613125166,0.44711540793727206,0.06469868361754762,-0.1965880948560933,0.32970921605463616,0.6304216721072409,1.0,False,ns,0.38823958885563403,1.0,False,ns,0.5329603556273489,1.0,False,ns
3,left_right,switching_rate_mean,soft_hjb_aux,102,120,0.4464915195087463,0.3925777696730851,0.5001584699834825,0.2297394181914624,-0.03232243600159244,0.49634123014976894,0.09271258383387611,1.0,False,ns,3.8039920957015184e-05,0.0014835569173235921,True,**,0.062250705008609214,1.0,False,ns
3,left_right,switching_rate_mean,eikonal_aux,96,120,0.4673782010420824,0.4137702549522117,0.5204296276252918,0.3189668819201161,0.048259693681627795,0.5987422681464082,0.021805704768384435,0.654171143051533,False,ns,1.6434800746447416e-05,0.0006573920298578967,True,***,0.049394586474289764,1.0,False,ns
3,left_right,switching_rate_mean,cbf_aux,102,120,0.41569747545328406,0.3704768363837798,0.4608553850100475,0.12116310289580903,-0.1480083917802169,0.3891767329724429,0.3671411768217526,1.0,False,ns,0.14303481106404223,1.0,False,ns,0.01484823609119593,0.3860541383710942,False,ns
3,left_right,decision_latency_mean,hjb_aux,102,120,23.35076802902717,18.855885178280996,28.083490756582442,0.10872621211312879,-0.15921864998595336,0.3729354192291459,0.42289893543627877,1.0,False,ns,0.20423215796645688,1.0,False,ns,0.6847081189202682,1.0,False,ns
3,left_right,decision_latency_mean,soft_hjb_aux,102,120,14.223665507336294,11.256926337128663,17.522170398895472,-0.33201354826986523,-0.5726020571444352,-0.07312254705607461,0.012147045678593931,0.40085250739359973,False,ns,0.003319285146644254,0.1228135504258374,False,ns,0.012220964199231299,0.43995471117232676,False,ns
3,left_right,decision_latency_mean,eikonal_aux,96,120,13.31873852965017,10.221136494006288,16.701064817921285,-0.37531714110381653,-0.619877829397489,-0.12704387391240005,0.00498439749321806,0.19937589972872238,False,ns,0.00043546923045749447,0.017854238448757272,True,*,0.010076071347385035,0.3793585744527528,False,ns
3,left_right,decision_latency_mean,cbf_aux,102,120,23.99496491225374,19.214987970162287,29.03038837310879,0.1320743060538013,-0.1421154014088241,0.3873885269554418,0.33301639204741296,1.0,False,ns,0.1108055753789032,1.0,False,ns,0.28775878807214333,1.0,False,ns
3,right_left,mean_return,hjb_aux,66,114,257.08074909090914,238.69003945454548,274.1466828257576,0.4150632767925039,0.12383885092354914,0.7206956065959966,0.005078729350430804,0.08633839895732366,False,ns,0.028797367554794662,0.4319605133219199,False,ns,0.01526973050304431,0.2748551490547976,False,ns
3,right_left,mean_return,soft_hjb_aux,114,114,115.7791188596491,105.46154211184208,126.78033615131578,-1.3776152043360572,-1.6980405662774145,-1.0838297694695982,2.2525259465558513e-20,8.109093407601065e-19,True,***,6.14554758004641e-17,2.2123971288167078e-15,True,***,7.695474647321043e-19,2.7703708730355752e-17,True,***
3,right_left,mean_return,eikonal_aux,114,114,100.1638143859649,85.77077563596491,115.00511239912278,-1.410848162865394,-1.7648721429619572,-1.1058132823039815,1.14428652817946e-21,4.233860154264002e-20,True,***,1.0442532581585536e-18,4.072587706818359e-17,True,***,1.5692796789556201e-16,5.3355509084491085e-15,True,***
3,right_left,mean_return,cbf_aux,72,114,241.87766111111114,222.44312034722225,260.78256565625003,0.22939375469204829,-0.053383703864374535,0.5367152826800268,0.12142678167628751,1.0,False,ns,0.14712192494881796,1.0,False,ns,0.03508488515512477,0.5262732773268716,False,ns
3,right_left,collision_rate,hjb_aux,66,114,0.0012121212121212121,0.00045454545454545455,0.0021212121212121214,0.5296670313285947,0.24016724581853127,0.7824791118154705,0.008321022832950355,0.2413096621555603,False,ns,0.0008927699641318909,0.03213971870874807,True,*,0.01844368728412405,0.4795358693872253,False,ns
3,right_left,collision_rate,soft_hjb_aux,114,114,0.00035087719298245617,0.0,0.0007894736842105264,0.15114630396575002,-0.13245323570650439,0.31532075086082095,0.2556325332734877,1.0,False,ns,0.3141055977601477,1.0,False,ns,0.1808631893495591,1.0,False,ns
3,right_left,collision_rate,eikonal_aux,114,114,8.771929824561404e-05,0.0,0.0002631578947368421,0.0,-0.23147331527664008,0.23147331527664008,1.0,1.0,False,ns,1.0,1.0,False,ns,1.0,1.0,False,ns
3,right_left,collision_rate,cbf_aux,72,114,0.0005555555555555556,0.0001388888888888889,0.0011111111111111111,0.29059548383456335,-0.02886067554423764,0.5294811325142447,0.10511745827340432,1.0,False,ns,0.055958795902589495,1.0,False,ns,0.18153935880305663,1.0,False,ns
3,right_left,success_rate,hjb_aux,66,114,0.8118181818181819,0.729996212121212,0.8856098484848486,0.5760539056853736,0.28028412505748546,0.8929623275372276,0.00014281800922140043,0.004141722267420612,True,**,9.683457956276678e-05,0.0029050373868830036,True,**,0.0011359469389153872,0.029534620411800067,True,*
3,right_left,success_rate,soft_hjb_aux,114,114,0.34868421052631576,0.285875,0.41491228070175434,-0.6853459418060466,-0.9694344157475936,-0.40748385712129415,5.079687794420666e-07,1.5747032162704063e-05,True,***,2.8136680439256683e-07,9.003737740562138e-06,True,***,1.5312106259714224e-07,4.899874003108552e-06,True,***
3,right_left,success_rate,eikonal_aux,114,114,0.2528947368421053,0.1992982456140351,0.30719736842105255,-1.0133078033166787,-1.3410993260043271,-0.7251482255492236,6.978769948218405e-13,2.651932580322994e-11,True,***,1.8245740301800137e-11,6.750923911666051e-10,True,***,1.646833146929353e-10,6.257965958331541e-09,True,***
3,right_left,success_rate,cbf_aux,72,114,0.7163888888888889,0.6297152777777779,0.7984756944444446,0.302626013942786,0.015932822447307548,0.6174361200798527,0.04386434828944628,0.6894125168037698,False,ns,0.01912293244213242,0.3824586488426484,False,ns,0.02394934971245101,0.40713894511166715,False,ns
3,right_left,mean_ttc,hjb_aux,66,114,6.366617779798986,5.618056204440979,7.217126971875493,-0.505541686832337,-0.8396213450149125,-0.2004438697711738,0.0012499878359811447,0.03999961075139663,True,*,0.00013897744599230616,0.0043083008257614915,True,**,0.03187147658748673,0.7967869146871682,False,ns
3,right_left,mean_ttc,soft_hjb_aux,114,114,8.874385126341927,8.344905307010885,9.385768645577192,0.2593098947614812,-0.009840467542198255,0.5403800016473657,0.05152871983558263,0.9275169570404873,False,ns,0.006938474374511737,0.19427728248632864,False,ns,0.014786657660659739,0.41402641449847266,False,ns
3,right_left,mean_ttc,eikonal_aux,114,114,13.099871753810357,12.29137647086162,13.939233325232394,1.2482363999578956,0.9837086141525117,1.5573454815365295,8.688866254636676e-18,3.8231011520401375e-16,True,***,2.490694877397025e-16,1.0460918485067506e-14,True,***,5.256909293961991e-15,2.3130400893432763e-13,True,***
3,right_left,mean_ttc,cbf_aux,72,114,6.912210102367684,6.277768171166719,7.580173302110245,-0.3596874568116488,-0.6543632293157013,-0.0795958835898662,0.01407076040680115,0.37991053098363103,False,ns,0.013184967421553588,0.30325425069573253,False,ns,0.06407128074048699,1.0,False,ns
3,right_left,min_ttc,hjb_aux,66,114,0.02741036000295842,0.016601810658231048,0.03972688702913812,-0.5104144933491006,-0.6664860012216255,-0.36891487542018997,5.7180425934700614e-05,0.002058495333649222,True,**,3.905703996279545e-05,0.0014451104786234318,True,**,0.0033272035131412824,0.10085596895651691,False,ns
3,right_left,min_ttc,soft_hjb_aux,114,114,0.08506055902955813,0.07517657792591939,0.09510320938723213,-0.08934615046735304,-0.29539194348908204,0.21394788984289287,0.50109124427687,1.0,False,ns,0.00749697432920198,0.21590296079590326,False,ns,0.507606970818261,1.0,False,ns
3,right_left,min_ttc,eikonal_aux,114,114,0.18897600031452763,0.14917325243320084,0.23462669534327013,0.45507533636395614,0.20769902326978498,0.6963701393961608,0.0007176920312496891,0.02296614499999005,True,*,8.890095685147937e-09,3.4671373172076955e-07,True,***,0.0015336529791443313,0.05061054831176293,False,ns
3,right_left,min_ttc,cbf_aux,72,114,0.03950031876575227,0.026692825987679508,0.053205064629373064,-0.42228546575121667,-0.5857618950535339,-0.2616727859001984,0.0009970698106950872,0.030909164131547703,True,*,0.0021644775584365224,0.0670988043115322,False,ns,0.0025947267064457707,0.08303125460626466,False,ns
3,right_left,ttc_p10_mean,hjb_aux,66,114,0.2821193847946146,0.2174431792182474,0.35207251211177165,-0.8072025423573044,-1.1044595582393646,-0.5385999745994698,1.1985693037281165e-07,4.314849493421219e-06,True,***,6.111714997684338e-09,2.3224516991200485e-07,True,***,8.625638766564226e-06,0.00027602044053005523,True,***
3,right_left,ttc_p10_mean,soft_hjb_aux,114,114,0.6390759679482146,0.5976438331881131,0.6788487747406649,0.3091359499183422,0.03344317655830233,0.6274195600069824,0.020638628537630394,0.4540498278278687,False,ns,0.0004106997464491731,0.013142391886373539,True,*,0.01642964222849319,0.3943114134838366,False,ns
3,right_left,ttc_p10_mean,eikonal_aux,114,114,0.8562140994119495,0.780709871300168,0.9393830777822,0.7790582726578782,0.5331356761235826,1.047386285407853,1.521185792711672e-08,5.780506012304354e-07,True,***,6.442510297897657e-11,2.577004119159063e-09,True,***,2.145898723563825e-07,8.154415149542536e-06,True,***
3,right_left,ttc_p10_mean,cbf_aux,72,114,0.36959145006538807,0.3048108489149778,0.43631954357770025,-0.54051800610189,-0.8167667048947971,-0.2866294401844898,0.00023084808691647269,0.006694594520577708,True,**,0.0002857062642733235,0.009714012985293,True,**,0.00032854630838197386,0.009527842943077241,True,**
3,right_left,action_entropy_mean,hjb_aux,66,114,0.8516034106399342,0.7428306064415136,0.9594038060797251,-0.9754272007348068,-1.3252736301447696,-0.6521134705742576,9.92821211401078e-07,3.872002724464204e-05,True,***,8.659542819251075e-06,0.00032906262713154085,True,***,2.387755232894459e-05,0.0007640816745262269,True,***
3,right_left,action_entropy_mean,soft_hjb_aux,114,114,1.2858457202501898,1.2466987831767078,1.3251087067808403,0.553294293575828,0.28677001886816056,0.8149607701557513,4.2154464042997804e-05,0.001517560705547921,True,**,5.5421045487558565e-06,0.0002161420774014784,True,***,6.894914524922037e-14,2.964813245716476e-12,True,***
3,right_left,action_entropy_mean,eikonal_aux,114,114,1.3269624371024566,1.2898751946375107,1.3640904867096644,0.7621483492785338,0.4977915866793249,1.029789319273441,2.8195027385435028e-08,1.1559961228028362e-06,True,***,3.408497277589969e-09,1.431568856587787e-07,True,***,5.317424109634179e-06,0.0001754749956179279,True,***
3,right_left,action_entropy_mean,cbf_aux,72,114,1.0205848292510211,0.9283627887078034,1.1060864201806735,-0.5036385957231946,-0.8129036326936593,-0.18534103664390036,0.0038588773515976756,0.10718008305144315,False,ns,0.05671051904130592,1.0,False,ns,0.0026657459449362614,0.07464088645821532,False,ns
3,right_left,hard_brakes_per_ep_mean,hjb_aux,66,114,0.8115151515151515,0.7295454545454546,0.8854583333333333,0.5831095199812957,0.28655674670589654,0.9015061027518843,0.00012097525112849692,0.0036292575338549076,True,**,8.329404474828038e-05,0.0024988213424484112,True,**,0.0009267625027282525,0.025022587573662818,True,*
3,right_left,hard_brakes_per_ep_mean,soft_hjb_aux,114,114,0.34192982456140353,0.2792061403508772,0.40798245614035084,-0.6964170827649102,-0.9813391097623669,-0.4214713818641708,3.397210919092755e-07,1.0871074941096815e-05,True,***,1.211446989785223e-07,3.8766303673127136e-06,True,***,9.352523293302877e-08,2.9928074538569206e-06,True,***
3,right_left,hard_brakes_per_ep_mean,eikonal_aux,114,114,0.2528070175438597,0.19921052631578948,0.30710745614035084,-1.0063101780195234,-1.3331378542576748,-0.7201200135273469,9.606643225753177e-13,3.650524425786207e-11,True,***,2.6966349869715985e-11,9.707885953097754e-10,True,***,1.985113883312142e-10,7.741944144917354e-09,True,***
3,right_left,hard_brakes_per_ep_mean,cbf_aux,72,114,0.7127777777777777,0.6255520833333332,0.7958368055555556,0.2997707848549437,0.011878573408414063,0.6152955563556297,0.04638531495250497,0.6957797242875745,False,ns,0.021018332431632356,0.39934831620101474,False,ns,0.023970771677907694,0.42565184281248675,False,ns
3,right_left,row_violations_per_ep_mean,hjb_aux,66,114,32.16242424242424,29.148469696969695,35.10794318181818,0.5885899315794254,0.2762687349473495,0.9134502068216073,0.00020496013219892674,0.007173604626962436,True,**,0.0004528283646446237,0.014943336033272582,True,*,0.008790018547729907,0.22854048224097756,False,ns
3,right_left,row_violations_per_ep_mean,soft_hjb_aux,114,114,29.76921052631579,27.71804166666667,31.825910087719294,0.4175100066831652,0.15710256422055505,0.6876839706621212,0.0018434399193886539,0.05714663750104827,False,ns,0.0031491037535062096,0.08502580134466765,False,ns,0.0004606103626927628,0.01658197305693946,True,*
3,right_left,row_violations_per_ep_mean,eikonal_aux,114,114,30.5569298245614,28.678758771929825,32.38326315789474,0.5057281457968639,0.24571102578754772,0.7890034122674853,0.0001757209055046182,0.006325952598166255,True,**,0.0003621224589350613,0.012312163603792085,True,*,0.0003274906387141591,0.012117153632423886,True,*
3,right_left,row_violations_per_ep_mean,cbf_aux,72,114,32.47708333333333,29.65222569444445,35.22465277777778,0.6159121455625864,0.31847776232509717,0.9353799606299363,6.466204155557883e-05,0.0023924955375564166,True,**,6.684871387193725e-05,0.0024734024132616783,True,**,0.027357108072510496,0.6018563775952309,False,ns
3,right_left,action_go_frac,hjb_aux,66,114,0.6055676708384427,0.5460905775011282,0.6658166928840383,1.231297870304286,0.8911892105308213,1.6125596493147667,8.061876727360527e-10,3.144131923670606e-08,True,***,8.880871833251759e-10,3.552348733300704e-08,True,***,3.8569114508010526e-09,1.5041954658124106e-07,True,***
3,right_left,action_go_frac,soft_hjb_aux,114,114,0.3636302163950781,0.3457638168298234,0.3826844529435901,-0.10852817874620216,-0.3749239829037783,0.15331618601757704,0.4135236804451823,1.0,False,ns,0.2381148828617341,1.0,False,ns,0.3665625891335481,1.0,False,ns
3,right_left,action_go_frac,eikonal_aux,114,114,0.29734149341536253,0.2765521332953195,0.31821939597243964,-0.6264692454620369,-0.8962365032006754,-0.3739645028865766,4.021627059332679e-06,0.00014477857413597642,True,***,1.3221944703590193e-05,0.0004495461199220666,True,***,9.82820759612384e-06,0.00033415905826821057,True,***
3,right_left,action_go_frac,cbf_aux,72,114,0.5130083041109449,0.4580238862760049,0.5691644686157005,0.7370233565189122,0.43051986900319505,1.0762706589926871,3.277671042820511e-05,0.0011171053738583958,True,**,0.00033222712128414087,0.009966813638524226,True,**,0.0007579280505229637,0.02273784151568891,True,*
3,right_left,action_yield_frac,hjb_aux,66,114,0.07936298523193556,0.06347373182713922,0.09654061678673063,-0.6491023566459886,-0.9523126141212102,-0.35778067714303646,2.0204561741749083e-05,0.0008081824696699632,True,***,3.713235960954761e-05,0.0014481620247723567,True,**,0.00025525864398574154,0.009189311183486695,True,**
3,right_left,action_yield_frac,soft_hjb_aux,114,114,0.19808203747708453,0.18376966676760545,0.21200206675084157,0.8759899886783834,0.6020420862644846,1.1867278771005532,2.6891192635976607e-10,1.2101036686189472e-08,True,***,6.261729021260568e-10,2.8177780595672557e-08,True,***,7.015060287550333e-13,3.086626526522147e-11,True,***
3,right_left,action_yield_frac,eikonal_aux,114,114,0.18714195356824712,0.17013277153926024,0.20418873735698384,0.6640650941206453,0.40266740256737926,0.9333300579628196,1.0945466239056263e-06,4.8160051451847556e-05,True,***,1.1714148803089003e-06,5.037083985328271e-05,True,***,1.804593327019265e-05,0.0007398832640778986,True,***
3,right_left,action_yield_frac,cbf_aux,72,114,0.11383247485782198,0.09777391141654403,0.13031294164569357,-0.19608218094012783,-0.493568823212362,0.08848585865472973,0.1810590177262807,1.0,False,ns,0.2522096321348196,1.0,False,ns,0.7771922294524807,1.0,False,ns
3,right_left,switching_rate_mean,hjb_aux,66,114,0.2818985377266437,0.23008490636684592,0.3371183184890312,-0.38127177912444776,-0.6975972537077546,-0.08556884913212544,0.014615893879089494,0.4677086041308638,False,ns,0.010281700338150996,0.2570425084537749,False,ns,0.03359698539342214,0.7727306640487092,False,ns
3,right_left,switching_rate_mean,soft_hjb_aux,114,114,0.43636504320725084,0.3861821024799925,0.4882504489546916,0.26362481320740094,-0.005455238551478686,0.5171520927613557,0.047805313534564534,1.0,False,ns,0.00031167263556612494,0.011531887515946623,True,*,2.389389380002141e-08,9.796496458008778e-07,True,***
3,right_left,switching_rate_mean,eikonal_aux,114,114,0.5525946291208288,0.5115073922345712,0.593153553234967,0.8050352668659748,0.5379034805913401,1.087613998352508,5.129019012823258e-09,2.308058555770466e-07,True,***,7.171363435613653e-11,3.1553999116700072e-09,True,***,8.670614476535976e-07,3.3815396458490305e-05,True,***
3,right_left,switching_rate_mean,cbf_aux,72,114,0.33903266307017704,0.2898299278182587,0.3879391485831258,-0.13346860826398335,-0.4356150050192756,0.1552723594155236,0.3703630953904099,1.0,False,ns,0.41985550056443155,1.0,False,ns,0.05236696067076008,1.0,False,ns
3,right_left,decision_latency_mean,hjb_aux,66,114,5.584251347649169,2.470354309780116,9.586164459052384,-0.43231959333344405,-0.7394801661265876,-0.1269507279993322,0.003588241985685809,0.14711792141311816,False,ns,0.0004827271950054467,0.019309087800217867,True,*,0.030156204326798143,0.9649985384575406,False,ns
3,right_left,decision_latency_mean,soft_hjb_aux,114,114,16.024363048136458,12.33369924761593,19.974199977056987,0.14699753126014956,-0.10997965707460751,0.3994755166830532,0.2682785881972207,1.0,False,ns,0.004363492905490519,0.15272225169216816,False,ns,0.1686724629522445,1.0,False,ns
3,right_left,decision_latency_mean,eikonal_aux,114,114,7.211648829253845,5.096759532917744,9.52124991664402,-0.3748796102941013,-0.6213247869706352,-0.12189819087598436,0.005138636855283281,0.20040683735604797,False,ns,0.33792993254044745,1.0,False,ns,0.0099831203803356,0.3793585744527528,False,ns
3,right_left,decision_latency_mean,cbf_aux,72,114,11.228143057558675,6.436765394611223,16.928155247105135,-0.09182976279011537,-0.439410338100862,0.20718531205852447,0.5621068280140831,1.0,False,ns,0.01106988692213571,0.3475347189273485,False,ns,0.46490502711515835,1.0,False,ns
4,stem_left,mean_return,hjb_aux,78,84,276.43972692307693,249.74707247115393,302.0295360160257,-0.4913902171258657,-0.8253336882852927,-0.18852168566412278,0.002364609313883524,0.04492757696378696,True,*,4.109644489578669e-05,0.0009863146774988806,True,***,0.001938312978558876,0.042642885528295274,True,*
4,stem_left,mean_return,soft_hjb_aux,66,84,119.4764431818182,110.6494672007576,128.75291366287877,-2.873145128544708,-4.0324374192962145,-2.212930608155085,1.7504833940921137e-37,7.877175273414512e-36,True,***,1.2702359572833327e-18,4.8268966376766645e-17,True,***,4.9629880552034084e-20,1.8859354609772952e-18,True,***
4,stem_left,mean_return,eikonal_aux,66,84,157.72380606060602,142.06003354545453,174.6465073484848,-2.0889630563796726,-2.8604595185437396,-1.5758025074043678,1.229664956448697e-26,4.795693330149919e-25,True,***,7.501292005064773e-17,2.6254522017726707e-15,True,***,1.1539178803632683e-23,4.7310633094894e-22,True,***
4,stem_left,mean_return,cbf_aux,72,84,328.40061388888887,309.7089817638889,345.5463858125,0.002562304218331166,-0.32710933621652033,0.30788676352315225,0.9871515740144429,1.0,False,ns,0.3344586409147955,1.0,False,ns,0.5971986520321666,1.0,False,ns
4,stem_left,collision_rate,hjb_aux,78,84,0.09192307692307693,0.07923076923076924,0.10512820512820514,-0.16024405947177958,-0.4827841372205357,0.1574528353262052,0.31457712197781323,1.0,False,ns,0.0870565420653173,1.0,False,ns,0.15737861821799334,1.0,False,ns
4,stem_left,collision_rate,soft_hjb_aux,66,84,0.175,0.15848484848484848,0.1922727272727273,1.2979275874385396,0.9538780314852957,1.6984630582046858,2.2603391300034785e-11,9.719458259014958e-10,True,***,1.7056598363142908e-11,7.33433729615145e-10,True,***,4.758667630711892e-08,1.9986404048989944e-06,True,***
4,stem_left,collision_rate,eikonal_aux,66,84,0.1343939393939394,0.11166666666666666,0.15772727272727272,0.47260709386816363,0.13049378156664765,0.7953551925521034,0.009381215878743928,0.26267404460483,False,ns,0.251822321778715,1.0,False,ns,0.008522683907382209,0.23011246549931963,False,ns
4,stem_left,collision_rate,cbf_aux,72,84,0.11263888888888889,0.10069444444444445,0.12555555555555556,0.25043636163400007,-0.06516010216772763,0.5563930868377495,0.12680557289526476,1.0,False,ns,0.17564324604504378,1.0,False,ns,0.26139194790294284,1.0,False,ns
4,stem_left,success_rate,hjb_aux,78,84,0.6648717948717948,0.5787115384615386,0.7464102564102564,-0.32347285225132305,-0.6545392148989442,-0.01954633475215107,0.04308828230023561,0.6894125168037698,False,ns,0.6930183881219119,1.0,False,ns,0.057663303438439166,0.8649495515765875,False,ns
4,stem_left,success_rate,soft_hjb_aux,66,84,0.2739393939393939,0.21060606060606063,0.3368219696969697,-1.7491463663404,-2.4028259232924527,-1.2891658730330233,1.9277564658607616e-20,8.482128449787351e-19,True,***,5.270633065435839e-17,2.1082532261743355e-15,True,***,4.403280501825095e-11,1.761312200730038e-09,True,***
4,stem_left,success_rate,eikonal_aux,66,84,0.2834848484848485,0.21969696969696967,0.35287878787878785,-1.6815926774556678,-2.3397805857433793,-1.225872324114331,4.0628077022551545e-19,1.7470073119697165e-17,True,***,2.292360903423846e-16,8.940207523353e-15,True,***,5.842771606883766e-16,2.395536358822344e-14,True,***
4,stem_left,success_rate,cbf_aux,72,84,0.7968055555555557,0.740829861111111,0.8472222222222222,0.07575645520484062,-0.24904822423657574,0.3693220037268084,0.6312655460518335,1.0,False,ns,0.40208833010124656,1.0,False,ns,0.334957935622475,1.0,False,ns
4,stem_left,mean_ttc,hjb_aux,78,84,6.663330998130352,6.151460682000227,7.224472243126439,-0.09616093339245883,-0.38429272392767105,0.2355438937267438,0.5409586935778113,1.0,False,ns,0.2722940899621319,1.0,False,ns,0.5752915028567285,1.0,False,ns
4,stem_left,mean_ttc,soft_hjb_aux,66,84,9.337066737976166,6.424619807148625,14.756568288235842,0.1770152473710124,-0.2634116206169474,0.3572417749352163,0.3422322198583184,1.0,False,ns,0.32029700917937787,1.0,False,ns,0.3885578658073211,1.0,False,ns
4,stem_left,mean_ttc,eikonal_aux,66,84,10.093015486855611,8.031156988399516,13.480044667079934,0.38026648042679567,0.2733073254773333,0.8686299533788481,0.04236282587749234,0.8472565175498469,False,ns,4.895141484602979e-05,0.0017132995196110425,True,**,0.02487975982863958,0.646873755544629,False,ns
4,stem_left,mean_ttc,cbf_aux,72,84,6.278241890185483,6.076691913196551,6.479737227925745,-0.31773742404853283,-0.5227918276907881,-0.0622487353851735,0.037860047515723236,0.8316688827784292,False,ns,0.2774609648418249,1.0,False,ns,0.04680134615711858,0.9828282692994902,False,ns
4,stem_left,min_ttc,hjb_aux,78,84,0.03275092682824919,0.022122851405631912,0.04455035663738292,0.47199875154425064,0.19444434103831748,0.724145819204534,0.004134837358672338,0.11577544604282547,False,ns,0.1596344417137876,1.0,False,ns,0.0073149021255300385,0.2121321616403711,False,ns
4,stem_left,min_ttc,soft_hjb_aux,66,84,0.08760030299905604,0.07051592309566367,0.1045811145318234,1.4530273805594578,1.1228343540680512,1.8446484863401718,9.911147996732861e-12,4.1626821586278015e-10,True,***,6.016589555297129e-16,2.526967613224794e-14,True,***,1.422891513337464e-09,5.8338552046836025e-08,True,***
4,stem_left,min_ttc,eikonal_aux,66,84,0.16649187695177403,0.13473528030289297,0.1990437006028714,1.6701395176733256,1.380357171473348,2.04454758992873,2.5883865286304735e-13,1.1388900725974083e-11,True,***,2.8442362788996303e-18,1.223021599926841e-16,True,***,4.926399408813589e-13,2.1183517457898432e-11,True,***
4,stem_left,min_ttc,cbf_aux,72,84,0.017596949513375277,0.011542657813285423,0.02472381584205359,0.1285062596720422,-0.19156799159140747,0.44362469651131364,0.4322469423711588,1.0,False,ns,0.5096064741593616,1.0,False,ns,0.5388944439640132,1.0,False,ns
4,stem_left,ttc_p10_mean,hjb_aux,78,84,0.626310495857825,0.5675618234516302,0.6882570002126249,0.2407242824222018,-0.07279241498495499,0.5400591361402958,0.13590046090830163,1.0,False,ns,0.5721964540411513,1.0,False,ns,0.1769628159725948,1.0,False,ns
4,stem_left,ttc_p10_mean,soft_hjb_aux,66,84,0.894295513545974,0.8007914548328318,0.9874600070688057,1.1474310485891324,0.8006975705990566,1.5632091555064018,9.777237327353928e-09,3.813122557668032e-07,True,***,1.5211455373170606e-05,0.0005324009380609712,True,***,4.212310305265908e-07,1.5164317098957268e-05,True,***
4,stem_left,ttc_p10_mean,eikonal_aux,66,84,1.1137113855099299,1.0097646509412095,1.215146699653821,1.7670819170555598,1.4029415468095803,2.243110587969157,3.1823668896147793e-15,1.3047704247420595e-13,True,***,1.7169620337095449e-15,7.211240541580088e-14,True,***,5.37968330663184e-15,2.259466988785373e-13,True,***
4,stem_left,ttc_p10_mean,cbf_aux,72,84,0.5803456865642969,0.5464245440345592,0.6187766320060932,0.04478879939789416,-0.2670264916744275,0.35902519700373203,0.7814884685750316,1.0,False,ns,0.6529248720217204,1.0,False,ns,0.9051105676989342,1.0,False,ns
4,stem_left,action_entropy_mean,hjb_aux,78,84,1.1902889717009857,1.147365515918427,1.231850440754176,-0.04688537087201411,-0.36491558195967677,0.2623220684139982,0.7670592829021387,1.0,False,ns,0.8079873610073182,1.0,False,ns,0.9883583223234824,1.0,False,ns
4,stem_left,action_entropy_mean,soft_hjb_aux,66,84,1.309845012253889,1.2713271366660608,1.3484571671507768,0.6742817690473766,0.36888931587499446,0.9967542552756663,6.148003146767145e-05,0.0021518011013685005,True,**,1.71492091823387e-05,0.0006345207397465319,True,***,3.959655014669663e-08,1.504668905574472e-06,True,***
4,stem_left,action_entropy_mean,eikonal_aux,66,84,1.308695546074136,1.2604471634849668,1.3562194216717187,0.6027737561391509,0.2713650088898466,0.9596727525275958,0.0004607158479542762,0.01566433883044539,True,*,0.00021165300751524127,0.007196202255518203,True,**,9.86879431551865e-07,3.454078010431527e-05,True,***
4,stem_left,action_entropy_mean,cbf_aux,72,84,1.2293027289464287,1.188727876629011,1.267620276529993,0.1779886146639803,-0.13305414818733227,0.5042350268630623,0.270716934777325,1.0,False,ns,0.24721517531002635,1.0,False,ns,0.3225600169097137,1.0,False,ns
4,stem_left,hard_brakes_per_ep_mean,hjb_aux,78,84,0.6637179487179486,0.577176282051282,0.7456410256410256,-0.32525036637146815,-0.6562079212740514,-0.02109375008876104,0.041982967606076046,0.6957786214669703,False,ns,0.6855954763060478,1.0,False,ns,0.05597260767719075,0.8395891151578613,False,ns
4,stem_left,hard_brakes_per_ep_mean,soft_hjb_aux,66,84,0.27303030303030296,0.21,0.3359090909090909,-1.7482998183427343,-2.4033670572519212,-1.2881056063651255,1.9909979867381807e-20,8.760391141647996e-19,True,***,4.873492180867622e-17,1.998131794155725e-15,True,***,4.3123700574688925e-11,1.724948022987557e-09,True,***
4,stem_left,hard_brakes_per_ep_mean,eikonal_aux,66,84,0.2834848484848485,0.21969696969696967,0.35287878787878785,-1.6789399279964374,-2.337532123753307,-1.2245138959825168,4.399680524638237e-19,1.891862625594442e-17,True,***,2.3290157655576733e-16,9.316063062230694e-15,True,***,5.842771606883766e-16,2.395536358822344e-14,True,***
4,stem_left,hard_brakes_per_ep_mean,cbf_aux,72,84,0.79625,0.7402743055555555,0.8468090277777778,0.07436914050066551,-0.2520949849587223,0.3688269493533733,0.6376196643490495,1.0,False,ns,0.4030922837377289,1.0,False,ns,0.34010104808554664,1.0,False,ns
4,stem_left,row_violations_per_ep_mean,hjb_aux,78,84,28.37961538461538,24.03909615384615,33.13684615384615,0.3998053089558809,0.100301287160186,0.7087951167991062,0.012933421188683153,0.34920237209444516,False,ns,0.00012655016490104208,0.004555805936437515,True,**,0.004631072892870493,0.1389321867861148,False,ns
4,stem_left,row_violations_per_ep_mean,soft_hjb_aux,66,84,40.622727272727275,37.07165909090909,44.27640909090909,1.2748197710116662,0.8567705091934616,1.8708203980952938,1.2239596357701411e-12,5.385422397388621e-11,True,***,1.083190827741194e-15,4.9826778076094924e-14,True,***,4.326555128739321e-08,1.8604187053579078e-06,True,***
4,stem_left,row_violations_per_ep_mean,eikonal_aux,66,84,32.98500000000001,29.656477272727273,36.337132575757565,0.7947624545885523,0.4166570311977534,1.3199118906139526,2.5864881955730205e-06,0.00010604601601849384,True,***,4.7570131602904756e-11,1.950375395719095e-09,True,***,8.035393382382398e-08,3.294511286776783e-06,True,***
4,stem_left,row_violations_per_ep_mean,cbf_aux,72,84,19.372638888888886,16.544777777777778,22.513062499999997,-0.11855137842045378,-0.4161928270948302,0.2012034071505947,0.4557386194776186,1.0,False,ns,0.03674767298623704,0.8084488056972149,False,ns,0.29248900542891587,1.0,False,ns
4,stem_left,action_go_frac,hjb_aux,78,84,0.38417840967418276,0.3577643136270006,0.4094607956629109,-0.25981065045285107,-0.581583834414438,0.04434748258672672,0.10350266549136856,1.0,False,ns,0.11709572039324853,1.0,False,ns,0.14718397866524674,1.0,False,ns
4,stem_left,action_go_frac,soft_hjb_aux,66,84,0.3761543489098448,0.36220362151369556,0.3892771082763913,-0.44788649464444114,-0.8792528172949928,-0.12745826379944164,0.00462213660149744,0.12479768824043089,False,ns,4.525765606680582e-08,1.7197909305386212e-06,True,***,0.062275779310918794,1.0,False,ns
4,stem_left,action_go_frac,eikonal_aux,66,84,0.35439076533318037,0.3337864797429921,0.37541285568890614,-0.6377958231706468,-1.0637395610250238,-0.29590385822839527,0.00013750322201066937,0.004537606326352089,True,**,6.918290163589785e-08,2.4905844588923226e-06,True,***,8.588120914955779e-06,0.000309172352938408,True,***
4,stem_left,action_go_frac,cbf_aux,72,84,0.43386892355864687,0.41305594883192,0.45361548694755643,0.24642542050230584,-0.07439239638785677,0.5508878518438071,0.12552271046995186,1.0,False,ns,0.2443227526848868,1.0,False,ns,0.041560574309632475,0.8312114861926495,False,ns
4,stem_left,action_yield_frac,hjb_aux,78,84,0.17432132809851927,0.14431617535537375,0.20531905824966115,0.25113484499666827,-0.06745128348458011,0.5481508712328158,0.11579882895504512,1.0,False,ns,0.22947659035079127,1.0,False,ns,0.11735779318314715,1.0,False,ns
4,stem_left,action_yield_frac,soft_hjb_aux,66,84,0.22109806866245266,0.19980632951204624,0.24403234690806602,0.7712525302668221,0.46126856073124506,1.1201149915997577,4.096782683729704e-06,0.00016796809003291786,True,***,2.279408460038998e-06,9.573515532163792e-05,True,***,5.14874382106653e-06,0.00021624724048479427,True,***
4,stem_left,action_yield_frac,eikonal_aux,66,84,0.18197226407636866,0.15650799014517688,0.2090062745885893,0.3602027551617721,0.034236226751679,0.6875424195677134,0.030124599060347815,0.8736133727500867,False,ns,0.02254151551103055,0.6155441694866286,False,ns,0.05397824511787714,1.0,False,ns
4,stem_left,action_yield_frac,cbf_aux,72,84,0.16169753331782605,0.14142135063846153,0.1826634630104009,0.18721214295913247,-0.1297738264096054,0.5077109880010879,0.23857420353963132,1.0,False,ns,0.0916361900011468,1.0,False,ns,0.2442551767934413,1.0,False,ns
4,stem_left,switching_rate_mean,hjb_aux,78,84,0.3394990137141441,0.29424094717509625,0.3848965893270624,-0.05938546458683593,-0.37791518539908336,0.2582497179482094,0.7075160119387751,1.0,False,ns,0.7011198802441636,1.0,False,ns,0.9801466151546494,1.0,False,ns
4,stem_left,switching_rate_mean,soft_hjb_aux,66,84,0.4446360913013927,0.38157736517464175,0.507339714280784,0.4237806895678991,0.09522371824138347,0.7749583361365056,0.014982906973534015,0.4677086041308638,False,ns,0.003985352086557654,0.1195605625967296,False,ns,0.005566963931922384,0.16700891795767153,False,ns
4,stem_left,switching_rate_mean,eikonal_aux,66,84,0.49026250663709836,0.43460992913354723,0.5448956328273344,0.6797023338642246,0.3454599349858729,1.0413304271642594,0.00010112286485006916,0.003943791729152698,True,**,0.00031521826833388384,0.011531887515946623,True,*,5.432425735582928e-06,0.00020099975221656832,True,***
4,stem_left,switching_rate_mean,cbf_aux,72,84,0.3636611659330156,0.32134342379489644,0.40488889778130777,0.0690334516731436,-0.2548010802623755,0.3844162147145904,0.6678762341898008,1.0,False,ns,0.542076520371678,1.0,False,ns,0.6235726266311803,1.0,False,ns
4,stem_left,decision_latency_mean,hjb_aux,78,84,10.841614885840366,5.330859612849721,17.071572014100134,0.3415463344595091,0.04066323186426223,0.5957973590315642,0.035831867303925666,1.0,False,ns,0.005012771449108961,0.17043422926970467,False,ns,0.04364564882027164,1.0,False,ns
4,stem_left,decision_latency_mean,soft_hjb_aux,66,84,8.806392735684168,6.429870611262062,11.41689470284531,0.4180221510388993,0.07519660560724674,1.018218663247794,0.009671682550106087,0.32883720670360694,False,ns,4.876238212773586e-16,2.2918319600035853e-14,True,***,0.043807948175809575,1.0,False,ns
4,stem_left,decision_latency_mean,eikonal_aux,66,84,9.370301322627412,6.4859618993601424,12.514171356088102,0.43344718358287054,0.0943379017994321,0.9405740912483475,0.008758253088996689,0.3065388581148841,False,ns,3.6773676311889824e-16,1.7651364629707116e-14,True,***,1.3274474862050493e-08,6.239003185163732e-07,True,***
4,stem_left,decision_latency_mean,cbf_aux,72,84,6.70810139982508,1.8504407926598152,12.93894218656531,0.1537550150787895,-0.21164232335128144,0.40746521520812234,0.36070309701546266,1.0,False,ns,0.5473799864820649,1.0,False,ns,0.47117529955797377,1.0,False,ns
4,stem_right,mean_return,hjb_aux,120,60,166.30658600000007,160.77863204583338,171.60869010833335,-0.4798570053474309,-0.764008036415884,-0.21245008673337964,0.0010769930253506936,0.023066098664619703,True,*,0.004839611227257841,0.09195261331789897,False,ns,0.04878784428254853,0.6342419756731309,False,ns
4,stem_right,mean_return,soft_hjb_aux,120,60,97.86592291666669,90.49224303958336,104.98769248541667,-2.2828086485295334,-2.6393382541267165,-1.9944669226900256,1.3743791926524617e-39,6.322144286201324e-38,True,***,2.1680015475032436e-24,9.539206809014271e-23,True,***,2.9837276761132745e-21,1.19349107044531e-19,True,***
4,stem_right,mean_return,eikonal_aux,90,60,129.1220744444444,120.05555842777774,138.00741158888883,-1.3657518356751899,-1.7501249229553193,-1.0462721178550913,4.2569407646245087e-16,1.489929267618578e-14,True,***,4.716667440797762e-13,1.5565002554632612e-11,True,***,1.878652289623884e-09,5.635956868871652e-08,True,***
4,stem_right,mean_return,cbf_aux,66,60,165.31777651515154,160.58656287121212,170.21274630681816,-0.6770992946919827,-1.0583606683678282,-0.3229059335273304,0.0002546536110106589,0.005857033053245154,True,**,0.00034614113047747784,0.007268963740027034,True,**,3.8950657276307374e-05,0.0009348157746313769,True,***
4,stem_right,collision_rate,hjb_aux,120,60,0.2838333333333333,0.25058125000000003,0.31716666666666665,0.27992268709160856,-0.014109973384701532,0.5761616654367768,0.06216071155067179,1.0,False,ns,0.14891013924327764,1.0,False,ns,0.22185992715091388,1.0,False,ns
4,stem_right,collision_rate,soft_hjb_aux,120,60,0.3654166666666666,0.3229166666666667,0.4080020833333334,0.6138656519632847,0.34084770631924527,0.9027200889074826,1.6167126823488383e-05,0.000630517946116047,True,***,0.001445668311892465,0.050598390916236274,False,ns,0.001967121265343366,0.06491500175633107,False,ns
4,stem_right,collision_rate,eikonal_aux,90,60,0.29433333333333334,0.24533333333333332,0.3434444444444444,0.2856635743832993,-0.012069327376510952,0.584763005827526,0.06477866111862261,1.0,False,ns,0.47065858331156896,1.0,False,ns,0.08108212881957036,1.0,False,ns
4,stem_right,collision_rate,cbf_aux,66,60,0.35000000000000003,0.3093939393939395,0.38954545454545453,0.7151607703457029,0.33874094704906904,1.1411176011290356,9.893812890567709e-05,0.0037596488984157294,True,**,8.118850347891951e-05,0.003166351635677861,True,**,0.0007839567433342678,0.02822244276003364,True,*
4,stem_right,success_rate,hjb_aux,120,60,0.35441666666666666,0.3368333333333334,0.3710833333333333,-0.08179361127013005,-0.3466614764216321,0.19471347860696286,0.562780460313784,1.0,False,ns,0.7763918101269783,1.0,False,ns,0.8031690689710942,1.0,False,ns
4,stem_right,success_rate,soft_hjb_aux,120,60,0.2608333333333333,0.24025000000000005,0.2813333333333334,-0.9861377518644262,-1.2185831401250053,-0.7698322163346132,5.876242256014126e-12,2.1742096347252266e-10,True,***,5.940253363951775e-09,2.0790886773831215e-07,True,***,1.0572382289009564e-07,3.488886155373156e-06,True,***
4,stem_right,success_rate,eikonal_aux,90,60,0.20011111111111116,0.17055277777777783,0.22966666666666669,-1.3401169370967656,-1.6937279570768082,-1.03501371854514,7.148785961382398e-16,2.859514384552959e-14,True,***,2.351623090610905e-11,8.465843126199258e-10,True,***,4.02674824338819e-08,1.4093618851858665e-06,True,***
4,stem_right,success_rate,cbf_aux,66,60,0.33863636363636374,0.326969696969697,0.3512121212121212,-0.38765477307419083,-0.7557919436728785,-0.045638109018894125,0.03405469882653322,0.6171961492275935,False,ns,0.03102696383049634,0.5895123127794305,False,ns,0.0064710344282300665,0.1358917229928314,False,ns
4,stem_right,mean_ttc,hjb_aux,120,60,7.2087878110260535,6.755499789152826,7.718446970954177,-0.3528310139291007,-0.7196374373646175,-0.04928985567794699,0.03411076605020935,0.7845476191548151,False,ns,0.01066402549311786,0.2772646628210643,False,ns,0.510149362817777,1.0,False,ns
4,stem_right,mean_ttc,soft_hjb_aux,120,60,6.3519362496169345,6.012575704720178,6.687656997427244,-0.790397500526998,-1.0770169852598581,-0.5069204755598745,3.954369361634575e-05,0.0014631166638047928,True,**,0.00011274700852527585,0.003607904272808827,True,**,5.7967293730904057e-05,0.002086822574312546,True,**
4,stem_right,mean_ttc,eikonal_aux,90,60,9.241050710083883,8.62043303548469,9.898472892767659,0.3473011234396308,0.0214888733493637,0.6983857788917682,0.037803131035383145,0.8316688827784292,False,ns,0.03184316715256388,0.7005496773564053,False,ns,0.03666861754273635,0.8718116755152383,False,ns
4,stem_right,mean_ttc,cbf_aux,66,60,7.544986024697707,7.021213745010226,8.148922901897276,-0.24032637684623998,-0.591282010569458,0.10981380286736435,0.1856215263745625,1.0,False,ns,0.14081895782831058,1.0,False,ns,0.4139606120888556,1.0,False,ns
4,stem_right,min_ttc,hjb_aux,120,60,0.21704370731416017,0.19868910560482886,0.23564886919203717,-0.3561357270407052,-0.6604795750779024,-0.06533431495266365,0.019613222528320026,0.4576681571749969,False,ns,0.03614323640126741,0.8674376736304179,False,ns,0.06863502111581059,1.0,False,ns
4,stem_right,min_ttc,soft_hjb_aux,120,60,0.19863591456728708,0.17397418931097705,0.22332737282245538,-0.43482376409520257,-0.7283012930420161,-0.16762165778623866,0.0019417725703590079,0.058253177110770236,False,ns,0.0078911458843355,0.21590296079590326,False,ns,0.010082607193668202,0.27223039422904144,False,ns
4,stem_right,min_ttc,eikonal_aux,90,60,0.29032363360106545,0.261118992033633,0.3199837009075789,0.30406219818633023,0.018534559751105992,0.6161366579613512,0.04781917092669898,0.9563834185339797,False,ns,0.08673476775199017,1.0,False,ns,0.015085711557226818,0.37714278893067044,False,ns
4,stem_right,min_ttc,cbf_aux,66,60,0.21455609886198637,0.19407782398736867,0.2362501561379159,-0.4240050466190068,-0.787040845294314,-0.06302242561280869,0.019069506548958205,0.4576681571749969,False,ns,0.011160884983036603,0.2790221245759151,False,ns,0.03576998387616827,0.7869396452757019,False,ns
4,stem_right,ttc_p10_mean,hjb_aux,120,60,0.9446585441587421,0.8991284037389563,0.9909552391390143,-0.3461636841203393,-0.6489054048602989,-0.06646249542658597,0.021072847928608366,0.4540498278278687,False,ns,0.02582523759503437,0.5165047519006873,False,ns,0.05033876120862168,0.925217578817494,False,ns
4,stem_right,ttc_p10_mean,soft_hjb_aux,120,60,0.9054697434950799,0.8364539768461962,0.974503688930556,-0.36361789453693255,-0.6416824267219176,-0.11132436037969377,0.006431744724172681,0.16079361810431703,False,ns,0.023312266745940953,0.48955760166476003,False,ns,0.025310848243284473,0.5568386613522585,False,ns
4,stem_right,ttc_p10_mean,eikonal_aux,90,60,1.270330048286267,1.187270191026051,1.3526290604857785,0.7038871697972243,0.42602665645963084,1.0219868063692654,5.21621017077775e-06,0.000166918725464888,True,***,0.0013142614324107597,0.03942784297232279,True,*,1.6307901962231872e-06,5.544686667158836e-05,True,***
4,stem_right,ttc_p10_mean,cbf_aux,66,60,0.9852613524779102,0.9357335996761844,1.0372772742657852,-0.20556301630724946,-0.5589787248962677,0.142677085223065,0.2512790667088175,1.0,False,ns,0.15732335195134295,1.0,False,ns,0.4284560066520179,1.0,False,ns
4,stem_right,action_entropy_mean,hjb_aux,120,60,1.2167314554176254,1.1750033297876064,1.2561820044112406,0.22558594640090682,-0.08092636784077967,0.5742664190921194,0.17111451797958008,1.0,False,ns,0.1697197832274483,1.0,False,ns,0.48275881640330565,1.0,False,ns
4,stem_right,action_entropy_mean,soft_hjb_aux,120,60,1.2738411109563066,1.2436673189505703,1.302645422956695,0.553475987942702,0.23040824755942158,0.9009115431703637,0.0028572492227076467,0.0857174766812294,False,ns,0.0027853425869240602,0.07241890726002556,False,ns,0.021614987307381338,0.3735322335184886,False,ns
4,stem_right,action_entropy_mean,eikonal_aux,90,60,1.282791617608294,1.2345651009035479,1.3284961611128807,0.5005554553510105,0.1757768281599427,0.8365956616457223,0.0038775295189136575,0.10718008305144315,False,ns,0.00044462471888209075,0.013783366285344814,True,*,0.016471424157679024,0.36007135179874367,False,ns
4,stem_right,action_entropy_mean,cbf_aux,66,60,1.1755817567378088,1.117931429760739,1.2313763897625731,0.04857978681350743,-0.29800430026962543,0.4047246024752343,0.7863571443604692,1.0,False,ns,0.8051564979789436,1.0,False,ns,0.5473532132689243,1.0,False,ns
4,stem_right,hard_brakes_per_ep_mean,hjb_aux,120,60,0.353,0.3349166666666667,0.3700833333333333,-0.09189726511623907,-0.3505428889230177,0.18431011466685182,0.5123227447851555,1.0,False,ns,0.7717425454980875,1.0,False,ns,0.7358564350628028,1.0,False,ns
4,stem_right,hard_brakes_per_ep_mean,soft_hjb_aux,120,60,0.25825000000000004,0.23733125,0.2791666666666667,-0.993538312502766,-1.2254500153564833,-0.7763327584300668,3.7256939658538594e-12,1.378506767365928e-10,True,***,5.528341368802551e-09,1.934919479080893e-07,True,***,7.853874749610486e-08,2.5917786673714605e-06,True,***
4,stem_right,hard_brakes_per_ep_mean,eikonal_aux,90,60,0.19777777777777777,0.168,0.2275583333333333,-1.3466887435502302,-1.70625227741976,-1.0397206990277912,5.478631483021197e-16,2.1914525932084788e-14,True,***,2.4638040736162448e-11,9.116075072380105e-10,True,***,3.733960503682531e-08,1.3068861762888859e-06,True,***
4,stem_right,hard_brakes_per_ep_mean,cbf_aux,66,60,0.33787878787878795,0.32606060606060605,0.3507575757575757,-0.3924985195018111,-0.7630418415745079,-0.050676485767529277,0.031894806971114874,0.604746554230119,False,ns,0.02886035144818977,0.4906259746192261,False,ns,0.005795661994188328,0.12170890187795488,False,ns
4,stem_right,row_violations_per_ep_mean,hjb_aux,120,60,26.314750000000004,24.347695833333333,28.36829166666666,0.6307302786646775,0.3639378298072846,0.9185250620197039,1.3703522705272031e-05,0.0005207338628003371,True,***,0.0002177105282056595,0.007619868487198082,True,**,0.007943530063958223,0.21447531172687204,False,ns
4,stem_right,row_violations_per_ep_mean,soft_hjb_aux,120,60,35.027166666666666,32.63215833333333,37.395712499999995,1.2816320055463344,1.028366810473607,1.5879889521544914,9.727712516508358e-18,4.572024882758929e-16,True,***,8.18947097999132e-12,3.439577811596354e-10,True,***,4.185643576755095e-12,1.841683173772242e-10,True,***
4,stem_right,row_violations_per_ep_mean,eikonal_aux,90,60,22.916111111111114,20.571416666666668,25.466824999999996,0.2894688102579185,-0.005831713206120158,0.5552684679050485,0.06160872686349487,1.0,False,ns,0.3148500015586917,1.0,False,ns,0.46023664644906015,1.0,False,ns
4,stem_right,row_violations_per_ep_mean,cbf_aux,66,60,22.916818181818183,20.2563446969697,25.65366287878788,0.31059641546380856,-0.033306842926920995,0.6384312260760153,0.0791935072083463,1.0,False,ns,0.1594848299280448,1.0,False,ns,0.08619240708326717,1.0,False,ns
4,stem_right,action_go_frac,hjb_aux,120,60,0.34375580812833967,0.3308197819687908,0.35643370916747397,0.07102003845089144,-0.25178915671917323,0.41076076125397704,0.6698690439127988,1.0,False,ns,0.6348603873748873,1.0,False,ns,0.6204403605302383,1.0,False,ns
4,stem_right,action_go_frac,soft_hjb_aux,120,60,0.40539455238875327,0.3944502887144249,0.4165607571738235,0.9569422507823993,0.6376243388075128,1.301219440541647,3.457619293585789e-07,1.2793191386267419e-05,True,***,1.1575827439117095e-06,4.051539603690983e-05,True,***,5.995414320109466e-08,2.2183032984405023e-06,True,***
4,stem_right,action_go_frac,eikonal_aux,90,60,0.3739432568988458,0.35809675870292407,0.38990790389628616,0.4442096440941321,0.10930793719721837,0.7880754567550967,0.00977700051598898,0.2444250128997245,False,ns,0.015574087950949222,0.4049262867246798,False,ns,0.06997381693757969,1.0,False,ns
4,stem_right,action_go_frac,cbf_aux,66,60,0.3455679584716922,0.32723500684781404,0.36353236684373774,0.09092803775296403,-0.24607273895949786,0.45693654747987195,0.6129514918890968,1.0,False,ns,0.5561223963531499,1.0,False,ns,0.9568925574484473,1.0,False,ns
4,stem_right,action_yield_frac,hjb_aux,120,60,0.18735796733754875,0.1653575952406237,0.20980430503461386,-0.3041959831713924,-0.632231526893479,0.029232807306520062,0.09660745500467717,1.0,False,ns,0.29305229435204394,1.0,False,ns,0.2241736924451267,1.0,False,ns
4,stem_right,action_yield_frac,soft_hjb_aux,120,60,0.1940877241143913,0.1814600323672698,0.20723399672004916,-0.31026082130196936,-0.6574820682662218,0.08186523056655623,0.13335317465810437,1.0,False,ns,0.7282543224183825,1.0,False,ns,0.3239350101721987,1.0,False,ns
4,stem_right,action_yield_frac,eikonal_aux,90,60,0.1957782036260392,0.17109771217824424,0.22243717726631315,-0.237797723475159,-0.5746977003815369,0.11341047844055115,0.1898863822135829,1.0,False,ns,0.3029962729672824,1.0,False,ns,0.6439248246725959,1.0,False,ns
4,stem_right,action_yield_frac,cbf_aux,66,60,0.18365235785774692,0.15236197132021792,0.21770155489222953,-0.2972922358774114,-0.6389369355844676,0.046028865103332754,0.10337384878854511,1.0,False,ns,0.10965376464219263,1.0,False,ns,0.22171501829959905,1.0,False,ns
4,stem_right,switching_rate_mean,hjb_aux,120,60,0.37089965774407635,0.331450520198655,0.40967339572484635,-0.017682141335846467,-0.31847422328571967,0.3099363472260515,0.9128261466581855,1.0,False,ns,0.9818427981045831,1.0,False,ns,0.731176344679693,1.0,False,ns
4,stem_right,switching_rate_mean,soft_hjb_aux,120,60,0.4386146728765054,0.3939976928483511,0.4820922829638577,0.2618408899122443,-0.029272518826162733,0.5715511389911934,0.0930907635867744,1.0,False,ns,0.0021669113675043413,0.06934116376013892,False,ns,0.14222304689498147,1.0,False,ns
4,stem_right,switching_rate_mean,eikonal_aux,90,60,0.49344519672168935,0.4425722689572456,0.5408823164556679,0.4967694683882305,0.1758252788162833,0.8345908382405683,0.003191092880489537,0.10849715793664426,False,ns,0.00014039927316814962,0.005335172380389686,True,**,0.009742205806107579,0.2727817625710122,False,ns
4,stem_right,switching_rate_mean,cbf_aux,66,60,0.37058677381462063,0.3149371341774255,0.4249084152160916,-0.018466464543352063,-0.36372625056927405,0.334038310774825,0.9177515211160914,1.0,False,ns,0.9629874515662507,1.0,False,ns,0.99389760406956,1.0,False,ns
4,stem_right,decision_latency_mean,hjb_aux,120,60,4.454652967934072,3.2955544775519092,5.723604660741765,0.39672242634771865,0.1827916369043019,0.5794782022621439,0.0015422411212160324,0.06785860933350543,False,ns,0.15957827678106584,1.0,False,ns,0.03792757368058142,1.0,False,ns
4,stem_right,decision_latency_mean,soft_hjb_aux,120,60,4.459887259314117,3.491981102699668,5.527949172745918,0.4660554568668923,0.24525146473557377,0.6620607401280895,0.00033261348500574503,0.01596544728027576,True,*,0.0002695659019471769,0.01132176788178143,True,*,0.002457435472565116,0.10566972532029999,False,ns
4,stem_right,decision_latency_mean,eikonal_aux,90,60,3.189226182105068,2.5347472332390244,3.8982603136821914,0.3297786323459642,0.03688814523437745,0.6364537157013779,0.04070551009018869,1.0,False,ns,0.0075842447521832935,0.25028007682204867,False,ns,0.6484428209021007,1.0,False,ns
4,stem_right,decision_latency_mean,cbf_aux,66,60,2.5741830928461242,1.7151623163692773,3.5400046424995004,0.12234671351535703,-0.23304585000682013,0.4431497534511911,0.4872275007751814,1.0,False,ns,0.6869523338540253,1.0,False,ns,0.3277498837196995,1.0,False,ns
