scenario,maneuver,metric,method_a,method_b,raw_p_paired,corrected_p_paired,significant_paired,marker_paired,cohens_d
1a,right_stem,mean_return,hjb_aux,soft_hjb_aux,nan,nan,False,n/a,1.2242142140328283
1a,stem_left,mean_return,hjb_aux,soft_hjb_aux,nan,nan,False,n/a,-0.10999816703080881
1a,stem_right,mean_return,hjb_aux,soft_hjb_aux,nan,nan,False,n/a,1.9928953017709867
1b,stem_left,mean_return,hjb_aux,soft_hjb_aux,nan,nan,False,n/a,2.9544747657650228
1b,stem_right,mean_return,hjb_aux,soft_hjb_aux,nan,nan,False,n/a,1.8504594341260365
2,stem_left,mean_return,hjb_aux,soft_hjb_aux,nan,nan,False,n/a,5.73017899362162
2,stem_right,mean_return,hjb_aux,soft_hjb_aux,nan,nan,False,n/a,3.5311689215439763
2_dense,right_left,mean_return,hjb_aux,soft_hjb_aux,nan,nan,False,n/a,0.5915898571824251
3,left_right,mean_return,hjb_aux,soft_hjb_aux,nan,nan,False,n/a,1.703047841336322
3,right_left,mean_return,hjb_aux,soft_hjb_aux,nan,nan,False,n/a,2.571804319535604
4,stem_left,mean_return,hjb_aux,soft_hjb_aux,nan,nan,False,n/a,1.9662446086872651
4,stem_right,mean_return,hjb_aux,soft_hjb_aux,nan,nan,False,n/a,3.845843602081225
1a,right_stem,mean_return,hjb_aux,eikonal_aux,nan,nan,False,n/a,-4.943505027047153
1a,stem_left,mean_return,hjb_aux,eikonal_aux,nan,nan,False,n/a,-5.038461324463125
1a,stem_right,mean_return,hjb_aux,eikonal_aux,nan,nan,False,n/a,-4.848977455993509
1b,stem_left,mean_return,hjb_aux,eikonal_aux,nan,nan,False,n/a,3.78902457448894
1b,stem_right,mean_return,hjb_aux,eikonal_aux,nan,nan,False,n/a,2.7656131867122773
2,stem_left,mean_return,hjb_aux,eikonal_aux,nan,nan,False,n/a,4.069376549108885
2,stem_right,mean_return,hjb_aux,eikonal_aux,nan,nan,False,n/a,1.0874728428124176
2_dense,right_left,mean_return,hjb_aux,eikonal_aux,nan,nan,False,n/a,0.935608292592909
3,left_right,mean_return,hjb_aux,eikonal_aux,nan,nan,False,n/a,0.06637931112410357
3,right_left,mean_return,hjb_aux,eikonal_aux,nan,nan,False,n/a,2.5673830512376057
4,stem_left,mean_return,hjb_aux,eikonal_aux,nan,nan,False,n/a,1.346972750350633
4,stem_right,mean_return,hjb_aux,eikonal_aux,nan,nan,False,n/a,1.0835028360126238
1a,right_stem,mean_return,hjb_aux,fusion_aux,nan,nan,False,n/a,-1.6855526990612253
1a,stem_left,mean_return,hjb_aux,fusion_aux,nan,nan,False,n/a,-1.0451769319727175
1a,stem_right,mean_return,hjb_aux,fusion_aux,nan,nan,False,n/a,-0.17238180592384328
1b,stem_left,mean_return,hjb_aux,fusion_aux,nan,nan,False,n/a,2.9658368454099238
1b,stem_right,mean_return,hjb_aux,fusion_aux,nan,nan,False,n/a,2.358274410743086
2,stem_left,mean_return,hjb_aux,fusion_aux,nan,nan,False,n/a,4.043153511721802
2,stem_right,mean_return,hjb_aux,fusion_aux,nan,nan,False,n/a,1.484392596487073
2_dense,right_left,mean_return,hjb_aux,fusion_aux,nan,nan,False,n/a,0.9952690395823371
3,left_right,mean_return,hjb_aux,fusion_aux,nan,nan,False,n/a,0.17848112764286048
3,right_left,mean_return,hjb_aux,fusion_aux,nan,nan,False,n/a,2.034772584186928
4,stem_left,mean_return,hjb_aux,fusion_aux,nan,nan,False,n/a,1.460200138294193
4,stem_right,mean_return,hjb_aux,fusion_aux,nan,nan,False,n/a,1.7491502617945407
1a,right_stem,mean_return,hjb_aux,cbf_aux,nan,nan,False,n/a,-0.925691818821024
1a,stem_left,mean_return,hjb_aux,cbf_aux,nan,nan,False,n/a,-1.0346993739047732
1a,stem_right,mean_return,hjb_aux,cbf_aux,nan,nan,False,n/a,-0.9371572120015804
1b,stem_left,mean_return,hjb_aux,cbf_aux,nan,nan,False,n/a,-0.41067260440040954
1b,stem_right,mean_return,hjb_aux,cbf_aux,nan,nan,False,n/a,0.36714317432027777
2,stem_left,mean_return,hjb_aux,cbf_aux,nan,nan,False,n/a,-0.08445208577474095
2,stem_right,mean_return,hjb_aux,cbf_aux,nan,nan,False,n/a,-0.22474315221794916
2_dense,right_left,mean_return,hjb_aux,cbf_aux,nan,nan,False,n/a,-0.20876465184413706
3,left_right,mean_return,hjb_aux,cbf_aux,nan,nan,False,n/a,-0.884977925567671
3,right_left,mean_return,hjb_aux,cbf_aux,nan,nan,False,n/a,0.2229182433457466
4,stem_left,mean_return,hjb_aux,cbf_aux,nan,nan,False,n/a,-0.8146261082772164
4,stem_right,mean_return,hjb_aux,cbf_aux,nan,nan,False,n/a,0.08472662663866087
1a,right_stem,mean_return,hjb_aux,rule_based,nan,nan,False,n/a,-16.109563125445494
1a,stem_left,mean_return,hjb_aux,rule_based,nan,nan,False,n/a,-20.524990150990433
1a,stem_right,mean_return,hjb_aux,rule_based,nan,nan,False,n/a,-18.314194241658623
1b,stem_left,mean_return,hjb_aux,rule_based,nan,nan,False,n/a,0.46673704048613596
1b,stem_right,mean_return,hjb_aux,rule_based,nan,nan,False,n/a,1.5315336101488135
2,stem_left,mean_return,hjb_aux,rule_based,nan,nan,False,n/a,0.577509885277507
2,stem_right,mean_return,hjb_aux,rule_based,nan,nan,False,n/a,1.5409870559800192
2_dense,right_left,mean_return,hjb_aux,rule_based,nan,nan,False,n/a,-3.6095855264970007
3,left_right,mean_return,hjb_aux,rule_based,nan,nan,False,n/a,0.4197276897828902
3,right_left,mean_return,hjb_aux,rule_based,nan,nan,False,n/a,-2.177739079667833
4,stem_left,mean_return,hjb_aux,rule_based,nan,nan,False,n/a,0.23047975135108256
4,stem_right,mean_return,hjb_aux,rule_based,nan,nan,False,n/a,2.3430760825813497
1a,right_stem,mean_return,soft_hjb_aux,hjb_aux,nan,nan,False,n/a,-1.2242142140328283
1a,stem_left,mean_return,soft_hjb_aux,hjb_aux,nan,nan,False,n/a,0.10999816703080881
1a,stem_right,mean_return,soft_hjb_aux,hjb_aux,nan,nan,False,n/a,-1.9928953017709867
1b,stem_left,mean_return,soft_hjb_aux,hjb_aux,nan,nan,False,n/a,-2.9544747657650228
1b,stem_right,mean_return,soft_hjb_aux,hjb_aux,nan,nan,False,n/a,-1.8504594341260365
2,stem_left,mean_return,soft_hjb_aux,hjb_aux,nan,nan,False,n/a,-5.73017899362162
2,stem_right,mean_return,soft_hjb_aux,hjb_aux,nan,nan,False,n/a,-3.5311689215439763
2_dense,right_left,mean_return,soft_hjb_aux,hjb_aux,nan,nan,False,n/a,-0.5915898571824251
3,left_right,mean_return,soft_hjb_aux,hjb_aux,nan,nan,False,n/a,-1.703047841336322
3,right_left,mean_return,soft_hjb_aux,hjb_aux,nan,nan,False,n/a,-2.571804319535604
4,stem_left,mean_return,soft_hjb_aux,hjb_aux,nan,nan,False,n/a,-1.9662446086872651
4,stem_right,mean_return,soft_hjb_aux,hjb_aux,nan,nan,False,n/a,-3.845843602081225
1a,right_stem,mean_return,soft_hjb_aux,eikonal_aux,nan,nan,False,n/a,-5.4476355239654755
1a,stem_left,mean_return,soft_hjb_aux,eikonal_aux,nan,nan,False,n/a,-3.9830811994818642
1a,stem_right,mean_return,soft_hjb_aux,eikonal_aux,nan,nan,False,n/a,-5.769380239174864
1b,stem_left,mean_return,soft_hjb_aux,eikonal_aux,nan,nan,False,n/a,1.4175179171975685
1b,stem_right,mean_return,soft_hjb_aux,eikonal_aux,nan,nan,False,n/a,0.9940577057242105
2,stem_left,mean_return,soft_hjb_aux,eikonal_aux,nan,nan,False,n/a,-0.8065456633415723
2,stem_right,mean_return,soft_hjb_aux,eikonal_aux,nan,nan,False,n/a,-1.1439383345017522
2_dense,right_left,mean_return,soft_hjb_aux,eikonal_aux,nan,nan,False,n/a,0.9279333339679225
3,left_right,mean_return,soft_hjb_aux,eikonal_aux,nan,nan,False,n/a,-1.4513612683062296
3,right_left,mean_return,soft_hjb_aux,eikonal_aux,nan,nan,False,n/a,0.4068143577425307
4,stem_left,mean_return,soft_hjb_aux,eikonal_aux,nan,nan,False,n/a,-1.0208897165484105
4,stem_right,mean_return,soft_hjb_aux,eikonal_aux,nan,nan,False,n/a,-1.291279048515734
1a,right_stem,mean_return,soft_hjb_aux,fusion_aux,nan,nan,False,n/a,-1.981335693140629
1a,stem_left,mean_return,soft_hjb_aux,fusion_aux,nan,nan,False,n/a,-0.8482048039645628
1a,stem_right,mean_return,soft_hjb_aux,fusion_aux,nan,nan,False,n/a,-0.9421419757754329
1b,stem_left,mean_return,soft_hjb_aux,fusion_aux,nan,nan,False,n/a,0.0842062690775596
1b,stem_right,mean_return,soft_hjb_aux,fusion_aux,nan,nan,False,n/a,0.648163740769787
2,stem_left,mean_return,soft_hjb_aux,fusion_aux,nan,nan,False,n/a,-0.8303649434401374
2,stem_right,mean_return,soft_hjb_aux,fusion_aux,nan,nan,False,n/a,-1.8008998455941954
2_dense,right_left,mean_return,soft_hjb_aux,fusion_aux,nan,nan,False,n/a,1.509031142754514
3,left_right,mean_return,soft_hjb_aux,fusion_aux,nan,nan,False,n/a,-1.9495321697318384
3,right_left,mean_return,soft_hjb_aux,fusion_aux,nan,nan,False,n/a,-0.03444752082507159
4,stem_left,mean_return,soft_hjb_aux,fusion_aux,nan,nan,False,n/a,-1.520117360896844
4,stem_right,mean_return,soft_hjb_aux,fusion_aux,nan,nan,False,n/a,-1.5557429851429776
1a,right_stem,mean_return,soft_hjb_aux,cbf_aux,nan,nan,False,n/a,-1.4624526951806616
1a,stem_left,mean_return,soft_hjb_aux,cbf_aux,nan,nan,False,n/a,-0.5480886210249021
1a,stem_right,mean_return,soft_hjb_aux,cbf_aux,nan,nan,False,n/a,-1.6596149882012339
1b,stem_left,mean_return,soft_hjb_aux,cbf_aux,nan,nan,False,n/a,-5.551898586443393
1b,stem_right,mean_return,soft_hjb_aux,cbf_aux,nan,nan,False,n/a,-1.164217382732014
2,stem_left,mean_return,soft_hjb_aux,cbf_aux,nan,nan,False,n/a,-4.0259593300764145
2,stem_right,mean_return,soft_hjb_aux,cbf_aux,nan,nan,False,n/a,-3.6535972003232167
2_dense,right_left,mean_return,soft_hjb_aux,cbf_aux,nan,nan,False,n/a,-0.8194214985109971
3,left_right,mean_return,soft_hjb_aux,cbf_aux,nan,nan,False,n/a,-2.4962623843989773
3,right_left,mean_return,soft_hjb_aux,cbf_aux,nan,nan,False,n/a,-2.256369784278377
4,stem_left,mean_return,soft_hjb_aux,cbf_aux,nan,nan,False,n/a,-5.855653095079563
4,stem_right,mean_return,soft_hjb_aux,cbf_aux,nan,nan,False,n/a,-4.0264933063340465
1a,right_stem,mean_return,soft_hjb_aux,rule_based,nan,nan,False,n/a,-26.16773762948541
1a,stem_left,mean_return,soft_hjb_aux,rule_based,nan,nan,False,n/a,-8.08519249054685
1a,stem_right,mean_return,soft_hjb_aux,rule_based,nan,nan,False,n/a,-25.437978437407953
1b,stem_left,mean_return,soft_hjb_aux,rule_based,nan,nan,False,n/a,-5.977768574445599
1b,stem_right,mean_return,soft_hjb_aux,rule_based,nan,nan,False,n/a,-0.7763926026518209
2,stem_left,mean_return,soft_hjb_aux,rule_based,nan,nan,False,n/a,-7.563883027247983
2,stem_right,mean_return,soft_hjb_aux,rule_based,nan,nan,False,n/a,-2.1411348262139356
2_dense,right_left,mean_return,soft_hjb_aux,rule_based,nan,nan,False,n/a,-25.78738241092046
3,left_right,mean_return,soft_hjb_aux,rule_based,nan,nan,False,n/a,-1.1106959886095507
3,right_left,mean_return,soft_hjb_aux,rule_based,nan,nan,False,n/a,-15.919707113897504
4,stem_left,mean_return,soft_hjb_aux,rule_based,nan,nan,False,n/a,-5.492674615519575
4,stem_right,mean_return,soft_hjb_aux,rule_based,nan,nan,False,n/a,-1.453017874787723
1a,right_stem,mean_return,eikonal_aux,hjb_aux,nan,nan,False,n/a,4.943505027047153
1a,stem_left,mean_return,eikonal_aux,hjb_aux,nan,nan,False,n/a,5.038461324463125
1a,stem_right,mean_return,eikonal_aux,hjb_aux,nan,nan,False,n/a,4.848977455993509
1b,stem_left,mean_return,eikonal_aux,hjb_aux,nan,nan,False,n/a,-3.78902457448894
1b,stem_right,mean_return,eikonal_aux,hjb_aux,nan,nan,False,n/a,-2.7656131867122773
2,stem_left,mean_return,eikonal_aux,hjb_aux,nan,nan,False,n/a,-4.069376549108885
2,stem_right,mean_return,eikonal_aux,hjb_aux,nan,nan,False,n/a,-1.0874728428124176
2_dense,right_left,mean_return,eikonal_aux,hjb_aux,nan,nan,False,n/a,-0.935608292592909
3,left_right,mean_return,eikonal_aux,hjb_aux,nan,nan,False,n/a,-0.06637931112410357
3,right_left,mean_return,eikonal_aux,hjb_aux,nan,nan,False,n/a,-2.5673830512376057
4,stem_left,mean_return,eikonal_aux,hjb_aux,nan,nan,False,n/a,-1.346972750350633
4,stem_right,mean_return,eikonal_aux,hjb_aux,nan,nan,False,n/a,-1.0835028360126238
1a,right_stem,mean_return,eikonal_aux,soft_hjb_aux,nan,nan,False,n/a,5.4476355239654755
1a,stem_left,mean_return,eikonal_aux,soft_hjb_aux,nan,nan,False,n/a,3.9830811994818642
1a,stem_right,mean_return,eikonal_aux,soft_hjb_aux,nan,nan,False,n/a,5.769380239174864
1b,stem_left,mean_return,eikonal_aux,soft_hjb_aux,nan,nan,False,n/a,-1.4175179171975685
1b,stem_right,mean_return,eikonal_aux,soft_hjb_aux,nan,nan,False,n/a,-0.9940577057242105
2,stem_left,mean_return,eikonal_aux,soft_hjb_aux,nan,nan,False,n/a,0.8065456633415723
2,stem_right,mean_return,eikonal_aux,soft_hjb_aux,nan,nan,False,n/a,1.1439383345017522
2_dense,right_left,mean_return,eikonal_aux,soft_hjb_aux,nan,nan,False,n/a,-0.9279333339679225
3,left_right,mean_return,eikonal_aux,soft_hjb_aux,nan,nan,False,n/a,1.4513612683062296
3,right_left,mean_return,eikonal_aux,soft_hjb_aux,nan,nan,False,n/a,-0.4068143577425307
4,stem_left,mean_return,eikonal_aux,soft_hjb_aux,nan,nan,False,n/a,1.0208897165484105
4,stem_right,mean_return,eikonal_aux,soft_hjb_aux,nan,nan,False,n/a,1.291279048515734
1a,right_stem,mean_return,eikonal_aux,fusion_aux,nan,nan,False,n/a,1.6366443843920961
1a,stem_left,mean_return,eikonal_aux,fusion_aux,nan,nan,False,n/a,2.315915225170862
1a,stem_right,mean_return,eikonal_aux,fusion_aux,nan,nan,False,n/a,3.317467244870458
1b,stem_left,mean_return,eikonal_aux,fusion_aux,nan,nan,False,n/a,-1.2177305706563781
1b,stem_right,mean_return,eikonal_aux,fusion_aux,nan,nan,False,n/a,-0.2946177144851293
2,stem_left,mean_return,eikonal_aux,fusion_aux,nan,nan,False,n/a,-0.02101415203177333
2,stem_right,mean_return,eikonal_aux,fusion_aux,nan,nan,False,n/a,-0.05241416430508752
2_dense,right_left,mean_return,eikonal_aux,fusion_aux,nan,nan,False,n/a,0.013649730071832442
3,left_right,mean_return,eikonal_aux,fusion_aux,nan,nan,False,n/a,0.06372452996026448
3,right_left,mean_return,eikonal_aux,fusion_aux,nan,nan,False,n/a,-0.2873781041148872
4,stem_left,mean_return,eikonal_aux,fusion_aux,nan,nan,False,n/a,0.018757517353490745
4,stem_right,mean_return,eikonal_aux,fusion_aux,nan,nan,False,n/a,0.17620460482849482
1a,right_stem,mean_return,eikonal_aux,cbf_aux,nan,nan,False,n/a,3.5220551597637937
1a,stem_left,mean_return,eikonal_aux,cbf_aux,nan,nan,False,n/a,4.135906126740098
1a,stem_right,mean_return,eikonal_aux,cbf_aux,nan,nan,False,n/a,2.550644515661347
1b,stem_left,mean_return,eikonal_aux,cbf_aux,nan,nan,False,n/a,-8.019027587612964
1b,stem_right,mean_return,eikonal_aux,cbf_aux,nan,nan,False,n/a,-1.9487289949510451
2,stem_left,mean_return,eikonal_aux,cbf_aux,nan,nan,False,n/a,-3.1415523631492865
2,stem_right,mean_return,eikonal_aux,cbf_aux,nan,nan,False,n/a,-1.22732873097394
2_dense,right_left,mean_return,eikonal_aux,cbf_aux,nan,nan,False,n/a,-1.1266901998674004
3,left_right,mean_return,eikonal_aux,cbf_aux,nan,nan,False,n/a,-0.8356546054755581
3,right_left,mean_return,eikonal_aux,cbf_aux,nan,nan,False,n/a,-2.281129946910498
4,stem_left,mean_return,eikonal_aux,cbf_aux,nan,nan,False,n/a,-3.8042075202520147
4,stem_right,mean_return,eikonal_aux,cbf_aux,nan,nan,False,n/a,-1.0570195845192363
1a,right_stem,mean_return,eikonal_aux,rule_based,nan,nan,False,n/a,0.02478794029633107
1a,stem_left,mean_return,eikonal_aux,rule_based,nan,nan,False,n/a,-1.6255148995696649
1a,stem_right,mean_return,eikonal_aux,rule_based,nan,nan,False,n/a,-1.1285334821062236
1b,stem_left,mean_return,eikonal_aux,rule_based,nan,nan,False,n/a,-13.677330194808375
1b,stem_right,mean_return,eikonal_aux,rule_based,nan,nan,False,n/a,-1.9707914988472948
2,stem_left,mean_return,eikonal_aux,rule_based,nan,nan,False,n/a,-4.537741768564914
2,stem_right,mean_return,eikonal_aux,rule_based,nan,nan,False,n/a,-0.11915793675028444
2_dense,right_left,mean_return,eikonal_aux,rule_based,nan,nan,False,n/a,-10.831056910816658
3,left_right,mean_return,eikonal_aux,rule_based,nan,nan,False,n/a,0.31861157052717826
3,right_left,mean_return,eikonal_aux,rule_based,nan,nan,False,n/a,-9.079293945209079
4,stem_left,mean_return,eikonal_aux,rule_based,nan,nan,False,n/a,-2.5234433150580613
4,stem_right,mean_return,eikonal_aux,rule_based,nan,nan,False,n/a,0.4030536509155534
1a,right_stem,mean_return,fusion_aux,hjb_aux,nan,nan,False,n/a,1.6855526990612253
1a,stem_left,mean_return,fusion_aux,hjb_aux,nan,nan,False,n/a,1.0451769319727175
1a,stem_right,mean_return,fusion_aux,hjb_aux,nan,nan,False,n/a,0.17238180592384328
1b,stem_left,mean_return,fusion_aux,hjb_aux,nan,nan,False,n/a,-2.9658368454099238
1b,stem_right,mean_return,fusion_aux,hjb_aux,nan,nan,False,n/a,-2.358274410743086
2,stem_left,mean_return,fusion_aux,hjb_aux,nan,nan,False,n/a,-4.043153511721802
2,stem_right,mean_return,fusion_aux,hjb_aux,nan,nan,False,n/a,-1.484392596487073
2_dense,right_left,mean_return,fusion_aux,hjb_aux,nan,nan,False,n/a,-0.9952690395823371
3,left_right,mean_return,fusion_aux,hjb_aux,nan,nan,False,n/a,-0.17848112764286048
3,right_left,mean_return,fusion_aux,hjb_aux,nan,nan,False,n/a,-2.034772584186928
4,stem_left,mean_return,fusion_aux,hjb_aux,nan,nan,False,n/a,-1.460200138294193
4,stem_right,mean_return,fusion_aux,hjb_aux,nan,nan,False,n/a,-1.7491502617945407
1a,right_stem,mean_return,fusion_aux,soft_hjb_aux,nan,nan,False,n/a,1.981335693140629
1a,stem_left,mean_return,fusion_aux,soft_hjb_aux,nan,nan,False,n/a,0.8482048039645628
1a,stem_right,mean_return,fusion_aux,soft_hjb_aux,nan,nan,False,n/a,0.9421419757754329
1b,stem_left,mean_return,fusion_aux,soft_hjb_aux,nan,nan,False,n/a,-0.0842062690775596
1b,stem_right,mean_return,fusion_aux,soft_hjb_aux,nan,nan,False,n/a,-0.648163740769787
2,stem_left,mean_return,fusion_aux,soft_hjb_aux,nan,nan,False,n/a,0.8303649434401374
2,stem_right,mean_return,fusion_aux,soft_hjb_aux,nan,nan,False,n/a,1.8008998455941954
2_dense,right_left,mean_return,fusion_aux,soft_hjb_aux,nan,nan,False,n/a,-1.509031142754514
3,left_right,mean_return,fusion_aux,soft_hjb_aux,nan,nan,False,n/a,1.9495321697318384
3,right_left,mean_return,fusion_aux,soft_hjb_aux,nan,nan,False,n/a,0.03444752082507159
4,stem_left,mean_return,fusion_aux,soft_hjb_aux,nan,nan,False,n/a,1.520117360896844
4,stem_right,mean_return,fusion_aux,soft_hjb_aux,nan,nan,False,n/a,1.5557429851429776
1a,right_stem,mean_return,fusion_aux,eikonal_aux,nan,nan,False,n/a,-1.6366443843920961
1a,stem_left,mean_return,fusion_aux,eikonal_aux,nan,nan,False,n/a,-2.315915225170862
1a,stem_right,mean_return,fusion_aux,eikonal_aux,nan,nan,False,n/a,-3.317467244870458
1b,stem_left,mean_return,fusion_aux,eikonal_aux,nan,nan,False,n/a,1.2177305706563781
1b,stem_right,mean_return,fusion_aux,eikonal_aux,nan,nan,False,n/a,0.2946177144851293
2,stem_left,mean_return,fusion_aux,eikonal_aux,nan,nan,False,n/a,0.02101415203177333
2,stem_right,mean_return,fusion_aux,eikonal_aux,nan,nan,False,n/a,0.05241416430508752
2_dense,right_left,mean_return,fusion_aux,eikonal_aux,nan,nan,False,n/a,-0.013649730071832442
3,left_right,mean_return,fusion_aux,eikonal_aux,nan,nan,False,n/a,-0.06372452996026448
3,right_left,mean_return,fusion_aux,eikonal_aux,nan,nan,False,n/a,0.2873781041148872
4,stem_left,mean_return,fusion_aux,eikonal_aux,nan,nan,False,n/a,-0.018757517353490745
4,stem_right,mean_return,fusion_aux,eikonal_aux,nan,nan,False,n/a,-0.17620460482849482
1a,right_stem,mean_return,fusion_aux,cbf_aux,nan,nan,False,n/a,1.0385496172216597
1a,stem_left,mean_return,fusion_aux,cbf_aux,nan,nan,False,n/a,0.5547681047184866
1a,stem_right,mean_return,fusion_aux,cbf_aux,nan,nan,False,n/a,-0.5939362002208851
1b,stem_left,mean_return,fusion_aux,cbf_aux,nan,nan,False,n/a,-5.451394056188401
1b,stem_right,mean_return,fusion_aux,cbf_aux,nan,nan,False,n/a,-1.642874820931254
2,stem_left,mean_return,fusion_aux,cbf_aux,nan,nan,False,n/a,-3.1233972769662763
2,stem_right,mean_return,fusion_aux,cbf_aux,nan,nan,False,n/a,-1.6623393255129528
2_dense,right_left,mean_return,fusion_aux,cbf_aux,nan,nan,False,n/a,-1.186446356010736
3,left_right,mean_return,fusion_aux,cbf_aux,nan,nan,False,n/a,-1.3340403241318468
3,right_left,mean_return,fusion_aux,cbf_aux,nan,nan,False,n/a,-1.7860196237142245
4,stem_left,mean_return,fusion_aux,cbf_aux,nan,nan,False,n/a,-5.075958880428766
4,stem_right,mean_return,fusion_aux,cbf_aux,nan,nan,False,n/a,-1.7587011131546915
1a,right_stem,mean_return,fusion_aux,rule_based,nan,nan,False,n/a,-1.9953269813434535
1a,stem_left,mean_return,fusion_aux,rule_based,nan,nan,False,n/a,-4.101770986070521
1a,stem_right,mean_return,fusion_aux,rule_based,nan,nan,False,n/a,-5.518501656879983
1b,stem_left,mean_return,fusion_aux,rule_based,nan,nan,False,n/a,-5.706072094586643
1b,stem_right,mean_return,fusion_aux,rule_based,nan,nan,False,n/a,-1.4780958493490997
2,stem_left,mean_return,fusion_aux,rule_based,nan,nan,False,n/a,-4.5024138153202795
2,stem_right,mean_return,fusion_aux,rule_based,nan,nan,False,n/a,-0.09573216911530463
2_dense,right_left,mean_return,fusion_aux,rule_based,nan,nan,False,n/a,-19.03887371759229
3,left_right,mean_return,fusion_aux,rule_based,nan,nan,False,n/a,0.36130882867533515
3,right_left,mean_return,fusion_aux,rule_based,nan,nan,False,n/a,-5.757522616246935
4,stem_left,mean_return,fusion_aux,rule_based,nan,nan,False,n/a,-4.5069273739717
4,stem_right,mean_return,fusion_aux,rule_based,nan,nan,False,n/a,0.3005004987921679
1a,right_stem,mean_return,cbf_aux,hjb_aux,nan,nan,False,n/a,0.925691818821024
1a,stem_left,mean_return,cbf_aux,hjb_aux,nan,nan,False,n/a,1.0346993739047732
1a,stem_right,mean_return,cbf_aux,hjb_aux,nan,nan,False,n/a,0.9371572120015804
1b,stem_left,mean_return,cbf_aux,hjb_aux,nan,nan,False,n/a,0.41067260440040954
1b,stem_right,mean_return,cbf_aux,hjb_aux,nan,nan,False,n/a,-0.36714317432027777
2,stem_left,mean_return,cbf_aux,hjb_aux,nan,nan,False,n/a,0.08445208577474095
2,stem_right,mean_return,cbf_aux,hjb_aux,nan,nan,False,n/a,0.22474315221794916
2_dense,right_left,mean_return,cbf_aux,hjb_aux,nan,nan,False,n/a,0.20876465184413706
3,left_right,mean_return,cbf_aux,hjb_aux,nan,nan,False,n/a,0.884977925567671
3,right_left,mean_return,cbf_aux,hjb_aux,nan,nan,False,n/a,-0.2229182433457466
4,stem_left,mean_return,cbf_aux,hjb_aux,nan,nan,False,n/a,0.8146261082772164
4,stem_right,mean_return,cbf_aux,hjb_aux,nan,nan,False,n/a,-0.08472662663866087
1a,right_stem,mean_return,cbf_aux,soft_hjb_aux,nan,nan,False,n/a,1.4624526951806616
1a,stem_left,mean_return,cbf_aux,soft_hjb_aux,nan,nan,False,n/a,0.5480886210249021
1a,stem_right,mean_return,cbf_aux,soft_hjb_aux,nan,nan,False,n/a,1.6596149882012339
1b,stem_left,mean_return,cbf_aux,soft_hjb_aux,nan,nan,False,n/a,5.551898586443393
1b,stem_right,mean_return,cbf_aux,soft_hjb_aux,nan,nan,False,n/a,1.164217382732014
2,stem_left,mean_return,cbf_aux,soft_hjb_aux,nan,nan,False,n/a,4.0259593300764145
2,stem_right,mean_return,cbf_aux,soft_hjb_aux,nan,nan,False,n/a,3.6535972003232167
2_dense,right_left,mean_return,cbf_aux,soft_hjb_aux,nan,nan,False,n/a,0.8194214985109971
3,left_right,mean_return,cbf_aux,soft_hjb_aux,nan,nan,False,n/a,2.4962623843989773
3,right_left,mean_return,cbf_aux,soft_hjb_aux,nan,nan,False,n/a,2.256369784278377
4,stem_left,mean_return,cbf_aux,soft_hjb_aux,nan,nan,False,n/a,5.855653095079563
4,stem_right,mean_return,cbf_aux,soft_hjb_aux,nan,nan,False,n/a,4.0264933063340465
1a,right_stem,mean_return,cbf_aux,eikonal_aux,nan,nan,False,n/a,-3.5220551597637937
1a,stem_left,mean_return,cbf_aux,eikonal_aux,nan,nan,False,n/a,-4.135906126740098
1a,stem_right,mean_return,cbf_aux,eikonal_aux,nan,nan,False,n/a,-2.550644515661347
1b,stem_left,mean_return,cbf_aux,eikonal_aux,nan,nan,False,n/a,8.019027587612964
1b,stem_right,mean_return,cbf_aux,eikonal_aux,nan,nan,False,n/a,1.9487289949510451
2,stem_left,mean_return,cbf_aux,eikonal_aux,nan,nan,False,n/a,3.1415523631492865
2,stem_right,mean_return,cbf_aux,eikonal_aux,nan,nan,False,n/a,1.22732873097394
2_dense,right_left,mean_return,cbf_aux,eikonal_aux,nan,nan,False,n/a,1.1266901998674004
3,left_right,mean_return,cbf_aux,eikonal_aux,nan,nan,False,n/a,0.8356546054755581
3,right_left,mean_return,cbf_aux,eikonal_aux,nan,nan,False,n/a,2.281129946910498
4,stem_left,mean_return,cbf_aux,eikonal_aux,nan,nan,False,n/a,3.8042075202520147
4,stem_right,mean_return,cbf_aux,eikonal_aux,nan,nan,False,n/a,1.0570195845192363
1a,right_stem,mean_return,cbf_aux,fusion_aux,nan,nan,False,n/a,-1.0385496172216597
1a,stem_left,mean_return,cbf_aux,fusion_aux,nan,nan,False,n/a,-0.5547681047184866
1a,stem_right,mean_return,cbf_aux,fusion_aux,nan,nan,False,n/a,0.5939362002208851
1b,stem_left,mean_return,cbf_aux,fusion_aux,nan,nan,False,n/a,5.451394056188401
1b,stem_right,mean_return,cbf_aux,fusion_aux,nan,nan,False,n/a,1.642874820931254
2,stem_left,mean_return,cbf_aux,fusion_aux,nan,nan,False,n/a,3.1233972769662763
2,stem_right,mean_return,cbf_aux,fusion_aux,nan,nan,False,n/a,1.6623393255129528
2_dense,right_left,mean_return,cbf_aux,fusion_aux,nan,nan,False,n/a,1.186446356010736
3,left_right,mean_return,cbf_aux,fusion_aux,nan,nan,False,n/a,1.3340403241318468
3,right_left,mean_return,cbf_aux,fusion_aux,nan,nan,False,n/a,1.7860196237142245
4,stem_left,mean_return,cbf_aux,fusion_aux,nan,nan,False,n/a,5.075958880428766
4,stem_right,mean_return,cbf_aux,fusion_aux,nan,nan,False,n/a,1.7587011131546915
1a,right_stem,mean_return,cbf_aux,rule_based,nan,nan,False,n/a,-5.733723934120572
1a,stem_left,mean_return,cbf_aux,rule_based,nan,nan,False,n/a,-11.978837405530653
1a,stem_right,mean_return,cbf_aux,rule_based,nan,nan,False,n/a,-4.281820502795304
1b,stem_left,mean_return,cbf_aux,rule_based,nan,nan,False,n/a,1.7264481107406247
1b,stem_right,mean_return,cbf_aux,rule_based,nan,nan,False,n/a,0.7589144855623141
2,stem_left,mean_return,cbf_aux,rule_based,nan,nan,False,n/a,0.4787442642030336
2,stem_right,mean_return,cbf_aux,rule_based,nan,nan,False,n/a,1.7299403154559563
2_dense,right_left,mean_return,cbf_aux,rule_based,nan,nan,False,n/a,-3.0059384590129405
3,left_right,mean_return,cbf_aux,rule_based,nan,nan,False,n/a,1.1789877711657422
3,right_left,mean_return,cbf_aux,rule_based,nan,nan,False,n/a,-2.4784177940697645
4,stem_left,mean_return,cbf_aux,rule_based,nan,nan,False,n/a,2.5034710420357205
4,stem_right,mean_return,cbf_aux,rule_based,nan,nan,False,n/a,2.408045941149779
1a,right_stem,mean_return,rule_based,hjb_aux,nan,nan,False,n/a,16.109563125445494
1a,stem_left,mean_return,rule_based,hjb_aux,nan,nan,False,n/a,20.524990150990433
1a,stem_right,mean_return,rule_based,hjb_aux,nan,nan,False,n/a,18.314194241658623
1b,stem_left,mean_return,rule_based,hjb_aux,nan,nan,False,n/a,-0.46673704048613596
1b,stem_right,mean_return,rule_based,hjb_aux,nan,nan,False,n/a,-1.5315336101488135
2,stem_left,mean_return,rule_based,hjb_aux,nan,nan,False,n/a,-0.577509885277507
2,stem_right,mean_return,rule_based,hjb_aux,nan,nan,False,n/a,-1.5409870559800192
2_dense,right_left,mean_return,rule_based,hjb_aux,nan,nan,False,n/a,3.6095855264970007
3,left_right,mean_return,rule_based,hjb_aux,nan,nan,False,n/a,-0.4197276897828902
3,right_left,mean_return,rule_based,hjb_aux,nan,nan,False,n/a,2.177739079667833
4,stem_left,mean_return,rule_based,hjb_aux,nan,nan,False,n/a,-0.23047975135108256
4,stem_right,mean_return,rule_based,hjb_aux,nan,nan,False,n/a,-2.3430760825813497
1a,right_stem,mean_return,rule_based,soft_hjb_aux,nan,nan,False,n/a,26.16773762948541
1a,stem_left,mean_return,rule_based,soft_hjb_aux,nan,nan,False,n/a,8.08519249054685
1a,stem_right,mean_return,rule_based,soft_hjb_aux,nan,nan,False,n/a,25.437978437407953
1b,stem_left,mean_return,rule_based,soft_hjb_aux,nan,nan,False,n/a,5.977768574445599
1b,stem_right,mean_return,rule_based,soft_hjb_aux,nan,nan,False,n/a,0.7763926026518209
2,stem_left,mean_return,rule_based,soft_hjb_aux,nan,nan,False,n/a,7.563883027247983
2,stem_right,mean_return,rule_based,soft_hjb_aux,nan,nan,False,n/a,2.1411348262139356
2_dense,right_left,mean_return,rule_based,soft_hjb_aux,nan,nan,False,n/a,25.78738241092046
3,left_right,mean_return,rule_based,soft_hjb_aux,nan,nan,False,n/a,1.1106959886095507
3,right_left,mean_return,rule_based,soft_hjb_aux,nan,nan,False,n/a,15.919707113897504
4,stem_left,mean_return,rule_based,soft_hjb_aux,nan,nan,False,n/a,5.492674615519575
4,stem_right,mean_return,rule_based,soft_hjb_aux,nan,nan,False,n/a,1.453017874787723
1a,right_stem,mean_return,rule_based,eikonal_aux,nan,nan,False,n/a,-0.02478794029633107
1a,stem_left,mean_return,rule_based,eikonal_aux,nan,nan,False,n/a,1.6255148995696649
1a,stem_right,mean_return,rule_based,eikonal_aux,nan,nan,False,n/a,1.1285334821062236
1b,stem_left,mean_return,rule_based,eikonal_aux,nan,nan,False,n/a,13.677330194808375
1b,stem_right,mean_return,rule_based,eikonal_aux,nan,nan,False,n/a,1.9707914988472948
2,stem_left,mean_return,rule_based,eikonal_aux,nan,nan,False,n/a,4.537741768564914
2,stem_right,mean_return,rule_based,eikonal_aux,nan,nan,False,n/a,0.11915793675028444
2_dense,right_left,mean_return,rule_based,eikonal_aux,nan,nan,False,n/a,10.831056910816658
3,left_right,mean_return,rule_based,eikonal_aux,nan,nan,False,n/a,-0.31861157052717826
3,right_left,mean_return,rule_based,eikonal_aux,nan,nan,False,n/a,9.079293945209079
4,stem_left,mean_return,rule_based,eikonal_aux,nan,nan,False,n/a,2.5234433150580613
4,stem_right,mean_return,rule_based,eikonal_aux,nan,nan,False,n/a,-0.4030536509155534
1a,right_stem,mean_return,rule_based,fusion_aux,nan,nan,False,n/a,1.9953269813434535
1a,stem_left,mean_return,rule_based,fusion_aux,nan,nan,False,n/a,4.101770986070521
1a,stem_right,mean_return,rule_based,fusion_aux,nan,nan,False,n/a,5.518501656879983
1b,stem_left,mean_return,rule_based,fusion_aux,nan,nan,False,n/a,5.706072094586643
1b,stem_right,mean_return,rule_based,fusion_aux,nan,nan,False,n/a,1.4780958493490997
2,stem_left,mean_return,rule_based,fusion_aux,nan,nan,False,n/a,4.5024138153202795
2,stem_right,mean_return,rule_based,fusion_aux,nan,nan,False,n/a,0.09573216911530463
2_dense,right_left,mean_return,rule_based,fusion_aux,nan,nan,False,n/a,19.03887371759229
3,left_right,mean_return,rule_based,fusion_aux,nan,nan,False,n/a,-0.36130882867533515
3,right_left,mean_return,rule_based,fusion_aux,nan,nan,False,n/a,5.757522616246935
4,stem_left,mean_return,rule_based,fusion_aux,nan,nan,False,n/a,4.5069273739717
4,stem_right,mean_return,rule_based,fusion_aux,nan,nan,False,n/a,-0.3005004987921679
1a,right_stem,mean_return,rule_based,cbf_aux,nan,nan,False,n/a,5.733723934120572
1a,stem_left,mean_return,rule_based,cbf_aux,nan,nan,False,n/a,11.978837405530653
1a,stem_right,mean_return,rule_based,cbf_aux,nan,nan,False,n/a,4.281820502795304
1b,stem_left,mean_return,rule_based,cbf_aux,nan,nan,False,n/a,-1.7264481107406247
1b,stem_right,mean_return,rule_based,cbf_aux,nan,nan,False,n/a,-0.7589144855623141
2,stem_left,mean_return,rule_based,cbf_aux,nan,nan,False,n/a,-0.4787442642030336
2,stem_right,mean_return,rule_based,cbf_aux,nan,nan,False,n/a,-1.7299403154559563
2_dense,right_left,mean_return,rule_based,cbf_aux,nan,nan,False,n/a,3.0059384590129405
3,left_right,mean_return,rule_based,cbf_aux,nan,nan,False,n/a,-1.1789877711657422
3,right_left,mean_return,rule_based,cbf_aux,nan,nan,False,n/a,2.4784177940697645
4,stem_left,mean_return,rule_based,cbf_aux,nan,nan,False,n/a,-2.5034710420357205
4,stem_right,mean_return,rule_based,cbf_aux,nan,nan,False,n/a,-2.408045941149779
1a,right_stem,collision_rate,hjb_aux,soft_hjb_aux,nan,nan,False,n/a,-0.20803148913184902
1a,stem_left,collision_rate,hjb_aux,soft_hjb_aux,nan,nan,False,n/a,-0.06896035228497263
1a,stem_right,collision_rate,hjb_aux,soft_hjb_aux,nan,nan,False,n/a,-0.5780343855464889
1b,stem_left,collision_rate,hjb_aux,soft_hjb_aux,nan,nan,False,n/a,-1.2636893449075903
1b,stem_right,collision_rate,hjb_aux,soft_hjb_aux,nan,nan,False,n/a,-0.629252076230332
2,stem_left,collision_rate,hjb_aux,soft_hjb_aux,nan,nan,False,n/a,-2.7948511727298118
2,stem_right,collision_rate,hjb_aux,soft_hjb_aux,nan,nan,False,n/a,-2.282280943878922
2_dense,right_left,collision_rate,hjb_aux,soft_hjb_aux,nan,nan,False,n/a,0.5018087127705285
3,left_right,collision_rate,hjb_aux,soft_hjb_aux,nan,nan,False,n/a,-0.9983506645556225
3,right_left,collision_rate,hjb_aux,soft_hjb_aux,nan,nan,False,n/a,0.41870617557059886
4,stem_left,collision_rate,hjb_aux,soft_hjb_aux,nan,nan,False,n/a,-2.375236524314986
4,stem_right,collision_rate,hjb_aux,soft_hjb_aux,nan,nan,False,n/a,-1.0982673722992529
1a,right_stem,collision_rate,hjb_aux,eikonal_aux,nan,nan,False,n/a,2.6025407215251226
1a,stem_left,collision_rate,hjb_aux,eikonal_aux,nan,nan,False,n/a,3.5295646245443915
1a,stem_right,collision_rate,hjb_aux,eikonal_aux,nan,nan,False,n/a,1.978694051988516
1b,stem_left,collision_rate,hjb_aux,eikonal_aux,nan,nan,False,n/a,-2.491468818546678
1b,stem_right,collision_rate,hjb_aux,eikonal_aux,nan,nan,False,n/a,-0.7558684738983014
2,stem_left,collision_rate,hjb_aux,eikonal_aux,nan,nan,False,n/a,-1.12792810281715
2,stem_right,collision_rate,hjb_aux,eikonal_aux,nan,nan,False,n/a,-0.5315573317841326
2_dense,right_left,collision_rate,hjb_aux,eikonal_aux,nan,nan,False,n/a,0.2434840804747484
3,left_right,collision_rate,hjb_aux,eikonal_aux,nan,nan,False,n/a,-0.3081295247386803
3,right_left,collision_rate,hjb_aux,eikonal_aux,nan,nan,False,n/a,0.5471568256714625
4,stem_left,collision_rate,hjb_aux,eikonal_aux,nan,nan,False,n/a,-0.8147285267399133
4,stem_right,collision_rate,hjb_aux,eikonal_aux,nan,nan,False,n/a,-0.14749362724449344
1a,right_stem,collision_rate,hjb_aux,fusion_aux,nan,nan,False,n/a,1.4387404132157635
1a,stem_left,collision_rate,hjb_aux,fusion_aux,nan,nan,False,n/a,1.0703077600496982
1a,stem_right,collision_rate,hjb_aux,fusion_aux,nan,nan,False,n/a,0.18550323241224065
1b,stem_left,collision_rate,hjb_aux,fusion_aux,nan,nan,False,n/a,-1.5689036294064374
1b,stem_right,collision_rate,hjb_aux,fusion_aux,nan,nan,False,n/a,-0.3421151387229296
2,stem_left,collision_rate,hjb_aux,fusion_aux,nan,nan,False,n/a,-1.2455385036510438
2,stem_right,collision_rate,hjb_aux,fusion_aux,nan,nan,False,n/a,-1.6290481639987346
2_dense,right_left,collision_rate,hjb_aux,fusion_aux,nan,nan,False,n/a,0.06486502824893564
3,left_right,collision_rate,hjb_aux,fusion_aux,nan,nan,False,n/a,-0.7746932635515792
3,right_left,collision_rate,hjb_aux,fusion_aux,nan,nan,False,n/a,0.4659383654029513
4,stem_left,collision_rate,hjb_aux,fusion_aux,nan,nan,False,n/a,-1.060310837533211
4,stem_right,collision_rate,hjb_aux,fusion_aux,nan,nan,False,n/a,-0.13883491325908948
1a,right_stem,collision_rate,hjb_aux,cbf_aux,nan,nan,False,n/a,0.748153897800848
1a,stem_left,collision_rate,hjb_aux,cbf_aux,nan,nan,False,n/a,0.7516633841552601
1a,stem_right,collision_rate,hjb_aux,cbf_aux,nan,nan,False,n/a,0.8136723584934284
1b,stem_left,collision_rate,hjb_aux,cbf_aux,nan,nan,False,n/a,0.4174772570639591
1b,stem_right,collision_rate,hjb_aux,cbf_aux,nan,nan,False,n/a,-0.5075817614912675
2,stem_left,collision_rate,hjb_aux,cbf_aux,nan,nan,False,n/a,-0.2169821434603254
2,stem_right,collision_rate,hjb_aux,cbf_aux,nan,nan,False,n/a,0.012323116208102317
2_dense,right_left,collision_rate,hjb_aux,cbf_aux,nan,nan,False,n/a,0.07384910726677521
3,left_right,collision_rate,hjb_aux,cbf_aux,nan,nan,False,n/a,0.31479434141504886
3,right_left,collision_rate,hjb_aux,cbf_aux,nan,nan,False,n/a,0.38400211863822314
4,stem_left,collision_rate,hjb_aux,cbf_aux,nan,nan,False,n/a,-0.6702948141218698
4,stem_right,collision_rate,hjb_aux,cbf_aux,nan,nan,False,n/a,-0.6996988023984977
1a,right_stem,collision_rate,hjb_aux,rule_based,nan,nan,False,n/a,3.067044428839861
1a,stem_left,collision_rate,hjb_aux,rule_based,nan,nan,False,n/a,4.10994893000561
1a,stem_right,collision_rate,hjb_aux,rule_based,nan,nan,False,n/a,3.1605709723457713
1b,stem_left,collision_rate,hjb_aux,rule_based,nan,nan,False,n/a,-2.2503478037872986
1b,stem_right,collision_rate,hjb_aux,rule_based,nan,nan,False,n/a,-3.0768217481543805
2,stem_left,collision_rate,hjb_aux,rule_based,nan,nan,False,n/a,-3.23351299393872
2,stem_right,collision_rate,hjb_aux,rule_based,nan,nan,False,n/a,-4.673345437934221
2_dense,right_left,collision_rate,hjb_aux,rule_based,nan,nan,False,n/a,0.26078094287639997
3,left_right,collision_rate,hjb_aux,rule_based,nan,nan,False,n/a,-2.3374431405778746
3,right_left,collision_rate,hjb_aux,rule_based,nan,nan,False,n/a,0.5895468964138144
4,stem_left,collision_rate,hjb_aux,rule_based,nan,nan,False,n/a,-3.5702715287074813
4,stem_right,collision_rate,hjb_aux,rule_based,nan,nan,False,n/a,-3.7680164509329477
1a,right_stem,collision_rate,soft_hjb_aux,hjb_aux,nan,nan,False,n/a,0.20803148913184902
1a,stem_left,collision_rate,soft_hjb_aux,hjb_aux,nan,nan,False,n/a,0.06896035228497263
1a,stem_right,collision_rate,soft_hjb_aux,hjb_aux,nan,nan,False,n/a,0.5780343855464889
1b,stem_left,collision_rate,soft_hjb_aux,hjb_aux,nan,nan,False,n/a,1.2636893449075903
1b,stem_right,collision_rate,soft_hjb_aux,hjb_aux,nan,nan,False,n/a,0.629252076230332
2,stem_left,collision_rate,soft_hjb_aux,hjb_aux,nan,nan,False,n/a,2.7948511727298118
2,stem_right,collision_rate,soft_hjb_aux,hjb_aux,nan,nan,False,n/a,2.282280943878922
2_dense,right_left,collision_rate,soft_hjb_aux,hjb_aux,nan,nan,False,n/a,-0.5018087127705285
3,left_right,collision_rate,soft_hjb_aux,hjb_aux,nan,nan,False,n/a,0.9983506645556225
3,right_left,collision_rate,soft_hjb_aux,hjb_aux,nan,nan,False,n/a,-0.41870617557059886
4,stem_left,collision_rate,soft_hjb_aux,hjb_aux,nan,nan,False,n/a,2.375236524314986
4,stem_right,collision_rate,soft_hjb_aux,hjb_aux,nan,nan,False,n/a,1.0982673722992529
1a,right_stem,collision_rate,soft_hjb_aux,eikonal_aux,nan,nan,False,n/a,5.036422539786245
1a,stem_left,collision_rate,soft_hjb_aux,eikonal_aux,nan,nan,False,n/a,3.5388886033950366
1a,stem_right,collision_rate,soft_hjb_aux,eikonal_aux,nan,nan,False,n/a,2.9203055945454772
1b,stem_left,collision_rate,soft_hjb_aux,eikonal_aux,nan,nan,False,n/a,-1.4137265733849658
1b,stem_right,collision_rate,soft_hjb_aux,eikonal_aux,nan,nan,False,n/a,-0.24191065528866015
2,stem_left,collision_rate,soft_hjb_aux,eikonal_aux,nan,nan,False,n/a,0.9627284964865485
2,stem_right,collision_rate,soft_hjb_aux,eikonal_aux,nan,nan,False,n/a,1.2868754794488968
2_dense,right_left,collision_rate,soft_hjb_aux,eikonal_aux,nan,nan,False,n/a,-0.4441609072899436
3,left_right,collision_rate,soft_hjb_aux,eikonal_aux,nan,nan,False,n/a,0.6528935231270591
3,right_left,collision_rate,soft_hjb_aux,eikonal_aux,nan,nan,False,n/a,0.30025895559418003
4,stem_left,collision_rate,soft_hjb_aux,eikonal_aux,nan,nan,False,n/a,0.8561431051102681
4,stem_right,collision_rate,soft_hjb_aux,eikonal_aux,nan,nan,False,n/a,1.0471561762250474
1a,right_stem,collision_rate,soft_hjb_aux,fusion_aux,nan,nan,False,n/a,2.2009693662383643
1a,stem_left,collision_rate,soft_hjb_aux,fusion_aux,nan,nan,False,n/a,1.123442855595518
1a,stem_right,collision_rate,soft_hjb_aux,fusion_aux,nan,nan,False,n/a,0.7043646551019663
1b,stem_left,collision_rate,soft_hjb_aux,fusion_aux,nan,nan,False,n/a,-0.4450629007463809
1b,stem_right,collision_rate,soft_hjb_aux,fusion_aux,nan,nan,False,n/a,0.33692622765543884
2,stem_left,collision_rate,soft_hjb_aux,fusion_aux,nan,nan,False,n/a,1.1153866240579884
2,stem_right,collision_rate,soft_hjb_aux,fusion_aux,nan,nan,False,n/a,0.9044420240513107
2_dense,right_left,collision_rate,soft_hjb_aux,fusion_aux,nan,nan,False,n/a,-0.4150629201973748
3,left_right,collision_rate,soft_hjb_aux,fusion_aux,nan,nan,False,n/a,0.5990873026152117
3,right_left,collision_rate,soft_hjb_aux,fusion_aux,nan,nan,False,n/a,0.08883218145798868
4,stem_left,collision_rate,soft_hjb_aux,fusion_aux,nan,nan,False,n/a,1.3377321404834719
4,stem_right,collision_rate,soft_hjb_aux,fusion_aux,nan,nan,False,n/a,1.2481937985640097
1a,right_stem,collision_rate,soft_hjb_aux,cbf_aux,nan,nan,False,n/a,1.405509936401129
1a,stem_left,collision_rate,soft_hjb_aux,cbf_aux,nan,nan,False,n/a,0.8172683234244167
1a,stem_right,collision_rate,soft_hjb_aux,cbf_aux,nan,nan,False,n/a,1.554822969379333
1b,stem_left,collision_rate,soft_hjb_aux,cbf_aux,nan,nan,False,n/a,2.275035903040605
1b,stem_right,collision_rate,soft_hjb_aux,cbf_aux,nan,nan,False,n/a,-0.05357347195151223
2,stem_left,collision_rate,soft_hjb_aux,cbf_aux,nan,nan,False,n/a,2.0887029629050735
2,stem_right,collision_rate,soft_hjb_aux,cbf_aux,nan,nan,False,n/a,2.5683775507328273
2_dense,right_left,collision_rate,soft_hjb_aux,cbf_aux,nan,nan,False,n/a,-0.5659022873014442
3,left_right,collision_rate,soft_hjb_aux,cbf_aux,nan,nan,False,n/a,1.1630020023914212
3,right_left,collision_rate,soft_hjb_aux,cbf_aux,nan,nan,False,n/a,0.0
4,stem_left,collision_rate,soft_hjb_aux,cbf_aux,nan,nan,False,n/a,1.9299550999389308
4,stem_right,collision_rate,soft_hjb_aux,cbf_aux,nan,nan,False,n/a,0.1798548750318316
1a,right_stem,collision_rate,soft_hjb_aux,rule_based,nan,nan,False,n/a,7.494475122597515
1a,stem_left,collision_rate,soft_hjb_aux,rule_based,nan,nan,False,n/a,4.098721903808994
1a,stem_right,collision_rate,soft_hjb_aux,rule_based,nan,nan,False,n/a,4.659119427990217
1b,stem_left,collision_rate,soft_hjb_aux,rule_based,nan,nan,False,n/a,-1.049153933195442
1b,stem_right,collision_rate,soft_hjb_aux,rule_based,nan,nan,False,n/a,-4.4258239850880035
2,stem_left,collision_rate,soft_hjb_aux,rule_based,nan,nan,False,n/a,-0.7649921653561796
2,stem_right,collision_rate,soft_hjb_aux,rule_based,nan,nan,False,n/a,-2.9836533252225594
2_dense,right_left,collision_rate,soft_hjb_aux,rule_based,nan,nan,False,n/a,-0.2581988897471611
3,left_right,collision_rate,soft_hjb_aux,rule_based,nan,nan,False,n/a,-1.0257433515727294
3,right_left,collision_rate,soft_hjb_aux,rule_based,nan,nan,False,n/a,0.43430160738691936
4,stem_left,collision_rate,soft_hjb_aux,rule_based,nan,nan,False,n/a,-1.5249581462442063
4,stem_right,collision_rate,soft_hjb_aux,rule_based,nan,nan,False,n/a,-3.342787271147623
1a,right_stem,collision_rate,eikonal_aux,hjb_aux,nan,nan,False,n/a,-2.6025407215251226
1a,stem_left,collision_rate,eikonal_aux,hjb_aux,nan,nan,False,n/a,-3.5295646245443915
1a,stem_right,collision_rate,eikonal_aux,hjb_aux,nan,nan,False,n/a,-1.978694051988516
1b,stem_left,collision_rate,eikonal_aux,hjb_aux,nan,nan,False,n/a,2.491468818546678
1b,stem_right,collision_rate,eikonal_aux,hjb_aux,nan,nan,False,n/a,0.7558684738983014
2,stem_left,collision_rate,eikonal_aux,hjb_aux,nan,nan,False,n/a,1.12792810281715
2,stem_right,collision_rate,eikonal_aux,hjb_aux,nan,nan,False,n/a,0.5315573317841326
2_dense,right_left,collision_rate,eikonal_aux,hjb_aux,nan,nan,False,n/a,-0.2434840804747484
3,left_right,collision_rate,eikonal_aux,hjb_aux,nan,nan,False,n/a,0.3081295247386803
3,right_left,collision_rate,eikonal_aux,hjb_aux,nan,nan,False,n/a,-0.5471568256714625
4,stem_left,collision_rate,eikonal_aux,hjb_aux,nan,nan,False,n/a,0.8147285267399133
4,stem_right,collision_rate,eikonal_aux,hjb_aux,nan,nan,False,n/a,0.14749362724449344
1a,right_stem,collision_rate,eikonal_aux,soft_hjb_aux,nan,nan,False,n/a,-5.036422539786245
1a,stem_left,collision_rate,eikonal_aux,soft_hjb_aux,nan,nan,False,n/a,-3.5388886033950366
1a,stem_right,collision_rate,eikonal_aux,soft_hjb_aux,nan,nan,False,n/a,-2.9203055945454772
1b,stem_left,collision_rate,eikonal_aux,soft_hjb_aux,nan,nan,False,n/a,1.4137265733849658
1b,stem_right,collision_rate,eikonal_aux,soft_hjb_aux,nan,nan,False,n/a,0.24191065528866015
2,stem_left,collision_rate,eikonal_aux,soft_hjb_aux,nan,nan,False,n/a,-0.9627284964865485
2,stem_right,collision_rate,eikonal_aux,soft_hjb_aux,nan,nan,False,n/a,-1.2868754794488968
2_dense,right_left,collision_rate,eikonal_aux,soft_hjb_aux,nan,nan,False,n/a,0.4441609072899436
3,left_right,collision_rate,eikonal_aux,soft_hjb_aux,nan,nan,False,n/a,-0.6528935231270591
3,right_left,collision_rate,eikonal_aux,soft_hjb_aux,nan,nan,False,n/a,-0.30025895559418003
4,stem_left,collision_rate,eikonal_aux,soft_hjb_aux,nan,nan,False,n/a,-0.8561431051102681
4,stem_right,collision_rate,eikonal_aux,soft_hjb_aux,nan,nan,False,n/a,-1.0471561762250474
1a,right_stem,collision_rate,eikonal_aux,fusion_aux,nan,nan,False,n/a,-0.9511754312476923
1a,stem_left,collision_rate,eikonal_aux,fusion_aux,nan,nan,False,n/a,-1.925120998753213
1a,stem_right,collision_rate,eikonal_aux,fusion_aux,nan,nan,False,n/a,-1.490177871428634
1b,stem_left,collision_rate,eikonal_aux,fusion_aux,nan,nan,False,n/a,0.7915590249039537
1b,stem_right,collision_rate,eikonal_aux,fusion_aux,nan,nan,False,n/a,0.5112263433603719
2,stem_left,collision_rate,eikonal_aux,fusion_aux,nan,nan,False,n/a,0.02163486561713071
2,stem_right,collision_rate,eikonal_aux,fusion_aux,nan,nan,False,n/a,-0.732410465484456
2_dense,right_left,collision_rate,eikonal_aux,fusion_aux,nan,nan,False,n/a,-0.16372328743006997
3,left_right,collision_rate,eikonal_aux,fusion_aux,nan,nan,False,n/a,-0.20552012258766683
3,right_left,collision_rate,eikonal_aux,fusion_aux,nan,nan,False,n/a,-0.26514718611184673
4,stem_left,collision_rate,eikonal_aux,fusion_aux,nan,nan,False,n/a,0.06986950825037094
4,stem_right,collision_rate,eikonal_aux,fusion_aux,nan,nan,False,n/a,0.027272826408753958
1a,right_stem,collision_rate,eikonal_aux,cbf_aux,nan,nan,False,n/a,-2.368942478640088
1a,stem_left,collision_rate,eikonal_aux,cbf_aux,nan,nan,False,n/a,-3.482186683852966
1a,stem_right,collision_rate,eikonal_aux,cbf_aux,nan,nan,False,n/a,-1.3011421653266992
1b,stem_left,collision_rate,eikonal_aux,cbf_aux,nan,nan,False,n/a,4.307447104250064
1b,stem_right,collision_rate,eikonal_aux,cbf_aux,nan,nan,False,n/a,0.09470530673397157
2,stem_left,collision_rate,eikonal_aux,cbf_aux,nan,nan,False,n/a,0.8289111843645689
2,stem_right,collision_rate,eikonal_aux,cbf_aux,nan,nan,False,n/a,0.5732583385472828
2_dense,right_left,collision_rate,eikonal_aux,cbf_aux,nan,nan,False,n/a,-0.20528883531191824
3,left_right,collision_rate,eikonal_aux,cbf_aux,nan,nan,False,n/a,0.5150062736889067
3,right_left,collision_rate,eikonal_aux,cbf_aux,nan,nan,False,n/a,-0.1878672873255448
4,stem_left,collision_rate,eikonal_aux,cbf_aux,nan,nan,False,n/a,0.3937713343988937
4,stem_right,collision_rate,eikonal_aux,cbf_aux,nan,nan,False,n/a,-0.6135182285160359
1a,right_stem,collision_rate,eikonal_aux,rule_based,nan,nan,False,n/a,0.546073110965305
1a,stem_left,collision_rate,eikonal_aux,rule_based,nan,nan,False,n/a,0.8540341045563891
1a,stem_right,collision_rate,eikonal_aux,rule_based,nan,nan,False,n/a,1.1715867565998843
1b,stem_left,collision_rate,eikonal_aux,rule_based,nan,nan,False,n/a,0.5879609970166092
1b,stem_right,collision_rate,eikonal_aux,rule_based,nan,nan,False,n/a,-3.4466762576151844
2,stem_left,collision_rate,eikonal_aux,rule_based,nan,nan,False,n/a,-1.4933677308193951
2,stem_right,collision_rate,eikonal_aux,rule_based,nan,nan,False,n/a,-3.0333008232452006
2_dense,right_left,collision_rate,eikonal_aux,rule_based,nan,nan,False,n/a,0.05221920453290951
3,left_right,collision_rate,eikonal_aux,rule_based,nan,nan,False,n/a,-1.8279616247624733
3,right_left,collision_rate,eikonal_aux,rule_based,nan,nan,False,n/a,0.2581988897471611
4,stem_left,collision_rate,eikonal_aux,rule_based,nan,nan,False,n/a,-1.9201971340480362
4,stem_right,collision_rate,eikonal_aux,rule_based,nan,nan,False,n/a,-4.097485707061555
1a,right_stem,collision_rate,fusion_aux,hjb_aux,nan,nan,False,n/a,-1.4387404132157635
1a,stem_left,collision_rate,fusion_aux,hjb_aux,nan,nan,False,n/a,-1.0703077600496982
1a,stem_right,collision_rate,fusion_aux,hjb_aux,nan,nan,False,n/a,-0.18550323241224065
1b,stem_left,collision_rate,fusion_aux,hjb_aux,nan,nan,False,n/a,1.5689036294064374
1b,stem_right,collision_rate,fusion_aux,hjb_aux,nan,nan,False,n/a,0.3421151387229296
2,stem_left,collision_rate,fusion_aux,hjb_aux,nan,nan,False,n/a,1.2455385036510438
2,stem_right,collision_rate,fusion_aux,hjb_aux,nan,nan,False,n/a,1.6290481639987346
2_dense,right_left,collision_rate,fusion_aux,hjb_aux,nan,nan,False,n/a,-0.06486502824893564
3,left_right,collision_rate,fusion_aux,hjb_aux,nan,nan,False,n/a,0.7746932635515792
3,right_left,collision_rate,fusion_aux,hjb_aux,nan,nan,False,n/a,-0.4659383654029513
4,stem_left,collision_rate,fusion_aux,hjb_aux,nan,nan,False,n/a,1.060310837533211
4,stem_right,collision_rate,fusion_aux,hjb_aux,nan,nan,False,n/a,0.13883491325908948
1a,right_stem,collision_rate,fusion_aux,soft_hjb_aux,nan,nan,False,n/a,-2.2009693662383643
1a,stem_left,collision_rate,fusion_aux,soft_hjb_aux,nan,nan,False,n/a,-1.123442855595518
1a,stem_right,collision_rate,fusion_aux,soft_hjb_aux,nan,nan,False,n/a,-0.7043646551019663
1b,stem_left,collision_rate,fusion_aux,soft_hjb_aux,nan,nan,False,n/a,0.4450629007463809
1b,stem_right,collision_rate,fusion_aux,soft_hjb_aux,nan,nan,False,n/a,-0.33692622765543884
2,stem_left,collision_rate,fusion_aux,soft_hjb_aux,nan,nan,False,n/a,-1.1153866240579884
2,stem_right,collision_rate,fusion_aux,soft_hjb_aux,nan,nan,False,n/a,-0.9044420240513107
2_dense,right_left,collision_rate,fusion_aux,soft_hjb_aux,nan,nan,False,n/a,0.4150629201973748
3,left_right,collision_rate,fusion_aux,soft_hjb_aux,nan,nan,False,n/a,-0.5990873026152117
3,right_left,collision_rate,fusion_aux,soft_hjb_aux,nan,nan,False,n/a,-0.08883218145798868
4,stem_left,collision_rate,fusion_aux,soft_hjb_aux,nan,nan,False,n/a,-1.3377321404834719
4,stem_right,collision_rate,fusion_aux,soft_hjb_aux,nan,nan,False,n/a,-1.2481937985640097
1a,right_stem,collision_rate,fusion_aux,eikonal_aux,nan,nan,False,n/a,0.9511754312476923
1a,stem_left,collision_rate,fusion_aux,eikonal_aux,nan,nan,False,n/a,1.925120998753213
1a,stem_right,collision_rate,fusion_aux,eikonal_aux,nan,nan,False,n/a,1.490177871428634
1b,stem_left,collision_rate,fusion_aux,eikonal_aux,nan,nan,False,n/a,-0.7915590249039537
1b,stem_right,collision_rate,fusion_aux,eikonal_aux,nan,nan,False,n/a,-0.5112263433603719
2,stem_left,collision_rate,fusion_aux,eikonal_aux,nan,nan,False,n/a,-0.02163486561713071
2,stem_right,collision_rate,fusion_aux,eikonal_aux,nan,nan,False,n/a,0.732410465484456
2_dense,right_left,collision_rate,fusion_aux,eikonal_aux,nan,nan,False,n/a,0.16372328743006997
3,left_right,collision_rate,fusion_aux,eikonal_aux,nan,nan,False,n/a,0.20552012258766683
3,right_left,collision_rate,fusion_aux,eikonal_aux,nan,nan,False,n/a,0.26514718611184673
4,stem_left,collision_rate,fusion_aux,eikonal_aux,nan,nan,False,n/a,-0.06986950825037094
4,stem_right,collision_rate,fusion_aux,eikonal_aux,nan,nan,False,n/a,-0.027272826408753958
1a,right_stem,collision_rate,fusion_aux,cbf_aux,nan,nan,False,n/a,-0.9015663597542012
1a,stem_left,collision_rate,fusion_aux,cbf_aux,nan,nan,False,n/a,-0.4979742496565744
1a,stem_right,collision_rate,fusion_aux,cbf_aux,nan,nan,False,n/a,0.5079450004447804
1b,stem_left,collision_rate,fusion_aux,cbf_aux,nan,nan,False,n/a,2.5363095080334497
1b,stem_right,collision_rate,fusion_aux,cbf_aux,nan,nan,False,n/a,-0.26395133314292357
2,stem_left,collision_rate,fusion_aux,cbf_aux,nan,nan,False,n/a,0.8865736832109824
2,stem_right,collision_rate,fusion_aux,cbf_aux,nan,nan,False,n/a,1.8460175074478493
2_dense,right_left,collision_rate,fusion_aux,cbf_aux,nan,nan,False,n/a,0.0
3,left_right,collision_rate,fusion_aux,cbf_aux,nan,nan,False,n/a,1.1133506680078278
3,right_left,collision_rate,fusion_aux,cbf_aux,nan,nan,False,n/a,-0.05956005886179758
4,stem_left,collision_rate,fusion_aux,cbf_aux,nan,nan,False,n/a,0.4814447604947039
4,stem_right,collision_rate,fusion_aux,cbf_aux,nan,nan,False,n/a,-0.6851077354377555
1a,right_stem,collision_rate,fusion_aux,rule_based,nan,nan,False,n/a,1.3365412009534143
1a,stem_left,collision_rate,fusion_aux,rule_based,nan,nan,False,n/a,2.3477526746416366
1a,stem_right,collision_rate,fusion_aux,rule_based,nan,nan,False,n/a,2.3312712503418767
1b,stem_left,collision_rate,fusion_aux,rule_based,nan,nan,False,n/a,-0.40768722781816535
1b,stem_right,collision_rate,fusion_aux,rule_based,nan,nan,False,n/a,-3.7141719434482794
2,stem_left,collision_rate,fusion_aux,rule_based,nan,nan,False,n/a,-1.6823513967799677
2,stem_right,collision_rate,fusion_aux,rule_based,nan,nan,False,n/a,-4.31412807231633
2_dense,right_left,collision_rate,fusion_aux,rule_based,nan,nan,False,n/a,0.1876238766963823
3,left_right,collision_rate,fusion_aux,rule_based,nan,nan,False,n/a,-1.9418786872899467
3,right_left,collision_rate,fusion_aux,rule_based,nan,nan,False,n/a,0.4634811914358712
4,stem_left,collision_rate,fusion_aux,rule_based,nan,nan,False,n/a,-2.6815385436710137
4,stem_right,collision_rate,fusion_aux,rule_based,nan,nan,False,n/a,-5.015110545823955
1a,right_stem,collision_rate,cbf_aux,hjb_aux,nan,nan,False,n/a,-0.748153897800848
1a,stem_left,collision_rate,cbf_aux,hjb_aux,nan,nan,False,n/a,-0.7516633841552601
1a,stem_right,collision_rate,cbf_aux,hjb_aux,nan,nan,False,n/a,-0.8136723584934284
1b,stem_left,collision_rate,cbf_aux,hjb_aux,nan,nan,False,n/a,-0.4174772570639591
1b,stem_right,collision_rate,cbf_aux,hjb_aux,nan,nan,False,n/a,0.5075817614912675
2,stem_left,collision_rate,cbf_aux,hjb_aux,nan,nan,False,n/a,0.2169821434603254
2,stem_right,collision_rate,cbf_aux,hjb_aux,nan,nan,False,n/a,-0.012323116208102317
2_dense,right_left,collision_rate,cbf_aux,hjb_aux,nan,nan,False,n/a,-0.07384910726677521
3,left_right,collision_rate,cbf_aux,hjb_aux,nan,nan,False,n/a,-0.31479434141504886
3,right_left,collision_rate,cbf_aux,hjb_aux,nan,nan,False,n/a,-0.38400211863822314
4,stem_left,collision_rate,cbf_aux,hjb_aux,nan,nan,False,n/a,0.6702948141218698
4,stem_right,collision_rate,cbf_aux,hjb_aux,nan,nan,False,n/a,0.6996988023984977
1a,right_stem,collision_rate,cbf_aux,soft_hjb_aux,nan,nan,False,n/a,-1.405509936401129
1a,stem_left,collision_rate,cbf_aux,soft_hjb_aux,nan,nan,False,n/a,-0.8172683234244167
1a,stem_right,collision_rate,cbf_aux,soft_hjb_aux,nan,nan,False,n/a,-1.554822969379333
1b,stem_left,collision_rate,cbf_aux,soft_hjb_aux,nan,nan,False,n/a,-2.275035903040605
1b,stem_right,collision_rate,cbf_aux,soft_hjb_aux,nan,nan,False,n/a,0.05357347195151223
2,stem_left,collision_rate,cbf_aux,soft_hjb_aux,nan,nan,False,n/a,-2.0887029629050735
2,stem_right,collision_rate,cbf_aux,soft_hjb_aux,nan,nan,False,n/a,-2.5683775507328273
2_dense,right_left,collision_rate,cbf_aux,soft_hjb_aux,nan,nan,False,n/a,0.5659022873014442
3,left_right,collision_rate,cbf_aux,soft_hjb_aux,nan,nan,False,n/a,-1.1630020023914212
3,right_left,collision_rate,cbf_aux,soft_hjb_aux,nan,nan,False,n/a,0.0
4,stem_left,collision_rate,cbf_aux,soft_hjb_aux,nan,nan,False,n/a,-1.9299550999389308
4,stem_right,collision_rate,cbf_aux,soft_hjb_aux,nan,nan,False,n/a,-0.1798548750318316
1a,right_stem,collision_rate,cbf_aux,eikonal_aux,nan,nan,False,n/a,2.368942478640088
1a,stem_left,collision_rate,cbf_aux,eikonal_aux,nan,nan,False,n/a,3.482186683852966
1a,stem_right,collision_rate,cbf_aux,eikonal_aux,nan,nan,False,n/a,1.3011421653266992
1b,stem_left,collision_rate,cbf_aux,eikonal_aux,nan,nan,False,n/a,-4.307447104250064
1b,stem_right,collision_rate,cbf_aux,eikonal_aux,nan,nan,False,n/a,-0.09470530673397157
2,stem_left,collision_rate,cbf_aux,eikonal_aux,nan,nan,False,n/a,-0.8289111843645689
2,stem_right,collision_rate,cbf_aux,eikonal_aux,nan,nan,False,n/a,-0.5732583385472828
2_dense,right_left,collision_rate,cbf_aux,eikonal_aux,nan,nan,False,n/a,0.20528883531191824
3,left_right,collision_rate,cbf_aux,eikonal_aux,nan,nan,False,n/a,-0.5150062736889067
3,right_left,collision_rate,cbf_aux,eikonal_aux,nan,nan,False,n/a,0.1878672873255448
4,stem_left,collision_rate,cbf_aux,eikonal_aux,nan,nan,False,n/a,-0.3937713343988937
4,stem_right,collision_rate,cbf_aux,eikonal_aux,nan,nan,False,n/a,0.6135182285160359
1a,right_stem,collision_rate,cbf_aux,fusion_aux,nan,nan,False,n/a,0.9015663597542012
1a,stem_left,collision_rate,cbf_aux,fusion_aux,nan,nan,False,n/a,0.4979742496565744
1a,stem_right,collision_rate,cbf_aux,fusion_aux,nan,nan,False,n/a,-0.5079450004447804
1b,stem_left,collision_rate,cbf_aux,fusion_aux,nan,nan,False,n/a,-2.5363095080334497
1b,stem_right,collision_rate,cbf_aux,fusion_aux,nan,nan,False,n/a,0.26395133314292357
2,stem_left,collision_rate,cbf_aux,fusion_aux,nan,nan,False,n/a,-0.8865736832109824
2,stem_right,collision_rate,cbf_aux,fusion_aux,nan,nan,False,n/a,-1.8460175074478493
2_dense,right_left,collision_rate,cbf_aux,fusion_aux,nan,nan,False,n/a,0.0
3,left_right,collision_rate,cbf_aux,fusion_aux,nan,nan,False,n/a,-1.1133506680078278
3,right_left,collision_rate,cbf_aux,fusion_aux,nan,nan,False,n/a,0.05956005886179758
4,stem_left,collision_rate,cbf_aux,fusion_aux,nan,nan,False,n/a,-0.4814447604947039
4,stem_right,collision_rate,cbf_aux,fusion_aux,nan,nan,False,n/a,0.6851077354377555
1a,right_stem,collision_rate,cbf_aux,rule_based,nan,nan,False,n/a,3.117115585466104
1a,stem_left,collision_rate,cbf_aux,rule_based,nan,nan,False,n/a,4.397065777383127
1a,stem_right,collision_rate,cbf_aux,rule_based,nan,nan,False,n/a,2.6981110792347276
1b,stem_left,collision_rate,cbf_aux,rule_based,nan,nan,False,n/a,-4.323349972342936
1b,stem_right,collision_rate,cbf_aux,rule_based,nan,nan,False,n/a,-2.120387692566497
2,stem_left,collision_rate,cbf_aux,rule_based,nan,nan,False,n/a,-2.5651581795181717
2,stem_right,collision_rate,cbf_aux,rule_based,nan,nan,False,n/a,-5.460708452274437
2_dense,right_left,collision_rate,cbf_aux,rule_based,nan,nan,False,n/a,0.22520442697235515
3,left_right,collision_rate,cbf_aux,rule_based,nan,nan,False,n/a,-2.5098449790557757
3,right_left,collision_rate,cbf_aux,rule_based,nan,nan,False,n/a,0.2581988897471611
4,stem_left,collision_rate,cbf_aux,rule_based,nan,nan,False,n/a,-3.253871531380842
4,stem_right,collision_rate,cbf_aux,rule_based,nan,nan,False,n/a,-2.4126119595424207
1a,right_stem,collision_rate,rule_based,hjb_aux,nan,nan,False,n/a,-3.067044428839861
1a,stem_left,collision_rate,rule_based,hjb_aux,nan,nan,False,n/a,-4.10994893000561
1a,stem_right,collision_rate,rule_based,hjb_aux,nan,nan,False,n/a,-3.1605709723457713
1b,stem_left,collision_rate,rule_based,hjb_aux,nan,nan,False,n/a,2.2503478037872986
1b,stem_right,collision_rate,rule_based,hjb_aux,nan,nan,False,n/a,3.0768217481543805
2,stem_left,collision_rate,rule_based,hjb_aux,nan,nan,False,n/a,3.23351299393872
2,stem_right,collision_rate,rule_based,hjb_aux,nan,nan,False,n/a,4.673345437934221
2_dense,right_left,collision_rate,rule_based,hjb_aux,nan,nan,False,n/a,-0.26078094287639997
3,left_right,collision_rate,rule_based,hjb_aux,nan,nan,False,n/a,2.3374431405778746
3,right_left,collision_rate,rule_based,hjb_aux,nan,nan,False,n/a,-0.5895468964138144
4,stem_left,collision_rate,rule_based,hjb_aux,nan,nan,False,n/a,3.5702715287074813
4,stem_right,collision_rate,rule_based,hjb_aux,nan,nan,False,n/a,3.7680164509329477
1a,right_stem,collision_rate,rule_based,soft_hjb_aux,nan,nan,False,n/a,-7.494475122597515
1a,stem_left,collision_rate,rule_based,soft_hjb_aux,nan,nan,False,n/a,-4.098721903808994
1a,stem_right,collision_rate,rule_based,soft_hjb_aux,nan,nan,False,n/a,-4.659119427990217
1b,stem_left,collision_rate,rule_based,soft_hjb_aux,nan,nan,False,n/a,1.049153933195442
1b,stem_right,collision_rate,rule_based,soft_hjb_aux,nan,nan,False,n/a,4.4258239850880035
2,stem_left,collision_rate,rule_based,soft_hjb_aux,nan,nan,False,n/a,0.7649921653561796
2,stem_right,collision_rate,rule_based,soft_hjb_aux,nan,nan,False,n/a,2.9836533252225594
2_dense,right_left,collision_rate,rule_based,soft_hjb_aux,nan,nan,False,n/a,0.2581988897471611
3,left_right,collision_rate,rule_based,soft_hjb_aux,nan,nan,False,n/a,1.0257433515727294
3,right_left,collision_rate,rule_based,soft_hjb_aux,nan,nan,False,n/a,-0.43430160738691936
4,stem_left,collision_rate,rule_based,soft_hjb_aux,nan,nan,False,n/a,1.5249581462442063
4,stem_right,collision_rate,rule_based,soft_hjb_aux,nan,nan,False,n/a,3.342787271147623
1a,right_stem,collision_rate,rule_based,eikonal_aux,nan,nan,False,n/a,-0.546073110965305
1a,stem_left,collision_rate,rule_based,eikonal_aux,nan,nan,False,n/a,-0.8540341045563891
1a,stem_right,collision_rate,rule_based,eikonal_aux,nan,nan,False,n/a,-1.1715867565998843
1b,stem_left,collision_rate,rule_based,eikonal_aux,nan,nan,False,n/a,-0.5879609970166092
1b,stem_right,collision_rate,rule_based,eikonal_aux,nan,nan,False,n/a,3.4466762576151844
2,stem_left,collision_rate,rule_based,eikonal_aux,nan,nan,False,n/a,1.4933677308193951
2,stem_right,collision_rate,rule_based,eikonal_aux,nan,nan,False,n/a,3.0333008232452006
2_dense,right_left,collision_rate,rule_based,eikonal_aux,nan,nan,False,n/a,-0.05221920453290951
3,left_right,collision_rate,rule_based,eikonal_aux,nan,nan,False,n/a,1.8279616247624733
3,right_left,collision_rate,rule_based,eikonal_aux,nan,nan,False,n/a,-0.2581988897471611
4,stem_left,collision_rate,rule_based,eikonal_aux,nan,nan,False,n/a,1.9201971340480362
4,stem_right,collision_rate,rule_based,eikonal_aux,nan,nan,False,n/a,4.097485707061555
1a,right_stem,collision_rate,rule_based,fusion_aux,nan,nan,False,n/a,-1.3365412009534143
1a,stem_left,collision_rate,rule_based,fusion_aux,nan,nan,False,n/a,-2.3477526746416366
1a,stem_right,collision_rate,rule_based,fusion_aux,nan,nan,False,n/a,-2.3312712503418767
1b,stem_left,collision_rate,rule_based,fusion_aux,nan,nan,False,n/a,0.40768722781816535
1b,stem_right,collision_rate,rule_based,fusion_aux,nan,nan,False,n/a,3.7141719434482794
2,stem_left,collision_rate,rule_based,fusion_aux,nan,nan,False,n/a,1.6823513967799677
2,stem_right,collision_rate,rule_based,fusion_aux,nan,nan,False,n/a,4.31412807231633
2_dense,right_left,collision_rate,rule_based,fusion_aux,nan,nan,False,n/a,-0.1876238766963823
3,left_right,collision_rate,rule_based,fusion_aux,nan,nan,False,n/a,1.9418786872899467
3,right_left,collision_rate,rule_based,fusion_aux,nan,nan,False,n/a,-0.4634811914358712
4,stem_left,collision_rate,rule_based,fusion_aux,nan,nan,False,n/a,2.6815385436710137
4,stem_right,collision_rate,rule_based,fusion_aux,nan,nan,False,n/a,5.015110545823955
1a,right_stem,collision_rate,rule_based,cbf_aux,nan,nan,False,n/a,-3.117115585466104
1a,stem_left,collision_rate,rule_based,cbf_aux,nan,nan,False,n/a,-4.397065777383127
1a,stem_right,collision_rate,rule_based,cbf_aux,nan,nan,False,n/a,-2.6981110792347276
1b,stem_left,collision_rate,rule_based,cbf_aux,nan,nan,False,n/a,4.323349972342936
1b,stem_right,collision_rate,rule_based,cbf_aux,nan,nan,False,n/a,2.120387692566497
2,stem_left,collision_rate,rule_based,cbf_aux,nan,nan,False,n/a,2.5651581795181717
2,stem_right,collision_rate,rule_based,cbf_aux,nan,nan,False,n/a,5.460708452274437
2_dense,right_left,collision_rate,rule_based,cbf_aux,nan,nan,False,n/a,-0.22520442697235515
3,left_right,collision_rate,rule_based,cbf_aux,nan,nan,False,n/a,2.5098449790557757
3,right_left,collision_rate,rule_based,cbf_aux,nan,nan,False,n/a,-0.2581988897471611
4,stem_left,collision_rate,rule_based,cbf_aux,nan,nan,False,n/a,3.253871531380842
4,stem_right,collision_rate,rule_based,cbf_aux,nan,nan,False,n/a,2.4126119595424207
1a,right_stem,success_rate,hjb_aux,soft_hjb_aux,nan,nan,False,n/a,0.20803148913184874
1a,stem_left,success_rate,hjb_aux,soft_hjb_aux,nan,nan,False,n/a,0.055700508578312095
1a,stem_right,success_rate,hjb_aux,soft_hjb_aux,nan,nan,False,n/a,0.31557873468816766
1b,stem_left,success_rate,hjb_aux,soft_hjb_aux,nan,nan,False,n/a,2.2774411450740146
1b,stem_right,success_rate,hjb_aux,soft_hjb_aux,nan,nan,False,n/a,1.853309297430194
2,stem_left,success_rate,hjb_aux,soft_hjb_aux,nan,nan,False,n/a,4.348649015845025
2,stem_right,success_rate,hjb_aux,soft_hjb_aux,nan,nan,False,n/a,1.992805966447277
2_dense,right_left,success_rate,hjb_aux,soft_hjb_aux,nan,nan,False,n/a,-0.020128578925813847
3,left_right,success_rate,hjb_aux,soft_hjb_aux,nan,nan,False,n/a,-0.5363703319671081
3,right_left,success_rate,hjb_aux,soft_hjb_aux,nan,nan,False,n/a,1.8913798167744356
4,stem_left,success_rate,hjb_aux,soft_hjb_aux,nan,nan,False,n/a,1.5776600785290562
4,stem_right,success_rate,hjb_aux,soft_hjb_aux,nan,nan,False,n/a,1.3048161825972353
1a,right_stem,success_rate,hjb_aux,eikonal_aux,nan,nan,False,n/a,-2.4333495992908345
1a,stem_left,success_rate,hjb_aux,eikonal_aux,nan,nan,False,n/a,-1.7404910447413846
1a,stem_right,success_rate,hjb_aux,eikonal_aux,nan,nan,False,n/a,-1.4527321453032531
1b,stem_left,success_rate,hjb_aux,eikonal_aux,nan,nan,False,n/a,3.392233427232461
1b,stem_right,success_rate,hjb_aux,eikonal_aux,nan,nan,False,n/a,3.4290980847315775
2,stem_left,success_rate,hjb_aux,eikonal_aux,nan,nan,False,n/a,4.131835415145672
2,stem_right,success_rate,hjb_aux,eikonal_aux,nan,nan,False,n/a,1.1977631947257206
2_dense,right_left,success_rate,hjb_aux,eikonal_aux,nan,nan,False,n/a,0.5910970690416721
3,left_right,success_rate,hjb_aux,eikonal_aux,nan,nan,False,n/a,-0.17141312666504427
3,right_left,success_rate,hjb_aux,eikonal_aux,nan,nan,False,n/a,2.26956810831426
4,stem_left,success_rate,hjb_aux,eikonal_aux,nan,nan,False,n/a,1.3460981153202014
4,stem_right,success_rate,hjb_aux,eikonal_aux,nan,nan,False,n/a,1.6525240689894247
1a,right_stem,success_rate,hjb_aux,fusion_aux,nan,nan,False,n/a,-1.4013127922437132
1a,stem_left,success_rate,hjb_aux,fusion_aux,nan,nan,False,n/a,-0.39378792288101694
1a,stem_right,success_rate,hjb_aux,fusion_aux,nan,nan,False,n/a,0.719506290887826
1b,stem_left,success_rate,hjb_aux,fusion_aux,nan,nan,False,n/a,2.616687206577605
1b,stem_right,success_rate,hjb_aux,fusion_aux,nan,nan,False,n/a,2.831264199099166
2,stem_left,success_rate,hjb_aux,fusion_aux,nan,nan,False,n/a,3.558032326703393
2,stem_right,success_rate,hjb_aux,fusion_aux,nan,nan,False,n/a,1.4833147679644103
2_dense,right_left,success_rate,hjb_aux,fusion_aux,nan,nan,False,n/a,0.5081423494539042
3,left_right,success_rate,hjb_aux,fusion_aux,nan,nan,False,n/a,-0.08780264786211094
3,right_left,success_rate,hjb_aux,fusion_aux,nan,nan,False,n/a,1.5110675245716318
4,stem_left,success_rate,hjb_aux,fusion_aux,nan,nan,False,n/a,1.483651734250057
4,stem_right,success_rate,hjb_aux,fusion_aux,nan,nan,False,n/a,1.709279828639696
1a,right_stem,success_rate,hjb_aux,cbf_aux,nan,nan,False,n/a,-0.7291127471390996
1a,stem_left,success_rate,hjb_aux,cbf_aux,nan,nan,False,n/a,-0.7220587647532611
1a,stem_right,success_rate,hjb_aux,cbf_aux,nan,nan,False,n/a,-0.7542974079528652
1b,stem_left,success_rate,hjb_aux,cbf_aux,nan,nan,False,n/a,-0.48205828042410714
1b,stem_right,success_rate,hjb_aux,cbf_aux,nan,nan,False,n/a,0.45358296272969506
2,stem_left,success_rate,hjb_aux,cbf_aux,nan,nan,False,n/a,0.3157197193578189
2,stem_right,success_rate,hjb_aux,cbf_aux,nan,nan,False,n/a,-0.1307626990093893
2_dense,right_left,success_rate,hjb_aux,cbf_aux,nan,nan,False,n/a,-0.1405336211523378
3,left_right,success_rate,hjb_aux,cbf_aux,nan,nan,False,n/a,1.1051713609558396
3,right_left,success_rate,hjb_aux,cbf_aux,nan,nan,False,n/a,0.3024247193878052
4,stem_left,success_rate,hjb_aux,cbf_aux,nan,nan,False,n/a,-0.6355484294114278
4,stem_right,success_rate,hjb_aux,cbf_aux,nan,nan,False,n/a,0.31664233776883544
1a,right_stem,success_rate,hjb_aux,rule_based,nan,nan,False,n/a,-3.067044428839864
1a,stem_left,success_rate,hjb_aux,rule_based,nan,nan,False,n/a,-4.142432457323972
1a,stem_right,success_rate,hjb_aux,rule_based,nan,nan,False,n/a,-2.8907175601182287
1b,stem_left,success_rate,hjb_aux,rule_based,nan,nan,False,n/a,0.16220641321339727
1b,stem_right,success_rate,hjb_aux,rule_based,nan,nan,False,n/a,0.3233644672373725
2,stem_left,success_rate,hjb_aux,rule_based,nan,nan,False,n/a,1.0968008898549175
2,stem_right,success_rate,hjb_aux,rule_based,nan,nan,False,n/a,0.8874375676582203
2_dense,right_left,success_rate,hjb_aux,rule_based,nan,nan,False,n/a,-3.2541213021771624
3,left_right,success_rate,hjb_aux,rule_based,nan,nan,False,n/a,-5.332642173796603
3,right_left,success_rate,hjb_aux,rule_based,nan,nan,False,n/a,-0.9319113352785849
4,stem_left,success_rate,hjb_aux,rule_based,nan,nan,False,n/a,0.24205319199742872
4,stem_right,success_rate,hjb_aux,rule_based,nan,nan,False,n/a,1.0579513583306746
1a,right_stem,success_rate,soft_hjb_aux,hjb_aux,nan,nan,False,n/a,-0.20803148913184874
1a,stem_left,success_rate,soft_hjb_aux,hjb_aux,nan,nan,False,n/a,-0.055700508578312095
1a,stem_right,success_rate,soft_hjb_aux,hjb_aux,nan,nan,False,n/a,-0.31557873468816766
1b,stem_left,success_rate,soft_hjb_aux,hjb_aux,nan,nan,False,n/a,-2.2774411450740146
1b,stem_right,success_rate,soft_hjb_aux,hjb_aux,nan,nan,False,n/a,-1.853309297430194
2,stem_left,success_rate,soft_hjb_aux,hjb_aux,nan,nan,False,n/a,-4.348649015845025
2,stem_right,success_rate,soft_hjb_aux,hjb_aux,nan,nan,False,n/a,-1.992805966447277
2_dense,right_left,success_rate,soft_hjb_aux,hjb_aux,nan,nan,False,n/a,0.020128578925813847
3,left_right,success_rate,soft_hjb_aux,hjb_aux,nan,nan,False,n/a,0.5363703319671081
3,right_left,success_rate,soft_hjb_aux,hjb_aux,nan,nan,False,n/a,-1.8913798167744356
4,stem_left,success_rate,soft_hjb_aux,hjb_aux,nan,nan,False,n/a,-1.5776600785290562
4,stem_right,success_rate,soft_hjb_aux,hjb_aux,nan,nan,False,n/a,-1.3048161825972353
1a,right_stem,success_rate,soft_hjb_aux,eikonal_aux,nan,nan,False,n/a,-4.663470440327038
1a,stem_left,success_rate,soft_hjb_aux,eikonal_aux,nan,nan,False,n/a,-1.768510664295107
1a,stem_right,success_rate,soft_hjb_aux,eikonal_aux,nan,nan,False,n/a,-2.060665173037272
1b,stem_left,success_rate,soft_hjb_aux,eikonal_aux,nan,nan,False,n/a,1.7504528944659916
1b,stem_right,success_rate,soft_hjb_aux,eikonal_aux,nan,nan,False,n/a,1.22147861756334
2,stem_left,success_rate,soft_hjb_aux,eikonal_aux,nan,nan,False,n/a,-0.03163814429713923
2,stem_right,success_rate,soft_hjb_aux,eikonal_aux,nan,nan,False,n/a,0.03700226693676912
2_dense,right_left,success_rate,soft_hjb_aux,eikonal_aux,nan,nan,False,n/a,1.1838536343935104
3,left_right,success_rate,soft_hjb_aux,eikonal_aux,nan,nan,False,n/a,0.16066100965936755
3,right_left,success_rate,soft_hjb_aux,eikonal_aux,nan,nan,False,n/a,0.7521088866638845
4,stem_left,success_rate,soft_hjb_aux,eikonal_aux,nan,nan,False,n/a,-0.18196333651267543
4,stem_right,success_rate,soft_hjb_aux,eikonal_aux,nan,nan,False,n/a,0.545089123378592
1a,right_stem,success_rate,soft_hjb_aux,fusion_aux,nan,nan,False,n/a,-2.198518537435421
1a,stem_left,success_rate,soft_hjb_aux,fusion_aux,nan,nan,False,n/a,-0.43191775909924274
1a,stem_right,success_rate,soft_hjb_aux,fusion_aux,nan,nan,False,n/a,0.6200307291477051
1b,stem_left,success_rate,soft_hjb_aux,fusion_aux,nan,nan,False,n/a,0.5042114096072885
1b,stem_right,success_rate,soft_hjb_aux,fusion_aux,nan,nan,False,n/a,0.7959427521986681
2,stem_left,success_rate,soft_hjb_aux,fusion_aux,nan,nan,False,n/a,-0.8024728995864849
2,stem_right,success_rate,soft_hjb_aux,fusion_aux,nan,nan,False,n/a,-0.08856698818588225
2_dense,right_left,success_rate,soft_hjb_aux,fusion_aux,nan,nan,False,n/a,1.1813916080635622
3,left_right,success_rate,soft_hjb_aux,fusion_aux,nan,nan,False,n/a,0.4033669098574318
3,right_left,success_rate,soft_hjb_aux,fusion_aux,nan,nan,False,n/a,-0.15556827723202843
4,stem_left,success_rate,soft_hjb_aux,fusion_aux,nan,nan,False,n/a,-0.29609447010182716
4,stem_right,success_rate,soft_hjb_aux,fusion_aux,nan,nan,False,n/a,0.36515457420349395
1a,right_stem,success_rate,soft_hjb_aux,cbf_aux,nan,nan,False,n/a,-1.404033934814784
1a,stem_left,success_rate,soft_hjb_aux,cbf_aux,nan,nan,False,n/a,-0.7714437228120202
1a,stem_right,success_rate,soft_hjb_aux,cbf_aux,nan,nan,False,n/a,-1.273212673728492
1b,stem_left,success_rate,soft_hjb_aux,cbf_aux,nan,nan,False,n/a,-4.707720225878004
1b,stem_right,success_rate,soft_hjb_aux,cbf_aux,nan,nan,False,n/a,-0.8998960343160382
2,stem_left,success_rate,soft_hjb_aux,cbf_aux,nan,nan,False,n/a,-3.172031337935316
2,stem_right,success_rate,soft_hjb_aux,cbf_aux,nan,nan,False,n/a,-1.944923071947893
2_dense,right_left,success_rate,soft_hjb_aux,cbf_aux,nan,nan,False,n/a,-0.16025564800728587
3,left_right,success_rate,soft_hjb_aux,cbf_aux,nan,nan,False,n/a,1.2516199926990612
3,right_left,success_rate,soft_hjb_aux,cbf_aux,nan,nan,False,n/a,-1.4737833324651735
4,stem_left,success_rate,soft_hjb_aux,cbf_aux,nan,nan,False,n/a,-4.320825833824745
4,stem_right,success_rate,soft_hjb_aux,cbf_aux,nan,nan,False,n/a,-1.2642481039644768
1a,right_stem,success_rate,soft_hjb_aux,rule_based,nan,nan,False,n/a,-7.494475122597523
1a,stem_left,success_rate,soft_hjb_aux,rule_based,nan,nan,False,n/a,-4.098721903808992
1a,stem_right,success_rate,soft_hjb_aux,rule_based,nan,nan,False,n/a,-4.659119427990203
1b,stem_left,success_rate,soft_hjb_aux,rule_based,nan,nan,False,n/a,-4.644555471297759
1b,stem_right,success_rate,soft_hjb_aux,rule_based,nan,nan,False,n/a,-1.8585339444274283
2,stem_left,success_rate,soft_hjb_aux,rule_based,nan,nan,False,n/a,-4.862235375968992
2,stem_right,success_rate,soft_hjb_aux,rule_based,nan,nan,False,n/a,-1.4243258031868504
2_dense,right_left,success_rate,soft_hjb_aux,rule_based,nan,nan,False,n/a,-10.404045835832841
3,left_right,success_rate,soft_hjb_aux,rule_based,nan,nan,False,n/a,-4.411985206082748
3,right_left,success_rate,soft_hjb_aux,rule_based,nan,nan,False,n/a,-7.813588214612461
4,stem_left,success_rate,soft_hjb_aux,rule_based,nan,nan,False,n/a,-3.492387830332285
4,stem_right,success_rate,soft_hjb_aux,rule_based,nan,nan,False,n/a,-0.5638236821308865
1a,right_stem,success_rate,eikonal_aux,hjb_aux,nan,nan,False,n/a,2.4333495992908345
1a,stem_left,success_rate,eikonal_aux,hjb_aux,nan,nan,False,n/a,1.7404910447413846
1a,stem_right,success_rate,eikonal_aux,hjb_aux,nan,nan,False,n/a,1.4527321453032531
1b,stem_left,success_rate,eikonal_aux,hjb_aux,nan,nan,False,n/a,-3.392233427232461
1b,stem_right,success_rate,eikonal_aux,hjb_aux,nan,nan,False,n/a,-3.4290980847315775
2,stem_left,success_rate,eikonal_aux,hjb_aux,nan,nan,False,n/a,-4.131835415145672
2,stem_right,success_rate,eikonal_aux,hjb_aux,nan,nan,False,n/a,-1.1977631947257206
2_dense,right_left,success_rate,eikonal_aux,hjb_aux,nan,nan,False,n/a,-0.5910970690416721
3,left_right,success_rate,eikonal_aux,hjb_aux,nan,nan,False,n/a,0.17141312666504427
3,right_left,success_rate,eikonal_aux,hjb_aux,nan,nan,False,n/a,-2.26956810831426
4,stem_left,success_rate,eikonal_aux,hjb_aux,nan,nan,False,n/a,-1.3460981153202014
4,stem_right,success_rate,eikonal_aux,hjb_aux,nan,nan,False,n/a,-1.6525240689894247
1a,right_stem,success_rate,eikonal_aux,soft_hjb_aux,nan,nan,False,n/a,4.663470440327038
1a,stem_left,success_rate,eikonal_aux,soft_hjb_aux,nan,nan,False,n/a,1.768510664295107
1a,stem_right,success_rate,eikonal_aux,soft_hjb_aux,nan,nan,False,n/a,2.060665173037272
1b,stem_left,success_rate,eikonal_aux,soft_hjb_aux,nan,nan,False,n/a,-1.7504528944659916
1b,stem_right,success_rate,eikonal_aux,soft_hjb_aux,nan,nan,False,n/a,-1.22147861756334
2,stem_left,success_rate,eikonal_aux,soft_hjb_aux,nan,nan,False,n/a,0.03163814429713923
2,stem_right,success_rate,eikonal_aux,soft_hjb_aux,nan,nan,False,n/a,-0.03700226693676912
2_dense,right_left,success_rate,eikonal_aux,soft_hjb_aux,nan,nan,False,n/a,-1.1838536343935104
3,left_right,success_rate,eikonal_aux,soft_hjb_aux,nan,nan,False,n/a,-0.16066100965936755
3,right_left,success_rate,eikonal_aux,soft_hjb_aux,nan,nan,False,n/a,-0.7521088866638845
4,stem_left,success_rate,eikonal_aux,soft_hjb_aux,nan,nan,False,n/a,0.18196333651267543
4,stem_right,success_rate,eikonal_aux,soft_hjb_aux,nan,nan,False,n/a,-0.545089123378592
1a,right_stem,success_rate,eikonal_aux,fusion_aux,nan,nan,False,n/a,0.9013051660361515
1a,stem_left,success_rate,eikonal_aux,fusion_aux,nan,nan,False,n/a,1.0576424768358814
1a,stem_right,success_rate,eikonal_aux,fusion_aux,nan,nan,False,n/a,1.2992985905143988
1b,stem_left,success_rate,eikonal_aux,fusion_aux,nan,nan,False,n/a,-1.209397035296154
1b,stem_right,success_rate,eikonal_aux,fusion_aux,nan,nan,False,n/a,-0.40877151341264
2,stem_left,success_rate,eikonal_aux,fusion_aux,nan,nan,False,n/a,-0.7326366603560273
2,stem_right,success_rate,eikonal_aux,fusion_aux,nan,nan,False,n/a,-0.09236570416519702
2_dense,right_left,success_rate,eikonal_aux,fusion_aux,nan,nan,False,n/a,-0.1928889447446696
3,left_right,success_rate,eikonal_aux,fusion_aux,nan,nan,False,n/a,0.11423138489991158
3,right_left,success_rate,eikonal_aux,fusion_aux,nan,nan,False,n/a,-0.6305021079961065
4,stem_left,success_rate,eikonal_aux,fusion_aux,nan,nan,False,n/a,-0.024043084900830763
4,stem_right,success_rate,eikonal_aux,fusion_aux,nan,nan,False,n/a,-0.24544639108374922
1a,right_stem,success_rate,eikonal_aux,cbf_aux,nan,nan,False,n/a,2.243531935171879
1a,stem_left,success_rate,eikonal_aux,cbf_aux,nan,nan,False,n/a,1.3402165337829188
1a,stem_right,success_rate,eikonal_aux,cbf_aux,nan,nan,False,n/a,0.8225445356589375
1b,stem_left,success_rate,eikonal_aux,cbf_aux,nan,nan,False,n/a,-8.181867173309703
1b,stem_right,success_rate,eikonal_aux,cbf_aux,nan,nan,False,n/a,-1.8926550818377226
2,stem_left,success_rate,eikonal_aux,cbf_aux,nan,nan,False,n/a,-3.0572784571839913
2,stem_right,success_rate,eikonal_aux,cbf_aux,nan,nan,False,n/a,-1.240471938936745
2_dense,right_left,success_rate,eikonal_aux,cbf_aux,nan,nan,False,n/a,-0.6787316188318865
3,left_right,success_rate,eikonal_aux,cbf_aux,nan,nan,False,n/a,0.5615123914748726
3,right_left,success_rate,eikonal_aux,cbf_aux,nan,nan,False,n/a,-1.8468884336384452
4,stem_left,success_rate,eikonal_aux,cbf_aux,nan,nan,False,n/a,-3.1733779688790693
4,stem_right,success_rate,eikonal_aux,cbf_aux,nan,nan,False,n/a,-1.6275735313684203
1a,right_stem,success_rate,eikonal_aux,rule_based,nan,nan,False,n/a,-0.8762403901546787
1a,stem_left,success_rate,eikonal_aux,rule_based,nan,nan,False,n/a,-0.7405406934043217
1a,stem_right,success_rate,eikonal_aux,rule_based,nan,nan,False,n/a,-1.0871859453696662
1b,stem_left,success_rate,eikonal_aux,rule_based,nan,nan,False,n/a,-11.843871994962425
1b,stem_right,success_rate,eikonal_aux,rule_based,nan,nan,False,n/a,-3.756531241334215
2,stem_left,success_rate,eikonal_aux,rule_based,nan,nan,False,n/a,-4.435386725047919
2,stem_right,success_rate,eikonal_aux,rule_based,nan,nan,False,n/a,-0.775936171003889
2_dense,right_left,success_rate,eikonal_aux,rule_based,nan,nan,False,n/a,-8.137446367059994
3,left_right,success_rate,eikonal_aux,rule_based,nan,nan,False,n/a,-3.8326011697183393
3,right_left,success_rate,eikonal_aux,rule_based,nan,nan,False,n/a,-9.071267962923171
4,stem_left,success_rate,eikonal_aux,rule_based,nan,nan,False,n/a,-2.1663319341344134
4,stem_right,success_rate,eikonal_aux,rule_based,nan,nan,False,n/a,-1.0752263203461696
1a,right_stem,success_rate,fusion_aux,hjb_aux,nan,nan,False,n/a,1.4013127922437132
1a,stem_left,success_rate,fusion_aux,hjb_aux,nan,nan,False,n/a,0.39378792288101694
1a,stem_right,success_rate,fusion_aux,hjb_aux,nan,nan,False,n/a,-0.719506290887826
1b,stem_left,success_rate,fusion_aux,hjb_aux,nan,nan,False,n/a,-2.616687206577605
1b,stem_right,success_rate,fusion_aux,hjb_aux,nan,nan,False,n/a,-2.831264199099166
2,stem_left,success_rate,fusion_aux,hjb_aux,nan,nan,False,n/a,-3.558032326703393
2,stem_right,success_rate,fusion_aux,hjb_aux,nan,nan,False,n/a,-1.4833147679644103
2_dense,right_left,success_rate,fusion_aux,hjb_aux,nan,nan,False,n/a,-0.5081423494539042
3,left_right,success_rate,fusion_aux,hjb_aux,nan,nan,False,n/a,0.08780264786211094
3,right_left,success_rate,fusion_aux,hjb_aux,nan,nan,False,n/a,-1.5110675245716318
4,stem_left,success_rate,fusion_aux,hjb_aux,nan,nan,False,n/a,-1.483651734250057
4,stem_right,success_rate,fusion_aux,hjb_aux,nan,nan,False,n/a,-1.709279828639696
1a,right_stem,success_rate,fusion_aux,soft_hjb_aux,nan,nan,False,n/a,2.198518537435421
1a,stem_left,success_rate,fusion_aux,soft_hjb_aux,nan,nan,False,n/a,0.43191775909924274
1a,stem_right,success_rate,fusion_aux,soft_hjb_aux,nan,nan,False,n/a,-0.6200307291477051
1b,stem_left,success_rate,fusion_aux,soft_hjb_aux,nan,nan,False,n/a,-0.5042114096072885
1b,stem_right,success_rate,fusion_aux,soft_hjb_aux,nan,nan,False,n/a,-0.7959427521986681
2,stem_left,success_rate,fusion_aux,soft_hjb_aux,nan,nan,False,n/a,0.8024728995864849
2,stem_right,success_rate,fusion_aux,soft_hjb_aux,nan,nan,False,n/a,0.08856698818588225
2_dense,right_left,success_rate,fusion_aux,soft_hjb_aux,nan,nan,False,n/a,-1.1813916080635622
3,left_right,success_rate,fusion_aux,soft_hjb_aux,nan,nan,False,n/a,-0.4033669098574318
3,right_left,success_rate,fusion_aux,soft_hjb_aux,nan,nan,False,n/a,0.15556827723202843
4,stem_left,success_rate,fusion_aux,soft_hjb_aux,nan,nan,False,n/a,0.29609447010182716
4,stem_right,success_rate,fusion_aux,soft_hjb_aux,nan,nan,False,n/a,-0.36515457420349395
1a,right_stem,success_rate,fusion_aux,eikonal_aux,nan,nan,False,n/a,-0.9013051660361515
1a,stem_left,success_rate,fusion_aux,eikonal_aux,nan,nan,False,n/a,-1.0576424768358814
1a,stem_right,success_rate,fusion_aux,eikonal_aux,nan,nan,False,n/a,-1.2992985905143988
1b,stem_left,success_rate,fusion_aux,eikonal_aux,nan,nan,False,n/a,1.209397035296154
1b,stem_right,success_rate,fusion_aux,eikonal_aux,nan,nan,False,n/a,0.40877151341264
2,stem_left,success_rate,fusion_aux,eikonal_aux,nan,nan,False,n/a,0.7326366603560273
2,stem_right,success_rate,fusion_aux,eikonal_aux,nan,nan,False,n/a,0.09236570416519702
2_dense,right_left,success_rate,fusion_aux,eikonal_aux,nan,nan,False,n/a,0.1928889447446696
3,left_right,success_rate,fusion_aux,eikonal_aux,nan,nan,False,n/a,-0.11423138489991158
3,right_left,success_rate,fusion_aux,eikonal_aux,nan,nan,False,n/a,0.6305021079961065
4,stem_left,success_rate,fusion_aux,eikonal_aux,nan,nan,False,n/a,0.024043084900830763
4,stem_right,success_rate,fusion_aux,eikonal_aux,nan,nan,False,n/a,0.24544639108374922
1a,right_stem,success_rate,fusion_aux,cbf_aux,nan,nan,False,n/a,0.8934830833847008
1a,stem_left,success_rate,fusion_aux,cbf_aux,nan,nan,False,n/a,-0.07685802665863692
1a,stem_right,success_rate,fusion_aux,cbf_aux,nan,nan,False,n/a,-1.0179173300057418
1b,stem_left,success_rate,fusion_aux,cbf_aux,nan,nan,False,n/a,-5.459413573736639
1b,stem_right,success_rate,fusion_aux,cbf_aux,nan,nan,False,n/a,-1.5480424779548478
2,stem_left,success_rate,fusion_aux,cbf_aux,nan,nan,False,n/a,-2.5470462547107746
2,stem_right,success_rate,fusion_aux,cbf_aux,nan,nan,False,n/a,-1.5044060547258815
2_dense,right_left,success_rate,fusion_aux,cbf_aux,nan,nan,False,n/a,-0.6077691762180844
3,left_right,success_rate,fusion_aux,cbf_aux,nan,nan,False,n/a,0.8603294103220315
3,right_left,success_rate,fusion_aux,cbf_aux,nan,nan,False,n/a,-1.1585741145876076
4,stem_left,success_rate,fusion_aux,cbf_aux,nan,nan,False,n/a,-4.553744949445825
4,stem_right,success_rate,fusion_aux,cbf_aux,nan,nan,False,n/a,-1.7605450828489937
1a,right_stem,success_rate,fusion_aux,rule_based,nan,nan,False,n/a,-1.5136142313114813
1a,stem_left,success_rate,fusion_aux,rule_based,nan,nan,False,n/a,-2.071145734267924
1a,stem_right,success_rate,fusion_aux,rule_based,nan,nan,False,n/a,-1.6388401663600967
1b,stem_left,success_rate,fusion_aux,rule_based,nan,nan,False,n/a,-5.706328294264421
1b,stem_right,success_rate,fusion_aux,rule_based,nan,nan,False,n/a,-3.007250725046204
2,stem_left,success_rate,fusion_aux,rule_based,nan,nan,False,n/a,-3.733117151127248
2,stem_right,success_rate,fusion_aux,rule_based,nan,nan,False,n/a,-0.9494776103905764
2_dense,right_left,success_rate,fusion_aux,rule_based,nan,nan,False,n/a,-10.538441756537187
3,left_right,success_rate,fusion_aux,rule_based,nan,nan,False,n/a,-4.979518580698071
3,right_left,success_rate,fusion_aux,rule_based,nan,nan,False,n/a,-3.7518346429019034
4,stem_left,success_rate,fusion_aux,rule_based,nan,nan,False,n/a,-3.935822521025521
4,stem_right,success_rate,fusion_aux,rule_based,nan,nan,False,n/a,-1.0406522862360306
1a,right_stem,success_rate,cbf_aux,hjb_aux,nan,nan,False,n/a,0.7291127471390996
1a,stem_left,success_rate,cbf_aux,hjb_aux,nan,nan,False,n/a,0.7220587647532611
1a,stem_right,success_rate,cbf_aux,hjb_aux,nan,nan,False,n/a,0.7542974079528652
1b,stem_left,success_rate,cbf_aux,hjb_aux,nan,nan,False,n/a,0.48205828042410714
1b,stem_right,success_rate,cbf_aux,hjb_aux,nan,nan,False,n/a,-0.45358296272969506
2,stem_left,success_rate,cbf_aux,hjb_aux,nan,nan,False,n/a,-0.3157197193578189
2,stem_right,success_rate,cbf_aux,hjb_aux,nan,nan,False,n/a,0.1307626990093893
2_dense,right_left,success_rate,cbf_aux,hjb_aux,nan,nan,False,n/a,0.1405336211523378
3,left_right,success_rate,cbf_aux,hjb_aux,nan,nan,False,n/a,-1.1051713609558396
3,right_left,success_rate,cbf_aux,hjb_aux,nan,nan,False,n/a,-0.3024247193878052
4,stem_left,success_rate,cbf_aux,hjb_aux,nan,nan,False,n/a,0.6355484294114278
4,stem_right,success_rate,cbf_aux,hjb_aux,nan,nan,False,n/a,-0.31664233776883544
1a,right_stem,success_rate,cbf_aux,soft_hjb_aux,nan,nan,False,n/a,1.404033934814784
1a,stem_left,success_rate,cbf_aux,soft_hjb_aux,nan,nan,False,n/a,0.7714437228120202
1a,stem_right,success_rate,cbf_aux,soft_hjb_aux,nan,nan,False,n/a,1.273212673728492
1b,stem_left,success_rate,cbf_aux,soft_hjb_aux,nan,nan,False,n/a,4.707720225878004
1b,stem_right,success_rate,cbf_aux,soft_hjb_aux,nan,nan,False,n/a,0.8998960343160382
2,stem_left,success_rate,cbf_aux,soft_hjb_aux,nan,nan,False,n/a,3.172031337935316
2,stem_right,success_rate,cbf_aux,soft_hjb_aux,nan,nan,False,n/a,1.944923071947893
2_dense,right_left,success_rate,cbf_aux,soft_hjb_aux,nan,nan,False,n/a,0.16025564800728587
3,left_right,success_rate,cbf_aux,soft_hjb_aux,nan,nan,False,n/a,-1.2516199926990612
3,right_left,success_rate,cbf_aux,soft_hjb_aux,nan,nan,False,n/a,1.4737833324651735
4,stem_left,success_rate,cbf_aux,soft_hjb_aux,nan,nan,False,n/a,4.320825833824745
4,stem_right,success_rate,cbf_aux,soft_hjb_aux,nan,nan,False,n/a,1.2642481039644768
1a,right_stem,success_rate,cbf_aux,eikonal_aux,nan,nan,False,n/a,-2.243531935171879
1a,stem_left,success_rate,cbf_aux,eikonal_aux,nan,nan,False,n/a,-1.3402165337829188
1a,stem_right,success_rate,cbf_aux,eikonal_aux,nan,nan,False,n/a,-0.8225445356589375
1b,stem_left,success_rate,cbf_aux,eikonal_aux,nan,nan,False,n/a,8.181867173309703
1b,stem_right,success_rate,cbf_aux,eikonal_aux,nan,nan,False,n/a,1.8926550818377226
2,stem_left,success_rate,cbf_aux,eikonal_aux,nan,nan,False,n/a,3.0572784571839913
2,stem_right,success_rate,cbf_aux,eikonal_aux,nan,nan,False,n/a,1.240471938936745
2_dense,right_left,success_rate,cbf_aux,eikonal_aux,nan,nan,False,n/a,0.6787316188318865
3,left_right,success_rate,cbf_aux,eikonal_aux,nan,nan,False,n/a,-0.5615123914748726
3,right_left,success_rate,cbf_aux,eikonal_aux,nan,nan,False,n/a,1.8468884336384452
4,stem_left,success_rate,cbf_aux,eikonal_aux,nan,nan,False,n/a,3.1733779688790693
4,stem_right,success_rate,cbf_aux,eikonal_aux,nan,nan,False,n/a,1.6275735313684203
1a,right_stem,success_rate,cbf_aux,fusion_aux,nan,nan,False,n/a,-0.8934830833847008
1a,stem_left,success_rate,cbf_aux,fusion_aux,nan,nan,False,n/a,0.07685802665863692
1a,stem_right,success_rate,cbf_aux,fusion_aux,nan,nan,False,n/a,1.0179173300057418
1b,stem_left,success_rate,cbf_aux,fusion_aux,nan,nan,False,n/a,5.459413573736639
1b,stem_right,success_rate,cbf_aux,fusion_aux,nan,nan,False,n/a,1.5480424779548478
2,stem_left,success_rate,cbf_aux,fusion_aux,nan,nan,False,n/a,2.5470462547107746
2,stem_right,success_rate,cbf_aux,fusion_aux,nan,nan,False,n/a,1.5044060547258815
2_dense,right_left,success_rate,cbf_aux,fusion_aux,nan,nan,False,n/a,0.6077691762180844
3,left_right,success_rate,cbf_aux,fusion_aux,nan,nan,False,n/a,-0.8603294103220315
3,right_left,success_rate,cbf_aux,fusion_aux,nan,nan,False,n/a,1.1585741145876076
4,stem_left,success_rate,cbf_aux,fusion_aux,nan,nan,False,n/a,4.553744949445825
4,stem_right,success_rate,cbf_aux,fusion_aux,nan,nan,False,n/a,1.7605450828489937
1a,right_stem,success_rate,cbf_aux,rule_based,nan,nan,False,n/a,-3.294984138787068
1a,stem_left,success_rate,cbf_aux,rule_based,nan,nan,False,n/a,-4.4739464991519595
1a,stem_right,success_rate,cbf_aux,rule_based,nan,nan,False,n/a,-2.4389402665676854
1b,stem_left,success_rate,cbf_aux,rule_based,nan,nan,False,n/a,1.5208644070758588
1b,stem_right,success_rate,cbf_aux,rule_based,nan,nan,False,n/a,-0.2991385190223117
2,stem_left,success_rate,cbf_aux,rule_based,nan,nan,False,n/a,0.43095343711345707
2,stem_right,success_rate,cbf_aux,rule_based,nan,nan,False,n/a,0.9364843126823751
2_dense,right_left,success_rate,cbf_aux,rule_based,nan,nan,False,n/a,-2.5375858889633145
3,left_right,success_rate,cbf_aux,rule_based,nan,nan,False,n/a,-6.018224054898805
3,right_left,success_rate,cbf_aux,rule_based,nan,nan,False,n/a,-1.346288699433302
4,stem_left,success_rate,cbf_aux,rule_based,nan,nan,False,n/a,2.2243681919124105
4,stem_right,success_rate,cbf_aux,rule_based,nan,nan,False,n/a,1.0346670070581236
1a,right_stem,success_rate,rule_based,hjb_aux,nan,nan,False,n/a,3.067044428839864
1a,stem_left,success_rate,rule_based,hjb_aux,nan,nan,False,n/a,4.142432457323972
1a,stem_right,success_rate,rule_based,hjb_aux,nan,nan,False,n/a,2.8907175601182287
1b,stem_left,success_rate,rule_based,hjb_aux,nan,nan,False,n/a,-0.16220641321339727
1b,stem_right,success_rate,rule_based,hjb_aux,nan,nan,False,n/a,-0.3233644672373725
2,stem_left,success_rate,rule_based,hjb_aux,nan,nan,False,n/a,-1.0968008898549175
2,stem_right,success_rate,rule_based,hjb_aux,nan,nan,False,n/a,-0.8874375676582203
2_dense,right_left,success_rate,rule_based,hjb_aux,nan,nan,False,n/a,3.2541213021771624
3,left_right,success_rate,rule_based,hjb_aux,nan,nan,False,n/a,5.332642173796603
3,right_left,success_rate,rule_based,hjb_aux,nan,nan,False,n/a,0.9319113352785849
4,stem_left,success_rate,rule_based,hjb_aux,nan,nan,False,n/a,-0.24205319199742872
4,stem_right,success_rate,rule_based,hjb_aux,nan,nan,False,n/a,-1.0579513583306746
1a,right_stem,success_rate,rule_based,soft_hjb_aux,nan,nan,False,n/a,7.494475122597523
1a,stem_left,success_rate,rule_based,soft_hjb_aux,nan,nan,False,n/a,4.098721903808992
1a,stem_right,success_rate,rule_based,soft_hjb_aux,nan,nan,False,n/a,4.659119427990203
1b,stem_left,success_rate,rule_based,soft_hjb_aux,nan,nan,False,n/a,4.644555471297759
1b,stem_right,success_rate,rule_based,soft_hjb_aux,nan,nan,False,n/a,1.8585339444274283
2,stem_left,success_rate,rule_based,soft_hjb_aux,nan,nan,False,n/a,4.862235375968992
2,stem_right,success_rate,rule_based,soft_hjb_aux,nan,nan,False,n/a,1.4243258031868504
2_dense,right_left,success_rate,rule_based,soft_hjb_aux,nan,nan,False,n/a,10.404045835832841
3,left_right,success_rate,rule_based,soft_hjb_aux,nan,nan,False,n/a,4.411985206082748
3,right_left,success_rate,rule_based,soft_hjb_aux,nan,nan,False,n/a,7.813588214612461
4,stem_left,success_rate,rule_based,soft_hjb_aux,nan,nan,False,n/a,3.492387830332285
4,stem_right,success_rate,rule_based,soft_hjb_aux,nan,nan,False,n/a,0.5638236821308865
1a,right_stem,success_rate,rule_based,eikonal_aux,nan,nan,False,n/a,0.8762403901546787
1a,stem_left,success_rate,rule_based,eikonal_aux,nan,nan,False,n/a,0.7405406934043217
1a,stem_right,success_rate,rule_based,eikonal_aux,nan,nan,False,n/a,1.0871859453696662
1b,stem_left,success_rate,rule_based,eikonal_aux,nan,nan,False,n/a,11.843871994962425
1b,stem_right,success_rate,rule_based,eikonal_aux,nan,nan,False,n/a,3.756531241334215
2,stem_left,success_rate,rule_based,eikonal_aux,nan,nan,False,n/a,4.435386725047919
2,stem_right,success_rate,rule_based,eikonal_aux,nan,nan,False,n/a,0.775936171003889
2_dense,right_left,success_rate,rule_based,eikonal_aux,nan,nan,False,n/a,8.137446367059994
3,left_right,success_rate,rule_based,eikonal_aux,nan,nan,False,n/a,3.8326011697183393
3,right_left,success_rate,rule_based,eikonal_aux,nan,nan,False,n/a,9.071267962923171
4,stem_left,success_rate,rule_based,eikonal_aux,nan,nan,False,n/a,2.1663319341344134
4,stem_right,success_rate,rule_based,eikonal_aux,nan,nan,False,n/a,1.0752263203461696
1a,right_stem,success_rate,rule_based,fusion_aux,nan,nan,False,n/a,1.5136142313114813
1a,stem_left,success_rate,rule_based,fusion_aux,nan,nan,False,n/a,2.071145734267924
1a,stem_right,success_rate,rule_based,fusion_aux,nan,nan,False,n/a,1.6388401663600967
1b,stem_left,success_rate,rule_based,fusion_aux,nan,nan,False,n/a,5.706328294264421
1b,stem_right,success_rate,rule_based,fusion_aux,nan,nan,False,n/a,3.007250725046204
2,stem_left,success_rate,rule_based,fusion_aux,nan,nan,False,n/a,3.733117151127248
2,stem_right,success_rate,rule_based,fusion_aux,nan,nan,False,n/a,0.9494776103905764
2_dense,right_left,success_rate,rule_based,fusion_aux,nan,nan,False,n/a,10.538441756537187
3,left_right,success_rate,rule_based,fusion_aux,nan,nan,False,n/a,4.979518580698071
3,right_left,success_rate,rule_based,fusion_aux,nan,nan,False,n/a,3.7518346429019034
4,stem_left,success_rate,rule_based,fusion_aux,nan,nan,False,n/a,3.935822521025521
4,stem_right,success_rate,rule_based,fusion_aux,nan,nan,False,n/a,1.0406522862360306
1a,right_stem,success_rate,rule_based,cbf_aux,nan,nan,False,n/a,3.294984138787068
1a,stem_left,success_rate,rule_based,cbf_aux,nan,nan,False,n/a,4.4739464991519595
1a,stem_right,success_rate,rule_based,cbf_aux,nan,nan,False,n/a,2.4389402665676854
1b,stem_left,success_rate,rule_based,cbf_aux,nan,nan,False,n/a,-1.5208644070758588
1b,stem_right,success_rate,rule_based,cbf_aux,nan,nan,False,n/a,0.2991385190223117
2,stem_left,success_rate,rule_based,cbf_aux,nan,nan,False,n/a,-0.43095343711345707
2,stem_right,success_rate,rule_based,cbf_aux,nan,nan,False,n/a,-0.9364843126823751
2_dense,right_left,success_rate,rule_based,cbf_aux,nan,nan,False,n/a,2.5375858889633145
3,left_right,success_rate,rule_based,cbf_aux,nan,nan,False,n/a,6.018224054898805
3,right_left,success_rate,rule_based,cbf_aux,nan,nan,False,n/a,1.346288699433302
4,stem_left,success_rate,rule_based,cbf_aux,nan,nan,False,n/a,-2.2243681919124105
4,stem_right,success_rate,rule_based,cbf_aux,nan,nan,False,n/a,-1.0346670070581236
1a,right_stem,mean_ttc,hjb_aux,soft_hjb_aux,nan,nan,False,n/a,-2.134497645828846
1a,stem_left,mean_ttc,hjb_aux,soft_hjb_aux,nan,nan,False,n/a,-0.3782202753821163
1a,stem_right,mean_ttc,hjb_aux,soft_hjb_aux,nan,nan,False,n/a,-1.4891603327250644
1b,stem_left,mean_ttc,hjb_aux,soft_hjb_aux,nan,nan,False,n/a,-2.104601632063556
1b,stem_right,mean_ttc,hjb_aux,soft_hjb_aux,nan,nan,False,n/a,-0.9872758132550269
2,stem_left,mean_ttc,hjb_aux,soft_hjb_aux,nan,nan,False,n/a,-1.3065543855203174
2,stem_right,mean_ttc,hjb_aux,soft_hjb_aux,nan,nan,False,n/a,0.8466721434867849
2_dense,right_left,mean_ttc,hjb_aux,soft_hjb_aux,nan,nan,False,n/a,0.5329876374922069
3,left_right,mean_ttc,hjb_aux,soft_hjb_aux,nan,nan,False,n/a,0.20429095570996025
3,right_left,mean_ttc,hjb_aux,soft_hjb_aux,nan,nan,False,n/a,-1.0327088180798478
4,stem_left,mean_ttc,hjb_aux,soft_hjb_aux,nan,nan,False,n/a,-0.26539132844025676
4,stem_right,mean_ttc,hjb_aux,soft_hjb_aux,nan,nan,False,n/a,0.7735434044778113
1a,right_stem,mean_ttc,hjb_aux,eikonal_aux,nan,nan,False,n/a,-3.2146327619854955
1a,stem_left,mean_ttc,hjb_aux,eikonal_aux,nan,nan,False,n/a,-3.4402810191074664
1a,stem_right,mean_ttc,hjb_aux,eikonal_aux,nan,nan,False,n/a,-6.0727256657352156
1b,stem_left,mean_ttc,hjb_aux,eikonal_aux,nan,nan,False,n/a,-0.9015094543548391
1b,stem_right,mean_ttc,hjb_aux,eikonal_aux,nan,nan,False,n/a,-1.397457907417824
2,stem_left,mean_ttc,hjb_aux,eikonal_aux,nan,nan,False,n/a,-1.7816295808711433
2,stem_right,mean_ttc,hjb_aux,eikonal_aux,nan,nan,False,n/a,-0.4623423703709699
2_dense,right_left,mean_ttc,hjb_aux,eikonal_aux,nan,nan,False,n/a,-0.7576201460549993
3,left_right,mean_ttc,hjb_aux,eikonal_aux,nan,nan,False,n/a,-0.4154484995359566
3,right_left,mean_ttc,hjb_aux,eikonal_aux,nan,nan,False,n/a,-2.1973288490350043
4,stem_left,mean_ttc,hjb_aux,eikonal_aux,nan,nan,False,n/a,-0.7609815321132076
4,stem_right,mean_ttc,hjb_aux,eikonal_aux,nan,nan,False,n/a,-1.511158680488251
1a,right_stem,mean_ttc,hjb_aux,fusion_aux,nan,nan,False,n/a,-2.4881181740201592
1a,stem_left,mean_ttc,hjb_aux,fusion_aux,nan,nan,False,n/a,-2.693259607820671
1a,stem_right,mean_ttc,hjb_aux,fusion_aux,nan,nan,False,n/a,-2.453098092162882
1b,stem_left,mean_ttc,hjb_aux,fusion_aux,nan,nan,False,n/a,-2.3151097062602384
1b,stem_right,mean_ttc,hjb_aux,fusion_aux,nan,nan,False,n/a,-1.4969156810181525
2,stem_left,mean_ttc,hjb_aux,fusion_aux,nan,nan,False,n/a,-3.924582126167975
2,stem_right,mean_ttc,hjb_aux,fusion_aux,nan,nan,False,n/a,-0.18799746047326
2_dense,right_left,mean_ttc,hjb_aux,fusion_aux,nan,nan,False,n/a,-0.23303388141619713
3,left_right,mean_ttc,hjb_aux,fusion_aux,nan,nan,False,n/a,-0.08412140759802327
3,right_left,mean_ttc,hjb_aux,fusion_aux,nan,nan,False,n/a,-1.6938985056839104
4,stem_left,mean_ttc,hjb_aux,fusion_aux,nan,nan,False,n/a,-1.0214015305249549
4,stem_right,mean_ttc,hjb_aux,fusion_aux,nan,nan,False,n/a,-1.2538244996138541
1a,right_stem,mean_ttc,hjb_aux,cbf_aux,nan,nan,False,n/a,-0.7309912552846476
1a,stem_left,mean_ttc,hjb_aux,cbf_aux,nan,nan,False,n/a,-0.09822386121535984
1a,stem_right,mean_ttc,hjb_aux,cbf_aux,nan,nan,False,n/a,-0.9796701152287994
1b,stem_left,mean_ttc,hjb_aux,cbf_aux,nan,nan,False,n/a,0.5381314520075832
1b,stem_right,mean_ttc,hjb_aux,cbf_aux,nan,nan,False,n/a,0.40009407259276347
2,stem_left,mean_ttc,hjb_aux,cbf_aux,nan,nan,False,n/a,-0.8032800084206585
2,stem_right,mean_ttc,hjb_aux,cbf_aux,nan,nan,False,n/a,-0.006849075526034921
2_dense,right_left,mean_ttc,hjb_aux,cbf_aux,nan,nan,False,n/a,-0.25424955850472747
3,left_right,mean_ttc,hjb_aux,cbf_aux,nan,nan,False,n/a,-0.5073406839830596
3,right_left,mean_ttc,hjb_aux,cbf_aux,nan,nan,False,n/a,-0.20150746279137013
4,stem_left,mean_ttc,hjb_aux,cbf_aux,nan,nan,False,n/a,0.2616160734185647
4,stem_right,mean_ttc,hjb_aux,cbf_aux,nan,nan,False,n/a,-0.14377690228144063
1a,right_stem,mean_ttc,hjb_aux,rule_based,nan,nan,False,n/a,-4.330797545435954
1a,stem_left,mean_ttc,hjb_aux,rule_based,nan,nan,False,n/a,-0.7078230403498075
1a,stem_right,mean_ttc,hjb_aux,rule_based,nan,nan,False,n/a,-3.4152292591277154
1b,stem_left,mean_ttc,hjb_aux,rule_based,nan,nan,False,n/a,1.5737788363095118
1b,stem_right,mean_ttc,hjb_aux,rule_based,nan,nan,False,n/a,6.814600203903098
2,stem_left,mean_ttc,hjb_aux,rule_based,nan,nan,False,n/a,2.5983600682516608
2,stem_right,mean_ttc,hjb_aux,rule_based,nan,nan,False,n/a,2.91453989693529
2_dense,right_left,mean_ttc,hjb_aux,rule_based,nan,nan,False,n/a,3.1870957495426406
3,left_right,mean_ttc,hjb_aux,rule_based,nan,nan,False,n/a,1.9904582768034493
3,right_left,mean_ttc,hjb_aux,rule_based,nan,nan,False,n/a,1.277629584796063
4,stem_left,mean_ttc,hjb_aux,rule_based,nan,nan,False,n/a,2.0302043384862865
4,stem_right,mean_ttc,hjb_aux,rule_based,nan,nan,False,n/a,3.3901505785922406
1a,right_stem,mean_ttc,soft_hjb_aux,hjb_aux,nan,nan,False,n/a,2.134497645828846
1a,stem_left,mean_ttc,soft_hjb_aux,hjb_aux,nan,nan,False,n/a,0.3782202753821163
1a,stem_right,mean_ttc,soft_hjb_aux,hjb_aux,nan,nan,False,n/a,1.4891603327250644
1b,stem_left,mean_ttc,soft_hjb_aux,hjb_aux,nan,nan,False,n/a,2.104601632063556
1b,stem_right,mean_ttc,soft_hjb_aux,hjb_aux,nan,nan,False,n/a,0.9872758132550269
2,stem_left,mean_ttc,soft_hjb_aux,hjb_aux,nan,nan,False,n/a,1.3065543855203174
2,stem_right,mean_ttc,soft_hjb_aux,hjb_aux,nan,nan,False,n/a,-0.8466721434867849
2_dense,right_left,mean_ttc,soft_hjb_aux,hjb_aux,nan,nan,False,n/a,-0.5329876374922069
3,left_right,mean_ttc,soft_hjb_aux,hjb_aux,nan,nan,False,n/a,-0.20429095570996025
3,right_left,mean_ttc,soft_hjb_aux,hjb_aux,nan,nan,False,n/a,1.0327088180798478
4,stem_left,mean_ttc,soft_hjb_aux,hjb_aux,nan,nan,False,n/a,0.26539132844025676
4,stem_right,mean_ttc,soft_hjb_aux,hjb_aux,nan,nan,False,n/a,-0.7735434044778113
1a,right_stem,mean_ttc,soft_hjb_aux,eikonal_aux,nan,nan,False,n/a,-2.5956349020250125
1a,stem_left,mean_ttc,soft_hjb_aux,eikonal_aux,nan,nan,False,n/a,-3.434438213920086
1a,stem_right,mean_ttc,soft_hjb_aux,eikonal_aux,nan,nan,False,n/a,-4.063182327505792
1b,stem_left,mean_ttc,soft_hjb_aux,eikonal_aux,nan,nan,False,n/a,-0.5165890684901033
1b,stem_right,mean_ttc,soft_hjb_aux,eikonal_aux,nan,nan,False,n/a,-0.5901407316389355
2,stem_left,mean_ttc,soft_hjb_aux,eikonal_aux,nan,nan,False,n/a,-0.6168987376827467
2,stem_right,mean_ttc,soft_hjb_aux,eikonal_aux,nan,nan,False,n/a,-1.3040677774759548
2_dense,right_left,mean_ttc,soft_hjb_aux,eikonal_aux,nan,nan,False,n/a,-1.648938943055086
3,left_right,mean_ttc,soft_hjb_aux,eikonal_aux,nan,nan,False,n/a,-0.6060458317000146
3,right_left,mean_ttc,soft_hjb_aux,eikonal_aux,nan,nan,False,n/a,-1.926013952222604
4,stem_left,mean_ttc,soft_hjb_aux,eikonal_aux,nan,nan,False,n/a,-0.19526490756856116
4,stem_right,mean_ttc,soft_hjb_aux,eikonal_aux,nan,nan,False,n/a,-2.821168091543214
1a,right_stem,mean_ttc,soft_hjb_aux,fusion_aux,nan,nan,False,n/a,-2.1753544411506724
1a,stem_left,mean_ttc,soft_hjb_aux,fusion_aux,nan,nan,False,n/a,-2.6096224246389434
1a,stem_right,mean_ttc,soft_hjb_aux,fusion_aux,nan,nan,False,n/a,-1.506451382942914
1b,stem_left,mean_ttc,soft_hjb_aux,fusion_aux,nan,nan,False,n/a,-0.5943019561583304
1b,stem_right,mean_ttc,soft_hjb_aux,fusion_aux,nan,nan,False,n/a,-0.5702273214558897
2,stem_left,mean_ttc,soft_hjb_aux,fusion_aux,nan,nan,False,n/a,-0.3502135270394795
2,stem_right,mean_ttc,soft_hjb_aux,fusion_aux,nan,nan,False,n/a,-2.138323152638626
2_dense,right_left,mean_ttc,soft_hjb_aux,fusion_aux,nan,nan,False,n/a,-1.2699087094500692
3,left_right,mean_ttc,soft_hjb_aux,fusion_aux,nan,nan,False,n/a,-0.3211195478656379
3,right_left,mean_ttc,soft_hjb_aux,fusion_aux,nan,nan,False,n/a,-1.272970212081472
4,stem_left,mean_ttc,soft_hjb_aux,fusion_aux,nan,nan,False,n/a,0.011249150543364062
4,stem_right,mean_ttc,soft_hjb_aux,fusion_aux,nan,nan,False,n/a,-2.156043325474322
1a,right_stem,mean_ttc,soft_hjb_aux,cbf_aux,nan,nan,False,n/a,-0.12560405004555522
1a,stem_left,mean_ttc,soft_hjb_aux,cbf_aux,nan,nan,False,n/a,0.29229830850588484
1a,stem_right,mean_ttc,soft_hjb_aux,cbf_aux,nan,nan,False,n/a,0.349523760630672
1b,stem_left,mean_ttc,soft_hjb_aux,cbf_aux,nan,nan,False,n/a,5.718607515449256
1b,stem_right,mean_ttc,soft_hjb_aux,cbf_aux,nan,nan,False,n/a,1.3842656100488298
2,stem_left,mean_ttc,soft_hjb_aux,cbf_aux,nan,nan,False,n/a,1.089209084671929
2,stem_right,mean_ttc,soft_hjb_aux,cbf_aux,nan,nan,False,n/a,-0.9872612675781856
2_dense,right_left,mean_ttc,soft_hjb_aux,cbf_aux,nan,nan,False,n/a,-0.7882273107890855
3,left_right,mean_ttc,soft_hjb_aux,cbf_aux,nan,nan,False,n/a,-0.664222653527323
3,right_left,mean_ttc,soft_hjb_aux,cbf_aux,nan,nan,False,n/a,1.050450571223696
4,stem_left,mean_ttc,soft_hjb_aux,cbf_aux,nan,nan,False,n/a,0.33703913414635345
4,stem_right,mean_ttc,soft_hjb_aux,cbf_aux,nan,nan,False,n/a,-0.9372240683007602
1a,right_stem,mean_ttc,soft_hjb_aux,rule_based,nan,nan,False,n/a,-0.37305082633795256
1a,stem_left,mean_ttc,soft_hjb_aux,rule_based,nan,nan,False,n/a,-0.32693445458085096
1a,stem_right,mean_ttc,soft_hjb_aux,rule_based,nan,nan,False,n/a,0.5856541953127695
1b,stem_left,mean_ttc,soft_hjb_aux,rule_based,nan,nan,False,n/a,11.2124925050939
1b,stem_right,mean_ttc,soft_hjb_aux,rule_based,nan,nan,False,n/a,8.938606447533571
2,stem_left,mean_ttc,soft_hjb_aux,rule_based,nan,nan,False,n/a,1.7715281759701105
2,stem_right,mean_ttc,soft_hjb_aux,rule_based,nan,nan,False,n/a,5.75854306721613
2_dense,right_left,mean_ttc,soft_hjb_aux,rule_based,nan,nan,False,n/a,4.746847842018272
3,left_right,mean_ttc,soft_hjb_aux,rule_based,nan,nan,False,n/a,1.8192124870531412
3,right_left,mean_ttc,soft_hjb_aux,rule_based,nan,nan,False,n/a,7.368464138028193
4,stem_left,mean_ttc,soft_hjb_aux,rule_based,nan,nan,False,n/a,0.7573024726231237
4,stem_right,mean_ttc,soft_hjb_aux,rule_based,nan,nan,False,n/a,5.0235149408294095
1a,right_stem,mean_ttc,eikonal_aux,hjb_aux,nan,nan,False,n/a,3.2146327619854955
1a,stem_left,mean_ttc,eikonal_aux,hjb_aux,nan,nan,False,n/a,3.4402810191074664
1a,stem_right,mean_ttc,eikonal_aux,hjb_aux,nan,nan,False,n/a,6.0727256657352156
1b,stem_left,mean_ttc,eikonal_aux,hjb_aux,nan,nan,False,n/a,0.9015094543548391
1b,stem_right,mean_ttc,eikonal_aux,hjb_aux,nan,nan,False,n/a,1.397457907417824
2,stem_left,mean_ttc,eikonal_aux,hjb_aux,nan,nan,False,n/a,1.7816295808711433
2,stem_right,mean_ttc,eikonal_aux,hjb_aux,nan,nan,False,n/a,0.4623423703709699
2_dense,right_left,mean_ttc,eikonal_aux,hjb_aux,nan,nan,False,n/a,0.7576201460549993
3,left_right,mean_ttc,eikonal_aux,hjb_aux,nan,nan,False,n/a,0.4154484995359566
3,right_left,mean_ttc,eikonal_aux,hjb_aux,nan,nan,False,n/a,2.1973288490350043
4,stem_left,mean_ttc,eikonal_aux,hjb_aux,nan,nan,False,n/a,0.7609815321132076
4,stem_right,mean_ttc,eikonal_aux,hjb_aux,nan,nan,False,n/a,1.511158680488251
1a,right_stem,mean_ttc,eikonal_aux,soft_hjb_aux,nan,nan,False,n/a,2.5956349020250125
1a,stem_left,mean_ttc,eikonal_aux,soft_hjb_aux,nan,nan,False,n/a,3.434438213920086
1a,stem_right,mean_ttc,eikonal_aux,soft_hjb_aux,nan,nan,False,n/a,4.063182327505792
1b,stem_left,mean_ttc,eikonal_aux,soft_hjb_aux,nan,nan,False,n/a,0.5165890684901033
1b,stem_right,mean_ttc,eikonal_aux,soft_hjb_aux,nan,nan,False,n/a,0.5901407316389355
2,stem_left,mean_ttc,eikonal_aux,soft_hjb_aux,nan,nan,False,n/a,0.6168987376827467
2,stem_right,mean_ttc,eikonal_aux,soft_hjb_aux,nan,nan,False,n/a,1.3040677774759548
2_dense,right_left,mean_ttc,eikonal_aux,soft_hjb_aux,nan,nan,False,n/a,1.648938943055086
3,left_right,mean_ttc,eikonal_aux,soft_hjb_aux,nan,nan,False,n/a,0.6060458317000146
3,right_left,mean_ttc,eikonal_aux,soft_hjb_aux,nan,nan,False,n/a,1.926013952222604
4,stem_left,mean_ttc,eikonal_aux,soft_hjb_aux,nan,nan,False,n/a,0.19526490756856116
4,stem_right,mean_ttc,eikonal_aux,soft_hjb_aux,nan,nan,False,n/a,2.821168091543214
1a,right_stem,mean_ttc,eikonal_aux,fusion_aux,nan,nan,False,n/a,-0.6686904273092308
1a,stem_left,mean_ttc,eikonal_aux,fusion_aux,nan,nan,False,n/a,0.17593344903344654
1a,stem_right,mean_ttc,eikonal_aux,fusion_aux,nan,nan,False,n/a,1.4754512277079805
1b,stem_left,mean_ttc,eikonal_aux,fusion_aux,nan,nan,False,n/a,0.4529862658952468
1b,stem_right,mean_ttc,eikonal_aux,fusion_aux,nan,nan,False,n/a,0.09764106058166074
2,stem_left,mean_ttc,eikonal_aux,fusion_aux,nan,nan,False,n/a,0.4668784672247405
2,stem_right,mean_ttc,eikonal_aux,fusion_aux,nan,nan,False,n/a,0.41477573108956944
2_dense,right_left,mean_ttc,eikonal_aux,fusion_aux,nan,nan,False,n/a,0.8093399349332432
3,left_right,mean_ttc,eikonal_aux,fusion_aux,nan,nan,False,n/a,0.3849695002404132
3,right_left,mean_ttc,eikonal_aux,fusion_aux,nan,nan,False,n/a,0.8303279712191151
4,stem_left,mean_ttc,eikonal_aux,fusion_aux,nan,nan,False,n/a,0.38665713019595965
4,stem_right,mean_ttc,eikonal_aux,fusion_aux,nan,nan,False,n/a,0.03324606082077068
1a,right_stem,mean_ttc,eikonal_aux,cbf_aux,nan,nan,False,n/a,1.8858993991984139
1a,stem_left,mean_ttc,eikonal_aux,cbf_aux,nan,nan,False,n/a,3.478916946706013
1a,stem_right,mean_ttc,eikonal_aux,cbf_aux,nan,nan,False,n/a,4.31827779231467
1b,stem_left,mean_ttc,eikonal_aux,cbf_aux,nan,nan,False,n/a,1.0162050242307756
1b,stem_right,mean_ttc,eikonal_aux,cbf_aux,nan,nan,False,n/a,1.7286945702153795
2,stem_left,mean_ttc,eikonal_aux,cbf_aux,nan,nan,False,n/a,1.612851923671099
2,stem_right,mean_ttc,eikonal_aux,cbf_aux,nan,nan,False,n/a,0.4856108700608996
2_dense,right_left,mean_ttc,eikonal_aux,cbf_aux,nan,nan,False,n/a,0.4189091732852289
3,left_right,mean_ttc,eikonal_aux,cbf_aux,nan,nan,False,n/a,-0.14576751544374078
3,right_left,mean_ttc,eikonal_aux,cbf_aux,nan,nan,False,n/a,2.3101830817257754
4,stem_left,mean_ttc,eikonal_aux,cbf_aux,nan,nan,False,n/a,0.9160891970496206
4,stem_right,mean_ttc,eikonal_aux,cbf_aux,nan,nan,False,n/a,1.3370217470428036
1a,right_stem,mean_ttc,eikonal_aux,rule_based,nan,nan,False,n/a,2.548119270107196
1a,stem_left,mean_ttc,eikonal_aux,rule_based,nan,nan,False,n/a,3.6586316946039132
1a,stem_right,mean_ttc,eikonal_aux,rule_based,nan,nan,False,n/a,5.476787445609781
1b,stem_left,mean_ttc,eikonal_aux,rule_based,nan,nan,False,n/a,1.1982385960429631
1b,stem_right,mean_ttc,eikonal_aux,rule_based,nan,nan,False,n/a,7.148736643065544
2,stem_left,mean_ttc,eikonal_aux,rule_based,nan,nan,False,n/a,2.139791340064251
2,stem_right,mean_ttc,eikonal_aux,rule_based,nan,nan,False,n/a,3.0577028378502757
2_dense,right_left,mean_ttc,eikonal_aux,rule_based,nan,nan,False,n/a,5.318446808432952
3,left_right,mean_ttc,eikonal_aux,rule_based,nan,nan,False,n/a,2.2497434360193846
3,right_left,mean_ttc,eikonal_aux,rule_based,nan,nan,False,n/a,4.3744212295632074
4,stem_left,mean_ttc,eikonal_aux,rule_based,nan,nan,False,n/a,1.6037586465474847
4,stem_right,mean_ttc,eikonal_aux,rule_based,nan,nan,False,n/a,6.050992466898864
1a,right_stem,mean_ttc,fusion_aux,hjb_aux,nan,nan,False,n/a,2.4881181740201592
1a,stem_left,mean_ttc,fusion_aux,hjb_aux,nan,nan,False,n/a,2.693259607820671
1a,stem_right,mean_ttc,fusion_aux,hjb_aux,nan,nan,False,n/a,2.453098092162882
1b,stem_left,mean_ttc,fusion_aux,hjb_aux,nan,nan,False,n/a,2.3151097062602384
1b,stem_right,mean_ttc,fusion_aux,hjb_aux,nan,nan,False,n/a,1.4969156810181525
2,stem_left,mean_ttc,fusion_aux,hjb_aux,nan,nan,False,n/a,3.924582126167975
2,stem_right,mean_ttc,fusion_aux,hjb_aux,nan,nan,False,n/a,0.18799746047326
2_dense,right_left,mean_ttc,fusion_aux,hjb_aux,nan,nan,False,n/a,0.23303388141619713
3,left_right,mean_ttc,fusion_aux,hjb_aux,nan,nan,False,n/a,0.08412140759802327
3,right_left,mean_ttc,fusion_aux,hjb_aux,nan,nan,False,n/a,1.6938985056839104
4,stem_left,mean_ttc,fusion_aux,hjb_aux,nan,nan,False,n/a,1.0214015305249549
4,stem_right,mean_ttc,fusion_aux,hjb_aux,nan,nan,False,n/a,1.2538244996138541
1a,right_stem,mean_ttc,fusion_aux,soft_hjb_aux,nan,nan,False,n/a,2.1753544411506724
1a,stem_left,mean_ttc,fusion_aux,soft_hjb_aux,nan,nan,False,n/a,2.6096224246389434
1a,stem_right,mean_ttc,fusion_aux,soft_hjb_aux,nan,nan,False,n/a,1.506451382942914
1b,stem_left,mean_ttc,fusion_aux,soft_hjb_aux,nan,nan,False,n/a,0.5943019561583304
1b,stem_right,mean_ttc,fusion_aux,soft_hjb_aux,nan,nan,False,n/a,0.5702273214558897
2,stem_left,mean_ttc,fusion_aux,soft_hjb_aux,nan,nan,False,n/a,0.3502135270394795
2,stem_right,mean_ttc,fusion_aux,soft_hjb_aux,nan,nan,False,n/a,2.138323152638626
2_dense,right_left,mean_ttc,fusion_aux,soft_hjb_aux,nan,nan,False,n/a,1.2699087094500692
3,left_right,mean_ttc,fusion_aux,soft_hjb_aux,nan,nan,False,n/a,0.3211195478656379
3,right_left,mean_ttc,fusion_aux,soft_hjb_aux,nan,nan,False,n/a,1.272970212081472
4,stem_left,mean_ttc,fusion_aux,soft_hjb_aux,nan,nan,False,n/a,-0.011249150543364062
4,stem_right,mean_ttc,fusion_aux,soft_hjb_aux,nan,nan,False,n/a,2.156043325474322
1a,right_stem,mean_ttc,fusion_aux,eikonal_aux,nan,nan,False,n/a,0.6686904273092308
1a,stem_left,mean_ttc,fusion_aux,eikonal_aux,nan,nan,False,n/a,-0.17593344903344654
1a,stem_right,mean_ttc,fusion_aux,eikonal_aux,nan,nan,False,n/a,-1.4754512277079805
1b,stem_left,mean_ttc,fusion_aux,eikonal_aux,nan,nan,False,n/a,-0.4529862658952468
1b,stem_right,mean_ttc,fusion_aux,eikonal_aux,nan,nan,False,n/a,-0.09764106058166074
2,stem_left,mean_ttc,fusion_aux,eikonal_aux,nan,nan,False,n/a,-0.4668784672247405
2,stem_right,mean_ttc,fusion_aux,eikonal_aux,nan,nan,False,n/a,-0.41477573108956944
2_dense,right_left,mean_ttc,fusion_aux,eikonal_aux,nan,nan,False,n/a,-0.8093399349332432
3,left_right,mean_ttc,fusion_aux,eikonal_aux,nan,nan,False,n/a,-0.3849695002404132
3,right_left,mean_ttc,fusion_aux,eikonal_aux,nan,nan,False,n/a,-0.8303279712191151
4,stem_left,mean_ttc,fusion_aux,eikonal_aux,nan,nan,False,n/a,-0.38665713019595965
4,stem_right,mean_ttc,fusion_aux,eikonal_aux,nan,nan,False,n/a,-0.03324606082077068
1a,right_stem,mean_ttc,fusion_aux,cbf_aux,nan,nan,False,n/a,1.912781171866259
1a,stem_left,mean_ttc,fusion_aux,cbf_aux,nan,nan,False,n/a,2.6926667944876264
1a,stem_right,mean_ttc,fusion_aux,cbf_aux,nan,nan,False,n/a,1.7239548288217459
1b,stem_left,mean_ttc,fusion_aux,cbf_aux,nan,nan,False,n/a,5.2491630283156105
1b,stem_right,mean_ttc,fusion_aux,cbf_aux,nan,nan,False,n/a,1.8710259503753255
2,stem_left,mean_ttc,fusion_aux,cbf_aux,nan,nan,False,n/a,3.325017922427449
2,stem_right,mean_ttc,fusion_aux,cbf_aux,nan,nan,False,n/a,0.20669447524262427
2_dense,right_left,mean_ttc,fusion_aux,cbf_aux,nan,nan,False,n/a,-0.11083449365526639
3,left_right,mean_ttc,fusion_aux,cbf_aux,nan,nan,False,n/a,-0.48308889735673527
3,right_left,mean_ttc,fusion_aux,cbf_aux,nan,nan,False,n/a,1.7954507292508393
4,stem_left,mean_ttc,fusion_aux,cbf_aux,nan,nan,False,n/a,2.8151361943518
4,stem_right,mean_ttc,fusion_aux,cbf_aux,nan,nan,False,n/a,1.1107567176395694
1a,right_stem,mean_ttc,fusion_aux,rule_based,nan,nan,False,n/a,2.13342322066887
1a,stem_left,mean_ttc,fusion_aux,rule_based,nan,nan,False,n/a,2.6692721855711
1a,stem_right,mean_ttc,fusion_aux,rule_based,nan,nan,False,n/a,1.9882274742886639
1b,stem_left,mean_ttc,fusion_aux,rule_based,nan,nan,False,n/a,8.559875635264998
1b,stem_right,mean_ttc,fusion_aux,rule_based,nan,nan,False,n/a,9.048862873379704
2,stem_left,mean_ttc,fusion_aux,rule_based,nan,nan,False,n/a,5.389147961958704
2,stem_right,mean_ttc,fusion_aux,rule_based,nan,nan,False,n/a,8.202077747767564
2_dense,right_left,mean_ttc,fusion_aux,rule_based,nan,nan,False,n/a,8.570011264523679
3,left_right,mean_ttc,fusion_aux,rule_based,nan,nan,False,n/a,2.8036579269823165
3,right_left,mean_ttc,fusion_aux,rule_based,nan,nan,False,n/a,4.671343058874948
4,stem_left,mean_ttc,fusion_aux,rule_based,nan,nan,False,n/a,8.019864904933442
4,stem_right,mean_ttc,fusion_aux,rule_based,nan,nan,False,n/a,4.401114697801215
1a,right_stem,mean_ttc,cbf_aux,hjb_aux,nan,nan,False,n/a,0.7309912552846476
1a,stem_left,mean_ttc,cbf_aux,hjb_aux,nan,nan,False,n/a,0.09822386121535984
1a,stem_right,mean_ttc,cbf_aux,hjb_aux,nan,nan,False,n/a,0.9796701152287994
1b,stem_left,mean_ttc,cbf_aux,hjb_aux,nan,nan,False,n/a,-0.5381314520075832
1b,stem_right,mean_ttc,cbf_aux,hjb_aux,nan,nan,False,n/a,-0.40009407259276347
2,stem_left,mean_ttc,cbf_aux,hjb_aux,nan,nan,False,n/a,0.8032800084206585
2,stem_right,mean_ttc,cbf_aux,hjb_aux,nan,nan,False,n/a,0.006849075526034921
2_dense,right_left,mean_ttc,cbf_aux,hjb_aux,nan,nan,False,n/a,0.25424955850472747
3,left_right,mean_ttc,cbf_aux,hjb_aux,nan,nan,False,n/a,0.5073406839830596
3,right_left,mean_ttc,cbf_aux,hjb_aux,nan,nan,False,n/a,0.20150746279137013
4,stem_left,mean_ttc,cbf_aux,hjb_aux,nan,nan,False,n/a,-0.2616160734185647
4,stem_right,mean_ttc,cbf_aux,hjb_aux,nan,nan,False,n/a,0.14377690228144063
1a,right_stem,mean_ttc,cbf_aux,soft_hjb_aux,nan,nan,False,n/a,0.12560405004555522
1a,stem_left,mean_ttc,cbf_aux,soft_hjb_aux,nan,nan,False,n/a,-0.29229830850588484
1a,stem_right,mean_ttc,cbf_aux,soft_hjb_aux,nan,nan,False,n/a,-0.349523760630672
1b,stem_left,mean_ttc,cbf_aux,soft_hjb_aux,nan,nan,False,n/a,-5.718607515449256
1b,stem_right,mean_ttc,cbf_aux,soft_hjb_aux,nan,nan,False,n/a,-1.3842656100488298
2,stem_left,mean_ttc,cbf_aux,soft_hjb_aux,nan,nan,False,n/a,-1.089209084671929
2,stem_right,mean_ttc,cbf_aux,soft_hjb_aux,nan,nan,False,n/a,0.9872612675781856
2_dense,right_left,mean_ttc,cbf_aux,soft_hjb_aux,nan,nan,False,n/a,0.7882273107890855
3,left_right,mean_ttc,cbf_aux,soft_hjb_aux,nan,nan,False,n/a,0.664222653527323
3,right_left,mean_ttc,cbf_aux,soft_hjb_aux,nan,nan,False,n/a,-1.050450571223696
4,stem_left,mean_ttc,cbf_aux,soft_hjb_aux,nan,nan,False,n/a,-0.33703913414635345
4,stem_right,mean_ttc,cbf_aux,soft_hjb_aux,nan,nan,False,n/a,0.9372240683007602
1a,right_stem,mean_ttc,cbf_aux,eikonal_aux,nan,nan,False,n/a,-1.8858993991984139
1a,stem_left,mean_ttc,cbf_aux,eikonal_aux,nan,nan,False,n/a,-3.478916946706013
1a,stem_right,mean_ttc,cbf_aux,eikonal_aux,nan,nan,False,n/a,-4.31827779231467
1b,stem_left,mean_ttc,cbf_aux,eikonal_aux,nan,nan,False,n/a,-1.0162050242307756
1b,stem_right,mean_ttc,cbf_aux,eikonal_aux,nan,nan,False,n/a,-1.7286945702153795
2,stem_left,mean_ttc,cbf_aux,eikonal_aux,nan,nan,False,n/a,-1.612851923671099
2,stem_right,mean_ttc,cbf_aux,eikonal_aux,nan,nan,False,n/a,-0.4856108700608996
2_dense,right_left,mean_ttc,cbf_aux,eikonal_aux,nan,nan,False,n/a,-0.4189091732852289
3,left_right,mean_ttc,cbf_aux,eikonal_aux,nan,nan,False,n/a,0.14576751544374078
3,right_left,mean_ttc,cbf_aux,eikonal_aux,nan,nan,False,n/a,-2.3101830817257754
4,stem_left,mean_ttc,cbf_aux,eikonal_aux,nan,nan,False,n/a,-0.9160891970496206
4,stem_right,mean_ttc,cbf_aux,eikonal_aux,nan,nan,False,n/a,-1.3370217470428036
1a,right_stem,mean_ttc,cbf_aux,fusion_aux,nan,nan,False,n/a,-1.912781171866259
1a,stem_left,mean_ttc,cbf_aux,fusion_aux,nan,nan,False,n/a,-2.6926667944876264
1a,stem_right,mean_ttc,cbf_aux,fusion_aux,nan,nan,False,n/a,-1.7239548288217459
1b,stem_left,mean_ttc,cbf_aux,fusion_aux,nan,nan,False,n/a,-5.2491630283156105
1b,stem_right,mean_ttc,cbf_aux,fusion_aux,nan,nan,False,n/a,-1.8710259503753255
2,stem_left,mean_ttc,cbf_aux,fusion_aux,nan,nan,False,n/a,-3.325017922427449
2,stem_right,mean_ttc,cbf_aux,fusion_aux,nan,nan,False,n/a,-0.20669447524262427
2_dense,right_left,mean_ttc,cbf_aux,fusion_aux,nan,nan,False,n/a,0.11083449365526639
3,left_right,mean_ttc,cbf_aux,fusion_aux,nan,nan,False,n/a,0.48308889735673527
3,right_left,mean_ttc,cbf_aux,fusion_aux,nan,nan,False,n/a,-1.7954507292508393
4,stem_left,mean_ttc,cbf_aux,fusion_aux,nan,nan,False,n/a,-2.8151361943518
4,stem_right,mean_ttc,cbf_aux,fusion_aux,nan,nan,False,n/a,-1.1107567176395694
1a,right_stem,mean_ttc,cbf_aux,rule_based,nan,nan,False,n/a,0.01634903762707442
1a,stem_left,mean_ttc,cbf_aux,rule_based,nan,nan,False,n/a,-0.6463907353878154
1a,stem_right,mean_ttc,cbf_aux,rule_based,nan,nan,False,n/a,0.08363989769459308
1b,stem_left,mean_ttc,cbf_aux,rule_based,nan,nan,False,n/a,2.8360338360851998
1b,stem_right,mean_ttc,cbf_aux,rule_based,nan,nan,False,n/a,6.008028694672684
2,stem_left,mean_ttc,cbf_aux,rule_based,nan,nan,False,n/a,3.2320035952450636
2,stem_right,mean_ttc,cbf_aux,rule_based,nan,nan,False,n/a,3.443747613956876
2_dense,right_left,mean_ttc,cbf_aux,rule_based,nan,nan,False,n/a,3.1504047926808956
3,left_right,mean_ttc,cbf_aux,rule_based,nan,nan,False,n/a,1.9315673187494333
3,right_left,mean_ttc,cbf_aux,rule_based,nan,nan,False,n/a,2.0976791027877835
4,stem_left,mean_ttc,cbf_aux,rule_based,nan,nan,False,n/a,6.034683026122819
4,stem_right,mean_ttc,cbf_aux,rule_based,nan,nan,False,n/a,3.5001835556922907
1a,right_stem,mean_ttc,rule_based,hjb_aux,nan,nan,False,n/a,4.330797545435954
1a,stem_left,mean_ttc,rule_based,hjb_aux,nan,nan,False,n/a,0.7078230403498075
1a,stem_right,mean_ttc,rule_based,hjb_aux,nan,nan,False,n/a,3.4152292591277154
1b,stem_left,mean_ttc,rule_based,hjb_aux,nan,nan,False,n/a,-1.5737788363095118
1b,stem_right,mean_ttc,rule_based,hjb_aux,nan,nan,False,n/a,-6.814600203903098
2,stem_left,mean_ttc,rule_based,hjb_aux,nan,nan,False,n/a,-2.5983600682516608
2,stem_right,mean_ttc,rule_based,hjb_aux,nan,nan,False,n/a,-2.91453989693529
2_dense,right_left,mean_ttc,rule_based,hjb_aux,nan,nan,False,n/a,-3.1870957495426406
3,left_right,mean_ttc,rule_based,hjb_aux,nan,nan,False,n/a,-1.9904582768034493
3,right_left,mean_ttc,rule_based,hjb_aux,nan,nan,False,n/a,-1.277629584796063
4,stem_left,mean_ttc,rule_based,hjb_aux,nan,nan,False,n/a,-2.0302043384862865
4,stem_right,mean_ttc,rule_based,hjb_aux,nan,nan,False,n/a,-3.3901505785922406
1a,right_stem,mean_ttc,rule_based,soft_hjb_aux,nan,nan,False,n/a,0.37305082633795256
1a,stem_left,mean_ttc,rule_based,soft_hjb_aux,nan,nan,False,n/a,0.32693445458085096
1a,stem_right,mean_ttc,rule_based,soft_hjb_aux,nan,nan,False,n/a,-0.5856541953127695
1b,stem_left,mean_ttc,rule_based,soft_hjb_aux,nan,nan,False,n/a,-11.2124925050939
1b,stem_right,mean_ttc,rule_based,soft_hjb_aux,nan,nan,False,n/a,-8.938606447533571
2,stem_left,mean_ttc,rule_based,soft_hjb_aux,nan,nan,False,n/a,-1.7715281759701105
2,stem_right,mean_ttc,rule_based,soft_hjb_aux,nan,nan,False,n/a,-5.75854306721613
2_dense,right_left,mean_ttc,rule_based,soft_hjb_aux,nan,nan,False,n/a,-4.746847842018272
3,left_right,mean_ttc,rule_based,soft_hjb_aux,nan,nan,False,n/a,-1.8192124870531412
3,right_left,mean_ttc,rule_based,soft_hjb_aux,nan,nan,False,n/a,-7.368464138028193
4,stem_left,mean_ttc,rule_based,soft_hjb_aux,nan,nan,False,n/a,-0.7573024726231237
4,stem_right,mean_ttc,rule_based,soft_hjb_aux,nan,nan,False,n/a,-5.0235149408294095
1a,right_stem,mean_ttc,rule_based,eikonal_aux,nan,nan,False,n/a,-2.548119270107196
1a,stem_left,mean_ttc,rule_based,eikonal_aux,nan,nan,False,n/a,-3.6586316946039132
1a,stem_right,mean_ttc,rule_based,eikonal_aux,nan,nan,False,n/a,-5.476787445609781
1b,stem_left,mean_ttc,rule_based,eikonal_aux,nan,nan,False,n/a,-1.1982385960429631
1b,stem_right,mean_ttc,rule_based,eikonal_aux,nan,nan,False,n/a,-7.148736643065544
2,stem_left,mean_ttc,rule_based,eikonal_aux,nan,nan,False,n/a,-2.139791340064251
2,stem_right,mean_ttc,rule_based,eikonal_aux,nan,nan,False,n/a,-3.0577028378502757
2_dense,right_left,mean_ttc,rule_based,eikonal_aux,nan,nan,False,n/a,-5.318446808432952
3,left_right,mean_ttc,rule_based,eikonal_aux,nan,nan,False,n/a,-2.2497434360193846
3,right_left,mean_ttc,rule_based,eikonal_aux,nan,nan,False,n/a,-4.3744212295632074
4,stem_left,mean_ttc,rule_based,eikonal_aux,nan,nan,False,n/a,-1.6037586465474847
4,stem_right,mean_ttc,rule_based,eikonal_aux,nan,nan,False,n/a,-6.050992466898864
1a,right_stem,mean_ttc,rule_based,fusion_aux,nan,nan,False,n/a,-2.13342322066887
1a,stem_left,mean_ttc,rule_based,fusion_aux,nan,nan,False,n/a,-2.6692721855711
1a,stem_right,mean_ttc,rule_based,fusion_aux,nan,nan,False,n/a,-1.9882274742886639
1b,stem_left,mean_ttc,rule_based,fusion_aux,nan,nan,False,n/a,-8.559875635264998
1b,stem_right,mean_ttc,rule_based,fusion_aux,nan,nan,False,n/a,-9.048862873379704
2,stem_left,mean_ttc,rule_based,fusion_aux,nan,nan,False,n/a,-5.389147961958704
2,stem_right,mean_ttc,rule_based,fusion_aux,nan,nan,False,n/a,-8.202077747767564
2_dense,right_left,mean_ttc,rule_based,fusion_aux,nan,nan,False,n/a,-8.570011264523679
3,left_right,mean_ttc,rule_based,fusion_aux,nan,nan,False,n/a,-2.8036579269823165
3,right_left,mean_ttc,rule_based,fusion_aux,nan,nan,False,n/a,-4.671343058874948
4,stem_left,mean_ttc,rule_based,fusion_aux,nan,nan,False,n/a,-8.019864904933442
4,stem_right,mean_ttc,rule_based,fusion_aux,nan,nan,False,n/a,-4.401114697801215
1a,right_stem,mean_ttc,rule_based,cbf_aux,nan,nan,False,n/a,-0.01634903762707442
1a,stem_left,mean_ttc,rule_based,cbf_aux,nan,nan,False,n/a,0.6463907353878154
1a,stem_right,mean_ttc,rule_based,cbf_aux,nan,nan,False,n/a,-0.08363989769459308
1b,stem_left,mean_ttc,rule_based,cbf_aux,nan,nan,False,n/a,-2.8360338360851998
1b,stem_right,mean_ttc,rule_based,cbf_aux,nan,nan,False,n/a,-6.008028694672684
2,stem_left,mean_ttc,rule_based,cbf_aux,nan,nan,False,n/a,-3.2320035952450636
2,stem_right,mean_ttc,rule_based,cbf_aux,nan,nan,False,n/a,-3.443747613956876
2_dense,right_left,mean_ttc,rule_based,cbf_aux,nan,nan,False,n/a,-3.1504047926808956
3,left_right,mean_ttc,rule_based,cbf_aux,nan,nan,False,n/a,-1.9315673187494333
3,right_left,mean_ttc,rule_based,cbf_aux,nan,nan,False,n/a,-2.0976791027877835
4,stem_left,mean_ttc,rule_based,cbf_aux,nan,nan,False,n/a,-6.034683026122819
4,stem_right,mean_ttc,rule_based,cbf_aux,nan,nan,False,n/a,-3.5001835556922907
1a,right_stem,min_ttc,hjb_aux,soft_hjb_aux,nan,nan,False,n/a,1.3887209224445765
1a,stem_left,min_ttc,hjb_aux,soft_hjb_aux,nan,nan,False,n/a,-0.9011860043185852
1a,stem_right,min_ttc,hjb_aux,soft_hjb_aux,nan,nan,False,n/a,0.601909709763858
1b,stem_left,min_ttc,hjb_aux,soft_hjb_aux,nan,nan,False,n/a,-1.0544848409007257
1b,stem_right,min_ttc,hjb_aux,soft_hjb_aux,nan,nan,False,n/a,0.5546494475458009
2,stem_left,min_ttc,hjb_aux,soft_hjb_aux,nan,nan,False,n/a,-4.432108860988466
2,stem_right,min_ttc,hjb_aux,soft_hjb_aux,nan,nan,False,n/a,-0.5662191923223933
2_dense,right_left,min_ttc,hjb_aux,soft_hjb_aux,nan,nan,False,n/a,0.202019606812661
3,left_right,min_ttc,hjb_aux,soft_hjb_aux,nan,nan,False,n/a,1.0229189558011391
3,right_left,min_ttc,hjb_aux,soft_hjb_aux,nan,nan,False,n/a,-1.5900016560871109
4,stem_left,min_ttc,hjb_aux,soft_hjb_aux,nan,nan,False,n/a,-1.4634156768010005
4,stem_right,min_ttc,hjb_aux,soft_hjb_aux,nan,nan,False,n/a,0.3821469221704863
1a,right_stem,min_ttc,hjb_aux,eikonal_aux,nan,nan,False,n/a,5.763437138482348
1a,stem_left,min_ttc,hjb_aux,eikonal_aux,nan,nan,False,n/a,-4.021928580860898
1a,stem_right,min_ttc,hjb_aux,eikonal_aux,nan,nan,False,n/a,-4.010412702495319
1b,stem_left,min_ttc,hjb_aux,eikonal_aux,nan,nan,False,n/a,-1.5642639401862046
1b,stem_right,min_ttc,hjb_aux,eikonal_aux,nan,nan,False,n/a,-0.12040448650021564
2,stem_left,min_ttc,hjb_aux,eikonal_aux,nan,nan,False,n/a,-5.458956764934311
2,stem_right,min_ttc,hjb_aux,eikonal_aux,nan,nan,False,n/a,-1.7132644856889547
2_dense,right_left,min_ttc,hjb_aux,eikonal_aux,nan,nan,False,n/a,-0.7579174883667456
3,left_right,min_ttc,hjb_aux,eikonal_aux,nan,nan,False,n/a,-1.619848435760566
3,right_left,min_ttc,hjb_aux,eikonal_aux,nan,nan,False,n/a,-1.2084440676371664
4,stem_left,min_ttc,hjb_aux,eikonal_aux,nan,nan,False,n/a,-2.142193996503371
4,stem_right,min_ttc,hjb_aux,eikonal_aux,nan,nan,False,n/a,-1.4821405472991398
1a,right_stem,min_ttc,hjb_aux,fusion_aux,nan,nan,False,n/a,4.989999444247261
1a,stem_left,min_ttc,hjb_aux,fusion_aux,nan,nan,False,n/a,-2.535768800576966
1a,stem_right,min_ttc,hjb_aux,fusion_aux,nan,nan,False,n/a,-0.8623833477041406
1b,stem_left,min_ttc,hjb_aux,fusion_aux,nan,nan,False,n/a,-1.51978035340338
1b,stem_right,min_ttc,hjb_aux,fusion_aux,nan,nan,False,n/a,-0.44636803866135244
2,stem_left,min_ttc,hjb_aux,fusion_aux,nan,nan,False,n/a,-4.44859685373508
2,stem_right,min_ttc,hjb_aux,fusion_aux,nan,nan,False,n/a,-2.996171053531768
2_dense,right_left,min_ttc,hjb_aux,fusion_aux,nan,nan,False,n/a,-0.05375261970746051
3,left_right,min_ttc,hjb_aux,fusion_aux,nan,nan,False,n/a,-1.5031322597608576
3,right_left,min_ttc,hjb_aux,fusion_aux,nan,nan,False,n/a,-1.3523731706649247
4,stem_left,min_ttc,hjb_aux,fusion_aux,nan,nan,False,n/a,-3.322707760991518
4,stem_right,min_ttc,hjb_aux,fusion_aux,nan,nan,False,n/a,-1.4622716114183598
1a,right_stem,min_ttc,hjb_aux,cbf_aux,nan,nan,False,n/a,1.0212918558077138
1a,stem_left,min_ttc,hjb_aux,cbf_aux,nan,nan,False,n/a,-0.6107431833281747
1a,stem_right,min_ttc,hjb_aux,cbf_aux,nan,nan,False,n/a,-0.5023520700545538
1b,stem_left,min_ttc,hjb_aux,cbf_aux,nan,nan,False,n/a,0.44797301841850745
1b,stem_right,min_ttc,hjb_aux,cbf_aux,nan,nan,False,n/a,0.4113440233414867
2,stem_left,min_ttc,hjb_aux,cbf_aux,nan,nan,False,n/a,-0.6505321229970765
2,stem_right,min_ttc,hjb_aux,cbf_aux,nan,nan,False,n/a,-0.21212537164881015
2_dense,right_left,min_ttc,hjb_aux,cbf_aux,nan,nan,False,n/a,0.08317401952671775
3,left_right,min_ttc,hjb_aux,cbf_aux,nan,nan,False,n/a,-0.5905387123390308
3,right_left,min_ttc,hjb_aux,cbf_aux,nan,nan,False,n/a,-0.27048853881234997
4,stem_left,min_ttc,hjb_aux,cbf_aux,nan,nan,False,n/a,0.6201113378274797
4,stem_right,min_ttc,hjb_aux,cbf_aux,nan,nan,False,n/a,-0.005828312734306269
1a,right_stem,min_ttc,hjb_aux,rule_based,nan,nan,False,n/a,6.507587269991151
1a,stem_left,min_ttc,hjb_aux,rule_based,nan,nan,False,n/a,-2.7447971183398456
1a,stem_right,min_ttc,hjb_aux,rule_based,nan,nan,False,n/a,2.678780575612948
1b,stem_left,min_ttc,hjb_aux,rule_based,nan,nan,False,n/a,-4.371039023192058
1b,stem_right,min_ttc,hjb_aux,rule_based,nan,nan,False,n/a,2.921830048134713
2,stem_left,min_ttc,hjb_aux,rule_based,nan,nan,False,n/a,-3.5872758146527746
2,stem_right,min_ttc,hjb_aux,rule_based,nan,nan,False,n/a,3.1926369987069205
2_dense,right_left,min_ttc,hjb_aux,rule_based,nan,nan,False,n/a,0.3485751046491258
3,left_right,min_ttc,hjb_aux,rule_based,nan,nan,False,n/a,6.295048994884321
3,right_left,min_ttc,hjb_aux,rule_based,nan,nan,False,n/a,-2.0887444016510983
4,stem_left,min_ttc,hjb_aux,rule_based,nan,nan,False,n/a,0.0244838712526627
4,stem_right,min_ttc,hjb_aux,rule_based,nan,nan,False,n/a,3.8932985897225727
1a,right_stem,min_ttc,soft_hjb_aux,hjb_aux,nan,nan,False,n/a,-1.3887209224445765
1a,stem_left,min_ttc,soft_hjb_aux,hjb_aux,nan,nan,False,n/a,0.9011860043185852
1a,stem_right,min_ttc,soft_hjb_aux,hjb_aux,nan,nan,False,n/a,-0.601909709763858
1b,stem_left,min_ttc,soft_hjb_aux,hjb_aux,nan,nan,False,n/a,1.0544848409007257
1b,stem_right,min_ttc,soft_hjb_aux,hjb_aux,nan,nan,False,n/a,-0.5546494475458009
2,stem_left,min_ttc,soft_hjb_aux,hjb_aux,nan,nan,False,n/a,4.432108860988466
2,stem_right,min_ttc,soft_hjb_aux,hjb_aux,nan,nan,False,n/a,0.5662191923223933
2_dense,right_left,min_ttc,soft_hjb_aux,hjb_aux,nan,nan,False,n/a,-0.202019606812661
3,left_right,min_ttc,soft_hjb_aux,hjb_aux,nan,nan,False,n/a,-1.0229189558011391
3,right_left,min_ttc,soft_hjb_aux,hjb_aux,nan,nan,False,n/a,1.5900016560871109
4,stem_left,min_ttc,soft_hjb_aux,hjb_aux,nan,nan,False,n/a,1.4634156768010005
4,stem_right,min_ttc,soft_hjb_aux,hjb_aux,nan,nan,False,n/a,-0.3821469221704863
1a,right_stem,min_ttc,soft_hjb_aux,eikonal_aux,nan,nan,False,n/a,4.844040519891265
1a,stem_left,min_ttc,soft_hjb_aux,eikonal_aux,nan,nan,False,n/a,-3.4698318377492217
1a,stem_right,min_ttc,soft_hjb_aux,eikonal_aux,nan,nan,False,n/a,-4.551742087806808
1b,stem_left,min_ttc,soft_hjb_aux,eikonal_aux,nan,nan,False,n/a,-0.8971168682760527
1b,stem_right,min_ttc,soft_hjb_aux,eikonal_aux,nan,nan,False,n/a,-0.7549940184883537
2,stem_left,min_ttc,soft_hjb_aux,eikonal_aux,nan,nan,False,n/a,-2.6501095700051596
2,stem_right,min_ttc,soft_hjb_aux,eikonal_aux,nan,nan,False,n/a,-1.4116269439998557
2_dense,right_left,min_ttc,soft_hjb_aux,eikonal_aux,nan,nan,False,n/a,-0.9871659688453939
3,left_right,min_ttc,soft_hjb_aux,eikonal_aux,nan,nan,False,n/a,-2.543855394946592
3,right_left,min_ttc,soft_hjb_aux,eikonal_aux,nan,nan,False,n/a,-0.7944629147594852
4,stem_left,min_ttc,soft_hjb_aux,eikonal_aux,nan,nan,False,n/a,-1.451953605360748
4,stem_right,min_ttc,soft_hjb_aux,eikonal_aux,nan,nan,False,n/a,-2.096894293561272
1a,right_stem,min_ttc,soft_hjb_aux,fusion_aux,nan,nan,False,n/a,4.093482923850439
1a,stem_left,min_ttc,soft_hjb_aux,fusion_aux,nan,nan,False,n/a,-1.9167406839297165
1a,stem_right,min_ttc,soft_hjb_aux,fusion_aux,nan,nan,False,n/a,-1.3587655111288668
1b,stem_left,min_ttc,soft_hjb_aux,fusion_aux,nan,nan,False,n/a,-0.8363507144070633
1b,stem_right,min_ttc,soft_hjb_aux,fusion_aux,nan,nan,False,n/a,-1.1242098443637623
2,stem_left,min_ttc,soft_hjb_aux,fusion_aux,nan,nan,False,n/a,-1.8825659335679636
2,stem_right,min_ttc,soft_hjb_aux,fusion_aux,nan,nan,False,n/a,-2.4293242062850147
2_dense,right_left,min_ttc,soft_hjb_aux,fusion_aux,nan,nan,False,n/a,-0.343411791169423
3,left_right,min_ttc,soft_hjb_aux,fusion_aux,nan,nan,False,n/a,-2.721306257269661
3,right_left,min_ttc,soft_hjb_aux,fusion_aux,nan,nan,False,n/a,-0.9919472565018043
4,stem_left,min_ttc,soft_hjb_aux,fusion_aux,nan,nan,False,n/a,-3.0632853493133387
4,stem_right,min_ttc,soft_hjb_aux,fusion_aux,nan,nan,False,n/a,-2.0539047329082183
1a,right_stem,min_ttc,soft_hjb_aux,cbf_aux,nan,nan,False,n/a,0.22194973927008887
1a,stem_left,min_ttc,soft_hjb_aux,cbf_aux,nan,nan,False,n/a,0.3754094830702992
1a,stem_right,min_ttc,soft_hjb_aux,cbf_aux,nan,nan,False,n/a,-0.9589188732605064
1b,stem_left,min_ttc,soft_hjb_aux,cbf_aux,nan,nan,False,n/a,2.524441366371812
1b,stem_right,min_ttc,soft_hjb_aux,cbf_aux,nan,nan,False,n/a,0.002355611694140633
2,stem_left,min_ttc,soft_hjb_aux,cbf_aux,nan,nan,False,n/a,3.7609238346400806
2,stem_right,min_ttc,soft_hjb_aux,cbf_aux,nan,nan,False,n/a,0.30679858788424885
2_dense,right_left,min_ttc,soft_hjb_aux,cbf_aux,nan,nan,False,n/a,-0.055921343779147314
3,left_right,min_ttc,soft_hjb_aux,cbf_aux,nan,nan,False,n/a,-1.273765177013216
3,right_left,min_ttc,soft_hjb_aux,cbf_aux,nan,nan,False,n/a,1.1413894411918846
4,stem_left,min_ttc,soft_hjb_aux,cbf_aux,nan,nan,False,n/a,4.318235754735881
4,stem_right,min_ttc,soft_hjb_aux,cbf_aux,nan,nan,False,n/a,-0.34361432601027786
1a,right_stem,min_ttc,soft_hjb_aux,rule_based,nan,nan,False,n/a,5.5259298146359175
1a,stem_left,min_ttc,soft_hjb_aux,rule_based,nan,nan,False,n/a,0.12443844316277963
1a,stem_right,min_ttc,soft_hjb_aux,rule_based,nan,nan,False,n/a,2.1674380685134254
1b,stem_left,min_ttc,soft_hjb_aux,rule_based,nan,nan,False,n/a,-6.139922515462971
1b,stem_right,min_ttc,soft_hjb_aux,rule_based,nan,nan,False,n/a,4.716578536137908
2,stem_left,min_ttc,soft_hjb_aux,rule_based,nan,nan,False,n/a,3.265713304653536
2,stem_right,min_ttc,soft_hjb_aux,rule_based,nan,nan,False,n/a,3.9402151631445035
2_dense,right_left,min_ttc,soft_hjb_aux,rule_based,nan,nan,False,n/a,0.2910244676284185
3,left_right,min_ttc,soft_hjb_aux,rule_based,nan,nan,False,n/a,5.295672975914513
3,right_left,min_ttc,soft_hjb_aux,rule_based,nan,nan,False,n/a,-1.7213454282894425
4,stem_left,min_ttc,soft_hjb_aux,rule_based,nan,nan,False,n/a,3.8624417055325466
4,stem_right,min_ttc,soft_hjb_aux,rule_based,nan,nan,False,n/a,4.13893499775511
1a,right_stem,min_ttc,eikonal_aux,hjb_aux,nan,nan,False,n/a,-5.763437138482348
1a,stem_left,min_ttc,eikonal_aux,hjb_aux,nan,nan,False,n/a,4.021928580860898
1a,stem_right,min_ttc,eikonal_aux,hjb_aux,nan,nan,False,n/a,4.010412702495319
1b,stem_left,min_ttc,eikonal_aux,hjb_aux,nan,nan,False,n/a,1.5642639401862046
1b,stem_right,min_ttc,eikonal_aux,hjb_aux,nan,nan,False,n/a,0.12040448650021564
2,stem_left,min_ttc,eikonal_aux,hjb_aux,nan,nan,False,n/a,5.458956764934311
2,stem_right,min_ttc,eikonal_aux,hjb_aux,nan,nan,False,n/a,1.7132644856889547
2_dense,right_left,min_ttc,eikonal_aux,hjb_aux,nan,nan,False,n/a,0.7579174883667456
3,left_right,min_ttc,eikonal_aux,hjb_aux,nan,nan,False,n/a,1.619848435760566
3,right_left,min_ttc,eikonal_aux,hjb_aux,nan,nan,False,n/a,1.2084440676371664
4,stem_left,min_ttc,eikonal_aux,hjb_aux,nan,nan,False,n/a,2.142193996503371
4,stem_right,min_ttc,eikonal_aux,hjb_aux,nan,nan,False,n/a,1.4821405472991398
1a,right_stem,min_ttc,eikonal_aux,soft_hjb_aux,nan,nan,False,n/a,-4.844040519891265
1a,stem_left,min_ttc,eikonal_aux,soft_hjb_aux,nan,nan,False,n/a,3.4698318377492217
1a,stem_right,min_ttc,eikonal_aux,soft_hjb_aux,nan,nan,False,n/a,4.551742087806808
1b,stem_left,min_ttc,eikonal_aux,soft_hjb_aux,nan,nan,False,n/a,0.8971168682760527
1b,stem_right,min_ttc,eikonal_aux,soft_hjb_aux,nan,nan,False,n/a,0.7549940184883537
2,stem_left,min_ttc,eikonal_aux,soft_hjb_aux,nan,nan,False,n/a,2.6501095700051596
2,stem_right,min_ttc,eikonal_aux,soft_hjb_aux,nan,nan,False,n/a,1.4116269439998557
2_dense,right_left,min_ttc,eikonal_aux,soft_hjb_aux,nan,nan,False,n/a,0.9871659688453939
3,left_right,min_ttc,eikonal_aux,soft_hjb_aux,nan,nan,False,n/a,2.543855394946592
3,right_left,min_ttc,eikonal_aux,soft_hjb_aux,nan,nan,False,n/a,0.7944629147594852
4,stem_left,min_ttc,eikonal_aux,soft_hjb_aux,nan,nan,False,n/a,1.451953605360748
4,stem_right,min_ttc,eikonal_aux,soft_hjb_aux,nan,nan,False,n/a,2.096894293561272
1a,right_stem,min_ttc,eikonal_aux,fusion_aux,nan,nan,False,n/a,-0.36071676194413516
1a,stem_left,min_ttc,eikonal_aux,fusion_aux,nan,nan,False,n/a,1.602201750767155
1a,stem_right,min_ttc,eikonal_aux,fusion_aux,nan,nan,False,n/a,2.803221134990938
1b,stem_left,min_ttc,eikonal_aux,fusion_aux,nan,nan,False,n/a,0.0415743753248217
1b,stem_right,min_ttc,eikonal_aux,fusion_aux,nan,nan,False,n/a,-0.3454944735803656
2,stem_left,min_ttc,eikonal_aux,fusion_aux,nan,nan,False,n/a,0.5404696764973935
2,stem_right,min_ttc,eikonal_aux,fusion_aux,nan,nan,False,n/a,0.12928869385912894
2_dense,right_left,min_ttc,eikonal_aux,fusion_aux,nan,nan,False,n/a,0.7736555705096575
3,left_right,min_ttc,eikonal_aux,fusion_aux,nan,nan,False,n/a,0.46404292979878636
3,right_left,min_ttc,eikonal_aux,fusion_aux,nan,nan,False,n/a,-0.22846785859136284
4,stem_left,min_ttc,eikonal_aux,fusion_aux,nan,nan,False,n/a,-0.24020625841402518
4,stem_right,min_ttc,eikonal_aux,fusion_aux,nan,nan,False,n/a,-0.013238363967711858
1a,right_stem,min_ttc,eikonal_aux,cbf_aux,nan,nan,False,n/a,-2.9593078237212858
1a,stem_left,min_ttc,eikonal_aux,cbf_aux,nan,nan,False,n/a,3.7387092883789155
1a,stem_right,min_ttc,eikonal_aux,cbf_aux,nan,nan,False,n/a,2.9629459041359256
1b,stem_left,min_ttc,eikonal_aux,cbf_aux,nan,nan,False,n/a,2.805002267580338
1b,stem_right,min_ttc,eikonal_aux,cbf_aux,nan,nan,False,n/a,0.540717981074049
2,stem_left,min_ttc,eikonal_aux,cbf_aux,nan,nan,False,n/a,5.122792658596296
2,stem_right,min_ttc,eikonal_aux,cbf_aux,nan,nan,False,n/a,1.5483108735838498
2_dense,right_left,min_ttc,eikonal_aux,cbf_aux,nan,nan,False,n/a,0.7542436044542667
3,left_right,min_ttc,eikonal_aux,cbf_aux,nan,nan,False,n/a,0.6203511214551364
3,right_left,min_ttc,eikonal_aux,cbf_aux,nan,nan,False,n/a,1.0969415834521692
4,stem_left,min_ttc,eikonal_aux,cbf_aux,nan,nan,False,n/a,3.0080473932474963
4,stem_right,min_ttc,eikonal_aux,cbf_aux,nan,nan,False,n/a,1.301569682551085
1a,right_stem,min_ttc,eikonal_aux,rule_based,nan,nan,False,n/a,-0.03279306106782323
1a,stem_left,min_ttc,eikonal_aux,rule_based,nan,nan,False,n/a,3.7415904281914965
1a,stem_right,min_ttc,eikonal_aux,rule_based,nan,nan,False,n/a,6.1380710258759645
1b,stem_left,min_ttc,eikonal_aux,rule_based,nan,nan,False,n/a,-3.3185462963912986
1b,stem_right,min_ttc,eikonal_aux,rule_based,nan,nan,False,n/a,3.3566598824088283
2,stem_left,min_ttc,eikonal_aux,rule_based,nan,nan,False,n/a,4.805177178055471
2,stem_right,min_ttc,eikonal_aux,rule_based,nan,nan,False,n/a,3.2229739288907746
2_dense,right_left,min_ttc,eikonal_aux,rule_based,nan,nan,False,n/a,1.0819700898902511
3,left_right,min_ttc,eikonal_aux,rule_based,nan,nan,False,n/a,7.249322622145289
3,right_left,min_ttc,eikonal_aux,rule_based,nan,nan,False,n/a,0.6631184647847183
4,stem_left,min_ttc,eikonal_aux,rule_based,nan,nan,False,n/a,2.634762668744989
4,stem_right,min_ttc,eikonal_aux,rule_based,nan,nan,False,n/a,6.937332284226197
1a,right_stem,min_ttc,fusion_aux,hjb_aux,nan,nan,False,n/a,-4.989999444247261
1a,stem_left,min_ttc,fusion_aux,hjb_aux,nan,nan,False,n/a,2.535768800576966
1a,stem_right,min_ttc,fusion_aux,hjb_aux,nan,nan,False,n/a,0.8623833477041406
1b,stem_left,min_ttc,fusion_aux,hjb_aux,nan,nan,False,n/a,1.51978035340338
1b,stem_right,min_ttc,fusion_aux,hjb_aux,nan,nan,False,n/a,0.44636803866135244
2,stem_left,min_ttc,fusion_aux,hjb_aux,nan,nan,False,n/a,4.44859685373508
2,stem_right,min_ttc,fusion_aux,hjb_aux,nan,nan,False,n/a,2.996171053531768
2_dense,right_left,min_ttc,fusion_aux,hjb_aux,nan,nan,False,n/a,0.05375261970746051
3,left_right,min_ttc,fusion_aux,hjb_aux,nan,nan,False,n/a,1.5031322597608576
3,right_left,min_ttc,fusion_aux,hjb_aux,nan,nan,False,n/a,1.3523731706649247
4,stem_left,min_ttc,fusion_aux,hjb_aux,nan,nan,False,n/a,3.322707760991518
4,stem_right,min_ttc,fusion_aux,hjb_aux,nan,nan,False,n/a,1.4622716114183598
1a,right_stem,min_ttc,fusion_aux,soft_hjb_aux,nan,nan,False,n/a,-4.093482923850439
1a,stem_left,min_ttc,fusion_aux,soft_hjb_aux,nan,nan,False,n/a,1.9167406839297165
1a,stem_right,min_ttc,fusion_aux,soft_hjb_aux,nan,nan,False,n/a,1.3587655111288668
1b,stem_left,min_ttc,fusion_aux,soft_hjb_aux,nan,nan,False,n/a,0.8363507144070633
1b,stem_right,min_ttc,fusion_aux,soft_hjb_aux,nan,nan,False,n/a,1.1242098443637623
2,stem_left,min_ttc,fusion_aux,soft_hjb_aux,nan,nan,False,n/a,1.8825659335679636
2,stem_right,min_ttc,fusion_aux,soft_hjb_aux,nan,nan,False,n/a,2.4293242062850147
2_dense,right_left,min_ttc,fusion_aux,soft_hjb_aux,nan,nan,False,n/a,0.343411791169423
3,left_right,min_ttc,fusion_aux,soft_hjb_aux,nan,nan,False,n/a,2.721306257269661
3,right_left,min_ttc,fusion_aux,soft_hjb_aux,nan,nan,False,n/a,0.9919472565018043
4,stem_left,min_ttc,fusion_aux,soft_hjb_aux,nan,nan,False,n/a,3.0632853493133387
4,stem_right,min_ttc,fusion_aux,soft_hjb_aux,nan,nan,False,n/a,2.0539047329082183
1a,right_stem,min_ttc,fusion_aux,eikonal_aux,nan,nan,False,n/a,0.36071676194413516
1a,stem_left,min_ttc,fusion_aux,eikonal_aux,nan,nan,False,n/a,-1.602201750767155
1a,stem_right,min_ttc,fusion_aux,eikonal_aux,nan,nan,False,n/a,-2.803221134990938
1b,stem_left,min_ttc,fusion_aux,eikonal_aux,nan,nan,False,n/a,-0.0415743753248217
1b,stem_right,min_ttc,fusion_aux,eikonal_aux,nan,nan,False,n/a,0.3454944735803656
2,stem_left,min_ttc,fusion_aux,eikonal_aux,nan,nan,False,n/a,-0.5404696764973935
2,stem_right,min_ttc,fusion_aux,eikonal_aux,nan,nan,False,n/a,-0.12928869385912894
2_dense,right_left,min_ttc,fusion_aux,eikonal_aux,nan,nan,False,n/a,-0.7736555705096575
3,left_right,min_ttc,fusion_aux,eikonal_aux,nan,nan,False,n/a,-0.46404292979878636
3,right_left,min_ttc,fusion_aux,eikonal_aux,nan,nan,False,n/a,0.22846785859136284
4,stem_left,min_ttc,fusion_aux,eikonal_aux,nan,nan,False,n/a,0.24020625841402518
4,stem_right,min_ttc,fusion_aux,eikonal_aux,nan,nan,False,n/a,0.013238363967711858
1a,right_stem,min_ttc,fusion_aux,cbf_aux,nan,nan,False,n/a,-2.5833442736262113
1a,stem_left,min_ttc,fusion_aux,cbf_aux,nan,nan,False,n/a,2.2116039258077103
1a,stem_right,min_ttc,fusion_aux,cbf_aux,nan,nan,False,n/a,0.27256180277175635
1b,stem_left,min_ttc,fusion_aux,cbf_aux,nan,nan,False,n/a,2.7205105658878024
1b,stem_right,min_ttc,fusion_aux,cbf_aux,nan,nan,False,n/a,0.833302666457316
2,stem_left,min_ttc,fusion_aux,cbf_aux,nan,nan,False,n/a,4.158634289786061
2,stem_right,min_ttc,fusion_aux,cbf_aux,nan,nan,False,n/a,2.5290979216201084
2_dense,right_left,min_ttc,fusion_aux,cbf_aux,nan,nan,False,n/a,0.13488420795025086
3,left_right,min_ttc,fusion_aux,cbf_aux,nan,nan,False,n/a,0.3475662232421582
3,right_left,min_ttc,fusion_aux,cbf_aux,nan,nan,False,n/a,1.2547005511873643
4,stem_left,min_ttc,fusion_aux,cbf_aux,nan,nan,False,n/a,6.023638292572618
4,stem_right,min_ttc,fusion_aux,cbf_aux,nan,nan,False,n/a,1.2902258434901173
1a,right_stem,min_ttc,fusion_aux,rule_based,nan,nan,False,n/a,0.36187857456493305
1a,stem_left,min_ttc,fusion_aux,rule_based,nan,nan,False,n/a,2.1740669317924612
1a,stem_right,min_ttc,fusion_aux,rule_based,nan,nan,False,n/a,2.9417391463467144
1b,stem_left,min_ttc,fusion_aux,rule_based,nan,nan,False,n/a,-3.3231256779613525
1b,stem_right,min_ttc,fusion_aux,rule_based,nan,nan,False,n/a,3.5270495637184203
2,stem_left,min_ttc,fusion_aux,rule_based,nan,nan,False,n/a,3.8240438579870966
2,stem_right,min_ttc,fusion_aux,rule_based,nan,nan,False,n/a,7.184188806499771
2_dense,right_left,min_ttc,fusion_aux,rule_based,nan,nan,False,n/a,0.5407415381690048
3,left_right,min_ttc,fusion_aux,rule_based,nan,nan,False,n/a,9.87247094872281
3,right_left,min_ttc,fusion_aux,rule_based,nan,nan,False,n/a,0.8780160075063501
4,stem_left,min_ttc,fusion_aux,rule_based,nan,nan,False,n/a,5.677377188774267
4,stem_right,min_ttc,fusion_aux,rule_based,nan,nan,False,n/a,6.6364720746965995
1a,right_stem,min_ttc,cbf_aux,hjb_aux,nan,nan,False,n/a,-1.0212918558077138
1a,stem_left,min_ttc,cbf_aux,hjb_aux,nan,nan,False,n/a,0.6107431833281747
1a,stem_right,min_ttc,cbf_aux,hjb_aux,nan,nan,False,n/a,0.5023520700545538
1b,stem_left,min_ttc,cbf_aux,hjb_aux,nan,nan,False,n/a,-0.44797301841850745
1b,stem_right,min_ttc,cbf_aux,hjb_aux,nan,nan,False,n/a,-0.4113440233414867
2,stem_left,min_ttc,cbf_aux,hjb_aux,nan,nan,False,n/a,0.6505321229970765
2,stem_right,min_ttc,cbf_aux,hjb_aux,nan,nan,False,n/a,0.21212537164881015
2_dense,right_left,min_ttc,cbf_aux,hjb_aux,nan,nan,False,n/a,-0.08317401952671775
3,left_right,min_ttc,cbf_aux,hjb_aux,nan,nan,False,n/a,0.5905387123390308
3,right_left,min_ttc,cbf_aux,hjb_aux,nan,nan,False,n/a,0.27048853881234997
4,stem_left,min_ttc,cbf_aux,hjb_aux,nan,nan,False,n/a,-0.6201113378274797
4,stem_right,min_ttc,cbf_aux,hjb_aux,nan,nan,False,n/a,0.005828312734306269
1a,right_stem,min_ttc,cbf_aux,soft_hjb_aux,nan,nan,False,n/a,-0.22194973927008887
1a,stem_left,min_ttc,cbf_aux,soft_hjb_aux,nan,nan,False,n/a,-0.3754094830702992
1a,stem_right,min_ttc,cbf_aux,soft_hjb_aux,nan,nan,False,n/a,0.9589188732605064
1b,stem_left,min_ttc,cbf_aux,soft_hjb_aux,nan,nan,False,n/a,-2.524441366371812
1b,stem_right,min_ttc,cbf_aux,soft_hjb_aux,nan,nan,False,n/a,-0.002355611694140633
2,stem_left,min_ttc,cbf_aux,soft_hjb_aux,nan,nan,False,n/a,-3.7609238346400806
2,stem_right,min_ttc,cbf_aux,soft_hjb_aux,nan,nan,False,n/a,-0.30679858788424885
2_dense,right_left,min_ttc,cbf_aux,soft_hjb_aux,nan,nan,False,n/a,0.055921343779147314
3,left_right,min_ttc,cbf_aux,soft_hjb_aux,nan,nan,False,n/a,1.273765177013216
3,right_left,min_ttc,cbf_aux,soft_hjb_aux,nan,nan,False,n/a,-1.1413894411918846
4,stem_left,min_ttc,cbf_aux,soft_hjb_aux,nan,nan,False,n/a,-4.318235754735881
4,stem_right,min_ttc,cbf_aux,soft_hjb_aux,nan,nan,False,n/a,0.34361432601027786
1a,right_stem,min_ttc,cbf_aux,eikonal_aux,nan,nan,False,n/a,2.9593078237212858
1a,stem_left,min_ttc,cbf_aux,eikonal_aux,nan,nan,False,n/a,-3.7387092883789155
1a,stem_right,min_ttc,cbf_aux,eikonal_aux,nan,nan,False,n/a,-2.9629459041359256
1b,stem_left,min_ttc,cbf_aux,eikonal_aux,nan,nan,False,n/a,-2.805002267580338
1b,stem_right,min_ttc,cbf_aux,eikonal_aux,nan,nan,False,n/a,-0.540717981074049
2,stem_left,min_ttc,cbf_aux,eikonal_aux,nan,nan,False,n/a,-5.122792658596296
2,stem_right,min_ttc,cbf_aux,eikonal_aux,nan,nan,False,n/a,-1.5483108735838498
2_dense,right_left,min_ttc,cbf_aux,eikonal_aux,nan,nan,False,n/a,-0.7542436044542667
3,left_right,min_ttc,cbf_aux,eikonal_aux,nan,nan,False,n/a,-0.6203511214551364
3,right_left,min_ttc,cbf_aux,eikonal_aux,nan,nan,False,n/a,-1.0969415834521692
4,stem_left,min_ttc,cbf_aux,eikonal_aux,nan,nan,False,n/a,-3.0080473932474963
4,stem_right,min_ttc,cbf_aux,eikonal_aux,nan,nan,False,n/a,-1.301569682551085
1a,right_stem,min_ttc,cbf_aux,fusion_aux,nan,nan,False,n/a,2.5833442736262113
1a,stem_left,min_ttc,cbf_aux,fusion_aux,nan,nan,False,n/a,-2.2116039258077103
1a,stem_right,min_ttc,cbf_aux,fusion_aux,nan,nan,False,n/a,-0.27256180277175635
1b,stem_left,min_ttc,cbf_aux,fusion_aux,nan,nan,False,n/a,-2.7205105658878024
1b,stem_right,min_ttc,cbf_aux,fusion_aux,nan,nan,False,n/a,-0.833302666457316
2,stem_left,min_ttc,cbf_aux,fusion_aux,nan,nan,False,n/a,-4.158634289786061
2,stem_right,min_ttc,cbf_aux,fusion_aux,nan,nan,False,n/a,-2.5290979216201084
2_dense,right_left,min_ttc,cbf_aux,fusion_aux,nan,nan,False,n/a,-0.13488420795025086
3,left_right,min_ttc,cbf_aux,fusion_aux,nan,nan,False,n/a,-0.3475662232421582
3,right_left,min_ttc,cbf_aux,fusion_aux,nan,nan,False,n/a,-1.2547005511873643
4,stem_left,min_ttc,cbf_aux,fusion_aux,nan,nan,False,n/a,-6.023638292572618
4,stem_right,min_ttc,cbf_aux,fusion_aux,nan,nan,False,n/a,-1.2902258434901173
1a,right_stem,min_ttc,cbf_aux,rule_based,nan,nan,False,n/a,3.100947994709663
1a,stem_left,min_ttc,cbf_aux,rule_based,nan,nan,False,n/a,-0.4635823476772875
1a,stem_right,min_ttc,cbf_aux,rule_based,nan,nan,False,n/a,2.4191752017400554
1b,stem_left,min_ttc,cbf_aux,rule_based,nan,nan,False,n/a,-9.082798874043144
1b,stem_right,min_ttc,cbf_aux,rule_based,nan,nan,False,n/a,2.0973400601381518
2,stem_left,min_ttc,cbf_aux,rule_based,nan,nan,False,n/a,-1.573429602137841
2,stem_right,min_ttc,cbf_aux,rule_based,nan,nan,False,n/a,3.0432994672950673
2_dense,right_left,min_ttc,cbf_aux,rule_based,nan,nan,False,n/a,0.1663820787931853
3,left_right,min_ttc,cbf_aux,rule_based,nan,nan,False,n/a,4.396513296028111
3,right_left,min_ttc,cbf_aux,rule_based,nan,nan,False,n/a,-1.6030210412358585
4,stem_left,min_ttc,cbf_aux,rule_based,nan,nan,False,n/a,-1.8190761140287586
4,stem_right,min_ttc,cbf_aux,rule_based,nan,nan,False,n/a,3.263044567420333
1a,right_stem,min_ttc,rule_based,hjb_aux,nan,nan,False,n/a,-6.507587269991151
1a,stem_left,min_ttc,rule_based,hjb_aux,nan,nan,False,n/a,2.7447971183398456
1a,stem_right,min_ttc,rule_based,hjb_aux,nan,nan,False,n/a,-2.678780575612948
1b,stem_left,min_ttc,rule_based,hjb_aux,nan,nan,False,n/a,4.371039023192058
1b,stem_right,min_ttc,rule_based,hjb_aux,nan,nan,False,n/a,-2.921830048134713
2,stem_left,min_ttc,rule_based,hjb_aux,nan,nan,False,n/a,3.5872758146527746
2,stem_right,min_ttc,rule_based,hjb_aux,nan,nan,False,n/a,-3.1926369987069205
2_dense,right_left,min_ttc,rule_based,hjb_aux,nan,nan,False,n/a,-0.3485751046491258
3,left_right,min_ttc,rule_based,hjb_aux,nan,nan,False,n/a,-6.295048994884321
3,right_left,min_ttc,rule_based,hjb_aux,nan,nan,False,n/a,2.0887444016510983
4,stem_left,min_ttc,rule_based,hjb_aux,nan,nan,False,n/a,-0.0244838712526627
4,stem_right,min_ttc,rule_based,hjb_aux,nan,nan,False,n/a,-3.8932985897225727
1a,right_stem,min_ttc,rule_based,soft_hjb_aux,nan,nan,False,n/a,-5.5259298146359175
1a,stem_left,min_ttc,rule_based,soft_hjb_aux,nan,nan,False,n/a,-0.12443844316277963
1a,stem_right,min_ttc,rule_based,soft_hjb_aux,nan,nan,False,n/a,-2.1674380685134254
1b,stem_left,min_ttc,rule_based,soft_hjb_aux,nan,nan,False,n/a,6.139922515462971
1b,stem_right,min_ttc,rule_based,soft_hjb_aux,nan,nan,False,n/a,-4.716578536137908
2,stem_left,min_ttc,rule_based,soft_hjb_aux,nan,nan,False,n/a,-3.265713304653536
2,stem_right,min_ttc,rule_based,soft_hjb_aux,nan,nan,False,n/a,-3.9402151631445035
2_dense,right_left,min_ttc,rule_based,soft_hjb_aux,nan,nan,False,n/a,-0.2910244676284185
3,left_right,min_ttc,rule_based,soft_hjb_aux,nan,nan,False,n/a,-5.295672975914513
3,right_left,min_ttc,rule_based,soft_hjb_aux,nan,nan,False,n/a,1.7213454282894425
4,stem_left,min_ttc,rule_based,soft_hjb_aux,nan,nan,False,n/a,-3.8624417055325466
4,stem_right,min_ttc,rule_based,soft_hjb_aux,nan,nan,False,n/a,-4.13893499775511
1a,right_stem,min_ttc,rule_based,eikonal_aux,nan,nan,False,n/a,0.03279306106782323
1a,stem_left,min_ttc,rule_based,eikonal_aux,nan,nan,False,n/a,-3.7415904281914965
1a,stem_right,min_ttc,rule_based,eikonal_aux,nan,nan,False,n/a,-6.1380710258759645
1b,stem_left,min_ttc,rule_based,eikonal_aux,nan,nan,False,n/a,3.3185462963912986
1b,stem_right,min_ttc,rule_based,eikonal_aux,nan,nan,False,n/a,-3.3566598824088283
2,stem_left,min_ttc,rule_based,eikonal_aux,nan,nan,False,n/a,-4.805177178055471
2,stem_right,min_ttc,rule_based,eikonal_aux,nan,nan,False,n/a,-3.2229739288907746
2_dense,right_left,min_ttc,rule_based,eikonal_aux,nan,nan,False,n/a,-1.0819700898902511
3,left_right,min_ttc,rule_based,eikonal_aux,nan,nan,False,n/a,-7.249322622145289
3,right_left,min_ttc,rule_based,eikonal_aux,nan,nan,False,n/a,-0.6631184647847183
4,stem_left,min_ttc,rule_based,eikonal_aux,nan,nan,False,n/a,-2.634762668744989
4,stem_right,min_ttc,rule_based,eikonal_aux,nan,nan,False,n/a,-6.937332284226197
1a,right_stem,min_ttc,rule_based,fusion_aux,nan,nan,False,n/a,-0.36187857456493305
1a,stem_left,min_ttc,rule_based,fusion_aux,nan,nan,False,n/a,-2.1740669317924612
1a,stem_right,min_ttc,rule_based,fusion_aux,nan,nan,False,n/a,-2.9417391463467144
1b,stem_left,min_ttc,rule_based,fusion_aux,nan,nan,False,n/a,3.3231256779613525
1b,stem_right,min_ttc,rule_based,fusion_aux,nan,nan,False,n/a,-3.5270495637184203
2,stem_left,min_ttc,rule_based,fusion_aux,nan,nan,False,n/a,-3.8240438579870966
2,stem_right,min_ttc,rule_based,fusion_aux,nan,nan,False,n/a,-7.184188806499771
2_dense,right_left,min_ttc,rule_based,fusion_aux,nan,nan,False,n/a,-0.5407415381690048
3,left_right,min_ttc,rule_based,fusion_aux,nan,nan,False,n/a,-9.87247094872281
3,right_left,min_ttc,rule_based,fusion_aux,nan,nan,False,n/a,-0.8780160075063501
4,stem_left,min_ttc,rule_based,fusion_aux,nan,nan,False,n/a,-5.677377188774267
4,stem_right,min_ttc,rule_based,fusion_aux,nan,nan,False,n/a,-6.6364720746965995
1a,right_stem,min_ttc,rule_based,cbf_aux,nan,nan,False,n/a,-3.100947994709663
1a,stem_left,min_ttc,rule_based,cbf_aux,nan,nan,False,n/a,0.4635823476772875
1a,stem_right,min_ttc,rule_based,cbf_aux,nan,nan,False,n/a,-2.4191752017400554
1b,stem_left,min_ttc,rule_based,cbf_aux,nan,nan,False,n/a,9.082798874043144
1b,stem_right,min_ttc,rule_based,cbf_aux,nan,nan,False,n/a,-2.0973400601381518
2,stem_left,min_ttc,rule_based,cbf_aux,nan,nan,False,n/a,1.573429602137841
2,stem_right,min_ttc,rule_based,cbf_aux,nan,nan,False,n/a,-3.0432994672950673
2_dense,right_left,min_ttc,rule_based,cbf_aux,nan,nan,False,n/a,-0.1663820787931853
3,left_right,min_ttc,rule_based,cbf_aux,nan,nan,False,n/a,-4.396513296028111
3,right_left,min_ttc,rule_based,cbf_aux,nan,nan,False,n/a,1.6030210412358585
4,stem_left,min_ttc,rule_based,cbf_aux,nan,nan,False,n/a,1.8190761140287586
4,stem_right,min_ttc,rule_based,cbf_aux,nan,nan,False,n/a,-3.263044567420333
1a,right_stem,ttc_p10_mean,hjb_aux,soft_hjb_aux,nan,nan,False,n/a,-0.1232524780950753
1a,stem_left,ttc_p10_mean,hjb_aux,soft_hjb_aux,nan,nan,False,n/a,-0.9109265430708494
1a,stem_right,ttc_p10_mean,hjb_aux,soft_hjb_aux,nan,nan,False,n/a,0.4654021419745238
1b,stem_left,ttc_p10_mean,hjb_aux,soft_hjb_aux,nan,nan,False,n/a,-1.8899785882993192
1b,stem_right,ttc_p10_mean,hjb_aux,soft_hjb_aux,nan,nan,False,n/a,0.6772685098621323
2,stem_left,ttc_p10_mean,hjb_aux,soft_hjb_aux,nan,nan,False,n/a,-4.951416021237426
2,stem_right,ttc_p10_mean,hjb_aux,soft_hjb_aux,nan,nan,False,n/a,0.7962883994989025
2_dense,right_left,ttc_p10_mean,hjb_aux,soft_hjb_aux,nan,nan,False,n/a,0.034756860377509476
3,left_right,ttc_p10_mean,hjb_aux,soft_hjb_aux,nan,nan,False,n/a,1.0556474003493823
3,right_left,ttc_p10_mean,hjb_aux,soft_hjb_aux,nan,nan,False,n/a,-1.7074300304474235
4,stem_left,ttc_p10_mean,hjb_aux,soft_hjb_aux,nan,nan,False,n/a,-1.4380232308368446
4,stem_right,ttc_p10_mean,hjb_aux,soft_hjb_aux,nan,nan,False,n/a,0.30569170230053216
1a,right_stem,ttc_p10_mean,hjb_aux,eikonal_aux,nan,nan,False,n/a,-3.784307025858261
1a,stem_left,ttc_p10_mean,hjb_aux,eikonal_aux,nan,nan,False,n/a,-5.225604175213679
1a,stem_right,ttc_p10_mean,hjb_aux,eikonal_aux,nan,nan,False,n/a,-5.897980520234737
1b,stem_left,ttc_p10_mean,hjb_aux,eikonal_aux,nan,nan,False,n/a,-2.463065621018699
1b,stem_right,ttc_p10_mean,hjb_aux,eikonal_aux,nan,nan,False,n/a,-0.16089859801680037
2,stem_left,ttc_p10_mean,hjb_aux,eikonal_aux,nan,nan,False,n/a,-6.130262164026579
2,stem_right,ttc_p10_mean,hjb_aux,eikonal_aux,nan,nan,False,n/a,-1.0783924299892362
2_dense,right_left,ttc_p10_mean,hjb_aux,eikonal_aux,nan,nan,False,n/a,-0.7112114164123295
3,left_right,ttc_p10_mean,hjb_aux,eikonal_aux,nan,nan,False,n/a,-2.104768053323803
3,right_left,ttc_p10_mean,hjb_aux,eikonal_aux,nan,nan,False,n/a,-1.7909919107850827
4,stem_left,ttc_p10_mean,hjb_aux,eikonal_aux,nan,nan,False,n/a,-2.100647887937223
4,stem_right,ttc_p10_mean,hjb_aux,eikonal_aux,nan,nan,False,n/a,-2.799532975879581
1a,right_stem,ttc_p10_mean,hjb_aux,fusion_aux,nan,nan,False,n/a,-1.808593198639802
1a,stem_left,ttc_p10_mean,hjb_aux,fusion_aux,nan,nan,False,n/a,-2.8820159198284343
1a,stem_right,ttc_p10_mean,hjb_aux,fusion_aux,nan,nan,False,n/a,-1.4899830602822528
1b,stem_left,ttc_p10_mean,hjb_aux,fusion_aux,nan,nan,False,n/a,-2.283763490300743
1b,stem_right,ttc_p10_mean,hjb_aux,fusion_aux,nan,nan,False,n/a,-0.42332317959115795
2,stem_left,ttc_p10_mean,hjb_aux,fusion_aux,nan,nan,False,n/a,-4.835567735735924
2,stem_right,ttc_p10_mean,hjb_aux,fusion_aux,nan,nan,False,n/a,-0.8520104578853448
2_dense,right_left,ttc_p10_mean,hjb_aux,fusion_aux,nan,nan,False,n/a,-0.1933882894492208
3,left_right,ttc_p10_mean,hjb_aux,fusion_aux,nan,nan,False,n/a,-1.9797135611137884
3,right_left,ttc_p10_mean,hjb_aux,fusion_aux,nan,nan,False,n/a,-1.6828552350045403
4,stem_left,ttc_p10_mean,hjb_aux,fusion_aux,nan,nan,False,n/a,-2.630634472853855
4,stem_right,ttc_p10_mean,hjb_aux,fusion_aux,nan,nan,False,n/a,-2.2279460550720644
1a,right_stem,ttc_p10_mean,hjb_aux,cbf_aux,nan,nan,False,n/a,-0.954675062778701
1a,stem_left,ttc_p10_mean,hjb_aux,cbf_aux,nan,nan,False,n/a,-0.8766975974274166
1a,stem_right,ttc_p10_mean,hjb_aux,cbf_aux,nan,nan,False,n/a,-0.7952226550706113
1b,stem_left,ttc_p10_mean,hjb_aux,cbf_aux,nan,nan,False,n/a,0.45550589477060427
1b,stem_right,ttc_p10_mean,hjb_aux,cbf_aux,nan,nan,False,n/a,0.3455528312618205
2,stem_left,ttc_p10_mean,hjb_aux,cbf_aux,nan,nan,False,n/a,-0.6840166534280314
2,stem_right,ttc_p10_mean,hjb_aux,cbf_aux,nan,nan,False,n/a,0.0011196772387776501
2_dense,right_left,ttc_p10_mean,hjb_aux,cbf_aux,nan,nan,False,n/a,0.06765277584216046
3,left_right,ttc_p10_mean,hjb_aux,cbf_aux,nan,nan,False,n/a,-0.7643495568052487
3,right_left,ttc_p10_mean,hjb_aux,cbf_aux,nan,nan,False,n/a,-0.3923602998865012
4,stem_left,ttc_p10_mean,hjb_aux,cbf_aux,nan,nan,False,n/a,0.35840156550005403
4,stem_right,ttc_p10_mean,hjb_aux,cbf_aux,nan,nan,False,n/a,-0.3199966836564439
1a,right_stem,ttc_p10_mean,hjb_aux,rule_based,nan,nan,False,n/a,-17.4458077230171
1a,stem_left,ttc_p10_mean,hjb_aux,rule_based,nan,nan,False,n/a,-13.614768150354664
1a,stem_right,ttc_p10_mean,hjb_aux,rule_based,nan,nan,False,n/a,-4.888440813599198
1b,stem_left,ttc_p10_mean,hjb_aux,rule_based,nan,nan,False,n/a,-2.0716137211186085
1b,stem_right,ttc_p10_mean,hjb_aux,rule_based,nan,nan,False,n/a,3.0233780957538037
2,stem_left,ttc_p10_mean,hjb_aux,rule_based,nan,nan,False,n/a,-5.915240625365288
2,stem_right,ttc_p10_mean,hjb_aux,rule_based,nan,nan,False,n/a,2.3263226367130945
2_dense,right_left,ttc_p10_mean,hjb_aux,rule_based,nan,nan,False,n/a,-0.08587307992591482
3,left_right,ttc_p10_mean,hjb_aux,rule_based,nan,nan,False,n/a,7.217063108304404
3,right_left,ttc_p10_mean,hjb_aux,rule_based,nan,nan,False,n/a,-1.3405875756431205
4,stem_left,ttc_p10_mean,hjb_aux,rule_based,nan,nan,False,n/a,-0.34042111408280623
4,stem_right,ttc_p10_mean,hjb_aux,rule_based,nan,nan,False,n/a,3.1516397693510507
1a,right_stem,ttc_p10_mean,soft_hjb_aux,hjb_aux,nan,nan,False,n/a,0.1232524780950753
1a,stem_left,ttc_p10_mean,soft_hjb_aux,hjb_aux,nan,nan,False,n/a,0.9109265430708494
1a,stem_right,ttc_p10_mean,soft_hjb_aux,hjb_aux,nan,nan,False,n/a,-0.4654021419745238
1b,stem_left,ttc_p10_mean,soft_hjb_aux,hjb_aux,nan,nan,False,n/a,1.8899785882993192
1b,stem_right,ttc_p10_mean,soft_hjb_aux,hjb_aux,nan,nan,False,n/a,-0.6772685098621323
2,stem_left,ttc_p10_mean,soft_hjb_aux,hjb_aux,nan,nan,False,n/a,4.951416021237426
2,stem_right,ttc_p10_mean,soft_hjb_aux,hjb_aux,nan,nan,False,n/a,-0.7962883994989025
2_dense,right_left,ttc_p10_mean,soft_hjb_aux,hjb_aux,nan,nan,False,n/a,-0.034756860377509476
3,left_right,ttc_p10_mean,soft_hjb_aux,hjb_aux,nan,nan,False,n/a,-1.0556474003493823
3,right_left,ttc_p10_mean,soft_hjb_aux,hjb_aux,nan,nan,False,n/a,1.7074300304474235
4,stem_left,ttc_p10_mean,soft_hjb_aux,hjb_aux,nan,nan,False,n/a,1.4380232308368446
4,stem_right,ttc_p10_mean,soft_hjb_aux,hjb_aux,nan,nan,False,n/a,-0.30569170230053216
1a,right_stem,ttc_p10_mean,soft_hjb_aux,eikonal_aux,nan,nan,False,n/a,-3.7840215921362437
1a,stem_left,ttc_p10_mean,soft_hjb_aux,eikonal_aux,nan,nan,False,n/a,-3.920968985399601
1a,stem_right,ttc_p10_mean,soft_hjb_aux,eikonal_aux,nan,nan,False,n/a,-6.275659476472178
1b,stem_left,ttc_p10_mean,soft_hjb_aux,eikonal_aux,nan,nan,False,n/a,-1.3680545039405532
1b,stem_right,ttc_p10_mean,soft_hjb_aux,eikonal_aux,nan,nan,False,n/a,-1.0726447723193366
2,stem_left,ttc_p10_mean,soft_hjb_aux,eikonal_aux,nan,nan,False,n/a,-2.112774092557534
2,stem_right,ttc_p10_mean,soft_hjb_aux,eikonal_aux,nan,nan,False,n/a,-1.687081683468059
2_dense,right_left,ttc_p10_mean,soft_hjb_aux,eikonal_aux,nan,nan,False,n/a,-1.2313604197413432
3,left_right,ttc_p10_mean,soft_hjb_aux,eikonal_aux,nan,nan,False,n/a,-2.8375741440557176
3,right_left,ttc_p10_mean,soft_hjb_aux,eikonal_aux,nan,nan,False,n/a,-0.8522954882800508
4,stem_left,ttc_p10_mean,soft_hjb_aux,eikonal_aux,nan,nan,False,n/a,-1.252223677776928
4,stem_right,ttc_p10_mean,soft_hjb_aux,eikonal_aux,nan,nan,False,n/a,-3.257315257357522
1a,right_stem,ttc_p10_mean,soft_hjb_aux,fusion_aux,nan,nan,False,n/a,-1.800742211858397
1a,stem_left,ttc_p10_mean,soft_hjb_aux,fusion_aux,nan,nan,False,n/a,-1.8988405202036296
1a,stem_right,ttc_p10_mean,soft_hjb_aux,fusion_aux,nan,nan,False,n/a,-1.688958958936733
1b,stem_left,ttc_p10_mean,soft_hjb_aux,fusion_aux,nan,nan,False,n/a,-0.9817305816198255
1b,stem_right,ttc_p10_mean,soft_hjb_aux,fusion_aux,nan,nan,False,n/a,-1.333216080230471
2,stem_left,ttc_p10_mean,soft_hjb_aux,fusion_aux,nan,nan,False,n/a,-0.9964579125650348
2,stem_right,ttc_p10_mean,soft_hjb_aux,fusion_aux,nan,nan,False,n/a,-2.044229621865243
2_dense,right_left,ttc_p10_mean,soft_hjb_aux,fusion_aux,nan,nan,False,n/a,-0.6003960070315053
3,left_right,ttc_p10_mean,soft_hjb_aux,fusion_aux,nan,nan,False,n/a,-2.8896962545465765
3,right_left,ttc_p10_mean,soft_hjb_aux,fusion_aux,nan,nan,False,n/a,-0.7119128491459444
4,stem_left,ttc_p10_mean,soft_hjb_aux,fusion_aux,nan,nan,False,n/a,-2.2139823485152115
4,stem_right,ttc_p10_mean,soft_hjb_aux,fusion_aux,nan,nan,False,n/a,-2.6480183872397953
1a,right_stem,ttc_p10_mean,soft_hjb_aux,cbf_aux,nan,nan,False,n/a,-0.9418609563362415
1a,stem_left,ttc_p10_mean,soft_hjb_aux,cbf_aux,nan,nan,False,n/a,0.2695481285503127
1a,stem_right,ttc_p10_mean,soft_hjb_aux,cbf_aux,nan,nan,False,n/a,-1.0376654039358308
1b,stem_left,ttc_p10_mean,soft_hjb_aux,cbf_aux,nan,nan,False,n/a,4.259227601384052
1b,stem_right,ttc_p10_mean,soft_hjb_aux,cbf_aux,nan,nan,False,n/a,-0.18200305583943988
2,stem_left,ttc_p10_mean,soft_hjb_aux,cbf_aux,nan,nan,False,n/a,3.6135128073717646
2,stem_right,ttc_p10_mean,soft_hjb_aux,cbf_aux,nan,nan,False,n/a,-0.84088308317748
2_dense,right_left,ttc_p10_mean,soft_hjb_aux,cbf_aux,nan,nan,False,n/a,0.05726692480967324
3,left_right,ttc_p10_mean,soft_hjb_aux,cbf_aux,nan,nan,False,n/a,-1.4909540629434501
3,right_left,ttc_p10_mean,soft_hjb_aux,cbf_aux,nan,nan,False,n/a,1.3098004940006989
4,stem_left,ttc_p10_mean,soft_hjb_aux,cbf_aux,nan,nan,False,n/a,3.4712613481566468
4,stem_right,ttc_p10_mean,soft_hjb_aux,cbf_aux,nan,nan,False,n/a,-0.6003742721453866
1a,right_stem,ttc_p10_mean,soft_hjb_aux,rule_based,nan,nan,False,n/a,-21.93958738094779
1a,stem_left,ttc_p10_mean,soft_hjb_aux,rule_based,nan,nan,False,n/a,-3.3712093806079753
1a,stem_right,ttc_p10_mean,soft_hjb_aux,rule_based,nan,nan,False,n/a,-6.253640954163422
1b,stem_left,ttc_p10_mean,soft_hjb_aux,rule_based,nan,nan,False,n/a,-0.3559967010598143
1b,stem_right,ttc_p10_mean,soft_hjb_aux,rule_based,nan,nan,False,n/a,4.2248517370662535
2,stem_left,ttc_p10_mean,soft_hjb_aux,rule_based,nan,nan,False,n/a,0.8125405779887221
2,stem_right,ttc_p10_mean,soft_hjb_aux,rule_based,nan,nan,False,n/a,2.1111615072088856
2_dense,right_left,ttc_p10_mean,soft_hjb_aux,rule_based,nan,nan,False,n/a,-0.4732967310429956
3,left_right,ttc_p10_mean,soft_hjb_aux,rule_based,nan,nan,False,n/a,4.723927963577351
3,right_left,ttc_p10_mean,soft_hjb_aux,rule_based,nan,nan,False,n/a,1.9696599257402467
4,stem_left,ttc_p10_mean,soft_hjb_aux,rule_based,nan,nan,False,n/a,2.7496376328337497
4,stem_right,ttc_p10_mean,soft_hjb_aux,rule_based,nan,nan,False,n/a,2.8944195652858644
1a,right_stem,ttc_p10_mean,eikonal_aux,hjb_aux,nan,nan,False,n/a,3.784307025858261
1a,stem_left,ttc_p10_mean,eikonal_aux,hjb_aux,nan,nan,False,n/a,5.225604175213679
1a,stem_right,ttc_p10_mean,eikonal_aux,hjb_aux,nan,nan,False,n/a,5.897980520234737
1b,stem_left,ttc_p10_mean,eikonal_aux,hjb_aux,nan,nan,False,n/a,2.463065621018699
1b,stem_right,ttc_p10_mean,eikonal_aux,hjb_aux,nan,nan,False,n/a,0.16089859801680037
2,stem_left,ttc_p10_mean,eikonal_aux,hjb_aux,nan,nan,False,n/a,6.130262164026579
2,stem_right,ttc_p10_mean,eikonal_aux,hjb_aux,nan,nan,False,n/a,1.0783924299892362
2_dense,right_left,ttc_p10_mean,eikonal_aux,hjb_aux,nan,nan,False,n/a,0.7112114164123295
3,left_right,ttc_p10_mean,eikonal_aux,hjb_aux,nan,nan,False,n/a,2.104768053323803
3,right_left,ttc_p10_mean,eikonal_aux,hjb_aux,nan,nan,False,n/a,1.7909919107850827
4,stem_left,ttc_p10_mean,eikonal_aux,hjb_aux,nan,nan,False,n/a,2.100647887937223
4,stem_right,ttc_p10_mean,eikonal_aux,hjb_aux,nan,nan,False,n/a,2.799532975879581
1a,right_stem,ttc_p10_mean,eikonal_aux,soft_hjb_aux,nan,nan,False,n/a,3.7840215921362437
1a,stem_left,ttc_p10_mean,eikonal_aux,soft_hjb_aux,nan,nan,False,n/a,3.920968985399601
1a,stem_right,ttc_p10_mean,eikonal_aux,soft_hjb_aux,nan,nan,False,n/a,6.275659476472178
1b,stem_left,ttc_p10_mean,eikonal_aux,soft_hjb_aux,nan,nan,False,n/a,1.3680545039405532
1b,stem_right,ttc_p10_mean,eikonal_aux,soft_hjb_aux,nan,nan,False,n/a,1.0726447723193366
2,stem_left,ttc_p10_mean,eikonal_aux,soft_hjb_aux,nan,nan,False,n/a,2.112774092557534
2,stem_right,ttc_p10_mean,eikonal_aux,soft_hjb_aux,nan,nan,False,n/a,1.687081683468059
2_dense,right_left,ttc_p10_mean,eikonal_aux,soft_hjb_aux,nan,nan,False,n/a,1.2313604197413432
3,left_right,ttc_p10_mean,eikonal_aux,soft_hjb_aux,nan,nan,False,n/a,2.8375741440557176
3,right_left,ttc_p10_mean,eikonal_aux,soft_hjb_aux,nan,nan,False,n/a,0.8522954882800508
4,stem_left,ttc_p10_mean,eikonal_aux,soft_hjb_aux,nan,nan,False,n/a,1.252223677776928
4,stem_right,ttc_p10_mean,eikonal_aux,soft_hjb_aux,nan,nan,False,n/a,3.257315257357522
1a,right_stem,ttc_p10_mean,eikonal_aux,fusion_aux,nan,nan,False,n/a,1.1238428231831485
1a,stem_left,ttc_p10_mean,eikonal_aux,fusion_aux,nan,nan,False,n/a,1.768671580843377
1a,stem_right,ttc_p10_mean,eikonal_aux,fusion_aux,nan,nan,False,n/a,2.4392117939363263
1b,stem_left,ttc_p10_mean,eikonal_aux,fusion_aux,nan,nan,False,n/a,0.31241960456824125
1b,stem_right,ttc_p10_mean,eikonal_aux,fusion_aux,nan,nan,False,n/a,-0.317860443280043
2,stem_left,ttc_p10_mean,eikonal_aux,fusion_aux,nan,nan,False,n/a,0.9054581388705619
2,stem_right,ttc_p10_mean,eikonal_aux,fusion_aux,nan,nan,False,n/a,0.5784498670971536
2_dense,right_left,ttc_p10_mean,eikonal_aux,fusion_aux,nan,nan,False,n/a,0.8667089937051077
3,left_right,ttc_p10_mean,eikonal_aux,fusion_aux,nan,nan,False,n/a,0.6595285943490466
3,right_left,ttc_p10_mean,eikonal_aux,fusion_aux,nan,nan,False,n/a,0.09979830368164251
4,stem_left,ttc_p10_mean,eikonal_aux,fusion_aux,nan,nan,False,n/a,-0.1489617703833786
4,stem_right,ttc_p10_mean,eikonal_aux,fusion_aux,nan,nan,False,n/a,0.5806627541391652
1a,right_stem,ttc_p10_mean,eikonal_aux,cbf_aux,nan,nan,False,n/a,3.285500429524282
1a,stem_left,ttc_p10_mean,eikonal_aux,cbf_aux,nan,nan,False,n/a,4.508859313899816
1a,stem_right,ttc_p10_mean,eikonal_aux,cbf_aux,nan,nan,False,n/a,3.6815935938656144
1b,stem_left,ttc_p10_mean,eikonal_aux,cbf_aux,nan,nan,False,n/a,4.937420355757328
1b,stem_right,ttc_p10_mean,eikonal_aux,cbf_aux,nan,nan,False,n/a,0.5302639713386111
2,stem_left,ttc_p10_mean,eikonal_aux,cbf_aux,nan,nan,False,n/a,4.995568856713458
2,stem_right,ttc_p10_mean,eikonal_aux,cbf_aux,nan,nan,False,n/a,1.1005041748121283
2_dense,right_left,ttc_p10_mean,eikonal_aux,cbf_aux,nan,nan,False,n/a,0.7045150695673489
3,left_right,ttc_p10_mean,eikonal_aux,cbf_aux,nan,nan,False,n/a,0.9076082680802573
3,right_left,ttc_p10_mean,eikonal_aux,cbf_aux,nan,nan,False,n/a,1.5052259803074293
4,stem_left,ttc_p10_mean,eikonal_aux,cbf_aux,nan,nan,False,n/a,3.488767034415189
4,stem_right,ttc_p10_mean,eikonal_aux,cbf_aux,nan,nan,False,n/a,2.0878211967558205
1a,right_stem,ttc_p10_mean,eikonal_aux,rule_based,nan,nan,False,n/a,1.2600093056289108
1a,stem_left,ttc_p10_mean,eikonal_aux,rule_based,nan,nan,False,n/a,2.44766380782459
1a,stem_right,ttc_p10_mean,eikonal_aux,rule_based,nan,nan,False,n/a,4.124189916479783
1b,stem_left,ttc_p10_mean,eikonal_aux,rule_based,nan,nan,False,n/a,1.369855327789722
1b,stem_right,ttc_p10_mean,eikonal_aux,rule_based,nan,nan,False,n/a,4.387398259245933
2,stem_left,ttc_p10_mean,eikonal_aux,rule_based,nan,nan,False,n/a,3.088240629622245
2,stem_right,ttc_p10_mean,eikonal_aux,rule_based,nan,nan,False,n/a,2.6143162909705735
2_dense,right_left,ttc_p10_mean,eikonal_aux,rule_based,nan,nan,False,n/a,1.1104599030108273
3,left_right,ttc_p10_mean,eikonal_aux,rule_based,nan,nan,False,n/a,8.100982521702871
3,right_left,ttc_p10_mean,eikonal_aux,rule_based,nan,nan,False,n/a,1.2039118514853462
4,stem_left,ttc_p10_mean,eikonal_aux,rule_based,nan,nan,False,n/a,2.891948154603802
4,stem_right,ttc_p10_mean,eikonal_aux,rule_based,nan,nan,False,n/a,8.846619692288487
1a,right_stem,ttc_p10_mean,fusion_aux,hjb_aux,nan,nan,False,n/a,1.808593198639802
1a,stem_left,ttc_p10_mean,fusion_aux,hjb_aux,nan,nan,False,n/a,2.8820159198284343
1a,stem_right,ttc_p10_mean,fusion_aux,hjb_aux,nan,nan,False,n/a,1.4899830602822528
1b,stem_left,ttc_p10_mean,fusion_aux,hjb_aux,nan,nan,False,n/a,2.283763490300743
1b,stem_right,ttc_p10_mean,fusion_aux,hjb_aux,nan,nan,False,n/a,0.42332317959115795
2,stem_left,ttc_p10_mean,fusion_aux,hjb_aux,nan,nan,False,n/a,4.835567735735924
2,stem_right,ttc_p10_mean,fusion_aux,hjb_aux,nan,nan,False,n/a,0.8520104578853448
2_dense,right_left,ttc_p10_mean,fusion_aux,hjb_aux,nan,nan,False,n/a,0.1933882894492208
3,left_right,ttc_p10_mean,fusion_aux,hjb_aux,nan,nan,False,n/a,1.9797135611137884
3,right_left,ttc_p10_mean,fusion_aux,hjb_aux,nan,nan,False,n/a,1.6828552350045403
4,stem_left,ttc_p10_mean,fusion_aux,hjb_aux,nan,nan,False,n/a,2.630634472853855
4,stem_right,ttc_p10_mean,fusion_aux,hjb_aux,nan,nan,False,n/a,2.2279460550720644
1a,right_stem,ttc_p10_mean,fusion_aux,soft_hjb_aux,nan,nan,False,n/a,1.800742211858397
1a,stem_left,ttc_p10_mean,fusion_aux,soft_hjb_aux,nan,nan,False,n/a,1.8988405202036296
1a,stem_right,ttc_p10_mean,fusion_aux,soft_hjb_aux,nan,nan,False,n/a,1.688958958936733
1b,stem_left,ttc_p10_mean,fusion_aux,soft_hjb_aux,nan,nan,False,n/a,0.9817305816198255
1b,stem_right,ttc_p10_mean,fusion_aux,soft_hjb_aux,nan,nan,False,n/a,1.333216080230471
2,stem_left,ttc_p10_mean,fusion_aux,soft_hjb_aux,nan,nan,False,n/a,0.9964579125650348
2,stem_right,ttc_p10_mean,fusion_aux,soft_hjb_aux,nan,nan,False,n/a,2.044229621865243
2_dense,right_left,ttc_p10_mean,fusion_aux,soft_hjb_aux,nan,nan,False,n/a,0.6003960070315053
3,left_right,ttc_p10_mean,fusion_aux,soft_hjb_aux,nan,nan,False,n/a,2.8896962545465765
3,right_left,ttc_p10_mean,fusion_aux,soft_hjb_aux,nan,nan,False,n/a,0.7119128491459444
4,stem_left,ttc_p10_mean,fusion_aux,soft_hjb_aux,nan,nan,False,n/a,2.2139823485152115
4,stem_right,ttc_p10_mean,fusion_aux,soft_hjb_aux,nan,nan,False,n/a,2.6480183872397953
1a,right_stem,ttc_p10_mean,fusion_aux,eikonal_aux,nan,nan,False,n/a,-1.1238428231831485
1a,stem_left,ttc_p10_mean,fusion_aux,eikonal_aux,nan,nan,False,n/a,-1.768671580843377
1a,stem_right,ttc_p10_mean,fusion_aux,eikonal_aux,nan,nan,False,n/a,-2.4392117939363263
1b,stem_left,ttc_p10_mean,fusion_aux,eikonal_aux,nan,nan,False,n/a,-0.31241960456824125
1b,stem_right,ttc_p10_mean,fusion_aux,eikonal_aux,nan,nan,False,n/a,0.317860443280043
2,stem_left,ttc_p10_mean,fusion_aux,eikonal_aux,nan,nan,False,n/a,-0.9054581388705619
2,stem_right,ttc_p10_mean,fusion_aux,eikonal_aux,nan,nan,False,n/a,-0.5784498670971536
2_dense,right_left,ttc_p10_mean,fusion_aux,eikonal_aux,nan,nan,False,n/a,-0.8667089937051077
3,left_right,ttc_p10_mean,fusion_aux,eikonal_aux,nan,nan,False,n/a,-0.6595285943490466
3,right_left,ttc_p10_mean,fusion_aux,eikonal_aux,nan,nan,False,n/a,-0.09979830368164251
4,stem_left,ttc_p10_mean,fusion_aux,eikonal_aux,nan,nan,False,n/a,0.1489617703833786
4,stem_right,ttc_p10_mean,fusion_aux,eikonal_aux,nan,nan,False,n/a,-0.5806627541391652
1a,right_stem,ttc_p10_mean,fusion_aux,cbf_aux,nan,nan,False,n/a,1.4610948513262305
1a,stem_left,ttc_p10_mean,fusion_aux,cbf_aux,nan,nan,False,n/a,2.29768195493576
1a,stem_right,ttc_p10_mean,fusion_aux,cbf_aux,nan,nan,False,n/a,0.7024434519125654
1b,stem_left,ttc_p10_mean,fusion_aux,cbf_aux,nan,nan,False,n/a,4.586179108431182
1b,stem_right,ttc_p10_mean,fusion_aux,cbf_aux,nan,nan,False,n/a,0.7536200384304164
2,stem_left,ttc_p10_mean,fusion_aux,cbf_aux,nan,nan,False,n/a,3.86966508509995
2,stem_right,ttc_p10_mean,fusion_aux,cbf_aux,nan,nan,False,n/a,0.8981842091124905
2_dense,right_left,ttc_p10_mean,fusion_aux,cbf_aux,nan,nan,False,n/a,0.2500237344582478
3,left_right,ttc_p10_mean,fusion_aux,cbf_aux,nan,nan,False,n/a,0.511855851727444
3,right_left,ttc_p10_mean,fusion_aux,cbf_aux,nan,nan,False,n/a,1.3927579585121022
4,stem_left,ttc_p10_mean,fusion_aux,cbf_aux,nan,nan,False,n/a,5.984931257286768
4,stem_right,ttc_p10_mean,fusion_aux,cbf_aux,nan,nan,False,n/a,1.6106252048145437
1a,right_stem,ttc_p10_mean,fusion_aux,rule_based,nan,nan,False,n/a,-0.38773862968472006
1a,stem_left,ttc_p10_mean,fusion_aux,rule_based,nan,nan,False,n/a,-0.01053389436081531
1a,stem_right,ttc_p10_mean,fusion_aux,rule_based,nan,nan,False,n/a,-0.03480707386231885
1b,stem_left,ttc_p10_mean,fusion_aux,rule_based,nan,nan,False,n/a,0.9029603751020345
1b,stem_right,ttc_p10_mean,fusion_aux,rule_based,nan,nan,False,n/a,4.255698395996213
2,stem_left,ttc_p10_mean,fusion_aux,rule_based,nan,nan,False,n/a,1.7203729126226022
2,stem_right,ttc_p10_mean,fusion_aux,rule_based,nan,nan,False,n/a,4.536875622414019
2_dense,right_left,ttc_p10_mean,fusion_aux,rule_based,nan,nan,False,n/a,0.34450330991858286
3,left_right,ttc_p10_mean,fusion_aux,rule_based,nan,nan,False,n/a,12.094026041222753
3,right_left,ttc_p10_mean,fusion_aux,rule_based,nan,nan,False,n/a,1.0613378336931676
4,stem_left,ttc_p10_mean,fusion_aux,rule_based,nan,nan,False,n/a,6.026230431202793
4,stem_right,ttc_p10_mean,fusion_aux,rule_based,nan,nan,False,n/a,7.429718107272719
1a,right_stem,ttc_p10_mean,cbf_aux,hjb_aux,nan,nan,False,n/a,0.954675062778701
1a,stem_left,ttc_p10_mean,cbf_aux,hjb_aux,nan,nan,False,n/a,0.8766975974274166
1a,stem_right,ttc_p10_mean,cbf_aux,hjb_aux,nan,nan,False,n/a,0.7952226550706113
1b,stem_left,ttc_p10_mean,cbf_aux,hjb_aux,nan,nan,False,n/a,-0.45550589477060427
1b,stem_right,ttc_p10_mean,cbf_aux,hjb_aux,nan,nan,False,n/a,-0.3455528312618205
2,stem_left,ttc_p10_mean,cbf_aux,hjb_aux,nan,nan,False,n/a,0.6840166534280314
2,stem_right,ttc_p10_mean,cbf_aux,hjb_aux,nan,nan,False,n/a,-0.0011196772387776501
2_dense,right_left,ttc_p10_mean,cbf_aux,hjb_aux,nan,nan,False,n/a,-0.06765277584216046
3,left_right,ttc_p10_mean,cbf_aux,hjb_aux,nan,nan,False,n/a,0.7643495568052487
3,right_left,ttc_p10_mean,cbf_aux,hjb_aux,nan,nan,False,n/a,0.3923602998865012
4,stem_left,ttc_p10_mean,cbf_aux,hjb_aux,nan,nan,False,n/a,-0.35840156550005403
4,stem_right,ttc_p10_mean,cbf_aux,hjb_aux,nan,nan,False,n/a,0.3199966836564439
1a,right_stem,ttc_p10_mean,cbf_aux,soft_hjb_aux,nan,nan,False,n/a,0.9418609563362415
1a,stem_left,ttc_p10_mean,cbf_aux,soft_hjb_aux,nan,nan,False,n/a,-0.2695481285503127
1a,stem_right,ttc_p10_mean,cbf_aux,soft_hjb_aux,nan,nan,False,n/a,1.0376654039358308
1b,stem_left,ttc_p10_mean,cbf_aux,soft_hjb_aux,nan,nan,False,n/a,-4.259227601384052
1b,stem_right,ttc_p10_mean,cbf_aux,soft_hjb_aux,nan,nan,False,n/a,0.18200305583943988
2,stem_left,ttc_p10_mean,cbf_aux,soft_hjb_aux,nan,nan,False,n/a,-3.6135128073717646
2,stem_right,ttc_p10_mean,cbf_aux,soft_hjb_aux,nan,nan,False,n/a,0.84088308317748
2_dense,right_left,ttc_p10_mean,cbf_aux,soft_hjb_aux,nan,nan,False,n/a,-0.05726692480967324
3,left_right,ttc_p10_mean,cbf_aux,soft_hjb_aux,nan,nan,False,n/a,1.4909540629434501
3,right_left,ttc_p10_mean,cbf_aux,soft_hjb_aux,nan,nan,False,n/a,-1.3098004940006989
4,stem_left,ttc_p10_mean,cbf_aux,soft_hjb_aux,nan,nan,False,n/a,-3.4712613481566468
4,stem_right,ttc_p10_mean,cbf_aux,soft_hjb_aux,nan,nan,False,n/a,0.6003742721453866
1a,right_stem,ttc_p10_mean,cbf_aux,eikonal_aux,nan,nan,False,n/a,-3.285500429524282
1a,stem_left,ttc_p10_mean,cbf_aux,eikonal_aux,nan,nan,False,n/a,-4.508859313899816
1a,stem_right,ttc_p10_mean,cbf_aux,eikonal_aux,nan,nan,False,n/a,-3.6815935938656144
1b,stem_left,ttc_p10_mean,cbf_aux,eikonal_aux,nan,nan,False,n/a,-4.937420355757328
1b,stem_right,ttc_p10_mean,cbf_aux,eikonal_aux,nan,nan,False,n/a,-0.5302639713386111
2,stem_left,ttc_p10_mean,cbf_aux,eikonal_aux,nan,nan,False,n/a,-4.995568856713458
2,stem_right,ttc_p10_mean,cbf_aux,eikonal_aux,nan,nan,False,n/a,-1.1005041748121283
2_dense,right_left,ttc_p10_mean,cbf_aux,eikonal_aux,nan,nan,False,n/a,-0.7045150695673489
3,left_right,ttc_p10_mean,cbf_aux,eikonal_aux,nan,nan,False,n/a,-0.9076082680802573
3,right_left,ttc_p10_mean,cbf_aux,eikonal_aux,nan,nan,False,n/a,-1.5052259803074293
4,stem_left,ttc_p10_mean,cbf_aux,eikonal_aux,nan,nan,False,n/a,-3.488767034415189
4,stem_right,ttc_p10_mean,cbf_aux,eikonal_aux,nan,nan,False,n/a,-2.0878211967558205
1a,right_stem,ttc_p10_mean,cbf_aux,fusion_aux,nan,nan,False,n/a,-1.4610948513262305
1a,stem_left,ttc_p10_mean,cbf_aux,fusion_aux,nan,nan,False,n/a,-2.29768195493576
1a,stem_right,ttc_p10_mean,cbf_aux,fusion_aux,nan,nan,False,n/a,-0.7024434519125654
1b,stem_left,ttc_p10_mean,cbf_aux,fusion_aux,nan,nan,False,n/a,-4.586179108431182
1b,stem_right,ttc_p10_mean,cbf_aux,fusion_aux,nan,nan,False,n/a,-0.7536200384304164
2,stem_left,ttc_p10_mean,cbf_aux,fusion_aux,nan,nan,False,n/a,-3.86966508509995
2,stem_right,ttc_p10_mean,cbf_aux,fusion_aux,nan,nan,False,n/a,-0.8981842091124905
2_dense,right_left,ttc_p10_mean,cbf_aux,fusion_aux,nan,nan,False,n/a,-0.2500237344582478
3,left_right,ttc_p10_mean,cbf_aux,fusion_aux,nan,nan,False,n/a,-0.511855851727444
3,right_left,ttc_p10_mean,cbf_aux,fusion_aux,nan,nan,False,n/a,-1.3927579585121022
4,stem_left,ttc_p10_mean,cbf_aux,fusion_aux,nan,nan,False,n/a,-5.984931257286768
4,stem_right,ttc_p10_mean,cbf_aux,fusion_aux,nan,nan,False,n/a,-1.6106252048145437
1a,right_stem,ttc_p10_mean,cbf_aux,rule_based,nan,nan,False,n/a,-6.262984539591838
1a,stem_left,ttc_p10_mean,cbf_aux,rule_based,nan,nan,False,n/a,-5.594739593525998
1a,stem_right,ttc_p10_mean,cbf_aux,rule_based,nan,nan,False,n/a,-1.1742985987663388
1b,stem_left,ttc_p10_mean,cbf_aux,rule_based,nan,nan,False,n/a,-5.052127317482027
1b,stem_right,ttc_p10_mean,cbf_aux,rule_based,nan,nan,False,n/a,2.138180928472752
2,stem_left,ttc_p10_mean,cbf_aux,rule_based,nan,nan,False,n/a,-3.800517809707232
2,stem_right,ttc_p10_mean,cbf_aux,rule_based,nan,nan,False,n/a,2.5183581494614207
2_dense,right_left,ttc_p10_mean,cbf_aux,rule_based,nan,nan,False,n/a,-0.16024526784492898
3,left_right,ttc_p10_mean,cbf_aux,rule_based,nan,nan,False,n/a,5.198420093005116
3,right_left,ttc_p10_mean,cbf_aux,rule_based,nan,nan,False,n/a,-0.8993812276824275
4,stem_left,ttc_p10_mean,cbf_aux,rule_based,nan,nan,False,n/a,-1.830321738451849
4,stem_right,ttc_p10_mean,cbf_aux,rule_based,nan,nan,False,n/a,3.0181993457754106
1a,right_stem,ttc_p10_mean,rule_based,hjb_aux,nan,nan,False,n/a,17.4458077230171
1a,stem_left,ttc_p10_mean,rule_based,hjb_aux,nan,nan,False,n/a,13.614768150354664
1a,stem_right,ttc_p10_mean,rule_based,hjb_aux,nan,nan,False,n/a,4.888440813599198
1b,stem_left,ttc_p10_mean,rule_based,hjb_aux,nan,nan,False,n/a,2.0716137211186085
1b,stem_right,ttc_p10_mean,rule_based,hjb_aux,nan,nan,False,n/a,-3.0233780957538037
2,stem_left,ttc_p10_mean,rule_based,hjb_aux,nan,nan,False,n/a,5.915240625365288
2,stem_right,ttc_p10_mean,rule_based,hjb_aux,nan,nan,False,n/a,-2.3263226367130945
2_dense,right_left,ttc_p10_mean,rule_based,hjb_aux,nan,nan,False,n/a,0.08587307992591482
3,left_right,ttc_p10_mean,rule_based,hjb_aux,nan,nan,False,n/a,-7.217063108304404
3,right_left,ttc_p10_mean,rule_based,hjb_aux,nan,nan,False,n/a,1.3405875756431205
4,stem_left,ttc_p10_mean,rule_based,hjb_aux,nan,nan,False,n/a,0.34042111408280623
4,stem_right,ttc_p10_mean,rule_based,hjb_aux,nan,nan,False,n/a,-3.1516397693510507
1a,right_stem,ttc_p10_mean,rule_based,soft_hjb_aux,nan,nan,False,n/a,21.93958738094779
1a,stem_left,ttc_p10_mean,rule_based,soft_hjb_aux,nan,nan,False,n/a,3.3712093806079753
1a,stem_right,ttc_p10_mean,rule_based,soft_hjb_aux,nan,nan,False,n/a,6.253640954163422
1b,stem_left,ttc_p10_mean,rule_based,soft_hjb_aux,nan,nan,False,n/a,0.3559967010598143
1b,stem_right,ttc_p10_mean,rule_based,soft_hjb_aux,nan,nan,False,n/a,-4.2248517370662535
2,stem_left,ttc_p10_mean,rule_based,soft_hjb_aux,nan,nan,False,n/a,-0.8125405779887221
2,stem_right,ttc_p10_mean,rule_based,soft_hjb_aux,nan,nan,False,n/a,-2.1111615072088856
2_dense,right_left,ttc_p10_mean,rule_based,soft_hjb_aux,nan,nan,False,n/a,0.4732967310429956
3,left_right,ttc_p10_mean,rule_based,soft_hjb_aux,nan,nan,False,n/a,-4.723927963577351
3,right_left,ttc_p10_mean,rule_based,soft_hjb_aux,nan,nan,False,n/a,-1.9696599257402467
4,stem_left,ttc_p10_mean,rule_based,soft_hjb_aux,nan,nan,False,n/a,-2.7496376328337497
4,stem_right,ttc_p10_mean,rule_based,soft_hjb_aux,nan,nan,False,n/a,-2.8944195652858644
1a,right_stem,ttc_p10_mean,rule_based,eikonal_aux,nan,nan,False,n/a,-1.2600093056289108
1a,stem_left,ttc_p10_mean,rule_based,eikonal_aux,nan,nan,False,n/a,-2.44766380782459
1a,stem_right,ttc_p10_mean,rule_based,eikonal_aux,nan,nan,False,n/a,-4.124189916479783
1b,stem_left,ttc_p10_mean,rule_based,eikonal_aux,nan,nan,False,n/a,-1.369855327789722
1b,stem_right,ttc_p10_mean,rule_based,eikonal_aux,nan,nan,False,n/a,-4.387398259245933
2,stem_left,ttc_p10_mean,rule_based,eikonal_aux,nan,nan,False,n/a,-3.088240629622245
2,stem_right,ttc_p10_mean,rule_based,eikonal_aux,nan,nan,False,n/a,-2.6143162909705735
2_dense,right_left,ttc_p10_mean,rule_based,eikonal_aux,nan,nan,False,n/a,-1.1104599030108273
3,left_right,ttc_p10_mean,rule_based,eikonal_aux,nan,nan,False,n/a,-8.100982521702871
3,right_left,ttc_p10_mean,rule_based,eikonal_aux,nan,nan,False,n/a,-1.2039118514853462
4,stem_left,ttc_p10_mean,rule_based,eikonal_aux,nan,nan,False,n/a,-2.891948154603802
4,stem_right,ttc_p10_mean,rule_based,eikonal_aux,nan,nan,False,n/a,-8.846619692288487
1a,right_stem,ttc_p10_mean,rule_based,fusion_aux,nan,nan,False,n/a,0.38773862968472006
1a,stem_left,ttc_p10_mean,rule_based,fusion_aux,nan,nan,False,n/a,0.01053389436081531
1a,stem_right,ttc_p10_mean,rule_based,fusion_aux,nan,nan,False,n/a,0.03480707386231885
1b,stem_left,ttc_p10_mean,rule_based,fusion_aux,nan,nan,False,n/a,-0.9029603751020345
1b,stem_right,ttc_p10_mean,rule_based,fusion_aux,nan,nan,False,n/a,-4.255698395996213
2,stem_left,ttc_p10_mean,rule_based,fusion_aux,nan,nan,False,n/a,-1.7203729126226022
2,stem_right,ttc_p10_mean,rule_based,fusion_aux,nan,nan,False,n/a,-4.536875622414019
2_dense,right_left,ttc_p10_mean,rule_based,fusion_aux,nan,nan,False,n/a,-0.34450330991858286
3,left_right,ttc_p10_mean,rule_based,fusion_aux,nan,nan,False,n/a,-12.094026041222753
3,right_left,ttc_p10_mean,rule_based,fusion_aux,nan,nan,False,n/a,-1.0613378336931676
4,stem_left,ttc_p10_mean,rule_based,fusion_aux,nan,nan,False,n/a,-6.026230431202793
4,stem_right,ttc_p10_mean,rule_based,fusion_aux,nan,nan,False,n/a,-7.429718107272719
1a,right_stem,ttc_p10_mean,rule_based,cbf_aux,nan,nan,False,n/a,6.262984539591838
1a,stem_left,ttc_p10_mean,rule_based,cbf_aux,nan,nan,False,n/a,5.594739593525998
1a,stem_right,ttc_p10_mean,rule_based,cbf_aux,nan,nan,False,n/a,1.1742985987663388
1b,stem_left,ttc_p10_mean,rule_based,cbf_aux,nan,nan,False,n/a,5.052127317482027
1b,stem_right,ttc_p10_mean,rule_based,cbf_aux,nan,nan,False,n/a,-2.138180928472752
2,stem_left,ttc_p10_mean,rule_based,cbf_aux,nan,nan,False,n/a,3.800517809707232
2,stem_right,ttc_p10_mean,rule_based,cbf_aux,nan,nan,False,n/a,-2.5183581494614207
2_dense,right_left,ttc_p10_mean,rule_based,cbf_aux,nan,nan,False,n/a,0.16024526784492898
3,left_right,ttc_p10_mean,rule_based,cbf_aux,nan,nan,False,n/a,-5.198420093005116
3,right_left,ttc_p10_mean,rule_based,cbf_aux,nan,nan,False,n/a,0.8993812276824275
4,stem_left,ttc_p10_mean,rule_based,cbf_aux,nan,nan,False,n/a,1.830321738451849
4,stem_right,ttc_p10_mean,rule_based,cbf_aux,nan,nan,False,n/a,-3.0181993457754106
1a,right_stem,action_entropy_mean,hjb_aux,soft_hjb_aux,nan,nan,False,n/a,-5.499543832365842
1a,stem_left,action_entropy_mean,hjb_aux,soft_hjb_aux,nan,nan,False,n/a,-2.4927612224097317
1a,stem_right,action_entropy_mean,hjb_aux,soft_hjb_aux,nan,nan,False,n/a,-5.6138648173610575
1b,stem_left,action_entropy_mean,hjb_aux,soft_hjb_aux,nan,nan,False,n/a,-2.7576758409202635
1b,stem_right,action_entropy_mean,hjb_aux,soft_hjb_aux,nan,nan,False,n/a,-1.5384325624467214
2,stem_left,action_entropy_mean,hjb_aux,soft_hjb_aux,nan,nan,False,n/a,-2.56582247782691
2,stem_right,action_entropy_mean,hjb_aux,soft_hjb_aux,nan,nan,False,n/a,-0.8479016547463774
2_dense,right_left,action_entropy_mean,hjb_aux,soft_hjb_aux,nan,nan,False,n/a,-1.3948175476432252
3,left_right,action_entropy_mean,hjb_aux,soft_hjb_aux,nan,nan,False,n/a,-1.091576838444392
3,right_left,action_entropy_mean,hjb_aux,soft_hjb_aux,nan,nan,False,n/a,-1.5405944102898865
4,stem_left,action_entropy_mean,hjb_aux,soft_hjb_aux,nan,nan,False,n/a,-2.5894288811293382
4,stem_right,action_entropy_mean,hjb_aux,soft_hjb_aux,nan,nan,False,n/a,-1.0905068721399707
1a,right_stem,action_entropy_mean,hjb_aux,eikonal_aux,nan,nan,False,n/a,-7.647190151243784
1a,stem_left,action_entropy_mean,hjb_aux,eikonal_aux,nan,nan,False,n/a,-11.198670192671951
1a,stem_right,action_entropy_mean,hjb_aux,eikonal_aux,nan,nan,False,n/a,-9.362450977988841
1b,stem_left,action_entropy_mean,hjb_aux,eikonal_aux,nan,nan,False,n/a,-2.527668200057248
1b,stem_right,action_entropy_mean,hjb_aux,eikonal_aux,nan,nan,False,n/a,-2.041266977719565
2,stem_left,action_entropy_mean,hjb_aux,eikonal_aux,nan,nan,False,n/a,-3.1466269446992503
2,stem_right,action_entropy_mean,hjb_aux,eikonal_aux,nan,nan,False,n/a,-1.3479829884806496
2_dense,right_left,action_entropy_mean,hjb_aux,eikonal_aux,nan,nan,False,n/a,-1.373063020350454
3,left_right,action_entropy_mean,hjb_aux,eikonal_aux,nan,nan,False,n/a,-1.3152264425147084
3,right_left,action_entropy_mean,hjb_aux,eikonal_aux,nan,nan,False,n/a,-1.6883237656812682
4,stem_left,action_entropy_mean,hjb_aux,eikonal_aux,nan,nan,False,n/a,-1.718207515557279
4,stem_right,action_entropy_mean,hjb_aux,eikonal_aux,nan,nan,False,n/a,-1.068739509262696
1a,right_stem,action_entropy_mean,hjb_aux,fusion_aux,nan,nan,False,n/a,-5.091488390360984
1a,stem_left,action_entropy_mean,hjb_aux,fusion_aux,nan,nan,False,n/a,-4.313873815586756
1a,stem_right,action_entropy_mean,hjb_aux,fusion_aux,nan,nan,False,n/a,-3.056556150308431
1b,stem_left,action_entropy_mean,hjb_aux,fusion_aux,nan,nan,False,n/a,-2.568706853250751
1b,stem_right,action_entropy_mean,hjb_aux,fusion_aux,nan,nan,False,n/a,-1.2507663455402396
2,stem_left,action_entropy_mean,hjb_aux,fusion_aux,nan,nan,False,n/a,-1.9415543133382769
2,stem_right,action_entropy_mean,hjb_aux,fusion_aux,nan,nan,False,n/a,-0.22252887894329176
2_dense,right_left,action_entropy_mean,hjb_aux,fusion_aux,nan,nan,False,n/a,-1.3741116944992993
3,left_right,action_entropy_mean,hjb_aux,fusion_aux,nan,nan,False,n/a,-0.7471892831977534
3,right_left,action_entropy_mean,hjb_aux,fusion_aux,nan,nan,False,n/a,-1.19140780799925
4,stem_left,action_entropy_mean,hjb_aux,fusion_aux,nan,nan,False,n/a,-1.8202734689511546
4,stem_right,action_entropy_mean,hjb_aux,fusion_aux,nan,nan,False,n/a,-0.6906213032863353
1a,right_stem,action_entropy_mean,hjb_aux,cbf_aux,nan,nan,False,n/a,-1.2142684481352881
1a,stem_left,action_entropy_mean,hjb_aux,cbf_aux,nan,nan,False,n/a,-0.7796272707665263
1a,stem_right,action_entropy_mean,hjb_aux,cbf_aux,nan,nan,False,n/a,-1.3574328548736874
1b,stem_left,action_entropy_mean,hjb_aux,cbf_aux,nan,nan,False,n/a,0.3339086409601505
1b,stem_right,action_entropy_mean,hjb_aux,cbf_aux,nan,nan,False,n/a,-0.00462425832350682
2,stem_left,action_entropy_mean,hjb_aux,cbf_aux,nan,nan,False,n/a,-0.28479159391383047
2,stem_right,action_entropy_mean,hjb_aux,cbf_aux,nan,nan,False,n/a,0.008786350569890496
2_dense,right_left,action_entropy_mean,hjb_aux,cbf_aux,nan,nan,False,n/a,0.04791306034260871
3,left_right,action_entropy_mean,hjb_aux,cbf_aux,nan,nan,False,n/a,0.3905461822613314
3,right_left,action_entropy_mean,hjb_aux,cbf_aux,nan,nan,False,n/a,-0.6420748693459902
4,stem_left,action_entropy_mean,hjb_aux,cbf_aux,nan,nan,False,n/a,-0.41769900258123027
4,stem_right,action_entropy_mean,hjb_aux,cbf_aux,nan,nan,False,n/a,0.5174789849510593
1a,right_stem,action_entropy_mean,hjb_aux,rule_based,nan,nan,False,n/a,-10.230892260190712
1a,stem_left,action_entropy_mean,hjb_aux,rule_based,nan,nan,False,n/a,-7.366402939136901
1a,stem_right,action_entropy_mean,hjb_aux,rule_based,nan,nan,False,n/a,-12.466851597078536
1b,stem_left,action_entropy_mean,hjb_aux,rule_based,nan,nan,False,n/a,-0.5011053473907727
1b,stem_right,action_entropy_mean,hjb_aux,rule_based,nan,nan,False,n/a,6.4347681496658335
2,stem_left,action_entropy_mean,hjb_aux,rule_based,nan,nan,False,n/a,8.007023160450728
2,stem_right,action_entropy_mean,hjb_aux,rule_based,nan,nan,False,n/a,5.577962647987443
2_dense,right_left,action_entropy_mean,hjb_aux,rule_based,nan,nan,False,n/a,2.282021204565828
3,left_right,action_entropy_mean,hjb_aux,rule_based,nan,nan,False,n/a,9.357031935522473
3,right_left,action_entropy_mean,hjb_aux,rule_based,nan,nan,False,n/a,0.5761953416327019
4,stem_left,action_entropy_mean,hjb_aux,rule_based,nan,nan,False,n/a,13.197550535414145
4,stem_right,action_entropy_mean,hjb_aux,rule_based,nan,nan,False,n/a,12.804510183036687
1a,right_stem,action_entropy_mean,soft_hjb_aux,hjb_aux,nan,nan,False,n/a,5.499543832365842
1a,stem_left,action_entropy_mean,soft_hjb_aux,hjb_aux,nan,nan,False,n/a,2.4927612224097317
1a,stem_right,action_entropy_mean,soft_hjb_aux,hjb_aux,nan,nan,False,n/a,5.6138648173610575
1b,stem_left,action_entropy_mean,soft_hjb_aux,hjb_aux,nan,nan,False,n/a,2.7576758409202635
1b,stem_right,action_entropy_mean,soft_hjb_aux,hjb_aux,nan,nan,False,n/a,1.5384325624467214
2,stem_left,action_entropy_mean,soft_hjb_aux,hjb_aux,nan,nan,False,n/a,2.56582247782691
2,stem_right,action_entropy_mean,soft_hjb_aux,hjb_aux,nan,nan,False,n/a,0.8479016547463774
2_dense,right_left,action_entropy_mean,soft_hjb_aux,hjb_aux,nan,nan,False,n/a,1.3948175476432252
3,left_right,action_entropy_mean,soft_hjb_aux,hjb_aux,nan,nan,False,n/a,1.091576838444392
3,right_left,action_entropy_mean,soft_hjb_aux,hjb_aux,nan,nan,False,n/a,1.5405944102898865
4,stem_left,action_entropy_mean,soft_hjb_aux,hjb_aux,nan,nan,False,n/a,2.5894288811293382
4,stem_right,action_entropy_mean,soft_hjb_aux,hjb_aux,nan,nan,False,n/a,1.0905068721399707
1a,right_stem,action_entropy_mean,soft_hjb_aux,eikonal_aux,nan,nan,False,n/a,-5.673235054712139
1a,stem_left,action_entropy_mean,soft_hjb_aux,eikonal_aux,nan,nan,False,n/a,-5.152733206899806
1a,stem_right,action_entropy_mean,soft_hjb_aux,eikonal_aux,nan,nan,False,n/a,-6.936673374539259
1b,stem_left,action_entropy_mean,soft_hjb_aux,eikonal_aux,nan,nan,False,n/a,1.2413424962427329
1b,stem_right,action_entropy_mean,soft_hjb_aux,eikonal_aux,nan,nan,False,n/a,-0.6300736232060405
2,stem_left,action_entropy_mean,soft_hjb_aux,eikonal_aux,nan,nan,False,n/a,-0.8040808392517358
2,stem_right,action_entropy_mean,soft_hjb_aux,eikonal_aux,nan,nan,False,n/a,-0.6622817929090676
2_dense,right_left,action_entropy_mean,soft_hjb_aux,eikonal_aux,nan,nan,False,n/a,0.0005230024397296606
3,left_right,action_entropy_mean,soft_hjb_aux,eikonal_aux,nan,nan,False,n/a,-0.3416238084920281
3,right_left,action_entropy_mean,soft_hjb_aux,eikonal_aux,nan,nan,False,n/a,-0.8856323417347517
4,stem_left,action_entropy_mean,soft_hjb_aux,eikonal_aux,nan,nan,False,n/a,0.039739180185924525
4,stem_right,action_entropy_mean,soft_hjb_aux,eikonal_aux,nan,nan,False,n/a,-0.18191296906313414
1a,right_stem,action_entropy_mean,soft_hjb_aux,fusion_aux,nan,nan,False,n/a,-3.1976672276842155
1a,stem_left,action_entropy_mean,soft_hjb_aux,fusion_aux,nan,nan,False,n/a,-1.8263237449944731
1a,stem_right,action_entropy_mean,soft_hjb_aux,fusion_aux,nan,nan,False,n/a,-1.6054388508151831
1b,stem_left,action_entropy_mean,soft_hjb_aux,fusion_aux,nan,nan,False,n/a,0.7337614525016468
1b,stem_right,action_entropy_mean,soft_hjb_aux,fusion_aux,nan,nan,False,n/a,0.14840937268396734
2,stem_left,action_entropy_mean,soft_hjb_aux,fusion_aux,nan,nan,False,n/a,0.35612411602740984
2,stem_right,action_entropy_mean,soft_hjb_aux,fusion_aux,nan,nan,False,n/a,0.4167035367950976
2_dense,right_left,action_entropy_mean,soft_hjb_aux,fusion_aux,nan,nan,False,n/a,-0.024269160263177856
3,left_right,action_entropy_mean,soft_hjb_aux,fusion_aux,nan,nan,False,n/a,0.5624094629145632
3,right_left,action_entropy_mean,soft_hjb_aux,fusion_aux,nan,nan,False,n/a,1.1415007210472372
4,stem_left,action_entropy_mean,soft_hjb_aux,fusion_aux,nan,nan,False,n/a,0.7856979945369659
4,stem_right,action_entropy_mean,soft_hjb_aux,fusion_aux,nan,nan,False,n/a,0.4108071066927564
1a,right_stem,action_entropy_mean,soft_hjb_aux,cbf_aux,nan,nan,False,n/a,0.8604868187290897
1a,stem_left,action_entropy_mean,soft_hjb_aux,cbf_aux,nan,nan,False,n/a,1.4980029375311457
1a,stem_right,action_entropy_mean,soft_hjb_aux,cbf_aux,nan,nan,False,n/a,0.6648467990789387
1b,stem_left,action_entropy_mean,soft_hjb_aux,cbf_aux,nan,nan,False,n/a,4.7858737243883605
1b,stem_right,action_entropy_mean,soft_hjb_aux,cbf_aux,nan,nan,False,n/a,1.1229341724260955
2,stem_left,action_entropy_mean,soft_hjb_aux,cbf_aux,nan,nan,False,n/a,1.9773429196835879
2,stem_right,action_entropy_mean,soft_hjb_aux,cbf_aux,nan,nan,False,n/a,0.7452999759903347
2_dense,right_left,action_entropy_mean,soft_hjb_aux,cbf_aux,nan,nan,False,n/a,1.7676967500262006
3,left_right,action_entropy_mean,soft_hjb_aux,cbf_aux,nan,nan,False,n/a,1.2098969283225323
3,right_left,action_entropy_mean,soft_hjb_aux,cbf_aux,nan,nan,False,n/a,0.9741248074054618
4,stem_left,action_entropy_mean,soft_hjb_aux,cbf_aux,nan,nan,False,n/a,1.1632526589961125
4,stem_right,action_entropy_mean,soft_hjb_aux,cbf_aux,nan,nan,False,n/a,1.3679328344952526
1a,right_stem,action_entropy_mean,soft_hjb_aux,rule_based,nan,nan,False,n/a,-12.068367249238294
1a,stem_left,action_entropy_mean,soft_hjb_aux,rule_based,nan,nan,False,n/a,-1.5158786281936532
1a,stem_right,action_entropy_mean,soft_hjb_aux,rule_based,nan,nan,False,n/a,-8.586298317549202
1b,stem_left,action_entropy_mean,soft_hjb_aux,rule_based,nan,nan,False,n/a,17.094589130955153
1b,stem_right,action_entropy_mean,soft_hjb_aux,rule_based,nan,nan,False,n/a,13.040525219105923
2,stem_left,action_entropy_mean,soft_hjb_aux,rule_based,nan,nan,False,n/a,15.853864574446892
2,stem_right,action_entropy_mean,soft_hjb_aux,rule_based,nan,nan,False,n/a,9.993791886415552
2_dense,right_left,action_entropy_mean,soft_hjb_aux,rule_based,nan,nan,False,n/a,27.23859099978551
3,left_right,action_entropy_mean,soft_hjb_aux,rule_based,nan,nan,False,n/a,18.158180372402537
3,right_left,action_entropy_mean,soft_hjb_aux,rule_based,nan,nan,False,n/a,17.70503951710771
4,stem_left,action_entropy_mean,soft_hjb_aux,rule_based,nan,nan,False,n/a,23.566352796841276
4,stem_right,action_entropy_mean,soft_hjb_aux,rule_based,nan,nan,False,n/a,18.43161400327746
1a,right_stem,action_entropy_mean,eikonal_aux,hjb_aux,nan,nan,False,n/a,7.647190151243784
1a,stem_left,action_entropy_mean,eikonal_aux,hjb_aux,nan,nan,False,n/a,11.198670192671951
1a,stem_right,action_entropy_mean,eikonal_aux,hjb_aux,nan,nan,False,n/a,9.362450977988841
1b,stem_left,action_entropy_mean,eikonal_aux,hjb_aux,nan,nan,False,n/a,2.527668200057248
1b,stem_right,action_entropy_mean,eikonal_aux,hjb_aux,nan,nan,False,n/a,2.041266977719565
2,stem_left,action_entropy_mean,eikonal_aux,hjb_aux,nan,nan,False,n/a,3.1466269446992503
2,stem_right,action_entropy_mean,eikonal_aux,hjb_aux,nan,nan,False,n/a,1.3479829884806496
2_dense,right_left,action_entropy_mean,eikonal_aux,hjb_aux,nan,nan,False,n/a,1.373063020350454
3,left_right,action_entropy_mean,eikonal_aux,hjb_aux,nan,nan,False,n/a,1.3152264425147084
3,right_left,action_entropy_mean,eikonal_aux,hjb_aux,nan,nan,False,n/a,1.6883237656812682
4,stem_left,action_entropy_mean,eikonal_aux,hjb_aux,nan,nan,False,n/a,1.718207515557279
4,stem_right,action_entropy_mean,eikonal_aux,hjb_aux,nan,nan,False,n/a,1.068739509262696
1a,right_stem,action_entropy_mean,eikonal_aux,soft_hjb_aux,nan,nan,False,n/a,5.673235054712139
1a,stem_left,action_entropy_mean,eikonal_aux,soft_hjb_aux,nan,nan,False,n/a,5.152733206899806
1a,stem_right,action_entropy_mean,eikonal_aux,soft_hjb_aux,nan,nan,False,n/a,6.936673374539259
1b,stem_left,action_entropy_mean,eikonal_aux,soft_hjb_aux,nan,nan,False,n/a,-1.2413424962427329
1b,stem_right,action_entropy_mean,eikonal_aux,soft_hjb_aux,nan,nan,False,n/a,0.6300736232060405
2,stem_left,action_entropy_mean,eikonal_aux,soft_hjb_aux,nan,nan,False,n/a,0.8040808392517358
2,stem_right,action_entropy_mean,eikonal_aux,soft_hjb_aux,nan,nan,False,n/a,0.6622817929090676
2_dense,right_left,action_entropy_mean,eikonal_aux,soft_hjb_aux,nan,nan,False,n/a,-0.0005230024397296606
3,left_right,action_entropy_mean,eikonal_aux,soft_hjb_aux,nan,nan,False,n/a,0.3416238084920281
3,right_left,action_entropy_mean,eikonal_aux,soft_hjb_aux,nan,nan,False,n/a,0.8856323417347517
4,stem_left,action_entropy_mean,eikonal_aux,soft_hjb_aux,nan,nan,False,n/a,-0.039739180185924525
4,stem_right,action_entropy_mean,eikonal_aux,soft_hjb_aux,nan,nan,False,n/a,0.18191296906313414
1a,right_stem,action_entropy_mean,eikonal_aux,fusion_aux,nan,nan,False,n/a,1.2210713713969903
1a,stem_left,action_entropy_mean,eikonal_aux,fusion_aux,nan,nan,False,n/a,2.2492355165926523
1a,stem_right,action_entropy_mean,eikonal_aux,fusion_aux,nan,nan,False,n/a,1.7844624785106304
1b,stem_left,action_entropy_mean,eikonal_aux,fusion_aux,nan,nan,False,n/a,-0.2785547257898001
1b,stem_right,action_entropy_mean,eikonal_aux,fusion_aux,nan,nan,False,n/a,0.6684221322390512
2,stem_left,action_entropy_mean,eikonal_aux,fusion_aux,nan,nan,False,n/a,1.0200437168338143
2,stem_right,action_entropy_mean,eikonal_aux,fusion_aux,nan,nan,False,n/a,0.8256934285305375
2_dense,right_left,action_entropy_mean,eikonal_aux,fusion_aux,nan,nan,False,n/a,-0.020800161254206476
3,left_right,action_entropy_mean,eikonal_aux,fusion_aux,nan,nan,False,n/a,0.8720851751802402
3,right_left,action_entropy_mean,eikonal_aux,fusion_aux,nan,nan,False,n/a,1.6759632194134413
4,stem_left,action_entropy_mean,eikonal_aux,fusion_aux,nan,nan,False,n/a,0.4512766290125934
4,stem_right,action_entropy_mean,eikonal_aux,fusion_aux,nan,nan,False,n/a,0.5056508284020087
1a,right_stem,action_entropy_mean,eikonal_aux,cbf_aux,nan,nan,False,n/a,4.311276228344446
1a,stem_left,action_entropy_mean,eikonal_aux,cbf_aux,nan,nan,False,n/a,7.4161475858774075
1a,stem_right,action_entropy_mean,eikonal_aux,cbf_aux,nan,nan,False,n/a,4.691935604002971
1b,stem_left,action_entropy_mean,eikonal_aux,cbf_aux,nan,nan,False,n/a,4.437361229162167
1b,stem_right,action_entropy_mean,eikonal_aux,cbf_aux,nan,nan,False,n/a,1.475772864957317
2,stem_left,action_entropy_mean,eikonal_aux,cbf_aux,nan,nan,False,n/a,2.524156670582923
2,stem_right,action_entropy_mean,eikonal_aux,cbf_aux,nan,nan,False,n/a,1.187437574834296
2_dense,right_left,action_entropy_mean,eikonal_aux,cbf_aux,nan,nan,False,n/a,1.7275970600045503
3,left_right,action_entropy_mean,eikonal_aux,cbf_aux,nan,nan,False,n/a,1.3951788683813253
3,right_left,action_entropy_mean,eikonal_aux,cbf_aux,nan,nan,False,n/a,1.1682070406374854
4,stem_left,action_entropy_mean,eikonal_aux,cbf_aux,nan,nan,False,n/a,0.9368962623029677
4,stem_right,action_entropy_mean,eikonal_aux,cbf_aux,nan,nan,False,n/a,1.354114948344152
1a,right_stem,action_entropy_mean,eikonal_aux,rule_based,nan,nan,False,n/a,3.760193177851436
1a,stem_left,action_entropy_mean,eikonal_aux,rule_based,nan,nan,False,n/a,8.705687694879824
1a,stem_right,action_entropy_mean,eikonal_aux,rule_based,nan,nan,False,n/a,4.670725920132126
1b,stem_left,action_entropy_mean,eikonal_aux,rule_based,nan,nan,False,n/a,15.443375883361858
1b,stem_right,action_entropy_mean,eikonal_aux,rule_based,nan,nan,False,n/a,15.111089760474638
2,stem_left,action_entropy_mean,eikonal_aux,rule_based,nan,nan,False,n/a,15.516030290612724
2,stem_right,action_entropy_mean,eikonal_aux,rule_based,nan,nan,False,n/a,9.988067527313499
2_dense,right_left,action_entropy_mean,eikonal_aux,rule_based,nan,nan,False,n/a,16.39141434211281
3,left_right,action_entropy_mean,eikonal_aux,rule_based,nan,nan,False,n/a,15.563550971290482
3,right_left,action_entropy_mean,eikonal_aux,rule_based,nan,nan,False,n/a,19.57981119270398
4,stem_left,action_entropy_mean,eikonal_aux,rule_based,nan,nan,False,n/a,10.916050885626662
4,stem_right,action_entropy_mean,eikonal_aux,rule_based,nan,nan,False,n/a,12.570997852212068
1a,right_stem,action_entropy_mean,fusion_aux,hjb_aux,nan,nan,False,n/a,5.091488390360984
1a,stem_left,action_entropy_mean,fusion_aux,hjb_aux,nan,nan,False,n/a,4.313873815586756
1a,stem_right,action_entropy_mean,fusion_aux,hjb_aux,nan,nan,False,n/a,3.056556150308431
1b,stem_left,action_entropy_mean,fusion_aux,hjb_aux,nan,nan,False,n/a,2.568706853250751
1b,stem_right,action_entropy_mean,fusion_aux,hjb_aux,nan,nan,False,n/a,1.2507663455402396
2,stem_left,action_entropy_mean,fusion_aux,hjb_aux,nan,nan,False,n/a,1.9415543133382769
2,stem_right,action_entropy_mean,fusion_aux,hjb_aux,nan,nan,False,n/a,0.22252887894329176
2_dense,right_left,action_entropy_mean,fusion_aux,hjb_aux,nan,nan,False,n/a,1.3741116944992993
3,left_right,action_entropy_mean,fusion_aux,hjb_aux,nan,nan,False,n/a,0.7471892831977534
3,right_left,action_entropy_mean,fusion_aux,hjb_aux,nan,nan,False,n/a,1.19140780799925
4,stem_left,action_entropy_mean,fusion_aux,hjb_aux,nan,nan,False,n/a,1.8202734689511546
4,stem_right,action_entropy_mean,fusion_aux,hjb_aux,nan,nan,False,n/a,0.6906213032863353
1a,right_stem,action_entropy_mean,fusion_aux,soft_hjb_aux,nan,nan,False,n/a,3.1976672276842155
1a,stem_left,action_entropy_mean,fusion_aux,soft_hjb_aux,nan,nan,False,n/a,1.8263237449944731
1a,stem_right,action_entropy_mean,fusion_aux,soft_hjb_aux,nan,nan,False,n/a,1.6054388508151831
1b,stem_left,action_entropy_mean,fusion_aux,soft_hjb_aux,nan,nan,False,n/a,-0.7337614525016468
1b,stem_right,action_entropy_mean,fusion_aux,soft_hjb_aux,nan,nan,False,n/a,-0.14840937268396734
2,stem_left,action_entropy_mean,fusion_aux,soft_hjb_aux,nan,nan,False,n/a,-0.35612411602740984
2,stem_right,action_entropy_mean,fusion_aux,soft_hjb_aux,nan,nan,False,n/a,-0.4167035367950976
2_dense,right_left,action_entropy_mean,fusion_aux,soft_hjb_aux,nan,nan,False,n/a,0.024269160263177856
3,left_right,action_entropy_mean,fusion_aux,soft_hjb_aux,nan,nan,False,n/a,-0.5624094629145632
3,right_left,action_entropy_mean,fusion_aux,soft_hjb_aux,nan,nan,False,n/a,-1.1415007210472372
4,stem_left,action_entropy_mean,fusion_aux,soft_hjb_aux,nan,nan,False,n/a,-0.7856979945369659
4,stem_right,action_entropy_mean,fusion_aux,soft_hjb_aux,nan,nan,False,n/a,-0.4108071066927564
1a,right_stem,action_entropy_mean,fusion_aux,eikonal_aux,nan,nan,False,n/a,-1.2210713713969903
1a,stem_left,action_entropy_mean,fusion_aux,eikonal_aux,nan,nan,False,n/a,-2.2492355165926523
1a,stem_right,action_entropy_mean,fusion_aux,eikonal_aux,nan,nan,False,n/a,-1.7844624785106304
1b,stem_left,action_entropy_mean,fusion_aux,eikonal_aux,nan,nan,False,n/a,0.2785547257898001
1b,stem_right,action_entropy_mean,fusion_aux,eikonal_aux,nan,nan,False,n/a,-0.6684221322390512
2,stem_left,action_entropy_mean,fusion_aux,eikonal_aux,nan,nan,False,n/a,-1.0200437168338143
2,stem_right,action_entropy_mean,fusion_aux,eikonal_aux,nan,nan,False,n/a,-0.8256934285305375
2_dense,right_left,action_entropy_mean,fusion_aux,eikonal_aux,nan,nan,False,n/a,0.020800161254206476
3,left_right,action_entropy_mean,fusion_aux,eikonal_aux,nan,nan,False,n/a,-0.8720851751802402
3,right_left,action_entropy_mean,fusion_aux,eikonal_aux,nan,nan,False,n/a,-1.6759632194134413
4,stem_left,action_entropy_mean,fusion_aux,eikonal_aux,nan,nan,False,n/a,-0.4512766290125934
4,stem_right,action_entropy_mean,fusion_aux,eikonal_aux,nan,nan,False,n/a,-0.5056508284020087
1a,right_stem,action_entropy_mean,fusion_aux,cbf_aux,nan,nan,False,n/a,2.8748615220911646
1a,stem_left,action_entropy_mean,fusion_aux,cbf_aux,nan,nan,False,n/a,3.235676011463551
1a,stem_right,action_entropy_mean,fusion_aux,cbf_aux,nan,nan,False,n/a,1.7144536431416453
1b,stem_left,action_entropy_mean,fusion_aux,cbf_aux,nan,nan,False,n/a,4.4452142122006055
1b,stem_right,action_entropy_mean,fusion_aux,cbf_aux,nan,nan,False,n/a,0.9592801373904755
2,stem_left,action_entropy_mean,fusion_aux,cbf_aux,nan,nan,False,n/a,1.4925718622231299
2,stem_right,action_entropy_mean,fusion_aux,cbf_aux,nan,nan,False,n/a,0.21385392222049593
2_dense,right_left,action_entropy_mean,fusion_aux,cbf_aux,nan,nan,False,n/a,1.7253606239775243
3,left_right,action_entropy_mean,fusion_aux,cbf_aux,nan,nan,False,n/a,0.973697473215589
3,right_left,action_entropy_mean,fusion_aux,cbf_aux,nan,nan,False,n/a,0.5313582121004827
4,stem_left,action_entropy_mean,fusion_aux,cbf_aux,nan,nan,False,n/a,0.7268499738292671
4,stem_right,action_entropy_mean,fusion_aux,cbf_aux,nan,nan,False,n/a,1.0659096709326232
1a,right_stem,action_entropy_mean,fusion_aux,rule_based,nan,nan,False,n/a,1.560447293791042
1a,stem_left,action_entropy_mean,fusion_aux,rule_based,nan,nan,False,n/a,1.1112480804981868
1a,stem_right,action_entropy_mean,fusion_aux,rule_based,nan,nan,False,n/a,0.34021863305553535
1b,stem_left,action_entropy_mean,fusion_aux,rule_based,nan,nan,False,n/a,11.244557808718646
1b,stem_right,action_entropy_mean,fusion_aux,rule_based,nan,nan,False,n/a,9.272751848852392
2,stem_left,action_entropy_mean,fusion_aux,rule_based,nan,nan,False,n/a,11.015200582435403
2,stem_right,action_entropy_mean,fusion_aux,rule_based,nan,nan,False,n/a,4.3212741932252134
2_dense,right_left,action_entropy_mean,fusion_aux,rule_based,nan,nan,False,n/a,15.171641960287086
3,left_right,action_entropy_mean,fusion_aux,rule_based,nan,nan,False,n/a,19.47579695815181
3,right_left,action_entropy_mean,fusion_aux,rule_based,nan,nan,False,n/a,7.073189678505681
4,stem_left,action_entropy_mean,fusion_aux,rule_based,nan,nan,False,n/a,19.564045460518358
4,stem_right,action_entropy_mean,fusion_aux,rule_based,nan,nan,False,n/a,16.16650567544678
1a,right_stem,action_entropy_mean,cbf_aux,hjb_aux,nan,nan,False,n/a,1.2142684481352881
1a,stem_left,action_entropy_mean,cbf_aux,hjb_aux,nan,nan,False,n/a,0.7796272707665263
1a,stem_right,action_entropy_mean,cbf_aux,hjb_aux,nan,nan,False,n/a,1.3574328548736874
1b,stem_left,action_entropy_mean,cbf_aux,hjb_aux,nan,nan,False,n/a,-0.3339086409601505
1b,stem_right,action_entropy_mean,cbf_aux,hjb_aux,nan,nan,False,n/a,0.00462425832350682
2,stem_left,action_entropy_mean,cbf_aux,hjb_aux,nan,nan,False,n/a,0.28479159391383047
2,stem_right,action_entropy_mean,cbf_aux,hjb_aux,nan,nan,False,n/a,-0.008786350569890496
2_dense,right_left,action_entropy_mean,cbf_aux,hjb_aux,nan,nan,False,n/a,-0.04791306034260871
3,left_right,action_entropy_mean,cbf_aux,hjb_aux,nan,nan,False,n/a,-0.3905461822613314
3,right_left,action_entropy_mean,cbf_aux,hjb_aux,nan,nan,False,n/a,0.6420748693459902
4,stem_left,action_entropy_mean,cbf_aux,hjb_aux,nan,nan,False,n/a,0.41769900258123027
4,stem_right,action_entropy_mean,cbf_aux,hjb_aux,nan,nan,False,n/a,-0.5174789849510593
1a,right_stem,action_entropy_mean,cbf_aux,soft_hjb_aux,nan,nan,False,n/a,-0.8604868187290897
1a,stem_left,action_entropy_mean,cbf_aux,soft_hjb_aux,nan,nan,False,n/a,-1.4980029375311457
1a,stem_right,action_entropy_mean,cbf_aux,soft_hjb_aux,nan,nan,False,n/a,-0.6648467990789387
1b,stem_left,action_entropy_mean,cbf_aux,soft_hjb_aux,nan,nan,False,n/a,-4.7858737243883605
1b,stem_right,action_entropy_mean,cbf_aux,soft_hjb_aux,nan,nan,False,n/a,-1.1229341724260955
2,stem_left,action_entropy_mean,cbf_aux,soft_hjb_aux,nan,nan,False,n/a,-1.9773429196835879
2,stem_right,action_entropy_mean,cbf_aux,soft_hjb_aux,nan,nan,False,n/a,-0.7452999759903347
2_dense,right_left,action_entropy_mean,cbf_aux,soft_hjb_aux,nan,nan,False,n/a,-1.7676967500262006
3,left_right,action_entropy_mean,cbf_aux,soft_hjb_aux,nan,nan,False,n/a,-1.2098969283225323
3,right_left,action_entropy_mean,cbf_aux,soft_hjb_aux,nan,nan,False,n/a,-0.9741248074054618
4,stem_left,action_entropy_mean,cbf_aux,soft_hjb_aux,nan,nan,False,n/a,-1.1632526589961125
4,stem_right,action_entropy_mean,cbf_aux,soft_hjb_aux,nan,nan,False,n/a,-1.3679328344952526
1a,right_stem,action_entropy_mean,cbf_aux,eikonal_aux,nan,nan,False,n/a,-4.311276228344446
1a,stem_left,action_entropy_mean,cbf_aux,eikonal_aux,nan,nan,False,n/a,-7.4161475858774075
1a,stem_right,action_entropy_mean,cbf_aux,eikonal_aux,nan,nan,False,n/a,-4.691935604002971
1b,stem_left,action_entropy_mean,cbf_aux,eikonal_aux,nan,nan,False,n/a,-4.437361229162167
1b,stem_right,action_entropy_mean,cbf_aux,eikonal_aux,nan,nan,False,n/a,-1.475772864957317
2,stem_left,action_entropy_mean,cbf_aux,eikonal_aux,nan,nan,False,n/a,-2.524156670582923
2,stem_right,action_entropy_mean,cbf_aux,eikonal_aux,nan,nan,False,n/a,-1.187437574834296
2_dense,right_left,action_entropy_mean,cbf_aux,eikonal_aux,nan,nan,False,n/a,-1.7275970600045503
3,left_right,action_entropy_mean,cbf_aux,eikonal_aux,nan,nan,False,n/a,-1.3951788683813253
3,right_left,action_entropy_mean,cbf_aux,eikonal_aux,nan,nan,False,n/a,-1.1682070406374854
4,stem_left,action_entropy_mean,cbf_aux,eikonal_aux,nan,nan,False,n/a,-0.9368962623029677
4,stem_right,action_entropy_mean,cbf_aux,eikonal_aux,nan,nan,False,n/a,-1.354114948344152
1a,right_stem,action_entropy_mean,cbf_aux,fusion_aux,nan,nan,False,n/a,-2.8748615220911646
1a,stem_left,action_entropy_mean,cbf_aux,fusion_aux,nan,nan,False,n/a,-3.235676011463551
1a,stem_right,action_entropy_mean,cbf_aux,fusion_aux,nan,nan,False,n/a,-1.7144536431416453
1b,stem_left,action_entropy_mean,cbf_aux,fusion_aux,nan,nan,False,n/a,-4.4452142122006055
1b,stem_right,action_entropy_mean,cbf_aux,fusion_aux,nan,nan,False,n/a,-0.9592801373904755
2,stem_left,action_entropy_mean,cbf_aux,fusion_aux,nan,nan,False,n/a,-1.4925718622231299
2,stem_right,action_entropy_mean,cbf_aux,fusion_aux,nan,nan,False,n/a,-0.21385392222049593
2_dense,right_left,action_entropy_mean,cbf_aux,fusion_aux,nan,nan,False,n/a,-1.7253606239775243
3,left_right,action_entropy_mean,cbf_aux,fusion_aux,nan,nan,False,n/a,-0.973697473215589
3,right_left,action_entropy_mean,cbf_aux,fusion_aux,nan,nan,False,n/a,-0.5313582121004827
4,stem_left,action_entropy_mean,cbf_aux,fusion_aux,nan,nan,False,n/a,-0.7268499738292671
4,stem_right,action_entropy_mean,cbf_aux,fusion_aux,nan,nan,False,n/a,-1.0659096709326232
1a,right_stem,action_entropy_mean,cbf_aux,rule_based,nan,nan,False,n/a,-2.4932051486405697
1a,stem_left,action_entropy_mean,cbf_aux,rule_based,nan,nan,False,n/a,-3.831590810758624
1a,stem_right,action_entropy_mean,cbf_aux,rule_based,nan,nan,False,n/a,-2.464845184586386
1b,stem_left,action_entropy_mean,cbf_aux,rule_based,nan,nan,False,n/a,-1.381292438004734
1b,stem_right,action_entropy_mean,cbf_aux,rule_based,nan,nan,False,n/a,4.343461996832353
2,stem_left,action_entropy_mean,cbf_aux,rule_based,nan,nan,False,n/a,7.221733311879879
2,stem_right,action_entropy_mean,cbf_aux,rule_based,nan,nan,False,n/a,4.5841924251334145
2_dense,right_left,action_entropy_mean,cbf_aux,rule_based,nan,nan,False,n/a,2.7065147794872777
3,left_right,action_entropy_mean,cbf_aux,rule_based,nan,nan,False,n/a,5.765740039471529
3,right_left,action_entropy_mean,cbf_aux,rule_based,nan,nan,False,n/a,1.8253195141080234
4,stem_left,action_entropy_mean,cbf_aux,rule_based,nan,nan,False,n/a,7.678829605479527
4,stem_right,action_entropy_mean,cbf_aux,rule_based,nan,nan,False,n/a,7.89655001648621
1a,right_stem,action_entropy_mean,rule_based,hjb_aux,nan,nan,False,n/a,10.230892260190712
1a,stem_left,action_entropy_mean,rule_based,hjb_aux,nan,nan,False,n/a,7.366402939136901
1a,stem_right,action_entropy_mean,rule_based,hjb_aux,nan,nan,False,n/a,12.466851597078536
1b,stem_left,action_entropy_mean,rule_based,hjb_aux,nan,nan,False,n/a,0.5011053473907727
1b,stem_right,action_entropy_mean,rule_based,hjb_aux,nan,nan,False,n/a,-6.4347681496658335
2,stem_left,action_entropy_mean,rule_based,hjb_aux,nan,nan,False,n/a,-8.007023160450728
2,stem_right,action_entropy_mean,rule_based,hjb_aux,nan,nan,False,n/a,-5.577962647987443
2_dense,right_left,action_entropy_mean,rule_based,hjb_aux,nan,nan,False,n/a,-2.282021204565828
3,left_right,action_entropy_mean,rule_based,hjb_aux,nan,nan,False,n/a,-9.357031935522473
3,right_left,action_entropy_mean,rule_based,hjb_aux,nan,nan,False,n/a,-0.5761953416327019
4,stem_left,action_entropy_mean,rule_based,hjb_aux,nan,nan,False,n/a,-13.197550535414145
4,stem_right,action_entropy_mean,rule_based,hjb_aux,nan,nan,False,n/a,-12.804510183036687
1a,right_stem,action_entropy_mean,rule_based,soft_hjb_aux,nan,nan,False,n/a,12.068367249238294
1a,stem_left,action_entropy_mean,rule_based,soft_hjb_aux,nan,nan,False,n/a,1.5158786281936532
1a,stem_right,action_entropy_mean,rule_based,soft_hjb_aux,nan,nan,False,n/a,8.586298317549202
1b,stem_left,action_entropy_mean,rule_based,soft_hjb_aux,nan,nan,False,n/a,-17.094589130955153
1b,stem_right,action_entropy_mean,rule_based,soft_hjb_aux,nan,nan,False,n/a,-13.040525219105923
2,stem_left,action_entropy_mean,rule_based,soft_hjb_aux,nan,nan,False,n/a,-15.853864574446892
2,stem_right,action_entropy_mean,rule_based,soft_hjb_aux,nan,nan,False,n/a,-9.993791886415552
2_dense,right_left,action_entropy_mean,rule_based,soft_hjb_aux,nan,nan,False,n/a,-27.23859099978551
3,left_right,action_entropy_mean,rule_based,soft_hjb_aux,nan,nan,False,n/a,-18.158180372402537
3,right_left,action_entropy_mean,rule_based,soft_hjb_aux,nan,nan,False,n/a,-17.70503951710771
4,stem_left,action_entropy_mean,rule_based,soft_hjb_aux,nan,nan,False,n/a,-23.566352796841276
4,stem_right,action_entropy_mean,rule_based,soft_hjb_aux,nan,nan,False,n/a,-18.43161400327746
1a,right_stem,action_entropy_mean,rule_based,eikonal_aux,nan,nan,False,n/a,-3.760193177851436
1a,stem_left,action_entropy_mean,rule_based,eikonal_aux,nan,nan,False,n/a,-8.705687694879824
1a,stem_right,action_entropy_mean,rule_based,eikonal_aux,nan,nan,False,n/a,-4.670725920132126
1b,stem_left,action_entropy_mean,rule_based,eikonal_aux,nan,nan,False,n/a,-15.443375883361858
1b,stem_right,action_entropy_mean,rule_based,eikonal_aux,nan,nan,False,n/a,-15.111089760474638
2,stem_left,action_entropy_mean,rule_based,eikonal_aux,nan,nan,False,n/a,-15.516030290612724
2,stem_right,action_entropy_mean,rule_based,eikonal_aux,nan,nan,False,n/a,-9.988067527313499
2_dense,right_left,action_entropy_mean,rule_based,eikonal_aux,nan,nan,False,n/a,-16.39141434211281
3,left_right,action_entropy_mean,rule_based,eikonal_aux,nan,nan,False,n/a,-15.563550971290482
3,right_left,action_entropy_mean,rule_based,eikonal_aux,nan,nan,False,n/a,-19.57981119270398
4,stem_left,action_entropy_mean,rule_based,eikonal_aux,nan,nan,False,n/a,-10.916050885626662
4,stem_right,action_entropy_mean,rule_based,eikonal_aux,nan,nan,False,n/a,-12.570997852212068
1a,right_stem,action_entropy_mean,rule_based,fusion_aux,nan,nan,False,n/a,-1.560447293791042
1a,stem_left,action_entropy_mean,rule_based,fusion_aux,nan,nan,False,n/a,-1.1112480804981868
1a,stem_right,action_entropy_mean,rule_based,fusion_aux,nan,nan,False,n/a,-0.34021863305553535
1b,stem_left,action_entropy_mean,rule_based,fusion_aux,nan,nan,False,n/a,-11.244557808718646
1b,stem_right,action_entropy_mean,rule_based,fusion_aux,nan,nan,False,n/a,-9.272751848852392
2,stem_left,action_entropy_mean,rule_based,fusion_aux,nan,nan,False,n/a,-11.015200582435403
2,stem_right,action_entropy_mean,rule_based,fusion_aux,nan,nan,False,n/a,-4.3212741932252134
2_dense,right_left,action_entropy_mean,rule_based,fusion_aux,nan,nan,False,n/a,-15.171641960287086
3,left_right,action_entropy_mean,rule_based,fusion_aux,nan,nan,False,n/a,-19.47579695815181
3,right_left,action_entropy_mean,rule_based,fusion_aux,nan,nan,False,n/a,-7.073189678505681
4,stem_left,action_entropy_mean,rule_based,fusion_aux,nan,nan,False,n/a,-19.564045460518358
4,stem_right,action_entropy_mean,rule_based,fusion_aux,nan,nan,False,n/a,-16.16650567544678
1a,right_stem,action_entropy_mean,rule_based,cbf_aux,nan,nan,False,n/a,2.4932051486405697
1a,stem_left,action_entropy_mean,rule_based,cbf_aux,nan,nan,False,n/a,3.831590810758624
1a,stem_right,action_entropy_mean,rule_based,cbf_aux,nan,nan,False,n/a,2.464845184586386
1b,stem_left,action_entropy_mean,rule_based,cbf_aux,nan,nan,False,n/a,1.381292438004734
1b,stem_right,action_entropy_mean,rule_based,cbf_aux,nan,nan,False,n/a,-4.343461996832353
2,stem_left,action_entropy_mean,rule_based,cbf_aux,nan,nan,False,n/a,-7.221733311879879
2,stem_right,action_entropy_mean,rule_based,cbf_aux,nan,nan,False,n/a,-4.5841924251334145
2_dense,right_left,action_entropy_mean,rule_based,cbf_aux,nan,nan,False,n/a,-2.7065147794872777
3,left_right,action_entropy_mean,rule_based,cbf_aux,nan,nan,False,n/a,-5.765740039471529
3,right_left,action_entropy_mean,rule_based,cbf_aux,nan,nan,False,n/a,-1.8253195141080234
4,stem_left,action_entropy_mean,rule_based,cbf_aux,nan,nan,False,n/a,-7.678829605479527
4,stem_right,action_entropy_mean,rule_based,cbf_aux,nan,nan,False,n/a,-7.89655001648621
1a,right_stem,hard_brakes_per_ep_mean,hjb_aux,soft_hjb_aux,nan,nan,False,n/a,0.2227906250088507
1a,stem_left,hard_brakes_per_ep_mean,hjb_aux,soft_hjb_aux,nan,nan,False,n/a,0.07560056239053854
1a,stem_right,hard_brakes_per_ep_mean,hjb_aux,soft_hjb_aux,nan,nan,False,n/a,0.3606131625847819
1b,stem_left,hard_brakes_per_ep_mean,hjb_aux,soft_hjb_aux,nan,nan,False,n/a,2.290647888171903
1b,stem_right,hard_brakes_per_ep_mean,hjb_aux,soft_hjb_aux,nan,nan,False,n/a,1.8830867287356254
2,stem_left,hard_brakes_per_ep_mean,hjb_aux,soft_hjb_aux,nan,nan,False,n/a,4.321682919242474
2,stem_right,hard_brakes_per_ep_mean,hjb_aux,soft_hjb_aux,nan,nan,False,n/a,1.9975275856390802
2_dense,right_left,hard_brakes_per_ep_mean,hjb_aux,soft_hjb_aux,nan,nan,False,n/a,-0.04292313121232125
3,left_right,hard_brakes_per_ep_mean,hjb_aux,soft_hjb_aux,nan,nan,False,n/a,-0.49908808324348003
3,right_left,hard_brakes_per_ep_mean,hjb_aux,soft_hjb_aux,nan,nan,False,n/a,1.8998184377593488
4,stem_left,hard_brakes_per_ep_mean,hjb_aux,soft_hjb_aux,nan,nan,False,n/a,1.5749134429149472
4,stem_right,hard_brakes_per_ep_mean,hjb_aux,soft_hjb_aux,nan,nan,False,n/a,1.2924945871998745
1a,right_stem,hard_brakes_per_ep_mean,hjb_aux,eikonal_aux,nan,nan,False,n/a,-2.3715072822542824
1a,stem_left,hard_brakes_per_ep_mean,hjb_aux,eikonal_aux,nan,nan,False,n/a,-1.7174176576448141
1a,stem_right,hard_brakes_per_ep_mean,hjb_aux,eikonal_aux,nan,nan,False,n/a,-1.301153780418436
1b,stem_left,hard_brakes_per_ep_mean,hjb_aux,eikonal_aux,nan,nan,False,n/a,3.410914462216092
1b,stem_right,hard_brakes_per_ep_mean,hjb_aux,eikonal_aux,nan,nan,False,n/a,3.446846781455288
2,stem_left,hard_brakes_per_ep_mean,hjb_aux,eikonal_aux,nan,nan,False,n/a,4.117727248258442
2,stem_right,hard_brakes_per_ep_mean,hjb_aux,eikonal_aux,nan,nan,False,n/a,1.2029559620045003
2_dense,right_left,hard_brakes_per_ep_mean,hjb_aux,eikonal_aux,nan,nan,False,n/a,0.5439384273354813
3,left_right,hard_brakes_per_ep_mean,hjb_aux,eikonal_aux,nan,nan,False,n/a,-0.15631202882606657
3,right_left,hard_brakes_per_ep_mean,hjb_aux,eikonal_aux,nan,nan,False,n/a,2.263427101754924
4,stem_left,hard_brakes_per_ep_mean,hjb_aux,eikonal_aux,nan,nan,False,n/a,1.3411407930196395
4,stem_right,hard_brakes_per_ep_mean,hjb_aux,eikonal_aux,nan,nan,False,n/a,1.6244619020649358
1a,right_stem,hard_brakes_per_ep_mean,hjb_aux,fusion_aux,nan,nan,False,n/a,-1.4013127922437132
1a,stem_left,hard_brakes_per_ep_mean,hjb_aux,fusion_aux,nan,nan,False,n/a,-0.38730494605042065
1a,stem_right,hard_brakes_per_ep_mean,hjb_aux,fusion_aux,nan,nan,False,n/a,0.7237071025164336
1b,stem_left,hard_brakes_per_ep_mean,hjb_aux,fusion_aux,nan,nan,False,n/a,2.6205229989979486
1b,stem_right,hard_brakes_per_ep_mean,hjb_aux,fusion_aux,nan,nan,False,n/a,2.8276428523569392
2,stem_left,hard_brakes_per_ep_mean,hjb_aux,fusion_aux,nan,nan,False,n/a,3.5501750425118654
2,stem_right,hard_brakes_per_ep_mean,hjb_aux,fusion_aux,nan,nan,False,n/a,1.488375571998061
2_dense,right_left,hard_brakes_per_ep_mean,hjb_aux,fusion_aux,nan,nan,False,n/a,0.5162062456437888
3,left_right,hard_brakes_per_ep_mean,hjb_aux,fusion_aux,nan,nan,False,n/a,-0.07042310501187031
3,right_left,hard_brakes_per_ep_mean,hjb_aux,fusion_aux,nan,nan,False,n/a,1.5694239232319167
4,stem_left,hard_brakes_per_ep_mean,hjb_aux,fusion_aux,nan,nan,False,n/a,1.4812972402400313
4,stem_right,hard_brakes_per_ep_mean,hjb_aux,fusion_aux,nan,nan,False,n/a,1.679863480909884
1a,right_stem,hard_brakes_per_ep_mean,hjb_aux,cbf_aux,nan,nan,False,n/a,-0.7291127471390996
1a,stem_left,hard_brakes_per_ep_mean,hjb_aux,cbf_aux,nan,nan,False,n/a,-0.7220587647532611
1a,stem_right,hard_brakes_per_ep_mean,hjb_aux,cbf_aux,nan,nan,False,n/a,-0.7542974079528652
1b,stem_left,hard_brakes_per_ep_mean,hjb_aux,cbf_aux,nan,nan,False,n/a,-0.48205828042410714
1b,stem_right,hard_brakes_per_ep_mean,hjb_aux,cbf_aux,nan,nan,False,n/a,0.46318390977177765
2,stem_left,hard_brakes_per_ep_mean,hjb_aux,cbf_aux,nan,nan,False,n/a,0.3113746132193665
2,stem_right,hard_brakes_per_ep_mean,hjb_aux,cbf_aux,nan,nan,False,n/a,-0.13504836956590266
2_dense,right_left,hard_brakes_per_ep_mean,hjb_aux,cbf_aux,nan,nan,False,n/a,-0.1594166320486089
3,left_right,hard_brakes_per_ep_mean,hjb_aux,cbf_aux,nan,nan,False,n/a,1.121801278195098
3,right_left,hard_brakes_per_ep_mean,hjb_aux,cbf_aux,nan,nan,False,n/a,0.3088191916413106
4,stem_left,hard_brakes_per_ep_mean,hjb_aux,cbf_aux,nan,nan,False,n/a,-0.6359074350735825
4,stem_right,hard_brakes_per_ep_mean,hjb_aux,cbf_aux,nan,nan,False,n/a,0.298258560651226
1a,right_stem,hard_brakes_per_ep_mean,hjb_aux,rule_based,nan,nan,False,n/a,-3.067044428839864
1a,stem_left,hard_brakes_per_ep_mean,hjb_aux,rule_based,nan,nan,False,n/a,-4.142432457323972
1a,stem_right,hard_brakes_per_ep_mean,hjb_aux,rule_based,nan,nan,False,n/a,-2.8907175601182287
1b,stem_left,hard_brakes_per_ep_mean,hjb_aux,rule_based,nan,nan,False,n/a,0.16220641321339727
1b,stem_right,hard_brakes_per_ep_mean,hjb_aux,rule_based,nan,nan,False,n/a,0.3210421794255256
2,stem_left,hard_brakes_per_ep_mean,hjb_aux,rule_based,nan,nan,False,n/a,1.08353024038649
2,stem_right,hard_brakes_per_ep_mean,hjb_aux,rule_based,nan,nan,False,n/a,0.8838338023219138
2_dense,right_left,hard_brakes_per_ep_mean,hjb_aux,rule_based,nan,nan,False,n/a,-3.2511043727827142
3,left_right,hard_brakes_per_ep_mean,hjb_aux,rule_based,nan,nan,False,n/a,-5.328925403052027
3,right_left,hard_brakes_per_ep_mean,hjb_aux,rule_based,nan,nan,False,n/a,-0.93113432690559
4,stem_left,hard_brakes_per_ep_mean,hjb_aux,rule_based,nan,nan,False,n/a,0.23811107256104597
4,stem_right,hard_brakes_per_ep_mean,hjb_aux,rule_based,nan,nan,False,n/a,1.0075203656785106
1a,right_stem,hard_brakes_per_ep_mean,soft_hjb_aux,hjb_aux,nan,nan,False,n/a,-0.2227906250088507
1a,stem_left,hard_brakes_per_ep_mean,soft_hjb_aux,hjb_aux,nan,nan,False,n/a,-0.07560056239053854
1a,stem_right,hard_brakes_per_ep_mean,soft_hjb_aux,hjb_aux,nan,nan,False,n/a,-0.3606131625847819
1b,stem_left,hard_brakes_per_ep_mean,soft_hjb_aux,hjb_aux,nan,nan,False,n/a,-2.290647888171903
1b,stem_right,hard_brakes_per_ep_mean,soft_hjb_aux,hjb_aux,nan,nan,False,n/a,-1.8830867287356254
2,stem_left,hard_brakes_per_ep_mean,soft_hjb_aux,hjb_aux,nan,nan,False,n/a,-4.321682919242474
2,stem_right,hard_brakes_per_ep_mean,soft_hjb_aux,hjb_aux,nan,nan,False,n/a,-1.9975275856390802
2_dense,right_left,hard_brakes_per_ep_mean,soft_hjb_aux,hjb_aux,nan,nan,False,n/a,0.04292313121232125
3,left_right,hard_brakes_per_ep_mean,soft_hjb_aux,hjb_aux,nan,nan,False,n/a,0.49908808324348003
3,right_left,hard_brakes_per_ep_mean,soft_hjb_aux,hjb_aux,nan,nan,False,n/a,-1.8998184377593488
4,stem_left,hard_brakes_per_ep_mean,soft_hjb_aux,hjb_aux,nan,nan,False,n/a,-1.5749134429149472
4,stem_right,hard_brakes_per_ep_mean,soft_hjb_aux,hjb_aux,nan,nan,False,n/a,-1.2924945871998745
1a,right_stem,hard_brakes_per_ep_mean,soft_hjb_aux,eikonal_aux,nan,nan,False,n/a,-4.547663646263548
1a,stem_left,hard_brakes_per_ep_mean,soft_hjb_aux,eikonal_aux,nan,nan,False,n/a,-1.7596578566801946
1a,stem_right,hard_brakes_per_ep_mean,soft_hjb_aux,eikonal_aux,nan,nan,False,n/a,-1.9262643717827934
1b,stem_left,hard_brakes_per_ep_mean,soft_hjb_aux,eikonal_aux,nan,nan,False,n/a,1.7729146533867426
1b,stem_right,hard_brakes_per_ep_mean,soft_hjb_aux,eikonal_aux,nan,nan,False,n/a,1.1912187358005608
2,stem_left,hard_brakes_per_ep_mean,soft_hjb_aux,eikonal_aux,nan,nan,False,n/a,-0.04290297311063411
2,stem_right,hard_brakes_per_ep_mean,soft_hjb_aux,eikonal_aux,nan,nan,False,n/a,0.035170060121222244
2_dense,right_left,hard_brakes_per_ep_mean,soft_hjb_aux,eikonal_aux,nan,nan,False,n/a,1.130285311422606
3,left_right,hard_brakes_per_ep_mean,soft_hjb_aux,eikonal_aux,nan,nan,False,n/a,0.14992589028247544
3,right_left,hard_brakes_per_ep_mean,soft_hjb_aux,eikonal_aux,nan,nan,False,n/a,0.6786283546257971
4,stem_left,hard_brakes_per_ep_mean,soft_hjb_aux,eikonal_aux,nan,nan,False,n/a,-0.18775169263588337
4,stem_right,hard_brakes_per_ep_mean,soft_hjb_aux,eikonal_aux,nan,nan,False,n/a,0.5302549969999031
1a,right_stem,hard_brakes_per_ep_mean,soft_hjb_aux,fusion_aux,nan,nan,False,n/a,-2.2166347049629715
1a,stem_left,hard_brakes_per_ep_mean,soft_hjb_aux,fusion_aux,nan,nan,False,n/a,-0.43971074350082573
1a,stem_right,hard_brakes_per_ep_mean,soft_hjb_aux,fusion_aux,nan,nan,False,n/a,0.6075133739299988
1b,stem_left,hard_brakes_per_ep_mean,soft_hjb_aux,fusion_aux,nan,nan,False,n/a,0.493716327299215
1b,stem_right,hard_brakes_per_ep_mean,soft_hjb_aux,fusion_aux,nan,nan,False,n/a,0.7558430003826989
2,stem_left,hard_brakes_per_ep_mean,soft_hjb_aux,fusion_aux,nan,nan,False,n/a,-0.8152019455851134
2,stem_right,hard_brakes_per_ep_mean,soft_hjb_aux,fusion_aux,nan,nan,False,n/a,-0.08957460247484868
2_dense,right_left,hard_brakes_per_ep_mean,soft_hjb_aux,fusion_aux,nan,nan,False,n/a,1.261856189706264
3,left_right,hard_brakes_per_ep_mean,soft_hjb_aux,fusion_aux,nan,nan,False,n/a,0.39511654762670645
3,right_left,hard_brakes_per_ep_mean,soft_hjb_aux,fusion_aux,nan,nan,False,n/a,-0.13832888561292878
4,stem_left,hard_brakes_per_ep_mean,soft_hjb_aux,fusion_aux,nan,nan,False,n/a,-0.296061068069673
4,stem_right,hard_brakes_per_ep_mean,soft_hjb_aux,fusion_aux,nan,nan,False,n/a,0.3484179133174332
1a,right_stem,hard_brakes_per_ep_mean,soft_hjb_aux,cbf_aux,nan,nan,False,n/a,-1.4252982978908086
1a,stem_left,hard_brakes_per_ep_mean,soft_hjb_aux,cbf_aux,nan,nan,False,n/a,-0.7922151179640784
1a,stem_right,hard_brakes_per_ep_mean,soft_hjb_aux,cbf_aux,nan,nan,False,n/a,-1.322610639317086
1b,stem_left,hard_brakes_per_ep_mean,soft_hjb_aux,cbf_aux,nan,nan,False,n/a,-4.742192197977572
1b,stem_right,hard_brakes_per_ep_mean,soft_hjb_aux,cbf_aux,nan,nan,False,n/a,-0.9167777685170047
2,stem_left,hard_brakes_per_ep_mean,soft_hjb_aux,cbf_aux,nan,nan,False,n/a,-3.176596057163539
2,stem_right,hard_brakes_per_ep_mean,soft_hjb_aux,cbf_aux,nan,nan,False,n/a,-1.9513902884254468
2_dense,right_left,hard_brakes_per_ep_mean,soft_hjb_aux,cbf_aux,nan,nan,False,n/a,-0.16452699676620727
3,left_right,hard_brakes_per_ep_mean,soft_hjb_aux,cbf_aux,nan,nan,False,n/a,1.2169931764886752
3,right_left,hard_brakes_per_ep_mean,soft_hjb_aux,cbf_aux,nan,nan,False,n/a,-1.471660502869996
4,stem_left,hard_brakes_per_ep_mean,soft_hjb_aux,cbf_aux,nan,nan,False,n/a,-4.303805886131538
4,stem_right,hard_brakes_per_ep_mean,soft_hjb_aux,cbf_aux,nan,nan,False,n/a,-1.279159131296397
1a,right_stem,hard_brakes_per_ep_mean,soft_hjb_aux,rule_based,nan,nan,False,n/a,-7.545562867215092
1a,stem_left,hard_brakes_per_ep_mean,soft_hjb_aux,rule_based,nan,nan,False,n/a,-4.11061698994962
1a,stem_right,hard_brakes_per_ep_mean,soft_hjb_aux,rule_based,nan,nan,False,n/a,-4.710981545461858
1b,stem_left,hard_brakes_per_ep_mean,soft_hjb_aux,rule_based,nan,nan,False,n/a,-4.693927259399069
1b,stem_right,hard_brakes_per_ep_mean,soft_hjb_aux,rule_based,nan,nan,False,n/a,-1.8940845704069365
2,stem_left,hard_brakes_per_ep_mean,soft_hjb_aux,rule_based,nan,nan,False,n/a,-4.835364478789006
2,stem_right,hard_brakes_per_ep_mean,soft_hjb_aux,rule_based,nan,nan,False,n/a,-1.4330365446283588
2_dense,right_left,hard_brakes_per_ep_mean,soft_hjb_aux,rule_based,nan,nan,False,n/a,-9.701855903554778
3,left_right,hard_brakes_per_ep_mean,soft_hjb_aux,rule_based,nan,nan,False,n/a,-4.424952378342749
3,right_left,hard_brakes_per_ep_mean,soft_hjb_aux,rule_based,nan,nan,False,n/a,-7.483577832449314
4,stem_left,hard_brakes_per_ep_mean,soft_hjb_aux,rule_based,nan,nan,False,n/a,-3.491257183802907
4,stem_right,hard_brakes_per_ep_mean,soft_hjb_aux,rule_based,nan,nan,False,n/a,-0.601801844638459
1a,right_stem,hard_brakes_per_ep_mean,eikonal_aux,hjb_aux,nan,nan,False,n/a,2.3715072822542824
1a,stem_left,hard_brakes_per_ep_mean,eikonal_aux,hjb_aux,nan,nan,False,n/a,1.7174176576448141
1a,stem_right,hard_brakes_per_ep_mean,eikonal_aux,hjb_aux,nan,nan,False,n/a,1.301153780418436
1b,stem_left,hard_brakes_per_ep_mean,eikonal_aux,hjb_aux,nan,nan,False,n/a,-3.410914462216092
1b,stem_right,hard_brakes_per_ep_mean,eikonal_aux,hjb_aux,nan,nan,False,n/a,-3.446846781455288
2,stem_left,hard_brakes_per_ep_mean,eikonal_aux,hjb_aux,nan,nan,False,n/a,-4.117727248258442
2,stem_right,hard_brakes_per_ep_mean,eikonal_aux,hjb_aux,nan,nan,False,n/a,-1.2029559620045003
2_dense,right_left,hard_brakes_per_ep_mean,eikonal_aux,hjb_aux,nan,nan,False,n/a,-0.5439384273354813
3,left_right,hard_brakes_per_ep_mean,eikonal_aux,hjb_aux,nan,nan,False,n/a,0.15631202882606657
3,right_left,hard_brakes_per_ep_mean,eikonal_aux,hjb_aux,nan,nan,False,n/a,-2.263427101754924
4,stem_left,hard_brakes_per_ep_mean,eikonal_aux,hjb_aux,nan,nan,False,n/a,-1.3411407930196395
4,stem_right,hard_brakes_per_ep_mean,eikonal_aux,hjb_aux,nan,nan,False,n/a,-1.6244619020649358
1a,right_stem,hard_brakes_per_ep_mean,eikonal_aux,soft_hjb_aux,nan,nan,False,n/a,4.547663646263548
1a,stem_left,hard_brakes_per_ep_mean,eikonal_aux,soft_hjb_aux,nan,nan,False,n/a,1.7596578566801946
1a,stem_right,hard_brakes_per_ep_mean,eikonal_aux,soft_hjb_aux,nan,nan,False,n/a,1.9262643717827934
1b,stem_left,hard_brakes_per_ep_mean,eikonal_aux,soft_hjb_aux,nan,nan,False,n/a,-1.7729146533867426
1b,stem_right,hard_brakes_per_ep_mean,eikonal_aux,soft_hjb_aux,nan,nan,False,n/a,-1.1912187358005608
2,stem_left,hard_brakes_per_ep_mean,eikonal_aux,soft_hjb_aux,nan,nan,False,n/a,0.04290297311063411
2,stem_right,hard_brakes_per_ep_mean,eikonal_aux,soft_hjb_aux,nan,nan,False,n/a,-0.035170060121222244
2_dense,right_left,hard_brakes_per_ep_mean,eikonal_aux,soft_hjb_aux,nan,nan,False,n/a,-1.130285311422606
3,left_right,hard_brakes_per_ep_mean,eikonal_aux,soft_hjb_aux,nan,nan,False,n/a,-0.14992589028247544
3,right_left,hard_brakes_per_ep_mean,eikonal_aux,soft_hjb_aux,nan,nan,False,n/a,-0.6786283546257971
4,stem_left,hard_brakes_per_ep_mean,eikonal_aux,soft_hjb_aux,nan,nan,False,n/a,0.18775169263588337
4,stem_right,hard_brakes_per_ep_mean,eikonal_aux,soft_hjb_aux,nan,nan,False,n/a,-0.5302549969999031
1a,right_stem,hard_brakes_per_ep_mean,eikonal_aux,fusion_aux,nan,nan,False,n/a,0.8355907703005047
1a,stem_left,hard_brakes_per_ep_mean,eikonal_aux,fusion_aux,nan,nan,False,n/a,1.036407153835615
1a,stem_right,hard_brakes_per_ep_mean,eikonal_aux,fusion_aux,nan,nan,False,n/a,1.24336034897966
1b,stem_left,hard_brakes_per_ep_mean,eikonal_aux,fusion_aux,nan,nan,False,n/a,-1.2374371971584461
1b,stem_right,hard_brakes_per_ep_mean,eikonal_aux,fusion_aux,nan,nan,False,n/a,-0.4208070028371023
2,stem_left,hard_brakes_per_ep_mean,eikonal_aux,fusion_aux,nan,nan,False,n/a,-0.7376095261628408
2,stem_right,hard_brakes_per_ep_mean,eikonal_aux,fusion_aux,nan,nan,False,n/a,-0.09160915948237061
2_dense,right_left,hard_brakes_per_ep_mean,eikonal_aux,fusion_aux,nan,nan,False,n/a,-0.09898034742273441
3,left_right,hard_brakes_per_ep_mean,eikonal_aux,fusion_aux,nan,nan,False,n/a,0.11246555995033246
3,right_left,hard_brakes_per_ep_mean,eikonal_aux,fusion_aux,nan,nan,False,n/a,-0.5971002142943895
4,stem_left,hard_brakes_per_ep_mean,eikonal_aux,fusion_aux,nan,nan,False,n/a,-0.01816381465744327
4,stem_right,hard_brakes_per_ep_mean,eikonal_aux,fusion_aux,nan,nan,False,n/a,-0.24657875117179173
1a,right_stem,hard_brakes_per_ep_mean,eikonal_aux,cbf_aux,nan,nan,False,n/a,2.155989269329695
1a,stem_left,hard_brakes_per_ep_mean,eikonal_aux,cbf_aux,nan,nan,False,n/a,1.313397927519263
1a,stem_right,hard_brakes_per_ep_mean,eikonal_aux,cbf_aux,nan,nan,False,n/a,0.6520916172107271
1b,stem_left,hard_brakes_per_ep_mean,eikonal_aux,cbf_aux,nan,nan,False,n/a,-8.298372421719392
1b,stem_right,hard_brakes_per_ep_mean,eikonal_aux,cbf_aux,nan,nan,False,n/a,-1.8933118688839194
2,stem_left,hard_brakes_per_ep_mean,eikonal_aux,cbf_aux,nan,nan,False,n/a,-3.0630352543468375
2,stem_right,hard_brakes_per_ep_mean,eikonal_aux,cbf_aux,nan,nan,False,n/a,-1.247541377298349
2_dense,right_left,hard_brakes_per_ep_mean,eikonal_aux,cbf_aux,nan,nan,False,n/a,-0.6696588900072751
3,left_right,hard_brakes_per_ep_mean,eikonal_aux,cbf_aux,nan,nan,False,n/a,0.5457161922229989
3,right_left,hard_brakes_per_ep_mean,eikonal_aux,cbf_aux,nan,nan,False,n/a,-1.8262202679907444
4,stem_left,hard_brakes_per_ep_mean,eikonal_aux,cbf_aux,nan,nan,False,n/a,-3.165073469979489
4,stem_right,hard_brakes_per_ep_mean,eikonal_aux,cbf_aux,nan,nan,False,n/a,-1.6196309266366236
1a,right_stem,hard_brakes_per_ep_mean,eikonal_aux,rule_based,nan,nan,False,n/a,-0.9793607223651288
1a,stem_left,hard_brakes_per_ep_mean,eikonal_aux,rule_based,nan,nan,False,n/a,-0.7867028377436205
1a,stem_right,hard_brakes_per_ep_mean,eikonal_aux,rule_based,nan,nan,False,n/a,-1.3150777346746494
1b,stem_left,hard_brakes_per_ep_mean,eikonal_aux,rule_based,nan,nan,False,n/a,-12.32048858199979
1b,stem_right,hard_brakes_per_ep_mean,eikonal_aux,rule_based,nan,nan,False,n/a,-3.7851623438836466
2,stem_left,hard_brakes_per_ep_mean,eikonal_aux,rule_based,nan,nan,False,n/a,-4.4411486958342525
2,stem_right,hard_brakes_per_ep_mean,eikonal_aux,rule_based,nan,nan,False,n/a,-0.7830281443687461
2_dense,right_left,hard_brakes_per_ep_mean,eikonal_aux,rule_based,nan,nan,False,n/a,-8.261642116544287
3,left_right,hard_brakes_per_ep_mean,eikonal_aux,rule_based,nan,nan,False,n/a,-3.8105548391362185
3,right_left,hard_brakes_per_ep_mean,eikonal_aux,rule_based,nan,nan,False,n/a,-9.065657931469563
4,stem_left,hard_brakes_per_ep_mean,eikonal_aux,rule_based,nan,nan,False,n/a,-2.1663319341344134
4,stem_right,hard_brakes_per_ep_mean,eikonal_aux,rule_based,nan,nan,False,n/a,-1.0871221171241907
1a,right_stem,hard_brakes_per_ep_mean,fusion_aux,hjb_aux,nan,nan,False,n/a,1.4013127922437132
1a,stem_left,hard_brakes_per_ep_mean,fusion_aux,hjb_aux,nan,nan,False,n/a,0.38730494605042065
1a,stem_right,hard_brakes_per_ep_mean,fusion_aux,hjb_aux,nan,nan,False,n/a,-0.7237071025164336
1b,stem_left,hard_brakes_per_ep_mean,fusion_aux,hjb_aux,nan,nan,False,n/a,-2.6205229989979486
1b,stem_right,hard_brakes_per_ep_mean,fusion_aux,hjb_aux,nan,nan,False,n/a,-2.8276428523569392
2,stem_left,hard_brakes_per_ep_mean,fusion_aux,hjb_aux,nan,nan,False,n/a,-3.5501750425118654
2,stem_right,hard_brakes_per_ep_mean,fusion_aux,hjb_aux,nan,nan,False,n/a,-1.488375571998061
2_dense,right_left,hard_brakes_per_ep_mean,fusion_aux,hjb_aux,nan,nan,False,n/a,-0.5162062456437888
3,left_right,hard_brakes_per_ep_mean,fusion_aux,hjb_aux,nan,nan,False,n/a,0.07042310501187031
3,right_left,hard_brakes_per_ep_mean,fusion_aux,hjb_aux,nan,nan,False,n/a,-1.5694239232319167
4,stem_left,hard_brakes_per_ep_mean,fusion_aux,hjb_aux,nan,nan,False,n/a,-1.4812972402400313
4,stem_right,hard_brakes_per_ep_mean,fusion_aux,hjb_aux,nan,nan,False,n/a,-1.679863480909884
1a,right_stem,hard_brakes_per_ep_mean,fusion_aux,soft_hjb_aux,nan,nan,False,n/a,2.2166347049629715
1a,stem_left,hard_brakes_per_ep_mean,fusion_aux,soft_hjb_aux,nan,nan,False,n/a,0.43971074350082573
1a,stem_right,hard_brakes_per_ep_mean,fusion_aux,soft_hjb_aux,nan,nan,False,n/a,-0.6075133739299988
1b,stem_left,hard_brakes_per_ep_mean,fusion_aux,soft_hjb_aux,nan,nan,False,n/a,-0.493716327299215
1b,stem_right,hard_brakes_per_ep_mean,fusion_aux,soft_hjb_aux,nan,nan,False,n/a,-0.7558430003826989
2,stem_left,hard_brakes_per_ep_mean,fusion_aux,soft_hjb_aux,nan,nan,False,n/a,0.8152019455851134
2,stem_right,hard_brakes_per_ep_mean,fusion_aux,soft_hjb_aux,nan,nan,False,n/a,0.08957460247484868
2_dense,right_left,hard_brakes_per_ep_mean,fusion_aux,soft_hjb_aux,nan,nan,False,n/a,-1.261856189706264
3,left_right,hard_brakes_per_ep_mean,fusion_aux,soft_hjb_aux,nan,nan,False,n/a,-0.39511654762670645
3,right_left,hard_brakes_per_ep_mean,fusion_aux,soft_hjb_aux,nan,nan,False,n/a,0.13832888561292878
4,stem_left,hard_brakes_per_ep_mean,fusion_aux,soft_hjb_aux,nan,nan,False,n/a,0.296061068069673
4,stem_right,hard_brakes_per_ep_mean,fusion_aux,soft_hjb_aux,nan,nan,False,n/a,-0.3484179133174332
1a,right_stem,hard_brakes_per_ep_mean,fusion_aux,eikonal_aux,nan,nan,False,n/a,-0.8355907703005047
1a,stem_left,hard_brakes_per_ep_mean,fusion_aux,eikonal_aux,nan,nan,False,n/a,-1.036407153835615
1a,stem_right,hard_brakes_per_ep_mean,fusion_aux,eikonal_aux,nan,nan,False,n/a,-1.24336034897966
1b,stem_left,hard_brakes_per_ep_mean,fusion_aux,eikonal_aux,nan,nan,False,n/a,1.2374371971584461
1b,stem_right,hard_brakes_per_ep_mean,fusion_aux,eikonal_aux,nan,nan,False,n/a,0.4208070028371023
2,stem_left,hard_brakes_per_ep_mean,fusion_aux,eikonal_aux,nan,nan,False,n/a,0.7376095261628408
2,stem_right,hard_brakes_per_ep_mean,fusion_aux,eikonal_aux,nan,nan,False,n/a,0.09160915948237061
2_dense,right_left,hard_brakes_per_ep_mean,fusion_aux,eikonal_aux,nan,nan,False,n/a,0.09898034742273441
3,left_right,hard_brakes_per_ep_mean,fusion_aux,eikonal_aux,nan,nan,False,n/a,-0.11246555995033246
3,right_left,hard_brakes_per_ep_mean,fusion_aux,eikonal_aux,nan,nan,False,n/a,0.5971002142943895
4,stem_left,hard_brakes_per_ep_mean,fusion_aux,eikonal_aux,nan,nan,False,n/a,0.01816381465744327
4,stem_right,hard_brakes_per_ep_mean,fusion_aux,eikonal_aux,nan,nan,False,n/a,0.24657875117179173
1a,right_stem,hard_brakes_per_ep_mean,fusion_aux,cbf_aux,nan,nan,False,n/a,0.8934830833847008
1a,stem_left,hard_brakes_per_ep_mean,fusion_aux,cbf_aux,nan,nan,False,n/a,-0.08186204600892244
1a,stem_right,hard_brakes_per_ep_mean,fusion_aux,cbf_aux,nan,nan,False,n/a,-1.0218705800182923
1b,stem_left,hard_brakes_per_ep_mean,fusion_aux,cbf_aux,nan,nan,False,n/a,-5.469937176121131
1b,stem_right,hard_brakes_per_ep_mean,fusion_aux,cbf_aux,nan,nan,False,n/a,-1.5379522761515594
2,stem_left,hard_brakes_per_ep_mean,fusion_aux,cbf_aux,nan,nan,False,n/a,-2.5539175150436417
2,stem_right,hard_brakes_per_ep_mean,fusion_aux,cbf_aux,nan,nan,False,n/a,-1.5113954146226893
2_dense,right_left,hard_brakes_per_ep_mean,fusion_aux,cbf_aux,nan,nan,False,n/a,-0.6472633858256406
3,left_right,hard_brakes_per_ep_mean,fusion_aux,cbf_aux,nan,nan,False,n/a,0.8947297356756374
3,right_left,hard_brakes_per_ep_mean,fusion_aux,cbf_aux,nan,nan,False,n/a,-1.199766545984783
4,stem_left,hard_brakes_per_ep_mean,fusion_aux,cbf_aux,nan,nan,False,n/a,-4.538977869211699
4,stem_right,hard_brakes_per_ep_mean,fusion_aux,cbf_aux,nan,nan,False,n/a,-1.7632839325283878
1a,right_stem,hard_brakes_per_ep_mean,fusion_aux,rule_based,nan,nan,False,n/a,-1.5136142313114813
1a,stem_left,hard_brakes_per_ep_mean,fusion_aux,rule_based,nan,nan,False,n/a,-2.066194245207625
1a,stem_right,hard_brakes_per_ep_mean,fusion_aux,rule_based,nan,nan,False,n/a,-1.6422053948132365
1b,stem_left,hard_brakes_per_ep_mean,fusion_aux,rule_based,nan,nan,False,n/a,-5.722640745028733
1b,stem_right,hard_brakes_per_ep_mean,fusion_aux,rule_based,nan,nan,False,n/a,-3.006563136097311
2,stem_left,hard_brakes_per_ep_mean,fusion_aux,rule_based,nan,nan,False,n/a,-3.7523950945897133
2,stem_right,hard_brakes_per_ep_mean,fusion_aux,rule_based,nan,nan,False,n/a,-0.9580185443992302
2_dense,right_left,hard_brakes_per_ep_mean,fusion_aux,rule_based,nan,nan,False,n/a,-11.487500633105354
3,left_right,hard_brakes_per_ep_mean,fusion_aux,rule_based,nan,nan,False,n/a,-5.040223751349222
3,right_left,hard_brakes_per_ep_mean,fusion_aux,rule_based,nan,nan,False,n/a,-3.992330348130905
4,stem_left,hard_brakes_per_ep_mean,fusion_aux,rule_based,nan,nan,False,n/a,-3.9457620694795508
4,stem_right,hard_brakes_per_ep_mean,fusion_aux,rule_based,nan,nan,False,n/a,-1.0644544683132882
1a,right_stem,hard_brakes_per_ep_mean,cbf_aux,hjb_aux,nan,nan,False,n/a,0.7291127471390996
1a,stem_left,hard_brakes_per_ep_mean,cbf_aux,hjb_aux,nan,nan,False,n/a,0.7220587647532611
1a,stem_right,hard_brakes_per_ep_mean,cbf_aux,hjb_aux,nan,nan,False,n/a,0.7542974079528652
1b,stem_left,hard_brakes_per_ep_mean,cbf_aux,hjb_aux,nan,nan,False,n/a,0.48205828042410714
1b,stem_right,hard_brakes_per_ep_mean,cbf_aux,hjb_aux,nan,nan,False,n/a,-0.46318390977177765
2,stem_left,hard_brakes_per_ep_mean,cbf_aux,hjb_aux,nan,nan,False,n/a,-0.3113746132193665
2,stem_right,hard_brakes_per_ep_mean,cbf_aux,hjb_aux,nan,nan,False,n/a,0.13504836956590266
2_dense,right_left,hard_brakes_per_ep_mean,cbf_aux,hjb_aux,nan,nan,False,n/a,0.1594166320486089
3,left_right,hard_brakes_per_ep_mean,cbf_aux,hjb_aux,nan,nan,False,n/a,-1.121801278195098
3,right_left,hard_brakes_per_ep_mean,cbf_aux,hjb_aux,nan,nan,False,n/a,-0.3088191916413106
4,stem_left,hard_brakes_per_ep_mean,cbf_aux,hjb_aux,nan,nan,False,n/a,0.6359074350735825
4,stem_right,hard_brakes_per_ep_mean,cbf_aux,hjb_aux,nan,nan,False,n/a,-0.298258560651226
1a,right_stem,hard_brakes_per_ep_mean,cbf_aux,soft_hjb_aux,nan,nan,False,n/a,1.4252982978908086
1a,stem_left,hard_brakes_per_ep_mean,cbf_aux,soft_hjb_aux,nan,nan,False,n/a,0.7922151179640784
1a,stem_right,hard_brakes_per_ep_mean,cbf_aux,soft_hjb_aux,nan,nan,False,n/a,1.322610639317086
1b,stem_left,hard_brakes_per_ep_mean,cbf_aux,soft_hjb_aux,nan,nan,False,n/a,4.742192197977572
1b,stem_right,hard_brakes_per_ep_mean,cbf_aux,soft_hjb_aux,nan,nan,False,n/a,0.9167777685170047
2,stem_left,hard_brakes_per_ep_mean,cbf_aux,soft_hjb_aux,nan,nan,False,n/a,3.176596057163539
2,stem_right,hard_brakes_per_ep_mean,cbf_aux,soft_hjb_aux,nan,nan,False,n/a,1.9513902884254468
2_dense,right_left,hard_brakes_per_ep_mean,cbf_aux,soft_hjb_aux,nan,nan,False,n/a,0.16452699676620727
3,left_right,hard_brakes_per_ep_mean,cbf_aux,soft_hjb_aux,nan,nan,False,n/a,-1.2169931764886752
3,right_left,hard_brakes_per_ep_mean,cbf_aux,soft_hjb_aux,nan,nan,False,n/a,1.471660502869996
4,stem_left,hard_brakes_per_ep_mean,cbf_aux,soft_hjb_aux,nan,nan,False,n/a,4.303805886131538
4,stem_right,hard_brakes_per_ep_mean,cbf_aux,soft_hjb_aux,nan,nan,False,n/a,1.279159131296397
1a,right_stem,hard_brakes_per_ep_mean,cbf_aux,eikonal_aux,nan,nan,False,n/a,-2.155989269329695
1a,stem_left,hard_brakes_per_ep_mean,cbf_aux,eikonal_aux,nan,nan,False,n/a,-1.313397927519263
1a,stem_right,hard_brakes_per_ep_mean,cbf_aux,eikonal_aux,nan,nan,False,n/a,-0.6520916172107271
1b,stem_left,hard_brakes_per_ep_mean,cbf_aux,eikonal_aux,nan,nan,False,n/a,8.298372421719392
1b,stem_right,hard_brakes_per_ep_mean,cbf_aux,eikonal_aux,nan,nan,False,n/a,1.8933118688839194
2,stem_left,hard_brakes_per_ep_mean,cbf_aux,eikonal_aux,nan,nan,False,n/a,3.0630352543468375
2,stem_right,hard_brakes_per_ep_mean,cbf_aux,eikonal_aux,nan,nan,False,n/a,1.247541377298349
2_dense,right_left,hard_brakes_per_ep_mean,cbf_aux,eikonal_aux,nan,nan,False,n/a,0.6696588900072751
3,left_right,hard_brakes_per_ep_mean,cbf_aux,eikonal_aux,nan,nan,False,n/a,-0.5457161922229989
3,right_left,hard_brakes_per_ep_mean,cbf_aux,eikonal_aux,nan,nan,False,n/a,1.8262202679907444
4,stem_left,hard_brakes_per_ep_mean,cbf_aux,eikonal_aux,nan,nan,False,n/a,3.165073469979489
4,stem_right,hard_brakes_per_ep_mean,cbf_aux,eikonal_aux,nan,nan,False,n/a,1.6196309266366236
1a,right_stem,hard_brakes_per_ep_mean,cbf_aux,fusion_aux,nan,nan,False,n/a,-0.8934830833847008
1a,stem_left,hard_brakes_per_ep_mean,cbf_aux,fusion_aux,nan,nan,False,n/a,0.08186204600892244
1a,stem_right,hard_brakes_per_ep_mean,cbf_aux,fusion_aux,nan,nan,False,n/a,1.0218705800182923
1b,stem_left,hard_brakes_per_ep_mean,cbf_aux,fusion_aux,nan,nan,False,n/a,5.469937176121131
1b,stem_right,hard_brakes_per_ep_mean,cbf_aux,fusion_aux,nan,nan,False,n/a,1.5379522761515594
2,stem_left,hard_brakes_per_ep_mean,cbf_aux,fusion_aux,nan,nan,False,n/a,2.5539175150436417
2,stem_right,hard_brakes_per_ep_mean,cbf_aux,fusion_aux,nan,nan,False,n/a,1.5113954146226893
2_dense,right_left,hard_brakes_per_ep_mean,cbf_aux,fusion_aux,nan,nan,False,n/a,0.6472633858256406
3,left_right,hard_brakes_per_ep_mean,cbf_aux,fusion_aux,nan,nan,False,n/a,-0.8947297356756374
3,right_left,hard_brakes_per_ep_mean,cbf_aux,fusion_aux,nan,nan,False,n/a,1.199766545984783
4,stem_left,hard_brakes_per_ep_mean,cbf_aux,fusion_aux,nan,nan,False,n/a,4.538977869211699
4,stem_right,hard_brakes_per_ep_mean,cbf_aux,fusion_aux,nan,nan,False,n/a,1.7632839325283878
1a,right_stem,hard_brakes_per_ep_mean,cbf_aux,rule_based,nan,nan,False,n/a,-3.294984138787068
1a,stem_left,hard_brakes_per_ep_mean,cbf_aux,rule_based,nan,nan,False,n/a,-4.4739464991519595
1a,stem_right,hard_brakes_per_ep_mean,cbf_aux,rule_based,nan,nan,False,n/a,-2.4389402665676854
1b,stem_left,hard_brakes_per_ep_mean,cbf_aux,rule_based,nan,nan,False,n/a,1.5208644070758588
1b,stem_right,hard_brakes_per_ep_mean,cbf_aux,rule_based,nan,nan,False,n/a,-0.31086310490063074
2,stem_left,hard_brakes_per_ep_mean,cbf_aux,rule_based,nan,nan,False,n/a,0.43053846996339334
2,stem_right,hard_brakes_per_ep_mean,cbf_aux,rule_based,nan,nan,False,n/a,0.9364843126823751
2_dense,right_left,hard_brakes_per_ep_mean,cbf_aux,rule_based,nan,nan,False,n/a,-2.559545381122143
3,left_right,hard_brakes_per_ep_mean,cbf_aux,rule_based,nan,nan,False,n/a,-6.027405470519793
3,right_left,hard_brakes_per_ep_mean,cbf_aux,rule_based,nan,nan,False,n/a,-1.3507481934789405
4,stem_left,hard_brakes_per_ep_mean,cbf_aux,rule_based,nan,nan,False,n/a,2.2083072138844093
4,stem_right,hard_brakes_per_ep_mean,cbf_aux,rule_based,nan,nan,False,n/a,1.0092872702883389
1a,right_stem,hard_brakes_per_ep_mean,rule_based,hjb_aux,nan,nan,False,n/a,3.067044428839864
1a,stem_left,hard_brakes_per_ep_mean,rule_based,hjb_aux,nan,nan,False,n/a,4.142432457323972
1a,stem_right,hard_brakes_per_ep_mean,rule_based,hjb_aux,nan,nan,False,n/a,2.8907175601182287
1b,stem_left,hard_brakes_per_ep_mean,rule_based,hjb_aux,nan,nan,False,n/a,-0.16220641321339727
1b,stem_right,hard_brakes_per_ep_mean,rule_based,hjb_aux,nan,nan,False,n/a,-0.3210421794255256
2,stem_left,hard_brakes_per_ep_mean,rule_based,hjb_aux,nan,nan,False,n/a,-1.08353024038649
2,stem_right,hard_brakes_per_ep_mean,rule_based,hjb_aux,nan,nan,False,n/a,-0.8838338023219138
2_dense,right_left,hard_brakes_per_ep_mean,rule_based,hjb_aux,nan,nan,False,n/a,3.2511043727827142
3,left_right,hard_brakes_per_ep_mean,rule_based,hjb_aux,nan,nan,False,n/a,5.328925403052027
3,right_left,hard_brakes_per_ep_mean,rule_based,hjb_aux,nan,nan,False,n/a,0.93113432690559
4,stem_left,hard_brakes_per_ep_mean,rule_based,hjb_aux,nan,nan,False,n/a,-0.23811107256104597
4,stem_right,hard_brakes_per_ep_mean,rule_based,hjb_aux,nan,nan,False,n/a,-1.0075203656785106
1a,right_stem,hard_brakes_per_ep_mean,rule_based,soft_hjb_aux,nan,nan,False,n/a,7.545562867215092
1a,stem_left,hard_brakes_per_ep_mean,rule_based,soft_hjb_aux,nan,nan,False,n/a,4.11061698994962
1a,stem_right,hard_brakes_per_ep_mean,rule_based,soft_hjb_aux,nan,nan,False,n/a,4.710981545461858
1b,stem_left,hard_brakes_per_ep_mean,rule_based,soft_hjb_aux,nan,nan,False,n/a,4.693927259399069
1b,stem_right,hard_brakes_per_ep_mean,rule_based,soft_hjb_aux,nan,nan,False,n/a,1.8940845704069365
2,stem_left,hard_brakes_per_ep_mean,rule_based,soft_hjb_aux,nan,nan,False,n/a,4.835364478789006
2,stem_right,hard_brakes_per_ep_mean,rule_based,soft_hjb_aux,nan,nan,False,n/a,1.4330365446283588
2_dense,right_left,hard_brakes_per_ep_mean,rule_based,soft_hjb_aux,nan,nan,False,n/a,9.701855903554778
3,left_right,hard_brakes_per_ep_mean,rule_based,soft_hjb_aux,nan,nan,False,n/a,4.424952378342749
3,right_left,hard_brakes_per_ep_mean,rule_based,soft_hjb_aux,nan,nan,False,n/a,7.483577832449314
4,stem_left,hard_brakes_per_ep_mean,rule_based,soft_hjb_aux,nan,nan,False,n/a,3.491257183802907
4,stem_right,hard_brakes_per_ep_mean,rule_based,soft_hjb_aux,nan,nan,False,n/a,0.601801844638459
1a,right_stem,hard_brakes_per_ep_mean,rule_based,eikonal_aux,nan,nan,False,n/a,0.9793607223651288
1a,stem_left,hard_brakes_per_ep_mean,rule_based,eikonal_aux,nan,nan,False,n/a,0.7867028377436205
1a,stem_right,hard_brakes_per_ep_mean,rule_based,eikonal_aux,nan,nan,False,n/a,1.3150777346746494
1b,stem_left,hard_brakes_per_ep_mean,rule_based,eikonal_aux,nan,nan,False,n/a,12.32048858199979
1b,stem_right,hard_brakes_per_ep_mean,rule_based,eikonal_aux,nan,nan,False,n/a,3.7851623438836466
2,stem_left,hard_brakes_per_ep_mean,rule_based,eikonal_aux,nan,nan,False,n/a,4.4411486958342525
2,stem_right,hard_brakes_per_ep_mean,rule_based,eikonal_aux,nan,nan,False,n/a,0.7830281443687461
2_dense,right_left,hard_brakes_per_ep_mean,rule_based,eikonal_aux,nan,nan,False,n/a,8.261642116544287
3,left_right,hard_brakes_per_ep_mean,rule_based,eikonal_aux,nan,nan,False,n/a,3.8105548391362185
3,right_left,hard_brakes_per_ep_mean,rule_based,eikonal_aux,nan,nan,False,n/a,9.065657931469563
4,stem_left,hard_brakes_per_ep_mean,rule_based,eikonal_aux,nan,nan,False,n/a,2.1663319341344134
4,stem_right,hard_brakes_per_ep_mean,rule_based,eikonal_aux,nan,nan,False,n/a,1.0871221171241907
1a,right_stem,hard_brakes_per_ep_mean,rule_based,fusion_aux,nan,nan,False,n/a,1.5136142313114813
1a,stem_left,hard_brakes_per_ep_mean,rule_based,fusion_aux,nan,nan,False,n/a,2.066194245207625
1a,stem_right,hard_brakes_per_ep_mean,rule_based,fusion_aux,nan,nan,False,n/a,1.6422053948132365
1b,stem_left,hard_brakes_per_ep_mean,rule_based,fusion_aux,nan,nan,False,n/a,5.722640745028733
1b,stem_right,hard_brakes_per_ep_mean,rule_based,fusion_aux,nan,nan,False,n/a,3.006563136097311
2,stem_left,hard_brakes_per_ep_mean,rule_based,fusion_aux,nan,nan,False,n/a,3.7523950945897133
2,stem_right,hard_brakes_per_ep_mean,rule_based,fusion_aux,nan,nan,False,n/a,0.9580185443992302
2_dense,right_left,hard_brakes_per_ep_mean,rule_based,fusion_aux,nan,nan,False,n/a,11.487500633105354
3,left_right,hard_brakes_per_ep_mean,rule_based,fusion_aux,nan,nan,False,n/a,5.040223751349222
3,right_left,hard_brakes_per_ep_mean,rule_based,fusion_aux,nan,nan,False,n/a,3.992330348130905
4,stem_left,hard_brakes_per_ep_mean,rule_based,fusion_aux,nan,nan,False,n/a,3.9457620694795508
4,stem_right,hard_brakes_per_ep_mean,rule_based,fusion_aux,nan,nan,False,n/a,1.0644544683132882
1a,right_stem,hard_brakes_per_ep_mean,rule_based,cbf_aux,nan,nan,False,n/a,3.294984138787068
1a,stem_left,hard_brakes_per_ep_mean,rule_based,cbf_aux,nan,nan,False,n/a,4.4739464991519595
1a,stem_right,hard_brakes_per_ep_mean,rule_based,cbf_aux,nan,nan,False,n/a,2.4389402665676854
1b,stem_left,hard_brakes_per_ep_mean,rule_based,cbf_aux,nan,nan,False,n/a,-1.5208644070758588
1b,stem_right,hard_brakes_per_ep_mean,rule_based,cbf_aux,nan,nan,False,n/a,0.31086310490063074
2,stem_left,hard_brakes_per_ep_mean,rule_based,cbf_aux,nan,nan,False,n/a,-0.43053846996339334
2,stem_right,hard_brakes_per_ep_mean,rule_based,cbf_aux,nan,nan,False,n/a,-0.9364843126823751
2_dense,right_left,hard_brakes_per_ep_mean,rule_based,cbf_aux,nan,nan,False,n/a,2.559545381122143
3,left_right,hard_brakes_per_ep_mean,rule_based,cbf_aux,nan,nan,False,n/a,6.027405470519793
3,right_left,hard_brakes_per_ep_mean,rule_based,cbf_aux,nan,nan,False,n/a,1.3507481934789405
4,stem_left,hard_brakes_per_ep_mean,rule_based,cbf_aux,nan,nan,False,n/a,-2.2083072138844093
4,stem_right,hard_brakes_per_ep_mean,rule_based,cbf_aux,nan,nan,False,n/a,-1.0092872702883389
1a,right_stem,row_violations_per_ep_mean,hjb_aux,soft_hjb_aux,nan,nan,False,n/a,-0.6866775261514897
1a,stem_left,row_violations_per_ep_mean,hjb_aux,soft_hjb_aux,nan,nan,False,n/a,1.0137976117584127
1a,stem_right,row_violations_per_ep_mean,hjb_aux,soft_hjb_aux,nan,nan,False,n/a,-0.7227265194116511
1b,stem_left,row_violations_per_ep_mean,hjb_aux,soft_hjb_aux,nan,nan,False,n/a,-1.3863479719418688
1b,stem_right,row_violations_per_ep_mean,hjb_aux,soft_hjb_aux,nan,nan,False,n/a,-0.328148722092638
2,stem_left,row_violations_per_ep_mean,hjb_aux,soft_hjb_aux,nan,nan,False,n/a,-2.148207679497647
2,stem_right,row_violations_per_ep_mean,hjb_aux,soft_hjb_aux,nan,nan,False,n/a,-1.2616659011892017
2_dense,right_left,row_violations_per_ep_mean,hjb_aux,soft_hjb_aux,nan,nan,False,n/a,-0.5516308326213876
3,left_right,row_violations_per_ep_mean,hjb_aux,soft_hjb_aux,nan,nan,False,n/a,-0.5638047261458308
3,right_left,row_violations_per_ep_mean,hjb_aux,soft_hjb_aux,nan,nan,False,n/a,0.2723624026886663
4,stem_left,row_violations_per_ep_mean,hjb_aux,soft_hjb_aux,nan,nan,False,n/a,-0.74840783048163
4,stem_right,row_violations_per_ep_mean,hjb_aux,soft_hjb_aux,nan,nan,False,n/a,-1.8079332579097722
1a,right_stem,row_violations_per_ep_mean,hjb_aux,eikonal_aux,nan,nan,False,n/a,1.930095852736098
1a,stem_left,row_violations_per_ep_mean,hjb_aux,eikonal_aux,nan,nan,False,n/a,3.1406676204764
1a,stem_right,row_violations_per_ep_mean,hjb_aux,eikonal_aux,nan,nan,False,n/a,0.6241141952178372
1b,stem_left,row_violations_per_ep_mean,hjb_aux,eikonal_aux,nan,nan,False,n/a,-0.9060869269388626
1b,stem_right,row_violations_per_ep_mean,hjb_aux,eikonal_aux,nan,nan,False,n/a,-0.3686848998170148
2,stem_left,row_violations_per_ep_mean,hjb_aux,eikonal_aux,nan,nan,False,n/a,-1.0168451371845328
2,stem_right,row_violations_per_ep_mean,hjb_aux,eikonal_aux,nan,nan,False,n/a,0.3061276111735386
2_dense,right_left,row_violations_per_ep_mean,hjb_aux,eikonal_aux,nan,nan,False,n/a,-0.4108699777501686
3,left_right,row_violations_per_ep_mean,hjb_aux,eikonal_aux,nan,nan,False,n/a,0.7805437486004376
3,right_left,row_violations_per_ep_mean,hjb_aux,eikonal_aux,nan,nan,False,n/a,0.09562041876775783
4,stem_left,row_violations_per_ep_mean,hjb_aux,eikonal_aux,nan,nan,False,n/a,-0.23645856890758643
4,stem_right,row_violations_per_ep_mean,hjb_aux,eikonal_aux,nan,nan,False,n/a,0.7187132075082103
1a,right_stem,row_violations_per_ep_mean,hjb_aux,fusion_aux,nan,nan,False,n/a,0.5834952980348769
1a,stem_left,row_violations_per_ep_mean,hjb_aux,fusion_aux,nan,nan,False,n/a,1.6798084568892007
1a,stem_right,row_violations_per_ep_mean,hjb_aux,fusion_aux,nan,nan,False,n/a,-0.24951749908484333
1b,stem_left,row_violations_per_ep_mean,hjb_aux,fusion_aux,nan,nan,False,n/a,-1.0440982642487062
1b,stem_right,row_violations_per_ep_mean,hjb_aux,fusion_aux,nan,nan,False,n/a,0.4810708470308899
2,stem_left,row_violations_per_ep_mean,hjb_aux,fusion_aux,nan,nan,False,n/a,-1.125425784627341
2,stem_right,row_violations_per_ep_mean,hjb_aux,fusion_aux,nan,nan,False,n/a,0.8785539297559753
2_dense,right_left,row_violations_per_ep_mean,hjb_aux,fusion_aux,nan,nan,False,n/a,0.8706841399738483
3,left_right,row_violations_per_ep_mean,hjb_aux,fusion_aux,nan,nan,False,n/a,0.4496877906301696
3,right_left,row_violations_per_ep_mean,hjb_aux,fusion_aux,nan,nan,False,n/a,0.6653131607195742
4,stem_left,row_violations_per_ep_mean,hjb_aux,fusion_aux,nan,nan,False,n/a,-0.30762517999015454
4,stem_right,row_violations_per_ep_mean,hjb_aux,fusion_aux,nan,nan,False,n/a,1.0570620448497943
1a,right_stem,row_violations_per_ep_mean,hjb_aux,cbf_aux,nan,nan,False,n/a,0.1491284092147322
1a,stem_left,row_violations_per_ep_mean,hjb_aux,cbf_aux,nan,nan,False,n/a,0.4715279469996462
1a,stem_right,row_violations_per_ep_mean,hjb_aux,cbf_aux,nan,nan,False,n/a,0.6055892593654596
1b,stem_left,row_violations_per_ep_mean,hjb_aux,cbf_aux,nan,nan,False,n/a,0.4037741369674432
1b,stem_right,row_violations_per_ep_mean,hjb_aux,cbf_aux,nan,nan,False,n/a,0.5910897154782194
2,stem_left,row_violations_per_ep_mean,hjb_aux,cbf_aux,nan,nan,False,n/a,0.015173868816262762
2,stem_right,row_violations_per_ep_mean,hjb_aux,cbf_aux,nan,nan,False,n/a,0.132183794883396
2_dense,right_left,row_violations_per_ep_mean,hjb_aux,cbf_aux,nan,nan,False,n/a,0.07414520545814264
3,left_right,row_violations_per_ep_mean,hjb_aux,cbf_aux,nan,nan,False,n/a,0.12438296885969906
3,right_left,row_violations_per_ep_mean,hjb_aux,cbf_aux,nan,nan,False,n/a,0.052958737504961814
4,stem_left,row_violations_per_ep_mean,hjb_aux,cbf_aux,nan,nan,False,n/a,0.7852257386496225
4,stem_right,row_violations_per_ep_mean,hjb_aux,cbf_aux,nan,nan,False,n/a,0.4139766427242647
1a,right_stem,row_violations_per_ep_mean,hjb_aux,rule_based,nan,nan,False,n/a,1.0245803352992928
1a,stem_left,row_violations_per_ep_mean,hjb_aux,rule_based,nan,nan,False,n/a,11.232231291819735
1a,stem_right,row_violations_per_ep_mean,hjb_aux,rule_based,nan,nan,False,n/a,6.206379059577015
1b,stem_left,row_violations_per_ep_mean,hjb_aux,rule_based,nan,nan,False,n/a,-0.1135978973283717
1b,stem_right,row_violations_per_ep_mean,hjb_aux,rule_based,nan,nan,False,n/a,-0.1315283154753479
2,stem_left,row_violations_per_ep_mean,hjb_aux,rule_based,nan,nan,False,n/a,-2.7637422912256198
2,stem_right,row_violations_per_ep_mean,hjb_aux,rule_based,nan,nan,False,n/a,-2.851074016182688
2_dense,right_left,row_violations_per_ep_mean,hjb_aux,rule_based,nan,nan,False,n/a,2.980789959662703
3,left_right,row_violations_per_ep_mean,hjb_aux,rule_based,nan,nan,False,n/a,-1.4694015499086945
3,right_left,row_violations_per_ep_mean,hjb_aux,rule_based,nan,nan,False,n/a,2.0492163284033866
4,stem_left,row_violations_per_ep_mean,hjb_aux,rule_based,nan,nan,False,n/a,-1.4197138844866286
4,stem_right,row_violations_per_ep_mean,hjb_aux,rule_based,nan,nan,False,n/a,-4.8606704372595
1a,right_stem,row_violations_per_ep_mean,soft_hjb_aux,hjb_aux,nan,nan,False,n/a,0.6866775261514897
1a,stem_left,row_violations_per_ep_mean,soft_hjb_aux,hjb_aux,nan,nan,False,n/a,-1.0137976117584127
1a,stem_right,row_violations_per_ep_mean,soft_hjb_aux,hjb_aux,nan,nan,False,n/a,0.7227265194116511
1b,stem_left,row_violations_per_ep_mean,soft_hjb_aux,hjb_aux,nan,nan,False,n/a,1.3863479719418688
1b,stem_right,row_violations_per_ep_mean,soft_hjb_aux,hjb_aux,nan,nan,False,n/a,0.328148722092638
2,stem_left,row_violations_per_ep_mean,soft_hjb_aux,hjb_aux,nan,nan,False,n/a,2.148207679497647
2,stem_right,row_violations_per_ep_mean,soft_hjb_aux,hjb_aux,nan,nan,False,n/a,1.2616659011892017
2_dense,right_left,row_violations_per_ep_mean,soft_hjb_aux,hjb_aux,nan,nan,False,n/a,0.5516308326213876
3,left_right,row_violations_per_ep_mean,soft_hjb_aux,hjb_aux,nan,nan,False,n/a,0.5638047261458308
3,right_left,row_violations_per_ep_mean,soft_hjb_aux,hjb_aux,nan,nan,False,n/a,-0.2723624026886663
4,stem_left,row_violations_per_ep_mean,soft_hjb_aux,hjb_aux,nan,nan,False,n/a,0.74840783048163
4,stem_right,row_violations_per_ep_mean,soft_hjb_aux,hjb_aux,nan,nan,False,n/a,1.8079332579097722
1a,right_stem,row_violations_per_ep_mean,soft_hjb_aux,eikonal_aux,nan,nan,False,n/a,2.49945400019264
1a,stem_left,row_violations_per_ep_mean,soft_hjb_aux,eikonal_aux,nan,nan,False,n/a,2.209716825275697
1a,stem_right,row_violations_per_ep_mean,soft_hjb_aux,eikonal_aux,nan,nan,False,n/a,1.3185975618551171
1b,stem_left,row_violations_per_ep_mean,soft_hjb_aux,eikonal_aux,nan,nan,False,n/a,1.5158780931955598
1b,stem_right,row_violations_per_ep_mean,soft_hjb_aux,eikonal_aux,nan,nan,False,n/a,-0.0977795084297449
2,stem_left,row_violations_per_ep_mean,soft_hjb_aux,eikonal_aux,nan,nan,False,n/a,1.0794625516042087
2,stem_right,row_violations_per_ep_mean,soft_hjb_aux,eikonal_aux,nan,nan,False,n/a,1.8040353836155605
2_dense,right_left,row_violations_per_ep_mean,soft_hjb_aux,eikonal_aux,nan,nan,False,n/a,0.08899216747020879
3,left_right,row_violations_per_ep_mean,soft_hjb_aux,eikonal_aux,nan,nan,False,n/a,1.7724878947684908
3,right_left,row_violations_per_ep_mean,soft_hjb_aux,eikonal_aux,nan,nan,False,n/a,-0.26646881329138783
4,stem_left,row_violations_per_ep_mean,soft_hjb_aux,eikonal_aux,nan,nan,False,n/a,0.7926271949752404
4,stem_right,row_violations_per_ep_mean,soft_hjb_aux,eikonal_aux,nan,nan,False,n/a,1.917823165740331
1a,right_stem,row_violations_per_ep_mean,soft_hjb_aux,fusion_aux,nan,nan,False,n/a,1.0680287879711696
1a,stem_left,row_violations_per_ep_mean,soft_hjb_aux,fusion_aux,nan,nan,False,n/a,0.8181177253030061
1a,stem_right,row_violations_per_ep_mean,soft_hjb_aux,fusion_aux,nan,nan,False,n/a,0.5464003790565855
1b,stem_left,row_violations_per_ep_mean,soft_hjb_aux,fusion_aux,nan,nan,False,n/a,1.0478149598350528
1b,stem_right,row_violations_per_ep_mean,soft_hjb_aux,fusion_aux,nan,nan,False,n/a,1.1030627084836486
2,stem_left,row_violations_per_ep_mean,soft_hjb_aux,fusion_aux,nan,nan,False,n/a,1.200688866694548
2,stem_right,row_violations_per_ep_mean,soft_hjb_aux,fusion_aux,nan,nan,False,n/a,3.9241938603395567
2_dense,right_left,row_violations_per_ep_mean,soft_hjb_aux,fusion_aux,nan,nan,False,n/a,1.381743520565848
3,left_right,row_violations_per_ep_mean,soft_hjb_aux,fusion_aux,nan,nan,False,n/a,1.6372252788705737
3,right_left,row_violations_per_ep_mean,soft_hjb_aux,fusion_aux,nan,nan,False,n/a,0.6693050524764309
4,stem_left,row_violations_per_ep_mean,soft_hjb_aux,fusion_aux,nan,nan,False,n/a,1.1422415223806095
4,stem_right,row_violations_per_ep_mean,soft_hjb_aux,fusion_aux,nan,nan,False,n/a,2.452042115043601
1a,right_stem,row_violations_per_ep_mean,soft_hjb_aux,cbf_aux,nan,nan,False,n/a,0.6731059440232303
1a,stem_left,row_violations_per_ep_mean,soft_hjb_aux,cbf_aux,nan,nan,False,n/a,-0.5518576406453046
1a,stem_right,row_violations_per_ep_mean,soft_hjb_aux,cbf_aux,nan,nan,False,n/a,1.2180909274016378
1b,stem_left,row_violations_per_ep_mean,soft_hjb_aux,cbf_aux,nan,nan,False,n/a,4.203156009359296
1b,stem_right,row_violations_per_ep_mean,soft_hjb_aux,cbf_aux,nan,nan,False,n/a,0.9530199258996136
2,stem_left,row_violations_per_ep_mean,soft_hjb_aux,cbf_aux,nan,nan,False,n/a,2.083812769808736
2,stem_right,row_violations_per_ep_mean,soft_hjb_aux,cbf_aux,nan,nan,False,n/a,2.083703169126117
2_dense,right_left,row_violations_per_ep_mean,soft_hjb_aux,cbf_aux,nan,nan,False,n/a,0.5915670167173572
3,left_right,row_violations_per_ep_mean,soft_hjb_aux,cbf_aux,nan,nan,False,n/a,0.6113652029387088
3,right_left,row_violations_per_ep_mean,soft_hjb_aux,cbf_aux,nan,nan,False,n/a,-0.20733448602681698
4,stem_left,row_violations_per_ep_mean,soft_hjb_aux,cbf_aux,nan,nan,False,n/a,3.3951588271360205
4,stem_right,row_violations_per_ep_mean,soft_hjb_aux,cbf_aux,nan,nan,False,n/a,1.620125522014938
1a,right_stem,row_violations_per_ep_mean,soft_hjb_aux,rule_based,nan,nan,False,n/a,1.4301601709668474
1a,stem_left,row_violations_per_ep_mean,soft_hjb_aux,rule_based,nan,nan,False,n/a,9.628113450403717
1a,stem_right,row_violations_per_ep_mean,soft_hjb_aux,rule_based,nan,nan,False,n/a,7.55560308072493
1b,stem_left,row_violations_per_ep_mean,soft_hjb_aux,rule_based,nan,nan,False,n/a,4.541898332061878
1b,stem_right,row_violations_per_ep_mean,soft_hjb_aux,rule_based,nan,nan,False,n/a,0.3620836575000753
2,stem_left,row_violations_per_ep_mean,soft_hjb_aux,rule_based,nan,nan,False,n/a,-0.9106621488104956
2,stem_right,row_violations_per_ep_mean,soft_hjb_aux,rule_based,nan,nan,False,n/a,-2.764625992600736
2_dense,right_left,row_violations_per_ep_mean,soft_hjb_aux,rule_based,nan,nan,False,n/a,3.35303616951482
3,left_right,row_violations_per_ep_mean,soft_hjb_aux,rule_based,nan,nan,False,n/a,-1.3793150325312538
3,right_left,row_violations_per_ep_mean,soft_hjb_aux,rule_based,nan,nan,False,n/a,3.525075489767616
4,stem_left,row_violations_per_ep_mean,soft_hjb_aux,rule_based,nan,nan,False,n/a,-1.6263177687518835
4,stem_right,row_violations_per_ep_mean,soft_hjb_aux,rule_based,nan,nan,False,n/a,-2.386144655263274
1a,right_stem,row_violations_per_ep_mean,eikonal_aux,hjb_aux,nan,nan,False,n/a,-1.930095852736098
1a,stem_left,row_violations_per_ep_mean,eikonal_aux,hjb_aux,nan,nan,False,n/a,-3.1406676204764
1a,stem_right,row_violations_per_ep_mean,eikonal_aux,hjb_aux,nan,nan,False,n/a,-0.6241141952178372
1b,stem_left,row_violations_per_ep_mean,eikonal_aux,hjb_aux,nan,nan,False,n/a,0.9060869269388626
1b,stem_right,row_violations_per_ep_mean,eikonal_aux,hjb_aux,nan,nan,False,n/a,0.3686848998170148
2,stem_left,row_violations_per_ep_mean,eikonal_aux,hjb_aux,nan,nan,False,n/a,1.0168451371845328
2,stem_right,row_violations_per_ep_mean,eikonal_aux,hjb_aux,nan,nan,False,n/a,-0.3061276111735386
2_dense,right_left,row_violations_per_ep_mean,eikonal_aux,hjb_aux,nan,nan,False,n/a,0.4108699777501686
3,left_right,row_violations_per_ep_mean,eikonal_aux,hjb_aux,nan,nan,False,n/a,-0.7805437486004376
3,right_left,row_violations_per_ep_mean,eikonal_aux,hjb_aux,nan,nan,False,n/a,-0.09562041876775783
4,stem_left,row_violations_per_ep_mean,eikonal_aux,hjb_aux,nan,nan,False,n/a,0.23645856890758643
4,stem_right,row_violations_per_ep_mean,eikonal_aux,hjb_aux,nan,nan,False,n/a,-0.7187132075082103
1a,right_stem,row_violations_per_ep_mean,eikonal_aux,soft_hjb_aux,nan,nan,False,n/a,-2.49945400019264
1a,stem_left,row_violations_per_ep_mean,eikonal_aux,soft_hjb_aux,nan,nan,False,n/a,-2.209716825275697
1a,stem_right,row_violations_per_ep_mean,eikonal_aux,soft_hjb_aux,nan,nan,False,n/a,-1.3185975618551171
1b,stem_left,row_violations_per_ep_mean,eikonal_aux,soft_hjb_aux,nan,nan,False,n/a,-1.5158780931955598
1b,stem_right,row_violations_per_ep_mean,eikonal_aux,soft_hjb_aux,nan,nan,False,n/a,0.0977795084297449
2,stem_left,row_violations_per_ep_mean,eikonal_aux,soft_hjb_aux,nan,nan,False,n/a,-1.0794625516042087
2,stem_right,row_violations_per_ep_mean,eikonal_aux,soft_hjb_aux,nan,nan,False,n/a,-1.8040353836155605
2_dense,right_left,row_violations_per_ep_mean,eikonal_aux,soft_hjb_aux,nan,nan,False,n/a,-0.08899216747020879
3,left_right,row_violations_per_ep_mean,eikonal_aux,soft_hjb_aux,nan,nan,False,n/a,-1.7724878947684908
3,right_left,row_violations_per_ep_mean,eikonal_aux,soft_hjb_aux,nan,nan,False,n/a,0.26646881329138783
4,stem_left,row_violations_per_ep_mean,eikonal_aux,soft_hjb_aux,nan,nan,False,n/a,-0.7926271949752404
4,stem_right,row_violations_per_ep_mean,eikonal_aux,soft_hjb_aux,nan,nan,False,n/a,-1.917823165740331
1a,right_stem,row_violations_per_ep_mean,eikonal_aux,fusion_aux,nan,nan,False,n/a,-1.1271880197388016
1a,stem_left,row_violations_per_ep_mean,eikonal_aux,fusion_aux,nan,nan,False,n/a,-1.1616230692533571
1a,stem_right,row_violations_per_ep_mean,eikonal_aux,fusion_aux,nan,nan,False,n/a,-0.9095948334984257
1b,stem_left,row_violations_per_ep_mean,eikonal_aux,fusion_aux,nan,nan,False,n/a,-0.4710704856392448
1b,stem_right,row_violations_per_ep_mean,eikonal_aux,fusion_aux,nan,nan,False,n/a,1.022010269871812
2,stem_left,row_violations_per_ep_mean,eikonal_aux,fusion_aux,nan,nan,False,n/a,-0.03364178601294314
2,stem_right,row_violations_per_ep_mean,eikonal_aux,fusion_aux,nan,nan,False,n/a,0.5493734245816027
2_dense,right_left,row_violations_per_ep_mean,eikonal_aux,fusion_aux,nan,nan,False,n/a,1.1583980847402988
3,left_right,row_violations_per_ep_mean,eikonal_aux,fusion_aux,nan,nan,False,n/a,-0.5838308678675903
3,right_left,row_violations_per_ep_mean,eikonal_aux,fusion_aux,nan,nan,False,n/a,0.9253214733885029
4,stem_left,row_violations_per_ep_mean,eikonal_aux,fusion_aux,nan,nan,False,n/a,-0.0742227976971923
4,stem_right,row_violations_per_ep_mean,eikonal_aux,fusion_aux,nan,nan,False,n/a,0.11142657638656035
1a,right_stem,row_violations_per_ep_mean,eikonal_aux,cbf_aux,nan,nan,False,n/a,-1.6048351851959284
1a,stem_left,row_violations_per_ep_mean,eikonal_aux,cbf_aux,nan,nan,False,n/a,-2.7328193639358105
1a,stem_right,row_violations_per_ep_mean,eikonal_aux,cbf_aux,nan,nan,False,n/a,0.04418417275171599
1b,stem_left,row_violations_per_ep_mean,eikonal_aux,cbf_aux,nan,nan,False,n/a,3.2747209166025844
1b,stem_right,row_violations_per_ep_mean,eikonal_aux,cbf_aux,nan,nan,False,n/a,0.9493494647516285
2,stem_left,row_violations_per_ep_mean,eikonal_aux,cbf_aux,nan,nan,False,n/a,1.004250371331575
2,stem_right,row_violations_per_ep_mean,eikonal_aux,cbf_aux,nan,nan,False,n/a,-0.2372566317727742
2_dense,right_left,row_violations_per_ep_mean,eikonal_aux,cbf_aux,nan,nan,False,n/a,0.4563941365896777
3,left_right,row_violations_per_ep_mean,eikonal_aux,cbf_aux,nan,nan,False,n/a,-0.5225186153272617
3,right_left,row_violations_per_ep_mean,eikonal_aux,cbf_aux,nan,nan,False,n/a,-0.030404048189412274
4,stem_left,row_violations_per_ep_mean,eikonal_aux,cbf_aux,nan,nan,False,n/a,1.7059640835183951
4,stem_right,row_violations_per_ep_mean,eikonal_aux,cbf_aux,nan,nan,False,n/a,-0.23326768455142557
1a,right_stem,row_violations_per_ep_mean,eikonal_aux,rule_based,nan,nan,False,n/a,-0.5295800150046939
1a,stem_left,row_violations_per_ep_mean,eikonal_aux,rule_based,nan,nan,False,n/a,5.144031822945934
1a,stem_right,row_violations_per_ep_mean,eikonal_aux,rule_based,nan,nan,False,n/a,4.905053203764912
1b,stem_left,row_violations_per_ep_mean,eikonal_aux,rule_based,nan,nan,False,n/a,3.3362418445603566
1b,stem_right,row_violations_per_ep_mean,eikonal_aux,rule_based,nan,nan,False,n/a,0.3850913471697552
2,stem_left,row_violations_per_ep_mean,eikonal_aux,rule_based,nan,nan,False,n/a,-1.7438243921965715
2,stem_right,row_violations_per_ep_mean,eikonal_aux,rule_based,nan,nan,False,n/a,-3.4831108774439445
2_dense,right_left,row_violations_per_ep_mean,eikonal_aux,rule_based,nan,nan,False,n/a,2.800041132494642
3,left_right,row_violations_per_ep_mean,eikonal_aux,rule_based,nan,nan,False,n/a,-3.398924310213072
3,right_left,row_violations_per_ep_mean,eikonal_aux,rule_based,nan,nan,False,n/a,3.542768825075095
4,stem_left,row_violations_per_ep_mean,eikonal_aux,rule_based,nan,nan,False,n/a,-1.9992094528384512
4,stem_right,row_violations_per_ep_mean,eikonal_aux,rule_based,nan,nan,False,n/a,-3.8402464703539247
1a,right_stem,row_violations_per_ep_mean,fusion_aux,hjb_aux,nan,nan,False,n/a,-0.5834952980348769
1a,stem_left,row_violations_per_ep_mean,fusion_aux,hjb_aux,nan,nan,False,n/a,-1.6798084568892007
1a,stem_right,row_violations_per_ep_mean,fusion_aux,hjb_aux,nan,nan,False,n/a,0.24951749908484333
1b,stem_left,row_violations_per_ep_mean,fusion_aux,hjb_aux,nan,nan,False,n/a,1.0440982642487062
1b,stem_right,row_violations_per_ep_mean,fusion_aux,hjb_aux,nan,nan,False,n/a,-0.4810708470308899
2,stem_left,row_violations_per_ep_mean,fusion_aux,hjb_aux,nan,nan,False,n/a,1.125425784627341
2,stem_right,row_violations_per_ep_mean,fusion_aux,hjb_aux,nan,nan,False,n/a,-0.8785539297559753
2_dense,right_left,row_violations_per_ep_mean,fusion_aux,hjb_aux,nan,nan,False,n/a,-0.8706841399738483
3,left_right,row_violations_per_ep_mean,fusion_aux,hjb_aux,nan,nan,False,n/a,-0.4496877906301696
3,right_left,row_violations_per_ep_mean,fusion_aux,hjb_aux,nan,nan,False,n/a,-0.6653131607195742
4,stem_left,row_violations_per_ep_mean,fusion_aux,hjb_aux,nan,nan,False,n/a,0.30762517999015454
4,stem_right,row_violations_per_ep_mean,fusion_aux,hjb_aux,nan,nan,False,n/a,-1.0570620448497943
1a,right_stem,row_violations_per_ep_mean,fusion_aux,soft_hjb_aux,nan,nan,False,n/a,-1.0680287879711696
1a,stem_left,row_violations_per_ep_mean,fusion_aux,soft_hjb_aux,nan,nan,False,n/a,-0.8181177253030061
1a,stem_right,row_violations_per_ep_mean,fusion_aux,soft_hjb_aux,nan,nan,False,n/a,-0.5464003790565855
1b,stem_left,row_violations_per_ep_mean,fusion_aux,soft_hjb_aux,nan,nan,False,n/a,-1.0478149598350528
1b,stem_right,row_violations_per_ep_mean,fusion_aux,soft_hjb_aux,nan,nan,False,n/a,-1.1030627084836486
2,stem_left,row_violations_per_ep_mean,fusion_aux,soft_hjb_aux,nan,nan,False,n/a,-1.200688866694548
2,stem_right,row_violations_per_ep_mean,fusion_aux,soft_hjb_aux,nan,nan,False,n/a,-3.9241938603395567
2_dense,right_left,row_violations_per_ep_mean,fusion_aux,soft_hjb_aux,nan,nan,False,n/a,-1.381743520565848
3,left_right,row_violations_per_ep_mean,fusion_aux,soft_hjb_aux,nan,nan,False,n/a,-1.6372252788705737
3,right_left,row_violations_per_ep_mean,fusion_aux,soft_hjb_aux,nan,nan,False,n/a,-0.6693050524764309
4,stem_left,row_violations_per_ep_mean,fusion_aux,soft_hjb_aux,nan,nan,False,n/a,-1.1422415223806095
4,stem_right,row_violations_per_ep_mean,fusion_aux,soft_hjb_aux,nan,nan,False,n/a,-2.452042115043601
1a,right_stem,row_violations_per_ep_mean,fusion_aux,eikonal_aux,nan,nan,False,n/a,1.1271880197388016
1a,stem_left,row_violations_per_ep_mean,fusion_aux,eikonal_aux,nan,nan,False,n/a,1.1616230692533571
1a,stem_right,row_violations_per_ep_mean,fusion_aux,eikonal_aux,nan,nan,False,n/a,0.9095948334984257
1b,stem_left,row_violations_per_ep_mean,fusion_aux,eikonal_aux,nan,nan,False,n/a,0.4710704856392448
1b,stem_right,row_violations_per_ep_mean,fusion_aux,eikonal_aux,nan,nan,False,n/a,-1.022010269871812
2,stem_left,row_violations_per_ep_mean,fusion_aux,eikonal_aux,nan,nan,False,n/a,0.03364178601294314
2,stem_right,row_violations_per_ep_mean,fusion_aux,eikonal_aux,nan,nan,False,n/a,-0.5493734245816027
2_dense,right_left,row_violations_per_ep_mean,fusion_aux,eikonal_aux,nan,nan,False,n/a,-1.1583980847402988
3,left_right,row_violations_per_ep_mean,fusion_aux,eikonal_aux,nan,nan,False,n/a,0.5838308678675903
3,right_left,row_violations_per_ep_mean,fusion_aux,eikonal_aux,nan,nan,False,n/a,-0.9253214733885029
4,stem_left,row_violations_per_ep_mean,fusion_aux,eikonal_aux,nan,nan,False,n/a,0.0742227976971923
4,stem_right,row_violations_per_ep_mean,fusion_aux,eikonal_aux,nan,nan,False,n/a,-0.11142657638656035
1a,right_stem,row_violations_per_ep_mean,fusion_aux,cbf_aux,nan,nan,False,n/a,-0.39922977775089846
1a,stem_left,row_violations_per_ep_mean,fusion_aux,cbf_aux,nan,nan,False,n/a,-1.291883766306365
1a,stem_right,row_violations_per_ep_mean,fusion_aux,cbf_aux,nan,nan,False,n/a,0.8494527690754015
1b,stem_left,row_violations_per_ep_mean,fusion_aux,cbf_aux,nan,nan,False,n/a,3.5462771883746864
1b,stem_right,row_violations_per_ep_mean,fusion_aux,cbf_aux,nan,nan,False,n/a,0.2663366602653508
2,stem_left,row_violations_per_ep_mean,fusion_aux,cbf_aux,nan,nan,False,n/a,1.10605857888634
2,stem_right,row_violations_per_ep_mean,fusion_aux,cbf_aux,nan,nan,False,n/a,-1.0794004139814837
2_dense,right_left,row_violations_per_ep_mean,fusion_aux,cbf_aux,nan,nan,False,n/a,-0.7354137816622318
3,left_right,row_violations_per_ep_mean,fusion_aux,cbf_aux,nan,nan,False,n/a,-0.21578599667420584
3,right_left,row_violations_per_ep_mean,fusion_aux,cbf_aux,nan,nan,False,n/a,-0.601026379241823
4,stem_left,row_violations_per_ep_mean,fusion_aux,cbf_aux,nan,nan,False,n/a,2.9265760174805684
4,stem_right,row_violations_per_ep_mean,fusion_aux,cbf_aux,nan,nan,False,n/a,-0.37462033692120933
1a,right_stem,row_violations_per_ep_mean,fusion_aux,rule_based,nan,nan,False,n/a,0.4686885629856555
1a,stem_left,row_violations_per_ep_mean,fusion_aux,rule_based,nan,nan,False,n/a,6.181883940605429
1a,stem_right,row_violations_per_ep_mean,fusion_aux,rule_based,nan,nan,False,n/a,7.5019219580992464
1b,stem_left,row_violations_per_ep_mean,fusion_aux,rule_based,nan,nan,False,n/a,3.69908034951984
1b,stem_right,row_violations_per_ep_mean,fusion_aux,rule_based,nan,nan,False,n/a,-0.9476858503704855
2,stem_left,row_violations_per_ep_mean,fusion_aux,rule_based,nan,nan,False,n/a,-2.001494477411585
2,stem_right,row_violations_per_ep_mean,fusion_aux,rule_based,nan,nan,False,n/a,-5.970282564731133
2_dense,right_left,row_violations_per_ep_mean,fusion_aux,rule_based,nan,nan,False,n/a,2.027063952205015
3,left_right,row_violations_per_ep_mean,fusion_aux,rule_based,nan,nan,False,n/a,-4.424022809443773
3,right_left,row_violations_per_ep_mean,fusion_aux,rule_based,nan,nan,False,n/a,3.7508592610519393
4,stem_left,row_violations_per_ep_mean,fusion_aux,rule_based,nan,nan,False,n/a,-3.8951967935184
4,stem_right,row_violations_per_ep_mean,fusion_aux,rule_based,nan,nan,False,n/a,-4.917474815519515
1a,right_stem,row_violations_per_ep_mean,cbf_aux,hjb_aux,nan,nan,False,n/a,-0.1491284092147322
1a,stem_left,row_violations_per_ep_mean,cbf_aux,hjb_aux,nan,nan,False,n/a,-0.4715279469996462
1a,stem_right,row_violations_per_ep_mean,cbf_aux,hjb_aux,nan,nan,False,n/a,-0.6055892593654596
1b,stem_left,row_violations_per_ep_mean,cbf_aux,hjb_aux,nan,nan,False,n/a,-0.4037741369674432
1b,stem_right,row_violations_per_ep_mean,cbf_aux,hjb_aux,nan,nan,False,n/a,-0.5910897154782194
2,stem_left,row_violations_per_ep_mean,cbf_aux,hjb_aux,nan,nan,False,n/a,-0.015173868816262762
2,stem_right,row_violations_per_ep_mean,cbf_aux,hjb_aux,nan,nan,False,n/a,-0.132183794883396
2_dense,right_left,row_violations_per_ep_mean,cbf_aux,hjb_aux,nan,nan,False,n/a,-0.07414520545814264
3,left_right,row_violations_per_ep_mean,cbf_aux,hjb_aux,nan,nan,False,n/a,-0.12438296885969906
3,right_left,row_violations_per_ep_mean,cbf_aux,hjb_aux,nan,nan,False,n/a,-0.052958737504961814
4,stem_left,row_violations_per_ep_mean,cbf_aux,hjb_aux,nan,nan,False,n/a,-0.7852257386496225
4,stem_right,row_violations_per_ep_mean,cbf_aux,hjb_aux,nan,nan,False,n/a,-0.4139766427242647
1a,right_stem,row_violations_per_ep_mean,cbf_aux,soft_hjb_aux,nan,nan,False,n/a,-0.6731059440232303
1a,stem_left,row_violations_per_ep_mean,cbf_aux,soft_hjb_aux,nan,nan,False,n/a,0.5518576406453046
1a,stem_right,row_violations_per_ep_mean,cbf_aux,soft_hjb_aux,nan,nan,False,n/a,-1.2180909274016378
1b,stem_left,row_violations_per_ep_mean,cbf_aux,soft_hjb_aux,nan,nan,False,n/a,-4.203156009359296
1b,stem_right,row_violations_per_ep_mean,cbf_aux,soft_hjb_aux,nan,nan,False,n/a,-0.9530199258996136
2,stem_left,row_violations_per_ep_mean,cbf_aux,soft_hjb_aux,nan,nan,False,n/a,-2.083812769808736
2,stem_right,row_violations_per_ep_mean,cbf_aux,soft_hjb_aux,nan,nan,False,n/a,-2.083703169126117
2_dense,right_left,row_violations_per_ep_mean,cbf_aux,soft_hjb_aux,nan,nan,False,n/a,-0.5915670167173572
3,left_right,row_violations_per_ep_mean,cbf_aux,soft_hjb_aux,nan,nan,False,n/a,-0.6113652029387088
3,right_left,row_violations_per_ep_mean,cbf_aux,soft_hjb_aux,nan,nan,False,n/a,0.20733448602681698
4,stem_left,row_violations_per_ep_mean,cbf_aux,soft_hjb_aux,nan,nan,False,n/a,-3.3951588271360205
4,stem_right,row_violations_per_ep_mean,cbf_aux,soft_hjb_aux,nan,nan,False,n/a,-1.620125522014938
1a,right_stem,row_violations_per_ep_mean,cbf_aux,eikonal_aux,nan,nan,False,n/a,1.6048351851959284
1a,stem_left,row_violations_per_ep_mean,cbf_aux,eikonal_aux,nan,nan,False,n/a,2.7328193639358105
1a,stem_right,row_violations_per_ep_mean,cbf_aux,eikonal_aux,nan,nan,False,n/a,-0.04418417275171599
1b,stem_left,row_violations_per_ep_mean,cbf_aux,eikonal_aux,nan,nan,False,n/a,-3.2747209166025844
1b,stem_right,row_violations_per_ep_mean,cbf_aux,eikonal_aux,nan,nan,False,n/a,-0.9493494647516285
2,stem_left,row_violations_per_ep_mean,cbf_aux,eikonal_aux,nan,nan,False,n/a,-1.004250371331575
2,stem_right,row_violations_per_ep_mean,cbf_aux,eikonal_aux,nan,nan,False,n/a,0.2372566317727742
2_dense,right_left,row_violations_per_ep_mean,cbf_aux,eikonal_aux,nan,nan,False,n/a,-0.4563941365896777
3,left_right,row_violations_per_ep_mean,cbf_aux,eikonal_aux,nan,nan,False,n/a,0.5225186153272617
3,right_left,row_violations_per_ep_mean,cbf_aux,eikonal_aux,nan,nan,False,n/a,0.030404048189412274
4,stem_left,row_violations_per_ep_mean,cbf_aux,eikonal_aux,nan,nan,False,n/a,-1.7059640835183951
4,stem_right,row_violations_per_ep_mean,cbf_aux,eikonal_aux,nan,nan,False,n/a,0.23326768455142557
1a,right_stem,row_violations_per_ep_mean,cbf_aux,fusion_aux,nan,nan,False,n/a,0.39922977775089846
1a,stem_left,row_violations_per_ep_mean,cbf_aux,fusion_aux,nan,nan,False,n/a,1.291883766306365
1a,stem_right,row_violations_per_ep_mean,cbf_aux,fusion_aux,nan,nan,False,n/a,-0.8494527690754015
1b,stem_left,row_violations_per_ep_mean,cbf_aux,fusion_aux,nan,nan,False,n/a,-3.5462771883746864
1b,stem_right,row_violations_per_ep_mean,cbf_aux,fusion_aux,nan,nan,False,n/a,-0.2663366602653508
2,stem_left,row_violations_per_ep_mean,cbf_aux,fusion_aux,nan,nan,False,n/a,-1.10605857888634
2,stem_right,row_violations_per_ep_mean,cbf_aux,fusion_aux,nan,nan,False,n/a,1.0794004139814837
2_dense,right_left,row_violations_per_ep_mean,cbf_aux,fusion_aux,nan,nan,False,n/a,0.7354137816622318
3,left_right,row_violations_per_ep_mean,cbf_aux,fusion_aux,nan,nan,False,n/a,0.21578599667420584
3,right_left,row_violations_per_ep_mean,cbf_aux,fusion_aux,nan,nan,False,n/a,0.601026379241823
4,stem_left,row_violations_per_ep_mean,cbf_aux,fusion_aux,nan,nan,False,n/a,-2.9265760174805684
4,stem_right,row_violations_per_ep_mean,cbf_aux,fusion_aux,nan,nan,False,n/a,0.37462033692120933
1a,right_stem,row_violations_per_ep_mean,cbf_aux,rule_based,nan,nan,False,n/a,0.8392210428353117
1a,stem_left,row_violations_per_ep_mean,cbf_aux,rule_based,nan,nan,False,n/a,10.690585281264697
1a,stem_right,row_violations_per_ep_mean,cbf_aux,rule_based,nan,nan,False,n/a,4.219736370740621
1b,stem_left,row_violations_per_ep_mean,cbf_aux,rule_based,nan,nan,False,n/a,-1.4354810075280837
1b,stem_right,row_violations_per_ep_mean,cbf_aux,rule_based,nan,nan,False,n/a,-0.823229797872681
2,stem_left,row_violations_per_ep_mean,cbf_aux,rule_based,nan,nan,False,n/a,-2.6675931657106218
2,stem_right,row_violations_per_ep_mean,cbf_aux,rule_based,nan,nan,False,n/a,-4.149213990412887
2_dense,right_left,row_violations_per_ep_mean,cbf_aux,rule_based,nan,nan,False,n/a,2.5731629942024727
3,left_right,row_violations_per_ep_mean,cbf_aux,rule_based,nan,nan,False,n/a,-1.336384507070698
3,right_left,row_violations_per_ep_mean,cbf_aux,rule_based,nan,nan,False,n/a,1.997455971387766
4,stem_left,row_violations_per_ep_mean,cbf_aux,rule_based,nan,nan,False,n/a,-6.163851318329617
4,stem_right,row_violations_per_ep_mean,cbf_aux,rule_based,nan,nan,False,n/a,-3.4961317883657803
1a,right_stem,row_violations_per_ep_mean,rule_based,hjb_aux,nan,nan,False,n/a,-1.0245803352992928
1a,stem_left,row_violations_per_ep_mean,rule_based,hjb_aux,nan,nan,False,n/a,-11.232231291819735
1a,stem_right,row_violations_per_ep_mean,rule_based,hjb_aux,nan,nan,False,n/a,-6.206379059577015
1b,stem_left,row_violations_per_ep_mean,rule_based,hjb_aux,nan,nan,False,n/a,0.1135978973283717
1b,stem_right,row_violations_per_ep_mean,rule_based,hjb_aux,nan,nan,False,n/a,0.1315283154753479
2,stem_left,row_violations_per_ep_mean,rule_based,hjb_aux,nan,nan,False,n/a,2.7637422912256198
2,stem_right,row_violations_per_ep_mean,rule_based,hjb_aux,nan,nan,False,n/a,2.851074016182688
2_dense,right_left,row_violations_per_ep_mean,rule_based,hjb_aux,nan,nan,False,n/a,-2.980789959662703
3,left_right,row_violations_per_ep_mean,rule_based,hjb_aux,nan,nan,False,n/a,1.4694015499086945
3,right_left,row_violations_per_ep_mean,rule_based,hjb_aux,nan,nan,False,n/a,-2.0492163284033866
4,stem_left,row_violations_per_ep_mean,rule_based,hjb_aux,nan,nan,False,n/a,1.4197138844866286
4,stem_right,row_violations_per_ep_mean,rule_based,hjb_aux,nan,nan,False,n/a,4.8606704372595
1a,right_stem,row_violations_per_ep_mean,rule_based,soft_hjb_aux,nan,nan,False,n/a,-1.4301601709668474
1a,stem_left,row_violations_per_ep_mean,rule_based,soft_hjb_aux,nan,nan,False,n/a,-9.628113450403717
1a,stem_right,row_violations_per_ep_mean,rule_based,soft_hjb_aux,nan,nan,False,n/a,-7.55560308072493
1b,stem_left,row_violations_per_ep_mean,rule_based,soft_hjb_aux,nan,nan,False,n/a,-4.541898332061878
1b,stem_right,row_violations_per_ep_mean,rule_based,soft_hjb_aux,nan,nan,False,n/a,-0.3620836575000753
2,stem_left,row_violations_per_ep_mean,rule_based,soft_hjb_aux,nan,nan,False,n/a,0.9106621488104956
2,stem_right,row_violations_per_ep_mean,rule_based,soft_hjb_aux,nan,nan,False,n/a,2.764625992600736
2_dense,right_left,row_violations_per_ep_mean,rule_based,soft_hjb_aux,nan,nan,False,n/a,-3.35303616951482
3,left_right,row_violations_per_ep_mean,rule_based,soft_hjb_aux,nan,nan,False,n/a,1.3793150325312538
3,right_left,row_violations_per_ep_mean,rule_based,soft_hjb_aux,nan,nan,False,n/a,-3.525075489767616
4,stem_left,row_violations_per_ep_mean,rule_based,soft_hjb_aux,nan,nan,False,n/a,1.6263177687518835
4,stem_right,row_violations_per_ep_mean,rule_based,soft_hjb_aux,nan,nan,False,n/a,2.386144655263274
1a,right_stem,row_violations_per_ep_mean,rule_based,eikonal_aux,nan,nan,False,n/a,0.5295800150046939
1a,stem_left,row_violations_per_ep_mean,rule_based,eikonal_aux,nan,nan,False,n/a,-5.144031822945934
1a,stem_right,row_violations_per_ep_mean,rule_based,eikonal_aux,nan,nan,False,n/a,-4.905053203764912
1b,stem_left,row_violations_per_ep_mean,rule_based,eikonal_aux,nan,nan,False,n/a,-3.3362418445603566
1b,stem_right,row_violations_per_ep_mean,rule_based,eikonal_aux,nan,nan,False,n/a,-0.3850913471697552
2,stem_left,row_violations_per_ep_mean,rule_based,eikonal_aux,nan,nan,False,n/a,1.7438243921965715
2,stem_right,row_violations_per_ep_mean,rule_based,eikonal_aux,nan,nan,False,n/a,3.4831108774439445
2_dense,right_left,row_violations_per_ep_mean,rule_based,eikonal_aux,nan,nan,False,n/a,-2.800041132494642
3,left_right,row_violations_per_ep_mean,rule_based,eikonal_aux,nan,nan,False,n/a,3.398924310213072
3,right_left,row_violations_per_ep_mean,rule_based,eikonal_aux,nan,nan,False,n/a,-3.542768825075095
4,stem_left,row_violations_per_ep_mean,rule_based,eikonal_aux,nan,nan,False,n/a,1.9992094528384512
4,stem_right,row_violations_per_ep_mean,rule_based,eikonal_aux,nan,nan,False,n/a,3.8402464703539247
1a,right_stem,row_violations_per_ep_mean,rule_based,fusion_aux,nan,nan,False,n/a,-0.4686885629856555
1a,stem_left,row_violations_per_ep_mean,rule_based,fusion_aux,nan,nan,False,n/a,-6.181883940605429
1a,stem_right,row_violations_per_ep_mean,rule_based,fusion_aux,nan,nan,False,n/a,-7.5019219580992464
1b,stem_left,row_violations_per_ep_mean,rule_based,fusion_aux,nan,nan,False,n/a,-3.69908034951984
1b,stem_right,row_violations_per_ep_mean,rule_based,fusion_aux,nan,nan,False,n/a,0.9476858503704855
2,stem_left,row_violations_per_ep_mean,rule_based,fusion_aux,nan,nan,False,n/a,2.001494477411585
2,stem_right,row_violations_per_ep_mean,rule_based,fusion_aux,nan,nan,False,n/a,5.970282564731133
2_dense,right_left,row_violations_per_ep_mean,rule_based,fusion_aux,nan,nan,False,n/a,-2.027063952205015
3,left_right,row_violations_per_ep_mean,rule_based,fusion_aux,nan,nan,False,n/a,4.424022809443773
3,right_left,row_violations_per_ep_mean,rule_based,fusion_aux,nan,nan,False,n/a,-3.7508592610519393
4,stem_left,row_violations_per_ep_mean,rule_based,fusion_aux,nan,nan,False,n/a,3.8951967935184
4,stem_right,row_violations_per_ep_mean,rule_based,fusion_aux,nan,nan,False,n/a,4.917474815519515
1a,right_stem,row_violations_per_ep_mean,rule_based,cbf_aux,nan,nan,False,n/a,-0.8392210428353117
1a,stem_left,row_violations_per_ep_mean,rule_based,cbf_aux,nan,nan,False,n/a,-10.690585281264697
1a,stem_right,row_violations_per_ep_mean,rule_based,cbf_aux,nan,nan,False,n/a,-4.219736370740621
1b,stem_left,row_violations_per_ep_mean,rule_based,cbf_aux,nan,nan,False,n/a,1.4354810075280837
1b,stem_right,row_violations_per_ep_mean,rule_based,cbf_aux,nan,nan,False,n/a,0.823229797872681
2,stem_left,row_violations_per_ep_mean,rule_based,cbf_aux,nan,nan,False,n/a,2.6675931657106218
2,stem_right,row_violations_per_ep_mean,rule_based,cbf_aux,nan,nan,False,n/a,4.149213990412887
2_dense,right_left,row_violations_per_ep_mean,rule_based,cbf_aux,nan,nan,False,n/a,-2.5731629942024727
3,left_right,row_violations_per_ep_mean,rule_based,cbf_aux,nan,nan,False,n/a,1.336384507070698
3,right_left,row_violations_per_ep_mean,rule_based,cbf_aux,nan,nan,False,n/a,-1.997455971387766
4,stem_left,row_violations_per_ep_mean,rule_based,cbf_aux,nan,nan,False,n/a,6.163851318329617
4,stem_right,row_violations_per_ep_mean,rule_based,cbf_aux,nan,nan,False,n/a,3.4961317883657803
1a,right_stem,action_go_frac,hjb_aux,soft_hjb_aux,nan,nan,False,n/a,4.697128080430122
1a,stem_left,action_go_frac,hjb_aux,soft_hjb_aux,nan,nan,False,n/a,1.8564044014699501
1a,stem_right,action_go_frac,hjb_aux,soft_hjb_aux,nan,nan,False,n/a,3.2758194112259282
1b,stem_left,action_go_frac,hjb_aux,soft_hjb_aux,nan,nan,False,n/a,1.8512026252932756
1b,stem_right,action_go_frac,hjb_aux,soft_hjb_aux,nan,nan,False,n/a,0.0949663198291994
2,stem_left,action_go_frac,hjb_aux,soft_hjb_aux,nan,nan,False,n/a,2.4256829179857
2,stem_right,action_go_frac,hjb_aux,soft_hjb_aux,nan,nan,False,n/a,-1.125629516061883
2_dense,right_left,action_go_frac,hjb_aux,soft_hjb_aux,nan,nan,False,n/a,-0.2651266093942631
3,left_right,action_go_frac,hjb_aux,soft_hjb_aux,nan,nan,False,n/a,-1.9045370249826339
3,right_left,action_go_frac,hjb_aux,soft_hjb_aux,nan,nan,False,n/a,1.3471071503987224
4,stem_left,action_go_frac,hjb_aux,soft_hjb_aux,nan,nan,False,n/a,0.154587538248725
4,stem_right,action_go_frac,hjb_aux,soft_hjb_aux,nan,nan,False,n/a,-1.696131911130137
1a,right_stem,action_go_frac,hjb_aux,eikonal_aux,nan,nan,False,n/a,6.13978374963643
1a,stem_left,action_go_frac,hjb_aux,eikonal_aux,nan,nan,False,n/a,7.245899216747376
1a,stem_right,action_go_frac,hjb_aux,eikonal_aux,nan,nan,False,n/a,9.007234404442665
1b,stem_left,action_go_frac,hjb_aux,eikonal_aux,nan,nan,False,n/a,2.0213456544808195
1b,stem_right,action_go_frac,hjb_aux,eikonal_aux,nan,nan,False,n/a,0.6819831789030467
2,stem_left,action_go_frac,hjb_aux,eikonal_aux,nan,nan,False,n/a,2.8777933748052935
2,stem_right,action_go_frac,hjb_aux,eikonal_aux,nan,nan,False,n/a,-0.41647537520920364
2_dense,right_left,action_go_frac,hjb_aux,eikonal_aux,nan,nan,False,n/a,0.15364105623470878
3,left_right,action_go_frac,hjb_aux,eikonal_aux,nan,nan,False,n/a,-0.7810172029618873
3,right_left,action_go_frac,hjb_aux,eikonal_aux,nan,nan,False,n/a,1.6520205953621687
4,stem_left,action_go_frac,hjb_aux,eikonal_aux,nan,nan,False,n/a,0.284282816493397
4,stem_right,action_go_frac,hjb_aux,eikonal_aux,nan,nan,False,n/a,-0.7533467474008724
1a,right_stem,action_go_frac,hjb_aux,fusion_aux,nan,nan,False,n/a,3.6474531798437044
1a,stem_left,action_go_frac,hjb_aux,fusion_aux,nan,nan,False,n/a,3.55337799392836
1a,stem_right,action_go_frac,hjb_aux,fusion_aux,nan,nan,False,n/a,2.461697256847497
1b,stem_left,action_go_frac,hjb_aux,fusion_aux,nan,nan,False,n/a,1.8591433668443835
1b,stem_right,action_go_frac,hjb_aux,fusion_aux,nan,nan,False,n/a,0.41992652950109577
2,stem_left,action_go_frac,hjb_aux,fusion_aux,nan,nan,False,n/a,1.621672674574231
2,stem_right,action_go_frac,hjb_aux,fusion_aux,nan,nan,False,n/a,-1.50758549523759
2_dense,right_left,action_go_frac,hjb_aux,fusion_aux,nan,nan,False,n/a,-0.10716274240421363
3,left_right,action_go_frac,hjb_aux,fusion_aux,nan,nan,False,n/a,-1.5754229325535702
3,right_left,action_go_frac,hjb_aux,fusion_aux,nan,nan,False,n/a,1.3745164476008287
4,stem_left,action_go_frac,hjb_aux,fusion_aux,nan,nan,False,n/a,0.1651044524621551
4,stem_right,action_go_frac,hjb_aux,fusion_aux,nan,nan,False,n/a,-0.45395311520217096
1a,right_stem,action_go_frac,hjb_aux,cbf_aux,nan,nan,False,n/a,1.2115529196518398
1a,stem_left,action_go_frac,hjb_aux,cbf_aux,nan,nan,False,n/a,1.0773336703339385
1a,stem_right,action_go_frac,hjb_aux,cbf_aux,nan,nan,False,n/a,1.4334187386847888
1b,stem_left,action_go_frac,hjb_aux,cbf_aux,nan,nan,False,n/a,-0.4969269216711238
1b,stem_right,action_go_frac,hjb_aux,cbf_aux,nan,nan,False,n/a,-0.10452152422432136
2,stem_left,action_go_frac,hjb_aux,cbf_aux,nan,nan,False,n/a,0.051040223758709105
2,stem_right,action_go_frac,hjb_aux,cbf_aux,nan,nan,False,n/a,-0.011427105283279084
2_dense,right_left,action_go_frac,hjb_aux,cbf_aux,nan,nan,False,n/a,-0.14632875111181973
3,left_right,action_go_frac,hjb_aux,cbf_aux,nan,nan,False,n/a,-0.026385305373728973
3,right_left,action_go_frac,hjb_aux,cbf_aux,nan,nan,False,n/a,0.5022251447843578
4,stem_left,action_go_frac,hjb_aux,cbf_aux,nan,nan,False,n/a,-0.6918023319652011
4,stem_right,action_go_frac,hjb_aux,cbf_aux,nan,nan,False,n/a,-0.05082182616762187
1a,right_stem,action_go_frac,hjb_aux,rule_based,nan,nan,False,n/a,17.091036080646898
1a,stem_left,action_go_frac,hjb_aux,rule_based,nan,nan,False,n/a,14.850007478151229
1a,stem_right,action_go_frac,hjb_aux,rule_based,nan,nan,False,n/a,17.36141028655821
1b,stem_left,action_go_frac,hjb_aux,rule_based,nan,nan,False,n/a,0.16932931468135828
1b,stem_right,action_go_frac,hjb_aux,rule_based,nan,nan,False,n/a,-6.387181451590779
2,stem_left,action_go_frac,hjb_aux,rule_based,nan,nan,False,n/a,-1.0114171068589728
2,stem_right,action_go_frac,hjb_aux,rule_based,nan,nan,False,n/a,-2.5206589883678747
2_dense,right_left,action_go_frac,hjb_aux,rule_based,nan,nan,False,n/a,-2.1315827940246006
3,left_right,action_go_frac,hjb_aux,rule_based,nan,nan,False,n/a,-13.973021660222367
3,right_left,action_go_frac,hjb_aux,rule_based,nan,nan,False,n/a,0.010817378157767194
4,stem_left,action_go_frac,hjb_aux,rule_based,nan,nan,False,n/a,-1.7287874023201806
4,stem_right,action_go_frac,hjb_aux,rule_based,nan,nan,False,n/a,-4.341159111256911
1a,right_stem,action_go_frac,soft_hjb_aux,hjb_aux,nan,nan,False,n/a,-4.697128080430122
1a,stem_left,action_go_frac,soft_hjb_aux,hjb_aux,nan,nan,False,n/a,-1.8564044014699501
1a,stem_right,action_go_frac,soft_hjb_aux,hjb_aux,nan,nan,False,n/a,-3.2758194112259282
1b,stem_left,action_go_frac,soft_hjb_aux,hjb_aux,nan,nan,False,n/a,-1.8512026252932756
1b,stem_right,action_go_frac,soft_hjb_aux,hjb_aux,nan,nan,False,n/a,-0.0949663198291994
2,stem_left,action_go_frac,soft_hjb_aux,hjb_aux,nan,nan,False,n/a,-2.4256829179857
2,stem_right,action_go_frac,soft_hjb_aux,hjb_aux,nan,nan,False,n/a,1.125629516061883
2_dense,right_left,action_go_frac,soft_hjb_aux,hjb_aux,nan,nan,False,n/a,0.2651266093942631
3,left_right,action_go_frac,soft_hjb_aux,hjb_aux,nan,nan,False,n/a,1.9045370249826339
3,right_left,action_go_frac,soft_hjb_aux,hjb_aux,nan,nan,False,n/a,-1.3471071503987224
4,stem_left,action_go_frac,soft_hjb_aux,hjb_aux,nan,nan,False,n/a,-0.154587538248725
4,stem_right,action_go_frac,soft_hjb_aux,hjb_aux,nan,nan,False,n/a,1.696131911130137
1a,right_stem,action_go_frac,soft_hjb_aux,eikonal_aux,nan,nan,False,n/a,4.728667506941704
1a,stem_left,action_go_frac,soft_hjb_aux,eikonal_aux,nan,nan,False,n/a,3.491099973016626
1a,stem_right,action_go_frac,soft_hjb_aux,eikonal_aux,nan,nan,False,n/a,7.873279487061341
1b,stem_left,action_go_frac,soft_hjb_aux,eikonal_aux,nan,nan,False,n/a,0.7698519013422719
1b,stem_right,action_go_frac,soft_hjb_aux,eikonal_aux,nan,nan,False,n/a,0.5884485551556716
2,stem_left,action_go_frac,soft_hjb_aux,eikonal_aux,nan,nan,False,n/a,0.25375104748202254
2,stem_right,action_go_frac,soft_hjb_aux,eikonal_aux,nan,nan,False,n/a,0.5825008850928838
2_dense,right_left,action_go_frac,soft_hjb_aux,eikonal_aux,nan,nan,False,n/a,0.8663740043697636
3,left_right,action_go_frac,soft_hjb_aux,eikonal_aux,nan,nan,False,n/a,0.7413068000933306
3,right_left,action_go_frac,soft_hjb_aux,eikonal_aux,nan,nan,False,n/a,0.9975349824824432
4,stem_left,action_go_frac,soft_hjb_aux,eikonal_aux,nan,nan,False,n/a,0.22312849762048925
4,stem_right,action_go_frac,soft_hjb_aux,eikonal_aux,nan,nan,False,n/a,0.830056463000944
1a,right_stem,action_go_frac,soft_hjb_aux,fusion_aux,nan,nan,False,n/a,2.478070278570478
1a,stem_left,action_go_frac,soft_hjb_aux,fusion_aux,nan,nan,False,n/a,1.465209084426887
1a,stem_right,action_go_frac,soft_hjb_aux,fusion_aux,nan,nan,False,n/a,1.6170568109561387
1b,stem_left,action_go_frac,soft_hjb_aux,fusion_aux,nan,nan,False,n/a,0.0805630325049635
1b,stem_right,action_go_frac,soft_hjb_aux,fusion_aux,nan,nan,False,n/a,0.3169099630936515
2,stem_left,action_go_frac,soft_hjb_aux,fusion_aux,nan,nan,False,n/a,-0.6776792187384543
2,stem_right,action_go_frac,soft_hjb_aux,fusion_aux,nan,nan,False,n/a,-0.7846803682066811
2_dense,right_left,action_go_frac,soft_hjb_aux,fusion_aux,nan,nan,False,n/a,0.5806263663236709
3,left_right,action_go_frac,soft_hjb_aux,fusion_aux,nan,nan,False,n/a,0.26838629691966764
3,right_left,action_go_frac,soft_hjb_aux,fusion_aux,nan,nan,False,n/a,0.19380683572128934
4,stem_left,action_go_frac,soft_hjb_aux,fusion_aux,nan,nan,False,n/a,0.010142074998914508
4,stem_right,action_go_frac,soft_hjb_aux,fusion_aux,nan,nan,False,n/a,0.9929843065908753
1a,right_stem,action_go_frac,soft_hjb_aux,cbf_aux,nan,nan,False,n/a,-0.4506012563368391
1a,stem_left,action_go_frac,soft_hjb_aux,cbf_aux,nan,nan,False,n/a,-0.9056802997462979
1a,stem_right,action_go_frac,soft_hjb_aux,cbf_aux,nan,nan,False,n/a,0.22680351952005773
1b,stem_left,action_go_frac,soft_hjb_aux,cbf_aux,nan,nan,False,n/a,-4.580479245239416
1b,stem_right,action_go_frac,soft_hjb_aux,cbf_aux,nan,nan,False,n/a,-0.1602613791998699
2,stem_left,action_go_frac,soft_hjb_aux,cbf_aux,nan,nan,False,n/a,-1.9076349545002143
2,stem_right,action_go_frac,soft_hjb_aux,cbf_aux,nan,nan,False,n/a,1.4616997096454334
2_dense,right_left,action_go_frac,soft_hjb_aux,cbf_aux,nan,nan,False,n/a,0.08480035560865744
3,left_right,action_go_frac,soft_hjb_aux,cbf_aux,nan,nan,False,n/a,1.7011768096578637
3,right_left,action_go_frac,soft_hjb_aux,cbf_aux,nan,nan,False,n/a,-0.8079661132103358
4,stem_left,action_go_frac,soft_hjb_aux,cbf_aux,nan,nan,False,n/a,-1.4762663664636397
4,stem_right,action_go_frac,soft_hjb_aux,cbf_aux,nan,nan,False,n/a,1.3195572798313373
1a,right_stem,action_go_frac,soft_hjb_aux,rule_based,nan,nan,False,n/a,26.64764539031316
1a,stem_left,action_go_frac,soft_hjb_aux,rule_based,nan,nan,False,n/a,4.209677619900115
1a,stem_right,action_go_frac,soft_hjb_aux,rule_based,nan,nan,False,n/a,24.466682056451845
1b,stem_left,action_go_frac,soft_hjb_aux,rule_based,nan,nan,False,n/a,-9.919827966780192
1b,stem_right,action_go_frac,soft_hjb_aux,rule_based,nan,nan,False,n/a,-6.725951660513316
2,stem_left,action_go_frac,soft_hjb_aux,rule_based,nan,nan,False,n/a,-5.005947833866719
2,stem_right,action_go_frac,soft_hjb_aux,rule_based,nan,nan,False,n/a,-2.3289728574304323
2_dense,right_left,action_go_frac,soft_hjb_aux,rule_based,nan,nan,False,n/a,-10.03082863394278
3,left_right,action_go_frac,soft_hjb_aux,rule_based,nan,nan,False,n/a,-11.593364978832422
3,right_left,action_go_frac,soft_hjb_aux,rule_based,nan,nan,False,n/a,-7.0920936897464335
4,stem_left,action_go_frac,soft_hjb_aux,rule_based,nan,nan,False,n/a,-4.592763762143842
4,stem_right,action_go_frac,soft_hjb_aux,rule_based,nan,nan,False,n/a,-2.4762521250163707
1a,right_stem,action_go_frac,eikonal_aux,hjb_aux,nan,nan,False,n/a,-6.13978374963643
1a,stem_left,action_go_frac,eikonal_aux,hjb_aux,nan,nan,False,n/a,-7.245899216747376
1a,stem_right,action_go_frac,eikonal_aux,hjb_aux,nan,nan,False,n/a,-9.007234404442665
1b,stem_left,action_go_frac,eikonal_aux,hjb_aux,nan,nan,False,n/a,-2.0213456544808195
1b,stem_right,action_go_frac,eikonal_aux,hjb_aux,nan,nan,False,n/a,-0.6819831789030467
2,stem_left,action_go_frac,eikonal_aux,hjb_aux,nan,nan,False,n/a,-2.8777933748052935
2,stem_right,action_go_frac,eikonal_aux,hjb_aux,nan,nan,False,n/a,0.41647537520920364
2_dense,right_left,action_go_frac,eikonal_aux,hjb_aux,nan,nan,False,n/a,-0.15364105623470878
3,left_right,action_go_frac,eikonal_aux,hjb_aux,nan,nan,False,n/a,0.7810172029618873
3,right_left,action_go_frac,eikonal_aux,hjb_aux,nan,nan,False,n/a,-1.6520205953621687
4,stem_left,action_go_frac,eikonal_aux,hjb_aux,nan,nan,False,n/a,-0.284282816493397
4,stem_right,action_go_frac,eikonal_aux,hjb_aux,nan,nan,False,n/a,0.7533467474008724
1a,right_stem,action_go_frac,eikonal_aux,soft_hjb_aux,nan,nan,False,n/a,-4.728667506941704
1a,stem_left,action_go_frac,eikonal_aux,soft_hjb_aux,nan,nan,False,n/a,-3.491099973016626
1a,stem_right,action_go_frac,eikonal_aux,soft_hjb_aux,nan,nan,False,n/a,-7.873279487061341
1b,stem_left,action_go_frac,eikonal_aux,soft_hjb_aux,nan,nan,False,n/a,-0.7698519013422719
1b,stem_right,action_go_frac,eikonal_aux,soft_hjb_aux,nan,nan,False,n/a,-0.5884485551556716
2,stem_left,action_go_frac,eikonal_aux,soft_hjb_aux,nan,nan,False,n/a,-0.25375104748202254
2,stem_right,action_go_frac,eikonal_aux,soft_hjb_aux,nan,nan,False,n/a,-0.5825008850928838
2_dense,right_left,action_go_frac,eikonal_aux,soft_hjb_aux,nan,nan,False,n/a,-0.8663740043697636
3,left_right,action_go_frac,eikonal_aux,soft_hjb_aux,nan,nan,False,n/a,-0.7413068000933306
3,right_left,action_go_frac,eikonal_aux,soft_hjb_aux,nan,nan,False,n/a,-0.9975349824824432
4,stem_left,action_go_frac,eikonal_aux,soft_hjb_aux,nan,nan,False,n/a,-0.22312849762048925
4,stem_right,action_go_frac,eikonal_aux,soft_hjb_aux,nan,nan,False,n/a,-0.830056463000944
1a,right_stem,action_go_frac,eikonal_aux,fusion_aux,nan,nan,False,n/a,-0.8661688659020634
1a,stem_left,action_go_frac,eikonal_aux,fusion_aux,nan,nan,False,n/a,-1.66678484683018
1a,stem_right,action_go_frac,eikonal_aux,fusion_aux,nan,nan,False,n/a,-1.730061833335271
1b,stem_left,action_go_frac,eikonal_aux,fusion_aux,nan,nan,False,n/a,-0.5666269089752061
1b,stem_right,action_go_frac,eikonal_aux,fusion_aux,nan,nan,False,n/a,-0.34697676964546836
2,stem_left,action_go_frac,eikonal_aux,fusion_aux,nan,nan,False,n/a,-0.968731531549059
2,stem_right,action_go_frac,eikonal_aux,fusion_aux,nan,nan,False,n/a,-1.0851507283374398
2_dense,right_left,action_go_frac,eikonal_aux,fusion_aux,nan,nan,False,n/a,-0.5420183601520729
3,left_right,action_go_frac,eikonal_aux,fusion_aux,nan,nan,False,n/a,-0.5144433954878492
3,right_left,action_go_frac,eikonal_aux,fusion_aux,nan,nan,False,n/a,-0.6370289679310963
4,stem_left,action_go_frac,eikonal_aux,fusion_aux,nan,nan,False,n/a,-0.23230329839898278
4,stem_right,action_go_frac,eikonal_aux,fusion_aux,nan,nan,False,n/a,0.22678675504843263
1a,right_stem,action_go_frac,eikonal_aux,cbf_aux,nan,nan,False,n/a,-3.7374433822026374
1a,stem_left,action_go_frac,eikonal_aux,cbf_aux,nan,nan,False,n/a,-5.212508816641669
1a,stem_right,action_go_frac,eikonal_aux,cbf_aux,nan,nan,False,n/a,-4.081359594307861
1b,stem_left,action_go_frac,eikonal_aux,cbf_aux,nan,nan,False,n/a,-5.026268269266364
1b,stem_right,action_go_frac,eikonal_aux,cbf_aux,nan,nan,False,n/a,-0.47810458947534357
2,stem_left,action_go_frac,eikonal_aux,cbf_aux,nan,nan,False,n/a,-2.194471400675804
2,stem_right,action_go_frac,eikonal_aux,cbf_aux,nan,nan,False,n/a,0.4732264349564737
2_dense,right_left,action_go_frac,eikonal_aux,cbf_aux,nan,nan,False,n/a,-0.36724732643165253
3,left_right,action_go_frac,eikonal_aux,cbf_aux,nan,nan,False,n/a,0.7122038369606797
3,right_left,action_go_frac,eikonal_aux,cbf_aux,nan,nan,False,n/a,-1.1697694325428303
4,stem_left,action_go_frac,eikonal_aux,cbf_aux,nan,nan,False,n/a,-1.3458066603360352
4,stem_right,action_go_frac,eikonal_aux,cbf_aux,nan,nan,False,n/a,0.5806471988248285
1a,right_stem,action_go_frac,eikonal_aux,rule_based,nan,nan,False,n/a,-0.7349855581540381
1a,stem_left,action_go_frac,eikonal_aux,rule_based,nan,nan,False,n/a,-0.28987669005899597
1a,stem_right,action_go_frac,eikonal_aux,rule_based,nan,nan,False,n/a,-0.38987341858996555
1b,stem_left,action_go_frac,eikonal_aux,rule_based,nan,nan,False,n/a,-16.513403320917792
1b,stem_right,action_go_frac,eikonal_aux,rule_based,nan,nan,False,n/a,-9.439598452637394
2,stem_left,action_go_frac,eikonal_aux,rule_based,nan,nan,False,n/a,-6.882507381620392
2,stem_right,action_go_frac,eikonal_aux,rule_based,nan,nan,False,n/a,-1.863619380777993
2_dense,right_left,action_go_frac,eikonal_aux,rule_based,nan,nan,False,n/a,-4.864403669031158
3,left_right,action_go_frac,eikonal_aux,rule_based,nan,nan,False,n/a,-8.925097199033663
3,right_left,action_go_frac,eikonal_aux,rule_based,nan,nan,False,n/a,-5.781770558378419
4,stem_left,action_go_frac,eikonal_aux,rule_based,nan,nan,False,n/a,-3.0907123531842102
4,stem_right,action_go_frac,eikonal_aux,rule_based,nan,nan,False,n/a,-3.0607398885229933
1a,right_stem,action_go_frac,fusion_aux,hjb_aux,nan,nan,False,n/a,-3.6474531798437044
1a,stem_left,action_go_frac,fusion_aux,hjb_aux,nan,nan,False,n/a,-3.55337799392836
1a,stem_right,action_go_frac,fusion_aux,hjb_aux,nan,nan,False,n/a,-2.461697256847497
1b,stem_left,action_go_frac,fusion_aux,hjb_aux,nan,nan,False,n/a,-1.8591433668443835
1b,stem_right,action_go_frac,fusion_aux,hjb_aux,nan,nan,False,n/a,-0.41992652950109577
2,stem_left,action_go_frac,fusion_aux,hjb_aux,nan,nan,False,n/a,-1.621672674574231
2,stem_right,action_go_frac,fusion_aux,hjb_aux,nan,nan,False,n/a,1.50758549523759
2_dense,right_left,action_go_frac,fusion_aux,hjb_aux,nan,nan,False,n/a,0.10716274240421363
3,left_right,action_go_frac,fusion_aux,hjb_aux,nan,nan,False,n/a,1.5754229325535702
3,right_left,action_go_frac,fusion_aux,hjb_aux,nan,nan,False,n/a,-1.3745164476008287
4,stem_left,action_go_frac,fusion_aux,hjb_aux,nan,nan,False,n/a,-0.1651044524621551
4,stem_right,action_go_frac,fusion_aux,hjb_aux,nan,nan,False,n/a,0.45395311520217096
1a,right_stem,action_go_frac,fusion_aux,soft_hjb_aux,nan,nan,False,n/a,-2.478070278570478
1a,stem_left,action_go_frac,fusion_aux,soft_hjb_aux,nan,nan,False,n/a,-1.465209084426887
1a,stem_right,action_go_frac,fusion_aux,soft_hjb_aux,nan,nan,False,n/a,-1.6170568109561387
1b,stem_left,action_go_frac,fusion_aux,soft_hjb_aux,nan,nan,False,n/a,-0.0805630325049635
1b,stem_right,action_go_frac,fusion_aux,soft_hjb_aux,nan,nan,False,n/a,-0.3169099630936515
2,stem_left,action_go_frac,fusion_aux,soft_hjb_aux,nan,nan,False,n/a,0.6776792187384543
2,stem_right,action_go_frac,fusion_aux,soft_hjb_aux,nan,nan,False,n/a,0.7846803682066811
2_dense,right_left,action_go_frac,fusion_aux,soft_hjb_aux,nan,nan,False,n/a,-0.5806263663236709
3,left_right,action_go_frac,fusion_aux,soft_hjb_aux,nan,nan,False,n/a,-0.26838629691966764
3,right_left,action_go_frac,fusion_aux,soft_hjb_aux,nan,nan,False,n/a,-0.19380683572128934
4,stem_left,action_go_frac,fusion_aux,soft_hjb_aux,nan,nan,False,n/a,-0.010142074998914508
4,stem_right,action_go_frac,fusion_aux,soft_hjb_aux,nan,nan,False,n/a,-0.9929843065908753
1a,right_stem,action_go_frac,fusion_aux,eikonal_aux,nan,nan,False,n/a,0.8661688659020634
1a,stem_left,action_go_frac,fusion_aux,eikonal_aux,nan,nan,False,n/a,1.66678484683018
1a,stem_right,action_go_frac,fusion_aux,eikonal_aux,nan,nan,False,n/a,1.730061833335271
1b,stem_left,action_go_frac,fusion_aux,eikonal_aux,nan,nan,False,n/a,0.5666269089752061
1b,stem_right,action_go_frac,fusion_aux,eikonal_aux,nan,nan,False,n/a,0.34697676964546836
2,stem_left,action_go_frac,fusion_aux,eikonal_aux,nan,nan,False,n/a,0.968731531549059
2,stem_right,action_go_frac,fusion_aux,eikonal_aux,nan,nan,False,n/a,1.0851507283374398
2_dense,right_left,action_go_frac,fusion_aux,eikonal_aux,nan,nan,False,n/a,0.5420183601520729
3,left_right,action_go_frac,fusion_aux,eikonal_aux,nan,nan,False,n/a,0.5144433954878492
3,right_left,action_go_frac,fusion_aux,eikonal_aux,nan,nan,False,n/a,0.6370289679310963
4,stem_left,action_go_frac,fusion_aux,eikonal_aux,nan,nan,False,n/a,0.23230329839898278
4,stem_right,action_go_frac,fusion_aux,eikonal_aux,nan,nan,False,n/a,-0.22678675504843263
1a,right_stem,action_go_frac,fusion_aux,cbf_aux,nan,nan,False,n/a,-2.281506072584484
1a,stem_left,action_go_frac,fusion_aux,cbf_aux,nan,nan,False,n/a,-2.502836149148722
1a,stem_right,action_go_frac,fusion_aux,cbf_aux,nan,nan,False,n/a,-1.2027529183483303
1b,stem_left,action_go_frac,fusion_aux,cbf_aux,nan,nan,False,n/a,-4.503467946441737
1b,stem_right,action_go_frac,fusion_aux,cbf_aux,nan,nan,False,n/a,-0.33042924038981025
2,stem_left,action_go_frac,fusion_aux,cbf_aux,nan,nan,False,n/a,-1.2944205152928598
2,stem_right,action_go_frac,fusion_aux,cbf_aux,nan,nan,False,n/a,1.7276501166690887
2_dense,right_left,action_go_frac,fusion_aux,cbf_aux,nan,nan,False,n/a,-0.09459772985333478
3,left_right,action_go_frac,fusion_aux,cbf_aux,nan,nan,False,n/a,1.4173948233465514
3,right_left,action_go_frac,fusion_aux,cbf_aux,nan,nan,False,n/a,-0.8541636450242469
4,stem_left,action_go_frac,fusion_aux,cbf_aux,nan,nan,False,n/a,-1.6594781456963488
4,stem_right,action_go_frac,fusion_aux,cbf_aux,nan,nan,False,n/a,0.34339188219512223
1a,right_stem,action_go_frac,fusion_aux,rule_based,nan,nan,False,n/a,0.5306209388157382
1a,stem_left,action_go_frac,fusion_aux,rule_based,nan,nan,False,n/a,1.838120242479723
1a,stem_right,action_go_frac,fusion_aux,rule_based,nan,nan,False,n/a,1.7126548279443623
1b,stem_left,action_go_frac,fusion_aux,rule_based,nan,nan,False,n/a,-8.188599797835511
1b,stem_right,action_go_frac,fusion_aux,rule_based,nan,nan,False,n/a,-10.185219688049491
2,stem_left,action_go_frac,fusion_aux,rule_based,nan,nan,False,n/a,-3.328765278247461
2,stem_right,action_go_frac,fusion_aux,rule_based,nan,nan,False,n/a,-0.2813872659147005
2_dense,right_left,action_go_frac,fusion_aux,rule_based,nan,nan,False,n/a,-9.787599350994258
3,left_right,action_go_frac,fusion_aux,rule_based,nan,nan,False,n/a,-11.0722563456986
3,right_left,action_go_frac,fusion_aux,rule_based,nan,nan,False,n/a,-4.442256544297712
4,stem_left,action_go_frac,fusion_aux,rule_based,nan,nan,False,n/a,-6.3244552934582305
4,stem_right,action_go_frac,fusion_aux,rule_based,nan,nan,False,n/a,-2.9029075363371093
1a,right_stem,action_go_frac,cbf_aux,hjb_aux,nan,nan,False,n/a,-1.2115529196518398
1a,stem_left,action_go_frac,cbf_aux,hjb_aux,nan,nan,False,n/a,-1.0773336703339385
1a,stem_right,action_go_frac,cbf_aux,hjb_aux,nan,nan,False,n/a,-1.4334187386847888
1b,stem_left,action_go_frac,cbf_aux,hjb_aux,nan,nan,False,n/a,0.4969269216711238
1b,stem_right,action_go_frac,cbf_aux,hjb_aux,nan,nan,False,n/a,0.10452152422432136
2,stem_left,action_go_frac,cbf_aux,hjb_aux,nan,nan,False,n/a,-0.051040223758709105
2,stem_right,action_go_frac,cbf_aux,hjb_aux,nan,nan,False,n/a,0.011427105283279084
2_dense,right_left,action_go_frac,cbf_aux,hjb_aux,nan,nan,False,n/a,0.14632875111181973
3,left_right,action_go_frac,cbf_aux,hjb_aux,nan,nan,False,n/a,0.026385305373728973
3,right_left,action_go_frac,cbf_aux,hjb_aux,nan,nan,False,n/a,-0.5022251447843578
4,stem_left,action_go_frac,cbf_aux,hjb_aux,nan,nan,False,n/a,0.6918023319652011
4,stem_right,action_go_frac,cbf_aux,hjb_aux,nan,nan,False,n/a,0.05082182616762187
1a,right_stem,action_go_frac,cbf_aux,soft_hjb_aux,nan,nan,False,n/a,0.4506012563368391
1a,stem_left,action_go_frac,cbf_aux,soft_hjb_aux,nan,nan,False,n/a,0.9056802997462979
1a,stem_right,action_go_frac,cbf_aux,soft_hjb_aux,nan,nan,False,n/a,-0.22680351952005773
1b,stem_left,action_go_frac,cbf_aux,soft_hjb_aux,nan,nan,False,n/a,4.580479245239416
1b,stem_right,action_go_frac,cbf_aux,soft_hjb_aux,nan,nan,False,n/a,0.1602613791998699
2,stem_left,action_go_frac,cbf_aux,soft_hjb_aux,nan,nan,False,n/a,1.9076349545002143
2,stem_right,action_go_frac,cbf_aux,soft_hjb_aux,nan,nan,False,n/a,-1.4616997096454334
2_dense,right_left,action_go_frac,cbf_aux,soft_hjb_aux,nan,nan,False,n/a,-0.08480035560865744
3,left_right,action_go_frac,cbf_aux,soft_hjb_aux,nan,nan,False,n/a,-1.7011768096578637
3,right_left,action_go_frac,cbf_aux,soft_hjb_aux,nan,nan,False,n/a,0.8079661132103358
4,stem_left,action_go_frac,cbf_aux,soft_hjb_aux,nan,nan,False,n/a,1.4762663664636397
4,stem_right,action_go_frac,cbf_aux,soft_hjb_aux,nan,nan,False,n/a,-1.3195572798313373
1a,right_stem,action_go_frac,cbf_aux,eikonal_aux,nan,nan,False,n/a,3.7374433822026374
1a,stem_left,action_go_frac,cbf_aux,eikonal_aux,nan,nan,False,n/a,5.212508816641669
1a,stem_right,action_go_frac,cbf_aux,eikonal_aux,nan,nan,False,n/a,4.081359594307861
1b,stem_left,action_go_frac,cbf_aux,eikonal_aux,nan,nan,False,n/a,5.026268269266364
1b,stem_right,action_go_frac,cbf_aux,eikonal_aux,nan,nan,False,n/a,0.47810458947534357
2,stem_left,action_go_frac,cbf_aux,eikonal_aux,nan,nan,False,n/a,2.194471400675804
2,stem_right,action_go_frac,cbf_aux,eikonal_aux,nan,nan,False,n/a,-0.4732264349564737
2_dense,right_left,action_go_frac,cbf_aux,eikonal_aux,nan,nan,False,n/a,0.36724732643165253
3,left_right,action_go_frac,cbf_aux,eikonal_aux,nan,nan,False,n/a,-0.7122038369606797
3,right_left,action_go_frac,cbf_aux,eikonal_aux,nan,nan,False,n/a,1.1697694325428303
4,stem_left,action_go_frac,cbf_aux,eikonal_aux,nan,nan,False,n/a,1.3458066603360352
4,stem_right,action_go_frac,cbf_aux,eikonal_aux,nan,nan,False,n/a,-0.5806471988248285
1a,right_stem,action_go_frac,cbf_aux,fusion_aux,nan,nan,False,n/a,2.281506072584484
1a,stem_left,action_go_frac,cbf_aux,fusion_aux,nan,nan,False,n/a,2.502836149148722
1a,stem_right,action_go_frac,cbf_aux,fusion_aux,nan,nan,False,n/a,1.2027529183483303
1b,stem_left,action_go_frac,cbf_aux,fusion_aux,nan,nan,False,n/a,4.503467946441737
1b,stem_right,action_go_frac,cbf_aux,fusion_aux,nan,nan,False,n/a,0.33042924038981025
2,stem_left,action_go_frac,cbf_aux,fusion_aux,nan,nan,False,n/a,1.2944205152928598
2,stem_right,action_go_frac,cbf_aux,fusion_aux,nan,nan,False,n/a,-1.7276501166690887
2_dense,right_left,action_go_frac,cbf_aux,fusion_aux,nan,nan,False,n/a,0.09459772985333478
3,left_right,action_go_frac,cbf_aux,fusion_aux,nan,nan,False,n/a,-1.4173948233465514
3,right_left,action_go_frac,cbf_aux,fusion_aux,nan,nan,False,n/a,0.8541636450242469
4,stem_left,action_go_frac,cbf_aux,fusion_aux,nan,nan,False,n/a,1.6594781456963488
4,stem_right,action_go_frac,cbf_aux,fusion_aux,nan,nan,False,n/a,-0.34339188219512223
1a,right_stem,action_go_frac,cbf_aux,rule_based,nan,nan,False,n/a,4.59184075463716
1a,stem_left,action_go_frac,cbf_aux,rule_based,nan,nan,False,n/a,7.3936920820652725
1a,stem_right,action_go_frac,cbf_aux,rule_based,nan,nan,False,n/a,4.531498136396827
1b,stem_left,action_go_frac,cbf_aux,rule_based,nan,nan,False,n/a,1.4392977043019761
1b,stem_right,action_go_frac,cbf_aux,rule_based,nan,nan,False,n/a,-2.818068846351811
2,stem_left,action_go_frac,cbf_aux,rule_based,nan,nan,False,n/a,-0.7997861217402191
2,stem_right,action_go_frac,cbf_aux,rule_based,nan,nan,False,n/a,-3.6793863674314577
2_dense,right_left,action_go_frac,cbf_aux,rule_based,nan,nan,False,n/a,-2.223748558652755
3,left_right,action_go_frac,cbf_aux,rule_based,nan,nan,False,n/a,-11.88838873783616
3,right_left,action_go_frac,cbf_aux,rule_based,nan,nan,False,n/a,-0.758743192628271
4,stem_left,action_go_frac,cbf_aux,rule_based,nan,nan,False,n/a,-1.977445962421847
4,stem_right,action_go_frac,cbf_aux,rule_based,nan,nan,False,n/a,-3.0911396643645457
1a,right_stem,action_go_frac,rule_based,hjb_aux,nan,nan,False,n/a,-17.091036080646898
1a,stem_left,action_go_frac,rule_based,hjb_aux,nan,nan,False,n/a,-14.850007478151229
1a,stem_right,action_go_frac,rule_based,hjb_aux,nan,nan,False,n/a,-17.36141028655821
1b,stem_left,action_go_frac,rule_based,hjb_aux,nan,nan,False,n/a,-0.16932931468135828
1b,stem_right,action_go_frac,rule_based,hjb_aux,nan,nan,False,n/a,6.387181451590779
2,stem_left,action_go_frac,rule_based,hjb_aux,nan,nan,False,n/a,1.0114171068589728
2,stem_right,action_go_frac,rule_based,hjb_aux,nan,nan,False,n/a,2.5206589883678747
2_dense,right_left,action_go_frac,rule_based,hjb_aux,nan,nan,False,n/a,2.1315827940246006
3,left_right,action_go_frac,rule_based,hjb_aux,nan,nan,False,n/a,13.973021660222367
3,right_left,action_go_frac,rule_based,hjb_aux,nan,nan,False,n/a,-0.010817378157767194
4,stem_left,action_go_frac,rule_based,hjb_aux,nan,nan,False,n/a,1.7287874023201806
4,stem_right,action_go_frac,rule_based,hjb_aux,nan,nan,False,n/a,4.341159111256911
1a,right_stem,action_go_frac,rule_based,soft_hjb_aux,nan,nan,False,n/a,-26.64764539031316
1a,stem_left,action_go_frac,rule_based,soft_hjb_aux,nan,nan,False,n/a,-4.209677619900115
1a,stem_right,action_go_frac,rule_based,soft_hjb_aux,nan,nan,False,n/a,-24.466682056451845
1b,stem_left,action_go_frac,rule_based,soft_hjb_aux,nan,nan,False,n/a,9.919827966780192
1b,stem_right,action_go_frac,rule_based,soft_hjb_aux,nan,nan,False,n/a,6.725951660513316
2,stem_left,action_go_frac,rule_based,soft_hjb_aux,nan,nan,False,n/a,5.005947833866719
2,stem_right,action_go_frac,rule_based,soft_hjb_aux,nan,nan,False,n/a,2.3289728574304323
2_dense,right_left,action_go_frac,rule_based,soft_hjb_aux,nan,nan,False,n/a,10.03082863394278
3,left_right,action_go_frac,rule_based,soft_hjb_aux,nan,nan,False,n/a,11.593364978832422
3,right_left,action_go_frac,rule_based,soft_hjb_aux,nan,nan,False,n/a,7.0920936897464335
4,stem_left,action_go_frac,rule_based,soft_hjb_aux,nan,nan,False,n/a,4.592763762143842
4,stem_right,action_go_frac,rule_based,soft_hjb_aux,nan,nan,False,n/a,2.4762521250163707
1a,right_stem,action_go_frac,rule_based,eikonal_aux,nan,nan,False,n/a,0.7349855581540381
1a,stem_left,action_go_frac,rule_based,eikonal_aux,nan,nan,False,n/a,0.28987669005899597
1a,stem_right,action_go_frac,rule_based,eikonal_aux,nan,nan,False,n/a,0.38987341858996555
1b,stem_left,action_go_frac,rule_based,eikonal_aux,nan,nan,False,n/a,16.513403320917792
1b,stem_right,action_go_frac,rule_based,eikonal_aux,nan,nan,False,n/a,9.439598452637394
2,stem_left,action_go_frac,rule_based,eikonal_aux,nan,nan,False,n/a,6.882507381620392
2,stem_right,action_go_frac,rule_based,eikonal_aux,nan,nan,False,n/a,1.863619380777993
2_dense,right_left,action_go_frac,rule_based,eikonal_aux,nan,nan,False,n/a,4.864403669031158
3,left_right,action_go_frac,rule_based,eikonal_aux,nan,nan,False,n/a,8.925097199033663
3,right_left,action_go_frac,rule_based,eikonal_aux,nan,nan,False,n/a,5.781770558378419
4,stem_left,action_go_frac,rule_based,eikonal_aux,nan,nan,False,n/a,3.0907123531842102
4,stem_right,action_go_frac,rule_based,eikonal_aux,nan,nan,False,n/a,3.0607398885229933
1a,right_stem,action_go_frac,rule_based,fusion_aux,nan,nan,False,n/a,-0.5306209388157382
1a,stem_left,action_go_frac,rule_based,fusion_aux,nan,nan,False,n/a,-1.838120242479723
1a,stem_right,action_go_frac,rule_based,fusion_aux,nan,nan,False,n/a,-1.7126548279443623
1b,stem_left,action_go_frac,rule_based,fusion_aux,nan,nan,False,n/a,8.188599797835511
1b,stem_right,action_go_frac,rule_based,fusion_aux,nan,nan,False,n/a,10.185219688049491
2,stem_left,action_go_frac,rule_based,fusion_aux,nan,nan,False,n/a,3.328765278247461
2,stem_right,action_go_frac,rule_based,fusion_aux,nan,nan,False,n/a,0.2813872659147005
2_dense,right_left,action_go_frac,rule_based,fusion_aux,nan,nan,False,n/a,9.787599350994258
3,left_right,action_go_frac,rule_based,fusion_aux,nan,nan,False,n/a,11.0722563456986
3,right_left,action_go_frac,rule_based,fusion_aux,nan,nan,False,n/a,4.442256544297712
4,stem_left,action_go_frac,rule_based,fusion_aux,nan,nan,False,n/a,6.3244552934582305
4,stem_right,action_go_frac,rule_based,fusion_aux,nan,nan,False,n/a,2.9029075363371093
1a,right_stem,action_go_frac,rule_based,cbf_aux,nan,nan,False,n/a,-4.59184075463716
1a,stem_left,action_go_frac,rule_based,cbf_aux,nan,nan,False,n/a,-7.3936920820652725
1a,stem_right,action_go_frac,rule_based,cbf_aux,nan,nan,False,n/a,-4.531498136396827
1b,stem_left,action_go_frac,rule_based,cbf_aux,nan,nan,False,n/a,-1.4392977043019761
1b,stem_right,action_go_frac,rule_based,cbf_aux,nan,nan,False,n/a,2.818068846351811
2,stem_left,action_go_frac,rule_based,cbf_aux,nan,nan,False,n/a,0.7997861217402191
2,stem_right,action_go_frac,rule_based,cbf_aux,nan,nan,False,n/a,3.6793863674314577
2_dense,right_left,action_go_frac,rule_based,cbf_aux,nan,nan,False,n/a,2.223748558652755
3,left_right,action_go_frac,rule_based,cbf_aux,nan,nan,False,n/a,11.88838873783616
3,right_left,action_go_frac,rule_based,cbf_aux,nan,nan,False,n/a,0.758743192628271
4,stem_left,action_go_frac,rule_based,cbf_aux,nan,nan,False,n/a,1.977445962421847
4,stem_right,action_go_frac,rule_based,cbf_aux,nan,nan,False,n/a,3.0911396643645457
1a,right_stem,action_yield_frac,hjb_aux,soft_hjb_aux,nan,nan,False,n/a,-5.190695994570554
1a,stem_left,action_yield_frac,hjb_aux,soft_hjb_aux,nan,nan,False,n/a,-2.0940116485293063
1a,stem_right,action_yield_frac,hjb_aux,soft_hjb_aux,nan,nan,False,n/a,-3.178273958580417
1b,stem_left,action_yield_frac,hjb_aux,soft_hjb_aux,nan,nan,False,n/a,-1.097486922762397
1b,stem_right,action_yield_frac,hjb_aux,soft_hjb_aux,nan,nan,False,n/a,-0.12577094724421606
2,stem_left,action_yield_frac,hjb_aux,soft_hjb_aux,nan,nan,False,n/a,-1.2059879492497767
2,stem_right,action_yield_frac,hjb_aux,soft_hjb_aux,nan,nan,False,n/a,0.3952066167169757
2_dense,right_left,action_yield_frac,hjb_aux,soft_hjb_aux,nan,nan,False,n/a,-0.983689185509563
3,left_right,action_yield_frac,hjb_aux,soft_hjb_aux,nan,nan,False,n/a,-0.15120185966032762
3,right_left,action_yield_frac,hjb_aux,soft_hjb_aux,nan,nan,False,n/a,-2.666775969306465
4,stem_left,action_yield_frac,hjb_aux,soft_hjb_aux,nan,nan,False,n/a,-0.4080767038066517
4,stem_right,action_yield_frac,hjb_aux,soft_hjb_aux,nan,nan,False,n/a,-0.12233262415987069
1a,right_stem,action_yield_frac,hjb_aux,eikonal_aux,nan,nan,False,n/a,-3.7617013380490008
1a,stem_left,action_yield_frac,hjb_aux,eikonal_aux,nan,nan,False,n/a,-3.973914344363018
1a,stem_right,action_yield_frac,hjb_aux,eikonal_aux,nan,nan,False,n/a,-2.3707623981521326
1b,stem_left,action_yield_frac,hjb_aux,eikonal_aux,nan,nan,False,n/a,-0.597061633860631
1b,stem_right,action_yield_frac,hjb_aux,eikonal_aux,nan,nan,False,n/a,-0.14147683543754747
2,stem_left,action_yield_frac,hjb_aux,eikonal_aux,nan,nan,False,n/a,-0.5133098876412563
2,stem_right,action_yield_frac,hjb_aux,eikonal_aux,nan,nan,False,n/a,0.0677667071606073
2_dense,right_left,action_yield_frac,hjb_aux,eikonal_aux,nan,nan,False,n/a,-0.955390438550197
3,left_right,action_yield_frac,hjb_aux,eikonal_aux,nan,nan,False,n/a,0.34305816428332225
3,right_left,action_yield_frac,hjb_aux,eikonal_aux,nan,nan,False,n/a,-1.9960176113869488
4,stem_left,action_yield_frac,hjb_aux,eikonal_aux,nan,nan,False,n/a,-0.027104286607382132
4,stem_right,action_yield_frac,hjb_aux,eikonal_aux,nan,nan,False,n/a,-0.15900071595049362
1a,right_stem,action_yield_frac,hjb_aux,fusion_aux,nan,nan,False,n/a,-3.557816723751854
1a,stem_left,action_yield_frac,hjb_aux,fusion_aux,nan,nan,False,n/a,-1.6972744025506659
1a,stem_right,action_yield_frac,hjb_aux,fusion_aux,nan,nan,False,n/a,-2.0841775347584783
1b,stem_left,action_yield_frac,hjb_aux,fusion_aux,nan,nan,False,n/a,-0.9544476881297583
1b,stem_right,action_yield_frac,hjb_aux,fusion_aux,nan,nan,False,n/a,0.0465559252970831
2,stem_left,action_yield_frac,hjb_aux,fusion_aux,nan,nan,False,n/a,-0.49458055116891236
2,stem_right,action_yield_frac,hjb_aux,fusion_aux,nan,nan,False,n/a,0.3930528209864846
2_dense,right_left,action_yield_frac,hjb_aux,fusion_aux,nan,nan,False,n/a,-0.6866919123670112
3,left_right,action_yield_frac,hjb_aux,fusion_aux,nan,nan,False,n/a,0.8170884424427941
3,right_left,action_yield_frac,hjb_aux,fusion_aux,nan,nan,False,n/a,-1.8453491026418303
4,stem_left,action_yield_frac,hjb_aux,fusion_aux,nan,nan,False,n/a,1.0359991788963925
4,stem_right,action_yield_frac,hjb_aux,fusion_aux,nan,nan,False,n/a,-0.02554596872609238
1a,right_stem,action_yield_frac,hjb_aux,cbf_aux,nan,nan,False,n/a,-0.6881589269130642
1a,stem_left,action_yield_frac,hjb_aux,cbf_aux,nan,nan,False,n/a,-0.614589827443398
1a,stem_right,action_yield_frac,hjb_aux,cbf_aux,nan,nan,False,n/a,-0.9221008834655716
1b,stem_left,action_yield_frac,hjb_aux,cbf_aux,nan,nan,False,n/a,0.2810283783976544
1b,stem_right,action_yield_frac,hjb_aux,cbf_aux,nan,nan,False,n/a,-0.630862280697319
2,stem_left,action_yield_frac,hjb_aux,cbf_aux,nan,nan,False,n/a,-0.7675960367863017
2,stem_right,action_yield_frac,hjb_aux,cbf_aux,nan,nan,False,n/a,0.1170211103204773
2_dense,right_left,action_yield_frac,hjb_aux,cbf_aux,nan,nan,False,n/a,-0.4441696194242132
3,left_right,action_yield_frac,hjb_aux,cbf_aux,nan,nan,False,n/a,0.27008779333703026
3,right_left,action_yield_frac,hjb_aux,cbf_aux,nan,nan,False,n/a,-0.6366162994807328
4,stem_left,action_yield_frac,hjb_aux,cbf_aux,nan,nan,False,n/a,0.2189948766067374
4,stem_right,action_yield_frac,hjb_aux,cbf_aux,nan,nan,False,n/a,0.004456416559120092
1a,right_stem,action_yield_frac,hjb_aux,rule_based,nan,nan,False,n/a,1.940043956718313
1a,stem_left,action_yield_frac,hjb_aux,rule_based,nan,nan,False,n/a,3.2501207095862554
1a,stem_right,action_yield_frac,hjb_aux,rule_based,nan,nan,False,n/a,2.8170628205169717
1b,stem_left,action_yield_frac,hjb_aux,rule_based,nan,nan,False,n/a,1.3610946856352657
1b,stem_right,action_yield_frac,hjb_aux,rule_based,nan,nan,False,n/a,2.35412400387053
2,stem_left,action_yield_frac,hjb_aux,rule_based,nan,nan,False,n/a,2.832513930139661
2,stem_right,action_yield_frac,hjb_aux,rule_based,nan,nan,False,n/a,1.7464506075040938
2_dense,right_left,action_yield_frac,hjb_aux,rule_based,nan,nan,False,n/a,3.5687241687897724
3,left_right,action_yield_frac,hjb_aux,rule_based,nan,nan,False,n/a,5.634358751677987
3,right_left,action_yield_frac,hjb_aux,rule_based,nan,nan,False,n/a,2.1320259683210256
4,stem_left,action_yield_frac,hjb_aux,rule_based,nan,nan,False,n/a,2.638694017316653
4,stem_right,action_yield_frac,hjb_aux,rule_based,nan,nan,False,n/a,3.6037126814190628
1a,right_stem,action_yield_frac,soft_hjb_aux,hjb_aux,nan,nan,False,n/a,5.190695994570554
1a,stem_left,action_yield_frac,soft_hjb_aux,hjb_aux,nan,nan,False,n/a,2.0940116485293063
1a,stem_right,action_yield_frac,soft_hjb_aux,hjb_aux,nan,nan,False,n/a,3.178273958580417
1b,stem_left,action_yield_frac,soft_hjb_aux,hjb_aux,nan,nan,False,n/a,1.097486922762397
1b,stem_right,action_yield_frac,soft_hjb_aux,hjb_aux,nan,nan,False,n/a,0.12577094724421606
2,stem_left,action_yield_frac,soft_hjb_aux,hjb_aux,nan,nan,False,n/a,1.2059879492497767
2,stem_right,action_yield_frac,soft_hjb_aux,hjb_aux,nan,nan,False,n/a,-0.3952066167169757
2_dense,right_left,action_yield_frac,soft_hjb_aux,hjb_aux,nan,nan,False,n/a,0.983689185509563
3,left_right,action_yield_frac,soft_hjb_aux,hjb_aux,nan,nan,False,n/a,0.15120185966032762
3,right_left,action_yield_frac,soft_hjb_aux,hjb_aux,nan,nan,False,n/a,2.666775969306465
4,stem_left,action_yield_frac,soft_hjb_aux,hjb_aux,nan,nan,False,n/a,0.4080767038066517
4,stem_right,action_yield_frac,soft_hjb_aux,hjb_aux,nan,nan,False,n/a,0.12233262415987069
1a,right_stem,action_yield_frac,soft_hjb_aux,eikonal_aux,nan,nan,False,n/a,-2.4109606451425174
1a,stem_left,action_yield_frac,soft_hjb_aux,eikonal_aux,nan,nan,False,n/a,-2.461050756762625
1a,stem_right,action_yield_frac,soft_hjb_aux,eikonal_aux,nan,nan,False,n/a,-1.661681434096947
1b,stem_left,action_yield_frac,soft_hjb_aux,eikonal_aux,nan,nan,False,n/a,0.8038807138943866
1b,stem_right,action_yield_frac,soft_hjb_aux,eikonal_aux,nan,nan,False,n/a,-0.046060514124381634
2,stem_left,action_yield_frac,soft_hjb_aux,eikonal_aux,nan,nan,False,n/a,0.8279811310982057
2,stem_right,action_yield_frac,soft_hjb_aux,eikonal_aux,nan,nan,False,n/a,-0.6185912879626839
2_dense,right_left,action_yield_frac,soft_hjb_aux,eikonal_aux,nan,nan,False,n/a,-0.038708113022464824
3,left_right,action_yield_frac,soft_hjb_aux,eikonal_aux,nan,nan,False,n/a,0.46785242992518844
3,right_left,action_yield_frac,soft_hjb_aux,eikonal_aux,nan,nan,False,n/a,0.37441924508916985
4,stem_left,action_yield_frac,soft_hjb_aux,eikonal_aux,nan,nan,False,n/a,0.4220137115017207
4,stem_right,action_yield_frac,soft_hjb_aux,eikonal_aux,nan,nan,False,n/a,-0.08938155441580962
1a,right_stem,action_yield_frac,soft_hjb_aux,fusion_aux,nan,nan,False,n/a,-1.2547322634162892
1a,stem_left,action_yield_frac,soft_hjb_aux,fusion_aux,nan,nan,False,n/a,-0.7327712707437712
1a,stem_right,action_yield_frac,soft_hjb_aux,fusion_aux,nan,nan,False,n/a,-1.013731521577412
1b,stem_left,action_yield_frac,soft_hjb_aux,fusion_aux,nan,nan,False,n/a,0.12255536992705196
1b,stem_right,action_yield_frac,soft_hjb_aux,fusion_aux,nan,nan,False,n/a,0.26769914480668044
2,stem_left,action_yield_frac,soft_hjb_aux,fusion_aux,nan,nan,False,n/a,0.8970919847844289
2,stem_right,action_yield_frac,soft_hjb_aux,fusion_aux,nan,nan,False,n/a,-0.013200197015134144
2_dense,right_left,action_yield_frac,soft_hjb_aux,fusion_aux,nan,nan,False,n/a,0.2598856289715726
3,left_right,action_yield_frac,soft_hjb_aux,fusion_aux,nan,nan,False,n/a,0.940065090776933
3,right_left,action_yield_frac,soft_hjb_aux,fusion_aux,nan,nan,False,n/a,0.5041924904853121
4,stem_left,action_yield_frac,soft_hjb_aux,fusion_aux,nan,nan,False,n/a,2.4561749166036857
4,stem_right,action_yield_frac,soft_hjb_aux,fusion_aux,nan,nan,False,n/a,0.06981461485758743
1a,right_stem,action_yield_frac,soft_hjb_aux,cbf_aux,nan,nan,False,n/a,0.6318560707452445
1a,stem_left,action_yield_frac,soft_hjb_aux,cbf_aux,nan,nan,False,n/a,0.9098047046516394
1a,stem_right,action_yield_frac,soft_hjb_aux,cbf_aux,nan,nan,False,n/a,1.6648714167085998
1b,stem_left,action_yield_frac,soft_hjb_aux,cbf_aux,nan,nan,False,n/a,1.6651268303267743
1b,stem_right,action_yield_frac,soft_hjb_aux,cbf_aux,nan,nan,False,n/a,-0.6579601066714412
2,stem_left,action_yield_frac,soft_hjb_aux,cbf_aux,nan,nan,False,n/a,0.3506238791215133
2,stem_right,action_yield_frac,soft_hjb_aux,cbf_aux,nan,nan,False,n/a,-0.2571956749674713
2_dense,right_left,action_yield_frac,soft_hjb_aux,cbf_aux,nan,nan,False,n/a,0.19486752828248916
3,left_right,action_yield_frac,soft_hjb_aux,cbf_aux,nan,nan,False,n/a,0.36378470886723935
3,right_left,action_yield_frac,soft_hjb_aux,cbf_aux,nan,nan,False,n/a,1.6526036083799216
4,stem_left,action_yield_frac,soft_hjb_aux,cbf_aux,nan,nan,False,n/a,0.7570153667024137
4,stem_right,action_yield_frac,soft_hjb_aux,cbf_aux,nan,nan,False,n/a,0.07812294580629595
1a,right_stem,action_yield_frac,soft_hjb_aux,rule_based,nan,nan,False,n/a,13.10284773692245
1a,stem_left,action_yield_frac,soft_hjb_aux,rule_based,nan,nan,False,n/a,4.359422226296946
1a,stem_right,action_yield_frac,soft_hjb_aux,rule_based,nan,nan,False,n/a,8.681320466649552
1b,stem_left,action_yield_frac,soft_hjb_aux,rule_based,nan,nan,False,n/a,4.145650315595442
1b,stem_right,action_yield_frac,soft_hjb_aux,rule_based,nan,nan,False,n/a,7.555652642538122
2,stem_left,action_yield_frac,soft_hjb_aux,rule_based,nan,nan,False,n/a,4.569998213122345
2,stem_right,action_yield_frac,soft_hjb_aux,rule_based,nan,nan,False,n/a,2.9891481485725246
2_dense,right_left,action_yield_frac,soft_hjb_aux,rule_based,nan,nan,False,n/a,5.225770566567531
3,left_right,action_yield_frac,soft_hjb_aux,rule_based,nan,nan,False,n/a,5.576347493699319
3,right_left,action_yield_frac,soft_hjb_aux,rule_based,nan,nan,False,n/a,9.417828665656804
4,stem_left,action_yield_frac,soft_hjb_aux,rule_based,nan,nan,False,n/a,5.3197554111450325
4,stem_right,action_yield_frac,soft_hjb_aux,rule_based,nan,nan,False,n/a,10.793854265766436
1a,right_stem,action_yield_frac,eikonal_aux,hjb_aux,nan,nan,False,n/a,3.7617013380490008
1a,stem_left,action_yield_frac,eikonal_aux,hjb_aux,nan,nan,False,n/a,3.973914344363018
1a,stem_right,action_yield_frac,eikonal_aux,hjb_aux,nan,nan,False,n/a,2.3707623981521326
1b,stem_left,action_yield_frac,eikonal_aux,hjb_aux,nan,nan,False,n/a,0.597061633860631
1b,stem_right,action_yield_frac,eikonal_aux,hjb_aux,nan,nan,False,n/a,0.14147683543754747
2,stem_left,action_yield_frac,eikonal_aux,hjb_aux,nan,nan,False,n/a,0.5133098876412563
2,stem_right,action_yield_frac,eikonal_aux,hjb_aux,nan,nan,False,n/a,-0.0677667071606073
2_dense,right_left,action_yield_frac,eikonal_aux,hjb_aux,nan,nan,False,n/a,0.955390438550197
3,left_right,action_yield_frac,eikonal_aux,hjb_aux,nan,nan,False,n/a,-0.34305816428332225
3,right_left,action_yield_frac,eikonal_aux,hjb_aux,nan,nan,False,n/a,1.9960176113869488
4,stem_left,action_yield_frac,eikonal_aux,hjb_aux,nan,nan,False,n/a,0.027104286607382132
4,stem_right,action_yield_frac,eikonal_aux,hjb_aux,nan,nan,False,n/a,0.15900071595049362
1a,right_stem,action_yield_frac,eikonal_aux,soft_hjb_aux,nan,nan,False,n/a,2.4109606451425174
1a,stem_left,action_yield_frac,eikonal_aux,soft_hjb_aux,nan,nan,False,n/a,2.461050756762625
1a,stem_right,action_yield_frac,eikonal_aux,soft_hjb_aux,nan,nan,False,n/a,1.661681434096947
1b,stem_left,action_yield_frac,eikonal_aux,soft_hjb_aux,nan,nan,False,n/a,-0.8038807138943866
1b,stem_right,action_yield_frac,eikonal_aux,soft_hjb_aux,nan,nan,False,n/a,0.046060514124381634
2,stem_left,action_yield_frac,eikonal_aux,soft_hjb_aux,nan,nan,False,n/a,-0.8279811310982057
2,stem_right,action_yield_frac,eikonal_aux,soft_hjb_aux,nan,nan,False,n/a,0.6185912879626839
2_dense,right_left,action_yield_frac,eikonal_aux,soft_hjb_aux,nan,nan,False,n/a,0.038708113022464824
3,left_right,action_yield_frac,eikonal_aux,soft_hjb_aux,nan,nan,False,n/a,-0.46785242992518844
3,right_left,action_yield_frac,eikonal_aux,soft_hjb_aux,nan,nan,False,n/a,-0.37441924508916985
4,stem_left,action_yield_frac,eikonal_aux,soft_hjb_aux,nan,nan,False,n/a,-0.4220137115017207
4,stem_right,action_yield_frac,eikonal_aux,soft_hjb_aux,nan,nan,False,n/a,0.08938155441580962
1a,right_stem,action_yield_frac,eikonal_aux,fusion_aux,nan,nan,False,n/a,1.4977040309715688
1a,stem_left,action_yield_frac,eikonal_aux,fusion_aux,nan,nan,False,n/a,0.9725485920302597
1a,stem_right,action_yield_frac,eikonal_aux,fusion_aux,nan,nan,False,n/a,0.8426210345458203
1b,stem_left,action_yield_frac,eikonal_aux,fusion_aux,nan,nan,False,n/a,-0.5972620207299684
1b,stem_right,action_yield_frac,eikonal_aux,fusion_aux,nan,nan,False,n/a,0.25958802630083966
2,stem_left,action_yield_frac,eikonal_aux,fusion_aux,nan,nan,False,n/a,0.04386292017327559
2,stem_right,action_yield_frac,eikonal_aux,fusion_aux,nan,nan,False,n/a,0.6344113286913482
2_dense,right_left,action_yield_frac,eikonal_aux,fusion_aux,nan,nan,False,n/a,0.28010462788448276
3,left_right,action_yield_frac,eikonal_aux,fusion_aux,nan,nan,False,n/a,0.38813138411485304
3,right_left,action_yield_frac,eikonal_aux,fusion_aux,nan,nan,False,n/a,0.11932225001812159
4,stem_left,action_yield_frac,eikonal_aux,fusion_aux,nan,nan,False,n/a,1.2424178468266003
4,stem_right,action_yield_frac,eikonal_aux,fusion_aux,nan,nan,False,n/a,0.1157427033056225
1a,right_stem,action_yield_frac,eikonal_aux,cbf_aux,nan,nan,False,n/a,2.1327673589231497
1a,stem_left,action_yield_frac,eikonal_aux,cbf_aux,nan,nan,False,n/a,2.9333792435382104
1a,stem_right,action_yield_frac,eikonal_aux,cbf_aux,nan,nan,False,n/a,2.07938860805962
1b,stem_left,action_yield_frac,eikonal_aux,cbf_aux,nan,nan,False,n/a,1.1307181387166483
1b,stem_right,action_yield_frac,eikonal_aux,cbf_aux,nan,nan,False,n/a,-0.6093387099424578
2,stem_left,action_yield_frac,eikonal_aux,cbf_aux,nan,nan,False,n/a,-0.3711844561459606
2,stem_right,action_yield_frac,eikonal_aux,cbf_aux,nan,nan,False,n/a,0.08693847461714654
2_dense,right_left,action_yield_frac,eikonal_aux,cbf_aux,nan,nan,False,n/a,0.21458026947188066
3,left_right,action_yield_frac,eikonal_aux,cbf_aux,nan,nan,False,n/a,0.014459162576861407
3,right_left,action_yield_frac,eikonal_aux,cbf_aux,nan,nan,False,n/a,1.1817222343275275
4,stem_left,action_yield_frac,eikonal_aux,cbf_aux,nan,nan,False,n/a,0.26974749218590033
4,stem_right,action_yield_frac,eikonal_aux,cbf_aux,nan,nan,False,n/a,0.11579867270286018
1a,right_stem,action_yield_frac,eikonal_aux,rule_based,nan,nan,False,n/a,4.31896489633025
1a,stem_left,action_yield_frac,eikonal_aux,rule_based,nan,nan,False,n/a,5.268190990096456
1a,stem_right,action_yield_frac,eikonal_aux,rule_based,nan,nan,False,n/a,2.9166528108560463
1b,stem_left,action_yield_frac,eikonal_aux,rule_based,nan,nan,False,n/a,4.243899226849162
1b,stem_right,action_yield_frac,eikonal_aux,rule_based,nan,nan,False,n/a,4.447226534466531
2,stem_left,action_yield_frac,eikonal_aux,rule_based,nan,nan,False,n/a,4.448444751507838
2,stem_right,action_yield_frac,eikonal_aux,rule_based,nan,nan,False,n/a,4.413464524598859
2_dense,right_left,action_yield_frac,eikonal_aux,rule_based,nan,nan,False,n/a,4.604933143786469
3,left_right,action_yield_frac,eikonal_aux,rule_based,nan,nan,False,n/a,4.23184215344381
3,right_left,action_yield_frac,eikonal_aux,rule_based,nan,nan,False,n/a,5.456901087369258
4,stem_left,action_yield_frac,eikonal_aux,rule_based,nan,nan,False,n/a,3.128684363149801
4,stem_right,action_yield_frac,eikonal_aux,rule_based,nan,nan,False,n/a,3.9472111012355344
1a,right_stem,action_yield_frac,fusion_aux,hjb_aux,nan,nan,False,n/a,3.557816723751854
1a,stem_left,action_yield_frac,fusion_aux,hjb_aux,nan,nan,False,n/a,1.6972744025506659
1a,stem_right,action_yield_frac,fusion_aux,hjb_aux,nan,nan,False,n/a,2.0841775347584783
1b,stem_left,action_yield_frac,fusion_aux,hjb_aux,nan,nan,False,n/a,0.9544476881297583
1b,stem_right,action_yield_frac,fusion_aux,hjb_aux,nan,nan,False,n/a,-0.0465559252970831
2,stem_left,action_yield_frac,fusion_aux,hjb_aux,nan,nan,False,n/a,0.49458055116891236
2,stem_right,action_yield_frac,fusion_aux,hjb_aux,nan,nan,False,n/a,-0.3930528209864846
2_dense,right_left,action_yield_frac,fusion_aux,hjb_aux,nan,nan,False,n/a,0.6866919123670112
3,left_right,action_yield_frac,fusion_aux,hjb_aux,nan,nan,False,n/a,-0.8170884424427941
3,right_left,action_yield_frac,fusion_aux,hjb_aux,nan,nan,False,n/a,1.8453491026418303
4,stem_left,action_yield_frac,fusion_aux,hjb_aux,nan,nan,False,n/a,-1.0359991788963925
4,stem_right,action_yield_frac,fusion_aux,hjb_aux,nan,nan,False,n/a,0.02554596872609238
1a,right_stem,action_yield_frac,fusion_aux,soft_hjb_aux,nan,nan,False,n/a,1.2547322634162892
1a,stem_left,action_yield_frac,fusion_aux,soft_hjb_aux,nan,nan,False,n/a,0.7327712707437712
1a,stem_right,action_yield_frac,fusion_aux,soft_hjb_aux,nan,nan,False,n/a,1.013731521577412
1b,stem_left,action_yield_frac,fusion_aux,soft_hjb_aux,nan,nan,False,n/a,-0.12255536992705196
1b,stem_right,action_yield_frac,fusion_aux,soft_hjb_aux,nan,nan,False,n/a,-0.26769914480668044
2,stem_left,action_yield_frac,fusion_aux,soft_hjb_aux,nan,nan,False,n/a,-0.8970919847844289
2,stem_right,action_yield_frac,fusion_aux,soft_hjb_aux,nan,nan,False,n/a,0.013200197015134144
2_dense,right_left,action_yield_frac,fusion_aux,soft_hjb_aux,nan,nan,False,n/a,-0.2598856289715726
3,left_right,action_yield_frac,fusion_aux,soft_hjb_aux,nan,nan,False,n/a,-0.940065090776933
3,right_left,action_yield_frac,fusion_aux,soft_hjb_aux,nan,nan,False,n/a,-0.5041924904853121
4,stem_left,action_yield_frac,fusion_aux,soft_hjb_aux,nan,nan,False,n/a,-2.4561749166036857
4,stem_right,action_yield_frac,fusion_aux,soft_hjb_aux,nan,nan,False,n/a,-0.06981461485758743
1a,right_stem,action_yield_frac,fusion_aux,eikonal_aux,nan,nan,False,n/a,-1.4977040309715688
1a,stem_left,action_yield_frac,fusion_aux,eikonal_aux,nan,nan,False,n/a,-0.9725485920302597
1a,stem_right,action_yield_frac,fusion_aux,eikonal_aux,nan,nan,False,n/a,-0.8426210345458203
1b,stem_left,action_yield_frac,fusion_aux,eikonal_aux,nan,nan,False,n/a,0.5972620207299684
1b,stem_right,action_yield_frac,fusion_aux,eikonal_aux,nan,nan,False,n/a,-0.25958802630083966
2,stem_left,action_yield_frac,fusion_aux,eikonal_aux,nan,nan,False,n/a,-0.04386292017327559
2,stem_right,action_yield_frac,fusion_aux,eikonal_aux,nan,nan,False,n/a,-0.6344113286913482
2_dense,right_left,action_yield_frac,fusion_aux,eikonal_aux,nan,nan,False,n/a,-0.28010462788448276
3,left_right,action_yield_frac,fusion_aux,eikonal_aux,nan,nan,False,n/a,-0.38813138411485304
3,right_left,action_yield_frac,fusion_aux,eikonal_aux,nan,nan,False,n/a,-0.11932225001812159
4,stem_left,action_yield_frac,fusion_aux,eikonal_aux,nan,nan,False,n/a,-1.2424178468266003
4,stem_right,action_yield_frac,fusion_aux,eikonal_aux,nan,nan,False,n/a,-0.1157427033056225
1a,right_stem,action_yield_frac,fusion_aux,cbf_aux,nan,nan,False,n/a,1.1657736726380243
1a,stem_left,action_yield_frac,fusion_aux,cbf_aux,nan,nan,False,n/a,1.2256854286161967
1a,stem_right,action_yield_frac,fusion_aux,cbf_aux,nan,nan,False,n/a,1.63860051010943
1b,stem_left,action_yield_frac,fusion_aux,cbf_aux,nan,nan,False,n/a,1.4537680947893599
1b,stem_right,action_yield_frac,fusion_aux,cbf_aux,nan,nan,False,n/a,-0.7395352614195562
2,stem_left,action_yield_frac,fusion_aux,cbf_aux,nan,nan,False,n/a,-0.4170226105079631
2,stem_right,action_yield_frac,fusion_aux,cbf_aux,nan,nan,False,n/a,-0.2532211153659369
2_dense,right_left,action_yield_frac,fusion_aux,cbf_aux,nan,nan,False,n/a,0.021023484641673727
3,left_right,action_yield_frac,fusion_aux,cbf_aux,nan,nan,False,n/a,-0.27136783872697945
3,right_left,action_yield_frac,fusion_aux,cbf_aux,nan,nan,False,n/a,1.0578141537300063
4,stem_left,action_yield_frac,fusion_aux,cbf_aux,nan,nan,False,n/a,-0.9326643289585921
4,stem_right,action_yield_frac,fusion_aux,cbf_aux,nan,nan,False,n/a,0.023213075146797633
1a,right_stem,action_yield_frac,fusion_aux,rule_based,nan,nan,False,n/a,4.678152732636931
1a,stem_left,action_yield_frac,fusion_aux,rule_based,nan,nan,False,n/a,2.4983666617732903
1a,stem_right,action_yield_frac,fusion_aux,rule_based,nan,nan,False,n/a,2.94495833774214
1b,stem_left,action_yield_frac,fusion_aux,rule_based,nan,nan,False,n/a,3.459767710695813
1b,stem_right,action_yield_frac,fusion_aux,rule_based,nan,nan,False,n/a,3.7292333080430105
2,stem_left,action_yield_frac,fusion_aux,rule_based,nan,nan,False,n/a,4.861986907503944
2,stem_right,action_yield_frac,fusion_aux,rule_based,nan,nan,False,n/a,3.276693892913621
2_dense,right_left,action_yield_frac,fusion_aux,rule_based,nan,nan,False,n/a,4.407593275104908
3,left_right,action_yield_frac,fusion_aux,rule_based,nan,nan,False,n/a,4.65191367741431
3,right_left,action_yield_frac,fusion_aux,rule_based,nan,nan,False,n/a,5.055160174283859
4,stem_left,action_yield_frac,fusion_aux,rule_based,nan,nan,False,n/a,7.242364797046922
4,stem_right,action_yield_frac,fusion_aux,rule_based,nan,nan,False,n/a,2.969808793735876
1a,right_stem,action_yield_frac,cbf_aux,hjb_aux,nan,nan,False,n/a,0.6881589269130642
1a,stem_left,action_yield_frac,cbf_aux,hjb_aux,nan,nan,False,n/a,0.614589827443398
1a,stem_right,action_yield_frac,cbf_aux,hjb_aux,nan,nan,False,n/a,0.9221008834655716
1b,stem_left,action_yield_frac,cbf_aux,hjb_aux,nan,nan,False,n/a,-0.2810283783976544
1b,stem_right,action_yield_frac,cbf_aux,hjb_aux,nan,nan,False,n/a,0.630862280697319
2,stem_left,action_yield_frac,cbf_aux,hjb_aux,nan,nan,False,n/a,0.7675960367863017
2,stem_right,action_yield_frac,cbf_aux,hjb_aux,nan,nan,False,n/a,-0.1170211103204773
2_dense,right_left,action_yield_frac,cbf_aux,hjb_aux,nan,nan,False,n/a,0.4441696194242132
3,left_right,action_yield_frac,cbf_aux,hjb_aux,nan,nan,False,n/a,-0.27008779333703026
3,right_left,action_yield_frac,cbf_aux,hjb_aux,nan,nan,False,n/a,0.6366162994807328
4,stem_left,action_yield_frac,cbf_aux,hjb_aux,nan,nan,False,n/a,-0.2189948766067374
4,stem_right,action_yield_frac,cbf_aux,hjb_aux,nan,nan,False,n/a,-0.004456416559120092
1a,right_stem,action_yield_frac,cbf_aux,soft_hjb_aux,nan,nan,False,n/a,-0.6318560707452445
1a,stem_left,action_yield_frac,cbf_aux,soft_hjb_aux,nan,nan,False,n/a,-0.9098047046516394
1a,stem_right,action_yield_frac,cbf_aux,soft_hjb_aux,nan,nan,False,n/a,-1.6648714167085998
1b,stem_left,action_yield_frac,cbf_aux,soft_hjb_aux,nan,nan,False,n/a,-1.6651268303267743
1b,stem_right,action_yield_frac,cbf_aux,soft_hjb_aux,nan,nan,False,n/a,0.6579601066714412
2,stem_left,action_yield_frac,cbf_aux,soft_hjb_aux,nan,nan,False,n/a,-0.3506238791215133
2,stem_right,action_yield_frac,cbf_aux,soft_hjb_aux,nan,nan,False,n/a,0.2571956749674713
2_dense,right_left,action_yield_frac,cbf_aux,soft_hjb_aux,nan,nan,False,n/a,-0.19486752828248916
3,left_right,action_yield_frac,cbf_aux,soft_hjb_aux,nan,nan,False,n/a,-0.36378470886723935
3,right_left,action_yield_frac,cbf_aux,soft_hjb_aux,nan,nan,False,n/a,-1.6526036083799216
4,stem_left,action_yield_frac,cbf_aux,soft_hjb_aux,nan,nan,False,n/a,-0.7570153667024137
4,stem_right,action_yield_frac,cbf_aux,soft_hjb_aux,nan,nan,False,n/a,-0.07812294580629595
1a,right_stem,action_yield_frac,cbf_aux,eikonal_aux,nan,nan,False,n/a,-2.1327673589231497
1a,stem_left,action_yield_frac,cbf_aux,eikonal_aux,nan,nan,False,n/a,-2.9333792435382104
1a,stem_right,action_yield_frac,cbf_aux,eikonal_aux,nan,nan,False,n/a,-2.07938860805962
1b,stem_left,action_yield_frac,cbf_aux,eikonal_aux,nan,nan,False,n/a,-1.1307181387166483
1b,stem_right,action_yield_frac,cbf_aux,eikonal_aux,nan,nan,False,n/a,0.6093387099424578
2,stem_left,action_yield_frac,cbf_aux,eikonal_aux,nan,nan,False,n/a,0.3711844561459606
2,stem_right,action_yield_frac,cbf_aux,eikonal_aux,nan,nan,False,n/a,-0.08693847461714654
2_dense,right_left,action_yield_frac,cbf_aux,eikonal_aux,nan,nan,False,n/a,-0.21458026947188066
3,left_right,action_yield_frac,cbf_aux,eikonal_aux,nan,nan,False,n/a,-0.014459162576861407
3,right_left,action_yield_frac,cbf_aux,eikonal_aux,nan,nan,False,n/a,-1.1817222343275275
4,stem_left,action_yield_frac,cbf_aux,eikonal_aux,nan,nan,False,n/a,-0.26974749218590033
4,stem_right,action_yield_frac,cbf_aux,eikonal_aux,nan,nan,False,n/a,-0.11579867270286018
1a,right_stem,action_yield_frac,cbf_aux,fusion_aux,nan,nan,False,n/a,-1.1657736726380243
1a,stem_left,action_yield_frac,cbf_aux,fusion_aux,nan,nan,False,n/a,-1.2256854286161967
1a,stem_right,action_yield_frac,cbf_aux,fusion_aux,nan,nan,False,n/a,-1.63860051010943
1b,stem_left,action_yield_frac,cbf_aux,fusion_aux,nan,nan,False,n/a,-1.4537680947893599
1b,stem_right,action_yield_frac,cbf_aux,fusion_aux,nan,nan,False,n/a,0.7395352614195562
2,stem_left,action_yield_frac,cbf_aux,fusion_aux,nan,nan,False,n/a,0.4170226105079631
2,stem_right,action_yield_frac,cbf_aux,fusion_aux,nan,nan,False,n/a,0.2532211153659369
2_dense,right_left,action_yield_frac,cbf_aux,fusion_aux,nan,nan,False,n/a,-0.021023484641673727
3,left_right,action_yield_frac,cbf_aux,fusion_aux,nan,nan,False,n/a,0.27136783872697945
3,right_left,action_yield_frac,cbf_aux,fusion_aux,nan,nan,False,n/a,-1.0578141537300063
4,stem_left,action_yield_frac,cbf_aux,fusion_aux,nan,nan,False,n/a,0.9326643289585921
4,stem_right,action_yield_frac,cbf_aux,fusion_aux,nan,nan,False,n/a,-0.023213075146797633
1a,right_stem,action_yield_frac,cbf_aux,rule_based,nan,nan,False,n/a,1.1324759942456035
1a,stem_left,action_yield_frac,cbf_aux,rule_based,nan,nan,False,n/a,2.0980518547421037
1a,stem_right,action_yield_frac,cbf_aux,rule_based,nan,nan,False,n/a,3.3239068667273615
1b,stem_left,action_yield_frac,cbf_aux,rule_based,nan,nan,False,n/a,1.3263315039769534
1b,stem_right,action_yield_frac,cbf_aux,rule_based,nan,nan,False,n/a,2.3847884394564316
2,stem_left,action_yield_frac,cbf_aux,rule_based,nan,nan,False,n/a,3.4921410011251726
2,stem_right,action_yield_frac,cbf_aux,rule_based,nan,nan,False,n/a,1.6621393480394329
2_dense,right_left,action_yield_frac,cbf_aux,rule_based,nan,nan,False,n/a,2.409905725152473
3,left_right,action_yield_frac,cbf_aux,rule_based,nan,nan,False,n/a,2.731496113590959
3,right_left,action_yield_frac,cbf_aux,rule_based,nan,nan,False,n/a,2.7310524082527836
4,stem_left,action_yield_frac,cbf_aux,rule_based,nan,nan,False,n/a,2.9236655755718397
4,stem_right,action_yield_frac,cbf_aux,rule_based,nan,nan,False,n/a,2.069350421800078
1a,right_stem,action_yield_frac,rule_based,hjb_aux,nan,nan,False,n/a,-1.940043956718313
1a,stem_left,action_yield_frac,rule_based,hjb_aux,nan,nan,False,n/a,-3.2501207095862554
1a,stem_right,action_yield_frac,rule_based,hjb_aux,nan,nan,False,n/a,-2.8170628205169717
1b,stem_left,action_yield_frac,rule_based,hjb_aux,nan,nan,False,n/a,-1.3610946856352657
1b,stem_right,action_yield_frac,rule_based,hjb_aux,nan,nan,False,n/a,-2.35412400387053
2,stem_left,action_yield_frac,rule_based,hjb_aux,nan,nan,False,n/a,-2.832513930139661
2,stem_right,action_yield_frac,rule_based,hjb_aux,nan,nan,False,n/a,-1.7464506075040938
2_dense,right_left,action_yield_frac,rule_based,hjb_aux,nan,nan,False,n/a,-3.5687241687897724
3,left_right,action_yield_frac,rule_based,hjb_aux,nan,nan,False,n/a,-5.634358751677987
3,right_left,action_yield_frac,rule_based,hjb_aux,nan,nan,False,n/a,-2.1320259683210256
4,stem_left,action_yield_frac,rule_based,hjb_aux,nan,nan,False,n/a,-2.638694017316653
4,stem_right,action_yield_frac,rule_based,hjb_aux,nan,nan,False,n/a,-3.6037126814190628
1a,right_stem,action_yield_frac,rule_based,soft_hjb_aux,nan,nan,False,n/a,-13.10284773692245
1a,stem_left,action_yield_frac,rule_based,soft_hjb_aux,nan,nan,False,n/a,-4.359422226296946
1a,stem_right,action_yield_frac,rule_based,soft_hjb_aux,nan,nan,False,n/a,-8.681320466649552
1b,stem_left,action_yield_frac,rule_based,soft_hjb_aux,nan,nan,False,n/a,-4.145650315595442
1b,stem_right,action_yield_frac,rule_based,soft_hjb_aux,nan,nan,False,n/a,-7.555652642538122
2,stem_left,action_yield_frac,rule_based,soft_hjb_aux,nan,nan,False,n/a,-4.569998213122345
2,stem_right,action_yield_frac,rule_based,soft_hjb_aux,nan,nan,False,n/a,-2.9891481485725246
2_dense,right_left,action_yield_frac,rule_based,soft_hjb_aux,nan,nan,False,n/a,-5.225770566567531
3,left_right,action_yield_frac,rule_based,soft_hjb_aux,nan,nan,False,n/a,-5.576347493699319
3,right_left,action_yield_frac,rule_based,soft_hjb_aux,nan,nan,False,n/a,-9.417828665656804
4,stem_left,action_yield_frac,rule_based,soft_hjb_aux,nan,nan,False,n/a,-5.3197554111450325
4,stem_right,action_yield_frac,rule_based,soft_hjb_aux,nan,nan,False,n/a,-10.793854265766436
1a,right_stem,action_yield_frac,rule_based,eikonal_aux,nan,nan,False,n/a,-4.31896489633025
1a,stem_left,action_yield_frac,rule_based,eikonal_aux,nan,nan,False,n/a,-5.268190990096456
1a,stem_right,action_yield_frac,rule_based,eikonal_aux,nan,nan,False,n/a,-2.9166528108560463
1b,stem_left,action_yield_frac,rule_based,eikonal_aux,nan,nan,False,n/a,-4.243899226849162
1b,stem_right,action_yield_frac,rule_based,eikonal_aux,nan,nan,False,n/a,-4.447226534466531
2,stem_left,action_yield_frac,rule_based,eikonal_aux,nan,nan,False,n/a,-4.448444751507838
2,stem_right,action_yield_frac,rule_based,eikonal_aux,nan,nan,False,n/a,-4.413464524598859
2_dense,right_left,action_yield_frac,rule_based,eikonal_aux,nan,nan,False,n/a,-4.604933143786469
3,left_right,action_yield_frac,rule_based,eikonal_aux,nan,nan,False,n/a,-4.23184215344381
3,right_left,action_yield_frac,rule_based,eikonal_aux,nan,nan,False,n/a,-5.456901087369258
4,stem_left,action_yield_frac,rule_based,eikonal_aux,nan,nan,False,n/a,-3.128684363149801
4,stem_right,action_yield_frac,rule_based,eikonal_aux,nan,nan,False,n/a,-3.9472111012355344
1a,right_stem,action_yield_frac,rule_based,fusion_aux,nan,nan,False,n/a,-4.678152732636931
1a,stem_left,action_yield_frac,rule_based,fusion_aux,nan,nan,False,n/a,-2.4983666617732903
1a,stem_right,action_yield_frac,rule_based,fusion_aux,nan,nan,False,n/a,-2.94495833774214
1b,stem_left,action_yield_frac,rule_based,fusion_aux,nan,nan,False,n/a,-3.459767710695813
1b,stem_right,action_yield_frac,rule_based,fusion_aux,nan,nan,False,n/a,-3.7292333080430105
2,stem_left,action_yield_frac,rule_based,fusion_aux,nan,nan,False,n/a,-4.861986907503944
2,stem_right,action_yield_frac,rule_based,fusion_aux,nan,nan,False,n/a,-3.276693892913621
2_dense,right_left,action_yield_frac,rule_based,fusion_aux,nan,nan,False,n/a,-4.407593275104908
3,left_right,action_yield_frac,rule_based,fusion_aux,nan,nan,False,n/a,-4.65191367741431
3,right_left,action_yield_frac,rule_based,fusion_aux,nan,nan,False,n/a,-5.055160174283859
4,stem_left,action_yield_frac,rule_based,fusion_aux,nan,nan,False,n/a,-7.242364797046922
4,stem_right,action_yield_frac,rule_based,fusion_aux,nan,nan,False,n/a,-2.969808793735876
1a,right_stem,action_yield_frac,rule_based,cbf_aux,nan,nan,False,n/a,-1.1324759942456035
1a,stem_left,action_yield_frac,rule_based,cbf_aux,nan,nan,False,n/a,-2.0980518547421037
1a,stem_right,action_yield_frac,rule_based,cbf_aux,nan,nan,False,n/a,-3.3239068667273615
1b,stem_left,action_yield_frac,rule_based,cbf_aux,nan,nan,False,n/a,-1.3263315039769534
1b,stem_right,action_yield_frac,rule_based,cbf_aux,nan,nan,False,n/a,-2.3847884394564316
2,stem_left,action_yield_frac,rule_based,cbf_aux,nan,nan,False,n/a,-3.4921410011251726
2,stem_right,action_yield_frac,rule_based,cbf_aux,nan,nan,False,n/a,-1.6621393480394329
2_dense,right_left,action_yield_frac,rule_based,cbf_aux,nan,nan,False,n/a,-2.409905725152473
3,left_right,action_yield_frac,rule_based,cbf_aux,nan,nan,False,n/a,-2.731496113590959
3,right_left,action_yield_frac,rule_based,cbf_aux,nan,nan,False,n/a,-2.7310524082527836
4,stem_left,action_yield_frac,rule_based,cbf_aux,nan,nan,False,n/a,-2.9236655755718397
4,stem_right,action_yield_frac,rule_based,cbf_aux,nan,nan,False,n/a,-2.069350421800078
1a,right_stem,switching_rate_mean,hjb_aux,soft_hjb_aux,nan,nan,False,n/a,-7.648919602020941
1a,stem_left,switching_rate_mean,hjb_aux,soft_hjb_aux,nan,nan,False,n/a,-3.939592465301961
1a,stem_right,switching_rate_mean,hjb_aux,soft_hjb_aux,nan,nan,False,n/a,-7.733586616538149
1b,stem_left,switching_rate_mean,hjb_aux,soft_hjb_aux,nan,nan,False,n/a,-3.8301678173651124
1b,stem_right,switching_rate_mean,hjb_aux,soft_hjb_aux,nan,nan,False,n/a,-2.6419147270170162
2,stem_left,switching_rate_mean,hjb_aux,soft_hjb_aux,nan,nan,False,n/a,-4.058602980401409
2,stem_right,switching_rate_mean,hjb_aux,soft_hjb_aux,nan,nan,False,n/a,-1.4500482899226053
2_dense,right_left,switching_rate_mean,hjb_aux,soft_hjb_aux,nan,nan,False,n/a,-2.2332334022265203
3,left_right,switching_rate_mean,hjb_aux,soft_hjb_aux,nan,nan,False,n/a,-1.205341009411396
3,right_left,switching_rate_mean,hjb_aux,soft_hjb_aux,nan,nan,False,n/a,-1.7280510264348354
4,stem_left,switching_rate_mean,hjb_aux,soft_hjb_aux,nan,nan,False,n/a,-2.6707099653656936
4,stem_right,switching_rate_mean,hjb_aux,soft_hjb_aux,nan,nan,False,n/a,-1.5837399727284514
1a,right_stem,switching_rate_mean,hjb_aux,eikonal_aux,nan,nan,False,n/a,-9.702155598015276
1a,stem_left,switching_rate_mean,hjb_aux,eikonal_aux,nan,nan,False,n/a,-7.863507028937541
1a,stem_right,switching_rate_mean,hjb_aux,eikonal_aux,nan,nan,False,n/a,-6.03347950216158
1b,stem_left,switching_rate_mean,hjb_aux,eikonal_aux,nan,nan,False,n/a,-3.4746062518746936
1b,stem_right,switching_rate_mean,hjb_aux,eikonal_aux,nan,nan,False,n/a,-3.034712405029228
2,stem_left,switching_rate_mean,hjb_aux,eikonal_aux,nan,nan,False,n/a,-4.800286873401785
2,stem_right,switching_rate_mean,hjb_aux,eikonal_aux,nan,nan,False,n/a,-1.357849260444262
2_dense,right_left,switching_rate_mean,hjb_aux,eikonal_aux,nan,nan,False,n/a,-2.60288102064014
3,left_right,switching_rate_mean,hjb_aux,eikonal_aux,nan,nan,False,n/a,-1.5609559709359542
3,right_left,switching_rate_mean,hjb_aux,eikonal_aux,nan,nan,False,n/a,-2.764192514588103
4,stem_left,switching_rate_mean,hjb_aux,eikonal_aux,nan,nan,False,n/a,-2.8257084940943424
4,stem_right,switching_rate_mean,hjb_aux,eikonal_aux,nan,nan,False,n/a,-2.218977212726378
1a,right_stem,switching_rate_mean,hjb_aux,fusion_aux,nan,nan,False,n/a,-6.364406760426456
1a,stem_left,switching_rate_mean,hjb_aux,fusion_aux,nan,nan,False,n/a,-5.875859234006723
1a,stem_right,switching_rate_mean,hjb_aux,fusion_aux,nan,nan,False,n/a,-4.20572780240252
1b,stem_left,switching_rate_mean,hjb_aux,fusion_aux,nan,nan,False,n/a,-3.6432134725917042
1b,stem_right,switching_rate_mean,hjb_aux,fusion_aux,nan,nan,False,n/a,-3.007456989486418
2,stem_left,switching_rate_mean,hjb_aux,fusion_aux,nan,nan,False,n/a,-3.957128616099338
2,stem_right,switching_rate_mean,hjb_aux,fusion_aux,nan,nan,False,n/a,-1.3280831409782419
2_dense,right_left,switching_rate_mean,hjb_aux,fusion_aux,nan,nan,False,n/a,-1.9445895278146412
3,left_right,switching_rate_mean,hjb_aux,fusion_aux,nan,nan,False,n/a,-1.372143065773099
3,right_left,switching_rate_mean,hjb_aux,fusion_aux,nan,nan,False,n/a,-1.4557890436146963
4,stem_left,switching_rate_mean,hjb_aux,fusion_aux,nan,nan,False,n/a,-2.6905240665121246
4,stem_right,switching_rate_mean,hjb_aux,fusion_aux,nan,nan,False,n/a,-1.4071507060517023
1a,right_stem,switching_rate_mean,hjb_aux,cbf_aux,nan,nan,False,n/a,-1.1689654616601606
1a,stem_left,switching_rate_mean,hjb_aux,cbf_aux,nan,nan,False,n/a,-0.4559385976830551
1a,stem_right,switching_rate_mean,hjb_aux,cbf_aux,nan,nan,False,n/a,-0.8122191215394226
1b,stem_left,switching_rate_mean,hjb_aux,cbf_aux,nan,nan,False,n/a,0.3230820733839772
1b,stem_right,switching_rate_mean,hjb_aux,cbf_aux,nan,nan,False,n/a,-0.016408408886712484
2,stem_left,switching_rate_mean,hjb_aux,cbf_aux,nan,nan,False,n/a,-0.9171330785990819
2,stem_right,switching_rate_mean,hjb_aux,cbf_aux,nan,nan,False,n/a,-0.0417842753329943
2_dense,right_left,switching_rate_mean,hjb_aux,cbf_aux,nan,nan,False,n/a,-0.3139847433897887
3,left_right,switching_rate_mean,hjb_aux,cbf_aux,nan,nan,False,n/a,-0.17851217141470987
3,right_left,switching_rate_mean,hjb_aux,cbf_aux,nan,nan,False,n/a,-0.6742077447619887
4,stem_left,switching_rate_mean,hjb_aux,cbf_aux,nan,nan,False,n/a,-0.507934469344371
4,stem_right,switching_rate_mean,hjb_aux,cbf_aux,nan,nan,False,n/a,0.016827707071965813
1a,right_stem,switching_rate_mean,hjb_aux,rule_based,nan,nan,False,n/a,0.548048866729428
1a,stem_left,switching_rate_mean,hjb_aux,rule_based,nan,nan,False,n/a,3.1698036138978276
1a,stem_right,switching_rate_mean,hjb_aux,rule_based,nan,nan,False,n/a,3.5787278105538523
1b,stem_left,switching_rate_mean,hjb_aux,rule_based,nan,nan,False,n/a,-3.6080737519645156
1b,stem_right,switching_rate_mean,hjb_aux,rule_based,nan,nan,False,n/a,-3.0722515982964933
2,stem_left,switching_rate_mean,hjb_aux,rule_based,nan,nan,False,n/a,0.6949230721569043
2,stem_right,switching_rate_mean,hjb_aux,rule_based,nan,nan,False,n/a,1.525556163190744
2_dense,right_left,switching_rate_mean,hjb_aux,rule_based,nan,nan,False,n/a,0.11477113413520637
3,left_right,switching_rate_mean,hjb_aux,rule_based,nan,nan,False,n/a,3.8440744907550175
3,right_left,switching_rate_mean,hjb_aux,rule_based,nan,nan,False,n/a,-0.19231095550169416
4,stem_left,switching_rate_mean,hjb_aux,rule_based,nan,nan,False,n/a,2.4471733615140954
4,stem_right,switching_rate_mean,hjb_aux,rule_based,nan,nan,False,n/a,4.157497244743059
1a,right_stem,switching_rate_mean,soft_hjb_aux,hjb_aux,nan,nan,False,n/a,7.648919602020941
1a,stem_left,switching_rate_mean,soft_hjb_aux,hjb_aux,nan,nan,False,n/a,3.939592465301961
1a,stem_right,switching_rate_mean,soft_hjb_aux,hjb_aux,nan,nan,False,n/a,7.733586616538149
1b,stem_left,switching_rate_mean,soft_hjb_aux,hjb_aux,nan,nan,False,n/a,3.8301678173651124
1b,stem_right,switching_rate_mean,soft_hjb_aux,hjb_aux,nan,nan,False,n/a,2.6419147270170162
2,stem_left,switching_rate_mean,soft_hjb_aux,hjb_aux,nan,nan,False,n/a,4.058602980401409
2,stem_right,switching_rate_mean,soft_hjb_aux,hjb_aux,nan,nan,False,n/a,1.4500482899226053
2_dense,right_left,switching_rate_mean,soft_hjb_aux,hjb_aux,nan,nan,False,n/a,2.2332334022265203
3,left_right,switching_rate_mean,soft_hjb_aux,hjb_aux,nan,nan,False,n/a,1.205341009411396
3,right_left,switching_rate_mean,soft_hjb_aux,hjb_aux,nan,nan,False,n/a,1.7280510264348354
4,stem_left,switching_rate_mean,soft_hjb_aux,hjb_aux,nan,nan,False,n/a,2.6707099653656936
4,stem_right,switching_rate_mean,soft_hjb_aux,hjb_aux,nan,nan,False,n/a,1.5837399727284514
1a,right_stem,switching_rate_mean,soft_hjb_aux,eikonal_aux,nan,nan,False,n/a,-5.587689688816662
1a,stem_left,switching_rate_mean,soft_hjb_aux,eikonal_aux,nan,nan,False,n/a,-4.166358128862504
1a,stem_right,switching_rate_mean,soft_hjb_aux,eikonal_aux,nan,nan,False,n/a,-3.4936503769597524
1b,stem_left,switching_rate_mean,soft_hjb_aux,eikonal_aux,nan,nan,False,n/a,1.5164868672410234
1b,stem_right,switching_rate_mean,soft_hjb_aux,eikonal_aux,nan,nan,False,n/a,-0.6123538093298018
2,stem_left,switching_rate_mean,soft_hjb_aux,eikonal_aux,nan,nan,False,n/a,-1.9388527200967027
2,stem_right,switching_rate_mean,soft_hjb_aux,eikonal_aux,nan,nan,False,n/a,-0.2836817310438407
2_dense,right_left,switching_rate_mean,soft_hjb_aux,eikonal_aux,nan,nan,False,n/a,-1.2408587786271301
3,left_right,switching_rate_mean,soft_hjb_aux,eikonal_aux,nan,nan,False,n/a,-0.6664930699837412
3,right_left,switching_rate_mean,soft_hjb_aux,eikonal_aux,nan,nan,False,n/a,-2.6138647939715973
4,stem_left,switching_rate_mean,soft_hjb_aux,eikonal_aux,nan,nan,False,n/a,-1.1001827065716394
4,stem_right,switching_rate_mean,soft_hjb_aux,eikonal_aux,nan,nan,False,n/a,-1.0001377823394209
1a,right_stem,switching_rate_mean,soft_hjb_aux,fusion_aux,nan,nan,False,n/a,-2.6561460671707824
1a,stem_left,switching_rate_mean,soft_hjb_aux,fusion_aux,nan,nan,False,n/a,-2.2406614421220676
1a,stem_right,switching_rate_mean,soft_hjb_aux,fusion_aux,nan,nan,False,n/a,-1.3869692448099546
1b,stem_left,switching_rate_mean,soft_hjb_aux,fusion_aux,nan,nan,False,n/a,0.5352337561304349
1b,stem_right,switching_rate_mean,soft_hjb_aux,fusion_aux,nan,nan,False,n/a,-0.14809847770406737
2,stem_left,switching_rate_mean,soft_hjb_aux,fusion_aux,nan,nan,False,n/a,-0.7530301760925348
2,stem_right,switching_rate_mean,soft_hjb_aux,fusion_aux,nan,nan,False,n/a,0.046760022035434924
2_dense,right_left,switching_rate_mean,soft_hjb_aux,fusion_aux,nan,nan,False,n/a,1.089904268843022
3,left_right,switching_rate_mean,soft_hjb_aux,fusion_aux,nan,nan,False,n/a,-0.2831085515577908
3,right_left,switching_rate_mean,soft_hjb_aux,fusion_aux,nan,nan,False,n/a,0.6885486367546281
4,stem_left,switching_rate_mean,soft_hjb_aux,fusion_aux,nan,nan,False,n/a,-0.7484149361905819
4,stem_right,switching_rate_mean,soft_hjb_aux,fusion_aux,nan,nan,False,n/a,0.24517331290780647
1a,right_stem,switching_rate_mean,soft_hjb_aux,cbf_aux,nan,nan,False,n/a,3.4989799306220513
1a,stem_left,switching_rate_mean,soft_hjb_aux,cbf_aux,nan,nan,False,n/a,3.466922970577654
1a,stem_right,switching_rate_mean,soft_hjb_aux,cbf_aux,nan,nan,False,n/a,2.615609891100602
1b,stem_left,switching_rate_mean,soft_hjb_aux,cbf_aux,nan,nan,False,n/a,5.799504840932675
1b,stem_right,switching_rate_mean,soft_hjb_aux,cbf_aux,nan,nan,False,n/a,2.4858081257993496
2,stem_left,switching_rate_mean,soft_hjb_aux,cbf_aux,nan,nan,False,n/a,2.7146490819971607
2,stem_right,switching_rate_mean,soft_hjb_aux,cbf_aux,nan,nan,False,n/a,1.7920262770584479
2_dense,right_left,switching_rate_mean,soft_hjb_aux,cbf_aux,nan,nan,False,n/a,2.06633517235051
3,left_right,switching_rate_mean,soft_hjb_aux,cbf_aux,nan,nan,False,n/a,0.7266286798626792
3,right_left,switching_rate_mean,soft_hjb_aux,cbf_aux,nan,nan,False,n/a,0.9728871297503454
4,stem_left,switching_rate_mean,soft_hjb_aux,cbf_aux,nan,nan,False,n/a,1.3195029622693466
4,stem_right,switching_rate_mean,soft_hjb_aux,cbf_aux,nan,nan,False,n/a,1.11878684277881
1a,right_stem,switching_rate_mean,soft_hjb_aux,rule_based,nan,nan,False,n/a,15.068791443092122
1a,stem_left,switching_rate_mean,soft_hjb_aux,rule_based,nan,nan,False,n/a,7.749463970302654
1a,stem_right,switching_rate_mean,soft_hjb_aux,rule_based,nan,nan,False,n/a,19.751037260109648
1b,stem_left,switching_rate_mean,soft_hjb_aux,rule_based,nan,nan,False,n/a,1.5158140220211227
1b,stem_right,switching_rate_mean,soft_hjb_aux,rule_based,nan,nan,False,n/a,0.18617617827029673
2,stem_left,switching_rate_mean,soft_hjb_aux,rule_based,nan,nan,False,n/a,10.961116175289774
2,stem_right,switching_rate_mean,soft_hjb_aux,rule_based,nan,nan,False,n/a,8.613515341068167
2_dense,right_left,switching_rate_mean,soft_hjb_aux,rule_based,nan,nan,False,n/a,10.845174190946535
3,left_right,switching_rate_mean,soft_hjb_aux,rule_based,nan,nan,False,n/a,8.70598244036294
3,right_left,switching_rate_mean,soft_hjb_aux,rule_based,nan,nan,False,n/a,7.775927905906867
4,stem_left,switching_rate_mean,soft_hjb_aux,rule_based,nan,nan,False,n/a,10.806886897962306
4,stem_right,switching_rate_mean,soft_hjb_aux,rule_based,nan,nan,False,n/a,6.845299781313461
1a,right_stem,switching_rate_mean,eikonal_aux,hjb_aux,nan,nan,False,n/a,9.702155598015276
1a,stem_left,switching_rate_mean,eikonal_aux,hjb_aux,nan,nan,False,n/a,7.863507028937541
1a,stem_right,switching_rate_mean,eikonal_aux,hjb_aux,nan,nan,False,n/a,6.03347950216158
1b,stem_left,switching_rate_mean,eikonal_aux,hjb_aux,nan,nan,False,n/a,3.4746062518746936
1b,stem_right,switching_rate_mean,eikonal_aux,hjb_aux,nan,nan,False,n/a,3.034712405029228
2,stem_left,switching_rate_mean,eikonal_aux,hjb_aux,nan,nan,False,n/a,4.800286873401785
2,stem_right,switching_rate_mean,eikonal_aux,hjb_aux,nan,nan,False,n/a,1.357849260444262
2_dense,right_left,switching_rate_mean,eikonal_aux,hjb_aux,nan,nan,False,n/a,2.60288102064014
3,left_right,switching_rate_mean,eikonal_aux,hjb_aux,nan,nan,False,n/a,1.5609559709359542
3,right_left,switching_rate_mean,eikonal_aux,hjb_aux,nan,nan,False,n/a,2.764192514588103
4,stem_left,switching_rate_mean,eikonal_aux,hjb_aux,nan,nan,False,n/a,2.8257084940943424
4,stem_right,switching_rate_mean,eikonal_aux,hjb_aux,nan,nan,False,n/a,2.218977212726378
1a,right_stem,switching_rate_mean,eikonal_aux,soft_hjb_aux,nan,nan,False,n/a,5.587689688816662
1a,stem_left,switching_rate_mean,eikonal_aux,soft_hjb_aux,nan,nan,False,n/a,4.166358128862504
1a,stem_right,switching_rate_mean,eikonal_aux,soft_hjb_aux,nan,nan,False,n/a,3.4936503769597524
1b,stem_left,switching_rate_mean,eikonal_aux,soft_hjb_aux,nan,nan,False,n/a,-1.5164868672410234
1b,stem_right,switching_rate_mean,eikonal_aux,soft_hjb_aux,nan,nan,False,n/a,0.6123538093298018
2,stem_left,switching_rate_mean,eikonal_aux,soft_hjb_aux,nan,nan,False,n/a,1.9388527200967027
2,stem_right,switching_rate_mean,eikonal_aux,soft_hjb_aux,nan,nan,False,n/a,0.2836817310438407
2_dense,right_left,switching_rate_mean,eikonal_aux,soft_hjb_aux,nan,nan,False,n/a,1.2408587786271301
3,left_right,switching_rate_mean,eikonal_aux,soft_hjb_aux,nan,nan,False,n/a,0.6664930699837412
3,right_left,switching_rate_mean,eikonal_aux,soft_hjb_aux,nan,nan,False,n/a,2.6138647939715973
4,stem_left,switching_rate_mean,eikonal_aux,soft_hjb_aux,nan,nan,False,n/a,1.1001827065716394
4,stem_right,switching_rate_mean,eikonal_aux,soft_hjb_aux,nan,nan,False,n/a,1.0001377823394209
1a,right_stem,switching_rate_mean,eikonal_aux,fusion_aux,nan,nan,False,n/a,1.5168442489623328
1a,stem_left,switching_rate_mean,eikonal_aux,fusion_aux,nan,nan,False,n/a,1.7999151442215071
1a,stem_right,switching_rate_mean,eikonal_aux,fusion_aux,nan,nan,False,n/a,1.675593264608076
1b,stem_left,switching_rate_mean,eikonal_aux,fusion_aux,nan,nan,False,n/a,-0.7626918398962363
1b,stem_right,switching_rate_mean,eikonal_aux,fusion_aux,nan,nan,False,n/a,0.549271201000052
2,stem_left,switching_rate_mean,eikonal_aux,fusion_aux,nan,nan,False,n/a,0.9702558785121613
2,stem_right,switching_rate_mean,eikonal_aux,fusion_aux,nan,nan,False,n/a,0.2891101812838852
2_dense,right_left,switching_rate_mean,eikonal_aux,fusion_aux,nan,nan,False,n/a,1.6539400136438096
3,left_right,switching_rate_mean,eikonal_aux,fusion_aux,nan,nan,False,n/a,0.4239326216524305
3,right_left,switching_rate_mean,eikonal_aux,fusion_aux,nan,nan,False,n/a,2.8410336342875735
4,stem_left,switching_rate_mean,eikonal_aux,fusion_aux,nan,nan,False,n/a,0.37255495623204865
4,stem_right,switching_rate_mean,eikonal_aux,fusion_aux,nan,nan,False,n/a,1.2096703316460435
1a,right_stem,switching_rate_mean,eikonal_aux,cbf_aux,nan,nan,False,n/a,6.733008556445387
1a,stem_left,switching_rate_mean,eikonal_aux,cbf_aux,nan,nan,False,n/a,7.4138229339037425
1a,stem_right,switching_rate_mean,eikonal_aux,cbf_aux,nan,nan,False,n/a,4.46228888524701
1b,stem_left,switching_rate_mean,eikonal_aux,cbf_aux,nan,nan,False,n/a,5.322664477846338
1b,stem_right,switching_rate_mean,eikonal_aux,cbf_aux,nan,nan,False,n/a,2.873394701573254
2,stem_left,switching_rate_mean,eikonal_aux,cbf_aux,nan,nan,False,n/a,3.670344365649657
2,stem_right,switching_rate_mean,eikonal_aux,cbf_aux,nan,nan,False,n/a,1.520602179625196
2_dense,right_left,switching_rate_mean,eikonal_aux,cbf_aux,nan,nan,False,n/a,2.4571424965074393
3,left_right,switching_rate_mean,eikonal_aux,cbf_aux,nan,nan,False,n/a,1.1157925077479436
3,right_left,switching_rate_mean,eikonal_aux,cbf_aux,nan,nan,False,n/a,2.1812321198142812
4,stem_left,switching_rate_mean,eikonal_aux,cbf_aux,nan,nan,False,n/a,1.8279088020058614
4,stem_right,switching_rate_mean,eikonal_aux,cbf_aux,nan,nan,False,n/a,1.7364609025888353
1a,right_stem,switching_rate_mean,eikonal_aux,rule_based,nan,nan,False,n/a,11.636255953654844
1a,stem_left,switching_rate_mean,eikonal_aux,rule_based,nan,nan,False,n/a,11.55645345978334
1a,stem_right,switching_rate_mean,eikonal_aux,rule_based,nan,nan,False,n/a,7.367193210117008
1b,stem_left,switching_rate_mean,eikonal_aux,rule_based,nan,nan,False,n/a,-0.5250766526899516
1b,stem_right,switching_rate_mean,eikonal_aux,rule_based,nan,nan,False,n/a,0.9525133858876411
2,stem_left,switching_rate_mean,eikonal_aux,rule_based,nan,nan,False,n/a,8.063518235777204
2,stem_right,switching_rate_mean,eikonal_aux,rule_based,nan,nan,False,n/a,3.820690141586277
2_dense,right_left,switching_rate_mean,eikonal_aux,rule_based,nan,nan,False,n/a,4.507014371207031
3,left_right,switching_rate_mean,eikonal_aux,rule_based,nan,nan,False,n/a,5.941211761685861
3,right_left,switching_rate_mean,eikonal_aux,rule_based,nan,nan,False,n/a,6.406423456613848
4,stem_left,switching_rate_mean,eikonal_aux,rule_based,nan,nan,False,n/a,5.745101910359249
4,stem_right,switching_rate_mean,eikonal_aux,rule_based,nan,nan,False,n/a,5.6998804940622145
1a,right_stem,switching_rate_mean,fusion_aux,hjb_aux,nan,nan,False,n/a,6.364406760426456
1a,stem_left,switching_rate_mean,fusion_aux,hjb_aux,nan,nan,False,n/a,5.875859234006723
1a,stem_right,switching_rate_mean,fusion_aux,hjb_aux,nan,nan,False,n/a,4.20572780240252
1b,stem_left,switching_rate_mean,fusion_aux,hjb_aux,nan,nan,False,n/a,3.6432134725917042
1b,stem_right,switching_rate_mean,fusion_aux,hjb_aux,nan,nan,False,n/a,3.007456989486418
2,stem_left,switching_rate_mean,fusion_aux,hjb_aux,nan,nan,False,n/a,3.957128616099338
2,stem_right,switching_rate_mean,fusion_aux,hjb_aux,nan,nan,False,n/a,1.3280831409782419
2_dense,right_left,switching_rate_mean,fusion_aux,hjb_aux,nan,nan,False,n/a,1.9445895278146412
3,left_right,switching_rate_mean,fusion_aux,hjb_aux,nan,nan,False,n/a,1.372143065773099
3,right_left,switching_rate_mean,fusion_aux,hjb_aux,nan,nan,False,n/a,1.4557890436146963
4,stem_left,switching_rate_mean,fusion_aux,hjb_aux,nan,nan,False,n/a,2.6905240665121246
4,stem_right,switching_rate_mean,fusion_aux,hjb_aux,nan,nan,False,n/a,1.4071507060517023
1a,right_stem,switching_rate_mean,fusion_aux,soft_hjb_aux,nan,nan,False,n/a,2.6561460671707824
1a,stem_left,switching_rate_mean,fusion_aux,soft_hjb_aux,nan,nan,False,n/a,2.2406614421220676
1a,stem_right,switching_rate_mean,fusion_aux,soft_hjb_aux,nan,nan,False,n/a,1.3869692448099546
1b,stem_left,switching_rate_mean,fusion_aux,soft_hjb_aux,nan,nan,False,n/a,-0.5352337561304349
1b,stem_right,switching_rate_mean,fusion_aux,soft_hjb_aux,nan,nan,False,n/a,0.14809847770406737
2,stem_left,switching_rate_mean,fusion_aux,soft_hjb_aux,nan,nan,False,n/a,0.7530301760925348
2,stem_right,switching_rate_mean,fusion_aux,soft_hjb_aux,nan,nan,False,n/a,-0.046760022035434924
2_dense,right_left,switching_rate_mean,fusion_aux,soft_hjb_aux,nan,nan,False,n/a,-1.089904268843022
3,left_right,switching_rate_mean,fusion_aux,soft_hjb_aux,nan,nan,False,n/a,0.2831085515577908
3,right_left,switching_rate_mean,fusion_aux,soft_hjb_aux,nan,nan,False,n/a,-0.6885486367546281
4,stem_left,switching_rate_mean,fusion_aux,soft_hjb_aux,nan,nan,False,n/a,0.7484149361905819
4,stem_right,switching_rate_mean,fusion_aux,soft_hjb_aux,nan,nan,False,n/a,-0.24517331290780647
1a,right_stem,switching_rate_mean,fusion_aux,eikonal_aux,nan,nan,False,n/a,-1.5168442489623328
1a,stem_left,switching_rate_mean,fusion_aux,eikonal_aux,nan,nan,False,n/a,-1.7999151442215071
1a,stem_right,switching_rate_mean,fusion_aux,eikonal_aux,nan,nan,False,n/a,-1.675593264608076
1b,stem_left,switching_rate_mean,fusion_aux,eikonal_aux,nan,nan,False,n/a,0.7626918398962363
1b,stem_right,switching_rate_mean,fusion_aux,eikonal_aux,nan,nan,False,n/a,-0.549271201000052
2,stem_left,switching_rate_mean,fusion_aux,eikonal_aux,nan,nan,False,n/a,-0.9702558785121613
2,stem_right,switching_rate_mean,fusion_aux,eikonal_aux,nan,nan,False,n/a,-0.2891101812838852
2_dense,right_left,switching_rate_mean,fusion_aux,eikonal_aux,nan,nan,False,n/a,-1.6539400136438096
3,left_right,switching_rate_mean,fusion_aux,eikonal_aux,nan,nan,False,n/a,-0.4239326216524305
3,right_left,switching_rate_mean,fusion_aux,eikonal_aux,nan,nan,False,n/a,-2.8410336342875735
4,stem_left,switching_rate_mean,fusion_aux,eikonal_aux,nan,nan,False,n/a,-0.37255495623204865
4,stem_right,switching_rate_mean,fusion_aux,eikonal_aux,nan,nan,False,n/a,-1.2096703316460435
1a,right_stem,switching_rate_mean,fusion_aux,cbf_aux,nan,nan,False,n/a,4.4961928754514116
1a,stem_left,switching_rate_mean,fusion_aux,cbf_aux,nan,nan,False,n/a,5.440113804714376
1a,stem_right,switching_rate_mean,fusion_aux,cbf_aux,nan,nan,False,n/a,2.82095899150851
1b,stem_left,switching_rate_mean,fusion_aux,cbf_aux,nan,nan,False,n/a,5.492013993759363
1b,stem_right,switching_rate_mean,fusion_aux,cbf_aux,nan,nan,False,n/a,2.8029919867250643
2,stem_left,switching_rate_mean,fusion_aux,cbf_aux,nan,nan,False,n/a,2.841398697808385
2,stem_right,switching_rate_mean,fusion_aux,cbf_aux,nan,nan,False,n/a,1.5771172013027523
2_dense,right_left,switching_rate_mean,fusion_aux,cbf_aux,nan,nan,False,n/a,1.7396409430383497
3,left_right,switching_rate_mean,fusion_aux,cbf_aux,nan,nan,False,n/a,0.8871218667341719
3,right_left,switching_rate_mean,fusion_aux,cbf_aux,nan,nan,False,n/a,0.6794640065314873
4,stem_left,switching_rate_mean,fusion_aux,cbf_aux,nan,nan,False,n/a,1.6173838282120672
4,stem_right,switching_rate_mean,fusion_aux,cbf_aux,nan,nan,False,n/a,0.9784309910321856
1a,right_stem,switching_rate_mean,fusion_aux,rule_based,nan,nan,False,n/a,7.3121729495153955
1a,stem_left,switching_rate_mean,fusion_aux,rule_based,nan,nan,False,n/a,9.282571219682927
1a,stem_right,switching_rate_mean,fusion_aux,rule_based,nan,nan,False,n/a,5.602223338497051
1b,stem_left,switching_rate_mean,fusion_aux,rule_based,nan,nan,False,n/a,0.5369414844752531
1b,stem_right,switching_rate_mean,fusion_aux,rule_based,nan,nan,False,n/a,0.4777808993460561
2,stem_left,switching_rate_mean,fusion_aux,rule_based,nan,nan,False,n/a,6.894183749111292
2,stem_right,switching_rate_mean,fusion_aux,rule_based,nan,nan,False,n/a,5.633653619883971
2_dense,right_left,switching_rate_mean,fusion_aux,rule_based,nan,nan,False,n/a,10.860281717735745
3,left_right,switching_rate_mean,fusion_aux,rule_based,nan,nan,False,n/a,7.510582014931216
3,right_left,switching_rate_mean,fusion_aux,rule_based,nan,nan,False,n/a,4.454419917110765
4,stem_left,switching_rate_mean,fusion_aux,rule_based,nan,nan,False,n/a,6.2238617646995
4,stem_right,switching_rate_mean,fusion_aux,rule_based,nan,nan,False,n/a,7.042057812650516
1a,right_stem,switching_rate_mean,cbf_aux,hjb_aux,nan,nan,False,n/a,1.1689654616601606
1a,stem_left,switching_rate_mean,cbf_aux,hjb_aux,nan,nan,False,n/a,0.4559385976830551
1a,stem_right,switching_rate_mean,cbf_aux,hjb_aux,nan,nan,False,n/a,0.8122191215394226
1b,stem_left,switching_rate_mean,cbf_aux,hjb_aux,nan,nan,False,n/a,-0.3230820733839772
1b,stem_right,switching_rate_mean,cbf_aux,hjb_aux,nan,nan,False,n/a,0.016408408886712484
2,stem_left,switching_rate_mean,cbf_aux,hjb_aux,nan,nan,False,n/a,0.9171330785990819
2,stem_right,switching_rate_mean,cbf_aux,hjb_aux,nan,nan,False,n/a,0.0417842753329943
2_dense,right_left,switching_rate_mean,cbf_aux,hjb_aux,nan,nan,False,n/a,0.3139847433897887
3,left_right,switching_rate_mean,cbf_aux,hjb_aux,nan,nan,False,n/a,0.17851217141470987
3,right_left,switching_rate_mean,cbf_aux,hjb_aux,nan,nan,False,n/a,0.6742077447619887
4,stem_left,switching_rate_mean,cbf_aux,hjb_aux,nan,nan,False,n/a,0.507934469344371
4,stem_right,switching_rate_mean,cbf_aux,hjb_aux,nan,nan,False,n/a,-0.016827707071965813
1a,right_stem,switching_rate_mean,cbf_aux,soft_hjb_aux,nan,nan,False,n/a,-3.4989799306220513
1a,stem_left,switching_rate_mean,cbf_aux,soft_hjb_aux,nan,nan,False,n/a,-3.466922970577654
1a,stem_right,switching_rate_mean,cbf_aux,soft_hjb_aux,nan,nan,False,n/a,-2.615609891100602
1b,stem_left,switching_rate_mean,cbf_aux,soft_hjb_aux,nan,nan,False,n/a,-5.799504840932675
1b,stem_right,switching_rate_mean,cbf_aux,soft_hjb_aux,nan,nan,False,n/a,-2.4858081257993496
2,stem_left,switching_rate_mean,cbf_aux,soft_hjb_aux,nan,nan,False,n/a,-2.7146490819971607
2,stem_right,switching_rate_mean,cbf_aux,soft_hjb_aux,nan,nan,False,n/a,-1.7920262770584479
2_dense,right_left,switching_rate_mean,cbf_aux,soft_hjb_aux,nan,nan,False,n/a,-2.06633517235051
3,left_right,switching_rate_mean,cbf_aux,soft_hjb_aux,nan,nan,False,n/a,-0.7266286798626792
3,right_left,switching_rate_mean,cbf_aux,soft_hjb_aux,nan,nan,False,n/a,-0.9728871297503454
4,stem_left,switching_rate_mean,cbf_aux,soft_hjb_aux,nan,nan,False,n/a,-1.3195029622693466
4,stem_right,switching_rate_mean,cbf_aux,soft_hjb_aux,nan,nan,False,n/a,-1.11878684277881
1a,right_stem,switching_rate_mean,cbf_aux,eikonal_aux,nan,nan,False,n/a,-6.733008556445387
1a,stem_left,switching_rate_mean,cbf_aux,eikonal_aux,nan,nan,False,n/a,-7.4138229339037425
1a,stem_right,switching_rate_mean,cbf_aux,eikonal_aux,nan,nan,False,n/a,-4.46228888524701
1b,stem_left,switching_rate_mean,cbf_aux,eikonal_aux,nan,nan,False,n/a,-5.322664477846338
1b,stem_right,switching_rate_mean,cbf_aux,eikonal_aux,nan,nan,False,n/a,-2.873394701573254
2,stem_left,switching_rate_mean,cbf_aux,eikonal_aux,nan,nan,False,n/a,-3.670344365649657
2,stem_right,switching_rate_mean,cbf_aux,eikonal_aux,nan,nan,False,n/a,-1.520602179625196
2_dense,right_left,switching_rate_mean,cbf_aux,eikonal_aux,nan,nan,False,n/a,-2.4571424965074393
3,left_right,switching_rate_mean,cbf_aux,eikonal_aux,nan,nan,False,n/a,-1.1157925077479436
3,right_left,switching_rate_mean,cbf_aux,eikonal_aux,nan,nan,False,n/a,-2.1812321198142812
4,stem_left,switching_rate_mean,cbf_aux,eikonal_aux,nan,nan,False,n/a,-1.8279088020058614
4,stem_right,switching_rate_mean,cbf_aux,eikonal_aux,nan,nan,False,n/a,-1.7364609025888353
1a,right_stem,switching_rate_mean,cbf_aux,fusion_aux,nan,nan,False,n/a,-4.4961928754514116
1a,stem_left,switching_rate_mean,cbf_aux,fusion_aux,nan,nan,False,n/a,-5.440113804714376
1a,stem_right,switching_rate_mean,cbf_aux,fusion_aux,nan,nan,False,n/a,-2.82095899150851
1b,stem_left,switching_rate_mean,cbf_aux,fusion_aux,nan,nan,False,n/a,-5.492013993759363
1b,stem_right,switching_rate_mean,cbf_aux,fusion_aux,nan,nan,False,n/a,-2.8029919867250643
2,stem_left,switching_rate_mean,cbf_aux,fusion_aux,nan,nan,False,n/a,-2.841398697808385
2,stem_right,switching_rate_mean,cbf_aux,fusion_aux,nan,nan,False,n/a,-1.5771172013027523
2_dense,right_left,switching_rate_mean,cbf_aux,fusion_aux,nan,nan,False,n/a,-1.7396409430383497
3,left_right,switching_rate_mean,cbf_aux,fusion_aux,nan,nan,False,n/a,-0.8871218667341719
3,right_left,switching_rate_mean,cbf_aux,fusion_aux,nan,nan,False,n/a,-0.6794640065314873
4,stem_left,switching_rate_mean,cbf_aux,fusion_aux,nan,nan,False,n/a,-1.6173838282120672
4,stem_right,switching_rate_mean,cbf_aux,fusion_aux,nan,nan,False,n/a,-0.9784309910321856
1a,right_stem,switching_rate_mean,cbf_aux,rule_based,nan,nan,False,n/a,1.6503012713189364
1a,stem_left,switching_rate_mean,cbf_aux,rule_based,nan,nan,False,n/a,3.6893142630843347
1a,stem_right,switching_rate_mean,cbf_aux,rule_based,nan,nan,False,n/a,2.2674022913549297
1b,stem_left,switching_rate_mean,cbf_aux,rule_based,nan,nan,False,n/a,-5.576527315395338
1b,stem_right,switching_rate_mean,cbf_aux,rule_based,nan,nan,False,n/a,-2.8219880775873265
2,stem_left,switching_rate_mean,cbf_aux,rule_based,nan,nan,False,n/a,1.9115141851403865
2,stem_right,switching_rate_mean,cbf_aux,rule_based,nan,nan,False,n/a,2.0888748986705794
2_dense,right_left,switching_rate_mean,cbf_aux,rule_based,nan,nan,False,n/a,0.6057483184467937
3,left_right,switching_rate_mean,cbf_aux,rule_based,nan,nan,False,n/a,3.0008656274291057
3,right_left,switching_rate_mean,cbf_aux,rule_based,nan,nan,False,n/a,0.8049688582517295
4,stem_left,switching_rate_mean,cbf_aux,rule_based,nan,nan,False,n/a,2.264615504211589
4,stem_right,switching_rate_mean,cbf_aux,rule_based,nan,nan,False,n/a,2.422262489631383
1a,right_stem,switching_rate_mean,rule_based,hjb_aux,nan,nan,False,n/a,-0.548048866729428
1a,stem_left,switching_rate_mean,rule_based,hjb_aux,nan,nan,False,n/a,-3.1698036138978276
1a,stem_right,switching_rate_mean,rule_based,hjb_aux,nan,nan,False,n/a,-3.5787278105538523
1b,stem_left,switching_rate_mean,rule_based,hjb_aux,nan,nan,False,n/a,3.6080737519645156
1b,stem_right,switching_rate_mean,rule_based,hjb_aux,nan,nan,False,n/a,3.0722515982964933
2,stem_left,switching_rate_mean,rule_based,hjb_aux,nan,nan,False,n/a,-0.6949230721569043
2,stem_right,switching_rate_mean,rule_based,hjb_aux,nan,nan,False,n/a,-1.525556163190744
2_dense,right_left,switching_rate_mean,rule_based,hjb_aux,nan,nan,False,n/a,-0.11477113413520637
3,left_right,switching_rate_mean,rule_based,hjb_aux,nan,nan,False,n/a,-3.8440744907550175
3,right_left,switching_rate_mean,rule_based,hjb_aux,nan,nan,False,n/a,0.19231095550169416
4,stem_left,switching_rate_mean,rule_based,hjb_aux,nan,nan,False,n/a,-2.4471733615140954
4,stem_right,switching_rate_mean,rule_based,hjb_aux,nan,nan,False,n/a,-4.157497244743059
1a,right_stem,switching_rate_mean,rule_based,soft_hjb_aux,nan,nan,False,n/a,-15.068791443092122
1a,stem_left,switching_rate_mean,rule_based,soft_hjb_aux,nan,nan,False,n/a,-7.749463970302654
1a,stem_right,switching_rate_mean,rule_based,soft_hjb_aux,nan,nan,False,n/a,-19.751037260109648
1b,stem_left,switching_rate_mean,rule_based,soft_hjb_aux,nan,nan,False,n/a,-1.5158140220211227
1b,stem_right,switching_rate_mean,rule_based,soft_hjb_aux,nan,nan,False,n/a,-0.18617617827029673
2,stem_left,switching_rate_mean,rule_based,soft_hjb_aux,nan,nan,False,n/a,-10.961116175289774
2,stem_right,switching_rate_mean,rule_based,soft_hjb_aux,nan,nan,False,n/a,-8.613515341068167
2_dense,right_left,switching_rate_mean,rule_based,soft_hjb_aux,nan,nan,False,n/a,-10.845174190946535
3,left_right,switching_rate_mean,rule_based,soft_hjb_aux,nan,nan,False,n/a,-8.70598244036294
3,right_left,switching_rate_mean,rule_based,soft_hjb_aux,nan,nan,False,n/a,-7.775927905906867
4,stem_left,switching_rate_mean,rule_based,soft_hjb_aux,nan,nan,False,n/a,-10.806886897962306
4,stem_right,switching_rate_mean,rule_based,soft_hjb_aux,nan,nan,False,n/a,-6.845299781313461
1a,right_stem,switching_rate_mean,rule_based,eikonal_aux,nan,nan,False,n/a,-11.636255953654844
1a,stem_left,switching_rate_mean,rule_based,eikonal_aux,nan,nan,False,n/a,-11.55645345978334
1a,stem_right,switching_rate_mean,rule_based,eikonal_aux,nan,nan,False,n/a,-7.367193210117008
1b,stem_left,switching_rate_mean,rule_based,eikonal_aux,nan,nan,False,n/a,0.5250766526899516
1b,stem_right,switching_rate_mean,rule_based,eikonal_aux,nan,nan,False,n/a,-0.9525133858876411
2,stem_left,switching_rate_mean,rule_based,eikonal_aux,nan,nan,False,n/a,-8.063518235777204
2,stem_right,switching_rate_mean,rule_based,eikonal_aux,nan,nan,False,n/a,-3.820690141586277
2_dense,right_left,switching_rate_mean,rule_based,eikonal_aux,nan,nan,False,n/a,-4.507014371207031
3,left_right,switching_rate_mean,rule_based,eikonal_aux,nan,nan,False,n/a,-5.941211761685861
3,right_left,switching_rate_mean,rule_based,eikonal_aux,nan,nan,False,n/a,-6.406423456613848
4,stem_left,switching_rate_mean,rule_based,eikonal_aux,nan,nan,False,n/a,-5.745101910359249
4,stem_right,switching_rate_mean,rule_based,eikonal_aux,nan,nan,False,n/a,-5.6998804940622145
1a,right_stem,switching_rate_mean,rule_based,fusion_aux,nan,nan,False,n/a,-7.3121729495153955
1a,stem_left,switching_rate_mean,rule_based,fusion_aux,nan,nan,False,n/a,-9.282571219682927
1a,stem_right,switching_rate_mean,rule_based,fusion_aux,nan,nan,False,n/a,-5.602223338497051
1b,stem_left,switching_rate_mean,rule_based,fusion_aux,nan,nan,False,n/a,-0.5369414844752531
1b,stem_right,switching_rate_mean,rule_based,fusion_aux,nan,nan,False,n/a,-0.4777808993460561
2,stem_left,switching_rate_mean,rule_based,fusion_aux,nan,nan,False,n/a,-6.894183749111292
2,stem_right,switching_rate_mean,rule_based,fusion_aux,nan,nan,False,n/a,-5.633653619883971
2_dense,right_left,switching_rate_mean,rule_based,fusion_aux,nan,nan,False,n/a,-10.860281717735745
3,left_right,switching_rate_mean,rule_based,fusion_aux,nan,nan,False,n/a,-7.510582014931216
3,right_left,switching_rate_mean,rule_based,fusion_aux,nan,nan,False,n/a,-4.454419917110765
4,stem_left,switching_rate_mean,rule_based,fusion_aux,nan,nan,False,n/a,-6.2238617646995
4,stem_right,switching_rate_mean,rule_based,fusion_aux,nan,nan,False,n/a,-7.042057812650516
1a,right_stem,switching_rate_mean,rule_based,cbf_aux,nan,nan,False,n/a,-1.6503012713189364
1a,stem_left,switching_rate_mean,rule_based,cbf_aux,nan,nan,False,n/a,-3.6893142630843347
1a,stem_right,switching_rate_mean,rule_based,cbf_aux,nan,nan,False,n/a,-2.2674022913549297
1b,stem_left,switching_rate_mean,rule_based,cbf_aux,nan,nan,False,n/a,5.576527315395338
1b,stem_right,switching_rate_mean,rule_based,cbf_aux,nan,nan,False,n/a,2.8219880775873265
2,stem_left,switching_rate_mean,rule_based,cbf_aux,nan,nan,False,n/a,-1.9115141851403865
2,stem_right,switching_rate_mean,rule_based,cbf_aux,nan,nan,False,n/a,-2.0888748986705794
2_dense,right_left,switching_rate_mean,rule_based,cbf_aux,nan,nan,False,n/a,-0.6057483184467937
3,left_right,switching_rate_mean,rule_based,cbf_aux,nan,nan,False,n/a,-3.0008656274291057
3,right_left,switching_rate_mean,rule_based,cbf_aux,nan,nan,False,n/a,-0.8049688582517295
4,stem_left,switching_rate_mean,rule_based,cbf_aux,nan,nan,False,n/a,-2.264615504211589
4,stem_right,switching_rate_mean,rule_based,cbf_aux,nan,nan,False,n/a,-2.422262489631383
1a,right_stem,decision_latency_mean,hjb_aux,soft_hjb_aux,nan,nan,False,n/a,0.46549614650319315
1a,stem_left,decision_latency_mean,hjb_aux,soft_hjb_aux,nan,nan,False,n/a,-1.1158191243313438
1a,stem_right,decision_latency_mean,hjb_aux,soft_hjb_aux,nan,nan,False,n/a,-0.7286183949504602
1b,stem_left,decision_latency_mean,hjb_aux,soft_hjb_aux,nan,nan,False,n/a,0.06466900452039795
1b,stem_right,decision_latency_mean,hjb_aux,soft_hjb_aux,nan,nan,False,n/a,0.6219007903200343
2,stem_left,decision_latency_mean,hjb_aux,soft_hjb_aux,nan,nan,False,n/a,-0.3076870761581555
2,stem_right,decision_latency_mean,hjb_aux,soft_hjb_aux,nan,nan,False,n/a,-0.8773302191552601
2_dense,right_left,decision_latency_mean,hjb_aux,soft_hjb_aux,nan,nan,False,n/a,0.0796665491867262
3,left_right,decision_latency_mean,hjb_aux,soft_hjb_aux,nan,nan,False,n/a,1.032069617261491
3,right_left,decision_latency_mean,hjb_aux,soft_hjb_aux,nan,nan,False,n/a,-1.0772918443043782
4,stem_left,decision_latency_mean,hjb_aux,soft_hjb_aux,nan,nan,False,n/a,0.19701561003207888
4,stem_right,decision_latency_mean,hjb_aux,soft_hjb_aux,nan,nan,False,n/a,-0.0020982208117564104
1a,right_stem,decision_latency_mean,hjb_aux,eikonal_aux,nan,nan,False,n/a,-0.3509345815046301
1a,stem_left,decision_latency_mean,hjb_aux,eikonal_aux,nan,nan,False,n/a,-0.6921024235514296
1a,stem_right,decision_latency_mean,hjb_aux,eikonal_aux,nan,nan,False,n/a,-0.7363672498559125
1b,stem_left,decision_latency_mean,hjb_aux,eikonal_aux,nan,nan,False,n/a,0.3792687778721391
1b,stem_right,decision_latency_mean,hjb_aux,eikonal_aux,nan,nan,False,n/a,0.2000004374752022
2,stem_left,decision_latency_mean,hjb_aux,eikonal_aux,nan,nan,False,n/a,-0.5424950647353816
2,stem_right,decision_latency_mean,hjb_aux,eikonal_aux,nan,nan,False,n/a,-0.8916373135210061
2_dense,right_left,decision_latency_mean,hjb_aux,eikonal_aux,nan,nan,False,n/a,0.8039765466646045
3,left_right,decision_latency_mean,hjb_aux,eikonal_aux,nan,nan,False,n/a,0.8173496838981285
3,right_left,decision_latency_mean,hjb_aux,eikonal_aux,nan,nan,False,n/a,-0.14346828568985795
4,stem_left,decision_latency_mean,hjb_aux,eikonal_aux,nan,nan,False,n/a,0.14501341266986023
4,stem_right,decision_latency_mean,hjb_aux,eikonal_aux,nan,nan,False,n/a,0.6236997432105337
1a,right_stem,decision_latency_mean,hjb_aux,fusion_aux,nan,nan,False,n/a,-0.02851729014254367
1a,stem_left,decision_latency_mean,hjb_aux,fusion_aux,nan,nan,False,n/a,-1.0908619847136454
1a,stem_right,decision_latency_mean,hjb_aux,fusion_aux,nan,nan,False,n/a,-0.7968946181214829
1b,stem_left,decision_latency_mean,hjb_aux,fusion_aux,nan,nan,False,n/a,-0.28917032923553526
1b,stem_right,decision_latency_mean,hjb_aux,fusion_aux,nan,nan,False,n/a,0.5666387600799329
2,stem_left,decision_latency_mean,hjb_aux,fusion_aux,nan,nan,False,n/a,-0.9184089168910593
2,stem_right,decision_latency_mean,hjb_aux,fusion_aux,nan,nan,False,n/a,0.1362408350062236
2_dense,right_left,decision_latency_mean,hjb_aux,fusion_aux,nan,nan,False,n/a,0.18057060847949166
3,left_right,decision_latency_mean,hjb_aux,fusion_aux,nan,nan,False,n/a,1.0073157166370539
3,right_left,decision_latency_mean,hjb_aux,fusion_aux,nan,nan,False,n/a,-0.3243626305439848
4,stem_left,decision_latency_mean,hjb_aux,fusion_aux,nan,nan,False,n/a,0.16872447034745364
4,stem_right,decision_latency_mean,hjb_aux,fusion_aux,nan,nan,False,n/a,0.1911642418167555
1a,right_stem,decision_latency_mean,hjb_aux,cbf_aux,nan,nan,False,n/a,-0.12454744975586841
1a,stem_left,decision_latency_mean,hjb_aux,cbf_aux,nan,nan,False,n/a,0.6719436884387112
1a,stem_right,decision_latency_mean,hjb_aux,cbf_aux,nan,nan,False,n/a,-0.02731691392484396
1b,stem_left,decision_latency_mean,hjb_aux,cbf_aux,nan,nan,False,n/a,0.7445096488331916
1b,stem_right,decision_latency_mean,hjb_aux,cbf_aux,nan,nan,False,n/a,0.15707615913190373
2,stem_left,decision_latency_mean,hjb_aux,cbf_aux,nan,nan,False,n/a,0.005957440043818313
2,stem_right,decision_latency_mean,hjb_aux,cbf_aux,nan,nan,False,n/a,0.01431151138514167
2_dense,right_left,decision_latency_mean,hjb_aux,cbf_aux,nan,nan,False,n/a,-0.47124617260744345
3,left_right,decision_latency_mean,hjb_aux,cbf_aux,nan,nan,False,n/a,-0.15606920984934214
3,right_left,decision_latency_mean,hjb_aux,cbf_aux,nan,nan,False,n/a,-0.43222807881509406
4,stem_left,decision_latency_mean,hjb_aux,cbf_aux,nan,nan,False,n/a,0.5150297581318014
4,stem_right,decision_latency_mean,hjb_aux,cbf_aux,nan,nan,False,n/a,0.5636442125440487
1a,right_stem,decision_latency_mean,hjb_aux,rule_based,nan,nan,False,n/a,-10.873830766105362
1a,stem_left,decision_latency_mean,hjb_aux,rule_based,nan,nan,False,n/a,0.2530642490387423
1a,stem_right,decision_latency_mean,hjb_aux,rule_based,nan,nan,False,n/a,-3.200305091633076
1b,stem_left,decision_latency_mean,hjb_aux,rule_based,nan,nan,False,n/a,0.9063320350997551
1b,stem_right,decision_latency_mean,hjb_aux,rule_based,nan,nan,False,n/a,1.799074590810874
2,stem_left,decision_latency_mean,hjb_aux,rule_based,nan,nan,False,n/a,0.9471609146892341
2,stem_right,decision_latency_mean,hjb_aux,rule_based,nan,nan,False,n/a,2.191790581183872
2_dense,right_left,decision_latency_mean,hjb_aux,rule_based,nan,nan,False,n/a,2.099640936453894
3,left_right,decision_latency_mean,hjb_aux,rule_based,nan,nan,False,n/a,3.270512462027714
3,right_left,decision_latency_mean,hjb_aux,rule_based,nan,nan,False,n/a,0.6040659006056213
4,stem_left,decision_latency_mean,hjb_aux,rule_based,nan,nan,False,n/a,0.8535396378730955
4,stem_right,decision_latency_mean,hjb_aux,rule_based,nan,nan,False,n/a,2.246064620183611
1a,right_stem,decision_latency_mean,soft_hjb_aux,hjb_aux,nan,nan,False,n/a,-0.46549614650319315
1a,stem_left,decision_latency_mean,soft_hjb_aux,hjb_aux,nan,nan,False,n/a,1.1158191243313438
1a,stem_right,decision_latency_mean,soft_hjb_aux,hjb_aux,nan,nan,False,n/a,0.7286183949504602
1b,stem_left,decision_latency_mean,soft_hjb_aux,hjb_aux,nan,nan,False,n/a,-0.06466900452039795
1b,stem_right,decision_latency_mean,soft_hjb_aux,hjb_aux,nan,nan,False,n/a,-0.6219007903200343
2,stem_left,decision_latency_mean,soft_hjb_aux,hjb_aux,nan,nan,False,n/a,0.3076870761581555
2,stem_right,decision_latency_mean,soft_hjb_aux,hjb_aux,nan,nan,False,n/a,0.8773302191552601
2_dense,right_left,decision_latency_mean,soft_hjb_aux,hjb_aux,nan,nan,False,n/a,-0.0796665491867262
3,left_right,decision_latency_mean,soft_hjb_aux,hjb_aux,nan,nan,False,n/a,-1.032069617261491
3,right_left,decision_latency_mean,soft_hjb_aux,hjb_aux,nan,nan,False,n/a,1.0772918443043782
4,stem_left,decision_latency_mean,soft_hjb_aux,hjb_aux,nan,nan,False,n/a,-0.19701561003207888
4,stem_right,decision_latency_mean,soft_hjb_aux,hjb_aux,nan,nan,False,n/a,0.0020982208117564104
1a,right_stem,decision_latency_mean,soft_hjb_aux,eikonal_aux,nan,nan,False,n/a,-0.6634963204304902
1a,stem_left,decision_latency_mean,soft_hjb_aux,eikonal_aux,nan,nan,False,n/a,-0.3735480772076504
1a,stem_right,decision_latency_mean,soft_hjb_aux,eikonal_aux,nan,nan,False,n/a,-0.6800090548357639
1b,stem_left,decision_latency_mean,soft_hjb_aux,eikonal_aux,nan,nan,False,n/a,0.8596383908938713
1b,stem_right,decision_latency_mean,soft_hjb_aux,eikonal_aux,nan,nan,False,n/a,-0.4281502550582429
2,stem_left,decision_latency_mean,soft_hjb_aux,eikonal_aux,nan,nan,False,n/a,-0.40105082929208796
2,stem_right,decision_latency_mean,soft_hjb_aux,eikonal_aux,nan,nan,False,n/a,-0.39101649721643095
2_dense,right_left,decision_latency_mean,soft_hjb_aux,eikonal_aux,nan,nan,False,n/a,0.715022503794185
3,left_right,decision_latency_mean,soft_hjb_aux,eikonal_aux,nan,nan,False,n/a,-0.0030259994006696755
3,right_left,decision_latency_mean,soft_hjb_aux,eikonal_aux,nan,nan,False,n/a,1.434587035168395
4,stem_left,decision_latency_mean,soft_hjb_aux,eikonal_aux,nan,nan,False,n/a,-0.10855588659494274
4,stem_right,decision_latency_mean,soft_hjb_aux,eikonal_aux,nan,nan,False,n/a,0.6872017441583785
1a,right_stem,decision_latency_mean,soft_hjb_aux,fusion_aux,nan,nan,False,n/a,-0.7222233055336742
1a,stem_left,decision_latency_mean,soft_hjb_aux,fusion_aux,nan,nan,False,n/a,-0.3783775332552844
1a,stem_right,decision_latency_mean,soft_hjb_aux,fusion_aux,nan,nan,False,n/a,-0.7647430241833306
1b,stem_left,decision_latency_mean,soft_hjb_aux,fusion_aux,nan,nan,False,n/a,-0.5941034737275535
1b,stem_right,decision_latency_mean,soft_hjb_aux,fusion_aux,nan,nan,False,n/a,-0.09368108347507711
2,stem_left,decision_latency_mean,soft_hjb_aux,fusion_aux,nan,nan,False,n/a,-0.9491928997102536
2,stem_right,decision_latency_mean,soft_hjb_aux,fusion_aux,nan,nan,False,n/a,0.9121924298543751
2_dense,right_left,decision_latency_mean,soft_hjb_aux,fusion_aux,nan,nan,False,n/a,0.1087504780364127
3,left_right,decision_latency_mean,soft_hjb_aux,fusion_aux,nan,nan,False,n/a,0.0076388889966214285
3,right_left,decision_latency_mean,soft_hjb_aux,fusion_aux,nan,nan,False,n/a,1.1265431530337766
4,stem_left,decision_latency_mean,soft_hjb_aux,fusion_aux,nan,nan,False,n/a,-0.08502992495851985
4,stem_right,decision_latency_mean,soft_hjb_aux,fusion_aux,nan,nan,False,n/a,0.20832705856279873
1a,right_stem,decision_latency_mean,soft_hjb_aux,cbf_aux,nan,nan,False,n/a,-0.8508535725805807
1a,stem_left,decision_latency_mean,soft_hjb_aux,cbf_aux,nan,nan,False,n/a,1.6979432386454416
1a,stem_right,decision_latency_mean,soft_hjb_aux,cbf_aux,nan,nan,False,n/a,0.6962941403878525
1b,stem_left,decision_latency_mean,soft_hjb_aux,cbf_aux,nan,nan,False,n/a,2.2283636536319333
1b,stem_right,decision_latency_mean,soft_hjb_aux,cbf_aux,nan,nan,False,n/a,-0.44383663674553864
2,stem_left,decision_latency_mean,soft_hjb_aux,cbf_aux,nan,nan,False,n/a,0.3243150462991536
2,stem_right,decision_latency_mean,soft_hjb_aux,cbf_aux,nan,nan,False,n/a,0.9244580507380298
2_dense,right_left,decision_latency_mean,soft_hjb_aux,cbf_aux,nan,nan,False,n/a,-0.507478121765322
3,left_right,decision_latency_mean,soft_hjb_aux,cbf_aux,nan,nan,False,n/a,-0.9439752410666115
3,right_left,decision_latency_mean,soft_hjb_aux,cbf_aux,nan,nan,False,n/a,0.3425997053241473
4,stem_left,decision_latency_mean,soft_hjb_aux,cbf_aux,nan,nan,False,n/a,0.6451513146386963
4,stem_right,decision_latency_mean,soft_hjb_aux,cbf_aux,nan,nan,False,n/a,0.5947224122780466
1a,right_stem,decision_latency_mean,soft_hjb_aux,rule_based,nan,nan,False,n/a,-14.147165528800006
1a,stem_left,decision_latency_mean,soft_hjb_aux,rule_based,nan,nan,False,n/a,0.7972642646875805
1a,stem_right,decision_latency_mean,soft_hjb_aux,rule_based,nan,nan,False,n/a,-3.170324240851712
1b,stem_left,decision_latency_mean,soft_hjb_aux,rule_based,nan,nan,False,n/a,3.128470673285437
1b,stem_right,decision_latency_mean,soft_hjb_aux,rule_based,nan,nan,False,n/a,2.464956932052095
2,stem_left,decision_latency_mean,soft_hjb_aux,rule_based,nan,nan,False,n/a,3.0705866407742017
2,stem_right,decision_latency_mean,soft_hjb_aux,rule_based,nan,nan,False,n/a,3.299004669236012
2_dense,right_left,decision_latency_mean,soft_hjb_aux,rule_based,nan,nan,False,n/a,2.019143263611037
3,left_right,decision_latency_mean,soft_hjb_aux,rule_based,nan,nan,False,n/a,4.518331875818056
3,right_left,decision_latency_mean,soft_hjb_aux,rule_based,nan,nan,False,n/a,2.8590085377892236
4,stem_left,decision_latency_mean,soft_hjb_aux,rule_based,nan,nan,False,n/a,2.3232417947798436
4,stem_right,decision_latency_mean,soft_hjb_aux,rule_based,nan,nan,False,n/a,2.5846853155824587
1a,right_stem,decision_latency_mean,eikonal_aux,hjb_aux,nan,nan,False,n/a,0.3509345815046301
1a,stem_left,decision_latency_mean,eikonal_aux,hjb_aux,nan,nan,False,n/a,0.6921024235514296
1a,stem_right,decision_latency_mean,eikonal_aux,hjb_aux,nan,nan,False,n/a,0.7363672498559125
1b,stem_left,decision_latency_mean,eikonal_aux,hjb_aux,nan,nan,False,n/a,-0.3792687778721391
1b,stem_right,decision_latency_mean,eikonal_aux,hjb_aux,nan,nan,False,n/a,-0.2000004374752022
2,stem_left,decision_latency_mean,eikonal_aux,hjb_aux,nan,nan,False,n/a,0.5424950647353816
2,stem_right,decision_latency_mean,eikonal_aux,hjb_aux,nan,nan,False,n/a,0.8916373135210061
2_dense,right_left,decision_latency_mean,eikonal_aux,hjb_aux,nan,nan,False,n/a,-0.8039765466646045
3,left_right,decision_latency_mean,eikonal_aux,hjb_aux,nan,nan,False,n/a,-0.8173496838981285
3,right_left,decision_latency_mean,eikonal_aux,hjb_aux,nan,nan,False,n/a,0.14346828568985795
4,stem_left,decision_latency_mean,eikonal_aux,hjb_aux,nan,nan,False,n/a,-0.14501341266986023
4,stem_right,decision_latency_mean,eikonal_aux,hjb_aux,nan,nan,False,n/a,-0.6236997432105337
1a,right_stem,decision_latency_mean,eikonal_aux,soft_hjb_aux,nan,nan,False,n/a,0.6634963204304902
1a,stem_left,decision_latency_mean,eikonal_aux,soft_hjb_aux,nan,nan,False,n/a,0.3735480772076504
1a,stem_right,decision_latency_mean,eikonal_aux,soft_hjb_aux,nan,nan,False,n/a,0.6800090548357639
1b,stem_left,decision_latency_mean,eikonal_aux,soft_hjb_aux,nan,nan,False,n/a,-0.8596383908938713
1b,stem_right,decision_latency_mean,eikonal_aux,soft_hjb_aux,nan,nan,False,n/a,0.4281502550582429
2,stem_left,decision_latency_mean,eikonal_aux,soft_hjb_aux,nan,nan,False,n/a,0.40105082929208796
2,stem_right,decision_latency_mean,eikonal_aux,soft_hjb_aux,nan,nan,False,n/a,0.39101649721643095
2_dense,right_left,decision_latency_mean,eikonal_aux,soft_hjb_aux,nan,nan,False,n/a,-0.715022503794185
3,left_right,decision_latency_mean,eikonal_aux,soft_hjb_aux,nan,nan,False,n/a,0.0030259994006696755
3,right_left,decision_latency_mean,eikonal_aux,soft_hjb_aux,nan,nan,False,n/a,-1.434587035168395
4,stem_left,decision_latency_mean,eikonal_aux,soft_hjb_aux,nan,nan,False,n/a,0.10855588659494274
4,stem_right,decision_latency_mean,eikonal_aux,soft_hjb_aux,nan,nan,False,n/a,-0.6872017441583785
1a,right_stem,decision_latency_mean,eikonal_aux,fusion_aux,nan,nan,False,n/a,0.35694250476384
1a,stem_left,decision_latency_mean,eikonal_aux,fusion_aux,nan,nan,False,n/a,0.17831118205602015
1a,stem_right,decision_latency_mean,eikonal_aux,fusion_aux,nan,nan,False,n/a,-0.3317531884145875
1b,stem_left,decision_latency_mean,eikonal_aux,fusion_aux,nan,nan,False,n/a,-1.0670944945914906
1b,stem_right,decision_latency_mean,eikonal_aux,fusion_aux,nan,nan,False,n/a,0.36618819242290096
2,stem_left,decision_latency_mean,eikonal_aux,fusion_aux,nan,nan,False,n/a,-0.42729772166263363
2,stem_right,decision_latency_mean,eikonal_aux,fusion_aux,nan,nan,False,n/a,0.9372097909698024
2_dense,right_left,decision_latency_mean,eikonal_aux,fusion_aux,nan,nan,False,n/a,-0.4956011622132198
3,left_right,decision_latency_mean,eikonal_aux,fusion_aux,nan,nan,False,n/a,0.007940292453014234
3,right_left,decision_latency_mean,eikonal_aux,fusion_aux,nan,nan,False,n/a,-0.3117750876069837
4,stem_left,decision_latency_mean,eikonal_aux,fusion_aux,nan,nan,False,n/a,0.04330050457678388
4,stem_right,decision_latency_mean,eikonal_aux,fusion_aux,nan,nan,False,n/a,-0.45522019989685214
1a,right_stem,decision_latency_mean,eikonal_aux,cbf_aux,nan,nan,False,n/a,0.29251308065375536
1a,stem_left,decision_latency_mean,eikonal_aux,cbf_aux,nan,nan,False,n/a,0.803091524544377
1a,stem_right,decision_latency_mean,eikonal_aux,cbf_aux,nan,nan,False,n/a,0.733601509398331
1b,stem_left,decision_latency_mean,eikonal_aux,cbf_aux,nan,nan,False,n/a,1.1734898891250598
1b,stem_right,decision_latency_mean,eikonal_aux,cbf_aux,nan,nan,False,n/a,-0.03744801121069395
2,stem_left,decision_latency_mean,eikonal_aux,cbf_aux,nan,nan,False,n/a,0.560358610383202
2,stem_right,decision_latency_mean,eikonal_aux,cbf_aux,nan,nan,False,n/a,0.9097858343427809
2_dense,right_left,decision_latency_mean,eikonal_aux,cbf_aux,nan,nan,False,n/a,-0.7918179920215895
3,left_right,decision_latency_mean,eikonal_aux,cbf_aux,nan,nan,False,n/a,-0.8260939298447403
3,right_left,decision_latency_mean,eikonal_aux,cbf_aux,nan,nan,False,n/a,-0.39997404861716224
4,stem_left,decision_latency_mean,eikonal_aux,cbf_aux,nan,nan,False,n/a,0.6765485317262621
4,stem_right,decision_latency_mean,eikonal_aux,cbf_aux,nan,nan,False,n/a,0.1075786938198027
1a,right_stem,decision_latency_mean,eikonal_aux,rule_based,nan,nan,False,n/a,-7.726814158301872
1a,stem_left,decision_latency_mean,eikonal_aux,rule_based,nan,nan,False,n/a,0.7428264906923769
1a,stem_right,decision_latency_mean,eikonal_aux,rule_based,nan,nan,False,n/a,-2.445701649551299
1b,stem_left,decision_latency_mean,eikonal_aux,rule_based,nan,nan,False,n/a,1.9210978296647443
1b,stem_right,decision_latency_mean,eikonal_aux,rule_based,nan,nan,False,n/a,1.773173700324803
2,stem_left,decision_latency_mean,eikonal_aux,rule_based,nan,nan,False,n/a,2.1042969257538378
2,stem_right,decision_latency_mean,eikonal_aux,rule_based,nan,nan,False,n/a,1.9004763157485183
2_dense,right_left,decision_latency_mean,eikonal_aux,rule_based,nan,nan,False,n/a,2.0575824683483503
3,left_right,decision_latency_mean,eikonal_aux,rule_based,nan,nan,False,n/a,2.0946132182926465
3,right_left,decision_latency_mean,eikonal_aux,rule_based,nan,nan,False,n/a,1.7312661008925772
4,stem_left,decision_latency_mean,eikonal_aux,rule_based,nan,nan,False,n/a,1.9040281087257904
4,stem_right,decision_latency_mean,eikonal_aux,rule_based,nan,nan,False,n/a,2.292050432467117
1a,right_stem,decision_latency_mean,fusion_aux,hjb_aux,nan,nan,False,n/a,0.02851729014254367
1a,stem_left,decision_latency_mean,fusion_aux,hjb_aux,nan,nan,False,n/a,1.0908619847136454
1a,stem_right,decision_latency_mean,fusion_aux,hjb_aux,nan,nan,False,n/a,0.7968946181214829
1b,stem_left,decision_latency_mean,fusion_aux,hjb_aux,nan,nan,False,n/a,0.28917032923553526
1b,stem_right,decision_latency_mean,fusion_aux,hjb_aux,nan,nan,False,n/a,-0.5666387600799329
2,stem_left,decision_latency_mean,fusion_aux,hjb_aux,nan,nan,False,n/a,0.9184089168910593
2,stem_right,decision_latency_mean,fusion_aux,hjb_aux,nan,nan,False,n/a,-0.1362408350062236
2_dense,right_left,decision_latency_mean,fusion_aux,hjb_aux,nan,nan,False,n/a,-0.18057060847949166
3,left_right,decision_latency_mean,fusion_aux,hjb_aux,nan,nan,False,n/a,-1.0073157166370539
3,right_left,decision_latency_mean,fusion_aux,hjb_aux,nan,nan,False,n/a,0.3243626305439848
4,stem_left,decision_latency_mean,fusion_aux,hjb_aux,nan,nan,False,n/a,-0.16872447034745364
4,stem_right,decision_latency_mean,fusion_aux,hjb_aux,nan,nan,False,n/a,-0.1911642418167555
1a,right_stem,decision_latency_mean,fusion_aux,soft_hjb_aux,nan,nan,False,n/a,0.7222233055336742
1a,stem_left,decision_latency_mean,fusion_aux,soft_hjb_aux,nan,nan,False,n/a,0.3783775332552844
1a,stem_right,decision_latency_mean,fusion_aux,soft_hjb_aux,nan,nan,False,n/a,0.7647430241833306
1b,stem_left,decision_latency_mean,fusion_aux,soft_hjb_aux,nan,nan,False,n/a,0.5941034737275535
1b,stem_right,decision_latency_mean,fusion_aux,soft_hjb_aux,nan,nan,False,n/a,0.09368108347507711
2,stem_left,decision_latency_mean,fusion_aux,soft_hjb_aux,nan,nan,False,n/a,0.9491928997102536
2,stem_right,decision_latency_mean,fusion_aux,soft_hjb_aux,nan,nan,False,n/a,-0.9121924298543751
2_dense,right_left,decision_latency_mean,fusion_aux,soft_hjb_aux,nan,nan,False,n/a,-0.1087504780364127
3,left_right,decision_latency_mean,fusion_aux,soft_hjb_aux,nan,nan,False,n/a,-0.0076388889966214285
3,right_left,decision_latency_mean,fusion_aux,soft_hjb_aux,nan,nan,False,n/a,-1.1265431530337766
4,stem_left,decision_latency_mean,fusion_aux,soft_hjb_aux,nan,nan,False,n/a,0.08502992495851985
4,stem_right,decision_latency_mean,fusion_aux,soft_hjb_aux,nan,nan,False,n/a,-0.20832705856279873
1a,right_stem,decision_latency_mean,fusion_aux,eikonal_aux,nan,nan,False,n/a,-0.35694250476384
1a,stem_left,decision_latency_mean,fusion_aux,eikonal_aux,nan,nan,False,n/a,-0.17831118205602015
1a,stem_right,decision_latency_mean,fusion_aux,eikonal_aux,nan,nan,False,n/a,0.3317531884145875
1b,stem_left,decision_latency_mean,fusion_aux,eikonal_aux,nan,nan,False,n/a,1.0670944945914906
1b,stem_right,decision_latency_mean,fusion_aux,eikonal_aux,nan,nan,False,n/a,-0.36618819242290096
2,stem_left,decision_latency_mean,fusion_aux,eikonal_aux,nan,nan,False,n/a,0.42729772166263363
2,stem_right,decision_latency_mean,fusion_aux,eikonal_aux,nan,nan,False,n/a,-0.9372097909698024
2_dense,right_left,decision_latency_mean,fusion_aux,eikonal_aux,nan,nan,False,n/a,0.4956011622132198
3,left_right,decision_latency_mean,fusion_aux,eikonal_aux,nan,nan,False,n/a,-0.007940292453014234
3,right_left,decision_latency_mean,fusion_aux,eikonal_aux,nan,nan,False,n/a,0.3117750876069837
4,stem_left,decision_latency_mean,fusion_aux,eikonal_aux,nan,nan,False,n/a,-0.04330050457678388
4,stem_right,decision_latency_mean,fusion_aux,eikonal_aux,nan,nan,False,n/a,0.45522019989685214
1a,right_stem,decision_latency_mean,fusion_aux,cbf_aux,nan,nan,False,n/a,-0.1188143980402335
1a,stem_left,decision_latency_mean,fusion_aux,cbf_aux,nan,nan,False,n/a,1.378554336219302
1a,stem_right,decision_latency_mean,fusion_aux,cbf_aux,nan,nan,False,n/a,0.7953270600283814
1b,stem_left,decision_latency_mean,fusion_aux,cbf_aux,nan,nan,False,n/a,1.6786861723288011
1b,stem_right,decision_latency_mean,fusion_aux,cbf_aux,nan,nan,False,n/a,-0.3862329731633303
2,stem_left,decision_latency_mean,fusion_aux,cbf_aux,nan,nan,False,n/a,0.9446054171827545
2,stem_right,decision_latency_mean,fusion_aux,cbf_aux,nan,nan,False,n/a,-0.12789896288310396
2_dense,right_left,decision_latency_mean,fusion_aux,cbf_aux,nan,nan,False,n/a,-0.5492147516512496
3,left_right,decision_latency_mean,fusion_aux,cbf_aux,nan,nan,False,n/a,-0.9430817822856429
3,right_left,decision_latency_mean,fusion_aux,cbf_aux,nan,nan,False,n/a,-0.2590254632685291
4,stem_left,decision_latency_mean,fusion_aux,cbf_aux,nan,nan,False,n/a,0.7231648355999772
4,stem_right,decision_latency_mean,fusion_aux,cbf_aux,nan,nan,False,n/a,0.4269892415722131
1a,right_stem,decision_latency_mean,fusion_aux,rule_based,nan,nan,False,n/a,-12.108686283355455
1a,stem_left,decision_latency_mean,fusion_aux,rule_based,nan,nan,False,n/a,0.9503496471162642
1a,stem_right,decision_latency_mean,fusion_aux,rule_based,nan,nan,False,n/a,-1.7295705724244865
1b,stem_left,decision_latency_mean,fusion_aux,rule_based,nan,nan,False,n/a,1.9670771230654136
1b,stem_right,decision_latency_mean,fusion_aux,rule_based,nan,nan,False,n/a,2.585071303149925
2,stem_left,decision_latency_mean,fusion_aux,rule_based,nan,nan,False,n/a,2.7921374106610033
2,stem_right,decision_latency_mean,fusion_aux,rule_based,nan,nan,False,n/a,1.5766530409357964
2_dense,right_left,decision_latency_mean,fusion_aux,rule_based,nan,nan,False,n/a,1.5558663582158314
3,left_right,decision_latency_mean,fusion_aux,rule_based,nan,nan,False,n/a,3.559031033238592
3,right_left,decision_latency_mean,fusion_aux,rule_based,nan,nan,False,n/a,1.9403697920027512
4,stem_left,decision_latency_mean,fusion_aux,rule_based,nan,nan,False,n/a,2.868301870410347
4,stem_right,decision_latency_mean,fusion_aux,rule_based,nan,nan,False,n/a,2.3108178764368423
1a,right_stem,decision_latency_mean,cbf_aux,hjb_aux,nan,nan,False,n/a,0.12454744975586841
1a,stem_left,decision_latency_mean,cbf_aux,hjb_aux,nan,nan,False,n/a,-0.6719436884387112
1a,stem_right,decision_latency_mean,cbf_aux,hjb_aux,nan,nan,False,n/a,0.02731691392484396
1b,stem_left,decision_latency_mean,cbf_aux,hjb_aux,nan,nan,False,n/a,-0.7445096488331916
1b,stem_right,decision_latency_mean,cbf_aux,hjb_aux,nan,nan,False,n/a,-0.15707615913190373
2,stem_left,decision_latency_mean,cbf_aux,hjb_aux,nan,nan,False,n/a,-0.005957440043818313
2,stem_right,decision_latency_mean,cbf_aux,hjb_aux,nan,nan,False,n/a,-0.01431151138514167
2_dense,right_left,decision_latency_mean,cbf_aux,hjb_aux,nan,nan,False,n/a,0.47124617260744345
3,left_right,decision_latency_mean,cbf_aux,hjb_aux,nan,nan,False,n/a,0.15606920984934214
3,right_left,decision_latency_mean,cbf_aux,hjb_aux,nan,nan,False,n/a,0.43222807881509406
4,stem_left,decision_latency_mean,cbf_aux,hjb_aux,nan,nan,False,n/a,-0.5150297581318014
4,stem_right,decision_latency_mean,cbf_aux,hjb_aux,nan,nan,False,n/a,-0.5636442125440487
1a,right_stem,decision_latency_mean,cbf_aux,soft_hjb_aux,nan,nan,False,n/a,0.8508535725805807
1a,stem_left,decision_latency_mean,cbf_aux,soft_hjb_aux,nan,nan,False,n/a,-1.6979432386454416
1a,stem_right,decision_latency_mean,cbf_aux,soft_hjb_aux,nan,nan,False,n/a,-0.6962941403878525
1b,stem_left,decision_latency_mean,cbf_aux,soft_hjb_aux,nan,nan,False,n/a,-2.2283636536319333
1b,stem_right,decision_latency_mean,cbf_aux,soft_hjb_aux,nan,nan,False,n/a,0.44383663674553864
2,stem_left,decision_latency_mean,cbf_aux,soft_hjb_aux,nan,nan,False,n/a,-0.3243150462991536
2,stem_right,decision_latency_mean,cbf_aux,soft_hjb_aux,nan,nan,False,n/a,-0.9244580507380298
2_dense,right_left,decision_latency_mean,cbf_aux,soft_hjb_aux,nan,nan,False,n/a,0.507478121765322
3,left_right,decision_latency_mean,cbf_aux,soft_hjb_aux,nan,nan,False,n/a,0.9439752410666115
3,right_left,decision_latency_mean,cbf_aux,soft_hjb_aux,nan,nan,False,n/a,-0.3425997053241473
4,stem_left,decision_latency_mean,cbf_aux,soft_hjb_aux,nan,nan,False,n/a,-0.6451513146386963
4,stem_right,decision_latency_mean,cbf_aux,soft_hjb_aux,nan,nan,False,n/a,-0.5947224122780466
1a,right_stem,decision_latency_mean,cbf_aux,eikonal_aux,nan,nan,False,n/a,-0.29251308065375536
1a,stem_left,decision_latency_mean,cbf_aux,eikonal_aux,nan,nan,False,n/a,-0.803091524544377
1a,stem_right,decision_latency_mean,cbf_aux,eikonal_aux,nan,nan,False,n/a,-0.733601509398331
1b,stem_left,decision_latency_mean,cbf_aux,eikonal_aux,nan,nan,False,n/a,-1.1734898891250598
1b,stem_right,decision_latency_mean,cbf_aux,eikonal_aux,nan,nan,False,n/a,0.03744801121069395
2,stem_left,decision_latency_mean,cbf_aux,eikonal_aux,nan,nan,False,n/a,-0.560358610383202
2,stem_right,decision_latency_mean,cbf_aux,eikonal_aux,nan,nan,False,n/a,-0.9097858343427809
2_dense,right_left,decision_latency_mean,cbf_aux,eikonal_aux,nan,nan,False,n/a,0.7918179920215895
3,left_right,decision_latency_mean,cbf_aux,eikonal_aux,nan,nan,False,n/a,0.8260939298447403
3,right_left,decision_latency_mean,cbf_aux,eikonal_aux,nan,nan,False,n/a,0.39997404861716224
4,stem_left,decision_latency_mean,cbf_aux,eikonal_aux,nan,nan,False,n/a,-0.6765485317262621
4,stem_right,decision_latency_mean,cbf_aux,eikonal_aux,nan,nan,False,n/a,-0.1075786938198027
1a,right_stem,decision_latency_mean,cbf_aux,fusion_aux,nan,nan,False,n/a,0.1188143980402335
1a,stem_left,decision_latency_mean,cbf_aux,fusion_aux,nan,nan,False,n/a,-1.378554336219302
1a,stem_right,decision_latency_mean,cbf_aux,fusion_aux,nan,nan,False,n/a,-0.7953270600283814
1b,stem_left,decision_latency_mean,cbf_aux,fusion_aux,nan,nan,False,n/a,-1.6786861723288011
1b,stem_right,decision_latency_mean,cbf_aux,fusion_aux,nan,nan,False,n/a,0.3862329731633303
2,stem_left,decision_latency_mean,cbf_aux,fusion_aux,nan,nan,False,n/a,-0.9446054171827545
2,stem_right,decision_latency_mean,cbf_aux,fusion_aux,nan,nan,False,n/a,0.12789896288310396
2_dense,right_left,decision_latency_mean,cbf_aux,fusion_aux,nan,nan,False,n/a,0.5492147516512496
3,left_right,decision_latency_mean,cbf_aux,fusion_aux,nan,nan,False,n/a,0.9430817822856429
3,right_left,decision_latency_mean,cbf_aux,fusion_aux,nan,nan,False,n/a,0.2590254632685291
4,stem_left,decision_latency_mean,cbf_aux,fusion_aux,nan,nan,False,n/a,-0.7231648355999772
4,stem_right,decision_latency_mean,cbf_aux,fusion_aux,nan,nan,False,n/a,-0.4269892415722131
1a,right_stem,decision_latency_mean,cbf_aux,rule_based,nan,nan,False,n/a,-11.88633135171888
1a,stem_left,decision_latency_mean,cbf_aux,rule_based,nan,nan,False,n/a,0.05730162886704284
1a,stem_right,decision_latency_mean,cbf_aux,rule_based,nan,nan,False,n/a,-3.198787548313688
1b,stem_left,decision_latency_mean,cbf_aux,rule_based,nan,nan,False,n/a,1.0162274226302763
1b,stem_right,decision_latency_mean,cbf_aux,rule_based,nan,nan,False,n/a,1.6696003507564516
2,stem_left,decision_latency_mean,cbf_aux,rule_based,nan,nan,False,n/a,0.9704840482781864
2,stem_right,decision_latency_mean,cbf_aux,rule_based,nan,nan,False,n/a,2.3568379775435755
2_dense,right_left,decision_latency_mean,cbf_aux,rule_based,nan,nan,False,n/a,1.202116344321491
3,left_right,decision_latency_mean,cbf_aux,rule_based,nan,nan,False,n/a,2.5160016133558165
3,right_left,decision_latency_mean,cbf_aux,rule_based,nan,nan,False,n/a,0.9516324669588392
4,stem_left,decision_latency_mean,cbf_aux,rule_based,nan,nan,False,n/a,0.5471923931078003
4,stem_right,decision_latency_mean,cbf_aux,rule_based,nan,nan,False,n/a,1.0929637224762685
1a,right_stem,decision_latency_mean,rule_based,hjb_aux,nan,nan,False,n/a,10.873830766105362
1a,stem_left,decision_latency_mean,rule_based,hjb_aux,nan,nan,False,n/a,-0.2530642490387423
1a,stem_right,decision_latency_mean,rule_based,hjb_aux,nan,nan,False,n/a,3.200305091633076
1b,stem_left,decision_latency_mean,rule_based,hjb_aux,nan,nan,False,n/a,-0.9063320350997551
1b,stem_right,decision_latency_mean,rule_based,hjb_aux,nan,nan,False,n/a,-1.799074590810874
2,stem_left,decision_latency_mean,rule_based,hjb_aux,nan,nan,False,n/a,-0.9471609146892341
2,stem_right,decision_latency_mean,rule_based,hjb_aux,nan,nan,False,n/a,-2.191790581183872
2_dense,right_left,decision_latency_mean,rule_based,hjb_aux,nan,nan,False,n/a,-2.099640936453894
3,left_right,decision_latency_mean,rule_based,hjb_aux,nan,nan,False,n/a,-3.270512462027714
3,right_left,decision_latency_mean,rule_based,hjb_aux,nan,nan,False,n/a,-0.6040659006056213
4,stem_left,decision_latency_mean,rule_based,hjb_aux,nan,nan,False,n/a,-0.8535396378730955
4,stem_right,decision_latency_mean,rule_based,hjb_aux,nan,nan,False,n/a,-2.246064620183611
1a,right_stem,decision_latency_mean,rule_based,soft_hjb_aux,nan,nan,False,n/a,14.147165528800006
1a,stem_left,decision_latency_mean,rule_based,soft_hjb_aux,nan,nan,False,n/a,-0.7972642646875805
1a,stem_right,decision_latency_mean,rule_based,soft_hjb_aux,nan,nan,False,n/a,3.170324240851712
1b,stem_left,decision_latency_mean,rule_based,soft_hjb_aux,nan,nan,False,n/a,-3.128470673285437
1b,stem_right,decision_latency_mean,rule_based,soft_hjb_aux,nan,nan,False,n/a,-2.464956932052095
2,stem_left,decision_latency_mean,rule_based,soft_hjb_aux,nan,nan,False,n/a,-3.0705866407742017
2,stem_right,decision_latency_mean,rule_based,soft_hjb_aux,nan,nan,False,n/a,-3.299004669236012
2_dense,right_left,decision_latency_mean,rule_based,soft_hjb_aux,nan,nan,False,n/a,-2.019143263611037
3,left_right,decision_latency_mean,rule_based,soft_hjb_aux,nan,nan,False,n/a,-4.518331875818056
3,right_left,decision_latency_mean,rule_based,soft_hjb_aux,nan,nan,False,n/a,-2.8590085377892236
4,stem_left,decision_latency_mean,rule_based,soft_hjb_aux,nan,nan,False,n/a,-2.3232417947798436
4,stem_right,decision_latency_mean,rule_based,soft_hjb_aux,nan,nan,False,n/a,-2.5846853155824587
1a,right_stem,decision_latency_mean,rule_based,eikonal_aux,nan,nan,False,n/a,7.726814158301872
1a,stem_left,decision_latency_mean,rule_based,eikonal_aux,nan,nan,False,n/a,-0.7428264906923769
1a,stem_right,decision_latency_mean,rule_based,eikonal_aux,nan,nan,False,n/a,2.445701649551299
1b,stem_left,decision_latency_mean,rule_based,eikonal_aux,nan,nan,False,n/a,-1.9210978296647443
1b,stem_right,decision_latency_mean,rule_based,eikonal_aux,nan,nan,False,n/a,-1.773173700324803
2,stem_left,decision_latency_mean,rule_based,eikonal_aux,nan,nan,False,n/a,-2.1042969257538378
2,stem_right,decision_latency_mean,rule_based,eikonal_aux,nan,nan,False,n/a,-1.9004763157485183
2_dense,right_left,decision_latency_mean,rule_based,eikonal_aux,nan,nan,False,n/a,-2.0575824683483503
3,left_right,decision_latency_mean,rule_based,eikonal_aux,nan,nan,False,n/a,-2.0946132182926465
3,right_left,decision_latency_mean,rule_based,eikonal_aux,nan,nan,False,n/a,-1.7312661008925772
4,stem_left,decision_latency_mean,rule_based,eikonal_aux,nan,nan,False,n/a,-1.9040281087257904
4,stem_right,decision_latency_mean,rule_based,eikonal_aux,nan,nan,False,n/a,-2.292050432467117
1a,right_stem,decision_latency_mean,rule_based,fusion_aux,nan,nan,False,n/a,12.108686283355455
1a,stem_left,decision_latency_mean,rule_based,fusion_aux,nan,nan,False,n/a,-0.9503496471162642
1a,stem_right,decision_latency_mean,rule_based,fusion_aux,nan,nan,False,n/a,1.7295705724244865
1b,stem_left,decision_latency_mean,rule_based,fusion_aux,nan,nan,False,n/a,-1.9670771230654136
1b,stem_right,decision_latency_mean,rule_based,fusion_aux,nan,nan,False,n/a,-2.585071303149925
2,stem_left,decision_latency_mean,rule_based,fusion_aux,nan,nan,False,n/a,-2.7921374106610033
2,stem_right,decision_latency_mean,rule_based,fusion_aux,nan,nan,False,n/a,-1.5766530409357964
2_dense,right_left,decision_latency_mean,rule_based,fusion_aux,nan,nan,False,n/a,-1.5558663582158314
3,left_right,decision_latency_mean,rule_based,fusion_aux,nan,nan,False,n/a,-3.559031033238592
3,right_left,decision_latency_mean,rule_based,fusion_aux,nan,nan,False,n/a,-1.9403697920027512
4,stem_left,decision_latency_mean,rule_based,fusion_aux,nan,nan,False,n/a,-2.868301870410347
4,stem_right,decision_latency_mean,rule_based,fusion_aux,nan,nan,False,n/a,-2.3108178764368423
1a,right_stem,decision_latency_mean,rule_based,cbf_aux,nan,nan,False,n/a,11.88633135171888
1a,stem_left,decision_latency_mean,rule_based,cbf_aux,nan,nan,False,n/a,-0.05730162886704284
1a,stem_right,decision_latency_mean,rule_based,cbf_aux,nan,nan,False,n/a,3.198787548313688
1b,stem_left,decision_latency_mean,rule_based,cbf_aux,nan,nan,False,n/a,-1.0162274226302763
1b,stem_right,decision_latency_mean,rule_based,cbf_aux,nan,nan,False,n/a,-1.6696003507564516
2,stem_left,decision_latency_mean,rule_based,cbf_aux,nan,nan,False,n/a,-0.9704840482781864
2,stem_right,decision_latency_mean,rule_based,cbf_aux,nan,nan,False,n/a,-2.3568379775435755
2_dense,right_left,decision_latency_mean,rule_based,cbf_aux,nan,nan,False,n/a,-1.202116344321491
3,left_right,decision_latency_mean,rule_based,cbf_aux,nan,nan,False,n/a,-2.5160016133558165
3,right_left,decision_latency_mean,rule_based,cbf_aux,nan,nan,False,n/a,-0.9516324669588392
4,stem_left,decision_latency_mean,rule_based,cbf_aux,nan,nan,False,n/a,-0.5471923931078003
4,stem_right,decision_latency_mean,rule_based,cbf_aux,nan,nan,False,n/a,-1.0929637224762685
