method,scenario,maneuver,seed,machine,intent,n_iters,window_iters,residual_early,residual_late,residual_ratio,distill_early,distill_late
cbf_aux,1a,right_stem,42,cmu1_p2,True,98,10,0.01943773,0.00687659,0.353775,150.57327985,87.6067421
cbf_aux,1a,right_stem,42,cmu1_p2,False,98,10,0.03746334,0.05277333,1.408666,11.88619013,73.84392242
cbf_aux,1a,right_stem,123,cmu1_p2,True,98,10,0.13539291,0.02087686,0.154195,3.96362493,30.43823109
cbf_aux,1a,right_stem,123,cmu1_p2,False,98,10,0.05546045,0.00276309,0.049821,112.52322603,141.94135971
cbf_aux,1a,right_stem,456,cmu1_p2,True,98,10,0.03652072,0.02035483,0.55735,26.91668016,98.75807114
cbf_aux,1a,right_stem,456,cmu1_p2,False,98,10,0.00245303,0.09640221,39.299264,23.44156503,148.83947258
cbf_aux,1a,right_stem,789,cmu1_p2,True,98,10,0.01013457,19.88628488,1962.223374,41.3719742,84.66679382
cbf_aux,1a,right_stem,789,cmu1_p2,False,98,10,0.02135065,0.07725682,3.618476,110.84365058,92.13885651
cbf_aux,1a,right_stem,999,cmu1_p2,True,98,10,0.01932129,0.06352798,3.287978,2.22212037,75.32849197
cbf_aux,1a,right_stem,999,cmu1_p2,False,98,10,0.02391388,0.17208513,7.196035,121.39813649,107.7811142
cbf_aux,1a,right_stem,1111,cmu1_p2,True,98,10,0.06327207,0.06608094,1.044394,65.89918595,83.48432159
cbf_aux,1a,right_stem,1111,cmu1_p2,False,98,10,0.01100919,0.04320894,3.924808,39.15335863,82.5920599
cbf_aux,1a,right_stem,2222,cmu1_p2,True,98,10,0.21222823,0.10253024,0.483113,5.93431686,103.28389988
cbf_aux,1a,right_stem,2222,cmu1_p2,False,98,10,0.03555743,49.52315063,1392.765061,98.61172177,82.43908615
cbf_aux,1a,right_stem,3333,cmu1_p2,True,98,10,0.01574242,0.0,0.0,0.74963769,21.48466034
cbf_aux,1a,right_stem,3333,cmu1_p2,False,98,10,0.01638117,0.00406522,0.248164,27.11151495,90.81556053
cbf_aux,1a,right_stem,4444,cmu1_p2,True,98,10,5.69187975,0.12421654,0.021823,135.95683484,85.62478294
cbf_aux,1a,right_stem,4444,cmu1_p2,False,98,10,0.17307759,0.0945463,0.546265,76.44817681,64.6321413
cbf_aux,1a,right_stem,5555,cmu1_p2,True,98,10,0.04338671,0.0,0.0,3.42564169,57.78943195
cbf_aux,1a,right_stem,5555,cmu1_p2,False,98,10,0.06487433,0.04889825,0.753738,7.09395807,114.41486397
cbf_aux,1a,stem_left,42,cmu1_p2,True,98,10,0.10039641,0.2437061,2.427439,281.24394062,94.4821125
cbf_aux,1a,stem_left,42,cmu1_p2,False,98,10,0.19676698,0.28360849,1.441342,4.52756446,215.66139832
cbf_aux,1a,stem_left,123,cmu1_p2,True,98,10,0.00012389,0.02311114,186.540451,5.21057685,101.39751816
cbf_aux,1a,stem_left,123,cmu1_p2,False,98,10,0.01688653,0.01348711,0.798691,83.92864714,85.73685684
cbf_aux,1a,stem_left,456,cmu1_p2,True,98,10,0.02585692,0.02965357,1.146833,19.35348979,103.11462097
cbf_aux,1a,stem_left,456,cmu1_p2,False,98,10,0.06770985,0.05330874,0.787311,29.75788062,115.04987793
cbf_aux,1a,stem_left,789,cmu1_p2,True,98,10,0.01026746,0.00944822,0.92021,48.76228758,85.34655952
cbf_aux,1a,stem_left,789,cmu1_p2,False,98,10,0.04612044,0.08004591,1.735584,225.49071124,128.66481018
cbf_aux,1a,stem_left,999,cmu1_p2,True,98,10,0.00947061,0.29155275,30.785004,15.17352058,108.79767075
cbf_aux,1a,stem_left,999,cmu1_p2,False,98,10,0.0076104,0.01279673,1.681479,38.02863176,66.19808807
cbf_aux,1a,stem_left,1111,cmu1_p2,True,98,10,0.13207872,28.00439676,212.028069,78.63741589,125.00395927
cbf_aux,1a,stem_left,1111,cmu1_p2,False,98,10,0.08190393,0.19457103,2.375601,59.46336446,175.7447052
cbf_aux,1a,stem_left,2222,cmu1_p2,True,98,10,0.00541813,0.0092195,1.7016,23.68207542,78.31570549
cbf_aux,1a,stem_left,2222,cmu1_p2,False,98,10,0.02143596,0.00143244,0.066824,146.2834232,59.32396355
cbf_aux,1a,stem_left,3333,cmu1_p2,True,98,10,0.0,0.40877326,,0.56545494,103.19799595
cbf_aux,1a,stem_left,3333,cmu1_p2,False,98,10,0.20640371,0.04157153,0.201409,41.56941432,70.30434532
cbf_aux,1a,stem_left,4444,cmu1_p2,True,98,10,0.0109532,0.04003989,3.655543,86.70524591,85.71086044
cbf_aux,1a,stem_left,4444,cmu1_p2,False,98,10,0.18366183,0.12067324,0.65704,121.3509002,146.69396935
cbf_aux,1a,stem_left,5555,cmu1_p2,True,98,10,0.21727071,0.03945309,0.181585,2.39149221,103.27257614
cbf_aux,1a,stem_left,5555,cmu1_p2,False,98,10,0.00877721,0.49797539,56.735066,3.09459835,103.65770397
cbf_aux,1a,stem_right,42,cmu1_p2,True,98,10,0.04380862,0.0,0.0,204.82720883,87.97865429
cbf_aux,1a,stem_right,42,cmu1_p2,False,98,10,0.33302382,0.00056554,0.001698,11.50688704,63.41415291
cbf_aux,1a,stem_right,123,cmu1_p2,True,98,10,0.02519625,0.00043249,0.017165,1.32313318,82.14320335
cbf_aux,1a,stem_right,123,cmu1_p2,False,98,10,3.56958208,0.02899971,0.008124,42.53690925,49.52429314
cbf_aux,1a,stem_right,456,cmu1_p2,True,98,10,0.09862084,0.11189226,1.13457,117.70179449,84.85281887
cbf_aux,1a,stem_right,456,cmu1_p2,False,98,10,0.00565377,0.00935352,1.654386,17.56424046,92.29015579
cbf_aux,1a,stem_right,789,cmu1_p2,True,98,10,0.02095944,0.47019229,22.433442,36.26198894,80.95498543
cbf_aux,1a,stem_right,789,cmu1_p2,False,98,10,0.30704139,0.01829348,0.05958,221.29648274,72.46293449
cbf_aux,1a,stem_right,999,cmu1_p2,True,98,10,0.00572395,0.29251369,51.103437,19.09553333,111.25402565
cbf_aux,1a,stem_right,999,cmu1_p2,False,98,10,0.05396617,0.00691749,0.128182,171.52485226,73.97308769
cbf_aux,1a,stem_right,1111,cmu1_p2,True,98,10,0.01911474,0.0,0.0,93.40330949,80.59470272
cbf_aux,1a,stem_right,1111,cmu1_p2,False,98,10,0.04204788,0.07224033,1.718049,12.65009822,35.04379311
cbf_aux,1a,stem_right,2222,cmu1_p2,True,98,10,0.00444454,0.01277054,2.873307,2.83468149,72.772369
cbf_aux,1a,stem_right,2222,cmu1_p2,False,98,10,1.44152386,0.0,0.0,143.29418739,296.69629288
cbf_aux,1a,stem_right,3333,cmu1_p2,False,98,10,0.16291843,0.1374959,0.843955,23.48381862,138.11912422
cbf_aux,1a,stem_right,4444,cmu1_p2,True,98,10,0.00890573,0.22933957,25.751921,133.74863105,67.71105938
cbf_aux,1a,stem_right,4444,cmu1_p2,False,98,10,0.71526734,0.00036781,0.000514,52.11584939,60.38450718
cbf_aux,1a,stem_right,5555,cmu1_p2,True,98,10,0.00239368,0.01471969,6.149393,2.26054058,94.63811569
cbf_aux,1a,stem_right,5555,cmu1_p2,False,98,10,0.07636383,0.00747122,0.097837,65.95280184,90.10523224
cbf_aux,1b,stem_left,42,cmu2_p2,False,98,10,0.19960326,0.0,0.0,14.43571108,1.98334514
cbf_aux,1b,stem_left,123,cmu2_p2,True,25,2,0.23632036,0.10922502,0.46219,33.61146259,20.24722099
cbf_aux,1b,stem_left,123,cmu2_p2,False,98,10,0.46399261,0.0,0.0,67.3130566,2.40705572
cbf_aux,1b,stem_left,456,cmu2_p2,False,98,10,0.11823059,0.07358352,0.622373,7.61043894,42.28415146
cbf_aux,1b,stem_left,789,cmu2_p2,False,98,10,0.25113117,0.0,0.0,78.21875721,13.34010164
cbf_aux,1b,stem_left,999,babel-x5-28,True,25,2,0.27475974,0.0,0.0,58.30618477,38.14509201
cbf_aux,1b,stem_left,999,cmu2_p2,False,98,10,0.14078918,0.0,0.0,14.70863077,4.02098548
cbf_aux,1b,stem_left,1111,cmu2_p2,True,25,2,0.10581271,0.0,0.0,31.84612465,22.50370121
cbf_aux,1b,stem_left,1111,cmu2_p2,False,98,10,0.19708163,0.21793502,1.105811,10.10294865,41.29624062
cbf_aux,1b,stem_left,2222,cmu2_p2,False,98,10,1.22169912,0.0,0.0,36.4573818,2.35663029
cbf_aux,1b,stem_left,3333,cmu2_p2,True,25,2,0.07417365,0.08817085,1.188709,36.43021393,34.68687534
cbf_aux,1b,stem_left,3333,cmu2_p2,False,98,10,0.13451198,0.0,0.0,11.82782025,3.26141555
cbf_aux,1b,stem_left,4444,cmu2_p2,False,98,10,0.28548777,0.0,0.0,15.36451695,2.60268165
cbf_aux,1b,stem_left,5555,babel-s9-32,True,25,2,0.06125133,0.02515307,0.410653,23.35137653,27.79438114
cbf_aux,1b,stem_left,5555,cmu2_p2,False,98,10,0.07119738,0.04676251,0.656801,25.27998876,9.06166413
cbf_aux,1b,stem_right,42,cmu2_p2,True,25,2,0.00513859,0.31678198,61.647669,49.37982178,49.75536919
cbf_aux,1b,stem_right,42,cmu2_p2,False,98,10,0.12627741,0.0721623,0.571459,10.62480461,34.33038692
cbf_aux,1b,stem_right,123,cmu2_p2,True,25,2,0.01589415,0.01623582,1.021496,23.67611313,33.41368484
cbf_aux,1b,stem_right,123,cmu2_p2,False,98,10,0.06639206,0.28796421,4.337329,76.01684104,34.25611324
cbf_aux,1b,stem_right,456,cmu2_p2,True,25,2,0.0,0.0725878,,22.77153206,28.46836662
cbf_aux,1b,stem_right,456,cmu2_p2,False,98,10,0.19432614,4.07875344,20.989217,7.23736429,34.93736658
cbf_aux,1b,stem_right,789,cmu2_p2,True,25,2,0.13538289,0.14959884,1.105005,23.99421406,19.31191301
cbf_aux,1b,stem_right,789,cmu2_p2,False,98,10,0.56311308,0.32790245,0.582303,35.83918675,34.16508923
cbf_aux,1b,stem_right,999,cmu2_p2,True,25,2,0.16037386,0.338107,2.108243,23.51141834,20.00712395
cbf_aux,1b,stem_right,999,cmu2_p2,False,98,10,0.12801929,0.12409612,0.969355,11.02093758,42.99935532
cbf_aux,1b,stem_right,1111,cmu2_p2,True,25,2,0.0,0.16583592,,43.47984314,40.59052181
cbf_aux,1b,stem_right,1111,cmu2_p2,False,98,10,0.30174743,0.11419749,0.378454,8.51790601,28.13430319
cbf_aux,1b,stem_right,2222,babel-x5-28,True,25,2,0.12053639,0.11813423,0.980071,36.1384697,38.2543993
cbf_aux,1b,stem_right,2222,cmu2_p2,False,98,10,0.24889069,0.34185818,1.373527,18.46814311,24.64344244
cbf_aux,1b,stem_right,3333,babel-x5-28,True,25,2,0.04332493,0.32810789,7.57319,32.40664959,27.2969389
cbf_aux,1b,stem_right,3333,cmu2_p2,False,98,10,0.29188818,0.16515328,0.56581,19.51784994,33.7390399
cbf_aux,1b,stem_right,4444,cmu2_p2,True,25,2,0.18071139,0.06058179,0.335241,49.62966347,31.78777885
cbf_aux,1b,stem_right,4444,cmu2_p2,False,98,10,0.17197874,0.14646763,0.851661,19.83412445,28.87037525
cbf_aux,1b,stem_right,5555,babel-x5-28,True,25,2,0.59027837,0.08541758,0.144707,39.66019058,30.91642666
cbf_aux,1b,stem_right,5555,cmu2_p2,False,98,10,0.10640712,0.36740413,3.452815,17.97360125,13.00206664
cbf_aux,2,stem_left,42,babel-x5-28,True,25,2,0.11697489,0.00310023,0.026503,53.84510612,67.2443676
cbf_aux,2,stem_left,42,cmu2_p2,False,98,10,0.02551241,0.01604629,0.62896,13.22881913,28.82767849
cbf_aux,2,stem_left,123,babel-x5-28,True,25,2,0.0,0.18792068,,16.14309168,12.8772645
cbf_aux,2,stem_left,123,cmu2_p2,False,98,10,0.30295081,0.0,0.0,25.31778722,85.19023895
cbf_aux,2,stem_left,456,cmu2_p2,True,98,10,0.1354226,0.07935058,0.585948,17.67664573,77.16483803
cbf_aux,2,stem_left,456,cmu2_p2,False,98,10,0.04750193,0.10886931,2.291892,10.89620658,21.91869364
cbf_aux,2,stem_left,789,cmu2_p2,True,98,10,0.06699962,0.0,0.0,36.29033638,74.23343773
cbf_aux,2,stem_left,789,cmu2_p2,False,98,10,0.16038657,0.00196473,0.01225,12.85077268,87.80692635
cbf_aux,2,stem_left,999,cmu2_p2,True,98,10,0.11052235,0.0,0.0,15.6014832,70.2613678
cbf_aux,2,stem_left,999,cmu2_p2,False,98,10,0.06570013,0.08481613,1.290958,8.66667714,16.58679991
cbf_aux,2,stem_left,1111,cmu2_p2,True,49,5,0.0,0.05336679,,84.36623459,80.51458054
cbf_aux,2,stem_left,1111,cmu2_p2,False,98,10,0.02817669,0.0,0.0,8.62525694,74.86744652
cbf_aux,2,stem_left,2222,cmu2_p2,True,98,10,0.04754605,0.08075252,1.698406,6.87986194,80.20355263
cbf_aux,2,stem_left,2222,cmu2_p2,False,98,10,2.22223902,0.0,0.0,30.83698084,75.73928108
cbf_aux,2,stem_left,3333,cmu2_p2,True,49,5,0.04800704,0.01831264,0.381457,17.78509598,48.41728477
cbf_aux,2,stem_left,3333,cmu2_p2,False,98,10,0.03193796,0.030362,0.950655,34.58837294,92.34893074
cbf_aux,2,stem_left,4444,cmu2_p2,True,98,10,0.11798871,0.0,0.0,45.28104376,70.93507271
cbf_aux,2,stem_left,4444,cmu2_p2,False,98,10,0.26749963,0.0,0.0,35.17166564,77.56820145
cbf_aux,2,stem_left,5555,cmu2_p2,True,49,5,0.0,0.0087744,,91.30742874,73.26051102
cbf_aux,2,stem_left,5555,cmu2_p2,False,98,10,0.02580564,0.0,0.0,29.19916628,80.39145584
cbf_aux,2,stem_right,42,cmu3_p2,True,25,2,0.00017545,0.0,0.0,83.41083145,35.84046364
cbf_aux,2,stem_right,42,cmu3_p2,False,98,10,0.07594203,0.09385747,1.235909,20.1283425,52.20585804
cbf_aux,2,stem_right,123,cmu3_p2,True,98,10,0.28512283,0.0625442,0.219359,11.43020114,35.74996166
cbf_aux,2,stem_right,123,cmu3_p2,False,98,10,0.30916641,0.1510596,0.488603,35.77590427,43.58659239
cbf_aux,2,stem_right,456,cmu3_p2,True,25,2,0.0,0.03168874,,36.77275276,57.38334274
cbf_aux,2,stem_right,456,cmu3_p2,False,98,10,0.16345887,0.08283338,0.506754,16.66377714,74.36772327
cbf_aux,2,stem_right,789,cmu3_p2,True,98,10,0.11527188,0.08520145,0.739135,18.50344707,28.23908195
cbf_aux,2,stem_right,789,cmu3_p2,False,98,10,0.15101775,0.03981578,0.26365,73.83051727,58.40094929
cbf_aux,2,stem_right,999,cmu3_p2,True,25,2,0.09101191,0.0,0.0,60.82434464,26.84396458
cbf_aux,2,stem_right,999,cmu3_p2,False,98,10,0.03931589,0.0860132,2.187747,10.88489497,39.81038036
cbf_aux,2,stem_right,1111,cmu3_p2,True,98,10,0.29151187,0.13367523,0.458558,15.67297037,53.93864441
cbf_aux,2,stem_right,1111,cmu3_p2,False,98,10,0.07274084,0.13435292,1.847008,34.54583607,58.85642509
cbf_aux,2,stem_right,2222,cmu3_p2,False,98,10,0.10509556,0.06108059,0.581191,10.67686749,48.89679222
cbf_aux,2,stem_right,3333,cmu3_p2,True,25,2,0.10732955,0.03121328,0.290817,34.7267189,30.37096214
cbf_aux,2,stem_right,3333,cmu3_p2,False,98,10,0.03367925,0.10045172,2.9826,12.82761745,64.2571722
cbf_aux,2,stem_right,4444,cmu3_p2,True,98,10,0.1210432,0.02055715,0.169833,41.60094937,39.51722698
cbf_aux,2,stem_right,4444,cmu3_p2,False,98,10,0.06254712,0.08111767,1.296905,27.22425339,54.61302414
cbf_aux,2,stem_right,5555,cmu3_p2,True,25,2,0.26739623,0.13024116,0.487072,30.85881138,19.52564621
cbf_aux,2,stem_right,5555,cmu3_p2,False,98,10,0.10764198,0.00953655,0.088595,10.7856208,53.61124535
cbf_aux,2_dense,right_left,42,babel-o9-16,True,98,10,0.12840696,0.01991318,0.155079,7.94431478,22.25058975
cbf_aux,2_dense,right_left,42,cmu3_p2,False,98,10,0.10290759,0.02094489,0.203531,4.77790047,14.72345486
cbf_aux,2_dense,right_left,123,cmu3_p2,True,49,5,0.05230254,0.0,0.0,26.86691093,31.83333206
cbf_aux,2_dense,right_left,123,cmu3_p2,False,98,10,0.22477434,0.0227019,0.100999,20.70035918,148.62006073
cbf_aux,2_dense,right_left,456,cmu3_p2,True,98,10,0.20782962,0.035527,0.170943,6.18988948,21.42550964
cbf_aux,2_dense,right_left,456,cmu3_p2,False,98,10,0.13003127,0.02428039,0.186727,6.92710589,19.93988371
cbf_aux,2_dense,right_left,789,babel-o9-16,True,98,10,0.07811674,0.08819208,1.128978,6.9601275,15.77319288
cbf_aux,2_dense,right_left,789,cmu3_p2,False,98,10,0.04181114,0.18123306,4.334564,8.76172253,22.60588474
cbf_aux,2_dense,right_left,999,cmu3_p2,True,98,10,0.0121655,0.097546,8.018245,2.1448678,22.89259634
cbf_aux,2_dense,right_left,999,cmu3_p2,False,98,10,0.04650606,0.17850151,3.838242,4.02324108,23.92900934
cbf_aux,2_dense,right_left,1111,babel-o9-16,True,98,10,0.03561922,0.09401504,2.639447,3.32536688,19.30490246
cbf_aux,2_dense,right_left,1111,cmu3_p2,False,98,10,0.16917962,0.45807239,2.70761,9.99198942,168.14254913
cbf_aux,2_dense,right_left,2222,cmu3_p2,True,98,10,0.08366495,0.01215626,0.145297,4.10908172,28.4348917
cbf_aux,2_dense,right_left,2222,cmu3_p2,False,98,10,0.17426367,0.25199954,1.446082,5.25489095,19.14747286
cbf_aux,2_dense,right_left,3333,babel-o9-16,True,98,10,0.09544206,0.20973033,2.197462,2.98880597,10.90003939
cbf_aux,2_dense,right_left,3333,cmu3_p2,False,98,10,0.27864354,0.15877182,0.569803,5.18892564,44.28459091
cbf_aux,2_dense,right_left,4444,cmu3_p2,True,98,10,0.05826213,0.02443446,0.419388,4.46042258,16.38494425
cbf_aux,2_dense,right_left,4444,cmu3_p2,False,98,10,0.09428988,0.0,0.0,6.5354694,38.22341051
cbf_aux,2_dense,right_left,5555,cmu3_p2,True,98,10,0.02565927,0.00585668,0.228248,1.29201175,25.73916092
cbf_aux,2_dense,right_left,5555,cmu3_p2,False,98,10,0.08289438,0.10088039,1.216975,3.26231338,11.16470327
cbf_aux,3,left_right,42,babel-o9-16,True,98,10,0.34554852,0.09025607,0.261197,21.55424323,12.0434556
cbf_aux,3,left_right,42,cmu3_p2,False,98,10,0.12103985,0.03812297,0.314962,9.35234956,10.96465168
cbf_aux,3,left_right,123,babel-o9-16,True,98,10,0.11085596,0.06832954,0.616381,9.55647083,21.50688953
cbf_aux,3,left_right,123,cmu3_p2,False,98,10,0.79530811,0.01480951,0.018621,34.23572817,14.81230316
cbf_aux,3,left_right,456,cmu3_p2,True,98,10,0.4945865,0.00066445,0.001343,13.8495979,16.10873117
cbf_aux,3,left_right,456,cmu3_p2,False,98,10,0.0999935,0.05398684,0.539903,16.67222124,13.04145536
cbf_aux,3,left_right,789,cmu3_p2,True,98,10,0.14220023,0.09539457,0.670847,16.13596026,14.92834649
cbf_aux,3,left_right,789,cmu3_p2,False,98,10,0.4322638,0.10804953,0.249962,27.77767807,16.52156081
cbf_aux,3,left_right,999,cmu3_p2,True,98,10,0.09920568,0.1476103,1.487922,21.47807572,15.00478373
cbf_aux,3,left_right,999,cmu3_p2,False,98,10,0.25519462,0.03263992,0.127902,16.99495608,10.31997366
cbf_aux,3,left_right,1111,cmu3_p2,True,98,10,0.17044884,0.2214504,1.299219,16.0274582,18.79004049
cbf_aux,3,left_right,1111,cmu3_p2,False,98,10,0.34550492,0.06237947,0.180546,31.50375185,15.29136992
cbf_aux,3,left_right,2222,cmu3_p2,True,98,10,0.02355003,0.03471677,1.474171,6.68467197,15.45824432
cbf_aux,3,left_right,2222,cmu3_p2,False,98,10,0.10009703,0.08003264,0.799551,16.59163154,11.56476531
cbf_aux,3,left_right,3333,babel-o9-16,True,98,10,0.12600097,0.08885358,0.705182,7.09004158,10.57508368
cbf_aux,3,left_right,3333,cmu3_p2,False,98,10,0.16164833,0.22440155,1.388208,15.12334061,17.81477308
cbf_aux,3,left_right,4444,cmu3_p2,True,98,10,0.12505299,0.05399993,0.431816,20.15458914,10.69550805
cbf_aux,3,left_right,4444,cmu3_p2,False,98,10,0.530757,0.05854924,0.110313,27.79593115,19.97757454
cbf_aux,3,left_right,5555,cmu3_p2,True,98,10,0.23368717,0.0577877,0.247287,11.11916977,10.03263054
cbf_aux,3,left_right,5555,cmu3_p2,False,98,10,0.53745975,0.08440588,0.157046,16.29783677,12.47669907
cbf_aux,3,right_left,42,cmu4_p2,True,25,2,0.0539313,0.0,0.0,83.19956779,62.15383911
cbf_aux,3,right_left,42,cmu4_p2,False,98,10,0.03319941,0.01439474,0.433584,1.1255162,37.96984921
cbf_aux,3,right_left,123,babel-w9-32,True,25,2,0.06746853,0.0,0.0,19.65267372,22.07146931
cbf_aux,3,right_left,123,cmu4_p2,False,98,10,0.29500036,0.15711732,0.5326,58.8376353,92.29110756
cbf_aux,3,right_left,456,babel-w9-32,True,25,2,0.00837863,0.0,0.0,28.05077648,43.13666153
cbf_aux,3,right_left,456,cmu4_p2,False,98,10,0.07507993,0.41010937,5.462304,9.24119492,23.8244585
cbf_aux,3,right_left,789,babel-w9-32,True,25,2,0.53852028,0.0,0.0,52.00739479,96.12911224
cbf_aux,3,right_left,789,cmu4_p2,False,98,10,0.02845565,0.12641959,4.442689,45.0592768,82.53476982
cbf_aux,3,right_left,999,babel-w9-32,True,25,2,0.01774515,0.0,0.0,23.7273531,37.31573677
cbf_aux,3,right_left,999,cmu4_p2,False,98,10,0.04119083,0.07165097,1.739488,12.66304851,49.26142197
cbf_aux,3,right_left,1111,cmu4_p2,False,98,10,0.28871381,0.01803692,0.062473,17.5236685,40.51783619
cbf_aux,3,right_left,2222,cmu4_p2,False,98,10,0.06829139,0.0,0.0,4.73004504,18.52483101
cbf_aux,3,right_left,3333,babel-w9-32,True,49,5,0.12943861,0.0,0.0,51.05438881,112.46418457
cbf_aux,3,right_left,3333,cmu4_p2,False,98,10,0.01054931,0.0,0.0,4.10620207,87.80157471
cbf_aux,3,right_left,4444,babel-w9-32,True,25,2,0.11407369,0.0,0.0,327.21868134,12.27187443
cbf_aux,3,right_left,4444,cmu4_p2,False,98,10,0.07174295,0.0,0.0,6.58555802,69.31554375
cbf_aux,3,right_left,5555,cmu4_p2,False,98,10,0.0117534,0.10225212,8.699795,3.55791864,21.19082384
cbf_aux,4,stem_left,42,babel-w9-32,True,49,5,0.0,0.05308346,,126.05140076,212.78810425
cbf_aux,4,stem_left,42,cmu4_p2,False,98,10,0.04014279,1.45000974,36.121304,6.6253479,121.83281746
cbf_aux,4,stem_left,123,babel-w9-32,True,25,2,0.5740931,0.0,0.0,132.94068146,302.00765991
cbf_aux,4,stem_left,123,cmu4_p2,False,98,10,0.19827681,0.13020589,0.656687,141.20887368,111.59813881
cbf_aux,4,stem_left,456,cmu4_p2,False,98,10,0.12801507,0.0,0.0,12.11058536,100.96090088
cbf_aux,4,stem_left,789,babel-w9-32,True,25,2,0.0,0.21825157,,210.59378052,154.54050064
cbf_aux,4,stem_left,789,cmu4_p2,False,98,10,0.05925925,0.0,0.0,42.14080231,105.72644958
cbf_aux,4,stem_left,999,cmu4_p2,True,98,10,0.05958391,0.04406233,0.739501,8.53231094,34.2692028
cbf_aux,4,stem_left,999,cmu4_p2,False,98,10,0.15347009,0.0,0.0,28.33924556,266.3807724
cbf_aux,4,stem_left,1111,cmu4_p2,False,98,10,0.10530669,0.13193589,1.252873,17.96781785,139.60322189
cbf_aux,4,stem_left,2222,cmu4_p2,False,98,10,0.04855459,0.06818491,1.404294,7.34705727,134.70195084
cbf_aux,4,stem_left,3333,cmu4_p2,False,98,10,0.18501898,0.06818205,0.368514,30.06186239,151.95604248
cbf_aux,4,stem_left,4444,babel-w9-32,True,49,5,0.3242631,0.0,0.0,123.77422638,160.68207245
cbf_aux,4,stem_left,4444,cmu4_p2,False,98,10,0.10613862,0.0,0.0,16.77757866,136.27934418
cbf_aux,4,stem_left,5555,cmu4_p2,False,98,10,0.03876672,0.0873409,2.252986,10.24830474,35.56200562
cbf_aux,4,stem_right,42,cmu4_p2,False,98,10,0.11990531,0.08868596,0.739633,14.7839878,85.26159744
cbf_aux,4,stem_right,123,babel-w9-32,True,49,5,0.04178957,0.16508947,3.950495,113.68014832,70.86122818
cbf_aux,4,stem_right,123,cmu4_p2,False,98,10,0.0985304,0.20856375,2.116745,55.83292109,87.57942238
cbf_aux,4,stem_right,456,babel-w9-32,True,49,5,0.00296612,0.03614665,12.186493,43.40992355,54.10687904
cbf_aux,4,stem_right,456,cmu4_p2,False,98,10,0.02982802,0.06251611,2.095885,10.88064564,33.6292944
cbf_aux,4,stem_right,789,babel-w9-32,True,49,5,0.03579087,0.02822959,0.788737,50.99046593,38.98757629
cbf_aux,4,stem_right,789,cmu4_p2,False,98,10,0.14004461,0.0049702,0.03549,83.28117712,45.74527302
cbf_aux,4,stem_right,999,babel-w9-32,True,25,2,0.0,0.40669417,,65.82938099,61.35552597
cbf_aux,4,stem_right,999,cmu4_p2,False,98,10,0.0545931,0.06502359,1.191059,11.06697842,29.3092392
cbf_aux,4,stem_right,1111,babel-w9-32,True,25,2,0.0,0.03189118,,77.80769348,37.70673084
cbf_aux,4,stem_right,1111,cmu4_p2,False,98,10,0.08045741,0.0078069,0.097031,12.09362062,48.85303421
cbf_aux,4,stem_right,2222,babel-w9-32,True,49,5,0.00820282,0.12712034,15.49716,73.77373657,70.60238495
cbf_aux,4,stem_right,2222,cmu4_p2,False,98,10,0.10313988,0.02937003,0.284759,12.09884666,64.41347923
cbf_aux,4,stem_right,3333,babel-w9-32,True,49,5,0.06379015,0.0,0.0,26.38188705,37.21071625
cbf_aux,4,stem_right,3333,cmu4_p2,False,98,10,0.01645147,0.04705456,2.860204,12.085533,61.97264576
cbf_aux,4,stem_right,4444,babel-w9-32,True,49,5,0.04481221,0.14195539,3.167783,58.53192215,57.98829384
cbf_aux,4,stem_right,4444,cmu4_p2,False,98,10,0.12339866,0.12189702,0.987831,14.88133352,54.14335384
cbf_aux,4,stem_right,5555,cmu4_p2,True,25,2,0.05023027,0.00502486,0.100036,63.02158165,71.61427116
cbf_aux,4,stem_right,5555,cmu4_p2,False,98,10,0.0730065,0.02222013,0.304358,9.35986695,66.63410854
eikonal_aux,1a,right_stem,42,cmu1_p2,True,98,10,1.34694625,0.46696929,0.346687,0.05174972,0.07220972
eikonal_aux,1a,right_stem,42,cmu1_p2,False,98,10,1.4631912,1.63230846,1.115581,0.11127152,0.11142664
eikonal_aux,1a,right_stem,123,cmu1_p2,True,98,10,1.63085514,1.32830474,0.814484,0.11527969,0.07864566
eikonal_aux,1a,right_stem,123,cmu1_p2,False,98,10,1.23969687,0.61391408,0.495213,0.09313005,0.08431189
eikonal_aux,1a,right_stem,456,cmu1_p2,True,98,10,1.50571104,0.51982193,0.345234,0.08099186,0.09163701
eikonal_aux,1a,right_stem,456,cmu1_p2,False,98,10,1.25575902,0.83344577,0.663699,0.06637539,0.07450491
eikonal_aux,1a,right_stem,789,cmu1_p2,True,98,10,1.42431506,0.55553845,0.390039,0.10365891,0.07350606
eikonal_aux,1a,right_stem,789,cmu1_p2,False,98,10,1.60058552,0.52572203,0.328456,0.08299242,0.06581989
eikonal_aux,1a,right_stem,999,cmu1_p2,True,98,10,1.61135712,1.17762748,0.73083,0.07605393,0.08278641
eikonal_aux,1a,right_stem,999,cmu1_p2,False,98,10,1.47135823,0.68120528,0.462977,0.08787073,0.06936261
eikonal_aux,1a,right_stem,1111,cmu1_p2,True,98,10,1.50453275,0.94440894,0.627709,0.07849267,0.07840395
eikonal_aux,1a,right_stem,1111,cmu1_p2,False,98,10,1.19919653,0.61306861,0.511233,0.09188889,0.07106911
eikonal_aux,1a,right_stem,2222,cmu1_p2,True,98,10,1.54289452,1.78546492,1.157218,0.11202311,0.06556746
eikonal_aux,1a,right_stem,2222,cmu1_p2,False,98,10,1.36713433,0.6589716,0.482009,0.06570154,0.06718812
eikonal_aux,1a,right_stem,3333,cmu1_p2,True,98,10,1.5368075,1.81970694,1.184083,0.0823858,0.08805658
eikonal_aux,1a,right_stem,3333,cmu1_p2,False,98,10,1.44404547,0.63099704,0.436965,0.08507918,0.08632755
eikonal_aux,1a,right_stem,4444,cmu1_p2,True,98,10,1.24995003,0.74256309,0.594074,0.09537493,0.07251332
eikonal_aux,1a,right_stem,4444,cmu1_p2,False,98,10,1.54097929,0.66111159,0.42902,0.08497277,0.07373221
eikonal_aux,1a,right_stem,5555,cmu1_p2,True,98,10,1.61253784,0.84052196,0.521242,0.0987526,0.07233528
eikonal_aux,1a,right_stem,5555,cmu1_p2,False,98,10,1.58293604,1.56192322,0.986725,0.09734208,0.06736887
eikonal_aux,1a,stem_left,42,cmu1_p2,True,98,10,1.65616164,1.05274603,0.635654,0.07126596,0.07691787
eikonal_aux,1a,stem_left,42,cmu1_p2,False,98,10,1.68986055,1.42678562,0.844322,0.086888,0.0610675
eikonal_aux,1a,stem_left,123,cmu1_p2,True,98,10,1.76048419,1.37097615,0.778749,0.08540114,0.0685139
eikonal_aux,1a,stem_left,123,cmu1_p2,False,98,10,1.80988308,0.94285226,0.520947,0.08330433,0.07297214
eikonal_aux,1a,stem_left,456,cmu1_p2,True,98,10,1.6197252,0.78036535,0.481789,0.09359163,0.07280957
eikonal_aux,1a,stem_left,456,cmu1_p2,False,98,10,1.44846929,0.98105509,0.677305,0.09022417,0.06282541
eikonal_aux,1a,stem_left,789,cmu1_p2,True,98,10,1.71000283,1.56094384,0.912831,0.09836327,0.05911105
eikonal_aux,1a,stem_left,789,cmu1_p2,False,98,10,1.72501788,1.1483135,0.665682,0.09573201,0.06875385
eikonal_aux,1a,stem_left,999,cmu1_p2,True,98,10,1.87719237,0.88256515,0.470152,0.0884966,0.06398924
eikonal_aux,1a,stem_left,999,cmu1_p2,False,98,10,1.86474483,1.10740212,0.593863,0.09499028,0.05713015
eikonal_aux,1a,stem_left,1111,cmu1_p2,True,98,10,1.9003413,1.59040744,0.836906,0.09452251,0.08084813
eikonal_aux,1a,stem_left,1111,cmu1_p2,False,98,10,1.61227911,1.02052286,0.632969,0.07132646,0.06416208
eikonal_aux,1a,stem_left,2222,cmu1_p2,True,98,10,1.76402322,1.00477997,0.569596,0.08970869,0.08364323
eikonal_aux,1a,stem_left,2222,cmu1_p2,False,98,10,1.73679457,1.05017411,0.604662,0.07293038,0.07651746
eikonal_aux,1a,stem_left,3333,cmu1_p2,True,98,10,1.91706825,0.90359961,0.471345,0.09853685,0.0727983
eikonal_aux,1a,stem_left,3333,cmu1_p2,False,98,10,1.73376174,0.91092533,0.525404,0.08255153,0.07754143
eikonal_aux,1a,stem_left,4444,cmu1_p2,True,98,10,1.70208124,0.95325114,0.56005,0.07991393,0.07211179
eikonal_aux,1a,stem_left,4444,cmu1_p2,False,98,10,1.79209388,0.92962409,0.518736,0.09846825,0.0699291
eikonal_aux,1a,stem_left,5555,cmu1_p2,True,98,10,1.86059481,2.02426165,1.087965,0.09541231,0.08655363
eikonal_aux,1a,stem_left,5555,cmu1_p2,False,98,10,1.85809323,1.95584844,1.052611,0.10879824,0.08762833
eikonal_aux,1a,stem_right,42,cmu4,True,98,10,1.72800592,1.05208117,0.608841,0.0915798,0.05686433
eikonal_aux,1a,stem_right,42,cmu4,False,98,10,1.63475169,0.84796665,0.518713,0.08385319,0.07007715
eikonal_aux,1a,stem_right,123,cmu4,True,98,10,1.7873976,0.90112535,0.504155,0.07469859,0.08967755
eikonal_aux,1a,stem_right,123,cmu4,False,98,10,1.6030746,1.27844421,0.797495,0.07682379,0.08298958
eikonal_aux,1a,stem_right,456,cmu4,True,98,10,1.51376295,0.79838427,0.527417,0.08760262,0.07950666
eikonal_aux,1a,stem_right,456,cmu4,False,98,10,1.49217856,1.15109388,0.771418,0.07581468,0.0723079
eikonal_aux,1a,stem_right,789,cmu4,True,98,10,1.70780864,0.77662023,0.454747,0.10348919,0.07362693
eikonal_aux,1a,stem_right,789,cmu4,False,98,10,1.66960157,1.40013232,0.838603,0.09636147,0.08449551
eikonal_aux,1a,stem_right,999,cmu4,True,98,10,1.61033192,0.87226962,0.541671,0.07380668,0.0690546
eikonal_aux,1a,stem_right,999,cmu4,False,98,10,1.71735569,1.24733589,0.726312,0.088667,0.0715252
eikonal_aux,1a,stem_right,1111,cmu1_p2,True,98,10,1.62800025,1.31315298,0.806605,0.08474247,0.0648602
eikonal_aux,1a,stem_right,1111,cmu1_p2,False,98,10,1.63952984,0.91569934,0.558513,0.08893121,0.0713716
eikonal_aux,1a,stem_right,2222,cmu1_p2,True,98,10,1.70114875,0.60479204,0.35552,0.11090546,0.09364509
eikonal_aux,1a,stem_right,2222,cmu1_p2,False,98,10,1.73832374,2.06648885,1.188783,0.092012,0.08925731
eikonal_aux,1a,stem_right,3333,cmu1_p2,True,98,10,1.8772544,0.8637077,0.460091,0.07850772,0.06471858
eikonal_aux,1a,stem_right,3333,cmu1_p2,False,98,10,1.55247511,0.86300555,0.55589,0.07134814,0.06428103
eikonal_aux,1a,stem_right,4444,cmu1_p2,True,98,10,1.73396754,1.94002796,1.118838,0.09645133,0.09524823
eikonal_aux,1a,stem_right,4444,cmu1_p2,False,98,10,1.78383523,1.15154143,0.645542,0.09761717,0.09406401
eikonal_aux,1a,stem_right,5555,cmu1_p2,True,98,10,1.9013576,1.04942184,0.551933,0.09437597,0.06117016
eikonal_aux,1a,stem_right,5555,cmu1_p2,False,98,10,1.78155916,2.03286401,1.141059,0.11022384,0.08325275
eikonal_aux,1b,stem_left,42,babel-o9-28,True,98,10,1.64372529,1.07350034,0.65309,0.058983,0.03912669
eikonal_aux,1b,stem_left,42,cmu1_p2,False,98,10,1.94923159,0.98541393,0.50554,0.0909731,0.04101381
eikonal_aux,1b,stem_left,123,babel-o9-28,True,98,10,1.81032526,1.06379423,0.587626,0.11759488,0.03862216
eikonal_aux,1b,stem_left,123,cmu1_p2,False,98,10,1.96774541,1.01906859,0.517886,0.06002726,0.04132408
eikonal_aux,1b,stem_left,456,babel-o9-28,True,98,10,2.00313556,0.96920236,0.483843,0.05413434,0.03784685
eikonal_aux,1b,stem_left,456,cmu1_p2,False,98,10,1.45487784,1.11854914,0.768827,0.08010454,0.04160536
eikonal_aux,1b,stem_left,789,babel-o9-28,True,98,10,2.04640253,1.09997617,0.537517,0.06653981,0.06860415
eikonal_aux,1b,stem_left,789,cmu1_p2,False,98,10,1.80274618,1.08348798,0.601021,0.09412631,0.06256632
eikonal_aux,1b,stem_left,999,babel-o9-28,True,98,10,2.35457416,0.99590383,0.422966,0.05828059,0.05011876
eikonal_aux,1b,stem_left,999,cmu1_p2,False,98,10,1.75440431,1.00550311,0.573131,0.08178937,0.03862129
eikonal_aux,1b,stem_left,1111,babel-o9-28,True,98,10,2.10352634,1.02060186,0.485186,0.10068964,0.06485482
eikonal_aux,1b,stem_left,1111,cmu1_p2,False,98,10,1.7910144,1.29666926,0.723986,0.05882374,0.06541203
eikonal_aux,1b,stem_left,2222,cmu1_p2,True,98,10,1.76412431,0.97477785,0.552556,0.0775603,0.03927562
eikonal_aux,1b,stem_left,2222,cmu1_p2,False,98,10,1.90018696,1.05239557,0.553838,0.0877706,0.04562385
eikonal_aux,1b,stem_left,3333,babel-o9-28,True,98,10,2.11307082,1.06646127,0.504697,0.130391,0.05207334
eikonal_aux,1b,stem_left,3333,cmu1_p2,False,98,10,1.68284739,1.46319121,0.869473,0.073954,0.05991054
eikonal_aux,1b,stem_left,4444,cmu1_p2,True,98,10,1.65556228,1.19438978,0.721441,0.06137312,0.03860762
eikonal_aux,1b,stem_left,4444,cmu1_p2,False,98,10,1.84495542,1.11935759,0.606713,0.09508605,0.04195886
eikonal_aux,1b,stem_left,5555,cmu1_p2,True,98,10,2.42740034,1.12248878,0.462424,0.09250493,0.04164543
eikonal_aux,1b,stem_left,5555,cmu1_p2,False,98,10,1.82353635,1.19861258,0.657301,0.07504645,0.05612636
eikonal_aux,1b,stem_right,42,cmu4,True,98,10,1.574147,1.05203426,0.66832,0.05644416,0.05099593
eikonal_aux,1b,stem_right,42,cmu4,False,98,10,2.16879299,1.0484705,0.483435,0.08086428,0.05989448
eikonal_aux,1b,stem_right,123,cmu4,True,98,10,1.70191352,1.1021441,0.647591,0.0683966,0.04698539
eikonal_aux,1b,stem_right,123,cmu4,False,98,10,1.70751092,0.93174901,0.545677,0.05215155,0.07592708
eikonal_aux,1b,stem_right,456,cmu4,True,98,10,1.76317111,0.99968412,0.566981,0.09850003,0.05318175
eikonal_aux,1b,stem_right,456,cmu4,False,98,10,1.66367934,0.94463313,0.567798,0.08165328,0.0611631
eikonal_aux,1b,stem_right,789,cmu4,True,98,10,1.90913386,1.06242671,0.556497,0.06316212,0.04600102
eikonal_aux,1b,stem_right,789,cmu4,False,98,10,2.14653187,0.99791315,0.464896,0.08017241,0.04238436
eikonal_aux,1b,stem_right,999,cmu4,True,98,10,2.17857615,0.98145787,0.450504,0.06173932,0.03959776
eikonal_aux,1b,stem_right,999,cmu4,False,98,10,1.90263532,1.05617713,0.555113,0.06901985,0.04295928
eikonal_aux,1b,stem_right,1111,cmu1_p2,True,98,10,2.24108864,0.87869475,0.392084,0.05554139,0.03907863
eikonal_aux,1b,stem_right,1111,cmu1_p2,False,98,10,1.80408074,0.93744012,0.519622,0.04651326,0.04051911
eikonal_aux,1b,stem_right,2222,cmu1_p2,True,98,10,2.15266118,1.27427052,0.591951,0.07734272,0.0758837
eikonal_aux,1b,stem_right,2222,cmu1_p2,False,98,10,1.74897579,0.97703584,0.558633,0.11287549,0.05481217
eikonal_aux,1b,stem_right,3333,cmu1_p2,True,98,10,2.5307611,1.21123082,0.478603,0.1183764,0.05086333
eikonal_aux,1b,stem_right,3333,cmu1_p2,False,98,10,2.0290524,1.05367166,0.519292,0.04791646,0.03845022
eikonal_aux,1b,stem_right,4444,cmu1_p2,True,98,10,1.85226221,1.22515525,0.661437,0.06142244,0.05192124
eikonal_aux,1b,stem_right,4444,cmu1_p2,False,98,10,2.49865415,1.02582418,0.410551,0.07115384,0.04214816
eikonal_aux,1b,stem_right,5555,cmu1_p2,True,98,10,2.67505969,1.34402866,0.502429,0.10416404,0.07216139
eikonal_aux,1b,stem_right,5555,cmu1_p2,False,98,10,1.79204448,1.11922151,0.62455,0.07038294,0.0433807
eikonal_aux,2,stem_left,42,cmu1_p2,True,98,10,2.12105466,1.23646066,0.582946,0.09533939,0.05113452
eikonal_aux,2,stem_left,42,cmu1_p2,False,98,10,2.40619391,2.03046786,0.84385,0.10516734,0.07960024
eikonal_aux,2,stem_left,123,cmu1_p2,True,98,10,2.48612506,1.83130234,0.736609,0.11728234,0.06740037
eikonal_aux,2,stem_left,123,cmu1_p2,False,98,10,2.35993621,2.52048345,1.06803,0.08486186,0.07561412
eikonal_aux,2,stem_left,456,cmu1_p2,True,98,10,2.59708424,1.38562192,0.53353,0.07110506,0.05931985
eikonal_aux,2,stem_left,456,cmu1_p2,False,98,10,2.34684613,1.4695196,0.626168,0.08466175,0.06368794
eikonal_aux,2,stem_left,789,cmu1_p2,True,98,10,2.42282825,1.11184107,0.458902,0.06592228,0.03813782
eikonal_aux,2,stem_left,789,cmu1_p2,False,98,10,2.40647449,1.45711161,0.605496,0.09641902,0.05537996
eikonal_aux,2,stem_left,999,cmu1_p2,True,98,10,2.44482033,1.99696048,0.816813,0.10285641,0.05616788
eikonal_aux,2,stem_left,999,cmu1_p2,False,98,10,2.83906658,1.12625749,0.3967,0.05881789,0.03854573
eikonal_aux,2,stem_left,1111,cmu1_p2,True,98,10,2.64442699,1.9321139,0.730636,0.12821166,0.06542082
eikonal_aux,2,stem_left,1111,cmu1_p2,False,98,10,2.15483795,2.25079598,1.044531,0.10571514,0.06922374
eikonal_aux,2,stem_left,2222,cmu1_p2,True,98,10,2.38549671,1.36161323,0.570788,0.10050526,0.06208431
eikonal_aux,2,stem_left,2222,cmu1_p2,False,98,10,2.48386575,1.19909002,0.482752,0.07572967,0.04128718
eikonal_aux,2,stem_left,3333,cmu1_p2,True,98,10,2.47603523,2.43212037,0.982264,0.13271798,0.08047427
eikonal_aux,2,stem_left,3333,cmu1_p2,False,98,10,2.37339957,1.39460285,0.587597,0.10017064,0.0603297
eikonal_aux,2,stem_left,4444,cmu1_p2,True,98,10,2.52146919,1.00881745,0.400091,0.0749835,0.04309776
eikonal_aux,2,stem_left,4444,cmu1_p2,False,98,10,2.55087824,1.16728464,0.457601,0.10759256,0.05535368
eikonal_aux,2,stem_left,5555,cmu1_p2,True,98,10,2.54180315,1.54397944,0.607435,0.12011567,0.05565514
eikonal_aux,2,stem_left,5555,cmu1_p2,False,98,10,2.45071197,1.17490591,0.479414,0.08765509,0.04993483
eikonal_aux,2,stem_right,42,babel-p9-16,True,98,10,2.87145126,1.32060912,0.45991,0.04025777,0.06009256
eikonal_aux,2,stem_right,42,cmu2_p2,False,98,10,2.7246217,1.76663592,0.648397,0.07392308,0.04388553
eikonal_aux,2,stem_right,123,babel-p9-16,True,98,10,2.42926989,1.73851719,0.715654,0.12234675,0.06468749
eikonal_aux,2,stem_right,123,cmu2_p2,False,98,10,2.29266367,1.3213182,0.576324,0.05721429,0.04052593
eikonal_aux,2,stem_right,456,babel-p9-16,True,98,10,2.29572415,1.2292228,0.53544,0.08125547,0.03284395
eikonal_aux,2,stem_right,456,cmu2_p2,False,98,10,2.20432214,1.21691933,0.552061,0.10493177,0.05508612
eikonal_aux,2,stem_right,789,babel-p9-16,True,98,10,2.6891299,1.44499276,0.537346,0.07334155,0.03327976
eikonal_aux,2,stem_right,789,cmu2_p2,False,98,10,2.28659198,1.07064017,0.468225,0.10027978,0.06960119
eikonal_aux,2,stem_right,999,babel-p9-16,True,98,10,2.63373365,1.1691707,0.443921,0.10586889,0.05843235
eikonal_aux,2,stem_right,999,cmu2_p2,False,98,10,2.22391119,2.21269985,0.994959,0.11120969,0.09454103
eikonal_aux,2,stem_right,1111,babel-p9-16,True,98,10,2.76931305,1.29280329,0.466832,0.06596737,0.03344583
eikonal_aux,2,stem_right,1111,cmu2_p2,False,98,10,2.26611255,1.36066349,0.600439,0.06985382,0.04246674
eikonal_aux,2,stem_right,2222,babel-p9-16,True,98,10,2.42487265,1.13040577,0.466171,0.09112795,0.05073685
eikonal_aux,2,stem_right,2222,cmu2_p2,False,98,10,2.4031356,1.48934352,0.61975,0.06898571,0.03474686
eikonal_aux,2,stem_right,3333,babel-p9-16,True,98,10,2.40344324,2.05690732,0.855817,0.11333845,0.07990741
eikonal_aux,2,stem_right,3333,cmu2_p2,False,98,10,2.39869587,1.11557428,0.465075,0.07795237,0.04618426
eikonal_aux,2,stem_right,4444,babel-p9-16,True,98,10,2.49210565,1.24440892,0.49934,0.065273,0.05258943
eikonal_aux,2,stem_right,4444,cmu2_p2,False,98,10,2.43511356,1.6419928,0.674298,0.06697703,0.04652853
eikonal_aux,2,stem_right,5555,babel-p9-16,True,98,10,2.65420972,1.36016421,0.512455,0.06180196,0.03730346
eikonal_aux,2,stem_right,5555,cmu2_p2,False,98,10,2.81041582,1.21828856,0.433491,0.07457807,0.03929442
eikonal_aux,2_dense,right_left,42,cmu4,True,98,10,2.27062933,1.94874301,0.858239,0.09919529,0.06957989
eikonal_aux,2_dense,right_left,42,cmu4,False,98,10,2.39567031,2.09493774,0.874468,0.09518661,0.07121291
eikonal_aux,2_dense,right_left,123,cmu4,True,98,10,2.37101725,2.26526362,0.955397,0.11893878,0.07146503
eikonal_aux,2_dense,right_left,123,cmu4,False,98,10,2.14919699,2.75612793,1.282399,0.11197236,0.0846341
eikonal_aux,2_dense,right_left,456,babel-w5-20,True,98,10,2.4728193,3.69377398,1.49375,0.10760708,0.04363011
eikonal_aux,2_dense,right_left,456,cmu4,False,98,10,2.09443513,3.18900573,1.522609,0.11705582,0.08080829
eikonal_aux,2_dense,right_left,789,babel-w5-20,True,98,10,2.21279459,1.87478462,0.847247,0.09902517,0.06284533
eikonal_aux,2_dense,right_left,789,cmu4,False,98,10,2.42633212,2.80333245,1.155379,0.08502456,0.09016219
eikonal_aux,2_dense,right_left,999,babel-w5-20,True,98,10,2.67900302,1.93006397,0.720441,0.10880779,0.05088046
eikonal_aux,2_dense,right_left,999,cmu4,False,98,10,2.45409305,2.09595985,0.854067,0.11057775,0.08862827
eikonal_aux,2_dense,right_left,1111,babel-w9-32,True,98,10,2.89500046,3.00134835,1.036735,0.11327491,0.08337466
eikonal_aux,2_dense,right_left,1111,cmu2_p2,False,98,10,2.1823198,2.33047457,1.067889,0.09501491,0.09903402
eikonal_aux,2_dense,right_left,2222,babel-w9-32,True,98,10,2.58249934,2.2594221,0.874897,0.09818529,0.08913561
eikonal_aux,2_dense,right_left,2222,cmu2_p2,False,98,10,2.5522588,2.68703096,1.052805,0.10999928,0.09383938
eikonal_aux,2_dense,right_left,3333,cmu2_p2,True,98,10,2.38149165,2.03841833,0.855942,0.0950126,0.08859607
eikonal_aux,2_dense,right_left,3333,cmu2_p2,False,98,10,2.29285179,2.23335737,0.974052,0.09633305,0.07794179
eikonal_aux,2_dense,right_left,4444,cmu2_p2,True,98,10,2.24386566,3.26040039,1.453028,0.10441863,0.07927937
eikonal_aux,2_dense,right_left,4444,cmu2_p2,False,98,10,2.65182993,2.19181895,0.826531,0.10588978,0.07974063
eikonal_aux,2_dense,right_left,5555,babel-w9-32,True,98,10,2.77939467,2.38760474,0.859038,0.10198066,0.0865141
eikonal_aux,2_dense,right_left,5555,cmu2_p2,False,98,10,2.20768938,2.66457319,1.206951,0.10500664,0.08225242
eikonal_aux,3,left_right,42,cmu2_p2,True,98,10,2.02800609,2.40348959,1.185149,0.09598438,0.07488531
eikonal_aux,3,left_right,42,cmu2_p2,False,98,10,2.40068803,2.05781081,0.857175,0.10413523,0.07216139
eikonal_aux,3,left_right,123,cmu2_p2,True,98,10,2.14045302,2.45667682,1.147737,0.10544369,0.06593949
eikonal_aux,3,left_right,123,cmu2_p2,False,98,10,2.28512088,2.39009912,1.04594,0.09355781,0.08614224
eikonal_aux,3,left_right,456,cmu2_p2,True,98,10,2.37835488,2.18914505,0.920445,0.10702118,0.0702369
eikonal_aux,3,left_right,456,cmu2_p2,False,98,10,2.03843971,2.33589609,1.145924,0.11048465,0.07601572
eikonal_aux,3,left_right,789,babel-w9-32,True,98,10,2.34535867,2.38276696,1.01595,0.08744738,0.06067236
eikonal_aux,3,left_right,789,cmu2_p2,False,98,10,2.27605643,1.9925578,0.875443,0.09759725,0.05775186
eikonal_aux,3,left_right,999,babel-w9-32,True,98,10,2.6121526,2.38742092,0.913967,0.09456711,0.07455142
eikonal_aux,3,left_right,999,cmu2_p2,False,98,10,2.38464867,2.32253618,0.973953,0.11189172,0.08038613
eikonal_aux,3,left_right,1111,babel-w9-32,True,98,10,2.51672461,2.2888629,0.909461,0.11319373,0.06439257
eikonal_aux,3,left_right,1111,cmu2_p2,False,98,10,2.18244802,2.06708474,0.94714,0.07229504,0.06639865
eikonal_aux,3,left_right,2222,cmu2_p2,True,98,10,2.35012171,2.36075044,1.004523,0.08136428,0.0645679
eikonal_aux,3,left_right,2222,cmu2_p2,False,98,10,2.54554534,2.63971057,1.036992,0.11163216,0.09029415
eikonal_aux,3,left_right,3333,babel-w9-32,True,98,10,2.37927839,2.3203665,0.97524,0.10357017,0.07658414
eikonal_aux,3,left_right,3333,cmu2_p2,False,98,10,2.31908535,2.20491481,0.950769,0.09683985,0.0650462
eikonal_aux,3,left_right,4444,cmu2_p2,True,98,10,2.30642357,2.36174121,1.023984,0.10962765,0.07268124
eikonal_aux,3,left_right,4444,cmu2_p2,False,98,10,2.41971838,2.30087383,0.950885,0.10078914,0.06458674
eikonal_aux,3,left_right,5555,cmu2_p2,True,98,10,2.45761228,2.41915872,0.984353,0.09958834,0.05831096
eikonal_aux,3,left_right,5555,cmu2_p2,False,98,10,2.65137656,2.21242738,0.834445,0.0603061,0.05876597
eikonal_aux,3,right_left,42,cmu2_p2,True,98,10,2.0677786,1.14846984,0.555412,0.08206098,0.04340693
eikonal_aux,3,right_left,42,cmu2_p2,False,98,10,2.28776064,1.07098833,0.468138,0.1048603,0.0539861
eikonal_aux,3,right_left,123,cmu2_p2,True,98,10,2.56218905,2.62275023,1.023636,0.11319723,0.09282006
eikonal_aux,3,right_left,123,cmu2_p2,False,98,10,2.29577262,3.15239534,1.37313,0.10385652,0.08840621
eikonal_aux,3,right_left,456,cmu2_p2,True,98,10,2.73805928,3.46856787,1.266798,0.1083982,0.06846812
eikonal_aux,3,right_left,456,cmu2_p2,False,98,10,2.25690997,3.38811498,1.501218,0.10881663,0.07381407
eikonal_aux,3,right_left,789,cmu2_p2,True,98,10,2.32011033,2.04502594,0.881435,0.09736718,0.07113153
eikonal_aux,3,right_left,789,cmu2_p2,False,98,10,2.04516104,1.9968832,0.976394,0.08554427,0.07729492
eikonal_aux,3,right_left,999,cmu2_p2,True,98,10,2.66074712,2.29908867,0.864076,0.11552032,0.07971587
eikonal_aux,3,right_left,999,cmu2_p2,False,98,10,2.53857322,3.30963035,1.303736,0.10924555,0.06613223
eikonal_aux,3,right_left,1111,cmu2_p2,True,98,10,2.70563986,2.51804824,0.930666,0.11256764,0.08322516
eikonal_aux,3,right_left,1111,cmu2_p2,False,98,10,2.25965886,3.38640444,1.498635,0.10665227,0.06840576
eikonal_aux,3,right_left,2222,babel-t9-20,True,98,10,2.63240395,3.28404408,1.247546,0.09712179,0.06345805
eikonal_aux,3,right_left,2222,cmu2_p2,False,98,10,2.19376807,2.15829024,0.983828,0.0963965,0.09806964
eikonal_aux,3,right_left,3333,cmu2_p2,True,98,10,2.36157525,1.6780953,0.710583,0.10742119,0.07326804
eikonal_aux,3,right_left,3333,cmu2_p2,False,98,10,2.32989725,2.86159954,1.228208,0.09886419,0.08757579
eikonal_aux,3,right_left,4444,cmu2_p2,True,98,10,2.06418638,3.21609416,1.558044,0.08980226,0.0813034
eikonal_aux,3,right_left,4444,cmu2_p2,False,98,10,2.57823439,1.24004862,0.480968,0.10895238,0.05890098
eikonal_aux,3,right_left,5555,cmu2_p2,True,98,10,2.66889932,2.86472566,1.073373,0.1107387,0.08769731
eikonal_aux,3,right_left,5555,cmu2_p2,False,98,10,2.54216979,3.40678129,1.340108,0.10065781,0.07541706
eikonal_aux,4,stem_left,42,babel-t9-20,True,98,10,2.33548827,1.2394759,0.530714,0.07996621,0.04720515
eikonal_aux,4,stem_left,42,cmu2_p2,False,98,10,2.50665044,1.37812579,0.549788,0.10701755,0.05235885
eikonal_aux,4,stem_left,123,cmu2_p2,True,98,10,2.39616954,1.71221429,0.714563,0.10637999,0.0547061
eikonal_aux,4,stem_left,123,cmu2_p2,False,98,10,2.21363068,1.48363607,0.670227,0.09014615,0.05694575
eikonal_aux,4,stem_left,456,babel-s5-28,True,98,10,2.40164151,1.33110529,0.554248,0.11625858,0.03368445
eikonal_aux,4,stem_left,456,cmu2_p2,False,98,10,2.28634905,2.47644565,1.083144,0.12419176,0.0918338
eikonal_aux,4,stem_left,789,babel-s5-28,True,98,10,2.36631286,2.33916204,0.988526,0.10763112,0.08701271
eikonal_aux,4,stem_left,789,cmu2_p2,False,98,10,2.32279003,1.23852673,0.533206,0.10547508,0.05728982
eikonal_aux,4,stem_left,999,babel-s5-28,True,98,10,2.5528121,1.1826189,0.463261,0.10682198,0.04806444
eikonal_aux,4,stem_left,999,cmu2_p2,False,98,10,2.49308472,1.35097615,0.541889,0.11992869,0.04758207
eikonal_aux,4,stem_left,1111,babel-s5-28,True,98,10,2.61147516,1.9315255,0.73963,0.0962508,0.0717977
eikonal_aux,4,stem_left,1111,cmu2_p2,False,98,10,2.24815648,1.3905243,0.618518,0.08436296,0.04447082
eikonal_aux,4,stem_left,2222,babel-s5-28,True,98,10,2.54106077,1.45770826,0.573661,0.11549052,0.0524533
eikonal_aux,4,stem_left,2222,cmu2_p2,False,98,10,2.47024226,1.34567698,0.544755,0.0894287,0.04116983
eikonal_aux,4,stem_left,3333,babel-s5-28,True,98,10,2.2926155,1.57874279,0.688621,0.12819957,0.0543916
eikonal_aux,4,stem_left,3333,cmu2_p2,False,98,10,2.9381346,1.58951361,0.540994,0.05229938,0.04973168
eikonal_aux,4,stem_left,4444,babel-s5-28,True,98,10,2.39351535,1.58848072,0.66366,0.08285411,0.05645392
eikonal_aux,4,stem_left,4444,cmu2_p2,False,98,10,2.58276844,1.44943111,0.561193,0.10605504,0.04407202
eikonal_aux,4,stem_left,5555,babel-s5-28,True,98,10,2.62548084,2.66903327,1.016588,0.12232475,0.08775221
eikonal_aux,4,stem_left,5555,cmu2_p2,False,98,10,2.61364536,1.55216228,0.593869,0.06413157,0.03224882
eikonal_aux,4,stem_right,42,babel-s5-28,True,98,10,2.43553157,1.84188848,0.756257,0.06574111,0.04580283
eikonal_aux,4,stem_right,42,cmu2_p2,False,98,10,2.49652309,2.43038981,0.97351,0.10472441,0.0781507
eikonal_aux,4,stem_right,123,babel-s5-28,True,98,10,2.59679387,1.3967973,0.537893,0.11882809,0.04546313
eikonal_aux,4,stem_right,123,cmu2_p2,False,98,10,2.55917175,1.20306756,0.4701,0.06916992,0.04497625
eikonal_aux,4,stem_right,456,cmu2_p2,True,98,10,2.75263867,1.48354664,0.538954,0.05325086,0.03185617
eikonal_aux,4,stem_right,456,cmu2_p2,False,98,10,2.2784615,1.36446173,0.598852,0.1177787,0.052373
eikonal_aux,4,stem_right,789,babel-s5-28,True,98,10,2.47941585,1.18325397,0.477231,0.07660336,0.04887431
eikonal_aux,4,stem_right,789,cmu2_p2,False,98,10,2.45450172,1.13524443,0.462515,0.09821539,0.04536037
eikonal_aux,4,stem_right,999,cmu2_p2,True,98,10,2.5900702,1.43899844,0.555583,0.0941278,0.05794704
eikonal_aux,4,stem_right,999,cmu2_p2,False,98,10,2.26762396,1.30821944,0.576912,0.0894421,0.04544578
eikonal_aux,4,stem_right,1111,cmu2_p2,True,98,10,2.87903011,1.29104149,0.448429,0.06300055,0.04237244
eikonal_aux,4,stem_right,1111,cmu2_p2,False,98,10,2.27488022,1.49855735,0.658741,0.07795687,0.03580498
eikonal_aux,4,stem_right,2222,cmu2_p2,True,98,10,2.65503862,1.3830528,0.520916,0.1072509,0.04974592
eikonal_aux,4,stem_right,2222,cmu2_p2,False,98,10,2.3497901,1.37884317,0.586794,0.09876746,0.03346172
eikonal_aux,4,stem_right,3333,babel-w9-32,True,98,10,2.52989857,1.25464814,0.495928,0.12498267,0.0430221
eikonal_aux,4,stem_right,3333,cmu2_p2,False,98,10,2.77229567,1.91720997,0.69156,0.06215463,0.04067751
eikonal_aux,4,stem_right,4444,cmu2_p2,True,98,10,2.34984983,1.60983875,0.685082,0.07279339,0.0450558
eikonal_aux,4,stem_right,4444,cmu2_p2,False,98,10,2.60974457,1.93663208,0.742077,0.10729539,0.08774398
eikonal_aux,4,stem_right,5555,babel-w9-32,True,98,10,2.84146452,2.64892325,0.932239,0.10210275,0.07867797
eikonal_aux,4,stem_right,5555,cmu2_p2,False,98,10,2.93588488,2.13315022,0.726578,0.06012126,0.07277159
fusion_aux,1a,right_stem,42,cmu3_p2,True,98,10,74.1523187,423.94915378,5.717274,2.08444527,24.61467419
fusion_aux,1a,right_stem,42,babel-y9-16,False,98,10,2.37046767,1.96246569,0.827881,8.51678055,36.55985146
fusion_aux,1a,right_stem,123,cmu3_p2,True,98,10,48.1599594,4752.52099229,98.681997,1.81941647,58.42319584
fusion_aux,1a,right_stem,123,cmu3_p2,False,98,10,38.88037972,581.19075134,14.948176,9.46904498,34.16408739
fusion_aux,1a,right_stem,456,cmu3_p2,True,98,10,4.21918164,12160.04244093,2882.085551,60.38198348,34.1477375
fusion_aux,1a,right_stem,456,babel-y9-16,False,98,10,312.93311058,5.48743697,0.017535,9.87591582,72.54075184
fusion_aux,1a,right_stem,789,cmu3_p2,True,98,10,25.49028503,209.13280762,8.204412,50.03579454,71.16987839
fusion_aux,1a,right_stem,789,babel-y9-16,False,98,10,1314.19090243,2.36683643,0.001801,52.55471648,41.01863184
fusion_aux,1a,right_stem,999,cmu3_p2,True,98,10,46.43649205,3143.05268469,67.684972,12.35534691,65.74792385
fusion_aux,1a,right_stem,999,cmu3_p2,False,98,10,301.58557899,1262.47104256,4.186112,4.89972236,31.26759205
fusion_aux,1a,right_stem,1111,cmu3_p2,True,98,10,25.0507636,901.32344553,35.979879,2.26106886,78.64263859
fusion_aux,1a,right_stem,1111,cmu3_p2,False,98,10,251.0323498,219.75356195,0.875399,6.60438156,35.40154953
fusion_aux,1a,right_stem,2222,cmu3_p2,True,98,10,425.051019,2.40124638,0.005649,6.96461769,40.52094994
fusion_aux,1a,right_stem,2222,babel-y9-16,False,98,10,432.0648593,163.12530923,0.377548,76.88278382,43.28646107
fusion_aux,1a,right_stem,3333,cmu3_p2,True,98,10,366.6040675,2.31424806,0.006313,14.15374464,65.40934124
fusion_aux,1a,right_stem,3333,cmu3_p2,False,98,10,226.3189259,337.18904086,1.489884,3.47747504,36.60780697
fusion_aux,1a,right_stem,4444,cmu3_p2,True,98,10,575.21653952,787.3459737,1.368782,75.14224264,25.35116968
fusion_aux,1a,right_stem,4444,babel-y9-16,False,98,10,68.04927379,2.50175447,0.036764,46.92406875,81.22635498
fusion_aux,1a,right_stem,5555,cmu3_p2,True,98,10,5.69677721,2.40644573,0.422422,27.76765497,27.20899258
fusion_aux,1a,right_stem,5555,cmu3_p2,False,98,10,18.11796811,300.39453161,16.579924,0.90809222,56.25043793
fusion_aux,1a,stem_left,42,cmu3_p2,True,98,10,5.75390166,912.39791429,158.5703,3.65727495,39.32467327
fusion_aux,1a,stem_left,42,cmu3_p2,False,98,10,26.91095848,4787.04170518,177.884474,3.20637364,42.47627182
fusion_aux,1a,stem_left,123,cmu3_p2,True,98,10,8.32213642,2718.74050968,326.687809,1.00275737,43.97550278
fusion_aux,1a,stem_left,123,cmu3_p2,False,98,10,163.46766897,47.4147678,0.290056,3.62707762,94.47192307
fusion_aux,1a,stem_left,456,cmu3_p2,True,98,10,665.76616013,23229.60027827,34.89153,2.83432092,49.10216866
fusion_aux,1a,stem_left,456,cmu3_p2,False,98,10,642.92998801,5009.53540006,7.791728,1.00870032,45.90371437
fusion_aux,1a,stem_left,789,cmu3_p2,True,98,10,20.06201725,22.88540936,1.140733,49.84466888,92.28631363
fusion_aux,1a,stem_left,789,cmu3_p2,False,98,10,1587.56609578,8178.15203001,5.151377,7.17289989,48.40742111
fusion_aux,1a,stem_left,999,cmu3_p2,True,98,10,513.63157776,6703.26064119,13.050718,4.26513899,53.49977436
fusion_aux,1a,stem_left,999,cmu3_p2,False,98,10,28.3918401,335.17825985,11.805443,1.31054019,40.8326458
fusion_aux,1a,stem_left,1111,cmu3_p2,True,98,10,110.61595643,1362.0384438,12.313219,2.42645165,39.55073662
fusion_aux,1a,stem_left,1111,cmu3_p2,False,98,10,237.45581881,1476.95427883,6.219912,1.0448997,47.71215839
fusion_aux,1a,stem_left,2222,cmu3_p2,True,98,10,23.04018883,888.12719469,38.546871,2.00553859,45.44996243
fusion_aux,1a,stem_left,2222,cmu3_p2,False,98,10,10.57699087,7037.72212715,665.380373,3.85397739,55.34343567
fusion_aux,1a,stem_left,3333,cmu3_p2,True,98,10,749.87450396,1605.55457466,2.141098,7.79088461,40.14148979
fusion_aux,1a,stem_left,3333,cmu3_p2,False,98,10,685.22562865,1457.61672347,2.127207,0.47897298,48.19567356
fusion_aux,1a,stem_left,4444,cmu3_p2,True,98,10,318.65383721,3831.49499044,12.024004,8.8536911,52.17766323
fusion_aux,1a,stem_left,4444,cmu3_p2,False,98,10,67.1518736,3.28858428,0.048972,2.58213462,139.68256989
fusion_aux,1a,stem_left,5555,cmu3_p2,True,98,10,256.02530751,2347.07252185,9.167346,3.70493523,29.58921337
fusion_aux,1a,stem_left,5555,cmu3_p2,False,98,10,51.02807962,5173.83483361,101.391917,2.24134179,40.32629776
fusion_aux,1a,stem_right,42,cmu1,True,98,10,57.27023099,485.98877356,8.485888,0.82354473,54.83132439
fusion_aux,1a,stem_right,42,cmu1,False,98,10,46.49031153,73.41733437,1.579196,4.35522025,63.61390457
fusion_aux,1a,stem_right,123,cmu1,True,98,10,121.70656318,2.46101126,0.020221,4.27894579,86.99118252
fusion_aux,1a,stem_right,123,cmu1,False,98,10,461.25669984,2.73952719,0.005939,2.88783126,84.79483032
fusion_aux,1a,stem_right,456,cmu1,True,98,10,21.03574986,644.42906146,30.634946,1.57505739,63.64593105
fusion_aux,1a,stem_right,456,cmu1,False,98,10,581.5087474,2.45314438,0.004219,0.99474287,76.99537716
fusion_aux,1a,stem_right,789,cmu1,True,98,10,410.10404097,2486.97383024,6.064251,16.08678868,81.87557907
fusion_aux,1a,stem_right,789,cmu1,False,98,10,3339.38965875,2.8163927,0.000843,10.41664348,81.8722168
fusion_aux,1a,stem_right,999,cmu1,True,98,10,45.09401165,915.94172136,20.311826,1.18298387,45.44745541
fusion_aux,1a,stem_right,999,cmu1,False,98,10,41.99185814,199.87372569,4.759821,5.92786313,38.58287458
fusion_aux,1a,stem_right,1111,cmu6,True,98,10,180.21929371,2252.1140963,12.49652,4.00388194,62.44716129
fusion_aux,1a,stem_right,1111,cmu6,False,98,10,46.1649852,107.2855104,2.323959,18.31434164,58.12109232
fusion_aux,1a,stem_right,2222,cmu6,True,98,10,57.46396413,2.65367126,0.04618,1.21806495,46.94411345
fusion_aux,1a,stem_right,2222,cmu6,False,98,10,416.85972824,8848.76326525,21.227196,1.32529164,55.6027916
fusion_aux,1a,stem_right,3333,cmu6,True,98,10,437.02457347,706.92505283,1.617587,6.80745671,36.199049
fusion_aux,1a,stem_right,3333,cmu6,False,98,10,22.89787667,2.54115383,0.110978,10.82517101,50.419734
fusion_aux,1a,stem_right,4444,cmu6,True,98,10,429.35994783,21744.68580446,50.644421,19.89734451,39.77533684
fusion_aux,1a,stem_right,4444,cmu6,False,98,10,115.28971664,7222.11293051,62.643167,10.06577274,47.41723003
fusion_aux,1a,stem_right,5555,cmu6,True,98,10,156.081956,2.21041179,0.014162,10.13981024,33.04089413
fusion_aux,1a,stem_right,5555,cmu6,False,98,10,3.2661324,18695.63289579,5724.089112,4.09433451,49.77432652
fusion_aux,1b,stem_left,42,babel-s9-16,True,98,10,1171.45495088,22.62888933,0.019317,6.0827912,20.40246792
fusion_aux,1b,stem_left,42,cmu3_p2,False,98,10,238.35805247,11.25037352,0.047199,5.44894632,14.50964222
fusion_aux,1b,stem_left,123,babel-s9-16,True,98,10,17.22175603,59.1156424,3.432614,6.76190058,15.82939267
fusion_aux,1b,stem_left,123,cmu3_p2,False,98,10,77.77660979,950.4289674,12.219985,20.57654986,16.68602266
fusion_aux,1b,stem_left,456,babel-s9-16,True,98,10,12.76532378,239.69566677,18.777093,8.14658169,25.51137972
fusion_aux,1b,stem_left,456,cmu3_p2,False,98,10,295.47561291,24.93275787,0.084382,4.88896671,18.14706526
fusion_aux,1b,stem_left,789,babel-s9-16,True,98,10,3.68091297,226.61735848,61.56553,7.30579167,28.87332554
fusion_aux,1b,stem_left,789,cmu3_p2,False,98,10,146.86488763,544.85033573,3.709875,19.26174722,20.69802294
fusion_aux,1b,stem_left,999,babel-s9-16,True,98,10,892.68391939,712.30708939,0.797939,8.20724598,18.64910393
fusion_aux,1b,stem_left,999,cmu3_p2,False,98,10,106.02996144,160.9534364,1.518,6.91409345,62.4501812
fusion_aux,1b,stem_left,1111,babel-s9-16,True,98,10,878.65270449,21.99888398,0.025037,4.79259018,15.1048337
fusion_aux,1b,stem_left,1111,cmu3_p2,False,98,10,200.54034725,393.35258929,1.961464,7.20771654,15.3723289
fusion_aux,1b,stem_left,2222,babel-s9-16,True,98,10,210.12778288,831.05542668,3.955,10.82716889,14.935781
fusion_aux,1b,stem_left,2222,cmu3_p2,False,98,10,27.38901799,29.41589183,1.074003,10.68301996,18.9788434
fusion_aux,1b,stem_left,3333,babel-s9-16,True,98,10,102.81675074,539.88978981,5.250991,22.98185831,26.78681464
fusion_aux,1b,stem_left,3333,cmu3_p2,False,98,10,79.69321009,127.88752323,1.604748,18.86584978,15.69187403
fusion_aux,1b,stem_left,4444,babel-s9-16,True,98,10,260.08288316,4.07861628,0.015682,20.72057712,18.25677156
fusion_aux,1b,stem_left,4444,cmu3_p2,False,98,10,249.06942739,94.8962132,0.381003,5.90086175,24.80416889
fusion_aux,1b,stem_left,5555,babel-s9-16,True,98,10,35.18997918,961.27763121,27.3168,22.84136615,16.16216311
fusion_aux,1b,stem_left,5555,cmu3_p2,False,98,10,102.10109505,35.00499675,0.342846,8.89009187,25.3876399
fusion_aux,1b,stem_right,42,cmu1,True,98,10,283.96536615,300.34817307,1.057693,3.25800487,21.16548777
fusion_aux,1b,stem_right,42,cmu1,False,98,10,622.0611439,2586.40653847,4.157801,6.42708374,39.13349628
fusion_aux,1b,stem_right,123,cmu1,True,98,10,20.55842735,16.31535521,0.793609,5.54229238,15.81154962
fusion_aux,1b,stem_right,123,cmu1,False,98,10,345.36622179,10.85544597,0.031432,6.52090832,23.0638835
fusion_aux,1b,stem_right,456,cmu1,True,98,10,371.3326092,11.56936065,0.031156,5.5083635,13.50498338
fusion_aux,1b,stem_right,456,cmu1,False,98,10,127.74326356,512.16591928,4.009338,4.90104598,17.95758181
fusion_aux,1b,stem_right,789,cmu1,True,98,10,66.69353644,300.62394919,4.507542,15.75707947,42.57885113
fusion_aux,1b,stem_right,789,cmu1,False,98,10,451.22763436,2.42781415,0.00538,9.46754887,24.41251383
fusion_aux,1b,stem_right,999,cmu1,True,98,10,612.49019361,2690.96192472,4.393478,13.2665296,34.84672709
fusion_aux,1b,stem_right,999,cmu1,False,98,10,173.5110811,876.10670208,5.049284,10.90621989,36.93075123
fusion_aux,1b,stem_right,1111,cmu6,True,98,10,395.64290227,233.88132875,0.591142,4.83294855,17.15257645
fusion_aux,1b,stem_right,1111,cmu6,False,98,10,219.31889291,100.92817262,0.460189,6.69467796,29.15042715
fusion_aux,1b,stem_right,2222,cmu6,True,98,10,24.18612384,9.27788969,0.383604,4.69060736,38.01892891
fusion_aux,1b,stem_right,2222,cmu6,False,98,10,54.84355335,9.55469052,0.174217,6.51025905,17.92790637
fusion_aux,1b,stem_right,3333,cmu6,True,98,10,629.51839082,40.14212424,0.063766,18.19061136,36.62710533
fusion_aux,1b,stem_right,3333,cmu6,False,98,10,596.46226265,13.6348063,0.022859,11.30323444,14.84013634
fusion_aux,1b,stem_right,4444,cmu6,True,98,10,765.15606801,99.07806897,0.129487,8.27918761,20.00347142
fusion_aux,1b,stem_right,4444,cmu6,False,98,10,42.18195496,5779.59800187,137.015888,6.97682666,20.40175276
fusion_aux,1b,stem_right,5555,cmu6,True,98,10,263.050776,4.18785513,0.01592,9.57989761,16.5376317
fusion_aux,1b,stem_right,5555,cmu6,False,98,10,91.39680475,753.12673761,8.240187,3.53078774,19.51541328
fusion_aux,2,stem_left,42,cmu3_p2,True,98,10,78.31255952,980.01912086,12.514201,6.50519214,48.67821732
fusion_aux,2,stem_left,42,babel-w5-20,False,98,10,471.08134777,5675.20173831,12.04718,4.08329493,19.17269249
fusion_aux,2,stem_left,123,cmu3_p2,True,98,10,89.73793583,924.03099873,10.296994,2.42629832,20.30629025
fusion_aux,2,stem_left,123,cmu3_p2,False,98,10,302.17745071,2135.51252223,7.067081,9.3211051,23.6922061
fusion_aux,2,stem_left,456,cmu3_p2,True,98,10,641.25930989,320.33085435,0.499534,6.84514512,40.46106319
fusion_aux,2,stem_left,456,cmu3_p2,False,98,10,945.05965369,1740.37972038,1.841555,6.83935212,24.95832634
fusion_aux,2,stem_left,789,cmu3_p2,True,98,10,474.08016038,11022.58745353,23.250472,15.25614918,90.00473175
fusion_aux,2,stem_left,789,cmu3_p2,False,98,10,248.63062666,118.44612236,0.476394,7.61717088,25.9392128
fusion_aux,2,stem_left,999,cmu3_p2,True,98,10,802.1930402,347.21041268,0.432827,6.3085547,64.18618584
fusion_aux,2,stem_left,999,cmu3_p2,False,98,10,1081.33580482,2561.23215307,2.368582,3.2661858,34.03541088
fusion_aux,2,stem_left,1111,babel-s9-16,True,98,10,349.52425524,427.84537612,1.224079,3.38217643,25.41139603
fusion_aux,2,stem_left,1111,cmu3_p2,False,98,10,356.1984058,8.31466547,0.023343,7.34565464,37.42847023
fusion_aux,2,stem_left,2222,cmu3_p2,True,98,10,2936.23335282,657.90250927,0.224063,10.22101608,38.40252857
fusion_aux,2,stem_left,2222,cmu3_p2,False,98,10,96.11203046,320.03117431,3.329772,4.55494252,23.01541767
fusion_aux,2,stem_left,3333,cmu3_p2,True,98,10,339.35348271,2869.0782131,8.454542,12.72422269,28.39322014
fusion_aux,2,stem_left,3333,cmu3_p2,False,98,10,92.8621976,184.181517,1.983385,10.00140227,38.6146801
fusion_aux,2,stem_left,4444,cmu3_p2,True,98,10,27.20862427,2431.41235499,89.361826,6.52056181,17.40729599
fusion_aux,2,stem_left,4444,cmu3_p2,False,98,10,109.5459698,114.26817648,1.043107,7.23067556,45.40123329
fusion_aux,2,stem_left,5555,cmu3_p2,True,98,10,194.81273557,443.13250072,2.274659,9.9669941,21.20728092
fusion_aux,2,stem_left,5555,cmu3_p2,False,98,10,618.96116718,252.34024733,0.407683,4.55576553,24.34158001
fusion_aux,2,stem_right,42,babel-t9-24,True,98,10,231.70334639,897.36714489,3.872914,3.31929262,30.3204833
fusion_aux,2,stem_right,42,cmu4_p2,False,98,10,221.79421772,413.13316419,1.862687,5.0691591,48.19701958
fusion_aux,2,stem_right,123,babel-t9-24,True,98,10,176.18998794,619.18365694,3.514295,2.83028214,35.73471222
fusion_aux,2,stem_right,123,cmu4_p2,False,98,10,1234.90037967,10401.61740638,8.423042,7.62724191,51.48157005
fusion_aux,2,stem_right,456,babel-t9-24,True,98,10,201.348661,255.63382328,1.269608,8.17842489,46.82259636
fusion_aux,2,stem_right,456,cmu4_p2,False,98,10,314.42688288,627.03092066,1.994203,5.08231853,46.79086933
fusion_aux,2,stem_right,789,cmu4_p2,True,98,10,525.41420361,2246.50285503,4.27568,5.07796189,52.68152256
fusion_aux,2,stem_right,789,cmu4_p2,False,98,10,16.12526835,2712.2374502,168.197973,11.27931586,39.91608372
fusion_aux,2,stem_right,999,babel-t9-24,True,98,10,417.5958345,1658.89673757,3.972493,6.72513851,38.11384792
fusion_aux,2,stem_right,999,cmu4_p2,False,98,10,106.09957095,7205.97573848,67.917105,9.46170692,58.91794224
fusion_aux,2,stem_right,1111,cmu4_p2,True,98,10,289.08552539,7493.39738799,25.92104,3.1570463,34.88476105
fusion_aux,2,stem_right,1111,cmu4_p2,False,98,10,212.43030533,4493.41264633,21.152409,7.77183026,54.07102642
fusion_aux,2,stem_right,2222,cmu4_p2,True,98,10,214.80335607,682.31733859,3.176474,7.65309737,44.63951149
fusion_aux,2,stem_right,2222,cmu4_p2,False,98,10,222.04663184,4780.24342941,21.528106,4.79092469,35.76028824
fusion_aux,2,stem_right,3333,cmu4_p2,True,98,10,45.0421487,3159.84338773,70.153034,6.9807389,42.48798504
fusion_aux,2,stem_right,3333,cmu4_p2,False,98,10,373.84161741,1320.28555016,3.531671,5.04919832,55.13209534
fusion_aux,2,stem_right,4444,cmu4_p2,True,98,10,410.12424827,1841.99999244,4.491322,9.78979874,38.50923367
fusion_aux,2,stem_right,4444,cmu4_p2,False,98,10,256.09752351,4868.09482507,19.008754,7.68568133,47.1859911
fusion_aux,2,stem_right,5555,cmu4_p2,True,98,10,419.21269818,2657.68072098,6.339695,8.50921795,35.09774075
fusion_aux,2,stem_right,5555,cmu4_p2,False,98,10,120.65145393,6639.05043531,55.026692,9.41953369,41.58249016
fusion_aux,2_dense,right_left,42,babel-t9-20,True,98,10,136.01000151,317.85519905,2.336999,1.5548033,18.51510649
fusion_aux,2_dense,right_left,42,cmu1,False,98,10,290.97423018,4.20244656,0.014443,2.52160817,14.55659657
fusion_aux,2_dense,right_left,123,babel-t9-20,True,98,10,112.69146155,88.92563064,0.789107,1.48540141,19.51448898
fusion_aux,2_dense,right_left,123,cmu1,False,98,10,99.98214501,444.9223795,4.450018,3.8296018,15.90775623
fusion_aux,2_dense,right_left,456,babel-t9-20,True,98,10,400.9154927,1238.79585346,3.089918,2.40018997,22.85156403
fusion_aux,2_dense,right_left,456,cmu1,False,98,10,310.19169042,1418.71819114,4.573682,2.53049317,18.45034409
fusion_aux,2_dense,right_left,789,babel-t9-20,True,98,10,185.21453756,914.15023131,4.935629,3.15141075,17.68573589
fusion_aux,2_dense,right_left,789,cmu1,False,98,10,134.6435111,353.77652612,2.627505,3.99108825,12.31399021
fusion_aux,2_dense,right_left,999,babel-t9-20,True,98,10,254.03827848,322.56030694,1.269731,1.55742371,11.80865059
fusion_aux,2_dense,right_left,999,cmu1,False,98,10,294.53547991,40.00778741,0.135834,1.71580823,16.70539694
fusion_aux,2_dense,right_left,1111,babel-x9-28,True,98,10,553.87831864,552.57147828,0.997641,1.80928174,15.59576149
fusion_aux,2_dense,right_left,1111,cmu6,False,98,10,525.54406341,60.96054815,0.115995,5.32280748,18.1692214
fusion_aux,2_dense,right_left,2222,cmu6,True,98,10,357.43856884,14.96859001,0.041877,1.48563011,16.88355293
fusion_aux,2_dense,right_left,2222,cmu6,False,98,10,149.12980912,780.62405765,5.234527,2.25979759,17.76676984
fusion_aux,2_dense,right_left,3333,cmu6,True,98,10,105.34291744,1329.50596991,12.620744,2.88845594,14.27757483
fusion_aux,2_dense,right_left,3333,cmu6,False,98,10,121.05740686,398.91827751,3.295282,3.63921212,13.18954639
fusion_aux,2_dense,right_left,4444,cmu6,True,98,10,567.77212945,73.74542513,0.129886,4.43003467,12.16429315
fusion_aux,2_dense,right_left,4444,cmu6,False,98,10,438.35782436,11.24082535,0.025643,1.92496743,16.06141644
fusion_aux,2_dense,right_left,5555,cmu6,True,98,10,391.51946492,310.81036176,0.793857,5.24995704,20.70434837
fusion_aux,2_dense,right_left,5555,cmu6,False,98,10,143.35991328,69.95360208,0.487958,2.15725699,22.0346529
fusion_aux,3,left_right,42,cmu4_p2,True,184,18,105.96621965,109.80709523,1.036246,21.79774984,24.78824388
fusion_aux,3,left_right,42,cmu4_p2,False,98,10,234.16274061,935.96194241,3.997058,12.1593579,23.65769405
fusion_aux,3,left_right,123,cmu4_p2,True,183,18,117.11894515,3205.2732764,27.367675,10.16208478,16.3397336
fusion_aux,3,left_right,123,cmu4_p2,False,98,10,1406.3080344,3600.34130447,2.560137,19.55097276,17.80636568
fusion_aux,3,left_right,456,cmu4_p2,True,98,10,318.36692602,1039.45624756,3.264963,11.0431078,20.93395252
fusion_aux,3,left_right,456,cmu4_p2,False,98,10,812.69987979,177.61528142,0.21855,4.94827481,19.05491142
fusion_aux,3,left_right,789,cmu4_p2,True,98,10,265.16875489,1798.96996879,6.784246,21.02153662,23.73131504
fusion_aux,3,left_right,789,cmu4_p2,False,98,10,240.39862099,79.1224947,0.32913,18.84700021,23.168888
fusion_aux,3,left_right,999,cmu4_p2,True,184,18,304.42679869,4549.7288317,14.945231,23.98833639,18.99375953
fusion_aux,3,left_right,999,cmu4_p2,False,98,10,174.03313219,3240.83167184,18.621923,7.11468001,18.70536194
fusion_aux,3,left_right,1111,cmu4_p2,True,183,18,1270.74463392,3827.28242802,3.011842,28.98522819,20.00750645
fusion_aux,3,left_right,1111,cmu4_p2,False,98,10,96.78639875,558.08792498,5.766181,19.66847024,23.88754797
fusion_aux,3,left_right,2222,cmu4_p2,True,183,18,1901.02785071,89.43849101,0.047047,19.5607844,19.54982742
fusion_aux,3,left_right,2222,cmu4_p2,False,98,10,112.69339658,1987.93309174,17.640191,6.13687216,22.79212065
fusion_aux,3,left_right,3333,cmu4_p2,True,184,18,88.98199852,3989.85317742,44.83888,29.97849544,20.22241068
fusion_aux,3,left_right,3333,cmu4_p2,False,98,10,360.07015035,3285.19568367,9.123766,7.8723055,19.78624344
fusion_aux,3,left_right,4444,cmu4_p2,True,184,18,377.91368945,3119.07015417,8.253393,29.29170391,22.95391422
fusion_aux,3,left_right,4444,cmu4_p2,False,98,10,398.06333179,3722.72654648,9.352096,13.07577703,32.68251095
fusion_aux,3,left_right,5555,cmu4_p2,True,98,10,246.82690134,4756.29370298,19.269754,12.59882149,22.41898127
fusion_aux,3,left_right,5555,cmu4_p2,False,98,10,1408.96998873,177.81651837,0.126203,16.48066889,21.30432739
fusion_aux,3,right_left,42,cmu4_p2,True,98,10,152.80050432,1276.37605023,8.353219,1.43534151,17.01395044
fusion_aux,3,right_left,42,cmu4_p2,False,98,10,345.80884842,2157.22025148,6.238187,1.96308033,17.28465548
fusion_aux,3,right_left,123,cmu4_p2,True,98,10,89.3976581,1569.85195443,17.560325,1.54502904,22.97564516
fusion_aux,3,right_left,123,cmu4_p2,False,98,10,66.40851879,28.86313234,0.43463,3.83131095,19.93016119
fusion_aux,3,right_left,456,cmu4_p2,True,98,10,407.32574312,336.07012469,0.825065,2.91922261,82.80418091
fusion_aux,3,right_left,456,cmu4_p2,False,98,10,27.8771977,1094.00805989,39.243832,4.04639981,19.0671483
fusion_aux,3,right_left,789,babel-u5-24,True,98,10,155.66278142,128.96132549,0.828466,3.8090068,28.72845707
fusion_aux,3,right_left,789,cmu4_p2,False,98,10,272.7198809,1215.42932162,4.456695,4.12544155,62.73172073
fusion_aux,3,right_left,999,cmu4_p2,True,98,10,61.49170232,75.37456026,1.225768,2.45092593,16.2084178
fusion_aux,3,right_left,999,cmu4_p2,False,98,10,448.54506663,5374.6778212,11.98247,2.73597282,41.70103035
fusion_aux,3,right_left,1111,babel-u5-24,True,98,10,618.20753013,11.02923056,0.017841,2.93665926,126.28502808
fusion_aux,3,right_left,1111,cmu4_p2,False,98,10,297.98182454,435.39482861,1.461146,6.92762277,108.21063995
fusion_aux,3,right_left,2222,cmu4_p2,True,98,10,108.03232379,603.13131082,5.582878,2.05135842,28.10686874
fusion_aux,3,right_left,2222,cmu4_p2,False,98,10,12.85483986,290.64005246,22.609387,1.64493563,46.94582119
fusion_aux,3,right_left,3333,cmu4_p2,True,98,10,17.46961374,17.03750458,0.975265,4.98011691,44.05711784
fusion_aux,3,right_left,3333,cmu4_p2,False,98,10,116.04583672,389.26766826,3.35443,4.20574662,15.96387949
fusion_aux,3,right_left,4444,cmu4_p2,True,98,10,242.20890953,653.30803451,2.697292,6.42921796,33.19542046
fusion_aux,3,right_left,4444,cmu4_p2,False,98,10,13.20386743,1968.77621891,149.106027,3.37903045,87.97995644
fusion_aux,3,right_left,5555,cmu4_p2,True,98,10,181.94351444,678.32023105,3.728191,6.1801119,36.22798347
fusion_aux,3,right_left,5555,cmu4_p2,False,98,10,206.84261666,126.19393889,0.610096,2.22189068,38.97291679
fusion_aux,4,stem_left,42,babel-s9-20,True,98,10,139.1964129,451.63702036,3.244602,5.50589286,45.93738556
fusion_aux,4,stem_left,42,cmu4_p2,False,98,10,609.7161623,1378.34000571,2.260626,5.9550758,33.55178509
fusion_aux,4,stem_left,123,babel-u5-24,True,98,10,119.79405033,2045.92873894,17.078717,1.26913227,26.8750061
fusion_aux,4,stem_left,123,cmu4_p2,False,98,10,339.46271048,2160.5079911,6.364493,9.42325939,29.12969074
fusion_aux,4,stem_left,456,babel-u5-24,True,98,10,24.7483316,544.19523122,21.989168,5.32477006,55.61005898
fusion_aux,4,stem_left,456,cmu4_p2,False,98,10,37.21506959,2418.40756914,64.984631,4.72753124,29.62217579
fusion_aux,4,stem_left,789,babel-u5-24,True,98,10,1621.65942457,3637.60953231,2.24314,4.331182,60.88504601
fusion_aux,4,stem_left,789,cmu4_p2,False,98,10,438.07926804,349.94359982,0.798813,6.69429705,65.03591232
fusion_aux,4,stem_left,999,babel-u5-24,True,98,10,164.65790419,3778.63194129,22.948379,8.09726788,65.39807777
fusion_aux,4,stem_left,999,cmu4_p2,False,98,10,1340.32047902,1203.71461624,0.89808,13.17082436,27.17194624
fusion_aux,4,stem_left,1111,cmu4_p2,True,98,10,123.55796335,851.81429527,6.894046,9.69302963,46.55990944
fusion_aux,4,stem_left,1111,cmu4_p2,False,98,10,2621.52305352,196.43457023,0.074931,12.20403845,30.41305199
fusion_aux,4,stem_left,2222,cmu4_p2,True,98,10,29.52178316,422.5177981,14.312069,3.61061065,32.83813286
fusion_aux,4,stem_left,2222,cmu4_p2,False,98,10,250.89707196,5652.46176824,22.529007,7.7870208,60.31366577
fusion_aux,4,stem_left,3333,cmu4_p2,True,98,10,3078.57926339,6976.85966357,2.26626,28.35869148,34.38788548
fusion_aux,4,stem_left,3333,cmu4_p2,False,98,10,120.16800914,982.3605461,8.174892,24.77178563,62.64013901
fusion_aux,4,stem_left,4444,cmu4_p2,True,98,10,28.25166241,3813.36176456,134.978314,9.61080354,32.58919964
fusion_aux,4,stem_left,4444,cmu4_p2,False,98,10,78.63579184,4373.63690716,55.618908,6.55186061,30.81855373
fusion_aux,4,stem_left,5555,cmu4_p2,True,181,18,2905.57098579,1876.55654639,0.645848,11.45839859,28.17566792
fusion_aux,4,stem_left,5555,cmu4_p2,False,98,10,294.9458968,660.21322522,2.238421,4.54947235,24.84428673
fusion_aux,4,stem_right,42,cmu4_p2,True,98,10,104.06838384,2802.6195178,26.930557,4.28815103,53.99765911
fusion_aux,4,stem_right,42,cmu4_p2,False,98,10,179.18871531,352.67673094,1.968186,3.01253395,51.9464283
fusion_aux,4,stem_right,123,babel-u9-28,True,98,10,34.69330514,2843.34744434,81.956661,2.65718131,33.83314896
fusion_aux,4,stem_right,123,cmu4_p2,False,98,10,184.35098137,13189.1824608,71.543869,10.78716522,56.00302849
fusion_aux,4,stem_right,456,cmu4_p2,True,98,10,247.7330746,76.32667726,0.3081,6.02613137,39.32732449
fusion_aux,4,stem_right,456,cmu4_p2,False,98,10,513.49639319,3525.74463553,6.866153,4.4194544,57.56888466
fusion_aux,4,stem_right,789,cmu4_p2,True,98,10,114.4314632,2915.24518798,25.475906,6.50459015,46.64710426
fusion_aux,4,stem_right,789,cmu4_p2,False,98,10,579.48558648,485.37225285,0.837592,19.47299549,52.58467255
fusion_aux,4,stem_right,999,cmu4_p2,True,98,10,337.23571946,2.84785989,0.008445,5.71810757,49.6310524
fusion_aux,4,stem_right,999,cmu4_p2,False,98,10,273.29929635,1026.50565053,3.755976,8.5930831,46.25177097
fusion_aux,4,stem_right,1111,cmu4_p2,True,181,18,159.18575641,4634.33276783,29.112735,10.15429931,37.30267885
fusion_aux,4,stem_right,1111,cmu4_p2,False,98,10,520.23005378,14008.4678,26.927448,5.95322595,48.04876099
fusion_aux,4,stem_right,2222,cmu4_p2,True,98,10,22.78416389,1754.66638663,77.012542,5.08650771,44.86893082
fusion_aux,4,stem_right,2222,cmu4_p2,False,98,10,144.53417495,3975.28520289,27.504119,8.27013754,44.86607056
fusion_aux,4,stem_right,3333,cmu4_p2,True,98,10,272.60568422,1256.54972608,4.609404,9.32871303,21.59628363
fusion_aux,4,stem_right,3333,cmu4_p2,False,98,10,933.75951176,1139.47799088,1.220312,8.18430988,44.65488548
fusion_aux,4,stem_right,4444,cmu4_p2,True,98,10,1142.5763321,10325.30119586,9.036859,11.53985918,25.03668842
fusion_aux,4,stem_right,4444,cmu4_p2,False,98,10,531.63122709,1989.04673597,3.741403,4.22816979,23.03648872
fusion_aux,4,stem_right,5555,babel-u9-28,True,98,10,501.74212826,5767.06133442,11.494074,6.47528418,18.85360785
fusion_aux,4,stem_right,5555,cmu4_p2,False,98,10,824.57816482,4258.81921982,5.164846,4.16446946,51.91024075
hjb_aux,1a,right_stem,42,babel-s9-20,True,98,10,380.75848751,2.49199502,0.006545,37.14184515,100.25698261
hjb_aux,1a,right_stem,42,cmu5_p2,False,98,10,21.12427454,134.76047574,6.379413,17.84177168,70.87688026
hjb_aux,1a,right_stem,123,babel-s9-20,True,98,10,93.04505692,5.15756979,0.055431,4.04372583,117.30258675
hjb_aux,1a,right_stem,123,cmu5_p2,False,98,10,62.18238697,2.42652943,0.039023,14.16588164,90.00218658
hjb_aux,1a,right_stem,456,cmu5_p2,True,98,10,1.88520785,2.02284986,1.073012,47.13787583,83.01046467
hjb_aux,1a,right_stem,456,cmu5_p2,False,98,10,190.13282658,513.58728585,2.701203,34.53220771,74.55550117
hjb_aux,1a,right_stem,789,babel-s9-20,True,98,10,71.07011008,2.53622158,0.035686,8.38632178,129.7901268
hjb_aux,1a,right_stem,789,cmu5_p2,False,98,10,1625.35736126,2.18008072,0.001341,24.24280151,87.75411892
hjb_aux,1a,right_stem,999,babel-s9-20,True,98,10,177.33385169,2.41446933,0.013615,2.73312627,83.28836098
hjb_aux,1a,right_stem,999,cmu5_p2,False,98,10,108.49651158,2.51050289,0.023139,17.65023941,104.50259247
hjb_aux,1a,right_stem,1111,cmu5_p2,True,98,10,5.74438203,3.4778617,0.605437,20.8874887,76.9740242
hjb_aux,1a,right_stem,1111,cmu5_p2,False,98,10,67.23281289,696.09046967,10.353434,19.57357771,91.07089081
hjb_aux,1a,right_stem,2222,cmu5_p2,True,98,10,352.56792131,558.78651447,1.584905,8.52893276,56.74308815
hjb_aux,1a,right_stem,2222,cmu5_p2,False,98,10,3032.26531177,2.17911353,0.000719,125.78865891,63.49837608
hjb_aux,1a,right_stem,3333,babel-s9-20,True,98,10,152.45865838,2.17889572,0.014292,13.69745048,70.54065247
hjb_aux,1a,right_stem,3333,cmu5_p2,False,98,10,521.38996591,346.03218416,0.663673,29.95191924,114.72742691
hjb_aux,1a,right_stem,4444,cmu5_p2,True,98,10,71.0931541,2.15620915,0.030329,52.54774786,95.43206234
hjb_aux,1a,right_stem,4444,cmu5_p2,False,98,10,120.08411489,25.30200318,0.210702,48.65362749,103.54680023
hjb_aux,1a,right_stem,5555,babel-s9-20,True,98,10,26.38100072,2.80428436,0.106299,2.55779448,87.21661167
hjb_aux,1a,right_stem,5555,cmu5_p2,False,98,10,46.49746491,2.64461858,0.056877,4.69393616,101.401507
hjb_aux,1a,stem_left,42,cmu5_p2,True,98,10,1002.03198637,40.80760834,0.040725,118.81148895,87.97539215
hjb_aux,1a,stem_left,42,cmu5_p2,False,98,10,4.87920039,84.79600325,17.379078,4.04765916,253.48019867
hjb_aux,1a,stem_left,123,cmu5_p2,True,98,10,235.50589913,80.2015285,0.34055,14.08132785,89.18166313
hjb_aux,1a,stem_left,123,cmu5_p2,False,98,10,56.46413509,2.5121094,0.04449,38.26251939,123.08376236
hjb_aux,1a,stem_left,456,cmu5_p2,True,98,10,22.90772027,2.72466516,0.118941,50.40215256,158.19562073
hjb_aux,1a,stem_left,456,cmu5_p2,False,98,10,145.1044818,5653.27926431,38.96006,16.44931087,153.274897
hjb_aux,1a,stem_left,789,babel-s9-20,True,98,10,72.19088008,56.62937796,0.78444,11.883224,131.95849609
hjb_aux,1a,stem_left,789,cmu5_p2,False,98,10,151.11819133,2.93987045,0.019454,75.10017794,106.78267403
hjb_aux,1a,stem_left,999,cmu5_p2,True,98,10,45.53694096,2.42433968,0.053239,10.40204514,61.27733269
hjb_aux,1a,stem_left,999,cmu5_p2,False,98,10,2222.96815796,24.18739662,0.010881,42.84591516,148.93451767
hjb_aux,1a,stem_left,1111,cmu5_p2,True,98,10,73.99373398,2.8415251,0.038402,29.54117281,134.4934185
hjb_aux,1a,stem_left,1111,cmu5_p2,False,98,10,246.64786176,3.3422343,0.013551,31.12757653,146.73375549
hjb_aux,1a,stem_left,2222,cmu5_p2,True,98,10,84.2909219,2.59044815,0.030732,6.65655536,90.4783783
hjb_aux,1a,stem_left,2222,cmu5_p2,False,98,10,12.9552084,70.76553419,5.462323,15.58321237,119.58158951
hjb_aux,1a,stem_left,3333,cmu5_p2,True,98,10,703.58878114,428.02943268,0.608352,0.92461826,84.5159565
hjb_aux,1a,stem_left,3333,cmu5_p2,False,98,10,62.15666346,2.94367464,0.047359,24.53046224,95.53079758
hjb_aux,1a,stem_left,4444,cmu5_p2,True,98,10,960.95973676,649.73447306,0.676131,9.45083005,145.2060257
hjb_aux,1a,stem_left,4444,cmu5_p2,False,98,10,1430.26561393,2.60984879,0.001825,74.55998072,91.37655334
hjb_aux,1a,stem_left,5555,cmu5_p2,True,98,10,6.18378716,2838.90921066,459.089089,1.88525271,129.88374863
hjb_aux,1a,stem_left,5555,cmu5_p2,False,98,10,51.74307355,2.50460646,0.048405,17.10978101,102.22692814
hjb_aux,1a,stem_right,42,cmu2,True,98,10,3963.5780664,2796.79384658,0.705624,103.38336095,93.30922852
hjb_aux,1a,stem_right,42,cmu2,False,98,10,18.69373089,2.23373239,0.119491,11.63044556,52.40901756
hjb_aux,1a,stem_right,123,cmu2,True,98,10,79.79533653,1978.10868187,24.789778,21.89480825,71.7663826
hjb_aux,1a,stem_right,123,cmu2,False,98,10,116.46897543,3063.74458585,26.305242,22.81584058,60.54485283
hjb_aux,1a,stem_right,456,cmu2,True,98,10,118.90475933,2718.47857962,22.862656,26.95467653,76.64386864
hjb_aux,1a,stem_right,456,cmu2,False,98,10,1649.99035296,1693.46299881,1.026347,33.19534572,213.52077103
hjb_aux,1a,stem_right,789,cmu2,True,98,10,825.97058778,86.93531137,0.105252,10.98075252,109.64855967
hjb_aux,1a,stem_right,789,cmu2,False,98,10,1221.76647708,2.05292492,0.00168,72.3926914,67.020578
hjb_aux,1a,stem_right,999,cmu2,True,98,10,122.96149333,2.29534611,0.018667,6.85244524,80.09920921
hjb_aux,1a,stem_right,999,cmu2,False,98,10,53.99806208,2344.37835746,43.415972,53.97665983,103.29886494
hjb_aux,1a,stem_right,1111,cmu7,True,98,10,49.81674937,1.99788532,0.040105,20.23759098,54.16001549
hjb_aux,1a,stem_right,1111,cmu7,False,98,10,244.94286428,300.34393625,1.22618,53.59863852,91.43298988
hjb_aux,1a,stem_right,2222,cmu7,True,98,10,23.77674383,2.42479908,0.101982,9.49187723,77.33363686
hjb_aux,1a,stem_right,2222,cmu7,False,98,10,25.23300714,1.65974591,0.065777,52.70699419,76.09783916
hjb_aux,1a,stem_right,3333,cmu7,True,98,10,30.68406404,2.32250581,0.075691,0.68158622,89.62027035
hjb_aux,1a,stem_right,3333,cmu7,False,98,10,222.86458442,2.43238178,0.010914,18.62021111,84.42353821
hjb_aux,1a,stem_right,4444,cmu7,True,98,10,68.23921341,2.19585217,0.032179,42.26396602,86.08457012
hjb_aux,1a,stem_right,4444,cmu7,False,98,10,587.41863167,13247.88196988,22.55271,41.14455483,59.31019859
hjb_aux,1a,stem_right,5555,cmu7,True,98,10,57.52754176,2.03733532,0.035415,3.24519188,43.65301456
hjb_aux,1a,stem_right,5555,cmu7,False,98,10,224.41355054,354.63902209,1.580292,13.78922752,97.10449972
hjb_aux,1b,stem_left,42,babel-w5-20,True,98,10,15.29609154,9.36483723,0.612237,13.48322043,72.51135941
hjb_aux,1b,stem_left,42,cmu5_p2,False,98,10,42.17854829,46.84747422,1.110694,36.11425852,47.35823307
hjb_aux,1b,stem_left,123,cmu5_p2,True,98,10,57.98914702,0.97184308,0.016759,16.06417119,2.13200022
hjb_aux,1b,stem_left,123,cmu5_p2,False,98,10,473.22064052,42.49334757,0.089796,27.02271957,59.3459326
hjb_aux,1b,stem_left,456,cmu5_p2,True,98,10,40.67221928,4970.11077315,122.199154,42.84820303,113.57515945
hjb_aux,1b,stem_left,456,babel-s9-20,False,98,10,90.35801792,40.88031083,0.452426,18.67325236,28.51891747
hjb_aux,1b,stem_left,789,cmu5_p2,True,98,10,11.89930526,41.79772734,3.512619,28.19796881,1.68375311
hjb_aux,1b,stem_left,789,cmu5_p2,False,98,10,55.42109272,2666.65806273,48.116303,77.9288078,233.03408813
hjb_aux,1b,stem_left,999,cmu5_p2,True,98,10,113.81935988,1.02359291,0.008993,32.95710345,2.39966016
hjb_aux,1b,stem_left,999,cmu5_p2,False,98,10,287.06791853,516.71044954,1.799959,22.87247167,95.83984833
hjb_aux,1b,stem_left,1111,babel-w5-20,True,98,10,67.31802514,93.05957072,1.382387,30.88591098,84.85083961
hjb_aux,1b,stem_left,1111,cmu5_p2,False,98,10,606.8253145,65.81210123,0.108453,19.22416018,211.14977112
hjb_aux,1b,stem_left,2222,cmu5_p2,True,98,10,256.10192362,101.33616799,0.395687,4.98400691,2.06833295
hjb_aux,1b,stem_left,2222,cmu5_p2,False,98,10,38.21082778,1225.58542292,32.074297,12.22851103,11.90133498
hjb_aux,1b,stem_left,3333,cmu5_p2,True,98,10,25.66094897,14.95017332,0.582604,6.02817459,102.86393661
hjb_aux,1b,stem_left,3333,cmu5_p2,False,98,10,194.85836849,4.52732553,0.023234,40.58568732,25.5549943
hjb_aux,1b,stem_left,4444,cmu5_p2,True,98,10,4570.59304018,0.76038604,0.000166,58.82338347,1.38738453
hjb_aux,1b,stem_left,4444,cmu5_p2,False,98,10,11.13912465,1.11257145,0.09988,26.10801534,25.73423803
hjb_aux,1b,stem_left,5555,babel-w5-20,True,98,10,136.26974995,80.63496569,0.59173,12.2427964,158.67580185
hjb_aux,1b,stem_left,5555,cmu5_p2,False,98,10,49.75718037,587.86766977,11.81473,19.4469069,121.92802162
hjb_aux,1b,stem_right,42,cmu2,True,98,10,116.27738529,7.89259888,0.067877,15.91694037,53.29328175
hjb_aux,1b,stem_right,42,cmu2,False,98,10,175.81470443,203.11140705,1.155258,20.97970392,85.20769043
hjb_aux,1b,stem_right,123,cmu2,True,98,10,32.28100263,25.49904692,0.789909,15.6539419,62.905509
hjb_aux,1b,stem_right,123,cmu2,False,98,10,235.37142273,111.55574815,0.473956,26.2241552,72.70380421
hjb_aux,1b,stem_right,456,cmu2,True,98,10,429.54791985,14956.29390694,34.818685,14.18394731,77.14151917
hjb_aux,1b,stem_right,456,cmu2,False,98,10,193.24163909,298.45636435,1.544472,11.3753112,65.85921173
hjb_aux,1b,stem_right,789,cmu2,True,98,10,17.23372192,5161.55099581,299.502976,15.50352481,67.51841087
hjb_aux,1b,stem_right,789,cmu2,False,98,10,24.17513633,8.69003509,0.359462,21.29048084,57.8354641
hjb_aux,1b,stem_right,999,cmu2,True,98,10,318.63907413,35.79288685,0.112331,27.58594893,66.44693375
hjb_aux,1b,stem_right,999,cmu2,False,98,10,36.65163009,794.56906312,21.678956,18.54111647,73.18971329
hjb_aux,1b,stem_right,1111,cmu7,True,98,10,269.37906599,1419.79658355,5.270627,18.81957915,78.14227486
hjb_aux,1b,stem_right,1111,cmu7,False,98,10,495.20611815,83.15701987,0.167924,12.71120548,86.45951996
hjb_aux,1b,stem_right,2222,cmu7,True,98,10,85.35585027,52.30386699,0.612774,16.62922454,66.07284737
hjb_aux,1b,stem_right,2222,cmu7,False,98,10,52.95832724,615.63942349,11.624979,12.82246093,72.62978439
hjb_aux,1b,stem_right,3333,cmu7,True,98,10,21.60807842,228.56182337,10.57761,4.18392666,69.80212402
hjb_aux,1b,stem_right,3333,cmu7,False,98,10,213.04045695,44.9366387,0.21093,16.62405706,65.38194027
hjb_aux,1b,stem_right,4444,cmu7,True,98,10,115.97692401,27.04753125,0.233215,27.11267821,80.21501808
hjb_aux,1b,stem_right,4444,cmu7,False,98,10,281.19452882,2827.18778329,10.054206,18.13670858,61.38164063
hjb_aux,1b,stem_right,5555,cmu7,True,98,10,0.89440489,274.21796441,306.592651,12.39226949,62.2227726
hjb_aux,1b,stem_right,5555,cmu7,False,98,10,252.72700599,1104.25379223,4.369354,22.49974229,84.07850037
hjb_aux,2,stem_left,42,cmu5_p2,True,98,10,247.62045805,3794.0164378,15.321902,20.96712518,103.27358704
hjb_aux,2,stem_left,42,cmu5_p2,False,98,10,3046.48454597,10290.69660437,3.377892,6.94825686,151.03985291
hjb_aux,2,stem_left,123,cmu5_p2,True,98,10,83.44159765,3098.56346595,37.134517,11.28824006,154.88200912
hjb_aux,2,stem_left,123,cmu5_p2,False,98,10,175.43240565,1830.94169707,10.436736,30.29922181,204.89380646
hjb_aux,2,stem_left,456,cmu5_p2,True,98,10,215.61880877,7355.5445837,34.11365,16.23564114,187.75016556
hjb_aux,2,stem_left,456,cmu5_p2,False,98,10,110.53757764,116.43856454,1.053384,18.91870109,198.97770538
hjb_aux,2,stem_left,789,cmu5_p2,True,98,10,3355.03833278,1095.23942884,0.326446,13.03044411,150.87741318
hjb_aux,2,stem_left,789,cmu5_p2,False,98,10,329.56070492,2.74942857,0.008343,36.87273628,190.33138046
hjb_aux,2,stem_left,999,cmu5_p2,True,98,10,221.1284999,3182.57476935,14.392422,4.32225964,202.29559021
hjb_aux,2,stem_left,999,cmu5_p2,False,98,10,108.51485799,10920.99658682,100.640565,9.73357267,47.64099846
hjb_aux,2,stem_left,1111,cmu5_p2,True,98,10,515.46793287,1060.56927383,2.057488,14.33447416,112.64820404
hjb_aux,2,stem_left,1111,cmu5_p2,False,98,10,1387.65168509,3781.05648617,2.724788,19.52999871,160.09044037
hjb_aux,2,stem_left,2222,cmu5_p2,True,98,10,586.87566471,1056.6478358,1.800463,8.83171105,125.30625687
hjb_aux,2,stem_left,2222,cmu5_p2,False,98,10,62.63255906,476.86172485,7.613639,7.91695307,180.76923447
hjb_aux,2,stem_left,3333,cmu5_p2,True,98,10,546.49676811,5.51050923,0.010083,3.37653237,238.00203247
hjb_aux,2,stem_left,3333,cmu5_p2,False,98,10,139.54635558,27.7337887,0.198742,15.0899878,145.31201019
hjb_aux,2,stem_left,4444,cmu5_p2,True,98,10,1758.10029092,260.5848648,0.14822,24.73623438,61.55484543
hjb_aux,2,stem_left,4444,cmu5_p2,False,98,10,102.64541773,888.31060777,8.654167,9.46118689,209.04077606
hjb_aux,2,stem_left,5555,cmu5_p2,True,98,10,1236.9274793,1060.59201475,0.857441,6.10002938,155.15279846
hjb_aux,2,stem_left,5555,cmu5_p2,False,98,10,1150.7384287,11692.46446062,10.160836,16.3154348,150.30896912
hjb_aux,2,stem_right,42,babel-w5-32,True,98,10,997.70847542,1002.3931656,1.004695,27.87007875,104.75061188
hjb_aux,2,stem_right,42,cmu6_p2,False,98,10,275.65683356,2245.97676026,8.147727,9.33568378,66.20332108
hjb_aux,2,stem_right,123,cmu6_p2,True,98,10,274.23461355,6153.79816338,22.439903,9.18142362,78.84646149
hjb_aux,2,stem_right,123,cmu6_p2,False,98,10,1896.96012845,12426.97376108,6.550994,36.40507212,79.61243401
hjb_aux,2,stem_right,456,babel-w5-32,True,98,10,90.24539933,5528.56665376,61.261479,14.93921067,123.97490616
hjb_aux,2,stem_right,456,cmu6_p2,False,98,10,534.45015771,989.60829357,1.851638,13.36203762,104.41216011
hjb_aux,2,stem_right,789,cmu6_p2,True,98,10,25.40682104,6572.49319757,258.690105,13.46832314,130.35044861
hjb_aux,2,stem_right,789,cmu6_p2,False,98,10,189.04264949,1061.69339149,5.616158,25.66799892,104.55123329
hjb_aux,2,stem_right,999,babel-w5-32,True,98,10,100.2216152,9475.87638767,94.549228,14.22902089,107.66452103
hjb_aux,2,stem_right,999,cmu6_p2,False,98,10,28.78003868,2981.89397601,103.609797,16.95298408,116.52807236
hjb_aux,2,stem_right,1111,babel-w5-32,True,98,10,882.26893519,9121.69715229,10.338908,13.48103839,111.87286873
hjb_aux,2,stem_right,1111,cmu6_p2,False,98,10,169.35013776,11014.46744285,65.039613,10.17935277,105.51270485
hjb_aux,2,stem_right,2222,babel-w5-32,True,98,10,1657.91766421,21277.33111544,12.833768,11.90500288,122.88248138
hjb_aux,2,stem_right,2222,cmu6_p2,False,98,10,330.64996653,2930.30206351,8.862248,6.07544631,120.85448799
hjb_aux,2,stem_right,3333,babel-w5-32,True,98,10,67.00876835,477.6465299,7.12812,2.53899356,110.73749504
hjb_aux,2,stem_right,3333,cmu6_p2,False,98,10,469.82830059,7319.3643692,15.578807,10.02338972,114.91809692
hjb_aux,2,stem_right,4444,babel-w5-32,True,98,10,1185.47481406,5097.87989804,4.300285,20.6288155,104.27891235
hjb_aux,2,stem_right,4444,cmu6_p2,False,98,10,11.17905805,65.4925035,5.858499,8.69858888,88.27950859
hjb_aux,2,stem_right,5555,babel-w5-32,True,98,10,287.96386293,2747.47416794,9.541038,7.79669596,94.85006142
hjb_aux,2,stem_right,5555,cmu6_p2,False,98,10,159.50376599,3511.1517071,22.012971,12.66575795,84.54483719
hjb_aux,2_dense,right_left,42,cmu2,True,98,10,250.82329087,1625.32838719,6.479974,7.93277946,99.8138073
hjb_aux,2_dense,right_left,42,cmu2,False,98,10,73.01929142,6.6202296,0.090664,4.70359717,52.14084129
hjb_aux,2_dense,right_left,123,cmu2,True,98,10,123.18929271,2744.03684981,22.274962,5.3681662,30.8979475
hjb_aux,2_dense,right_left,123,cmu2,False,98,10,188.07911885,573.94666902,3.051624,14.6712225,51.40702496
hjb_aux,2_dense,right_left,456,cmu2,True,98,10,36.62108634,426.94447126,11.658433,6.7348428,64.32957096
hjb_aux,2_dense,right_left,456,cmu2,False,98,10,65.83562534,15.53686912,0.235995,10.47572163,90.78311996
hjb_aux,2_dense,right_left,789,cmu2,True,98,10,36.98732855,305.0822801,8.248292,6.65818027,85.55725822
hjb_aux,2_dense,right_left,789,cmu2,False,98,10,38.10595744,549.12450105,14.410463,14.77649918,62.87037563
hjb_aux,2_dense,right_left,999,cmu2,True,98,10,28.11741832,206.3778715,7.339858,5.79542223,144.44729767
hjb_aux,2_dense,right_left,999,cmu2,False,98,10,42.04793912,98.08204149,2.332624,10.44911413,76.10040817
hjb_aux,2_dense,right_left,1111,babel-w5-32,True,98,10,106.62734725,87.8585261,0.823977,2.71473717,100.69504662
hjb_aux,2_dense,right_left,1111,cmu7,False,98,10,343.73156086,1.52529941,0.004437,14.77859139,26.93201103
hjb_aux,2_dense,right_left,2222,babel-w5-32,True,98,10,10.87022906,35.2704555,3.244684,5.26454562,74.22801514
hjb_aux,2_dense,right_left,2222,cmu7,False,98,10,76.61572299,463.55358624,6.050371,2.91584815,52.00522556
hjb_aux,2_dense,right_left,3333,cmu7,True,98,10,265.5927151,22.75162934,0.085664,5.71112794,47.1076622
hjb_aux,2_dense,right_left,3333,cmu7,False,98,10,421.74336481,2955.96428261,7.008917,6.13110503,142.49142609
hjb_aux,2_dense,right_left,4444,cmu7,True,98,10,220.18544572,191.16016964,0.868178,6.26061188,130.31872864
hjb_aux,2_dense,right_left,4444,cmu7,False,98,10,66.17836118,89.14495658,1.347041,8.25979447,62.06270123
hjb_aux,2_dense,right_left,5555,babel-w5-32,True,98,10,67.26832099,905.95880361,13.467837,7.15769129,34.64145374
hjb_aux,2_dense,right_left,5555,cmu7,False,98,10,49.12926323,795.36618754,16.189255,4.39373076,38.42156353
hjb_aux,3,left_right,42,babel-x5-20,True,98,10,134.40139961,14.04571633,0.104506,29.36797272,54.66607666
hjb_aux,3,left_right,42,cmu6_p2,False,98,10,78.54159389,866.42512223,11.031418,32.47636094,35.27437906
hjb_aux,3,left_right,123,cmu6_p2,True,98,10,52.95396086,15.86713791,0.29964,51.52885432,32.61871195
hjb_aux,3,left_right,123,cmu6_p2,False,98,10,269.79429382,319.3643047,1.183733,97.49185305,32.29937553
hjb_aux,3,left_right,456,cmu6_p2,True,98,10,84.50143402,2598.31234472,30.748737,33.03841265,28.27077026
hjb_aux,3,left_right,456,cmu6_p2,False,98,10,667.74748565,1351.26321228,2.023614,21.87330176,31.58305855
hjb_aux,3,left_right,789,babel-x5-20,True,98,10,74.25602104,6061.32176985,81.627344,52.3698118,65.57539082
hjb_aux,3,left_right,789,cmu6_p2,False,98,10,174.38263743,8452.3708759,48.470255,71.87039597,50.36365871
hjb_aux,3,left_right,999,cmu6_p2,True,98,10,705.49105854,93.22705342,0.132145,4.96116701,26.79302502
hjb_aux,3,left_right,999,cmu6_p2,False,98,10,135.17015523,229.12703877,1.695101,68.52565646,31.39949055
hjb_aux,3,left_right,1111,cmu6_p2,True,98,10,92.80417077,994.57904122,10.716965,25.4163153,35.46125984
hjb_aux,3,left_right,1111,cmu6_p2,False,98,10,547.25115919,1135.42255977,2.074774,138.80827782,52.48491383
hjb_aux,3,left_right,2222,babel-x5-20,True,98,10,53.28976814,6623.2964718,124.288333,22.17570382,37.43898029
hjb_aux,3,left_right,2222,cmu6_p2,False,98,10,770.28267919,568.0548911,0.737463,18.92439162,27.25432835
hjb_aux,3,left_right,3333,cmu6_p2,True,98,10,183.13393104,2752.1074579,15.02784,16.4268149,34.424646
hjb_aux,3,left_right,3333,cmu6_p2,False,98,10,171.72521025,328.45541763,1.91268,29.39788996,34.00383453
hjb_aux,3,left_right,4444,cmu6_p2,True,98,10,297.35480839,4726.92641832,15.896586,43.283013,30.33421383
hjb_aux,3,left_right,4444,cmu6_p2,False,98,10,1264.17031032,423.99950698,0.335397,39.49430223,38.15111752
hjb_aux,3,left_right,5555,cmu6_p2,True,98,10,332.34272608,41.72813436,0.125558,33.84517295,36.47713356
hjb_aux,3,left_right,5555,cmu6_p2,False,98,10,144.59364031,2722.09765591,18.825846,66.19176074,38.37383842
hjb_aux,3,right_left,42,babel-x5-20,True,98,10,75.39730161,1.97671202,0.026217,18.44873013,158.62353058
hjb_aux,3,right_left,42,cmu6_p2,False,98,10,259.42513238,510.78336362,1.968905,3.13323911,122.17740707
hjb_aux,3,right_left,123,babel-x5-20,True,98,10,66.9985622,371.60574396,5.546473,3.97291084,89.73060074
hjb_aux,3,right_left,123,cmu6_p2,False,98,10,127.10584908,1055.22717495,8.301956,11.59419346,156.53077087
hjb_aux,3,right_left,456,cmu6_p2,True,98,10,33.13611702,503.64345874,15.19923,6.44684923,140.79924927
hjb_aux,3,right_left,456,cmu6_p2,False,98,10,529.93919179,1326.37358117,2.502879,5.500476,131.62366714
hjb_aux,3,right_left,789,babel-x5-20,True,98,10,435.38406047,2219.38574214,5.097536,5.71173874,36.58706837
hjb_aux,3,right_left,789,cmu6_p2,False,98,10,231.03687437,49.57682103,0.214584,11.48888969,51.35880747
hjb_aux,3,right_left,999,babel-x5-20,True,98,10,92.15492106,1598.50819179,17.34588,8.58741229,146.2634819
hjb_aux,3,right_left,999,cmu6_p2,False,98,10,312.03645382,4.63527144,0.014855,6.39090487,134.76481018
hjb_aux,3,right_left,1111,babel-x5-20,True,98,10,78.08057978,349.14873658,4.471646,4.79720801,66.41080437
hjb_aux,3,right_left,1111,cmu6_p2,False,98,10,193.61337943,331.10972787,1.710159,11.82767067,161.56590652
hjb_aux,3,right_left,2222,babel-x5-20,True,98,10,269.6822804,1.46798711,0.005443,3.55394851,26.0442317
hjb_aux,3,right_left,2222,cmu6_p2,False,98,10,717.64985063,960.36943595,1.338214,3.72862539,118.61583176
hjb_aux,3,right_left,3333,babel-x5-20,True,98,10,244.60201673,36.89995935,0.150857,2.50253946,150.17501907
hjb_aux,3,right_left,3333,cmu6_p2,False,98,10,218.54088632,1.41826427,0.00649,9.77254574,15.84038954
hjb_aux,3,right_left,4444,babel-x5-20,True,98,10,188.84437661,16.08508445,0.085176,10.83195919,102.80334129
hjb_aux,3,right_left,4444,cmu6_p2,False,98,10,142.48712046,80.83304794,0.567301,6.97690316,211.30995827
hjb_aux,3,right_left,5555,babel-x5-20,True,98,10,89.39040879,775.60519161,8.676604,2.17497117,101.09063797
hjb_aux,3,right_left,5555,cmu6_p2,False,98,10,155.88176132,435.28463737,2.792403,6.36605552,53.76313667
hjb_aux,4,stem_left,42,babel-x5-20,True,98,10,959.28616345,174.05435375,0.181442,32.79981112,165.76363831
hjb_aux,4,stem_left,42,cmu6_p2,False,98,10,18.90964928,18978.83663291,1003.658839,23.86889462,126.65605621
hjb_aux,4,stem_left,123,cmu6_p2,True,98,10,140.34061139,1320.588081,9.409878,6.99086552,69.42553444
hjb_aux,4,stem_left,123,cmu6_p2,False,98,10,498.12002565,16317.7559736,32.758683,28.88185498,211.87055206
hjb_aux,4,stem_left,456,babel-x5-20,True,98,10,8559.33095742,847.34508902,0.098997,29.88083931,177.74528351
hjb_aux,4,stem_left,456,cmu6_p2,False,98,10,495.01810266,4506.07040265,9.10284,16.46957786,52.86856537
hjb_aux,4,stem_left,789,babel-x5-20,True,98,10,937.08745079,13544.37924517,14.453698,13.77369309,204.67748566
hjb_aux,4,stem_left,789,cmu6_p2,False,98,10,2562.18866398,1715.13098726,0.669401,33.23578972,206.10252991
hjb_aux,4,stem_left,999,babel-x5-20,True,98,10,3125.68542057,1234.30908767,0.394892,28.07179042,142.90365906
hjb_aux,4,stem_left,999,cmu6_p2,False,98,10,523.35229118,4277.88716824,8.174011,13.62721498,206.51891785
hjb_aux,4,stem_left,1111,babel-x5-20,True,98,10,361.15573853,81.63323528,0.226033,14.30003746,129.30368958
hjb_aux,4,stem_left,1111,cmu6_p2,False,98,10,487.41030676,590.74253609,1.212003,21.4147391,166.89214325
hjb_aux,4,stem_left,2222,babel-x5-20,True,98,10,27.66048672,3245.65230263,117.338944,5.79216408,163.79785309
hjb_aux,4,stem_left,2222,cmu6_p2,False,98,10,9.93303305,292.23062593,29.42008,14.34764105,94.84547844
hjb_aux,4,stem_left,3333,babel-x5-20,True,98,10,237.80348292,673.5379063,2.83233,3.60491525,185.19823532
hjb_aux,4,stem_left,3333,cmu6_p2,False,98,10,3572.67987755,44721.2529289,12.517565,26.53444352,183.99862823
hjb_aux,4,stem_left,4444,cmu6_p2,True,98,10,474.94754157,25266.20367153,53.197883,17.83927416,245.38796844
hjb_aux,4,stem_left,4444,cmu6_p2,False,98,10,453.89935526,55360.01053109,121.965387,14.14428821,306.89814301
hjb_aux,4,stem_left,5555,cmu6_p2,True,98,10,1153.85280779,1646.59177958,1.427038,6.21997486,183.25627975
hjb_aux,4,stem_left,5555,cmu6_p2,False,98,10,656.38381115,2117.20399108,3.225558,12.2933628,95.15395699
hjb_aux,4,stem_right,42,cmu6_p2,True,98,10,376.83959256,15493.20663581,41.113532,19.86408279,111.04189529
hjb_aux,4,stem_right,42,cmu6_p2,False,98,10,193.14367931,2428.03236754,12.57112,8.97732437,119.43997192
hjb_aux,4,stem_right,123,cmu6_p2,True,98,10,194.32849245,1892.80590016,9.740239,10.33897939,103.40658112
hjb_aux,4,stem_right,123,cmu6_p2,False,98,10,70.05757089,5267.5114868,75.188326,21.60940955,99.76513824
hjb_aux,4,stem_right,456,cmu6_p2,True,98,10,218.79269488,7796.57085685,35.634512,12.57340565,97.53555965
hjb_aux,4,stem_right,456,cmu6_p2,False,98,10,179.74667597,636.5755301,3.541515,17.88958519,98.18977127
hjb_aux,4,stem_right,789,cmu6_p2,True,98,10,68.56450888,2124.18540425,30.98083,11.4961295,120.84740105
hjb_aux,4,stem_right,789,cmu6_p2,False,98,10,529.20686201,217.19067713,0.410408,19.83395831,86.0614975
hjb_aux,4,stem_right,999,cmu6_p2,True,98,10,467.86162132,524.35593945,1.12075,23.42984669,94.00609932
hjb_aux,4,stem_right,999,cmu6_p2,False,98,10,199.75015285,8301.86696658,41.561255,14.21178578,128.97563934
hjb_aux,4,stem_right,1111,cmu6_p2,True,98,10,1223.82640268,1404.07188998,1.14728,10.73919733,75.90540085
hjb_aux,4,stem_right,1111,cmu6_p2,False,98,10,186.75604618,1245.07159954,6.666834,14.42488033,119.25229568
hjb_aux,4,stem_right,2222,cmu6_p2,True,98,10,928.61662531,136.32272334,0.146802,3.69591392,84.71786804
hjb_aux,4,stem_right,2222,cmu6_p2,False,98,10,96.3308594,14427.30423889,149.76825,7.27634567,87.05517578
hjb_aux,4,stem_right,3333,cmu6_p2,True,98,10,78.09712932,5177.80787328,66.299593,5.25380175,100.33316536
hjb_aux,4,stem_right,3333,cmu6_p2,False,98,10,178.99308508,2705.63346088,15.115855,11.08882859,119.42250099
hjb_aux,4,stem_right,4444,cmu6_p2,True,98,10,51.76341193,167.09323391,3.228018,23.13456836,113.15535393
hjb_aux,4,stem_right,4444,cmu6_p2,False,98,10,66.22405213,647.66639968,9.779927,7.56020872,91.59705925
hjb_aux,4,stem_right,5555,cmu6_p2,True,98,10,520.88251925,486.29459454,0.933597,3.94964085,98.90966949
hjb_aux,4,stem_right,5555,cmu6_p2,False,98,10,659.79695665,7331.05674841,11.11108,7.16095905,122.22717056
soft_hjb_aux,1a,right_stem,42,cmu7_p2,True,98,10,161.59596318,2.29615842,0.014209,69.82077726,69.99423962
soft_hjb_aux,1a,right_stem,42,cmu7_p2,False,98,10,242.5916021,2.16589779,0.008928,15.74161654,82.85664635
soft_hjb_aux,1a,right_stem,123,cmu7_p2,True,98,10,304.64889324,2.26877646,0.007447,15.99354458,58.87074165
soft_hjb_aux,1a,right_stem,123,cmu7_p2,False,98,10,201.80297405,35.42794417,0.175557,82.93520312,56.25746536
soft_hjb_aux,1a,right_stem,456,cmu7_p2,True,98,10,265.28218346,2204.27823775,8.309183,99.23835484,68.77606087
soft_hjb_aux,1a,right_stem,456,cmu7_p2,False,98,10,12.25763409,18.60268575,1.517641,53.65413011,63.18237305
soft_hjb_aux,1a,right_stem,789,cmu7_p2,True,98,10,43.9521367,2.29130682,0.052132,10.67624218,56.47063217
soft_hjb_aux,1a,right_stem,789,cmu7_p2,False,98,10,115.18372291,2.11838486,0.018391,45.5732864,57.08331985
soft_hjb_aux,1a,right_stem,999,cmu7_p2,True,98,10,228.56013224,2.1867932,0.009568,30.54879415,54.16446381
soft_hjb_aux,1a,right_stem,999,cmu7_p2,False,98,10,975.6960866,1.91318203,0.001961,41.97644037,37.15097809
soft_hjb_aux,1a,right_stem,1111,cmu7_p2,True,98,10,10.60921669,1.93518229,0.182406,51.02644303,58.94370384
soft_hjb_aux,1a,right_stem,1111,cmu7_p2,False,98,10,528.62638937,1.86337568,0.003525,132.56806123,85.5983284
soft_hjb_aux,1a,right_stem,2222,cmu7_p2,True,98,10,265.97450232,1.88359729,0.007082,41.2781756,69.71092491
soft_hjb_aux,1a,right_stem,2222,cmu7_p2,False,98,10,474.62713726,2.24455247,0.004729,45.73986903,82.81288719
soft_hjb_aux,1a,right_stem,3333,babel-x9-28,True,98,10,593.81331271,2.06157013,0.003472,47.25461455,52.30222511
soft_hjb_aux,1a,right_stem,3333,cmu7_p2,False,98,10,298.92679576,3374.97357559,11.290301,43.24882516,72.66494331
soft_hjb_aux,1a,right_stem,4444,babel-x9-28,True,98,10,205.79906592,2.08476684,0.01013,65.37773883,72.19748745
soft_hjb_aux,1a,right_stem,4444,cmu7_p2,False,98,10,216.40079867,1.9686271,0.009097,81.91038549,47.98142471
soft_hjb_aux,1a,right_stem,5555,cmu7_p2,True,98,10,271.87180399,2.08226525,0.007659,8.81059687,70.77201481
soft_hjb_aux,1a,right_stem,5555,cmu7_p2,False,98,10,890.16667393,65.07626362,0.073106,12.20265582,92.65975952
soft_hjb_aux,1a,stem_left,42,cmu7_p2,True,98,10,350.0661463,4114.20642753,11.752654,164.48424221,57.14030304
soft_hjb_aux,1a,stem_left,42,cmu7_p2,False,98,10,28.14394046,5.15981431,0.183337,18.87416559,119.6364212
soft_hjb_aux,1a,stem_left,123,cmu7_p2,True,98,10,2044.01264505,2.71305006,0.001327,49.12723293,80.0512104
soft_hjb_aux,1a,stem_left,123,cmu7_p2,False,98,10,649.50612645,2.78351212,0.004286,50.4508581,76.55031509
soft_hjb_aux,1a,stem_left,456,babel-x9-28,True,98,10,2281.40402994,2562.2170229,1.123088,107.0325354,101.92699356
soft_hjb_aux,1a,stem_left,456,cmu7_p2,False,98,10,119.04851307,782.53597767,6.573253,146.13269097,117.58688126
soft_hjb_aux,1a,stem_left,789,babel-x9-28,True,98,10,78.36283525,432.72311499,5.522045,57.26148147,71.52193222
soft_hjb_aux,1a,stem_left,789,cmu7_p2,False,98,10,314.22061406,7612.97611041,24.228124,75.01428633,61.61542282
soft_hjb_aux,1a,stem_left,999,cmu7_p2,True,98,10,5.25536429,17.75022702,3.377545,50.46421872,119.47920303
soft_hjb_aux,1a,stem_left,999,cmu7_p2,False,98,10,168.66067823,3.03181152,0.017976,55.64437137,125.80886269
soft_hjb_aux,1a,stem_left,1111,cmu7_p2,True,98,10,840.18029891,159.48715401,0.189825,120.07120311,49.53936462
soft_hjb_aux,1a,stem_left,1111,cmu7_p2,False,98,10,234.25178156,122.30052047,0.52209,33.11555953,135.66516647
soft_hjb_aux,1a,stem_left,2222,babel-w5-20,True,98,10,110.77246409,7834.91794425,70.729834,50.18865976,55.43618546
soft_hjb_aux,1a,stem_left,2222,cmu7_p2,False,98,10,659.99602104,4.96570647,0.007524,101.09586101,93.28371696
soft_hjb_aux,1a,stem_left,3333,cmu7_p2,True,98,10,73.50221029,809.69904747,11.015982,30.37647655,44.97307739
soft_hjb_aux,1a,stem_left,3333,cmu7_p2,False,98,10,140.77940464,930.76476001,6.611512,32.37452352,45.81888466
soft_hjb_aux,1a,stem_left,4444,babel-w5-20,True,98,10,89.23423808,250.23412044,2.804239,52.74551997,52.20117626
soft_hjb_aux,1a,stem_left,4444,cmu7_p2,False,98,10,28.41455526,2.56319511,0.090207,113.27340359,112.13710899
soft_hjb_aux,1a,stem_left,5555,cmu7_p2,True,98,10,242.47153521,3.36270442,0.013868,13.51093311,101.75229683
soft_hjb_aux,1a,stem_left,5555,cmu7_p2,False,98,10,50.12685574,2797.83286088,55.815048,20.9564192,49.25266418
soft_hjb_aux,1a,stem_right,42,cmu3,True,98,10,146.4718641,2.36171196,0.016124,150.57084724,63.86177731
soft_hjb_aux,1a,stem_right,42,cmu3,False,98,10,11.60681254,2.33807334,0.20144,21.48686441,80.26782455
soft_hjb_aux,1a,stem_right,123,cmu3,True,98,10,33.77423719,2.23430105,0.066154,52.1974217,60.94589577
soft_hjb_aux,1a,stem_right,123,cmu3,False,98,10,2548.5160032,459.71107936,0.180384,70.22024468,55.25797501
soft_hjb_aux,1a,stem_right,456,cmu3,True,98,10,283.06487514,2.16463988,0.007647,96.04112677,86.7203598
soft_hjb_aux,1a,stem_right,456,cmu3,False,98,10,975.40221711,2.39574733,0.002456,124.05993025,79.96400909
soft_hjb_aux,1a,stem_right,789,cmu3,True,98,10,1047.34860945,97.9545167,0.093526,9.64832639,97.84176216
soft_hjb_aux,1a,stem_right,789,cmu3,False,98,10,56.55789901,5.99556174,0.106008,106.13587755,72.47569637
soft_hjb_aux,1a,stem_right,999,cmu3,True,98,10,182.24234252,522.5981895,2.8676,73.07155327,89.11051331
soft_hjb_aux,1a,stem_right,999,cmu3,False,98,10,40.32243123,2.27504892,0.056421,91.68817036,62.20338192
soft_hjb_aux,1a,stem_right,1111,cmu8,True,98,10,343.15661442,2.6406904,0.007695,62.829216,56.68069305
soft_hjb_aux,1a,stem_right,1111,cmu8,False,98,10,479.02472546,607.41954013,1.268034,47.3462726,50.34028473
soft_hjb_aux,1a,stem_right,2222,cmu8,True,98,10,619.3434118,662.98301485,1.070461,69.76109011,70.17328873
soft_hjb_aux,1a,stem_right,2222,cmu8,False,98,10,185.96524009,2.23474858,0.012017,70.67999578,83.24946785
soft_hjb_aux,1a,stem_right,3333,cmu8,True,98,10,2193.31633784,2.51113799,0.001145,27.5020339,93.15164642
soft_hjb_aux,1a,stem_right,3333,cmu8,False,98,10,77.23086489,2.33965411,0.030294,68.9766006,75.36855297
soft_hjb_aux,1a,stem_right,4444,cmu8,True,98,10,1112.22281097,2.18682044,0.001966,73.20012351,70.56435223
soft_hjb_aux,1a,stem_right,4444,cmu8,False,98,10,550.90852649,2.8800678,0.005228,145.72589926,56.55802841
soft_hjb_aux,1a,stem_right,5555,cmu8,True,98,10,25.07250452,2.1032912,0.083888,21.04655488,72.9715086
soft_hjb_aux,1a,stem_right,5555,cmu8,False,98,10,81.06182564,2.34459769,0.028924,8.50113117,57.06386757
soft_hjb_aux,1b,stem_left,42,babel-w9-32,True,98,10,287.76165302,238.05870607,0.827277,24.14517971,39.18555574
soft_hjb_aux,1b,stem_left,42,cmu7_p2,False,98,10,400.26425197,16.01129456,0.040002,18.40212269,26.23767929
soft_hjb_aux,1b,stem_left,123,babel-w9-32,True,98,10,63.47318974,21.60425776,0.340368,20.41714726,24.179988
soft_hjb_aux,1b,stem_left,123,cmu7_p2,False,98,10,220.41721902,43.75680861,0.198518,30.0493282,30.01640072
soft_hjb_aux,1b,stem_left,456,babel-w9-32,True,98,10,345.88045342,234.9391704,0.67925,16.57680809,33.80052896
soft_hjb_aux,1b,stem_left,456,cmu7_p2,False,98,10,33.72036164,97.12697366,2.880366,11.35842832,38.80561504
soft_hjb_aux,1b,stem_left,789,babel-w9-32,True,98,10,25.71018004,95.18619456,3.702276,21.94570508,25.05357504
soft_hjb_aux,1b,stem_left,789,cmu7_p2,False,98,10,57.79388063,81.22314802,1.405394,27.60831016,30.30819683
soft_hjb_aux,1b,stem_left,999,babel-w9-32,True,98,10,63.32503837,5.15634112,0.081427,20.21364065,30.98735666
soft_hjb_aux,1b,stem_left,999,cmu7_p2,False,98,10,33.34914039,4078.43243525,122.294979,21.84698844,30.22668657
soft_hjb_aux,1b,stem_left,1111,babel-w9-32,True,98,10,106.89080765,3172.77237964,29.682369,17.55984703,36.201301
soft_hjb_aux,1b,stem_left,1111,cmu7_p2,False,98,10,75.20447613,4022.86823249,53.492404,28.5777137,38.89251976
soft_hjb_aux,1b,stem_left,2222,babel-w9-32,True,98,10,611.41105242,869.02469205,1.421343,18.68540308,35.94826851
soft_hjb_aux,1b,stem_left,2222,cmu7_p2,False,98,10,78.41538243,8.51137781,0.108542,15.17482667,27.32384968
soft_hjb_aux,1b,stem_left,3333,babel-w9-32,True,98,10,53.10638093,6.00274236,0.113032,7.69288682,92.98906822
soft_hjb_aux,1b,stem_left,3333,cmu7_p2,False,98,10,281.51201633,41.32374828,0.146792,19.63293633,40.20275078
soft_hjb_aux,1b,stem_left,4444,babel-w9-32,True,98,10,94.25349319,887.95655326,9.420941,26.68573232,35.7973114
soft_hjb_aux,1b,stem_left,4444,cmu7_p2,False,98,10,90.14932058,82.06518748,0.910325,22.64844884,100.16912308
soft_hjb_aux,1b,stem_left,5555,babel-w9-32,True,98,10,343.67997197,1201.53006446,3.496072,13.04250762,32.74673214
soft_hjb_aux,1b,stem_left,5555,cmu7_p2,False,98,10,251.97496132,130.7025789,0.518713,17.27828416,27.53814716
soft_hjb_aux,1b,stem_right,42,cmu3,True,98,10,266.20956702,216.58322353,0.813582,16.41224087,64.38504181
soft_hjb_aux,1b,stem_right,42,cmu3,False,98,10,173.15398192,368.50439436,2.128189,9.57181444,71.08441582
soft_hjb_aux,1b,stem_right,123,cmu3,True,98,10,44.65995462,172.22391071,3.856339,10.50576749,26.26911297
soft_hjb_aux,1b,stem_right,123,cmu3,False,98,10,189.54199219,137.6071945,0.725998,23.83503482,58.5992321
soft_hjb_aux,1b,stem_right,456,cmu3,True,98,10,285.46257677,2.05464692,0.007198,11.440941,39.51171551
soft_hjb_aux,1b,stem_right,456,cmu3,False,98,10,276.14072503,25.09928287,0.090893,14.82470849,28.88987474
soft_hjb_aux,1b,stem_right,789,cmu3,True,98,10,31.77947532,531.66310663,16.729764,26.3755848,75.76103134
soft_hjb_aux,1b,stem_right,789,cmu3,False,98,10,22.11048666,3952.35305763,178.754684,25.69510932,59.29012108
soft_hjb_aux,1b,stem_right,999,cmu3,True,98,10,164.33308688,10.81056902,0.065784,19.26379673,35.13986168
soft_hjb_aux,1b,stem_right,999,cmu3,False,98,10,167.25056956,48.37313826,0.289226,29.94375115,24.08926888
soft_hjb_aux,1b,stem_right,1111,cmu8,True,98,10,215.52374128,51.8795399,0.240714,25.67694692,77.46704445
soft_hjb_aux,1b,stem_right,1111,cmu8,False,98,10,27.27788781,10.32399423,0.378475,12.3501392,51.89585533
soft_hjb_aux,1b,stem_right,2222,cmu8,True,98,10,248.12421128,3.57495213,0.014408,13.27196421,65.93520164
soft_hjb_aux,1b,stem_right,2222,cmu8,False,98,10,185.43611946,375.26540116,2.023691,19.06662013,19.34133482
soft_hjb_aux,1b,stem_right,3333,cmu8,True,98,10,12.86327527,90.66283646,7.048192,9.9860838,24.52157536
soft_hjb_aux,1b,stem_right,3333,cmu8,False,98,10,50.93344655,3.16017166,0.062045,22.00092494,63.25842628
soft_hjb_aux,1b,stem_right,4444,cmu8,True,98,10,243.83221631,64.40057847,0.264118,21.70137049,21.84328642
soft_hjb_aux,1b,stem_right,4444,cmu8,False,98,10,316.83131162,31.96978393,0.100905,14.47558945,94.57792816
soft_hjb_aux,1b,stem_right,5555,cmu8,True,98,10,68.64816225,417.37397733,6.0799,9.68544214,68.52986259
soft_hjb_aux,1b,stem_right,5555,cmu8,False,98,10,66.2951317,83.51009381,1.259672,19.21855266,61.81574745
soft_hjb_aux,2,stem_left,42,cmu7_p2,True,98,10,276.58596462,324.38235757,1.172808,22.77938886,38.91098118
soft_hjb_aux,2,stem_left,42,cmu7_p2,False,98,10,786.94962088,872.40297208,1.108588,11.41474262,69.83636246
soft_hjb_aux,2,stem_left,123,cmu7_p2,True,98,10,94.94337256,920.67881606,9.697136,13.60424953,41.15400696
soft_hjb_aux,2,stem_left,123,cmu7_p2,False,98,10,438.35637345,338.35059361,0.771862,29.83679409,40.4628933
soft_hjb_aux,2,stem_left,456,cmu7_p2,True,98,10,879.32506162,2139.08731036,2.432647,26.87622774,109.63562393
soft_hjb_aux,2,stem_left,456,cmu7_p2,False,98,10,827.25022268,463.36403902,0.560126,19.87843608,39.73490791
soft_hjb_aux,2,stem_left,789,cmu7_p2,True,98,10,593.55286496,2776.28031368,4.677394,34.53494901,44.45644417
soft_hjb_aux,2,stem_left,789,cmu7_p2,False,98,10,1498.73711632,308.27698373,0.205691,36.03982285,107.60604248
soft_hjb_aux,2,stem_left,999,cmu7_p2,True,98,10,705.60277377,742.77549746,1.052682,26.40762482,39.45647354
soft_hjb_aux,2,stem_left,999,cmu7_p2,False,98,10,743.88833418,6065.22334127,8.153406,26.97230717,32.81020069
soft_hjb_aux,2,stem_left,1111,cmu7_p2,True,98,10,138.33432839,810.65078154,5.860084,20.4105204,131.73996506
soft_hjb_aux,2,stem_left,1111,cmu7_p2,False,98,10,319.43641378,141.88313968,0.444167,28.19981953,146.59729843
soft_hjb_aux,2,stem_left,2222,cmu7_p2,True,98,10,274.07528725,88.24966545,0.321991,11.30718099,36.4767683
soft_hjb_aux,2,stem_left,2222,cmu7_p2,False,98,10,144.0610576,6919.96496916,48.034945,17.56140744,42.1473999
soft_hjb_aux,2,stem_left,3333,cmu7_p2,True,98,10,5.09150398,1841.75091913,361.730233,7.70501002,41.96598072
soft_hjb_aux,2,stem_left,3333,cmu7_p2,False,98,10,414.28683898,429.76032845,1.03735,26.47466102,112.49542007
soft_hjb_aux,2,stem_left,4444,cmu7_p2,True,98,10,204.74352071,1391.94777501,6.798495,25.70542268,40.44722958
soft_hjb_aux,2,stem_left,4444,babel-w9-32,False,98,10,498.74671264,301.18218334,0.603878,15.24097103,43.11166859
soft_hjb_aux,2,stem_left,5555,cmu7_p2,True,98,10,22.48546656,273.81216823,12.177295,13.49414898,34.69072037
soft_hjb_aux,2,stem_left,5555,cmu7_p2,False,98,10,102.95279348,2768.20044544,26.888056,22.71161249,45.68985748
soft_hjb_aux,2,stem_right,42,babel-w9-32,True,98,10,1588.32608185,10692.64460545,6.732021,21.32184551,105.44524536
soft_hjb_aux,2,stem_right,42,cmu8_p2,False,98,10,409.30989664,1305.05298216,3.188423,15.01571365,136.51930542
soft_hjb_aux,2,stem_right,123,babel-w9-32,True,98,10,419.8123854,2681.37634594,6.387083,15.44631735,147.52215424
soft_hjb_aux,2,stem_right,123,cmu8_p2,False,98,10,414.61006765,958.78701477,2.312503,25.85304384,125.64454575
soft_hjb_aux,2,stem_right,456,babel-w9-32,True,98,10,401.91696168,1243.40052392,3.093675,19.01486335,111.59060822
soft_hjb_aux,2,stem_right,456,cmu8_p2,False,98,10,893.19603873,1650.18265433,1.847503,30.61817992,121.57293243
soft_hjb_aux,2,stem_right,789,babel-w9-32,True,98,10,1204.69520025,324.63980687,0.269479,14.87594502,86.45889702
soft_hjb_aux,2,stem_right,789,cmu8_p2,False,98,10,193.25080791,1338.71109531,6.927325,31.51913865,89.15854683
soft_hjb_aux,2,stem_right,999,babel-w9-32,True,98,10,74.91960082,700.10844576,9.344797,18.3109492,116.13498802
soft_hjb_aux,2,stem_right,999,cmu8_p2,False,98,10,33.3772288,1558.0676784,46.680558,25.03915452,104.66867447
soft_hjb_aux,2,stem_right,1111,babel-w9-32,True,98,10,637.05725329,6864.42537613,10.77521,26.8173997,118.08884735
soft_hjb_aux,2,stem_right,1111,cmu8_p2,False,98,10,44.08386388,1800.64924047,40.845994,29.46746103,110.41140327
soft_hjb_aux,2,stem_right,2222,babel-w9-32,True,98,10,1235.784404,1202.46192052,0.973035,20.26686948,115.00886497
soft_hjb_aux,2,stem_right,2222,cmu8_p2,False,98,10,1690.24455146,11484.55201967,6.79461,22.02963686,110.22525406
soft_hjb_aux,2,stem_right,3333,babel-w9-32,True,98,10,657.9344595,1233.68847909,1.875093,5.91237124,101.30897102
soft_hjb_aux,2,stem_right,3333,cmu8_p2,False,98,10,1005.77626349,1232.45746667,1.225379,15.18995259,139.75954895
soft_hjb_aux,2,stem_right,4444,babel-w9-32,True,98,10,1307.90903146,745.48232388,0.56998,28.52164454,99.23084183
soft_hjb_aux,2,stem_right,4444,cmu8_p2,False,98,10,109.39286731,3584.69398923,32.768992,16.67378255,91.36688042
soft_hjb_aux,2,stem_right,5555,babel-w9-32,True,98,10,374.1764299,4152.43640823,11.097536,16.52291657,114.79107704
soft_hjb_aux,2,stem_right,5555,cmu8_p2,False,98,10,584.42212878,49.48408113,0.084672,16.41635563,117.75686035
soft_hjb_aux,2_dense,right_left,42,cmu3,True,98,10,709.77361243,275.90275648,0.388719,15.887501,71.256287
soft_hjb_aux,2_dense,right_left,42,cmu3,False,98,10,272.79953841,193.40540905,0.708965,9.593206,48.08174896
soft_hjb_aux,2_dense,right_left,123,cmu3,True,98,10,2673.08614497,356.51292731,0.133371,10.79593081,56.94206619
soft_hjb_aux,2_dense,right_left,123,cmu3,False,98,10,141.92911435,34.56342432,0.243526,15.66332343,55.45717621
soft_hjb_aux,2_dense,right_left,456,cmu3,True,98,10,119.46485562,2021.43576379,16.920757,13.13281384,71.02274895
soft_hjb_aux,2_dense,right_left,456,cmu3,False,98,10,299.09714445,504.66333385,1.687289,13.34008514,70.26567345
soft_hjb_aux,2_dense,right_left,789,cmu3,True,98,10,793.15240945,504.10515478,0.635572,11.77348009,51.38727684
soft_hjb_aux,2_dense,right_left,789,cmu3,False,98,10,279.14864202,638.94975107,2.288923,14.61900115,54.9573761
soft_hjb_aux,2_dense,right_left,999,cmu3,True,98,10,27.9774465,5623.44711407,200.999298,15.48952184,89.68743324
soft_hjb_aux,2_dense,right_left,999,cmu3,False,98,10,163.81043218,91.61234999,0.559258,14.57052913,58.37329025
soft_hjb_aux,2_dense,right_left,1111,babel-w9-32,True,98,10,473.0455893,241.87982802,0.511325,6.06888797,55.334058
soft_hjb_aux,2_dense,right_left,1111,cmu8,False,98,10,717.32114201,832.65377034,1.160782,21.16314175,62.56780586
soft_hjb_aux,2_dense,right_left,2222,babel-w9-32,True,98,10,390.92276667,2724.08785274,6.968353,7.50407433,47.37756195
soft_hjb_aux,2_dense,right_left,2222,cmu8,False,98,10,169.82520465,2.72679651,0.016056,17.40744903,98.02536888
soft_hjb_aux,2_dense,right_left,3333,babel-w9-32,True,98,10,383.29487671,10.51064333,0.027422,10.23731763,96.68208389
soft_hjb_aux,2_dense,right_left,3333,cmu8,False,98,10,149.95280985,331.92037081,2.213499,12.25270928,68.3371109
soft_hjb_aux,2_dense,right_left,4444,babel-w9-32,True,98,10,90.41576735,35.24456425,0.389806,13.66520972,30.37696838
soft_hjb_aux,2_dense,right_left,4444,cmu8,False,98,10,273.81201211,190.97031577,0.69745,8.7286778,50.75321255
soft_hjb_aux,2_dense,right_left,5555,babel-w9-32,True,98,10,104.02774004,146.64384279,1.409661,8.41618408,63.19192009
soft_hjb_aux,2_dense,right_left,5555,cmu8,False,98,10,75.33881898,456.62943546,6.061011,8.83699304,41.8118782
soft_hjb_aux,3,left_right,42,cmu8_p2,True,25,2,135.31311548,1.10444832,0.008162,27.257164,31.25400257
soft_hjb_aux,3,left_right,42,cmu8_p2,False,98,10,173.13121994,487.77800174,2.817389,38.55972324,34.56772919
soft_hjb_aux,3,left_right,123,cmu8_p2,True,25,2,104.28643465,1.72645757,0.016555,37.38466263,31.8774662
soft_hjb_aux,3,left_right,123,cmu8_p2,False,98,10,469.2511498,2358.00780276,5.025044,64.46696119,32.18347645
soft_hjb_aux,3,left_right,456,cmu8_p2,True,25,2,751.3146261,180.37421203,0.240078,46.17956924,60.24971008
soft_hjb_aux,3,left_right,456,cmu8_p2,False,98,10,103.35005299,5674.15592952,54.902303,50.51241142,28.04585257
soft_hjb_aux,3,left_right,789,cmu8_p2,True,25,2,88.21588796,32.43244183,0.367649,32.3343277,24.54371357
soft_hjb_aux,3,left_right,789,cmu8_p2,False,98,10,18.33206177,2189.7200678,119.447561,49.97846606,32.10198517
soft_hjb_aux,3,left_right,999,cmu8_p2,True,98,10,183.0823656,1519.18449049,8.29782,45.14736875,40.29156647
soft_hjb_aux,3,left_right,999,cmu8_p2,False,98,10,222.12663176,291.70482663,1.313237,55.43999045,35.84614296
soft_hjb_aux,3,left_right,1111,cmu8_p2,True,25,2,713.55813599,2314.76553893,3.243976,38.08606911,32.79921532
soft_hjb_aux,3,left_right,1111,cmu8_p2,False,98,10,721.98476828,340.87877119,0.472141,72.07216873,28.2056673
soft_hjb_aux,3,left_right,2222,babel-n5-20,True,98,10,474.50625086,1411.88798995,2.975489,39.2192383,31.49213314
soft_hjb_aux,3,left_right,2222,babel-w9-32,False,98,10,85.91554272,1552.01819712,18.064464,50.61641471,33.5518301
soft_hjb_aux,3,left_right,3333,cmu8_p2,True,25,2,2956.12872994,1465.58701897,0.495779,33.31976128,41.68406868
soft_hjb_aux,3,left_right,3333,babel-w9-32,False,98,10,98.58168967,3806.7701036,38.615387,41.64681118,28.69840374
soft_hjb_aux,3,left_right,4444,cmu8_p2,True,98,10,101.80955099,2320.58430536,22.793385,55.08186503,44.2905117
soft_hjb_aux,3,left_right,4444,cmu8_p2,False,98,10,218.03321397,1809.72372108,8.30022,24.13817534,51.91883888
soft_hjb_aux,3,left_right,5555,cmu8_p2,True,25,2,9356.15959764,4.93754932,0.000528,63.79542923,32.69380379
soft_hjb_aux,3,left_right,5555,cmu8_p2,False,98,10,232.86131711,631.88779885,2.71358,51.22369422,38.14655075
soft_hjb_aux,3,right_left,42,cmu8_p2,True,98,10,364.06842753,322.33763343,0.885377,14.18355713,40.28633785
soft_hjb_aux,3,right_left,42,cmu8_p2,False,98,10,111.92795739,130.25531471,1.163742,15.33568274,145.29625092
soft_hjb_aux,3,right_left,123,cmu8_p2,True,98,10,66.58674989,336.25084878,5.049816,12.72161483,44.60090675
soft_hjb_aux,3,right_left,123,cmu8_p2,False,98,10,90.89616985,112.28273985,1.235286,27.50860987,127.0282341
soft_hjb_aux,3,right_left,456,cmu8_p2,True,98,10,1440.14525585,2163.73372893,1.502441,17.44027901,133.68468704
soft_hjb_aux,3,right_left,456,cmu8_p2,False,98,10,478.08973666,25.28465964,0.052887,20.38539712,38.3462368
soft_hjb_aux,3,right_left,789,cmu8_p2,True,98,10,439.61217526,346.86396639,0.789023,10.65236582,47.39190063
soft_hjb_aux,3,right_left,789,cmu8_p2,False,98,10,128.87566626,80.4475459,0.624226,24.30131464,125.17206726
soft_hjb_aux,3,right_left,999,cmu8_p2,True,98,10,34.05305811,319.92479353,9.394892,10.12900689,46.8310463
soft_hjb_aux,3,right_left,999,cmu8_p2,False,98,10,166.72207383,111.25668769,0.667318,24.33302369,47.06735992
soft_hjb_aux,3,right_left,1111,cmu8_p2,True,98,10,329.04932864,26.06526392,0.079214,12.16448307,65.87931633
soft_hjb_aux,3,right_left,1111,cmu8_p2,False,98,10,533.87467041,252.56000144,0.47307,21.5336674,146.90452957
soft_hjb_aux,3,right_left,2222,cmu8_p2,True,98,10,46.31398842,7.69355413,0.166117,15.35518009,29.25172634
soft_hjb_aux,3,right_left,2222,cmu8_p2,False,98,10,292.33998847,438.83841245,1.501123,18.04292193,122.72670212
soft_hjb_aux,3,right_left,3333,babel-s5-28,True,98,10,68.12537591,270.01328812,3.963476,9.57002156,86.43005371
soft_hjb_aux,3,right_left,3333,cmu8_p2,False,98,10,7884.71984305,3318.22270694,0.420842,16.47390601,42.73868828
soft_hjb_aux,3,right_left,4444,cmu8_p2,True,98,10,503.58771709,3303.05985432,6.559056,13.36026652,185.58748627
soft_hjb_aux,3,right_left,4444,cmu8_p2,False,98,10,883.75587372,401.60337915,0.454428,11.86814143,128.47970047
soft_hjb_aux,3,right_left,5555,cmu8_p2,True,98,10,238.2699172,150.93447939,0.63346,20.41308032,36.45397015
soft_hjb_aux,3,right_left,5555,cmu8_p2,False,98,10,431.59946681,192.5435897,0.446116,12.8990476,43.41029644
soft_hjb_aux,4,stem_left,42,babel-s5-28,True,98,10,3072.48581023,3457.02932196,1.125157,17.6786983,61.63159256
soft_hjb_aux,4,stem_left,42,cmu8_p2,False,98,10,113.15061729,1754.61274769,15.506877,11.95928198,47.82478046
soft_hjb_aux,4,stem_left,123,babel-s5-28,True,98,10,143.14443421,400.18487101,2.795672,16.42613171,47.90231247
soft_hjb_aux,4,stem_left,123,cmu8_p2,False,98,10,21.12056572,4037.68352609,191.173076,27.11598728,153.34081726
soft_hjb_aux,4,stem_left,456,babel-s5-28,True,98,10,111.91840249,901.98567836,8.059315,17.54955686,41.94854527
soft_hjb_aux,4,stem_left,456,cmu8_p2,False,98,10,118.98704432,1731.54442034,14.552378,20.26828545,102.59034653
soft_hjb_aux,4,stem_left,789,babel-x9-16,True,145,14,673.55576277,1468.19648276,2.17977,19.88308623,52.53384154
soft_hjb_aux,4,stem_left,789,cmu8_p2,False,153,15,860.7769534,1674.26473587,1.945062,49.13141413,75.34369659
soft_hjb_aux,4,stem_left,999,babel-x9-16,True,138,14,138.11572032,2719.30460032,19.688596,18.96050193,149.21440724
soft_hjb_aux,4,stem_left,999,cmu8_p2,False,150,15,2158.15084291,4140.77795976,1.918669,25.01705572,46.13354263
soft_hjb_aux,4,stem_left,1111,babel-x9-16,True,148,15,164.6083326,4242.21983891,25.771598,11.24173948,51.63662338
soft_hjb_aux,4,stem_left,1111,cmu8_p2,False,153,15,328.94524932,3879.44529815,11.79359,30.69328931,47.14741567
soft_hjb_aux,4,stem_left,2222,babel-x9-16,True,144,14,346.31772207,633.02344556,1.827869,8.70515392,50.10430881
soft_hjb_aux,4,stem_left,2222,cmu8_p2,False,146,15,713.05218281,100.75961302,0.141307,22.82140003,46.02787603
soft_hjb_aux,4,stem_left,3333,babel-x9-16,True,142,14,123.59068038,1586.85112997,12.839569,6.43805031,52.65584128
soft_hjb_aux,4,stem_left,3333,cmu8_p2,False,147,15,156.0407225,728.10177468,4.666101,34.12917831,107.50345815
soft_hjb_aux,4,stem_left,4444,babel-x9-16,True,144,14,48.96894058,571.84921442,11.677794,17.81823234,58.66167886
soft_hjb_aux,4,stem_left,4444,cmu8_p2,False,147,15,1540.05324567,794.64143128,0.515983,28.32665614,91.26043676
soft_hjb_aux,4,stem_left,5555,cmu8_p2,True,138,14,80.00066385,3677.25402391,45.965294,4.81753122,47.87537902
soft_hjb_aux,4,stem_left,5555,cmu8_p2,False,154,15,340.35475295,3309.14016341,9.722621,22.52718529,48.84659805
soft_hjb_aux,4,stem_right,42,cmu8_p2,True,138,14,331.838328,2180.67098483,6.571486,12.31514012,84.40628787
soft_hjb_aux,4,stem_right,42,cmu8_p2,False,192,19,1240.07746351,996.67321673,0.803719,26.16796336,98.09771387
soft_hjb_aux,4,stem_right,123,cmu8_p2,True,135,14,66.53864317,1315.5189163,19.770751,8.9601281,36.35577488
soft_hjb_aux,4,stem_right,123,cmu8_p2,False,193,19,2639.37670924,1495.97004739,0.566789,29.60309536,91.56974973
soft_hjb_aux,4,stem_right,456,cmu8_p2,True,132,13,25.97786448,1888.10026431,72.681119,9.06766217,86.24332692
soft_hjb_aux,4,stem_right,456,cmu8_p2,False,191,19,332.76911358,2976.01156813,8.943172,18.93301494,87.96794369
soft_hjb_aux,4,stem_right,789,cmu8_p2,True,25,2,15.35283124,3.09583104,0.201646,110.32881546,137.95441055
soft_hjb_aux,4,stem_right,789,cmu8_p2,False,98,10,842.71999745,9250.66165924,10.977147,28.56904379,93.19147758
soft_hjb_aux,4,stem_right,999,cmu8_p2,True,25,2,22937.24717712,2553.25965023,0.111315,82.26823425,79.83515167
soft_hjb_aux,4,stem_right,999,cmu8_p2,False,98,10,2209.67588784,1265.73131372,0.572813,21.44888064,69.33112335
soft_hjb_aux,4,stem_right,1111,cmu8_p2,True,49,5,5.13177154,1143.92661381,222.910666,42.87508621,117.37160492
soft_hjb_aux,4,stem_right,1111,cmu8_p2,False,187,19,413.69302063,748.00068102,1.808106,25.58398847,51.00267139
soft_hjb_aux,4,stem_right,2222,cmu8_p2,True,49,5,1054.81026981,1292.31115522,1.22516,83.44577026,130.53857574
soft_hjb_aux,4,stem_right,2222,cmu8_p2,False,98,10,297.8263888,946.22326365,3.177097,9.63620334,114.59797211
soft_hjb_aux,4,stem_right,3333,cmu8_p2,True,49,5,413.81699145,1237.32633414,2.990033,37.96137428,135.41578217
soft_hjb_aux,4,stem_right,3333,cmu8_p2,False,98,10,1465.59162158,973.56170514,0.664279,18.72023984,116.92614708
soft_hjb_aux,4,stem_right,4444,cmu8_p2,True,49,5,1787.42482672,1557.70553212,0.87148,70.82844086,130.69163513
soft_hjb_aux,4,stem_right,4444,cmu8_p2,False,98,10,857.82747731,3267.52309535,3.809068,14.78376192,107.61476555
soft_hjb_aux,4,stem_right,5555,cmu8_p2,True,49,5,155.43796382,4.87905648,0.031389,46.81730804,104.24840851
soft_hjb_aux,4,stem_right,5555,cmu8_p2,False,98,10,20.75184761,1556.43699505,75.002333,13.88434634,131.0640892
