 Retrying in 1 seconds
 Retrying in 1 seconds
 Retrying in 1 seconds
 Retrying in 1 seconds
 Retrying in 1 seconds
 Retrying in 1 seconds
 Retrying in 1 seconds
 Retrying in 1 seconds
 Retrying in 1 seconds
 Retrying in 1 seconds
 Retrying in 1 seconds
 Retrying in 1 seconds
 Retrying in 1 seconds
 Retrying in 1 seconds
 Retrying in 1 seconds
 Retrying in 1 seconds
 Retrying in 1 seconds
 Retrying in 1 seconds
 Retrying in 1 seconds
[cbf_aux] step=4096 ret=-246.01 coll=0 ttc=11.76 cbf_res=0.0058
 Retrying in 1 seconds
 Retrying in 1 seconds
 Retrying in 1 seconds
 Retrying in 1 seconds
 Retrying in 1 seconds
 Retrying in 1 seconds
 Retrying in 1 seconds
 Retrying in 1 seconds
 Retrying in 1 seconds
 Retrying in 1 seconds
 Retrying in 1 seconds
 Retrying in 1 seconds
 Retrying in 1 seconds
 Retrying in 1 seconds
 Retrying in 1 seconds
 Retrying in 1 seconds
 Retrying in 1 seconds
 Retrying in 1 seconds
 Retrying in 1 seconds
 Retrying in 1 seconds
 Retrying in 1 seconds
 Retrying in 1 seconds
 Retrying in 1 seconds
 Retrying in 1 seconds
 Retrying in 1 seconds
 Retrying in 1 seconds
 Retrying in 1 seconds
 Retrying in 1 seconds
 Retrying in 1 seconds
 Retrying in 1 seconds
 Retrying in 1 seconds
 Retrying in 1 seconds
 Retrying in 1 seconds
 Retrying in 1 seconds
 Retrying in 1 seconds
 Retrying in 1 seconds
 Retrying in 1 seconds
 Retrying in 1 seconds
 Retrying in 1 seconds
[shaping_diag] success_cum_shaping=313.35 T=336 d_init=104.5 d_final=0.0
 Retrying in 1 seconds
[shaping_diag] success_cum_shaping=313.35 T=299 d_init=104.5 d_final=0.0
 Retrying in 1 seconds
 Retrying in 1 seconds
 Retrying in 1 seconds
[shaping_diag] success_cum_shaping=313.35 T=292 d_init=104.5 d_final=0.0
 Retrying in 1 seconds
 Retrying in 1 seconds
 Retrying in 1 seconds
 Retrying in 1 seconds
 Retrying in 1 seconds
 Retrying in 1 seconds
 Retrying in 1 seconds
 Retrying in 1 seconds
[shaping_diag] success_cum_shaping=313.35 T=417 d_init=104.5 d_final=0.0
 Retrying in 1 seconds
 Retrying in 1 seconds
 Retrying in 1 seconds
 Retrying in 1 seconds
 Retrying in 1 seconds
[shaping_diag] success_cum_shaping=313.35 T=300 d_init=104.5 d_final=0.0
 Retrying in 1 seconds
 Retrying in 1 seconds
 Retrying in 1 seconds
[shaping_diag] success_cum_shaping=313.35 T=283 d_init=104.5 d_final=0.0
 Retrying in 1 seconds
 Retrying in 1 seconds
[shaping_diag] success_cum_shaping=313.35 T=275 d_init=104.5 d_final=0.0
 Retrying in 1 seconds
[shaping_diag] success_cum_shaping=313.35 T=285 d_init=104.5 d_final=0.0
 Retrying in 1 seconds
 Retrying in 1 seconds
[shaping_diag] success_cum_shaping=313.35 T=491 d_init=104.5 d_final=0.0
 Retrying in 1 seconds
 Retrying in 1 seconds
 Retrying in 1 seconds
[shaping_diag] success_cum_shaping=313.35 T=416 d_init=104.5 d_final=0.0
 Retrying in 1 seconds
[shaping_diag] success_cum_shaping=313.35 T=313 d_init=104.5 d_final=0.0
 Retrying in 1 seconds
 Retrying in 1 seconds
[shaping_diag] success_cum_shaping=313.35 T=281 d_init=104.5 d_final=0.0
 Retrying in 1 seconds
 Retrying in 1 seconds
 Retrying in 1 seconds
[shaping_diag] success_cum_shaping=313.35 T=472 d_init=104.5 d_final=0.0
 Retrying in 1 seconds
 Retrying in 1 seconds
 Retrying in 1 seconds
[shaping_diag] success_cum_shaping=313.35 T=370 d_init=104.5 d_final=0.0
 Retrying in 1 seconds
[shaping_diag] success_cum_shaping=313.35 T=284 d_init=104.5 d_final=0.0
 Retrying in 1 seconds
[shaping_diag] success_cum_shaping=313.35 T=299 d_init=104.5 d_final=0.0
 Retrying in 1 seconds
[shaping_diag] success_cum_shaping=313.35 T=291 d_init=104.5 d_final=0.0
 Retrying in 1 seconds
[shaping_diag] success_cum_shaping=313.35 T=318 d_init=104.5 d_final=0.0
 Retrying in 1 seconds
[shaping_diag] success_cum_shaping=313.35 T=353 d_init=104.5 d_final=0.0
 Retrying in 1 seconds
[shaping_diag] success_cum_shaping=313.35 T=338 d_init=104.5 d_final=0.0
 Retrying in 1 seconds
[shaping_diag] success_cum_shaping=313.35 T=307 d_init=104.5 d_final=0.0
 Retrying in 1 seconds
[shaping_diag] success_cum_shaping=313.35 T=363 d_init=104.5 d_final=0.0
 Retrying in 1 seconds
[shaping_diag] success_cum_shaping=313.35 T=385 d_init=104.5 d_final=0.0
 Retrying in 1 seconds
[shaping_diag] success_cum_shaping=313.35 T=309 d_init=104.5 d_final=0.0
 Retrying in 1 seconds
[shaping_diag] success_cum_shaping=313.35 T=360 d_init=104.5 d_final=0.0
 Retrying in 1 seconds
 Retrying in 1 seconds
[shaping_diag] success_cum_shaping=313.35 T=324 d_init=104.5 d_final=0.0
 Retrying in 1 seconds
[shaping_diag] success_cum_shaping=313.35 T=380 d_init=104.5 d_final=0.0
 Retrying in 1 seconds
[shaping_diag] success_cum_shaping=313.35 T=298 d_init=104.5 d_final=0.0
 Retrying in 1 seconds
[shaping_diag] success_cum_shaping=313.35 T=270 d_init=104.5 d_final=0.0
 Retrying in 1 seconds
[shaping_diag] success_cum_shaping=313.35 T=227 d_init=104.5 d_final=0.0
 Retrying in 1 seconds
[shaping_diag] success_cum_shaping=313.35 T=355 d_init=104.5 d_final=0.0
 Retrying in 1 seconds
[shaping_diag] success_cum_shaping=313.35 T=316 d_init=104.5 d_final=0.0
 Retrying in 1 seconds
[shaping_diag] success_cum_shaping=313.35 T=255 d_init=104.5 d_final=0.0
 Retrying in 1 seconds
[shaping_diag] success_cum_shaping=313.35 T=258 d_init=104.5 d_final=0.0
 Retrying in 1 seconds
[shaping_diag] success_cum_shaping=313.35 T=280 d_init=104.5 d_final=0.0
 Retrying in 1 seconds
[shaping_diag] success_cum_shaping=313.35 T=397 d_init=104.5 d_final=0.0
 Retrying in 1 seconds
[shaping_diag] success_cum_shaping=313.35 T=268 d_init=104.5 d_final=0.0
 Retrying in 1 seconds
[shaping_diag] success_cum_shaping=313.35 T=461 d_init=104.5 d_final=0.0
 Retrying in 1 seconds
 Retrying in 1 seconds
[shaping_diag] success_cum_shaping=313.35 T=121 d_init=104.5 d_final=0.0
 Retrying in 1 seconds
[shaping_diag] success_cum_shaping=313.35 T=139 d_init=104.5 d_final=0.0
 Retrying in 1 seconds
[shaping_diag] success_cum_shaping=313.35 T=140 d_init=104.5 d_final=0.0
 Retrying in 1 seconds
[shaping_diag] success_cum_shaping=313.35 T=113 d_init=104.5 d_final=0.0
 Retrying in 1 seconds
[shaping_diag] success_cum_shaping=313.35 T=116 d_init=104.5 d_final=0.0
 Retrying in 1 seconds
[shaping_diag] success_cum_shaping=313.35 T=116 d_init=104.5 d_final=0.0
 Retrying in 1 seconds
[shaping_diag] success_cum_shaping=313.35 T=135 d_init=104.5 d_final=0.0
Warning: Vehicle 'other' performs emergency braking on lane ':center_8_0' with decel=9.00, wished=4.00, severity=1.00, time=7.40.
 Retrying in 1 seconds
 Retrying in 1 seconds
[shaping_diag] success_cum_shaping=313.35 T=126 d_init=104.5 d_final=0.0
 Retrying in 1 seconds
[shaping_diag] success_cum_shaping=313.35 T=133 d_init=104.5 d_final=0.0
[cbf_aux] step=45056 ret=57.35 coll=1 ttc=6.95 cbf_res=0.0588
 Retrying in 1 seconds
[shaping_diag] success_cum_shaping=313.35 T=492 d_init=104.5 d_final=0.0
 Retrying in 1 seconds
[shaping_diag] success_cum_shaping=313.35 T=251 d_init=104.5 d_final=0.0
 Retrying in 1 seconds
[shaping_diag] success_cum_shaping=313.35 T=319 d_init=104.5 d_final=0.0
 Retrying in 1 seconds
[shaping_diag] success_cum_shaping=313.35 T=255 d_init=104.5 d_final=0.0
 Retrying in 1 seconds
[shaping_diag] success_cum_shaping=313.35 T=273 d_init=104.5 d_final=0.0
 Retrying in 1 seconds
[shaping_diag] success_cum_shaping=313.35 T=258 d_init=104.5 d_final=0.0
 Retrying in 1 seconds
[shaping_diag] success_cum_shaping=313.35 T=274 d_init=104.5 d_final=0.0
 Retrying in 1 seconds
[shaping_diag] success_cum_shaping=313.35 T=260 d_init=104.5 d_final=0.0
 Retrying in 1 seconds
[shaping_diag] success_cum_shaping=313.35 T=427 d_init=104.5 d_final=0.0
 Retrying in 1 seconds
[shaping_diag] success_cum_shaping=313.35 T=348 d_init=104.5 d_final=0.0
 Retrying in 1 seconds
[shaping_diag] success_cum_shaping=313.35 T=303 d_init=104.5 d_final=0.0
 Retrying in 1 seconds
[shaping_diag] success_cum_shaping=313.35 T=279 d_init=104.5 d_final=0.0
 Retrying in 1 seconds
 Retrying in 1 seconds
[shaping_diag] success_cum_shaping=313.35 T=208 d_init=104.5 d_final=0.0
 Retrying in 1 seconds
[shaping_diag] success_cum_shaping=313.35 T=307 d_init=104.5 d_final=0.0
 Retrying in 1 seconds
[shaping_diag] success_cum_shaping=313.35 T=288 d_init=104.5 d_final=0.0
 Retrying in 1 seconds
[shaping_diag] success_cum_shaping=313.35 T=272 d_init=104.5 d_final=0.0
 Retrying in 1 seconds
[shaping_diag] success_cum_shaping=313.35 T=380 d_init=104.5 d_final=0.0
 Retrying in 1 seconds
[shaping_diag] success_cum_shaping=313.35 T=286 d_init=104.5 d_final=0.0
 Retrying in 1 seconds
[shaping_diag] success_cum_shaping=313.35 T=348 d_init=104.5 d_final=0.0
 Retrying in 1 seconds
[shaping_diag] success_cum_shaping=313.35 T=274 d_init=104.5 d_final=0.0
 Retrying in 1 seconds
[shaping_diag] success_cum_shaping=313.35 T=312 d_init=104.5 d_final=0.0
 Retrying in 1 seconds
[shaping_diag] success_cum_shaping=313.35 T=298 d_init=104.5 d_final=0.0
 Retrying in 1 seconds
[shaping_diag] success_cum_shaping=313.35 T=283 d_init=104.5 d_final=0.0
 Retrying in 1 seconds
[shaping_diag] success_cum_shaping=313.35 T=220 d_init=104.5 d_final=0.0
 Retrying in 1 seconds
[shaping_diag] success_cum_shaping=313.35 T=260 d_init=104.5 d_final=0.0
 Retrying in 1 seconds
[shaping_diag] success_cum_shaping=313.35 T=276 d_init=104.5 d_final=0.0
 Retrying in 1 seconds
 Retrying in 1 seconds
[shaping_diag] success_cum_shaping=313.35 T=279 d_init=104.5 d_final=0.0
 Retrying in 1 seconds
[shaping_diag] success_cum_shaping=313.35 T=293 d_init=104.5 d_final=0.0
 Retrying in 1 seconds
[shaping_diag] success_cum_shaping=313.35 T=264 d_init=104.5 d_final=0.0
 Retrying in 1 seconds
[shaping_diag] success_cum_shaping=313.35 T=283 d_init=104.5 d_final=0.0
 Retrying in 1 seconds
[shaping_diag] success_cum_shaping=313.35 T=286 d_init=104.5 d_final=0.0
 Retrying in 1 seconds
[shaping_diag] success_cum_shaping=313.35 T=266 d_init=104.5 d_final=0.0
 Retrying in 1 seconds
[shaping_diag] success_cum_shaping=313.35 T=297 d_init=104.5 d_final=0.0
 Retrying in 1 seconds
[shaping_diag] success_cum_shaping=313.35 T=218 d_init=104.5 d_final=0.0
 Retrying in 1 seconds
[shaping_diag] success_cum_shaping=313.35 T=288 d_init=104.5 d_final=0.0
 Retrying in 1 seconds
[shaping_diag] success_cum_shaping=313.35 T=266 d_init=104.5 d_final=0.0
 Retrying in 1 seconds
[shaping_diag] success_cum_shaping=313.35 T=236 d_init=104.5 d_final=0.0
 Retrying in 1 seconds
[shaping_diag] success_cum_shaping=313.35 T=268 d_init=104.5 d_final=0.0
 Retrying in 1 seconds
[shaping_diag] success_cum_shaping=313.35 T=296 d_init=104.5 d_final=0.0
 Retrying in 1 seconds
[shaping_diag] success_cum_shaping=313.35 T=255 d_init=104.5 d_final=0.0
 Retrying in 1 seconds
[shaping_diag] success_cum_shaping=313.35 T=256 d_init=104.5 d_final=0.0
 Retrying in 1 seconds
 Retrying in 1 seconds
[shaping_diag] success_cum_shaping=313.35 T=264 d_init=104.5 d_final=0.0
 Retrying in 1 seconds
[shaping_diag] success_cum_shaping=313.35 T=325 d_init=104.5 d_final=0.0
 Retrying in 1 seconds
[shaping_diag] success_cum_shaping=313.35 T=332 d_init=104.5 d_final=0.0
 Retrying in 1 seconds
[shaping_diag] success_cum_shaping=313.35 T=244 d_init=104.5 d_final=0.0
 Retrying in 1 seconds
[shaping_diag] success_cum_shaping=313.35 T=272 d_init=104.5 d_final=0.0
 Retrying in 1 seconds
[shaping_diag] success_cum_shaping=313.35 T=278 d_init=104.5 d_final=0.0
 Retrying in 1 seconds
[shaping_diag] success_cum_shaping=313.35 T=249 d_init=104.5 d_final=0.0
 Retrying in 1 seconds
[shaping_diag] success_cum_shaping=313.35 T=271 d_init=104.5 d_final=0.0
 Retrying in 1 seconds
[shaping_diag] success_cum_shaping=313.35 T=260 d_init=104.5 d_final=0.0
 Retrying in 1 seconds
[shaping_diag] success_cum_shaping=313.35 T=305 d_init=104.5 d_final=0.0
 Retrying in 1 seconds
[shaping_diag] success_cum_shaping=313.35 T=289 d_init=104.5 d_final=0.0
 Retrying in 1 seconds
[shaping_diag] success_cum_shaping=313.35 T=266 d_init=104.5 d_final=0.0
 Retrying in 1 seconds
[shaping_diag] success_cum_shaping=313.35 T=256 d_init=104.5 d_final=0.0
 Retrying in 1 seconds
[shaping_diag] success_cum_shaping=313.35 T=280 d_init=104.5 d_final=0.0
 Retrying in 1 seconds
 Retrying in 1 seconds
[shaping_diag] success_cum_shaping=313.35 T=264 d_init=104.5 d_final=0.0
 Retrying in 1 seconds
[shaping_diag] success_cum_shaping=313.35 T=269 d_init=104.5 d_final=0.0
 Retrying in 1 seconds
[shaping_diag] success_cum_shaping=313.35 T=239 d_init=104.5 d_final=0.0
 Retrying in 1 seconds
[shaping_diag] success_cum_shaping=313.35 T=223 d_init=104.5 d_final=0.0
 Retrying in 1 seconds
[shaping_diag] success_cum_shaping=313.35 T=270 d_init=104.5 d_final=0.0
 Retrying in 1 seconds
[shaping_diag] success_cum_shaping=313.35 T=278 d_init=104.5 d_final=0.0
 Retrying in 1 seconds
[shaping_diag] success_cum_shaping=313.35 T=250 d_init=104.5 d_final=0.0
 Retrying in 1 seconds
[shaping_diag] success_cum_shaping=313.35 T=252 d_init=104.5 d_final=0.0
 Retrying in 1 seconds
[shaping_diag] success_cum_shaping=313.35 T=253 d_init=104.5 d_final=0.0
 Retrying in 1 seconds
[shaping_diag] success_cum_shaping=313.35 T=244 d_init=104.5 d_final=0.0
 Retrying in 1 seconds
[shaping_diag] success_cum_shaping=313.35 T=228 d_init=104.5 d_final=0.0
 Retrying in 1 seconds
[shaping_diag] success_cum_shaping=313.35 T=203 d_init=104.5 d_final=0.0
 Retrying in 1 seconds
[shaping_diag] success_cum_shaping=313.35 T=268 d_init=104.5 d_final=0.0
 Retrying in 1 seconds
[shaping_diag] success_cum_shaping=313.35 T=239 d_init=104.5 d_final=0.0
 Retrying in 1 seconds
[shaping_diag] success_cum_shaping=313.35 T=274 d_init=104.5 d_final=0.0
 Retrying in 1 seconds
[shaping_diag] success_cum_shaping=313.35 T=227 d_init=104.5 d_final=0.0
 Retrying in 1 seconds
 Retrying in 1 seconds
[shaping_diag] success_cum_shaping=313.35 T=264 d_init=104.5 d_final=0.0
 Retrying in 1 seconds
[shaping_diag] success_cum_shaping=313.35 T=218 d_init=104.5 d_final=0.0
 Retrying in 1 seconds
[shaping_diag] success_cum_shaping=313.35 T=233 d_init=104.5 d_final=0.0
 Retrying in 1 seconds
[shaping_diag] success_cum_shaping=313.35 T=282 d_init=104.5 d_final=0.0
 Retrying in 1 seconds
[shaping_diag] success_cum_shaping=313.35 T=269 d_init=104.5 d_final=0.0
 Retrying in 1 seconds
[shaping_diag] success_cum_shaping=313.35 T=252 d_init=104.5 d_final=0.0
 Retrying in 1 seconds
[shaping_diag] success_cum_shaping=313.35 T=236 d_init=104.5 d_final=0.0
 Retrying in 1 seconds
[shaping_diag] success_cum_shaping=313.35 T=220 d_init=104.5 d_final=0.0
 Retrying in 1 seconds
[shaping_diag] success_cum_shaping=313.35 T=234 d_init=104.5 d_final=0.0
 Retrying in 1 seconds
[shaping_diag] success_cum_shaping=313.35 T=240 d_init=104.5 d_final=0.0
 Retrying in 1 seconds
[shaping_diag] success_cum_shaping=313.35 T=254 d_init=104.5 d_final=0.0
 Retrying in 1 seconds
[shaping_diag] success_cum_shaping=313.35 T=214 d_init=104.5 d_final=0.0
 Retrying in 1 seconds
[shaping_diag] success_cum_shaping=313.35 T=217 d_init=104.5 d_final=0.0
 Retrying in 1 seconds
[shaping_diag] success_cum_shaping=313.35 T=254 d_init=104.5 d_final=0.0
 Retrying in 1 seconds
[shaping_diag] success_cum_shaping=313.35 T=224 d_init=104.5 d_final=0.0
 Retrying in 1 seconds
[shaping_diag] success_cum_shaping=313.35 T=235 d_init=104.5 d_final=0.0
 Retrying in 1 seconds
[shaping_diag] success_cum_shaping=313.35 T=242 d_init=104.5 d_final=0.0
 Retrying in 1 seconds
 Retrying in 1 seconds
[shaping_diag] success_cum_shaping=313.35 T=199 d_init=104.5 d_final=0.0
 Retrying in 1 seconds
[shaping_diag] success_cum_shaping=313.35 T=236 d_init=104.5 d_final=0.0
 Retrying in 1 seconds
[shaping_diag] success_cum_shaping=313.35 T=273 d_init=104.5 d_final=0.0
 Retrying in 1 seconds
[shaping_diag] success_cum_shaping=313.35 T=260 d_init=104.5 d_final=0.0
 Retrying in 1 seconds
[shaping_diag] success_cum_shaping=313.35 T=224 d_init=104.5 d_final=0.0
 Retrying in 1 seconds
[shaping_diag] success_cum_shaping=313.35 T=215 d_init=104.5 d_final=0.0
 Retrying in 1 seconds
[shaping_diag] success_cum_shaping=313.35 T=242 d_init=104.5 d_final=0.0
 Retrying in 1 seconds
[shaping_diag] success_cum_shaping=313.35 T=204 d_init=104.5 d_final=0.0
 Retrying in 1 seconds
[shaping_diag] success_cum_shaping=313.35 T=236 d_init=104.5 d_final=0.0
 Retrying in 1 seconds
[shaping_diag] success_cum_shaping=313.35 T=248 d_init=104.5 d_final=0.0
 Retrying in 1 seconds
[shaping_diag] success_cum_shaping=313.35 T=207 d_init=104.5 d_final=0.0
 Retrying in 1 seconds
[shaping_diag] success_cum_shaping=313.35 T=227 d_init=104.5 d_final=0.0
 Retrying in 1 seconds
[shaping_diag] success_cum_shaping=313.35 T=241 d_init=104.5 d_final=0.0
 Retrying in 1 seconds
[shaping_diag] success_cum_shaping=313.35 T=261 d_init=104.5 d_final=0.0
 Retrying in 1 seconds
[shaping_diag] success_cum_shaping=313.35 T=243 d_init=104.5 d_final=0.0
 Retrying in 1 seconds
[shaping_diag] success_cum_shaping=313.35 T=254 d_init=104.5 d_final=0.0
 Retrying in 1 seconds
[shaping_diag] success_cum_shaping=313.35 T=226 d_init=104.5 d_final=0.0
 Retrying in 1 seconds
 Retrying in 1 seconds
[shaping_diag] success_cum_shaping=313.35 T=223 d_init=104.5 d_final=0.0
 Retrying in 1 seconds
[shaping_diag] success_cum_shaping=313.35 T=251 d_init=104.5 d_final=0.0
 Retrying in 1 seconds
[shaping_diag] success_cum_shaping=313.35 T=210 d_init=104.5 d_final=0.0
 Retrying in 1 seconds
[shaping_diag] success_cum_shaping=313.35 T=212 d_init=104.5 d_final=0.0
 Retrying in 1 seconds
[shaping_diag] success_cum_shaping=313.35 T=191 d_init=104.5 d_final=0.0
 Retrying in 1 seconds
[shaping_diag] success_cum_shaping=313.35 T=229 d_init=104.5 d_final=0.0
 Retrying in 1 seconds
[shaping_diag] success_cum_shaping=313.35 T=246 d_init=104.5 d_final=0.0
 Retrying in 1 seconds
[shaping_diag] success_cum_shaping=313.35 T=256 d_init=104.5 d_final=0.0
 Retrying in 1 seconds
[shaping_diag] success_cum_shaping=313.35 T=233 d_init=104.5 d_final=0.0
 Retrying in 1 seconds
[shaping_diag] success_cum_shaping=313.35 T=227 d_init=104.5 d_final=0.0
 Retrying in 1 seconds
[shaping_diag] success_cum_shaping=313.35 T=202 d_init=104.5 d_final=0.0
 Retrying in 1 seconds
[shaping_diag] success_cum_shaping=313.35 T=240 d_init=104.5 d_final=0.0
 Retrying in 1 seconds
[shaping_diag] success_cum_shaping=313.35 T=245 d_init=104.5 d_final=0.0
 Retrying in 1 seconds
[shaping_diag] success_cum_shaping=313.35 T=250 d_init=104.5 d_final=0.0
 Retrying in 1 seconds
[shaping_diag] success_cum_shaping=313.35 T=241 d_init=104.5 d_final=0.0
 Retrying in 1 seconds
[shaping_diag] success_cum_shaping=313.35 T=252 d_init=104.5 d_final=0.0
 Retrying in 1 seconds
[shaping_diag] success_cum_shaping=313.35 T=227 d_init=104.5 d_final=0.0
 Retrying in 1 seconds
 Retrying in 1 seconds
[shaping_diag] success_cum_shaping=313.35 T=228 d_init=104.5 d_final=0.0
 Retrying in 1 seconds
[shaping_diag] success_cum_shaping=313.35 T=266 d_init=104.5 d_final=0.0
 Retrying in 1 seconds
[shaping_diag] success_cum_shaping=313.35 T=203 d_init=104.5 d_final=0.0
 Retrying in 1 seconds
[shaping_diag] success_cum_shaping=313.35 T=232 d_init=104.5 d_final=0.0
 Retrying in 1 seconds
[shaping_diag] success_cum_shaping=313.35 T=234 d_init=104.5 d_final=0.0
 Retrying in 1 seconds
[shaping_diag] success_cum_shaping=313.35 T=231 d_init=104.5 d_final=0.0
 Retrying in 1 seconds
[shaping_diag] success_cum_shaping=313.35 T=225 d_init=104.5 d_final=0.0
 Retrying in 1 seconds
[shaping_diag] success_cum_shaping=313.35 T=246 d_init=104.5 d_final=0.0
 Retrying in 1 seconds
[shaping_diag] success_cum_shaping=313.35 T=231 d_init=104.5 d_final=0.0
 Retrying in 1 seconds
[shaping_diag] success_cum_shaping=313.35 T=239 d_init=104.5 d_final=0.0
 Retrying in 1 seconds
[shaping_diag] success_cum_shaping=313.35 T=214 d_init=104.5 d_final=0.0
 Retrying in 1 seconds
[shaping_diag] success_cum_shaping=313.35 T=216 d_init=104.5 d_final=0.0
 Retrying in 1 seconds
[shaping_diag] success_cum_shaping=313.35 T=251 d_init=104.5 d_final=0.0
 Retrying in 1 seconds
[shaping_diag] success_cum_shaping=313.35 T=248 d_init=104.5 d_final=0.0
 Retrying in 1 seconds
[shaping_diag] success_cum_shaping=313.35 T=202 d_init=104.5 d_final=0.0
 Retrying in 1 seconds
[shaping_diag] success_cum_shaping=313.35 T=209 d_init=104.5 d_final=0.0
 Retrying in 1 seconds
[shaping_diag] success_cum_shaping=313.35 T=213 d_init=104.5 d_final=0.0
 Retrying in 1 seconds
[shaping_diag] success_cum_shaping=313.35 T=206 d_init=104.5 d_final=0.0
 Retrying in 1 seconds
 Retrying in 1 seconds
[shaping_diag] success_cum_shaping=313.35 T=223 d_init=104.5 d_final=0.0
 Retrying in 1 seconds
[shaping_diag] success_cum_shaping=313.35 T=231 d_init=104.5 d_final=0.0
 Retrying in 1 seconds
[shaping_diag] success_cum_shaping=313.35 T=244 d_init=104.5 d_final=0.0
 Retrying in 1 seconds
[shaping_diag] success_cum_shaping=313.35 T=194 d_init=104.5 d_final=0.0
 Retrying in 1 seconds
[shaping_diag] success_cum_shaping=313.35 T=251 d_init=104.5 d_final=0.0
 Retrying in 1 seconds
[shaping_diag] success_cum_shaping=313.35 T=222 d_init=104.5 d_final=0.0
 Retrying in 1 seconds
[shaping_diag] success_cum_shaping=313.35 T=207 d_init=104.5 d_final=0.0
 Retrying in 1 seconds
[shaping_diag] success_cum_shaping=313.35 T=205 d_init=104.5 d_final=0.0
 Retrying in 1 seconds
[shaping_diag] success_cum_shaping=313.35 T=209 d_init=104.5 d_final=0.0
 Retrying in 1 seconds
[shaping_diag] success_cum_shaping=313.35 T=232 d_init=104.5 d_final=0.0
 Retrying in 1 seconds
[shaping_diag] success_cum_shaping=313.35 T=244 d_init=104.5 d_final=0.0
 Retrying in 1 seconds
[shaping_diag] success_cum_shaping=313.35 T=234 d_init=104.5 d_final=0.0
 Retrying in 1 seconds
[shaping_diag] success_cum_shaping=313.35 T=220 d_init=104.5 d_final=0.0
 Retrying in 1 seconds
[shaping_diag] success_cum_shaping=313.35 T=196 d_init=104.5 d_final=0.0
 Retrying in 1 seconds
[shaping_diag] success_cum_shaping=313.35 T=225 d_init=104.5 d_final=0.0
 Retrying in 1 seconds
[shaping_diag] success_cum_shaping=313.35 T=257 d_init=104.5 d_final=0.0
 Retrying in 1 seconds
[shaping_diag] success_cum_shaping=313.35 T=210 d_init=104.5 d_final=0.0
 Retrying in 1 seconds
[shaping_diag] success_cum_shaping=313.35 T=235 d_init=104.5 d_final=0.0
 Retrying in 1 seconds
 Retrying in 1 seconds
[shaping_diag] success_cum_shaping=313.35 T=111 d_init=104.5 d_final=0.0
 Retrying in 1 seconds
[shaping_diag] success_cum_shaping=313.35 T=111 d_init=104.5 d_final=0.0
 Retrying in 1 seconds
[shaping_diag] success_cum_shaping=313.35 T=112 d_init=104.5 d_final=0.0
 Retrying in 1 seconds
[shaping_diag] success_cum_shaping=313.35 T=111 d_init=104.5 d_final=0.0
 Retrying in 1 seconds
[shaping_diag] success_cum_shaping=313.35 T=112 d_init=104.5 d_final=0.0
 Retrying in 1 seconds
[shaping_diag] success_cum_shaping=313.35 T=111 d_init=104.5 d_final=0.0
 Retrying in 1 seconds
 Retrying in 1 seconds
[shaping_diag] success_cum_shaping=313.35 T=111 d_init=104.5 d_final=0.0
 Retrying in 1 seconds
[shaping_diag] success_cum_shaping=313.35 T=128 d_init=104.5 d_final=0.0
 Retrying in 1 seconds
[shaping_diag] success_cum_shaping=313.35 T=112 d_init=104.5 d_final=0.0
[cbf_aux] step=86016 ret=164.37 coll=1 ttc=5.67 cbf_res=0.0000
 Retrying in 1 seconds
[shaping_diag] success_cum_shaping=313.35 T=213 d_init=104.5 d_final=0.0
 Retrying in 1 seconds
[shaping_diag] success_cum_shaping=313.35 T=237 d_init=104.5 d_final=0.0
 Retrying in 1 seconds
[shaping_diag] success_cum_shaping=313.35 T=193 d_init=104.5 d_final=0.0
 Retrying in 1 seconds
[shaping_diag] success_cum_shaping=313.35 T=219 d_init=104.5 d_final=0.0
 Retrying in 1 seconds
[shaping_diag] success_cum_shaping=313.35 T=200 d_init=104.5 d_final=0.0
 Retrying in 1 seconds
[shaping_diag] success_cum_shaping=313.35 T=224 d_init=104.5 d_final=0.0
 Retrying in 1 seconds
[shaping_diag] success_cum_shaping=313.35 T=199 d_init=104.5 d_final=0.0
 Retrying in 1 seconds
[shaping_diag] success_cum_shaping=313.35 T=194 d_init=104.5 d_final=0.0
 Retrying in 1 seconds
[shaping_diag] success_cum_shaping=313.35 T=247 d_init=104.5 d_final=0.0
 Retrying in 1 seconds
[shaping_diag] success_cum_shaping=313.35 T=206 d_init=104.5 d_final=0.0
 Retrying in 1 seconds
[shaping_diag] success_cum_shaping=313.35 T=245 d_init=104.5 d_final=0.0
 Retrying in 1 seconds
[shaping_diag] success_cum_shaping=313.35 T=189 d_init=104.5 d_final=0.0
 Retrying in 1 seconds
[shaping_diag] success_cum_shaping=313.35 T=229 d_init=104.5 d_final=0.0
 Retrying in 1 seconds
[shaping_diag] success_cum_shaping=313.35 T=243 d_init=104.5 d_final=0.0
 Retrying in 1 seconds
[shaping_diag] success_cum_shaping=313.35 T=195 d_init=104.5 d_final=0.0
 Retrying in 1 seconds
[shaping_diag] success_cum_shaping=313.35 T=214 d_init=104.5 d_final=0.0
 Retrying in 1 seconds
[shaping_diag] success_cum_shaping=313.35 T=239 d_init=104.5 d_final=0.0
 Retrying in 1 seconds
[shaping_diag] success_cum_shaping=313.35 T=214 d_init=104.5 d_final=0.0
 Retrying in 1 seconds
 Retrying in 1 seconds
[shaping_diag] success_cum_shaping=313.35 T=208 d_init=104.5 d_final=0.0
 Retrying in 1 seconds
[shaping_diag] success_cum_shaping=313.35 T=237 d_init=104.5 d_final=0.0
 Retrying in 1 seconds
[shaping_diag] success_cum_shaping=313.35 T=216 d_init=104.5 d_final=0.0
 Retrying in 1 seconds
[shaping_diag] success_cum_shaping=313.35 T=233 d_init=104.5 d_final=0.0
 Retrying in 1 seconds
[shaping_diag] success_cum_shaping=313.35 T=222 d_init=104.5 d_final=0.0
 Retrying in 1 seconds
[shaping_diag] success_cum_shaping=313.35 T=223 d_init=104.5 d_final=0.0
 Retrying in 1 seconds
[shaping_diag] success_cum_shaping=313.35 T=200 d_init=104.5 d_final=0.0
 Retrying in 1 seconds
[shaping_diag] success_cum_shaping=313.35 T=179 d_init=104.5 d_final=0.0
 Retrying in 1 seconds
[shaping_diag] success_cum_shaping=313.35 T=225 d_init=104.5 d_final=0.0
 Retrying in 1 seconds
[shaping_diag] success_cum_shaping=313.35 T=232 d_init=104.5 d_final=0.0
 Retrying in 1 seconds
[shaping_diag] success_cum_shaping=313.35 T=243 d_init=104.5 d_final=0.0
 Retrying in 1 seconds
[shaping_diag] success_cum_shaping=313.35 T=228 d_init=104.5 d_final=0.0
 Retrying in 1 seconds
[shaping_diag] success_cum_shaping=313.35 T=243 d_init=104.5 d_final=0.0
 Retrying in 1 seconds
[shaping_diag] success_cum_shaping=313.35 T=219 d_init=104.5 d_final=0.0
 Retrying in 1 seconds
[shaping_diag] success_cum_shaping=313.35 T=215 d_init=104.5 d_final=0.0
 Retrying in 1 seconds
[shaping_diag] success_cum_shaping=313.35 T=215 d_init=104.5 d_final=0.0
 Retrying in 1 seconds
[shaping_diag] success_cum_shaping=313.35 T=236 d_init=104.5 d_final=0.0
 Retrying in 1 seconds
[shaping_diag] success_cum_shaping=313.35 T=241 d_init=104.5 d_final=0.0
 Retrying in 1 seconds
 Retrying in 1 seconds
[shaping_diag] success_cum_shaping=313.35 T=228 d_init=104.5 d_final=0.0
 Retrying in 1 seconds
[shaping_diag] success_cum_shaping=313.35 T=231 d_init=104.5 d_final=0.0
 Retrying in 1 seconds
[shaping_diag] success_cum_shaping=313.35 T=235 d_init=104.5 d_final=0.0
 Retrying in 1 seconds
[shaping_diag] success_cum_shaping=313.35 T=204 d_init=104.5 d_final=0.0
 Retrying in 1 seconds
[shaping_diag] success_cum_shaping=313.35 T=199 d_init=104.5 d_final=0.0
 Retrying in 1 seconds
[shaping_diag] success_cum_shaping=313.35 T=223 d_init=104.5 d_final=0.0
 Retrying in 1 seconds
[shaping_diag] success_cum_shaping=313.35 T=232 d_init=104.5 d_final=0.0
 Retrying in 1 seconds
[shaping_diag] success_cum_shaping=313.35 T=201 d_init=104.5 d_final=0.0
 Retrying in 1 seconds
[shaping_diag] success_cum_shaping=313.35 T=221 d_init=104.5 d_final=0.0
 Retrying in 1 seconds
[shaping_diag] success_cum_shaping=313.35 T=248 d_init=104.5 d_final=0.0
 Retrying in 1 seconds
[shaping_diag] success_cum_shaping=313.35 T=239 d_init=104.5 d_final=0.0
 Retrying in 1 seconds
[shaping_diag] success_cum_shaping=313.35 T=214 d_init=104.5 d_final=0.0
 Retrying in 1 seconds
[shaping_diag] success_cum_shaping=313.35 T=244 d_init=104.5 d_final=0.0
 Retrying in 1 seconds
[shaping_diag] success_cum_shaping=313.35 T=225 d_init=104.5 d_final=0.0
 Retrying in 1 seconds
[shaping_diag] success_cum_shaping=313.35 T=219 d_init=104.5 d_final=0.0
 Retrying in 1 seconds
[shaping_diag] success_cum_shaping=313.35 T=224 d_init=104.5 d_final=0.0
 Retrying in 1 seconds
[shaping_diag] success_cum_shaping=313.35 T=224 d_init=104.5 d_final=0.0
 Retrying in 1 seconds
[shaping_diag] success_cum_shaping=313.35 T=217 d_init=104.5 d_final=0.0
 Retrying in 1 seconds
 Retrying in 1 seconds
[shaping_diag] success_cum_shaping=313.35 T=220 d_init=104.5 d_final=0.0
 Retrying in 1 seconds
[shaping_diag] success_cum_shaping=313.35 T=215 d_init=104.5 d_final=0.0
 Retrying in 1 seconds
[shaping_diag] success_cum_shaping=313.35 T=195 d_init=104.5 d_final=0.0
 Retrying in 1 seconds
[shaping_diag] success_cum_shaping=313.35 T=213 d_init=104.5 d_final=0.0
 Retrying in 1 seconds
[shaping_diag] success_cum_shaping=313.35 T=211 d_init=104.5 d_final=0.0
 Retrying in 1 seconds
[shaping_diag] success_cum_shaping=313.35 T=217 d_init=104.5 d_final=0.0
 Retrying in 1 seconds
[shaping_diag] success_cum_shaping=313.35 T=194 d_init=104.5 d_final=0.0
 Retrying in 1 seconds
[shaping_diag] success_cum_shaping=313.35 T=188 d_init=104.5 d_final=0.0
 Retrying in 1 seconds
[shaping_diag] success_cum_shaping=313.35 T=196 d_init=104.5 d_final=0.0
 Retrying in 1 seconds
[shaping_diag] success_cum_shaping=313.35 T=245 d_init=104.5 d_final=0.0
 Retrying in 1 seconds
[shaping_diag] success_cum_shaping=313.35 T=235 d_init=104.5 d_final=0.0
 Retrying in 1 seconds
[shaping_diag] success_cum_shaping=313.35 T=240 d_init=104.5 d_final=0.0
 Retrying in 1 seconds
[shaping_diag] success_cum_shaping=313.35 T=200 d_init=104.5 d_final=0.0
 Retrying in 1 seconds
[shaping_diag] success_cum_shaping=313.35 T=242 d_init=104.5 d_final=0.0
 Retrying in 1 seconds
[shaping_diag] success_cum_shaping=313.35 T=226 d_init=104.5 d_final=0.0
 Retrying in 1 seconds
[shaping_diag] success_cum_shaping=313.35 T=205 d_init=104.5 d_final=0.0
 Retrying in 1 seconds
[shaping_diag] success_cum_shaping=313.35 T=198 d_init=104.5 d_final=0.0
 Retrying in 1 seconds
[shaping_diag] success_cum_shaping=313.35 T=214 d_init=104.5 d_final=0.0
 Retrying in 1 seconds
[shaping_diag] success_cum_shaping=313.35 T=240 d_init=104.5 d_final=0.0
 Retrying in 1 seconds
 Retrying in 1 seconds
[shaping_diag] success_cum_shaping=313.35 T=227 d_init=104.5 d_final=0.0
 Retrying in 1 seconds
[shaping_diag] success_cum_shaping=313.35 T=187 d_init=104.5 d_final=0.0
 Retrying in 1 seconds
[shaping_diag] success_cum_shaping=313.35 T=219 d_init=104.5 d_final=0.0
 Retrying in 1 seconds
[shaping_diag] success_cum_shaping=313.35 T=202 d_init=104.5 d_final=0.0
 Retrying in 1 seconds
[shaping_diag] success_cum_shaping=313.35 T=225 d_init=104.5 d_final=0.0
 Retrying in 1 seconds
[shaping_diag] success_cum_shaping=313.35 T=231 d_init=104.5 d_final=0.0
 Retrying in 1 seconds
[shaping_diag] success_cum_shaping=313.35 T=212 d_init=104.5 d_final=0.0
 Retrying in 1 seconds
[shaping_diag] success_cum_shaping=313.35 T=204 d_init=104.5 d_final=0.0
 Retrying in 1 seconds
[shaping_diag] success_cum_shaping=313.35 T=221 d_init=104.5 d_final=0.0
 Retrying in 1 seconds
[shaping_diag] success_cum_shaping=313.35 T=182 d_init=104.5 d_final=0.0
 Retrying in 1 seconds
[shaping_diag] success_cum_shaping=313.35 T=230 d_init=104.5 d_final=0.0
 Retrying in 1 seconds
[shaping_diag] success_cum_shaping=313.35 T=173 d_init=104.5 d_final=0.0
 Retrying in 1 seconds
[shaping_diag] success_cum_shaping=313.35 T=229 d_init=104.5 d_final=0.0
 Retrying in 1 seconds
[shaping_diag] success_cum_shaping=313.35 T=201 d_init=104.5 d_final=0.0
 Retrying in 1 seconds
[shaping_diag] success_cum_shaping=313.35 T=192 d_init=104.5 d_final=0.0
 Retrying in 1 seconds
[shaping_diag] success_cum_shaping=313.35 T=181 d_init=104.5 d_final=0.0
 Retrying in 1 seconds
[shaping_diag] success_cum_shaping=313.35 T=234 d_init=104.5 d_final=0.0
 Retrying in 1 seconds
[shaping_diag] success_cum_shaping=313.35 T=206 d_init=104.5 d_final=0.0
 Retrying in 1 seconds
[shaping_diag] success_cum_shaping=313.35 T=235 d_init=104.5 d_final=0.0
 Retrying in 1 seconds
 Retrying in 1 seconds
[shaping_diag] success_cum_shaping=313.35 T=192 d_init=104.5 d_final=0.0
 Retrying in 1 seconds
[shaping_diag] success_cum_shaping=313.35 T=209 d_init=104.5 d_final=0.0
 Retrying in 1 seconds
[shaping_diag] success_cum_shaping=313.35 T=193 d_init=104.5 d_final=0.0
 Retrying in 1 seconds
[shaping_diag] success_cum_shaping=313.35 T=200 d_init=104.5 d_final=0.0
 Retrying in 1 seconds
[shaping_diag] success_cum_shaping=313.35 T=213 d_init=104.5 d_final=0.0
 Retrying in 1 seconds
[shaping_diag] success_cum_shaping=313.35 T=170 d_init=104.5 d_final=0.0
 Retrying in 1 seconds
[shaping_diag] success_cum_shaping=313.35 T=188 d_init=104.5 d_final=0.0
 Retrying in 1 seconds
[shaping_diag] success_cum_shaping=313.35 T=211 d_init=104.5 d_final=0.0
 Retrying in 1 seconds
[shaping_diag] success_cum_shaping=313.35 T=193 d_init=104.5 d_final=0.0
 Retrying in 1 seconds
[shaping_diag] success_cum_shaping=313.35 T=206 d_init=104.5 d_final=0.0
 Retrying in 1 seconds
[shaping_diag] success_cum_shaping=313.35 T=204 d_init=104.5 d_final=0.0
 Retrying in 1 seconds
[shaping_diag] success_cum_shaping=313.35 T=185 d_init=104.5 d_final=0.0
 Retrying in 1 seconds
[shaping_diag] success_cum_shaping=313.35 T=209 d_init=104.5 d_final=0.0
 Retrying in 1 seconds
[shaping_diag] success_cum_shaping=313.35 T=224 d_init=104.5 d_final=0.0
 Retrying in 1 seconds
[shaping_diag] success_cum_shaping=313.35 T=207 d_init=104.5 d_final=0.0
 Retrying in 1 seconds
[shaping_diag] success_cum_shaping=313.35 T=149 d_init=104.5 d_final=0.0
 Retrying in 1 seconds
[shaping_diag] success_cum_shaping=313.35 T=224 d_init=104.5 d_final=0.0
 Retrying in 1 seconds
[shaping_diag] success_cum_shaping=313.35 T=173 d_init=104.5 d_final=0.0
 Retrying in 1 seconds
[shaping_diag] success_cum_shaping=313.35 T=196 d_init=104.5 d_final=0.0
 Retrying in 1 seconds
[shaping_diag] success_cum_shaping=313.35 T=191 d_init=104.5 d_final=0.0
 Retrying in 1 seconds
 Retrying in 1 seconds
 Retrying in 1 seconds
[shaping_diag] success_cum_shaping=313.35 T=127 d_init=104.5 d_final=0.0
 Retrying in 1 seconds
[shaping_diag] success_cum_shaping=313.35 T=201 d_init=104.5 d_final=0.0
 Retrying in 1 seconds
[shaping_diag] success_cum_shaping=313.35 T=122 d_init=104.5 d_final=0.0
 Retrying in 1 seconds
[shaping_diag] success_cum_shaping=313.35 T=173 d_init=104.5 d_final=0.0
 Retrying in 1 seconds
[shaping_diag] success_cum_shaping=313.35 T=182 d_init=104.5 d_final=0.0
 Retrying in 1 seconds
[shaping_diag] success_cum_shaping=313.35 T=136 d_init=104.5 d_final=0.0
 Retrying in 1 seconds
[shaping_diag] success_cum_shaping=313.35 T=166 d_init=104.5 d_final=0.0
 Retrying in 1 seconds
[shaping_diag] success_cum_shaping=313.35 T=158 d_init=104.5 d_final=0.0
Warning: Vehicle 'other2'; junction collision with vehicle 'ego', lane=':center_8_0', gap=-1.00, time=10.00 stage=move.
 Retrying in 1 seconds
 Retrying in 1 seconds
[shaping_diag] success_cum_shaping=313.35 T=178 d_init=104.5 d_final=0.0
 Retrying in 1 seconds
[shaping_diag] success_cum_shaping=313.35 T=135 d_init=104.5 d_final=0.0
 Retrying in 1 seconds
[shaping_diag] success_cum_shaping=313.35 T=155 d_init=104.5 d_final=0.0
 Retrying in 1 seconds
[shaping_diag] success_cum_shaping=313.35 T=186 d_init=104.5 d_final=0.0
 Retrying in 1 seconds
[shaping_diag] success_cum_shaping=313.35 T=178 d_init=104.5 d_final=0.0
 Retrying in 1 seconds
[shaping_diag] success_cum_shaping=313.35 T=150 d_init=104.5 d_final=0.0
 Retrying in 1 seconds
[shaping_diag] success_cum_shaping=313.35 T=212 d_init=104.5 d_final=0.0
 Retrying in 1 seconds
[shaping_diag] success_cum_shaping=313.35 T=202 d_init=104.5 d_final=0.0
 Retrying in 1 seconds
[shaping_diag] success_cum_shaping=313.35 T=204 d_init=104.5 d_final=0.0
 Retrying in 1 seconds
[shaping_diag] success_cum_shaping=313.35 T=187 d_init=104.5 d_final=0.0
 Retrying in 1 seconds
[shaping_diag] success_cum_shaping=313.35 T=189 d_init=104.5 d_final=0.0
 Retrying in 1 seconds
[shaping_diag] success_cum_shaping=313.35 T=205 d_init=104.5 d_final=0.0
 Retrying in 1 seconds
[shaping_diag] success_cum_shaping=313.35 T=162 d_init=104.5 d_final=0.0
 Retrying in 1 seconds
[shaping_diag] success_cum_shaping=313.35 T=136 d_init=104.5 d_final=0.0
 Retrying in 1 seconds
[shaping_diag] success_cum_shaping=313.35 T=139 d_init=104.5 d_final=0.0
 Retrying in 1 seconds
 Retrying in 1 seconds
[shaping_diag] success_cum_shaping=313.35 T=168 d_init=104.5 d_final=0.0
 Retrying in 1 seconds
[shaping_diag] success_cum_shaping=313.35 T=153 d_init=104.5 d_final=0.0
 Retrying in 1 seconds
[shaping_diag] success_cum_shaping=313.35 T=140 d_init=104.5 d_final=0.0
 Retrying in 1 seconds
[shaping_diag] success_cum_shaping=313.35 T=152 d_init=104.5 d_final=0.0
 Retrying in 1 seconds
[shaping_diag] success_cum_shaping=313.35 T=129 d_init=104.5 d_final=0.0
 Retrying in 1 seconds
[shaping_diag] success_cum_shaping=313.35 T=147 d_init=104.5 d_final=0.0
 Retrying in 1 seconds
[shaping_diag] success_cum_shaping=313.35 T=160 d_init=104.5 d_final=0.0
Warning: Vehicle 'other2' performs emergency braking on lane 'left_in_0' with decel=9.00, wished=5.00, severity=1.00, time=9.40.
 Retrying in 1 seconds
[shaping_diag] success_cum_shaping=313.35 T=163 d_init=104.5 d_final=0.0
 Retrying in 1 seconds
[shaping_diag] success_cum_shaping=313.35 T=139 d_init=104.5 d_final=0.0
 Retrying in 1 seconds
[shaping_diag] success_cum_shaping=313.35 T=150 d_init=104.5 d_final=0.0
 Retrying in 1 seconds
[shaping_diag] success_cum_shaping=313.35 T=177 d_init=104.5 d_final=0.0
 Retrying in 1 seconds
[shaping_diag] success_cum_shaping=313.35 T=138 d_init=104.5 d_final=0.0
 Retrying in 1 seconds
[shaping_diag] success_cum_shaping=313.35 T=164 d_init=104.5 d_final=0.0
 Retrying in 1 seconds
[shaping_diag] success_cum_shaping=313.35 T=152 d_init=104.5 d_final=0.0
 Retrying in 1 seconds
[shaping_diag] success_cum_shaping=313.35 T=159 d_init=104.5 d_final=0.0
 Retrying in 1 seconds
[shaping_diag] success_cum_shaping=313.35 T=195 d_init=104.5 d_final=0.0
 Retrying in 1 seconds
[shaping_diag] success_cum_shaping=313.35 T=181 d_init=104.5 d_final=0.0
 Retrying in 1 seconds
[shaping_diag] success_cum_shaping=313.35 T=179 d_init=104.5 d_final=0.0
Warning: Vehicle 'ego'; junction collision with vehicle 'other', lane=':center_11_0', gap=-1.00, time=8.40 stage=move.
 Retrying in 1 seconds
 Retrying in 1 seconds
[shaping_diag] success_cum_shaping=313.35 T=199 d_init=104.5 d_final=0.0
 Retrying in 1 seconds
[shaping_diag] success_cum_shaping=313.35 T=138 d_init=104.5 d_final=0.0
 Retrying in 1 seconds
[shaping_diag] success_cum_shaping=313.35 T=184 d_init=104.5 d_final=0.0
 Retrying in 1 seconds
[shaping_diag] success_cum_shaping=313.35 T=150 d_init=104.5 d_final=0.0
 Retrying in 1 seconds
[shaping_diag] success_cum_shaping=313.35 T=135 d_init=104.5 d_final=0.0
 Retrying in 1 seconds
[shaping_diag] success_cum_shaping=313.35 T=164 d_init=104.5 d_final=0.0
 Retrying in 1 seconds
[shaping_diag] success_cum_shaping=313.35 T=152 d_init=104.5 d_final=0.0
 Retrying in 1 seconds
 Retrying in 1 seconds
[shaping_diag] success_cum_shaping=313.35 T=124 d_init=104.5 d_final=0.0
 Retrying in 1 seconds
[shaping_diag] success_cum_shaping=313.35 T=136 d_init=104.5 d_final=0.0
 Retrying in 1 seconds
[shaping_diag] success_cum_shaping=313.35 T=122 d_init=104.5 d_final=0.0
 Retrying in 1 seconds
[shaping_diag] success_cum_shaping=313.35 T=149 d_init=104.5 d_final=0.0
 Retrying in 1 seconds
[shaping_diag] success_cum_shaping=313.35 T=146 d_init=104.5 d_final=0.0
 Retrying in 1 seconds
[shaping_diag] success_cum_shaping=313.35 T=125 d_init=104.5 d_final=0.0
 Retrying in 1 seconds
 Retrying in 1 seconds
[shaping_diag] success_cum_shaping=313.35 T=141 d_init=104.5 d_final=0.0
 Retrying in 1 seconds
[shaping_diag] success_cum_shaping=313.35 T=136 d_init=104.5 d_final=0.0
 Retrying in 1 seconds
[shaping_diag] success_cum_shaping=313.35 T=137 d_init=104.5 d_final=0.0
 Retrying in 1 seconds
[shaping_diag] success_cum_shaping=313.35 T=162 d_init=104.5 d_final=0.0
 Retrying in 1 seconds
[shaping_diag] success_cum_shaping=313.35 T=125 d_init=104.5 d_final=0.0
 Retrying in 1 seconds
[shaping_diag] success_cum_shaping=313.35 T=133 d_init=104.5 d_final=0.0
 Retrying in 1 seconds
[shaping_diag] success_cum_shaping=313.35 T=146 d_init=104.5 d_final=0.0
 Retrying in 1 seconds
[shaping_diag] success_cum_shaping=313.35 T=124 d_init=104.5 d_final=0.0
 Retrying in 1 seconds
[shaping_diag] success_cum_shaping=313.35 T=163 d_init=104.5 d_final=0.0
 Retrying in 1 seconds
[shaping_diag] success_cum_shaping=313.35 T=135 d_init=104.5 d_final=0.0
 Retrying in 1 seconds
[shaping_diag] success_cum_shaping=313.35 T=136 d_init=104.5 d_final=0.0
 Retrying in 1 seconds
[shaping_diag] success_cum_shaping=313.35 T=137 d_init=104.5 d_final=0.0
 Retrying in 1 seconds
[shaping_diag] success_cum_shaping=313.35 T=164 d_init=104.5 d_final=0.0
 Retrying in 1 seconds
[shaping_diag] success_cum_shaping=313.35 T=192 d_init=104.5 d_final=0.0
 Retrying in 1 seconds
[shaping_diag] success_cum_shaping=313.35 T=132 d_init=104.5 d_final=0.0
 Retrying in 1 seconds
[shaping_diag] success_cum_shaping=313.35 T=123 d_init=104.5 d_final=0.0
 Retrying in 1 seconds
[shaping_diag] success_cum_shaping=313.35 T=131 d_init=104.5 d_final=0.0
 Retrying in 1 seconds
[shaping_diag] success_cum_shaping=313.35 T=154 d_init=104.5 d_final=0.0
 Retrying in 1 seconds
[shaping_diag] success_cum_shaping=313.35 T=125 d_init=104.5 d_final=0.0
 Retrying in 1 seconds
 Retrying in 1 seconds
[shaping_diag] success_cum_shaping=313.35 T=144 d_init=104.5 d_final=0.0
 Retrying in 1 seconds
[shaping_diag] success_cum_shaping=313.35 T=128 d_init=104.5 d_final=0.0
 Retrying in 1 seconds
 Retrying in 1 seconds
[shaping_diag] success_cum_shaping=313.35 T=131 d_init=104.5 d_final=0.0
 Retrying in 1 seconds
[shaping_diag] success_cum_shaping=313.35 T=136 d_init=104.5 d_final=0.0
 Retrying in 1 seconds
[shaping_diag] success_cum_shaping=313.35 T=127 d_init=104.5 d_final=0.0
Warning: Vehicle 'other2' performs emergency braking on lane 'left_in_0' with decel=9.00, wished=5.00, severity=1.00, time=8.40.
 Retrying in 1 seconds
[shaping_diag] success_cum_shaping=313.35 T=135 d_init=104.5 d_final=0.0
 Retrying in 1 seconds
[shaping_diag] success_cum_shaping=313.35 T=121 d_init=104.5 d_final=0.0
 Retrying in 1 seconds
[shaping_diag] success_cum_shaping=313.35 T=129 d_init=104.5 d_final=0.0
 Retrying in 1 seconds
[shaping_diag] success_cum_shaping=313.35 T=137 d_init=104.5 d_final=0.0
Warning: Vehicle 'other'; junction collision with vehicle 'ego', lane=':center_8_0', gap=-1.00, time=7.70 stage=move.
 Retrying in 1 seconds
 Retrying in 1 seconds
[shaping_diag] success_cum_shaping=313.35 T=152 d_init=104.5 d_final=0.0
 Retrying in 1 seconds
[shaping_diag] success_cum_shaping=313.35 T=121 d_init=104.5 d_final=0.0
 Retrying in 1 seconds
[shaping_diag] success_cum_shaping=313.35 T=135 d_init=104.5 d_final=0.0
 Retrying in 1 seconds
[shaping_diag] success_cum_shaping=313.35 T=129 d_init=104.5 d_final=0.0
 Retrying in 1 seconds
[shaping_diag] success_cum_shaping=313.35 T=140 d_init=104.5 d_final=0.0
 Retrying in 1 seconds
[shaping_diag] success_cum_shaping=313.35 T=132 d_init=104.5 d_final=0.0
 Retrying in 1 seconds
[shaping_diag] success_cum_shaping=313.35 T=140 d_init=104.5 d_final=0.0
 Retrying in 1 seconds
[shaping_diag] success_cum_shaping=313.35 T=122 d_init=104.5 d_final=0.0
 Retrying in 1 seconds
[shaping_diag] success_cum_shaping=313.35 T=129 d_init=104.5 d_final=0.0
 Retrying in 1 seconds
[shaping_diag] success_cum_shaping=313.35 T=123 d_init=104.5 d_final=0.0
 Retrying in 1 seconds
[shaping_diag] success_cum_shaping=313.35 T=121 d_init=104.5 d_final=0.0
 Retrying in 1 seconds
[shaping_diag] success_cum_shaping=313.35 T=134 d_init=104.5 d_final=0.0
 Retrying in 1 seconds
[shaping_diag] success_cum_shaping=313.35 T=142 d_init=104.5 d_final=0.0
 Retrying in 1 seconds
[shaping_diag] success_cum_shaping=313.35 T=123 d_init=104.5 d_final=0.0
 Retrying in 1 seconds
[shaping_diag] success_cum_shaping=313.35 T=168 d_init=104.5 d_final=0.0
 Retrying in 1 seconds
[shaping_diag] success_cum_shaping=313.35 T=124 d_init=104.5 d_final=0.0
 Retrying in 1 seconds
[shaping_diag] success_cum_shaping=313.35 T=127 d_init=104.5 d_final=0.0
 Retrying in 1 seconds
[shaping_diag] success_cum_shaping=313.35 T=140 d_init=104.5 d_final=0.0
 Retrying in 1 seconds
[shaping_diag] success_cum_shaping=313.35 T=127 d_init=104.5 d_final=0.0
 Retrying in 1 seconds
[shaping_diag] success_cum_shaping=313.35 T=132 d_init=104.5 d_final=0.0
 Retrying in 1 seconds
[shaping_diag] success_cum_shaping=313.35 T=127 d_init=104.5 d_final=0.0
 Retrying in 1 seconds
[shaping_diag] success_cum_shaping=313.35 T=129 d_init=104.5 d_final=0.0
 Retrying in 1 seconds
[shaping_diag] success_cum_shaping=313.35 T=122 d_init=104.5 d_final=0.0
 Retrying in 1 seconds
 Retrying in 1 seconds
[shaping_diag] success_cum_shaping=313.35 T=110 d_init=104.5 d_final=0.0
 Retrying in 1 seconds
 Retrying in 1 seconds
[shaping_diag] success_cum_shaping=313.35 T=110 d_init=104.5 d_final=0.0
 Retrying in 1 seconds
[shaping_diag] success_cum_shaping=313.35 T=110 d_init=104.5 d_final=0.0
 Retrying in 1 seconds
[shaping_diag] success_cum_shaping=313.35 T=110 d_init=104.5 d_final=0.0
 Retrying in 1 seconds
[shaping_diag] success_cum_shaping=313.35 T=110 d_init=104.5 d_final=0.0
 Retrying in 1 seconds
[shaping_diag] success_cum_shaping=313.35 T=110 d_init=104.5 d_final=0.0
 Retrying in 1 seconds
[shaping_diag] success_cum_shaping=313.35 T=110 d_init=104.5 d_final=0.0
 Retrying in 1 seconds
[shaping_diag] success_cum_shaping=313.35 T=110 d_init=104.5 d_final=0.0
 Retrying in 1 seconds
[shaping_diag] success_cum_shaping=313.35 T=110 d_init=104.5 d_final=0.0
[cbf_aux] step=126976 ret=218.27 coll=1 ttc=5.43 cbf_res=0.5313
 Retrying in 1 seconds
[shaping_diag] success_cum_shaping=313.35 T=125 d_init=104.5 d_final=0.0
 Retrying in 1 seconds
[shaping_diag] success_cum_shaping=313.35 T=131 d_init=104.5 d_final=0.0
 Retrying in 1 seconds
[shaping_diag] success_cum_shaping=313.35 T=126 d_init=104.5 d_final=0.0
 Retrying in 1 seconds
[shaping_diag] success_cum_shaping=313.35 T=119 d_init=104.5 d_final=0.0
 Retrying in 1 seconds
[shaping_diag] success_cum_shaping=313.35 T=112 d_init=104.5 d_final=0.0
 Retrying in 1 seconds
[shaping_diag] success_cum_shaping=313.35 T=124 d_init=104.5 d_final=0.0
 Retrying in 1 seconds
[shaping_diag] success_cum_shaping=313.35 T=123 d_init=104.5 d_final=0.0
 Retrying in 1 seconds
[shaping_diag] success_cum_shaping=313.35 T=128 d_init=104.5 d_final=0.0
 Retrying in 1 seconds
[shaping_diag] success_cum_shaping=313.35 T=124 d_init=104.5 d_final=0.0
 Retrying in 1 seconds
[shaping_diag] success_cum_shaping=313.35 T=128 d_init=104.5 d_final=0.0
 Retrying in 1 seconds
[shaping_diag] success_cum_shaping=313.35 T=119 d_init=104.5 d_final=0.0
 Retrying in 1 seconds
[shaping_diag] success_cum_shaping=313.35 T=125 d_init=104.5 d_final=0.0
 Retrying in 1 seconds
[shaping_diag] success_cum_shaping=313.35 T=119 d_init=104.5 d_final=0.0
 Retrying in 1 seconds
[shaping_diag] success_cum_shaping=313.35 T=121 d_init=104.5 d_final=0.0
 Retrying in 1 seconds
[shaping_diag] success_cum_shaping=313.35 T=120 d_init=104.5 d_final=0.0
 Retrying in 1 seconds
[shaping_diag] success_cum_shaping=313.35 T=129 d_init=104.5 d_final=0.0
 Retrying in 1 seconds
[shaping_diag] success_cum_shaping=313.35 T=127 d_init=104.5 d_final=0.0
 Retrying in 1 seconds
[shaping_diag] success_cum_shaping=313.35 T=120 d_init=104.5 d_final=0.0
 Retrying in 1 seconds
[shaping_diag] success_cum_shaping=313.35 T=117 d_init=104.5 d_final=0.0
Warning: Vehicle 'other'; junction collision with vehicle 'ego', lane=':center_8_0', gap=-1.00, time=7.80 stage=move.
 Retrying in 1 seconds
 Retrying in 1 seconds
[shaping_diag] success_cum_shaping=313.35 T=122 d_init=104.5 d_final=0.0
 Retrying in 1 seconds
[shaping_diag] success_cum_shaping=313.35 T=125 d_init=104.5 d_final=0.0
 Retrying in 1 seconds
[shaping_diag] success_cum_shaping=313.35 T=131 d_init=104.5 d_final=0.0
 Retrying in 1 seconds
[shaping_diag] success_cum_shaping=313.35 T=126 d_init=104.5 d_final=0.0
 Retrying in 1 seconds
[shaping_diag] success_cum_shaping=313.35 T=128 d_init=104.5 d_final=0.0
 Retrying in 1 seconds
[shaping_diag] success_cum_shaping=313.35 T=118 d_init=104.5 d_final=0.0
 Retrying in 1 seconds
[shaping_diag] success_cum_shaping=313.35 T=122 d_init=104.5 d_final=0.0
 Retrying in 1 seconds
[shaping_diag] success_cum_shaping=313.35 T=115 d_init=104.5 d_final=0.0
 Retrying in 1 seconds
[shaping_diag] success_cum_shaping=313.35 T=116 d_init=104.5 d_final=0.0
 Retrying in 1 seconds
[shaping_diag] success_cum_shaping=313.35 T=114 d_init=104.5 d_final=0.0
 Retrying in 1 seconds
[shaping_diag] success_cum_shaping=313.35 T=125 d_init=104.5 d_final=0.0
 Retrying in 1 seconds
[shaping_diag] success_cum_shaping=313.35 T=123 d_init=104.5 d_final=0.0
 Retrying in 1 seconds
[shaping_diag] success_cum_shaping=313.35 T=119 d_init=104.5 d_final=0.0
Warning: Vehicle 'other' performs emergency braking on lane ':center_8_0' with decel=9.00, wished=4.00, severity=1.00, time=7.30.
 Retrying in 1 seconds
 Retrying in 1 seconds
 Retrying in 1 seconds
[shaping_diag] success_cum_shaping=313.35 T=116 d_init=104.5 d_final=0.0
 Retrying in 1 seconds
[shaping_diag] success_cum_shaping=313.35 T=127 d_init=104.5 d_final=0.0
 Retrying in 1 seconds
[shaping_diag] success_cum_shaping=313.35 T=117 d_init=104.5 d_final=0.0
 Retrying in 1 seconds
[shaping_diag] success_cum_shaping=313.35 T=119 d_init=104.5 d_final=0.0
 Retrying in 1 seconds
[shaping_diag] success_cum_shaping=313.35 T=122 d_init=104.5 d_final=0.0
 Retrying in 1 seconds
[shaping_diag] success_cum_shaping=313.35 T=116 d_init=104.5 d_final=0.0
 Retrying in 1 seconds
[shaping_diag] success_cum_shaping=313.35 T=119 d_init=104.5 d_final=0.0
 Retrying in 1 seconds
[shaping_diag] success_cum_shaping=313.35 T=116 d_init=104.5 d_final=0.0
 Retrying in 1 seconds
[shaping_diag] success_cum_shaping=313.35 T=121 d_init=104.5 d_final=0.0
 Retrying in 1 seconds
[shaping_diag] success_cum_shaping=313.35 T=124 d_init=104.5 d_final=0.0
Warning: Vehicle 'ego'; junction collision with vehicle 'other', lane=':center_11_0', gap=-1.00, time=7.70 stage=move.
 Retrying in 1 seconds
 Retrying in 1 seconds
[shaping_diag] success_cum_shaping=313.35 T=114 d_init=104.5 d_final=0.0
 Retrying in 1 seconds
[shaping_diag] success_cum_shaping=313.35 T=121 d_init=104.5 d_final=0.0
 Retrying in 1 seconds
[shaping_diag] success_cum_shaping=313.35 T=121 d_init=104.5 d_final=0.0
 Retrying in 1 seconds
[shaping_diag] success_cum_shaping=313.35 T=116 d_init=104.5 d_final=0.0
 Retrying in 1 seconds
[shaping_diag] success_cum_shaping=313.35 T=119 d_init=104.5 d_final=0.0
Warning: Vehicle 'other'; junction collision with vehicle 'ego', lane=':center_8_0', gap=-1.00, time=7.40 stage=move.
 Retrying in 1 seconds
 Retrying in 1 seconds
[shaping_diag] success_cum_shaping=313.35 T=115 d_init=104.5 d_final=0.0
 Retrying in 1 seconds
[shaping_diag] success_cum_shaping=313.35 T=116 d_init=104.5 d_final=0.0
 Retrying in 1 seconds
[shaping_diag] success_cum_shaping=313.35 T=119 d_init=104.5 d_final=0.0
 Retrying in 1 seconds
[shaping_diag] success_cum_shaping=313.35 T=119 d_init=104.5 d_final=0.0
 Retrying in 1 seconds
[shaping_diag] success_cum_shaping=313.35 T=117 d_init=104.5 d_final=0.0
 Retrying in 1 seconds
[shaping_diag] success_cum_shaping=313.35 T=117 d_init=104.5 d_final=0.0
 Retrying in 1 seconds
[shaping_diag] success_cum_shaping=313.35 T=120 d_init=104.5 d_final=0.0
 Retrying in 1 seconds
[shaping_diag] success_cum_shaping=313.35 T=117 d_init=104.5 d_final=0.0
Warning: Vehicle 'other'; junction collision with vehicle 'ego', lane=':center_8_0', gap=-1.00, time=7.50 stage=move.
Warning: Vehicle 'ego'; junction collision with vehicle 'other', lane=':center_11_0', gap=-1.00, time=7.40 stage=move.
 Retrying in 1 seconds
 Retrying in 1 seconds
 Retrying in 1 seconds
 Retrying in 1 seconds
[shaping_diag] success_cum_shaping=313.35 T=118 d_init=104.5 d_final=0.0
 Retrying in 1 seconds
[shaping_diag] success_cum_shaping=313.35 T=115 d_init=104.5 d_final=0.0
 Retrying in 1 seconds
[shaping_diag] success_cum_shaping=313.35 T=116 d_init=104.5 d_final=0.0
 Retrying in 1 seconds
[shaping_diag] success_cum_shaping=313.35 T=121 d_init=104.5 d_final=0.0
 Retrying in 1 seconds
[shaping_diag] success_cum_shaping=313.35 T=122 d_init=104.5 d_final=0.0
 Retrying in 1 seconds
[shaping_diag] success_cum_shaping=313.35 T=121 d_init=104.5 d_final=0.0
 Retrying in 1 seconds
[shaping_diag] success_cum_shaping=313.35 T=117 d_init=104.5 d_final=0.0
 Retrying in 1 seconds
 Retrying in 1 seconds
[shaping_diag] success_cum_shaping=313.35 T=113 d_init=104.5 d_final=0.0
 Retrying in 1 seconds
[shaping_diag] success_cum_shaping=313.35 T=113 d_init=104.5 d_final=0.0
 Retrying in 1 seconds
[shaping_diag] success_cum_shaping=313.35 T=112 d_init=104.5 d_final=0.0
 Retrying in 1 seconds
[shaping_diag] success_cum_shaping=313.35 T=120 d_init=104.5 d_final=0.0
 Retrying in 1 seconds
[shaping_diag] success_cum_shaping=313.35 T=117 d_init=104.5 d_final=0.0
Warning: Vehicle 'other'; junction collision with vehicle 'ego', lane=':center_8_0', gap=-1.00, time=7.30 stage=move.
 Retrying in 1 seconds
 Retrying in 1 seconds
[shaping_diag] success_cum_shaping=313.35 T=115 d_init=104.5 d_final=0.0
 Retrying in 1 seconds
 Retrying in 1 seconds
[shaping_diag] success_cum_shaping=313.35 T=115 d_init=104.5 d_final=0.0
 Retrying in 1 seconds
[shaping_diag] success_cum_shaping=313.35 T=112 d_init=104.5 d_final=0.0
 Retrying in 1 seconds
[shaping_diag] success_cum_shaping=313.35 T=114 d_init=104.5 d_final=0.0
 Retrying in 1 seconds
[shaping_diag] success_cum_shaping=313.35 T=118 d_init=104.5 d_final=0.0
 Retrying in 1 seconds
[shaping_diag] success_cum_shaping=313.35 T=118 d_init=104.5 d_final=0.0
 Retrying in 1 seconds
[shaping_diag] success_cum_shaping=313.35 T=124 d_init=104.5 d_final=0.0
 Retrying in 1 seconds
[shaping_diag] success_cum_shaping=313.35 T=113 d_init=104.5 d_final=0.0
 Retrying in 1 seconds
[shaping_diag] success_cum_shaping=313.35 T=123 d_init=104.5 d_final=0.0
 Retrying in 1 seconds
[shaping_diag] success_cum_shaping=313.35 T=125 d_init=104.5 d_final=0.0
Warning: Vehicle 'other'; junction collision with vehicle 'ego', lane=':center_8_0', gap=-1.00, time=7.40 stage=move.
 Retrying in 1 seconds
 Retrying in 1 seconds
[shaping_diag] success_cum_shaping=313.35 T=121 d_init=104.5 d_final=0.0
 Retrying in 1 seconds
[shaping_diag] success_cum_shaping=313.35 T=115 d_init=104.5 d_final=0.0
 Retrying in 1 seconds
[shaping_diag] success_cum_shaping=313.35 T=116 d_init=104.5 d_final=0.0
 Retrying in 1 seconds
[shaping_diag] success_cum_shaping=313.35 T=116 d_init=104.5 d_final=0.0
 Retrying in 1 seconds
[shaping_diag] success_cum_shaping=313.35 T=121 d_init=104.5 d_final=0.0
Warning: Vehicle 'other'; junction collision with vehicle 'ego', lane=':center_8_0', gap=-1.00, time=7.60 stage=move.
 Retrying in 1 seconds
 Retrying in 1 seconds
[shaping_diag] success_cum_shaping=313.35 T=113 d_init=104.5 d_final=0.0
 Retrying in 1 seconds
[shaping_diag] success_cum_shaping=313.35 T=121 d_init=104.5 d_final=0.0
Warning: Vehicle 'other'; junction collision with vehicle 'ego', lane=':center_8_0', gap=-1.00, time=7.40 stage=move.
 Retrying in 1 seconds
 Retrying in 1 seconds
[shaping_diag] success_cum_shaping=313.35 T=117 d_init=104.5 d_final=0.0
 Retrying in 1 seconds
[shaping_diag] success_cum_shaping=313.35 T=114 d_init=104.5 d_final=0.0
 Retrying in 1 seconds
[shaping_diag] success_cum_shaping=313.35 T=114 d_init=104.5 d_final=0.0
 Retrying in 1 seconds
[shaping_diag] success_cum_shaping=313.35 T=111 d_init=104.5 d_final=0.0
 Retrying in 1 seconds
[shaping_diag] success_cum_shaping=313.35 T=114 d_init=104.5 d_final=0.0
 Retrying in 1 seconds
[shaping_diag] success_cum_shaping=313.35 T=123 d_init=104.5 d_final=0.0
Warning: Vehicle 'other' performs emergency braking on lane 'left_in_0' with decel=9.00, wished=5.00, severity=1.00, time=6.50.
 Retrying in 1 seconds
[shaping_diag] success_cum_shaping=313.35 T=112 d_init=104.5 d_final=0.0
 Retrying in 1 seconds
[shaping_diag] success_cum_shaping=313.35 T=120 d_init=104.5 d_final=0.0
 Retrying in 1 seconds
[shaping_diag] success_cum_shaping=313.35 T=117 d_init=104.5 d_final=0.0
 Retrying in 1 seconds
 Retrying in 1 seconds
[shaping_diag] success_cum_shaping=313.35 T=117 d_init=104.5 d_final=0.0
 Retrying in 1 seconds
[shaping_diag] success_cum_shaping=313.35 T=116 d_init=104.5 d_final=0.0
 Retrying in 1 seconds
[shaping_diag] success_cum_shaping=313.35 T=120 d_init=104.5 d_final=0.0
 Retrying in 1 seconds
[shaping_diag] success_cum_shaping=313.35 T=125 d_init=104.5 d_final=0.0
 Retrying in 1 seconds
[shaping_diag] success_cum_shaping=313.35 T=120 d_init=104.5 d_final=0.0
 Retrying in 1 seconds
[shaping_diag] success_cum_shaping=313.35 T=127 d_init=104.5 d_final=0.0
 Retrying in 1 seconds
[shaping_diag] success_cum_shaping=313.35 T=120 d_init=104.5 d_final=0.0
Warning: Vehicle 'ego'; junction collision with vehicle 'other', lane=':center_11_0', gap=-1.00, time=7.80 stage=move.
 Retrying in 1 seconds
 Retrying in 1 seconds
[shaping_diag] success_cum_shaping=313.35 T=119 d_init=104.5 d_final=0.0
 Retrying in 1 seconds
[shaping_diag] success_cum_shaping=313.35 T=115 d_init=104.5 d_final=0.0
 Retrying in 1 seconds
[shaping_diag] success_cum_shaping=313.35 T=126 d_init=104.5 d_final=0.0
 Retrying in 1 seconds
[shaping_diag] success_cum_shaping=313.35 T=116 d_init=104.5 d_final=0.0
 Retrying in 1 seconds
[shaping_diag] success_cum_shaping=313.35 T=121 d_init=104.5 d_final=0.0
 Retrying in 1 seconds
[shaping_diag] success_cum_shaping=313.35 T=119 d_init=104.5 d_final=0.0
 Retrying in 1 seconds
[shaping_diag] success_cum_shaping=313.35 T=112 d_init=104.5 d_final=0.0
 Retrying in 1 seconds
[shaping_diag] success_cum_shaping=313.35 T=117 d_init=104.5 d_final=0.0
 Retrying in 1 seconds
[shaping_diag] success_cum_shaping=313.35 T=118 d_init=104.5 d_final=0.0
 Retrying in 1 seconds
[shaping_diag] success_cum_shaping=313.35 T=110 d_init=104.5 d_final=0.0
 Retrying in 1 seconds
[shaping_diag] success_cum_shaping=313.35 T=117 d_init=104.5 d_final=0.0
 Retrying in 1 seconds
[shaping_diag] success_cum_shaping=313.35 T=118 d_init=104.5 d_final=0.0
Warning: Vehicle 'other' performs emergency braking on lane 'left_in_0' with decel=9.00, wished=5.00, severity=1.00, time=7.10.
 Retrying in 1 seconds
[shaping_diag] success_cum_shaping=313.35 T=118 d_init=104.5 d_final=0.0
 Retrying in 1 seconds
[shaping_diag] success_cum_shaping=313.35 T=129 d_init=104.5 d_final=0.0
Warning: Vehicle 'ego'; junction collision with vehicle 'other', lane=':center_11_0', gap=-1.00, time=7.60 stage=move.
 Retrying in 1 seconds
 Retrying in 1 seconds
[shaping_diag] success_cum_shaping=313.35 T=116 d_init=104.5 d_final=0.0
 Retrying in 1 seconds
[shaping_diag] success_cum_shaping=313.35 T=111 d_init=104.5 d_final=0.0
 Retrying in 1 seconds
[shaping_diag] success_cum_shaping=313.35 T=114 d_init=104.5 d_final=0.0
 Retrying in 1 seconds
[shaping_diag] success_cum_shaping=313.35 T=111 d_init=104.5 d_final=0.0
 Retrying in 1 seconds
[shaping_diag] success_cum_shaping=313.35 T=114 d_init=104.5 d_final=0.0
 Retrying in 1 seconds
[shaping_diag] success_cum_shaping=313.35 T=111 d_init=104.5 d_final=0.0
Warning: Vehicle 'other'; junction collision with vehicle 'ego', lane=':center_8_0', gap=-1.00, time=7.40 stage=move.
 Retrying in 1 seconds
 Retrying in 1 seconds
[shaping_diag] success_cum_shaping=313.35 T=114 d_init=104.5 d_final=0.0
 Retrying in 1 seconds
[shaping_diag] success_cum_shaping=313.35 T=120 d_init=104.5 d_final=0.0
 Retrying in 1 seconds
[shaping_diag] success_cum_shaping=313.35 T=119 d_init=104.5 d_final=0.0
 Retrying in 1 seconds
[shaping_diag] success_cum_shaping=313.35 T=121 d_init=104.5 d_final=0.0
 Retrying in 1 seconds
[shaping_diag] success_cum_shaping=313.35 T=116 d_init=104.5 d_final=0.0
 Retrying in 1 seconds
 Retrying in 1 seconds
[shaping_diag] success_cum_shaping=313.35 T=113 d_init=104.5 d_final=0.0
 Retrying in 1 seconds
[shaping_diag] success_cum_shaping=313.35 T=115 d_init=104.5 d_final=0.0
 Retrying in 1 seconds
[shaping_diag] success_cum_shaping=313.35 T=114 d_init=104.5 d_final=0.0
Warning: Vehicle 'other' performs emergency braking on lane ':center_8_0' with decel=9.00, wished=4.00, severity=1.00, time=7.60.
Warning: Vehicle 'other'; junction collision with vehicle 'ego', lane=':center_8_0', gap=-1.00, time=7.70 stage=move.
 Retrying in 1 seconds
 Retrying in 1 seconds
[shaping_diag] success_cum_shaping=313.35 T=113 d_init=104.5 d_final=0.0
 Retrying in 1 seconds
[shaping_diag] success_cum_shaping=313.35 T=116 d_init=104.5 d_final=0.0
 Retrying in 1 seconds
[shaping_diag] success_cum_shaping=313.35 T=116 d_init=104.5 d_final=0.0
 Retrying in 1 seconds
[shaping_diag] success_cum_shaping=313.35 T=127 d_init=104.5 d_final=0.0
 Retrying in 1 seconds
[shaping_diag] success_cum_shaping=313.35 T=118 d_init=104.5 d_final=0.0
 Retrying in 1 seconds
[shaping_diag] success_cum_shaping=313.35 T=119 d_init=104.5 d_final=0.0
 Retrying in 1 seconds
[shaping_diag] success_cum_shaping=313.35 T=118 d_init=104.5 d_final=0.0
 Retrying in 1 seconds
[shaping_diag] success_cum_shaping=313.35 T=115 d_init=104.5 d_final=0.0
 Retrying in 1 seconds
[shaping_diag] success_cum_shaping=313.35 T=119 d_init=104.5 d_final=0.0
 Retrying in 1 seconds
[shaping_diag] success_cum_shaping=313.35 T=115 d_init=104.5 d_final=0.0
 Retrying in 1 seconds
[shaping_diag] success_cum_shaping=313.35 T=116 d_init=104.5 d_final=0.0
 Retrying in 1 seconds
[shaping_diag] success_cum_shaping=313.35 T=118 d_init=104.5 d_final=0.0
 Retrying in 1 seconds
[shaping_diag] success_cum_shaping=313.35 T=117 d_init=104.5 d_final=0.0
 Retrying in 1 seconds
[shaping_diag] success_cum_shaping=313.35 T=116 d_init=104.5 d_final=0.0
 Retrying in 1 seconds
[shaping_diag] success_cum_shaping=313.35 T=116 d_init=104.5 d_final=0.0
 Retrying in 1 seconds
[shaping_diag] success_cum_shaping=313.35 T=118 d_init=104.5 d_final=0.0
 Retrying in 1 seconds
[shaping_diag] success_cum_shaping=313.35 T=115 d_init=104.5 d_final=0.0
 Retrying in 1 seconds
[shaping_diag] success_cum_shaping=313.35 T=118 d_init=104.5 d_final=0.0
 Retrying in 1 seconds
[shaping_diag] success_cum_shaping=313.35 T=112 d_init=104.5 d_final=0.0
 Retrying in 1 seconds
[shaping_diag] success_cum_shaping=313.35 T=120 d_init=104.5 d_final=0.0
 Retrying in 1 seconds
[shaping_diag] success_cum_shaping=313.35 T=114 d_init=104.5 d_final=0.0
 Retrying in 1 seconds
[shaping_diag] success_cum_shaping=313.35 T=115 d_init=104.5 d_final=0.0
 Retrying in 1 seconds
[shaping_diag] success_cum_shaping=313.35 T=118 d_init=104.5 d_final=0.0
 Retrying in 1 seconds
[shaping_diag] success_cum_shaping=313.35 T=113 d_init=104.5 d_final=0.0
 Retrying in 1 seconds
[shaping_diag] success_cum_shaping=313.35 T=116 d_init=104.5 d_final=0.0
 Retrying in 1 seconds
[shaping_diag] success_cum_shaping=313.35 T=121 d_init=104.5 d_final=0.0
 Retrying in 1 seconds
[shaping_diag] success_cum_shaping=313.35 T=127 d_init=104.5 d_final=0.0
 Retrying in 1 seconds
 Retrying in 1 seconds
[shaping_diag] success_cum_shaping=313.35 T=120 d_init=104.5 d_final=0.0
 Retrying in 1 seconds
[shaping_diag] success_cum_shaping=313.35 T=118 d_init=104.5 d_final=0.0
 Retrying in 1 seconds
[shaping_diag] success_cum_shaping=313.35 T=124 d_init=104.5 d_final=0.0
 Retrying in 1 seconds
 Retrying in 1 seconds
[shaping_diag] success_cum_shaping=313.35 T=113 d_init=104.5 d_final=0.0
 Retrying in 1 seconds
[shaping_diag] success_cum_shaping=313.35 T=113 d_init=104.5 d_final=0.0
 Retrying in 1 seconds
[shaping_diag] success_cum_shaping=313.35 T=111 d_init=104.5 d_final=0.0
 Retrying in 1 seconds
[shaping_diag] success_cum_shaping=313.35 T=111 d_init=104.5 d_final=0.0
 Retrying in 1 seconds
[shaping_diag] success_cum_shaping=313.35 T=113 d_init=104.5 d_final=0.0
 Retrying in 1 seconds
[shaping_diag] success_cum_shaping=313.35 T=117 d_init=104.5 d_final=0.0
 Retrying in 1 seconds
[shaping_diag] success_cum_shaping=313.35 T=116 d_init=104.5 d_final=0.0
 Retrying in 1 seconds
[shaping_diag] success_cum_shaping=313.35 T=112 d_init=104.5 d_final=0.0
 Retrying in 1 seconds
[shaping_diag] success_cum_shaping=313.35 T=114 d_init=104.5 d_final=0.0
 Retrying in 1 seconds
[shaping_diag] success_cum_shaping=313.35 T=116 d_init=104.5 d_final=0.0
 Retrying in 1 seconds
[shaping_diag] success_cum_shaping=313.35 T=114 d_init=104.5 d_final=0.0
 Retrying in 1 seconds
[shaping_diag] success_cum_shaping=313.35 T=111 d_init=104.5 d_final=0.0
 Retrying in 1 seconds
[shaping_diag] success_cum_shaping=313.35 T=115 d_init=104.5 d_final=0.0
 Retrying in 1 seconds
[shaping_diag] success_cum_shaping=313.35 T=117 d_init=104.5 d_final=0.0
 Retrying in 1 seconds
[shaping_diag] success_cum_shaping=313.35 T=112 d_init=104.5 d_final=0.0
 Retrying in 1 seconds
 Retrying in 1 seconds
[shaping_diag] success_cum_shaping=313.35 T=114 d_init=104.5 d_final=0.0
 Retrying in 1 seconds
[shaping_diag] success_cum_shaping=313.35 T=112 d_init=104.5 d_final=0.0
 Retrying in 1 seconds
[shaping_diag] success_cum_shaping=313.35 T=125 d_init=104.5 d_final=0.0
Warning: Vehicle 'ego'; junction collision with vehicle 'other', lane=':center_11_0', gap=-1.00, time=7.00 stage=move.
 Retrying in 1 seconds
 Retrying in 1 seconds
[shaping_diag] success_cum_shaping=313.35 T=117 d_init=104.5 d_final=0.0
 Retrying in 1 seconds
[shaping_diag] success_cum_shaping=313.35 T=114 d_init=104.5 d_final=0.0
 Retrying in 1 seconds
[shaping_diag] success_cum_shaping=313.35 T=119 d_init=104.5 d_final=0.0
Warning: Vehicle 'other' performs emergency braking on lane 'left_in_0' with decel=9.00, wished=5.00, severity=1.00, time=6.90.
Warning: Vehicle 'other'; junction collision with vehicle 'ego', lane=':center_8_0', gap=-1.00, time=7.90 stage=move.
 Retrying in 1 seconds
 Retrying in 1 seconds
[shaping_diag] success_cum_shaping=313.35 T=118 d_init=104.5 d_final=0.0
 Retrying in 1 seconds
[shaping_diag] success_cum_shaping=313.35 T=116 d_init=104.5 d_final=0.0
 Retrying in 1 seconds
[shaping_diag] success_cum_shaping=313.35 T=117 d_init=104.5 d_final=0.0
 Retrying in 1 seconds
[shaping_diag] success_cum_shaping=313.35 T=116 d_init=104.5 d_final=0.0
 Retrying in 1 seconds
[shaping_diag] success_cum_shaping=313.35 T=115 d_init=104.5 d_final=0.0
 Retrying in 1 seconds
[shaping_diag] success_cum_shaping=313.35 T=115 d_init=104.5 d_final=0.0
 Retrying in 1 seconds
[shaping_diag] success_cum_shaping=313.35 T=117 d_init=104.5 d_final=0.0
 Retrying in 1 seconds
[shaping_diag] success_cum_shaping=313.35 T=119 d_init=104.5 d_final=0.0
 Retrying in 1 seconds
[shaping_diag] success_cum_shaping=313.35 T=110 d_init=104.5 d_final=0.0
 Retrying in 1 seconds
[shaping_diag] success_cum_shaping=313.35 T=114 d_init=104.5 d_final=0.0
 Retrying in 1 seconds
[shaping_diag] success_cum_shaping=313.35 T=122 d_init=104.5 d_final=0.0
 Retrying in 1 seconds
[shaping_diag] success_cum_shaping=313.35 T=115 d_init=104.5 d_final=0.0
 Retrying in 1 seconds
 Retrying in 1 seconds
[shaping_diag] success_cum_shaping=313.35 T=115 d_init=104.5 d_final=0.0
 Retrying in 1 seconds
[shaping_diag] success_cum_shaping=313.35 T=111 d_init=104.5 d_final=0.0
 Retrying in 1 seconds
[shaping_diag] success_cum_shaping=313.35 T=115 d_init=104.5 d_final=0.0
 Retrying in 1 seconds
[shaping_diag] success_cum_shaping=313.35 T=115 d_init=104.5 d_final=0.0
 Retrying in 1 seconds
[shaping_diag] success_cum_shaping=313.35 T=114 d_init=104.5 d_final=0.0
 Retrying in 1 seconds
[shaping_diag] success_cum_shaping=313.35 T=115 d_init=104.5 d_final=0.0
 Retrying in 1 seconds
[shaping_diag] success_cum_shaping=313.35 T=112 d_init=104.5 d_final=0.0
 Retrying in 1 seconds
[shaping_diag] success_cum_shaping=313.35 T=115 d_init=104.5 d_final=0.0
 Retrying in 1 seconds
[shaping_diag] success_cum_shaping=313.35 T=116 d_init=104.5 d_final=0.0
 Retrying in 1 seconds
[shaping_diag] success_cum_shaping=313.35 T=114 d_init=104.5 d_final=0.0
 Retrying in 1 seconds
[shaping_diag] success_cum_shaping=313.35 T=116 d_init=104.5 d_final=0.0
 Retrying in 1 seconds
[shaping_diag] success_cum_shaping=313.35 T=112 d_init=104.5 d_final=0.0
 Retrying in 1 seconds
[shaping_diag] success_cum_shaping=313.35 T=114 d_init=104.5 d_final=0.0
 Retrying in 1 seconds
[shaping_diag] success_cum_shaping=313.35 T=112 d_init=104.5 d_final=0.0
 Retrying in 1 seconds
[shaping_diag] success_cum_shaping=313.35 T=114 d_init=104.5 d_final=0.0
 Retrying in 1 seconds
[shaping_diag] success_cum_shaping=313.35 T=112 d_init=104.5 d_final=0.0
 Retrying in 1 seconds
[shaping_diag] success_cum_shaping=313.35 T=115 d_init=104.5 d_final=0.0
 Retrying in 1 seconds
[shaping_diag] success_cum_shaping=313.35 T=119 d_init=104.5 d_final=0.0
Warning: Vehicle 'other' performs emergency braking on lane ':center_8_0' with decel=9.00, wished=4.00, severity=1.00, time=7.30.
 Retrying in 1 seconds
[shaping_diag] success_cum_shaping=313.35 T=113 d_init=104.5 d_final=0.0
 Retrying in 1 seconds
[shaping_diag] success_cum_shaping=313.35 T=112 d_init=104.5 d_final=0.0
 Retrying in 1 seconds
[shaping_diag] success_cum_shaping=313.35 T=115 d_init=104.5 d_final=0.0
 Retrying in 1 seconds
[shaping_diag] success_cum_shaping=313.35 T=117 d_init=104.5 d_final=0.0
 Retrying in 1 seconds
[shaping_diag] success_cum_shaping=313.35 T=114 d_init=104.5 d_final=0.0
 Retrying in 1 seconds
[shaping_diag] success_cum_shaping=313.35 T=112 d_init=104.5 d_final=0.0
 Retrying in 1 seconds
[shaping_diag] success_cum_shaping=313.35 T=112 d_init=104.5 d_final=0.0
 Retrying in 1 seconds
[shaping_diag] success_cum_shaping=313.35 T=115 d_init=104.5 d_final=0.0
 Retrying in 1 seconds
[shaping_diag] success_cum_shaping=313.35 T=114 d_init=104.5 d_final=0.0
 Retrying in 1 seconds
 Retrying in 1 seconds
[shaping_diag] success_cum_shaping=313.35 T=115 d_init=104.5 d_final=0.0
 Retrying in 1 seconds
[shaping_diag] success_cum_shaping=313.35 T=112 d_init=104.5 d_final=0.0
 Retrying in 1 seconds
[shaping_diag] success_cum_shaping=313.35 T=115 d_init=104.5 d_final=0.0
 Retrying in 1 seconds
[shaping_diag] success_cum_shaping=313.35 T=120 d_init=104.5 d_final=0.0
 Retrying in 1 seconds
[shaping_diag] success_cum_shaping=313.35 T=112 d_init=104.5 d_final=0.0
 Retrying in 1 seconds
[shaping_diag] success_cum_shaping=313.35 T=114 d_init=104.5 d_final=0.0
 Retrying in 1 seconds
 Retrying in 1 seconds
[shaping_diag] success_cum_shaping=313.35 T=114 d_init=104.5 d_final=0.0
 Retrying in 1 seconds
 Retrying in 1 seconds
[shaping_diag] success_cum_shaping=313.35 T=114 d_init=104.5 d_final=0.0
 Retrying in 1 seconds
[shaping_diag] success_cum_shaping=313.35 T=112 d_init=104.5 d_final=0.0
 Retrying in 1 seconds
[shaping_diag] success_cum_shaping=313.35 T=113 d_init=104.5 d_final=0.0
 Retrying in 1 seconds
[shaping_diag] success_cum_shaping=313.35 T=117 d_init=104.5 d_final=0.0
 Retrying in 1 seconds
[shaping_diag] success_cum_shaping=313.35 T=112 d_init=104.5 d_final=0.0
 Retrying in 1 seconds
[shaping_diag] success_cum_shaping=313.35 T=115 d_init=104.5 d_final=0.0
 Retrying in 1 seconds
[shaping_diag] success_cum_shaping=313.35 T=116 d_init=104.5 d_final=0.0
Warning: Vehicle 'other'; junction collision with vehicle 'ego', lane=':center_8_0', gap=-1.00, time=7.50 stage=move.
 Retrying in 1 seconds
 Retrying in 1 seconds
[shaping_diag] success_cum_shaping=313.35 T=118 d_init=104.5 d_final=0.0
 Retrying in 1 seconds
[shaping_diag] success_cum_shaping=313.35 T=112 d_init=104.5 d_final=0.0
 Retrying in 1 seconds
[shaping_diag] success_cum_shaping=313.35 T=112 d_init=104.5 d_final=0.0
 Retrying in 1 seconds
[shaping_diag] success_cum_shaping=313.35 T=112 d_init=104.5 d_final=0.0
 Retrying in 1 seconds
[shaping_diag] success_cum_shaping=313.35 T=115 d_init=104.5 d_final=0.0
 Retrying in 1 seconds
[shaping_diag] success_cum_shaping=313.35 T=114 d_init=104.5 d_final=0.0
 Retrying in 1 seconds
[shaping_diag] success_cum_shaping=313.35 T=113 d_init=104.5 d_final=0.0
 Retrying in 1 seconds
 Retrying in 1 seconds
[shaping_diag] success_cum_shaping=313.35 T=115 d_init=104.5 d_final=0.0
 Retrying in 1 seconds
[shaping_diag] success_cum_shaping=313.35 T=113 d_init=104.5 d_final=0.0
 Retrying in 1 seconds
[shaping_diag] success_cum_shaping=313.35 T=113 d_init=104.5 d_final=0.0
 Retrying in 1 seconds
[shaping_diag] success_cum_shaping=313.35 T=110 d_init=104.5 d_final=0.0
 Retrying in 1 seconds
[shaping_diag] success_cum_shaping=313.35 T=113 d_init=104.5 d_final=0.0
 Retrying in 1 seconds
[shaping_diag] success_cum_shaping=313.35 T=116 d_init=104.5 d_final=0.0
Warning: Vehicle 'other'; junction collision with vehicle 'ego', lane=':center_8_0', gap=-1.00, time=7.10 stage=move.
 Retrying in 1 seconds
 Retrying in 1 seconds
[shaping_diag] success_cum_shaping=313.35 T=111 d_init=104.5 d_final=0.0
Warning: Vehicle 'other' performs emergency braking on lane 'left_in_0' with decel=9.00, wished=5.00, severity=1.00, time=6.60.
 Retrying in 1 seconds
[shaping_diag] success_cum_shaping=313.35 T=112 d_init=104.5 d_final=0.0
 Retrying in 1 seconds
[shaping_diag] success_cum_shaping=313.35 T=112 d_init=104.5 d_final=0.0
 Retrying in 1 seconds
[shaping_diag] success_cum_shaping=313.35 T=116 d_init=104.5 d_final=0.0
 Retrying in 1 seconds
[shaping_diag] success_cum_shaping=313.35 T=112 d_init=104.5 d_final=0.0
 Retrying in 1 seconds
[shaping_diag] success_cum_shaping=313.35 T=115 d_init=104.5 d_final=0.0
 Retrying in 1 seconds
[shaping_diag] success_cum_shaping=313.35 T=111 d_init=104.5 d_final=0.0
 Retrying in 1 seconds
[shaping_diag] success_cum_shaping=313.35 T=120 d_init=104.5 d_final=0.0
 Retrying in 1 seconds
[shaping_diag] success_cum_shaping=313.35 T=112 d_init=104.5 d_final=0.0
 Retrying in 1 seconds
[shaping_diag] success_cum_shaping=313.35 T=116 d_init=104.5 d_final=0.0
 Retrying in 1 seconds
[shaping_diag] success_cum_shaping=313.35 T=114 d_init=104.5 d_final=0.0
 Retrying in 1 seconds
[shaping_diag] success_cum_shaping=313.35 T=114 d_init=104.5 d_final=0.0
 Retrying in 1 seconds
[shaping_diag] success_cum_shaping=313.35 T=114 d_init=104.5 d_final=0.0
 Retrying in 1 seconds
[shaping_diag] success_cum_shaping=313.35 T=113 d_init=104.5 d_final=0.0
 Retrying in 1 seconds
 Retrying in 1 seconds
[shaping_diag] success_cum_shaping=313.35 T=112 d_init=104.5 d_final=0.0
 Retrying in 1 seconds
[shaping_diag] success_cum_shaping=313.35 T=112 d_init=104.5 d_final=0.0
 Retrying in 1 seconds
[shaping_diag] success_cum_shaping=313.35 T=111 d_init=104.5 d_final=0.0
 Retrying in 1 seconds
[shaping_diag] success_cum_shaping=313.35 T=118 d_init=104.5 d_final=0.0
 Retrying in 1 seconds
[shaping_diag] success_cum_shaping=313.35 T=115 d_init=104.5 d_final=0.0
 Retrying in 1 seconds
[shaping_diag] success_cum_shaping=313.35 T=112 d_init=104.5 d_final=0.0
Warning: Vehicle 'other' performs emergency braking on lane 'left_in_0' with decel=9.00, wished=5.00, severity=1.00, time=6.60.
 Retrying in 1 seconds
[shaping_diag] success_cum_shaping=313.35 T=112 d_init=104.5 d_final=0.0
Warning: Vehicle 'other'; junction collision with vehicle 'ego', lane=':center_8_0', gap=-1.00, time=7.10 stage=move.
 Retrying in 1 seconds
 Retrying in 1 seconds
[shaping_diag] success_cum_shaping=313.35 T=113 d_init=104.5 d_final=0.0
 Retrying in 1 seconds
[shaping_diag] success_cum_shaping=313.35 T=114 d_init=104.5 d_final=0.0
 Retrying in 1 seconds
[shaping_diag] success_cum_shaping=313.35 T=111 d_init=104.5 d_final=0.0
 Retrying in 1 seconds
[shaping_diag] success_cum_shaping=313.35 T=115 d_init=104.5 d_final=0.0
 Retrying in 1 seconds
[shaping_diag] success_cum_shaping=313.35 T=116 d_init=104.5 d_final=0.0
 Retrying in 1 seconds
[shaping_diag] success_cum_shaping=313.35 T=115 d_init=104.5 d_final=0.0
 Retrying in 1 seconds
[shaping_diag] success_cum_shaping=313.35 T=111 d_init=104.5 d_final=0.0
 Retrying in 1 seconds
 Retrying in 1 seconds
[shaping_diag] success_cum_shaping=313.35 T=112 d_init=104.5 d_final=0.0
 Retrying in 1 seconds
[shaping_diag] success_cum_shaping=313.35 T=111 d_init=104.5 d_final=0.0
 Retrying in 1 seconds
[shaping_diag] success_cum_shaping=313.35 T=115 d_init=104.5 d_final=0.0
 Retrying in 1 seconds
[shaping_diag] success_cum_shaping=313.35 T=113 d_init=104.5 d_final=0.0
 Retrying in 1 seconds
[shaping_diag] success_cum_shaping=313.35 T=116 d_init=104.5 d_final=0.0
Warning: Vehicle 'other'; junction collision with vehicle 'ego', lane=':center_8_0', gap=-1.00, time=7.30 stage=move.
 Retrying in 1 seconds
 Retrying in 1 seconds
[shaping_diag] success_cum_shaping=313.35 T=111 d_init=104.5 d_final=0.0
 Retrying in 1 seconds
[shaping_diag] success_cum_shaping=313.35 T=115 d_init=104.5 d_final=0.0
 Retrying in 1 seconds
[shaping_diag] success_cum_shaping=313.35 T=114 d_init=104.5 d_final=0.0
 Retrying in 1 seconds
[shaping_diag] success_cum_shaping=313.35 T=116 d_init=104.5 d_final=0.0
 Retrying in 1 seconds
[shaping_diag] success_cum_shaping=313.35 T=111 d_init=104.5 d_final=0.0
 Retrying in 1 seconds
 Retrying in 1 seconds
[shaping_diag] success_cum_shaping=313.35 T=111 d_init=104.5 d_final=0.0
 Retrying in 1 seconds
[shaping_diag] success_cum_shaping=313.35 T=112 d_init=104.5 d_final=0.0
 Retrying in 1 seconds
[shaping_diag] success_cum_shaping=313.35 T=110 d_init=104.5 d_final=0.0
 Retrying in 1 seconds
[shaping_diag] success_cum_shaping=313.35 T=119 d_init=104.5 d_final=0.0
 Retrying in 1 seconds
[shaping_diag] success_cum_shaping=313.35 T=112 d_init=104.5 d_final=0.0
 Retrying in 1 seconds
[shaping_diag] success_cum_shaping=313.35 T=114 d_init=104.5 d_final=0.0
 Retrying in 1 seconds
[shaping_diag] success_cum_shaping=313.35 T=112 d_init=104.5 d_final=0.0
 Retrying in 1 seconds
[shaping_diag] success_cum_shaping=313.35 T=111 d_init=104.5 d_final=0.0
 Retrying in 1 seconds
[shaping_diag] success_cum_shaping=313.35 T=113 d_init=104.5 d_final=0.0
 Retrying in 1 seconds
 Retrying in 1 seconds
[shaping_diag] success_cum_shaping=313.35 T=112 d_init=104.5 d_final=0.0
 Retrying in 1 seconds
 Retrying in 1 seconds
[shaping_diag] success_cum_shaping=313.35 T=115 d_init=104.5 d_final=0.0
 Retrying in 1 seconds
[shaping_diag] success_cum_shaping=313.35 T=112 d_init=104.5 d_final=0.0
 Retrying in 1 seconds
[shaping_diag] success_cum_shaping=313.35 T=111 d_init=104.5 d_final=0.0
 Retrying in 1 seconds
[shaping_diag] success_cum_shaping=313.35 T=113 d_init=104.5 d_final=0.0
 Retrying in 1 seconds
[shaping_diag] success_cum_shaping=313.35 T=112 d_init=104.5 d_final=0.0
 Retrying in 1 seconds
[shaping_diag] success_cum_shaping=313.35 T=117 d_init=104.5 d_final=0.0
 Retrying in 1 seconds
[shaping_diag] success_cum_shaping=313.35 T=117 d_init=104.5 d_final=0.0
 Retrying in 1 seconds
[shaping_diag] success_cum_shaping=313.35 T=110 d_init=104.5 d_final=0.0
 Retrying in 1 seconds
[shaping_diag] success_cum_shaping=313.35 T=113 d_init=104.5 d_final=0.0
 Retrying in 1 seconds
[shaping_diag] success_cum_shaping=313.35 T=113 d_init=104.5 d_final=0.0
 Retrying in 1 seconds
[shaping_diag] success_cum_shaping=313.35 T=112 d_init=104.5 d_final=0.0
 Retrying in 1 seconds
[shaping_diag] success_cum_shaping=313.35 T=114 d_init=104.5 d_final=0.0
 Retrying in 1 seconds
[shaping_diag] success_cum_shaping=313.35 T=112 d_init=104.5 d_final=0.0
 Retrying in 1 seconds
[shaping_diag] success_cum_shaping=313.35 T=115 d_init=104.5 d_final=0.0
 Retrying in 1 seconds
[shaping_diag] success_cum_shaping=313.35 T=111 d_init=104.5 d_final=0.0
 Retrying in 1 seconds
[shaping_diag] success_cum_shaping=313.35 T=111 d_init=104.5 d_final=0.0
 Retrying in 1 seconds
 Retrying in 1 seconds
[shaping_diag] success_cum_shaping=313.35 T=113 d_init=104.5 d_final=0.0
 Retrying in 1 seconds
[shaping_diag] success_cum_shaping=313.35 T=112 d_init=104.5 d_final=0.0
 Retrying in 1 seconds
[shaping_diag] success_cum_shaping=313.35 T=112 d_init=104.5 d_final=0.0
 Retrying in 1 seconds
[shaping_diag] success_cum_shaping=313.35 T=111 d_init=104.5 d_final=0.0
 Retrying in 1 seconds
[shaping_diag] success_cum_shaping=313.35 T=113 d_init=104.5 d_final=0.0
 Retrying in 1 seconds
[shaping_diag] success_cum_shaping=313.35 T=118 d_init=104.5 d_final=0.0
 Retrying in 1 seconds
[shaping_diag] success_cum_shaping=313.35 T=114 d_init=104.5 d_final=0.0
 Retrying in 1 seconds
[shaping_diag] success_cum_shaping=313.35 T=114 d_init=104.5 d_final=0.0
 Retrying in 1 seconds
[shaping_diag] success_cum_shaping=313.35 T=115 d_init=104.5 d_final=0.0
Warning: Vehicle 'other'; junction collision with vehicle 'ego', lane=':center_8_0', gap=-1.00, time=7.50 stage=move.
 Retrying in 1 seconds
 Retrying in 1 seconds
[shaping_diag] success_cum_shaping=313.35 T=110 d_init=104.5 d_final=0.0
 Retrying in 1 seconds
[shaping_diag] success_cum_shaping=313.35 T=116 d_init=104.5 d_final=0.0
 Retrying in 1 seconds
[shaping_diag] success_cum_shaping=313.35 T=116 d_init=104.5 d_final=0.0
 Retrying in 1 seconds
[shaping_diag] success_cum_shaping=313.35 T=113 d_init=104.5 d_final=0.0
 Retrying in 1 seconds
[shaping_diag] success_cum_shaping=313.35 T=116 d_init=104.5 d_final=0.0
 Retrying in 1 seconds
[shaping_diag] success_cum_shaping=313.35 T=111 d_init=104.5 d_final=0.0
 Retrying in 1 seconds
[shaping_diag] success_cum_shaping=313.35 T=112 d_init=104.5 d_final=0.0
 Retrying in 1 seconds
[shaping_diag] success_cum_shaping=313.35 T=114 d_init=104.5 d_final=0.0
 Retrying in 1 seconds
 Retrying in 1 seconds
[shaping_diag] success_cum_shaping=313.35 T=110 d_init=104.5 d_final=0.0
 Retrying in 1 seconds
[shaping_diag] success_cum_shaping=313.35 T=110 d_init=104.5 d_final=0.0
Warning: Vehicle 'other'; junction collision with vehicle 'ego', lane=':center_8_0', gap=-1.00, time=6.90 stage=move.
Warning: Vehicle 'other' performs emergency braking on lane ':center_8_0' with decel=9.00, wished=4.00, severity=1.00, time=7.00.
 Retrying in 1 seconds
 Retrying in 1 seconds
[shaping_diag] success_cum_shaping=313.35 T=110 d_init=104.5 d_final=0.0
 Retrying in 1 seconds
[shaping_diag] success_cum_shaping=313.35 T=110 d_init=104.5 d_final=0.0
 Retrying in 1 seconds
[shaping_diag] success_cum_shaping=313.35 T=110 d_init=104.5 d_final=0.0
 Retrying in 1 seconds
[shaping_diag] success_cum_shaping=313.35 T=110 d_init=104.5 d_final=0.0
 Retrying in 1 seconds
[shaping_diag] success_cum_shaping=313.35 T=110 d_init=104.5 d_final=0.0
Warning: Vehicle 'ego'; collision with vehicle 'other', lane='right_in_1', gap=-0.03, time=5.20 stage=move.
 Retrying in 1 seconds
 Retrying in 1 seconds
[shaping_diag] success_cum_shaping=313.35 T=110 d_init=104.5 d_final=0.0
Warning: Vehicle 'other' performs emergency braking on lane 'left_in_0' with decel=9.00, wished=5.00, severity=1.00, time=6.60.
Warning: Vehicle 'other'; junction collision with vehicle 'ego', lane=':center_8_0', gap=-1.00, time=7.50 stage=move.
[cbf_aux] step=167936 ret=244.82 coll=2 ttc=5.35 cbf_res=0.0000
 Retrying in 1 seconds
 Retrying in 1 seconds
[shaping_diag] success_cum_shaping=313.35 T=113 d_init=104.5 d_final=0.0
 Retrying in 1 seconds
[shaping_diag] success_cum_shaping=313.35 T=111 d_init=104.5 d_final=0.0
 Retrying in 1 seconds
[shaping_diag] success_cum_shaping=313.35 T=110 d_init=104.5 d_final=0.0
Warning: Vehicle 'ego'; junction collision with vehicle 'other', lane=':center_11_0', gap=-1.00, time=7.20 stage=move.
Warning: Vehicle 'other'; junction collision with vehicle 'ego', lane=':center_8_0', gap=-1.00, time=7.40 stage=move.
 Retrying in 1 seconds
 Retrying in 1 seconds
 Retrying in 1 seconds
[shaping_diag] success_cum_shaping=313.35 T=112 d_init=104.5 d_final=0.0
 Retrying in 1 seconds
[shaping_diag] success_cum_shaping=313.35 T=117 d_init=104.5 d_final=0.0
 Retrying in 1 seconds
[shaping_diag] success_cum_shaping=313.35 T=111 d_init=104.5 d_final=0.0
 Retrying in 1 seconds
[shaping_diag] success_cum_shaping=313.35 T=110 d_init=104.5 d_final=0.0
 Retrying in 1 seconds
[shaping_diag] success_cum_shaping=313.35 T=112 d_init=104.5 d_final=0.0
 Retrying in 1 seconds
[shaping_diag] success_cum_shaping=313.35 T=113 d_init=104.5 d_final=0.0
 Retrying in 1 seconds
[shaping_diag] success_cum_shaping=313.35 T=111 d_init=104.5 d_final=0.0
 Retrying in 1 seconds
 Retrying in 1 seconds
[shaping_diag] success_cum_shaping=313.35 T=112 d_init=104.5 d_final=0.0
Warning: Vehicle 'other2' performs emergency braking on lane 'left_in_0' with decel=9.00, wished=6.00, severity=1.00, time=6.90.
 Retrying in 1 seconds
[shaping_diag] success_cum_shaping=313.35 T=115 d_init=104.5 d_final=0.0
Warning: Vehicle 'other'; junction collision with vehicle 'ego', lane=':center_8_0', gap=-1.00, time=7.10 stage=move.
 Retrying in 1 seconds
 Retrying in 1 seconds
[shaping_diag] success_cum_shaping=313.35 T=111 d_init=104.5 d_final=0.0
 Retrying in 1 seconds
 Retrying in 1 seconds
 Retrying in 1 seconds
[shaping_diag] success_cum_shaping=313.35 T=112 d_init=104.5 d_final=0.0
 Retrying in 1 seconds
[shaping_diag] success_cum_shaping=313.35 T=111 d_init=104.5 d_final=0.0
 Retrying in 1 seconds
[shaping_diag] success_cum_shaping=313.35 T=112 d_init=104.5 d_final=0.0
 Retrying in 1 seconds
 Retrying in 1 seconds
[shaping_diag] success_cum_shaping=313.35 T=112 d_init=104.5 d_final=0.0
 Retrying in 1 seconds
 Retrying in 1 seconds
[shaping_diag] success_cum_shaping=313.35 T=115 d_init=104.5 d_final=0.0
 Retrying in 1 seconds
[shaping_diag] success_cum_shaping=313.35 T=117 d_init=104.5 d_final=0.0
Warning: Vehicle 'other' performs emergency braking on lane 'left_in_0' with decel=9.00, wished=5.00, severity=1.00, time=6.50.
 Retrying in 1 seconds
[shaping_diag] success_cum_shaping=313.35 T=110 d_init=104.5 d_final=0.0
 Retrying in 1 seconds
[shaping_diag] success_cum_shaping=313.35 T=110 d_init=104.5 d_final=0.0
 Retrying in 1 seconds
[shaping_diag] success_cum_shaping=313.35 T=110 d_init=104.5 d_final=0.0
 Retrying in 1 seconds
[shaping_diag] success_cum_shaping=313.35 T=111 d_init=104.5 d_final=0.0
Warning: Vehicle 'ego'; junction collision with vehicle 'other', lane=':center_11_0', gap=-1.00, time=7.20 stage=move.
 Retrying in 1 seconds
 Retrying in 1 seconds
[shaping_diag] success_cum_shaping=313.35 T=116 d_init=104.5 d_final=0.0
 Retrying in 1 seconds
[shaping_diag] success_cum_shaping=313.35 T=114 d_init=104.5 d_final=0.0
 Retrying in 1 seconds
[shaping_diag] success_cum_shaping=313.35 T=111 d_init=104.5 d_final=0.0
Warning: Vehicle 'other'; junction collision with vehicle 'ego', lane=':center_8_0', gap=-1.00, time=7.30 stage=move.
 Retrying in 1 seconds
 Retrying in 1 seconds
[shaping_diag] success_cum_shaping=313.35 T=113 d_init=104.5 d_final=0.0
 Retrying in 1 seconds
[shaping_diag] success_cum_shaping=313.35 T=114 d_init=104.5 d_final=0.0
 Retrying in 1 seconds
[shaping_diag] success_cum_shaping=313.35 T=112 d_init=104.5 d_final=0.0
 Retrying in 1 seconds
 Retrying in 1 seconds
[shaping_diag] success_cum_shaping=313.35 T=111 d_init=104.5 d_final=0.0
 Retrying in 1 seconds
[shaping_diag] success_cum_shaping=313.35 T=110 d_init=104.5 d_final=0.0
 Retrying in 1 seconds
[shaping_diag] success_cum_shaping=313.35 T=110 d_init=104.5 d_final=0.0
Warning: Vehicle 'other' performs emergency braking on lane 'left_in_0' with decel=9.00, wished=5.00, severity=1.00, time=6.70.
 Retrying in 1 seconds
[shaping_diag] success_cum_shaping=313.35 T=114 d_init=104.5 d_final=0.0
 Retrying in 1 seconds
[shaping_diag] success_cum_shaping=313.35 T=111 d_init=104.5 d_final=0.0
Warning: Vehicle 'other' performs emergency braking on lane 'left_in_0' with decel=9.00, wished=5.00, severity=1.00, time=6.50.
 Retrying in 1 seconds
[shaping_diag] success_cum_shaping=313.35 T=111 d_init=104.5 d_final=0.0
Warning: Vehicle 'other' performs emergency braking on lane 'left_in_0' with decel=9.00, wished=5.00, severity=1.00, time=6.60.
 Retrying in 1 seconds
[shaping_diag] success_cum_shaping=313.35 T=117 d_init=104.5 d_final=0.0
 Retrying in 1 seconds
[shaping_diag] success_cum_shaping=313.35 T=113 d_init=104.5 d_final=0.0
 Retrying in 1 seconds
[shaping_diag] success_cum_shaping=313.35 T=110 d_init=104.5 d_final=0.0
 Retrying in 1 seconds
[shaping_diag] success_cum_shaping=313.35 T=111 d_init=104.5 d_final=0.0
 Retrying in 1 seconds
[shaping_diag] success_cum_shaping=313.35 T=112 d_init=104.5 d_final=0.0
 Retrying in 1 seconds
[shaping_diag] success_cum_shaping=313.35 T=110 d_init=104.5 d_final=0.0
 Retrying in 1 seconds
[shaping_diag] success_cum_shaping=313.35 T=114 d_init=104.5 d_final=0.0
 Retrying in 1 seconds
[shaping_diag] success_cum_shaping=313.35 T=115 d_init=104.5 d_final=0.0
 Retrying in 1 seconds
[shaping_diag] success_cum_shaping=313.35 T=116 d_init=104.5 d_final=0.0
 Retrying in 1 seconds
[shaping_diag] success_cum_shaping=313.35 T=116 d_init=104.5 d_final=0.0
Warning: Vehicle 'ego'; junction collision with vehicle 'other', lane=':center_11_0', gap=-1.00, time=7.30 stage=move.
 Retrying in 1 seconds
 Retrying in 1 seconds
[shaping_diag] success_cum_shaping=313.35 T=111 d_init=104.5 d_final=0.0
 Retrying in 1 seconds
[shaping_diag] success_cum_shaping=313.35 T=113 d_init=104.5 d_final=0.0
 Retrying in 1 seconds
[shaping_diag] success_cum_shaping=313.35 T=122 d_init=104.5 d_final=0.0
 Retrying in 1 seconds
[shaping_diag] success_cum_shaping=313.35 T=111 d_init=104.5 d_final=0.0
Warning: Vehicle 'other'; junction collision with vehicle 'ego', lane=':center_8_0', gap=-1.00, time=7.10 stage=move.
 Retrying in 1 seconds
 Retrying in 1 seconds
[shaping_diag] success_cum_shaping=313.35 T=115 d_init=104.5 d_final=0.0
 Retrying in 1 seconds
[shaping_diag] success_cum_shaping=313.35 T=112 d_init=104.5 d_final=0.0
 Retrying in 1 seconds
[shaping_diag] success_cum_shaping=313.35 T=111 d_init=104.5 d_final=0.0
 Retrying in 1 seconds
[shaping_diag] success_cum_shaping=313.35 T=122 d_init=104.5 d_final=0.0
 Retrying in 1 seconds
[shaping_diag] success_cum_shaping=313.35 T=115 d_init=104.5 d_final=0.0
 Retrying in 1 seconds
[shaping_diag] success_cum_shaping=313.35 T=110 d_init=104.5 d_final=0.0
 Retrying in 1 seconds
[shaping_diag] success_cum_shaping=313.35 T=113 d_init=104.5 d_final=0.0
Warning: Vehicle 'other' performs emergency braking on lane 'left_in_0' with decel=9.00, wished=7.00, severity=1.00, time=6.50.
 Retrying in 1 seconds
[shaping_diag] success_cum_shaping=313.35 T=111 d_init=104.5 d_final=0.0
 Retrying in 1 seconds
[shaping_diag] success_cum_shaping=313.35 T=115 d_init=104.5 d_final=0.0
 Retrying in 1 seconds
[shaping_diag] success_cum_shaping=313.35 T=110 d_init=104.5 d_final=0.0
 Retrying in 1 seconds
[shaping_diag] success_cum_shaping=313.35 T=110 d_init=104.5 d_final=0.0
 Retrying in 1 seconds
[shaping_diag] success_cum_shaping=313.35 T=117 d_init=104.5 d_final=0.0
 Retrying in 1 seconds
[shaping_diag] success_cum_shaping=313.35 T=115 d_init=104.5 d_final=0.0
 Retrying in 1 seconds
[shaping_diag] success_cum_shaping=313.35 T=112 d_init=104.5 d_final=0.0
Warning: Vehicle 'other' performs emergency braking on lane ':center_8_0' with decel=9.00, wished=3.00, severity=1.00, time=7.50.
Warning: Vehicle 'other' performs emergency braking on lane 'left_in_0' with decel=9.00, wished=4.00, severity=1.00, time=6.80.
 Retrying in 1 seconds
 Retrying in 1 seconds
 Retrying in 1 seconds
[shaping_diag] success_cum_shaping=313.35 T=115 d_init=104.5 d_final=0.0
 Retrying in 1 seconds
[shaping_diag] success_cum_shaping=313.35 T=115 d_init=104.5 d_final=0.0
 Retrying in 1 seconds
[shaping_diag] success_cum_shaping=313.35 T=114 d_init=104.5 d_final=0.0
 Retrying in 1 seconds
[shaping_diag] success_cum_shaping=313.35 T=112 d_init=104.5 d_final=0.0
 Retrying in 1 seconds
[shaping_diag] success_cum_shaping=313.35 T=119 d_init=104.5 d_final=0.0
 Retrying in 1 seconds
[shaping_diag] success_cum_shaping=313.35 T=113 d_init=104.5 d_final=0.0
Warning: Vehicle 'other'; junction collision with vehicle 'ego', lane=':center_8_0', gap=-1.00, time=7.30 stage=move.
 Retrying in 1 seconds
 Retrying in 1 seconds
[shaping_diag] success_cum_shaping=313.35 T=118 d_init=104.5 d_final=0.0
 Retrying in 1 seconds
[shaping_diag] success_cum_shaping=313.35 T=121 d_init=104.5 d_final=0.0
 Retrying in 1 seconds
[shaping_diag] success_cum_shaping=313.35 T=120 d_init=104.5 d_final=0.0
 Retrying in 1 seconds
[shaping_diag] success_cum_shaping=313.35 T=111 d_init=104.5 d_final=0.0
 Retrying in 1 seconds
[shaping_diag] success_cum_shaping=313.35 T=114 d_init=104.5 d_final=0.0
Warning: Vehicle 'ego'; junction collision with vehicle 'other', lane=':center_11_0', gap=-1.00, time=7.10 stage=move.
 Retrying in 1 seconds
 Retrying in 1 seconds
[shaping_diag] success_cum_shaping=313.35 T=120 d_init=104.5 d_final=0.0
Warning: Vehicle 'ego'; junction collision with vehicle 'other', lane=':center_11_0', gap=-1.00, time=7.30 stage=move.
 Retrying in 1 seconds
 Retrying in 1 seconds
[shaping_diag] success_cum_shaping=313.35 T=112 d_init=104.5 d_final=0.0
 Retrying in 1 seconds
[shaping_diag] success_cum_shaping=313.35 T=113 d_init=104.5 d_final=0.0
 Retrying in 1 seconds
[shaping_diag] success_cum_shaping=313.35 T=114 d_init=104.5 d_final=0.0
 Retrying in 1 seconds
[shaping_diag] success_cum_shaping=313.35 T=114 d_init=104.5 d_final=0.0
 Retrying in 1 seconds
[shaping_diag] success_cum_shaping=313.35 T=111 d_init=104.5 d_final=0.0
 Retrying in 1 seconds
[shaping_diag] success_cum_shaping=313.35 T=111 d_init=104.5 d_final=0.0
 Retrying in 1 seconds
[shaping_diag] success_cum_shaping=313.35 T=116 d_init=104.5 d_final=0.0
 Retrying in 1 seconds
[shaping_diag] success_cum_shaping=313.35 T=115 d_init=104.5 d_final=0.0
 Retrying in 1 seconds
[shaping_diag] success_cum_shaping=313.35 T=114 d_init=104.5 d_final=0.0
 Retrying in 1 seconds
 Retrying in 1 seconds
[shaping_diag] success_cum_shaping=313.35 T=117 d_init=104.5 d_final=0.0
 Retrying in 1 seconds
[shaping_diag] success_cum_shaping=313.35 T=115 d_init=104.5 d_final=0.0
 Retrying in 1 seconds
[shaping_diag] success_cum_shaping=313.35 T=117 d_init=104.5 d_final=0.0
 Retrying in 1 seconds
[shaping_diag] success_cum_shaping=313.35 T=117 d_init=104.5 d_final=0.0
 Retrying in 1 seconds
[shaping_diag] success_cum_shaping=313.35 T=117 d_init=104.5 d_final=0.0
 Retrying in 1 seconds
[shaping_diag] success_cum_shaping=313.35 T=118 d_init=104.5 d_final=0.0
 Retrying in 1 seconds
[shaping_diag] success_cum_shaping=313.35 T=115 d_init=104.5 d_final=0.0
Warning: Vehicle 'other' performs emergency braking on lane ':center_8_0' with decel=9.00, wished=3.00, severity=1.00, time=7.10.
Warning: Vehicle 'other'; junction collision with vehicle 'ego', lane=':center_8_0', gap=-1.00, time=7.50 stage=move.
 Retrying in 1 seconds
 Retrying in 1 seconds
[shaping_diag] success_cum_shaping=313.35 T=114 d_init=104.5 d_final=0.0
 Retrying in 1 seconds
[shaping_diag] success_cum_shaping=313.35 T=111 d_init=104.5 d_final=0.0
 Retrying in 1 seconds
[shaping_diag] success_cum_shaping=313.35 T=114 d_init=104.5 d_final=0.0
 Retrying in 1 seconds
 Retrying in 1 seconds
[shaping_diag] success_cum_shaping=313.35 T=113 d_init=104.5 d_final=0.0
 Retrying in 1 seconds
[shaping_diag] success_cum_shaping=313.35 T=115 d_init=104.5 d_final=0.0
 Retrying in 1 seconds
[shaping_diag] success_cum_shaping=313.35 T=111 d_init=104.5 d_final=0.0
 Retrying in 1 seconds
[shaping_diag] success_cum_shaping=313.35 T=114 d_init=104.5 d_final=0.0
 Retrying in 1 seconds
[shaping_diag] success_cum_shaping=313.35 T=113 d_init=104.5 d_final=0.0
Warning: Vehicle 'ego'; junction collision with vehicle 'other', lane=':center_11_0', gap=-1.00, time=7.20 stage=move.
 Retrying in 1 seconds
 Retrying in 1 seconds
[shaping_diag] success_cum_shaping=313.35 T=111 d_init=104.5 d_final=0.0
Warning: Vehicle 'other' performs emergency braking on lane 'left_in_0' with decel=9.00, wished=7.00, severity=1.00, time=6.80.
 Retrying in 1 seconds
[shaping_diag] success_cum_shaping=313.35 T=116 d_init=104.5 d_final=0.0
 Retrying in 1 seconds
[shaping_diag] success_cum_shaping=313.35 T=111 d_init=104.5 d_final=0.0
Warning: Vehicle 'other' performs emergency braking on lane ':center_8_0' with decel=9.00, wished=3.00, severity=1.00, time=7.00.
Warning: Vehicle 'other'; junction collision with vehicle 'ego', lane=':center_8_0', gap=-1.00, time=7.30 stage=move.
 Retrying in 1 seconds
 Retrying in 1 seconds
[shaping_diag] success_cum_shaping=313.35 T=112 d_init=104.5 d_final=0.0
 Retrying in 1 seconds
[shaping_diag] success_cum_shaping=313.35 T=116 d_init=104.5 d_final=0.0
Warning: Vehicle 'other' performs emergency braking on lane ':center_8_0' with decel=9.00, wished=3.00, severity=1.00, time=7.10.
Warning: Vehicle 'other'; junction collision with vehicle 'ego', lane=':center_8_0', gap=-1.00, time=7.00 stage=move.
 Retrying in 1 seconds
 Retrying in 1 seconds
 Retrying in 1 seconds
[shaping_diag] success_cum_shaping=313.35 T=111 d_init=104.5 d_final=0.0
 Retrying in 1 seconds
[shaping_diag] success_cum_shaping=313.35 T=121 d_init=104.5 d_final=0.0
 Retrying in 1 seconds
[shaping_diag] success_cum_shaping=313.35 T=110 d_init=104.5 d_final=0.0
 Retrying in 1 seconds
[shaping_diag] success_cum_shaping=313.35 T=118 d_init=104.5 d_final=0.0
 Retrying in 1 seconds
[shaping_diag] success_cum_shaping=313.35 T=113 d_init=104.5 d_final=0.0
 Retrying in 1 seconds
[shaping_diag] success_cum_shaping=313.35 T=116 d_init=104.5 d_final=0.0
 Retrying in 1 seconds
[shaping_diag] success_cum_shaping=313.35 T=116 d_init=104.5 d_final=0.0
 Retrying in 1 seconds
[shaping_diag] success_cum_shaping=313.35 T=112 d_init=104.5 d_final=0.0
 Retrying in 1 seconds
[shaping_diag] success_cum_shaping=313.35 T=115 d_init=104.5 d_final=0.0
 Retrying in 1 seconds
[shaping_diag] success_cum_shaping=313.35 T=115 d_init=104.5 d_final=0.0
 Retrying in 1 seconds
[shaping_diag] success_cum_shaping=313.35 T=111 d_init=104.5 d_final=0.0
 Retrying in 1 seconds
[shaping_diag] success_cum_shaping=313.35 T=110 d_init=104.5 d_final=0.0
 Retrying in 1 seconds
[shaping_diag] success_cum_shaping=313.35 T=110 d_init=104.5 d_final=0.0
 Retrying in 1 seconds
[shaping_diag] success_cum_shaping=313.35 T=112 d_init=104.5 d_final=0.0
 Retrying in 1 seconds
[shaping_diag] success_cum_shaping=313.35 T=110 d_init=104.5 d_final=0.0
 Retrying in 1 seconds
[shaping_diag] success_cum_shaping=313.35 T=112 d_init=104.5 d_final=0.0
Warning: Vehicle 'other'; junction collision with vehicle 'ego', lane=':center_8_0', gap=-1.00, time=7.60 stage=move.
 Retrying in 1 seconds
 Retrying in 1 seconds
[shaping_diag] success_cum_shaping=313.35 T=115 d_init=104.5 d_final=0.0
Warning: Vehicle 'ego'; junction collision with vehicle 'other', lane=':center_11_0', gap=-1.00, time=7.20 stage=move.
 Retrying in 1 seconds
 Retrying in 1 seconds
 Retrying in 1 seconds
 Retrying in 1 seconds
[shaping_diag] success_cum_shaping=313.35 T=113 d_init=104.5 d_final=0.0
 Retrying in 1 seconds
[shaping_diag] success_cum_shaping=313.35 T=110 d_init=104.5 d_final=0.0
 Retrying in 1 seconds
[shaping_diag] success_cum_shaping=313.35 T=112 d_init=104.5 d_final=0.0
 Retrying in 1 seconds
[shaping_diag] success_cum_shaping=313.35 T=114 d_init=104.5 d_final=0.0
 Retrying in 1 seconds
 Retrying in 1 seconds
[shaping_diag] success_cum_shaping=313.35 T=113 d_init=104.5 d_final=0.0
 Retrying in 1 seconds
 Retrying in 1 seconds
[shaping_diag] success_cum_shaping=313.35 T=115 d_init=104.5 d_final=0.0
Warning: Vehicle 'other' performs emergency braking on lane 'left_in_0' with decel=9.00, wished=5.00, severity=1.00, time=6.70.
 Retrying in 1 seconds
[shaping_diag] success_cum_shaping=313.35 T=114 d_init=104.5 d_final=0.0
 Retrying in 1 seconds
[shaping_diag] success_cum_shaping=313.35 T=112 d_init=104.5 d_final=0.0
Warning: Vehicle 'other2' performs emergency braking on lane 'left_in_0' with decel=9.00, wished=6.00, severity=1.00, time=7.00.
 Retrying in 1 seconds
[shaping_diag] success_cum_shaping=313.35 T=116 d_init=104.5 d_final=0.0
 Retrying in 1 seconds
[shaping_diag] success_cum_shaping=313.35 T=111 d_init=104.5 d_final=0.0
 Retrying in 1 seconds
[shaping_diag] success_cum_shaping=313.35 T=112 d_init=104.5 d_final=0.0
 Retrying in 1 seconds
[shaping_diag] success_cum_shaping=313.35 T=115 d_init=104.5 d_final=0.0
Warning: Vehicle 'other' performs emergency braking on lane 'left_in_0' with decel=9.00, wished=5.00, severity=1.00, time=6.60.
 Retrying in 1 seconds
[shaping_diag] success_cum_shaping=313.35 T=112 d_init=104.5 d_final=0.0
 Retrying in 1 seconds
[shaping_diag] success_cum_shaping=313.35 T=113 d_init=104.5 d_final=0.0
 Retrying in 1 seconds
[shaping_diag] success_cum_shaping=313.35 T=112 d_init=104.5 d_final=0.0
Warning: Vehicle 'other' performs emergency braking on lane 'left_in_0' with decel=9.00, wished=5.00, severity=1.00, time=6.60.
 Retrying in 1 seconds
[shaping_diag] success_cum_shaping=313.35 T=112 d_init=104.5 d_final=0.0
 Retrying in 1 seconds
[shaping_diag] success_cum_shaping=313.35 T=117 d_init=104.5 d_final=0.0
 Retrying in 1 seconds
[shaping_diag] success_cum_shaping=313.35 T=111 d_init=104.5 d_final=0.0
 Retrying in 1 seconds
[shaping_diag] success_cum_shaping=313.35 T=111 d_init=104.5 d_final=0.0
 Retrying in 1 seconds
[shaping_diag] success_cum_shaping=313.35 T=111 d_init=104.5 d_final=0.0
 Retrying in 1 seconds
[shaping_diag] success_cum_shaping=313.35 T=110 d_init=104.5 d_final=0.0
 Retrying in 1 seconds
[shaping_diag] success_cum_shaping=313.35 T=113 d_init=104.5 d_final=0.0
 Retrying in 1 seconds
[shaping_diag] success_cum_shaping=313.35 T=111 d_init=104.5 d_final=0.0
 Retrying in 1 seconds
[shaping_diag] success_cum_shaping=313.35 T=112 d_init=104.5 d_final=0.0
 Retrying in 1 seconds
[shaping_diag] success_cum_shaping=313.35 T=111 d_init=104.5 d_final=0.0
 Retrying in 1 seconds
[shaping_diag] success_cum_shaping=313.35 T=115 d_init=104.5 d_final=0.0
 Retrying in 1 seconds
[shaping_diag] success_cum_shaping=313.35 T=117 d_init=104.5 d_final=0.0
 Retrying in 1 seconds
[shaping_diag] success_cum_shaping=313.35 T=111 d_init=104.5 d_final=0.0
 Retrying in 1 seconds
[shaping_diag] success_cum_shaping=313.35 T=112 d_init=104.5 d_final=0.0
 Retrying in 1 seconds
[shaping_diag] success_cum_shaping=313.35 T=110 d_init=104.5 d_final=0.0
Warning: Vehicle 'other' performs emergency braking on lane 'left_in_0' with decel=9.00, wished=7.00, severity=1.00, time=6.50.
 Retrying in 1 seconds
[shaping_diag] success_cum_shaping=313.35 T=111 d_init=104.5 d_final=0.0
 Retrying in 1 seconds
[shaping_diag] success_cum_shaping=313.35 T=118 d_init=104.5 d_final=0.0
 Retrying in 1 seconds
[shaping_diag] success_cum_shaping=313.35 T=113 d_init=104.5 d_final=0.0
 Retrying in 1 seconds
[shaping_diag] success_cum_shaping=313.35 T=113 d_init=104.5 d_final=0.0
 Retrying in 1 seconds
[shaping_diag] success_cum_shaping=313.35 T=113 d_init=104.5 d_final=0.0
 Retrying in 1 seconds
[shaping_diag] success_cum_shaping=313.35 T=113 d_init=104.5 d_final=0.0
 Retrying in 1 seconds
 Retrying in 1 seconds
[shaping_diag] success_cum_shaping=313.35 T=111 d_init=104.5 d_final=0.0
 Retrying in 1 seconds
[shaping_diag] success_cum_shaping=313.35 T=110 d_init=104.5 d_final=0.0
 Retrying in 1 seconds
[shaping_diag] success_cum_shaping=313.35 T=112 d_init=104.5 d_final=0.0
 Retrying in 1 seconds
 Retrying in 1 seconds
[shaping_diag] success_cum_shaping=313.35 T=116 d_init=104.5 d_final=0.0
 Retrying in 1 seconds
[shaping_diag] success_cum_shaping=313.35 T=117 d_init=104.5 d_final=0.0
 Retrying in 1 seconds
[shaping_diag] success_cum_shaping=313.35 T=113 d_init=104.5 d_final=0.0
 Retrying in 1 seconds
[shaping_diag] success_cum_shaping=313.35 T=113 d_init=104.5 d_final=0.0
 Retrying in 1 seconds
[shaping_diag] success_cum_shaping=313.35 T=112 d_init=104.5 d_final=0.0
 Retrying in 1 seconds
[shaping_diag] success_cum_shaping=313.35 T=114 d_init=104.5 d_final=0.0
 Retrying in 1 seconds
[shaping_diag] success_cum_shaping=313.35 T=112 d_init=104.5 d_final=0.0
 Retrying in 1 seconds
[shaping_diag] success_cum_shaping=313.35 T=110 d_init=104.5 d_final=0.0
 Retrying in 1 seconds
[shaping_diag] success_cum_shaping=313.35 T=117 d_init=104.5 d_final=0.0
 Retrying in 1 seconds
[shaping_diag] success_cum_shaping=313.35 T=115 d_init=104.5 d_final=0.0
 Retrying in 1 seconds
[shaping_diag] success_cum_shaping=313.35 T=115 d_init=104.5 d_final=0.0
 Retrying in 1 seconds
[shaping_diag] success_cum_shaping=313.35 T=110 d_init=104.5 d_final=0.0
 Retrying in 1 seconds
[shaping_diag] success_cum_shaping=313.35 T=113 d_init=104.5 d_final=0.0
 Retrying in 1 seconds
[shaping_diag] success_cum_shaping=313.35 T=111 d_init=104.5 d_final=0.0
 Retrying in 1 seconds
[shaping_diag] success_cum_shaping=313.35 T=114 d_init=104.5 d_final=0.0
 Retrying in 1 seconds
[shaping_diag] success_cum_shaping=313.35 T=113 d_init=104.5 d_final=0.0
 Retrying in 1 seconds
[shaping_diag] success_cum_shaping=313.35 T=111 d_init=104.5 d_final=0.0
 Retrying in 1 seconds
[shaping_diag] success_cum_shaping=313.35 T=112 d_init=104.5 d_final=0.0
 Retrying in 1 seconds
[shaping_diag] success_cum_shaping=313.35 T=110 d_init=104.5 d_final=0.0
 Retrying in 1 seconds
[shaping_diag] success_cum_shaping=313.35 T=112 d_init=104.5 d_final=0.0
 Retrying in 1 seconds
[shaping_diag] success_cum_shaping=313.35 T=112 d_init=104.5 d_final=0.0
 Retrying in 1 seconds
[shaping_diag] success_cum_shaping=313.35 T=117 d_init=104.5 d_final=0.0
 Retrying in 1 seconds
[shaping_diag] success_cum_shaping=313.35 T=112 d_init=104.5 d_final=0.0
 Retrying in 1 seconds
[shaping_diag] success_cum_shaping=313.35 T=113 d_init=104.5 d_final=0.0
 Retrying in 1 seconds
[shaping_diag] success_cum_shaping=313.35 T=115 d_init=104.5 d_final=0.0
 Retrying in 1 seconds
[shaping_diag] success_cum_shaping=313.35 T=116 d_init=104.5 d_final=0.0
 Retrying in 1 seconds
[shaping_diag] success_cum_shaping=313.35 T=110 d_init=104.5 d_final=0.0
 Retrying in 1 seconds
[shaping_diag] success_cum_shaping=313.35 T=113 d_init=104.5 d_final=0.0
 Retrying in 1 seconds
[shaping_diag] success_cum_shaping=313.35 T=111 d_init=104.5 d_final=0.0
 Retrying in 1 seconds
[shaping_diag] success_cum_shaping=313.35 T=114 d_init=104.5 d_final=0.0
 Retrying in 1 seconds
[shaping_diag] success_cum_shaping=313.35 T=115 d_init=104.5 d_final=0.0
 Retrying in 1 seconds
 Retrying in 1 seconds
[shaping_diag] success_cum_shaping=313.35 T=110 d_init=104.5 d_final=0.0
 Retrying in 1 seconds
[shaping_diag] success_cum_shaping=313.35 T=112 d_init=104.5 d_final=0.0
 Retrying in 1 seconds
[shaping_diag] success_cum_shaping=313.35 T=112 d_init=104.5 d_final=0.0
 Retrying in 1 seconds
[shaping_diag] success_cum_shaping=313.35 T=112 d_init=104.5 d_final=0.0
Warning: Vehicle 'ego'; junction collision with vehicle 'other', lane=':center_2_0', gap=-1.16, time=6.30 stage=move.
 Retrying in 1 seconds
 Retrying in 1 seconds
 Retrying in 1 seconds
[shaping_diag] success_cum_shaping=313.35 T=112 d_init=104.5 d_final=0.0
Warning: Vehicle 'ego'; collision with vehicle 'other', lane='right_in_1', gap=-0.22, time=3.30 stage=move.
 Retrying in 1 seconds
 Retrying in 1 seconds
[shaping_diag] success_cum_shaping=313.35 T=112 d_init=104.5 d_final=0.0
 Retrying in 1 seconds
 Retrying in 1 seconds
[shaping_diag] success_cum_shaping=313.35 T=114 d_init=104.5 d_final=0.0
 Retrying in 1 seconds
[shaping_diag] success_cum_shaping=313.35 T=111 d_init=104.5 d_final=0.0
Warning: Vehicle 'other' performs emergency braking on lane 'left_in_0' with decel=9.00, wished=7.00, severity=1.00, time=6.50.
 Retrying in 1 seconds
[shaping_diag] success_cum_shaping=313.35 T=110 d_init=104.5 d_final=0.0
Warning: Vehicle 'other' performs emergency braking on lane 'left_in_0' with decel=9.00, wished=7.00, severity=1.00, time=6.50.
 Retrying in 1 seconds
[shaping_diag] success_cum_shaping=313.35 T=111 d_init=104.5 d_final=0.0
Warning: Vehicle 'ego'; junction collision with vehicle 'other', lane=':center_11_0', gap=-1.00, time=7.10 stage=move.
 Retrying in 1 seconds
 Retrying in 1 seconds
[shaping_diag] success_cum_shaping=313.35 T=112 d_init=104.5 d_final=0.0
 Retrying in 1 seconds
[shaping_diag] success_cum_shaping=313.35 T=110 d_init=104.5 d_final=0.0
 Retrying in 1 seconds
[shaping_diag] success_cum_shaping=313.35 T=114 d_init=104.5 d_final=0.0
 Retrying in 1 seconds
[shaping_diag] success_cum_shaping=313.35 T=113 d_init=104.5 d_final=0.0
 Retrying in 1 seconds
[shaping_diag] success_cum_shaping=313.35 T=115 d_init=104.5 d_final=0.0
 Retrying in 1 seconds
[shaping_diag] success_cum_shaping=313.35 T=112 d_init=104.5 d_final=0.0
Warning: Vehicle 'other' performs emergency braking on lane 'left_in_0' with decel=9.00, wished=7.00, severity=1.00, time=6.60.
 Retrying in 1 seconds
[shaping_diag] success_cum_shaping=313.35 T=112 d_init=104.5 d_final=0.0
Warning: Vehicle 'other' performs emergency braking on lane 'left_in_0' with decel=9.00, wished=7.00, severity=1.00, time=6.60.
 Retrying in 1 seconds
[shaping_diag] success_cum_shaping=313.35 T=111 d_init=104.5 d_final=0.0
 Retrying in 1 seconds
[shaping_diag] success_cum_shaping=313.35 T=113 d_init=104.5 d_final=0.0
Warning: Vehicle 'other' performs emergency braking on lane 'left_in_0' with decel=9.00, wished=5.00, severity=1.00, time=6.60.
 Retrying in 1 seconds
[shaping_diag] success_cum_shaping=313.35 T=112 d_init=104.5 d_final=0.0
 Retrying in 1 seconds
[shaping_diag] success_cum_shaping=313.35 T=113 d_init=104.5 d_final=0.0
 Retrying in 1 seconds
[shaping_diag] success_cum_shaping=313.35 T=113 d_init=104.5 d_final=0.0
 Retrying in 1 seconds
[shaping_diag] success_cum_shaping=313.35 T=113 d_init=104.5 d_final=0.0
 Retrying in 1 seconds
[shaping_diag] success_cum_shaping=313.35 T=111 d_init=104.5 d_final=0.0
Warning: Vehicle 'other' performs emergency braking on lane 'left_in_0' with decel=9.00, wished=5.00, severity=1.00, time=7.10.
 Retrying in 1 seconds
[shaping_diag] success_cum_shaping=313.35 T=119 d_init=104.5 d_final=0.0
 Retrying in 1 seconds
[shaping_diag] success_cum_shaping=313.35 T=110 d_init=104.5 d_final=0.0
 Retrying in 1 seconds
[shaping_diag] success_cum_shaping=313.35 T=110 d_init=104.5 d_final=0.0
 Retrying in 1 seconds
[shaping_diag] success_cum_shaping=313.35 T=110 d_init=104.5 d_final=0.0
Warning: Vehicle 'other' performs emergency braking on lane 'left_in_0' with decel=9.00, wished=5.00, severity=1.00, time=6.50.
 Retrying in 1 seconds
[shaping_diag] success_cum_shaping=313.35 T=110 d_init=104.5 d_final=0.0
 Retrying in 1 seconds
[shaping_diag] success_cum_shaping=313.35 T=110 d_init=104.5 d_final=0.0
 Retrying in 1 seconds
 Retrying in 1 seconds
[shaping_diag] success_cum_shaping=313.35 T=111 d_init=104.5 d_final=0.0
 Retrying in 1 seconds
[shaping_diag] success_cum_shaping=313.35 T=113 d_init=104.5 d_final=0.0
 Retrying in 1 seconds
[shaping_diag] success_cum_shaping=313.35 T=112 d_init=104.5 d_final=0.0
 Retrying in 1 seconds
[shaping_diag] success_cum_shaping=313.35 T=111 d_init=104.5 d_final=0.0
Warning: Vehicle 'other'; junction collision with vehicle 'ego', lane=':center_8_0', gap=-1.00, time=7.20 stage=move.
Warning: Vehicle 'other'; junction collision with vehicle 'ego', lane=':center_8_0', gap=-1.00, time=7.20 stage=move.
 Retrying in 1 seconds
 Retrying in 1 seconds
 Retrying in 1 seconds
[shaping_diag] success_cum_shaping=313.35 T=111 d_init=104.5 d_final=0.0
 Retrying in 1 seconds
[shaping_diag] success_cum_shaping=313.35 T=111 d_init=104.5 d_final=0.0
Warning: Vehicle 'other' performs emergency braking on lane 'left_in_0' with decel=9.00, wished=5.00, severity=1.00, time=6.50.
 Retrying in 1 seconds
[shaping_diag] success_cum_shaping=313.35 T=110 d_init=104.5 d_final=0.0
 Retrying in 1 seconds
 Retrying in 1 seconds
[shaping_diag] success_cum_shaping=313.35 T=111 d_init=104.5 d_final=0.0
 Retrying in 1 seconds
[shaping_diag] success_cum_shaping=313.35 T=116 d_init=104.5 d_final=0.0
 Retrying in 1 seconds
[shaping_diag] success_cum_shaping=313.35 T=113 d_init=104.5 d_final=0.0
 Retrying in 1 seconds
[shaping_diag] success_cum_shaping=313.35 T=111 d_init=104.5 d_final=0.0
 Retrying in 1 seconds
[shaping_diag] success_cum_shaping=313.35 T=115 d_init=104.5 d_final=0.0
 Retrying in 1 seconds
[shaping_diag] success_cum_shaping=313.35 T=112 d_init=104.5 d_final=0.0
 Retrying in 1 seconds
[shaping_diag] success_cum_shaping=313.35 T=112 d_init=104.5 d_final=0.0
 Retrying in 1 seconds
[shaping_diag] success_cum_shaping=313.35 T=112 d_init=104.5 d_final=0.0
 Retrying in 1 seconds
[shaping_diag] success_cum_shaping=313.35 T=112 d_init=104.5 d_final=0.0
 Retrying in 1 seconds
[shaping_diag] success_cum_shaping=313.35 T=111 d_init=104.5 d_final=0.0
Warning: Vehicle 'other' performs emergency braking on lane ':center_8_0' with decel=9.00, wished=3.00, severity=1.00, time=7.00.
 Retrying in 1 seconds
 Retrying in 1 seconds
[shaping_diag] success_cum_shaping=313.35 T=111 d_init=104.5 d_final=0.0
 Retrying in 1 seconds
[shaping_diag] success_cum_shaping=313.35 T=113 d_init=104.5 d_final=0.0
 Retrying in 1 seconds
[shaping_diag] success_cum_shaping=313.35 T=111 d_init=104.5 d_final=0.0
 Retrying in 1 seconds
[shaping_diag] success_cum_shaping=313.35 T=116 d_init=104.5 d_final=0.0
Warning: Vehicle 'other' performs emergency braking on lane 'left_in_0' with decel=9.00, wished=5.00, severity=1.00, time=6.70.
 Retrying in 1 seconds
[shaping_diag] success_cum_shaping=313.35 T=113 d_init=104.5 d_final=0.0
 Retrying in 1 seconds
[shaping_diag] success_cum_shaping=313.35 T=113 d_init=104.5 d_final=0.0
 Retrying in 1 seconds
[shaping_diag] success_cum_shaping=313.35 T=113 d_init=104.5 d_final=0.0
 Retrying in 1 seconds
[shaping_diag] success_cum_shaping=313.35 T=111 d_init=104.5 d_final=0.0
 Retrying in 1 seconds
[shaping_diag] success_cum_shaping=313.35 T=111 d_init=104.5 d_final=0.0
 Retrying in 1 seconds
[shaping_diag] success_cum_shaping=313.35 T=114 d_init=104.5 d_final=0.0
 Retrying in 1 seconds
[shaping_diag] success_cum_shaping=313.35 T=110 d_init=104.5 d_final=0.0
 Retrying in 1 seconds
[shaping_diag] success_cum_shaping=313.35 T=110 d_init=104.5 d_final=0.0
 Retrying in 1 seconds
[shaping_diag] success_cum_shaping=313.35 T=111 d_init=104.5 d_final=0.0
 Retrying in 1 seconds
[shaping_diag] success_cum_shaping=313.35 T=113 d_init=104.5 d_final=0.0
 Retrying in 1 seconds
[shaping_diag] success_cum_shaping=313.35 T=110 d_init=104.5 d_final=0.0
 Retrying in 1 seconds
[shaping_diag] success_cum_shaping=313.35 T=114 d_init=104.5 d_final=0.0
 Retrying in 1 seconds
[shaping_diag] success_cum_shaping=313.35 T=111 d_init=104.5 d_final=0.0
 Retrying in 1 seconds
[shaping_diag] success_cum_shaping=313.35 T=113 d_init=104.5 d_final=0.0
 Retrying in 1 seconds
[shaping_diag] success_cum_shaping=313.35 T=115 d_init=104.5 d_final=0.0
 Retrying in 1 seconds
[shaping_diag] success_cum_shaping=313.35 T=111 d_init=104.5 d_final=0.0
 Retrying in 1 seconds
[shaping_diag] success_cum_shaping=313.35 T=116 d_init=104.5 d_final=0.0
 Retrying in 1 seconds
[shaping_diag] success_cum_shaping=313.35 T=110 d_init=104.5 d_final=0.0
 Retrying in 1 seconds
[shaping_diag] success_cum_shaping=313.35 T=111 d_init=104.5 d_final=0.0
 Retrying in 1 seconds
[shaping_diag] success_cum_shaping=313.35 T=112 d_init=104.5 d_final=0.0
 Retrying in 1 seconds
[shaping_diag] success_cum_shaping=313.35 T=112 d_init=104.5 d_final=0.0
 Retrying in 1 seconds
 Retrying in 1 seconds
[shaping_diag] success_cum_shaping=313.35 T=117 d_init=104.5 d_final=0.0
 Retrying in 1 seconds
[shaping_diag] success_cum_shaping=313.35 T=111 d_init=104.5 d_final=0.0
 Retrying in 1 seconds
[shaping_diag] success_cum_shaping=313.35 T=114 d_init=104.5 d_final=0.0
 Retrying in 1 seconds
[shaping_diag] success_cum_shaping=313.35 T=115 d_init=104.5 d_final=0.0
 Retrying in 1 seconds
[shaping_diag] success_cum_shaping=313.35 T=117 d_init=104.5 d_final=0.0
 Retrying in 1 seconds
[shaping_diag] success_cum_shaping=313.35 T=117 d_init=104.5 d_final=0.0
 Retrying in 1 seconds
[shaping_diag] success_cum_shaping=313.35 T=115 d_init=104.5 d_final=0.0
 Retrying in 1 seconds
[shaping_diag] success_cum_shaping=313.35 T=119 d_init=104.5 d_final=0.0
 Retrying in 1 seconds
[shaping_diag] success_cum_shaping=313.35 T=119 d_init=104.5 d_final=0.0
 Retrying in 1 seconds
[shaping_diag] success_cum_shaping=313.35 T=110 d_init=104.5 d_final=0.0
 Retrying in 1 seconds
[shaping_diag] success_cum_shaping=313.35 T=112 d_init=104.5 d_final=0.0
 Retrying in 1 seconds
[shaping_diag] success_cum_shaping=313.35 T=114 d_init=104.5 d_final=0.0
 Retrying in 1 seconds
[shaping_diag] success_cum_shaping=313.35 T=119 d_init=104.5 d_final=0.0
 Retrying in 1 seconds
[shaping_diag] success_cum_shaping=313.35 T=112 d_init=104.5 d_final=0.0
 Retrying in 1 seconds
[shaping_diag] success_cum_shaping=313.35 T=114 d_init=104.5 d_final=0.0
 Retrying in 1 seconds
[shaping_diag] success_cum_shaping=313.35 T=115 d_init=104.5 d_final=0.0
 Retrying in 1 seconds
[shaping_diag] success_cum_shaping=313.35 T=112 d_init=104.5 d_final=0.0
 Retrying in 1 seconds
[shaping_diag] success_cum_shaping=313.35 T=110 d_init=104.5 d_final=0.0
 Retrying in 1 seconds
[shaping_diag] success_cum_shaping=313.35 T=113 d_init=104.5 d_final=0.0
 Retrying in 1 seconds
[shaping_diag] success_cum_shaping=313.35 T=113 d_init=104.5 d_final=0.0
 Retrying in 1 seconds
[shaping_diag] success_cum_shaping=313.35 T=113 d_init=104.5 d_final=0.0
Warning: Vehicle 'other' performs emergency braking on lane 'left_in_0' with decel=9.00, wished=5.00, severity=1.00, time=6.50.
 Retrying in 1 seconds
[shaping_diag] success_cum_shaping=313.35 T=110 d_init=104.5 d_final=0.0
Warning: Vehicle 'other' performs emergency braking on lane 'left_in_0' with decel=9.00, wished=5.00, severity=1.00, time=6.60.
 Retrying in 1 seconds
[shaping_diag] success_cum_shaping=313.35 T=112 d_init=104.5 d_final=0.0
 Retrying in 1 seconds
[shaping_diag] success_cum_shaping=313.35 T=115 d_init=104.5 d_final=0.0
 Retrying in 1 seconds
[shaping_diag] success_cum_shaping=313.35 T=116 d_init=104.5 d_final=0.0
 Retrying in 1 seconds
[shaping_diag] success_cum_shaping=313.35 T=112 d_init=104.5 d_final=0.0
 Retrying in 1 seconds
[shaping_diag] success_cum_shaping=313.35 T=112 d_init=104.5 d_final=0.0
 Retrying in 1 seconds
[shaping_diag] success_cum_shaping=313.35 T=112 d_init=104.5 d_final=0.0
 Retrying in 1 seconds
[shaping_diag] success_cum_shaping=313.35 T=113 d_init=104.5 d_final=0.0
 Retrying in 1 seconds
[shaping_diag] success_cum_shaping=313.35 T=115 d_init=104.5 d_final=0.0
 Retrying in 1 seconds
[shaping_diag] success_cum_shaping=313.35 T=112 d_init=104.5 d_final=0.0
 Retrying in 1 seconds
[shaping_diag] success_cum_shaping=313.35 T=114 d_init=104.5 d_final=0.0
Warning: Vehicle 'other'; junction collision with vehicle 'ego', lane=':center_8_0', gap=-1.00, time=7.10 stage=move.
 Retrying in 1 seconds
 Retrying in 1 seconds
[shaping_diag] success_cum_shaping=313.35 T=118 d_init=104.5 d_final=0.0
 Retrying in 1 seconds
[shaping_diag] success_cum_shaping=313.35 T=111 d_init=104.5 d_final=0.0
 Retrying in 1 seconds
[shaping_diag] success_cum_shaping=313.35 T=112 d_init=104.5 d_final=0.0
Warning: Vehicle 'other' performs emergency braking on lane ':center_8_0' with decel=9.00, wished=5.00, severity=1.00, time=7.20.
 Retrying in 1 seconds
 Retrying in 1 seconds
 Retrying in 1 seconds
[shaping_diag] success_cum_shaping=313.35 T=112 d_init=104.5 d_final=0.0
 Retrying in 1 seconds
[shaping_diag] success_cum_shaping=313.35 T=111 d_init=104.5 d_final=0.0
 Retrying in 1 seconds
[shaping_diag] success_cum_shaping=313.35 T=112 d_init=104.5 d_final=0.0
 Retrying in 1 seconds
[shaping_diag] success_cum_shaping=313.35 T=113 d_init=104.5 d_final=0.0
 Retrying in 1 seconds
[shaping_diag] success_cum_shaping=313.35 T=114 d_init=104.5 d_final=0.0
 Retrying in 1 seconds
[shaping_diag] success_cum_shaping=313.35 T=116 d_init=104.5 d_final=0.0
 Retrying in 1 seconds
[shaping_diag] success_cum_shaping=313.35 T=117 d_init=104.5 d_final=0.0
 Retrying in 1 seconds
[shaping_diag] success_cum_shaping=313.35 T=112 d_init=104.5 d_final=0.0
 Retrying in 1 seconds
[shaping_diag] success_cum_shaping=313.35 T=114 d_init=104.5 d_final=0.0
 Retrying in 1 seconds
[shaping_diag] success_cum_shaping=313.35 T=116 d_init=104.5 d_final=0.0
 Retrying in 1 seconds
[shaping_diag] success_cum_shaping=313.35 T=118 d_init=104.5 d_final=0.0
 Retrying in 1 seconds
[shaping_diag] success_cum_shaping=313.35 T=111 d_init=104.5 d_final=0.0
 Retrying in 1 seconds
[shaping_diag] success_cum_shaping=313.35 T=111 d_init=104.5 d_final=0.0
 Retrying in 1 seconds
[shaping_diag] success_cum_shaping=313.35 T=116 d_init=104.5 d_final=0.0
 Retrying in 1 seconds
[shaping_diag] success_cum_shaping=313.35 T=112 d_init=104.5 d_final=0.0
 Retrying in 1 seconds
[shaping_diag] success_cum_shaping=313.35 T=114 d_init=104.5 d_final=0.0
 Retrying in 1 seconds
[shaping_diag] success_cum_shaping=313.35 T=119 d_init=104.5 d_final=0.0
 Retrying in 1 seconds
[shaping_diag] success_cum_shaping=313.35 T=111 d_init=104.5 d_final=0.0
 Retrying in 1 seconds
[shaping_diag] success_cum_shaping=313.35 T=111 d_init=104.5 d_final=0.0
 Retrying in 1 seconds
[shaping_diag] success_cum_shaping=313.35 T=112 d_init=104.5 d_final=0.0
 Retrying in 1 seconds
[shaping_diag] success_cum_shaping=313.35 T=112 d_init=104.5 d_final=0.0
 Retrying in 1 seconds
[shaping_diag] success_cum_shaping=313.35 T=120 d_init=104.5 d_final=0.0
 Retrying in 1 seconds
[shaping_diag] success_cum_shaping=313.35 T=112 d_init=104.5 d_final=0.0
 Retrying in 1 seconds
[shaping_diag] success_cum_shaping=313.35 T=114 d_init=104.5 d_final=0.0
 Retrying in 1 seconds
[shaping_diag] success_cum_shaping=313.35 T=111 d_init=104.5 d_final=0.0
 Retrying in 1 seconds
[shaping_diag] success_cum_shaping=313.35 T=113 d_init=104.5 d_final=0.0
 Retrying in 1 seconds
[shaping_diag] success_cum_shaping=313.35 T=115 d_init=104.5 d_final=0.0
 Retrying in 1 seconds
[shaping_diag] success_cum_shaping=313.35 T=116 d_init=104.5 d_final=0.0
 Retrying in 1 seconds
[shaping_diag] success_cum_shaping=313.35 T=111 d_init=104.5 d_final=0.0
 Retrying in 1 seconds
[shaping_diag] success_cum_shaping=313.35 T=113 d_init=104.5 d_final=0.0
 Retrying in 1 seconds
[shaping_diag] success_cum_shaping=313.35 T=114 d_init=104.5 d_final=0.0
 Retrying in 1 seconds
[shaping_diag] success_cum_shaping=313.35 T=113 d_init=104.5 d_final=0.0
 Retrying in 1 seconds
[shaping_diag] success_cum_shaping=313.35 T=113 d_init=104.5 d_final=0.0
 Retrying in 1 seconds
[shaping_diag] success_cum_shaping=313.35 T=115 d_init=104.5 d_final=0.0
 Retrying in 1 seconds
[shaping_diag] success_cum_shaping=313.35 T=112 d_init=104.5 d_final=0.0
 Retrying in 1 seconds
 Retrying in 1 seconds
[shaping_diag] success_cum_shaping=313.35 T=110 d_init=104.5 d_final=0.0
 Retrying in 1 seconds
[shaping_diag] success_cum_shaping=313.35 T=110 d_init=104.5 d_final=0.0
 Retrying in 1 seconds
 Retrying in 1 seconds
 Retrying in 1 seconds
[shaping_diag] success_cum_shaping=313.35 T=110 d_init=104.5 d_final=0.0
 Retrying in 1 seconds
[shaping_diag] success_cum_shaping=313.35 T=110 d_init=104.5 d_final=0.0
 Retrying in 1 seconds
[shaping_diag] success_cum_shaping=313.35 T=110 d_init=104.5 d_final=0.0
Warning: Vehicle 'other' performs emergency braking on lane ':center_8_0' with decel=9.00, wished=3.00, severity=1.00, time=7.00.
 Retrying in 1 seconds
[shaping_diag] success_cum_shaping=313.35 T=110 d_init=104.5 d_final=0.0
 Retrying in 1 seconds
[shaping_diag] success_cum_shaping=313.35 T=110 d_init=104.5 d_final=0.0
 Retrying in 1 seconds
[shaping_diag] success_cum_shaping=313.35 T=110 d_init=104.5 d_final=0.0
[cbf_aux] step=208896 ret=262.40 coll=2 ttc=5.44 cbf_res=0.0000
 Retrying in 1 seconds
[shaping_diag] success_cum_shaping=313.35 T=117 d_init=104.5 d_final=0.0
Warning: Vehicle 'other'; junction collision with vehicle 'ego', lane=':center_8_0', gap=-1.00, time=7.20 stage=move.
 Retrying in 1 seconds
 Retrying in 1 seconds
[shaping_diag] success_cum_shaping=313.35 T=111 d_init=104.5 d_final=0.0
 Retrying in 1 seconds
[shaping_diag] success_cum_shaping=313.35 T=114 d_init=104.5 d_final=0.0
 Retrying in 1 seconds
[shaping_diag] success_cum_shaping=313.35 T=114 d_init=104.5 d_final=0.0
 Retrying in 1 seconds
[shaping_diag] success_cum_shaping=313.35 T=113 d_init=104.5 d_final=0.0
 Retrying in 1 seconds
[shaping_diag] success_cum_shaping=313.35 T=112 d_init=104.5 d_final=0.0
 Retrying in 1 seconds
[shaping_diag] success_cum_shaping=313.35 T=117 d_init=104.5 d_final=0.0
 Retrying in 1 seconds
[shaping_diag] success_cum_shaping=313.35 T=113 d_init=104.5 d_final=0.0
 Retrying in 1 seconds
[shaping_diag] success_cum_shaping=313.35 T=112 d_init=104.5 d_final=0.0
 Retrying in 1 seconds
[shaping_diag] success_cum_shaping=313.35 T=120 d_init=104.5 d_final=0.0
 Retrying in 1 seconds
[shaping_diag] success_cum_shaping=313.35 T=113 d_init=104.5 d_final=0.0
 Retrying in 1 seconds
[shaping_diag] success_cum_shaping=313.35 T=114 d_init=104.5 d_final=0.0
 Retrying in 1 seconds
 Retrying in 1 seconds
[shaping_diag] success_cum_shaping=313.35 T=114 d_init=104.5 d_final=0.0
 Retrying in 1 seconds
[shaping_diag] success_cum_shaping=313.35 T=116 d_init=104.5 d_final=0.0
 Retrying in 1 seconds
[shaping_diag] success_cum_shaping=313.35 T=112 d_init=104.5 d_final=0.0
 Retrying in 1 seconds
[shaping_diag] success_cum_shaping=313.35 T=114 d_init=104.5 d_final=0.0
 Retrying in 1 seconds
[shaping_diag] success_cum_shaping=313.35 T=110 d_init=104.5 d_final=0.0
 Retrying in 1 seconds
[shaping_diag] success_cum_shaping=313.35 T=112 d_init=104.5 d_final=0.0
 Retrying in 1 seconds
[shaping_diag] success_cum_shaping=313.35 T=112 d_init=104.5 d_final=0.0
 Retrying in 1 seconds
[shaping_diag] success_cum_shaping=313.35 T=111 d_init=104.5 d_final=0.0
 Retrying in 1 seconds
[shaping_diag] success_cum_shaping=313.35 T=111 d_init=104.5 d_final=0.0
Warning: Vehicle 'other' performs emergency braking on lane 'left_in_0' with decel=9.00, wished=5.00, severity=1.00, time=6.60.
 Retrying in 1 seconds
[shaping_diag] success_cum_shaping=313.35 T=114 d_init=104.5 d_final=0.0
 Retrying in 1 seconds
[shaping_diag] success_cum_shaping=313.35 T=115 d_init=104.5 d_final=0.0
 Retrying in 1 seconds
[shaping_diag] success_cum_shaping=313.35 T=119 d_init=104.5 d_final=0.0
 Retrying in 1 seconds
[shaping_diag] success_cum_shaping=313.35 T=110 d_init=104.5 d_final=0.0
 Retrying in 1 seconds
[shaping_diag] success_cum_shaping=313.35 T=115 d_init=104.5 d_final=0.0
 Retrying in 1 seconds
[shaping_diag] success_cum_shaping=313.35 T=112 d_init=104.5 d_final=0.0
 Retrying in 1 seconds
[shaping_diag] success_cum_shaping=313.35 T=118 d_init=104.5 d_final=0.0
 Retrying in 1 seconds
[shaping_diag] success_cum_shaping=313.35 T=115 d_init=104.5 d_final=0.0
 Retrying in 1 seconds
[shaping_diag] success_cum_shaping=313.35 T=125 d_init=104.5 d_final=0.0
 Retrying in 1 seconds
[shaping_diag] success_cum_shaping=313.35 T=115 d_init=104.5 d_final=0.0
 Retrying in 1 seconds
[shaping_diag] success_cum_shaping=313.35 T=113 d_init=104.5 d_final=0.0
 Retrying in 1 seconds
[shaping_diag] success_cum_shaping=313.35 T=115 d_init=104.5 d_final=0.0
 Retrying in 1 seconds
[shaping_diag] success_cum_shaping=313.35 T=117 d_init=104.5 d_final=0.0
 Retrying in 1 seconds
 Retrying in 1 seconds
[shaping_diag] success_cum_shaping=313.35 T=114 d_init=104.5 d_final=0.0
 Retrying in 1 seconds
[shaping_diag] success_cum_shaping=313.35 T=117 d_init=104.5 d_final=0.0
 Retrying in 1 seconds
[shaping_diag] success_cum_shaping=313.35 T=119 d_init=104.5 d_final=0.0
 Retrying in 1 seconds
[shaping_diag] success_cum_shaping=313.35 T=115 d_init=104.5 d_final=0.0
 Retrying in 1 seconds
[shaping_diag] success_cum_shaping=313.35 T=112 d_init=104.5 d_final=0.0
 Retrying in 1 seconds
[shaping_diag] success_cum_shaping=313.35 T=118 d_init=104.5 d_final=0.0
 Retrying in 1 seconds
[shaping_diag] success_cum_shaping=313.35 T=112 d_init=104.5 d_final=0.0
 Retrying in 1 seconds
[shaping_diag] success_cum_shaping=313.35 T=116 d_init=104.5 d_final=0.0
 Retrying in 1 seconds
[shaping_diag] success_cum_shaping=313.35 T=114 d_init=104.5 d_final=0.0
 Retrying in 1 seconds
[shaping_diag] success_cum_shaping=313.35 T=112 d_init=104.5 d_final=0.0
 Retrying in 1 seconds
[shaping_diag] success_cum_shaping=313.35 T=114 d_init=104.5 d_final=0.0
 Retrying in 1 seconds
 Retrying in 1 seconds
[shaping_diag] success_cum_shaping=313.35 T=116 d_init=104.5 d_final=0.0
Warning: Vehicle 'other'; junction collision with vehicle 'ego', lane=':center_8_0', gap=-1.00, time=7.50 stage=move.
 Retrying in 1 seconds
 Retrying in 1 seconds
[shaping_diag] success_cum_shaping=313.35 T=113 d_init=104.5 d_final=0.0
 Retrying in 1 seconds
[shaping_diag] success_cum_shaping=313.35 T=111 d_init=104.5 d_final=0.0
 Retrying in 1 seconds
[shaping_diag] success_cum_shaping=313.35 T=111 d_init=104.5 d_final=0.0
Warning: Vehicle 'other' performs emergency braking on lane 'left_in_0' with decel=9.00, wished=5.00, severity=1.00, time=6.70.
 Retrying in 1 seconds
[shaping_diag] success_cum_shaping=313.35 T=116 d_init=104.5 d_final=0.0
 Retrying in 1 seconds
[shaping_diag] success_cum_shaping=313.35 T=116 d_init=104.5 d_final=0.0
 Retrying in 1 seconds
[shaping_diag] success_cum_shaping=313.35 T=114 d_init=104.5 d_final=0.0
 Retrying in 1 seconds
[shaping_diag] success_cum_shaping=313.35 T=115 d_init=104.5 d_final=0.0
 Retrying in 1 seconds
[shaping_diag] success_cum_shaping=313.35 T=114 d_init=104.5 d_final=0.0
 Retrying in 1 seconds
[shaping_diag] success_cum_shaping=313.35 T=111 d_init=104.5 d_final=0.0
 Retrying in 1 seconds
[shaping_diag] success_cum_shaping=313.35 T=120 d_init=104.5 d_final=0.0
 Retrying in 1 seconds
[shaping_diag] success_cum_shaping=313.35 T=118 d_init=104.5 d_final=0.0
 Retrying in 1 seconds
[shaping_diag] success_cum_shaping=313.35 T=114 d_init=104.5 d_final=0.0
 Retrying in 1 seconds
[shaping_diag] success_cum_shaping=313.35 T=112 d_init=104.5 d_final=0.0
Warning: Vehicle 'other' performs emergency braking on lane 'left_in_0' with decel=9.00, wished=7.00, severity=1.00, time=6.60.
 Retrying in 1 seconds
 Retrying in 1 seconds
[shaping_diag] success_cum_shaping=313.35 T=112 d_init=104.5 d_final=0.0
 Retrying in 1 seconds
[shaping_diag] success_cum_shaping=313.35 T=115 d_init=104.5 d_final=0.0
 Retrying in 1 seconds
[shaping_diag] success_cum_shaping=313.35 T=112 d_init=104.5 d_final=0.0
 Retrying in 1 seconds
[shaping_diag] success_cum_shaping=313.35 T=112 d_init=104.5 d_final=0.0
 Retrying in 1 seconds
[shaping_diag] success_cum_shaping=313.35 T=117 d_init=104.5 d_final=0.0
 Retrying in 1 seconds
[shaping_diag] success_cum_shaping=313.35 T=113 d_init=104.5 d_final=0.0
 Retrying in 1 seconds
[shaping_diag] success_cum_shaping=313.35 T=121 d_init=104.5 d_final=0.0
 Retrying in 1 seconds
[shaping_diag] success_cum_shaping=313.35 T=113 d_init=104.5 d_final=0.0
 Retrying in 1 seconds
 Retrying in 1 seconds
[shaping_diag] success_cum_shaping=313.35 T=117 d_init=104.5 d_final=0.0
 Retrying in 1 seconds
[shaping_diag] success_cum_shaping=313.35 T=113 d_init=104.5 d_final=0.0
 Retrying in 1 seconds
[shaping_diag] success_cum_shaping=313.35 T=115 d_init=104.5 d_final=0.0
 Retrying in 1 seconds
[shaping_diag] success_cum_shaping=313.35 T=117 d_init=104.5 d_final=0.0
 Retrying in 1 seconds
 Retrying in 1 seconds
[shaping_diag] success_cum_shaping=313.35 T=113 d_init=104.5 d_final=0.0
 Retrying in 1 seconds
 Retrying in 1 seconds
[shaping_diag] success_cum_shaping=313.35 T=113 d_init=104.5 d_final=0.0
Warning: Vehicle 'ego'; junction collision with vehicle 'other', lane=':center_11_0', gap=-1.00, time=7.10 stage=move.
 Retrying in 1 seconds
 Retrying in 1 seconds
[shaping_diag] success_cum_shaping=313.35 T=114 d_init=104.5 d_final=0.0
 Retrying in 1 seconds
[shaping_diag] success_cum_shaping=313.35 T=115 d_init=104.5 d_final=0.0
 Retrying in 1 seconds
[shaping_diag] success_cum_shaping=313.35 T=113 d_init=104.5 d_final=0.0
 Retrying in 1 seconds
[shaping_diag] success_cum_shaping=313.35 T=111 d_init=104.5 d_final=0.0
 Retrying in 1 seconds
[shaping_diag] success_cum_shaping=313.35 T=114 d_init=104.5 d_final=0.0
 Retrying in 1 seconds
[shaping_diag] success_cum_shaping=313.35 T=112 d_init=104.5 d_final=0.0
 Retrying in 1 seconds
[shaping_diag] success_cum_shaping=313.35 T=113 d_init=104.5 d_final=0.0
 Retrying in 1 seconds
[shaping_diag] success_cum_shaping=313.35 T=113 d_init=104.5 d_final=0.0
 Retrying in 1 seconds
[shaping_diag] success_cum_shaping=313.35 T=118 d_init=104.5 d_final=0.0
 Retrying in 1 seconds
[shaping_diag] success_cum_shaping=313.35 T=111 d_init=104.5 d_final=0.0
 Retrying in 1 seconds
[shaping_diag] success_cum_shaping=313.35 T=110 d_init=104.5 d_final=0.0
 Retrying in 1 seconds
[shaping_diag] success_cum_shaping=313.35 T=114 d_init=104.5 d_final=0.0
 Retrying in 1 seconds
[shaping_diag] success_cum_shaping=313.35 T=112 d_init=104.5 d_final=0.0
 Retrying in 1 seconds
[shaping_diag] success_cum_shaping=313.35 T=113 d_init=104.5 d_final=0.0
 Retrying in 1 seconds
[shaping_diag] success_cum_shaping=313.35 T=111 d_init=104.5 d_final=0.0
 Retrying in 1 seconds
[shaping_diag] success_cum_shaping=313.35 T=115 d_init=104.5 d_final=0.0
 Retrying in 1 seconds
[shaping_diag] success_cum_shaping=313.35 T=115 d_init=104.5 d_final=0.0
 Retrying in 1 seconds
[shaping_diag] success_cum_shaping=313.35 T=110 d_init=104.5 d_final=0.0
 Retrying in 1 seconds
[shaping_diag] success_cum_shaping=313.35 T=110 d_init=104.5 d_final=0.0
 Retrying in 1 seconds
[shaping_diag] success_cum_shaping=313.35 T=110 d_init=104.5 d_final=0.0
 Retrying in 1 seconds
[shaping_diag] success_cum_shaping=313.35 T=111 d_init=104.5 d_final=0.0
 Retrying in 1 seconds
[shaping_diag] success_cum_shaping=313.35 T=111 d_init=104.5 d_final=0.0
 Retrying in 1 seconds
[shaping_diag] success_cum_shaping=313.35 T=117 d_init=104.5 d_final=0.0
 Retrying in 1 seconds
[shaping_diag] success_cum_shaping=313.35 T=114 d_init=104.5 d_final=0.0
 Retrying in 1 seconds
[shaping_diag] success_cum_shaping=313.35 T=117 d_init=104.5 d_final=0.0
 Retrying in 1 seconds
[shaping_diag] success_cum_shaping=313.35 T=110 d_init=104.5 d_final=0.0
 Retrying in 1 seconds
[shaping_diag] success_cum_shaping=313.35 T=112 d_init=104.5 d_final=0.0
 Retrying in 1 seconds
[shaping_diag] success_cum_shaping=313.35 T=111 d_init=104.5 d_final=0.0
 Retrying in 1 seconds
 Retrying in 1 seconds
[shaping_diag] success_cum_shaping=313.35 T=114 d_init=104.5 d_final=0.0
 Retrying in 1 seconds
[shaping_diag] success_cum_shaping=313.35 T=115 d_init=104.5 d_final=0.0
 Retrying in 1 seconds
[shaping_diag] success_cum_shaping=313.35 T=115 d_init=104.5 d_final=0.0
 Retrying in 1 seconds
[shaping_diag] success_cum_shaping=313.35 T=112 d_init=104.5 d_final=0.0
 Retrying in 1 seconds
[shaping_diag] success_cum_shaping=313.35 T=111 d_init=104.5 d_final=0.0
 Retrying in 1 seconds
[shaping_diag] success_cum_shaping=313.35 T=119 d_init=104.5 d_final=0.0
 Retrying in 1 seconds
[shaping_diag] success_cum_shaping=313.35 T=111 d_init=104.5 d_final=0.0
 Retrying in 1 seconds
[shaping_diag] success_cum_shaping=313.35 T=112 d_init=104.5 d_final=0.0
 Retrying in 1 seconds
[shaping_diag] success_cum_shaping=313.35 T=113 d_init=104.5 d_final=0.0
 Retrying in 1 seconds
[shaping_diag] success_cum_shaping=313.35 T=111 d_init=104.5 d_final=0.0
 Retrying in 1 seconds
[shaping_diag] success_cum_shaping=313.35 T=113 d_init=104.5 d_final=0.0
 Retrying in 1 seconds
[shaping_diag] success_cum_shaping=313.35 T=112 d_init=104.5 d_final=0.0
 Retrying in 1 seconds
[shaping_diag] success_cum_shaping=313.35 T=114 d_init=104.5 d_final=0.0
 Retrying in 1 seconds
[shaping_diag] success_cum_shaping=313.35 T=113 d_init=104.5 d_final=0.0
 Retrying in 1 seconds
[shaping_diag] success_cum_shaping=313.35 T=114 d_init=104.5 d_final=0.0
 Retrying in 1 seconds
[shaping_diag] success_cum_shaping=313.35 T=111 d_init=104.5 d_final=0.0
 Retrying in 1 seconds
[shaping_diag] success_cum_shaping=313.35 T=110 d_init=104.5 d_final=0.0
 Retrying in 1 seconds
[shaping_diag] success_cum_shaping=313.35 T=114 d_init=104.5 d_final=0.0
 Retrying in 1 seconds
[shaping_diag] success_cum_shaping=313.35 T=112 d_init=104.5 d_final=0.0
 Retrying in 1 seconds
 Retrying in 1 seconds
[shaping_diag] success_cum_shaping=313.35 T=111 d_init=104.5 d_final=0.0
 Retrying in 1 seconds
[shaping_diag] success_cum_shaping=313.35 T=111 d_init=104.5 d_final=0.0
 Retrying in 1 seconds
[shaping_diag] success_cum_shaping=313.35 T=110 d_init=104.5 d_final=0.0
 Retrying in 1 seconds
[shaping_diag] success_cum_shaping=313.35 T=114 d_init=104.5 d_final=0.0
 Retrying in 1 seconds
[shaping_diag] success_cum_shaping=313.35 T=117 d_init=104.5 d_final=0.0
Warning: Vehicle 'other'; junction collision with vehicle 'ego', lane=':center_8_0', gap=-1.00, time=7.20 stage=move.
 Retrying in 1 seconds
 Retrying in 1 seconds
[shaping_diag] success_cum_shaping=313.35 T=111 d_init=104.5 d_final=0.0
 Retrying in 1 seconds
[shaping_diag] success_cum_shaping=313.35 T=111 d_init=104.5 d_final=0.0
 Retrying in 1 seconds
[shaping_diag] success_cum_shaping=313.35 T=114 d_init=104.5 d_final=0.0
 Retrying in 1 seconds
[shaping_diag] success_cum_shaping=313.35 T=111 d_init=104.5 d_final=0.0
 Retrying in 1 seconds
[shaping_diag] success_cum_shaping=313.35 T=110 d_init=104.5 d_final=0.0
 Retrying in 1 seconds
[shaping_diag] success_cum_shaping=313.35 T=111 d_init=104.5 d_final=0.0
 Retrying in 1 seconds
[shaping_diag] success_cum_shaping=313.35 T=115 d_init=104.5 d_final=0.0
 Retrying in 1 seconds
[shaping_diag] success_cum_shaping=313.35 T=112 d_init=104.5 d_final=0.0
 Retrying in 1 seconds
[shaping_diag] success_cum_shaping=313.35 T=113 d_init=104.5 d_final=0.0
 Retrying in 1 seconds
[shaping_diag] success_cum_shaping=313.35 T=115 d_init=104.5 d_final=0.0
 Retrying in 1 seconds
[shaping_diag] success_cum_shaping=313.35 T=113 d_init=104.5 d_final=0.0
 Retrying in 1 seconds
 Retrying in 1 seconds
[shaping_diag] success_cum_shaping=313.35 T=116 d_init=104.5 d_final=0.0
 Retrying in 1 seconds
[shaping_diag] success_cum_shaping=313.35 T=116 d_init=104.5 d_final=0.0
 Retrying in 1 seconds
[shaping_diag] success_cum_shaping=313.35 T=114 d_init=104.5 d_final=0.0
 Retrying in 1 seconds
 Retrying in 1 seconds
[shaping_diag] success_cum_shaping=313.35 T=113 d_init=104.5 d_final=0.0
 Retrying in 1 seconds
[shaping_diag] success_cum_shaping=313.35 T=119 d_init=104.5 d_final=0.0
 Retrying in 1 seconds
[shaping_diag] success_cum_shaping=313.35 T=115 d_init=104.5 d_final=0.0
 Retrying in 1 seconds
[shaping_diag] success_cum_shaping=313.35 T=113 d_init=104.5 d_final=0.0
 Retrying in 1 seconds
[shaping_diag] success_cum_shaping=313.35 T=114 d_init=104.5 d_final=0.0
 Retrying in 1 seconds
[shaping_diag] success_cum_shaping=313.35 T=116 d_init=104.5 d_final=0.0
 Retrying in 1 seconds
[shaping_diag] success_cum_shaping=313.35 T=112 d_init=104.5 d_final=0.0
 Retrying in 1 seconds
[shaping_diag] success_cum_shaping=313.35 T=113 d_init=104.5 d_final=0.0
 Retrying in 1 seconds
[shaping_diag] success_cum_shaping=313.35 T=113 d_init=104.5 d_final=0.0
 Retrying in 1 seconds
[shaping_diag] success_cum_shaping=313.35 T=116 d_init=104.5 d_final=0.0
 Retrying in 1 seconds
[shaping_diag] success_cum_shaping=313.35 T=119 d_init=104.5 d_final=0.0
 Retrying in 1 seconds
[shaping_diag] success_cum_shaping=313.35 T=114 d_init=104.5 d_final=0.0
Warning: Vehicle 'other' performs emergency braking on lane 'left_in_0' with decel=9.00, wished=5.00, severity=1.00, time=6.60.
Warning: Vehicle 'other'; junction collision with vehicle 'ego', lane=':center_8_0', gap=-1.00, time=7.50 stage=move.
 Retrying in 1 seconds
 Retrying in 1 seconds
[shaping_diag] success_cum_shaping=313.35 T=113 d_init=104.5 d_final=0.0
 Retrying in 1 seconds
[shaping_diag] success_cum_shaping=313.35 T=115 d_init=104.5 d_final=0.0
 Retrying in 1 seconds
 Retrying in 1 seconds
[shaping_diag] success_cum_shaping=313.35 T=117 d_init=104.5 d_final=0.0
 Retrying in 1 seconds
[shaping_diag] success_cum_shaping=313.35 T=118 d_init=104.5 d_final=0.0
 Retrying in 1 seconds
[shaping_diag] success_cum_shaping=313.35 T=113 d_init=104.5 d_final=0.0
 Retrying in 1 seconds
[shaping_diag] success_cum_shaping=313.35 T=118 d_init=104.5 d_final=0.0
 Retrying in 1 seconds
[shaping_diag] success_cum_shaping=313.35 T=116 d_init=104.5 d_final=0.0
 Retrying in 1 seconds
[shaping_diag] success_cum_shaping=313.35 T=112 d_init=104.5 d_final=0.0
 Retrying in 1 seconds
 Retrying in 1 seconds
[shaping_diag] success_cum_shaping=313.35 T=110 d_init=104.5 d_final=0.0
 Retrying in 1 seconds
[shaping_diag] success_cum_shaping=313.35 T=112 d_init=104.5 d_final=0.0
 Retrying in 1 seconds
[shaping_diag] success_cum_shaping=313.35 T=113 d_init=104.5 d_final=0.0
 Retrying in 1 seconds
[shaping_diag] success_cum_shaping=313.35 T=114 d_init=104.5 d_final=0.0
 Retrying in 1 seconds
[shaping_diag] success_cum_shaping=313.35 T=113 d_init=104.5 d_final=0.0
 Retrying in 1 seconds
[shaping_diag] success_cum_shaping=313.35 T=111 d_init=104.5 d_final=0.0
 Retrying in 1 seconds
[shaping_diag] success_cum_shaping=313.35 T=116 d_init=104.5 d_final=0.0
Warning: Vehicle 'ego'; junction collision with vehicle 'other', lane=':center_11_0', gap=-1.00, time=7.30 stage=move.
 Retrying in 1 seconds
 Retrying in 1 seconds
[shaping_diag] success_cum_shaping=313.35 T=113 d_init=104.5 d_final=0.0
 Retrying in 1 seconds
[shaping_diag] success_cum_shaping=313.35 T=124 d_init=104.5 d_final=0.0
 Retrying in 1 seconds
 Retrying in 1 seconds
[shaping_diag] success_cum_shaping=313.35 T=114 d_init=104.5 d_final=0.0
 Retrying in 1 seconds
[shaping_diag] success_cum_shaping=313.35 T=115 d_init=104.5 d_final=0.0
 Retrying in 1 seconds
[shaping_diag] success_cum_shaping=313.35 T=110 d_init=104.5 d_final=0.0
 Retrying in 1 seconds
[shaping_diag] success_cum_shaping=313.35 T=111 d_init=104.5 d_final=0.0
 Retrying in 1 seconds
[shaping_diag] success_cum_shaping=313.35 T=120 d_init=104.5 d_final=0.0
 Retrying in 1 seconds
[shaping_diag] success_cum_shaping=313.35 T=117 d_init=104.5 d_final=0.0
Warning: Vehicle 'other'; junction collision with vehicle 'ego', lane=':center_8_0', gap=-1.00, time=7.50 stage=move.
 Retrying in 1 seconds
 Retrying in 1 seconds
[shaping_diag] success_cum_shaping=313.35 T=113 d_init=104.5 d_final=0.0
 Retrying in 1 seconds
[shaping_diag] success_cum_shaping=313.35 T=112 d_init=104.5 d_final=0.0
 Retrying in 1 seconds
[shaping_diag] success_cum_shaping=313.35 T=112 d_init=104.5 d_final=0.0
 Retrying in 1 seconds
[shaping_diag] success_cum_shaping=313.35 T=115 d_init=104.5 d_final=0.0
 Retrying in 1 seconds
[shaping_diag] success_cum_shaping=313.35 T=112 d_init=104.5 d_final=0.0
Warning: Vehicle 'other2' performs emergency braking on lane 'left_in_0' with decel=9.00, wished=6.00, severity=1.00, time=7.20.
 Retrying in 1 seconds
[shaping_diag] success_cum_shaping=313.35 T=120 d_init=104.5 d_final=0.0
Warning: Vehicle 'other'; junction collision with vehicle 'ego', lane=':center_8_0', gap=-1.00, time=7.30 stage=move.
 Retrying in 1 seconds
 Retrying in 1 seconds
[shaping_diag] success_cum_shaping=313.35 T=111 d_init=104.5 d_final=0.0
 Retrying in 1 seconds
[shaping_diag] success_cum_shaping=313.35 T=111 d_init=104.5 d_final=0.0
Warning: Vehicle 'other'; junction collision with vehicle 'ego', lane=':center_8_0', gap=-1.00, time=7.40 stage=move.
 Retrying in 1 seconds
 Retrying in 1 seconds
[shaping_diag] success_cum_shaping=313.35 T=111 d_init=104.5 d_final=0.0
 Retrying in 1 seconds
[shaping_diag] success_cum_shaping=313.35 T=114 d_init=104.5 d_final=0.0
 Retrying in 1 seconds
[shaping_diag] success_cum_shaping=313.35 T=117 d_init=104.5 d_final=0.0
 Retrying in 1 seconds
[shaping_diag] success_cum_shaping=313.35 T=119 d_init=104.5 d_final=0.0
 Retrying in 1 seconds
[shaping_diag] success_cum_shaping=313.35 T=114 d_init=104.5 d_final=0.0
 Retrying in 1 seconds
[shaping_diag] success_cum_shaping=313.35 T=115 d_init=104.5 d_final=0.0
 Retrying in 1 seconds
[shaping_diag] success_cum_shaping=313.35 T=112 d_init=104.5 d_final=0.0
 Retrying in 1 seconds
[shaping_diag] success_cum_shaping=313.35 T=110 d_init=104.5 d_final=0.0
 Retrying in 1 seconds
 Retrying in 1 seconds
[shaping_diag] success_cum_shaping=313.35 T=111 d_init=104.5 d_final=0.0
 Retrying in 1 seconds
[shaping_diag] success_cum_shaping=313.35 T=115 d_init=104.5 d_final=0.0
 Retrying in 1 seconds
[shaping_diag] success_cum_shaping=313.35 T=116 d_init=104.5 d_final=0.0
 Retrying in 1 seconds
[shaping_diag] success_cum_shaping=313.35 T=117 d_init=104.5 d_final=0.0
 Retrying in 1 seconds
[shaping_diag] success_cum_shaping=313.35 T=118 d_init=104.5 d_final=0.0
 Retrying in 1 seconds
 Retrying in 1 seconds
[shaping_diag] success_cum_shaping=313.35 T=112 d_init=104.5 d_final=0.0
 Retrying in 1 seconds
[shaping_diag] success_cum_shaping=313.35 T=114 d_init=104.5 d_final=0.0
 Retrying in 1 seconds
[shaping_diag] success_cum_shaping=313.35 T=113 d_init=104.5 d_final=0.0
 Retrying in 1 seconds
[shaping_diag] success_cum_shaping=313.35 T=114 d_init=104.5 d_final=0.0
 Retrying in 1 seconds
[shaping_diag] success_cum_shaping=313.35 T=112 d_init=104.5 d_final=0.0
Warning: Vehicle 'other' performs emergency braking on lane 'left_in_0' with decel=9.00, wished=5.00, severity=1.00, time=6.50.
 Retrying in 1 seconds
 Retrying in 1 seconds
[shaping_diag] success_cum_shaping=313.35 T=111 d_init=104.5 d_final=0.0
Warning: Vehicle 'other'; junction collision with vehicle 'ego', lane=':center_8_0', gap=-1.00, time=7.30 stage=move.
 Retrying in 1 seconds
 Retrying in 1 seconds
[shaping_diag] success_cum_shaping=313.35 T=112 d_init=104.5 d_final=0.0
 Retrying in 1 seconds
[shaping_diag] success_cum_shaping=313.35 T=114 d_init=104.5 d_final=0.0
 Retrying in 1 seconds
[shaping_diag] success_cum_shaping=313.35 T=111 d_init=104.5 d_final=0.0
 Retrying in 1 seconds
[shaping_diag] success_cum_shaping=313.35 T=119 d_init=104.5 d_final=0.0
 Retrying in 1 seconds
[shaping_diag] success_cum_shaping=313.35 T=112 d_init=104.5 d_final=0.0
 Retrying in 1 seconds
[shaping_diag] success_cum_shaping=313.35 T=113 d_init=104.5 d_final=0.0
 Retrying in 1 seconds
[shaping_diag] success_cum_shaping=313.35 T=111 d_init=104.5 d_final=0.0
 Retrying in 1 seconds
[shaping_diag] success_cum_shaping=313.35 T=113 d_init=104.5 d_final=0.0
 Retrying in 1 seconds
[shaping_diag] success_cum_shaping=313.35 T=110 d_init=104.5 d_final=0.0
 Retrying in 1 seconds
[shaping_diag] success_cum_shaping=313.35 T=112 d_init=104.5 d_final=0.0
 Retrying in 1 seconds
[shaping_diag] success_cum_shaping=313.35 T=111 d_init=104.5 d_final=0.0
 Retrying in 1 seconds
[shaping_diag] success_cum_shaping=313.35 T=113 d_init=104.5 d_final=0.0
 Retrying in 1 seconds
[shaping_diag] success_cum_shaping=313.35 T=114 d_init=104.5 d_final=0.0
 Retrying in 1 seconds
[shaping_diag] success_cum_shaping=313.35 T=113 d_init=104.5 d_final=0.0
 Retrying in 1 seconds
[shaping_diag] success_cum_shaping=313.35 T=112 d_init=104.5 d_final=0.0
 Retrying in 1 seconds
[shaping_diag] success_cum_shaping=313.35 T=114 d_init=104.5 d_final=0.0
 Retrying in 1 seconds
[shaping_diag] success_cum_shaping=313.35 T=112 d_init=104.5 d_final=0.0
Warning: Vehicle 'other'; junction collision with vehicle 'ego', lane=':center_8_0', gap=-1.00, time=7.20 stage=move.
 Retrying in 1 seconds
 Retrying in 1 seconds
[shaping_diag] success_cum_shaping=313.35 T=112 d_init=104.5 d_final=0.0
 Retrying in 1 seconds
 Retrying in 1 seconds
[shaping_diag] success_cum_shaping=313.35 T=110 d_init=104.5 d_final=0.0
 Retrying in 1 seconds
[shaping_diag] success_cum_shaping=313.35 T=139 d_init=104.5 d_final=0.0
 Retrying in 1 seconds
[shaping_diag] success_cum_shaping=313.35 T=113 d_init=104.5 d_final=0.0
 Retrying in 1 seconds
[shaping_diag] success_cum_shaping=313.35 T=124 d_init=104.5 d_final=0.0
 Retrying in 1 seconds
[shaping_diag] success_cum_shaping=313.35 T=122 d_init=104.5 d_final=0.0
 Retrying in 1 seconds
[shaping_diag] success_cum_shaping=313.35 T=110 d_init=104.5 d_final=0.0
 Retrying in 1 seconds
[shaping_diag] success_cum_shaping=313.35 T=111 d_init=104.5 d_final=0.0
 Retrying in 1 seconds
[shaping_diag] success_cum_shaping=313.35 T=113 d_init=104.5 d_final=0.0
 Retrying in 1 seconds
[shaping_diag] success_cum_shaping=313.35 T=113 d_init=104.5 d_final=0.0
 Retrying in 1 seconds
[shaping_diag] success_cum_shaping=313.35 T=112 d_init=104.5 d_final=0.0
 Retrying in 1 seconds
[shaping_diag] success_cum_shaping=313.35 T=111 d_init=104.5 d_final=0.0
Warning: Vehicle 'other' performs emergency braking on lane 'left_in_0' with decel=9.00, wished=5.00, severity=1.00, time=6.50.
 Retrying in 1 seconds
[shaping_diag] success_cum_shaping=313.35 T=111 d_init=104.5 d_final=0.0
 Retrying in 1 seconds
[shaping_diag] success_cum_shaping=313.35 T=112 d_init=104.5 d_final=0.0
 Retrying in 1 seconds
[shaping_diag] success_cum_shaping=313.35 T=111 d_init=104.5 d_final=0.0
 Retrying in 1 seconds
[shaping_diag] success_cum_shaping=313.35 T=111 d_init=104.5 d_final=0.0
 Retrying in 1 seconds
 Retrying in 1 seconds
[shaping_diag] success_cum_shaping=313.35 T=113 d_init=104.5 d_final=0.0
 Retrying in 1 seconds
[shaping_diag] success_cum_shaping=313.35 T=114 d_init=104.5 d_final=0.0
 Retrying in 1 seconds
[shaping_diag] success_cum_shaping=313.35 T=112 d_init=104.5 d_final=0.0
 Retrying in 1 seconds
[shaping_diag] success_cum_shaping=313.35 T=112 d_init=104.5 d_final=0.0
 Retrying in 1 seconds
[shaping_diag] success_cum_shaping=313.35 T=112 d_init=104.5 d_final=0.0
 Retrying in 1 seconds
[shaping_diag] success_cum_shaping=313.35 T=114 d_init=104.5 d_final=0.0
 Retrying in 1 seconds
[shaping_diag] success_cum_shaping=313.35 T=115 d_init=104.5 d_final=0.0
 Retrying in 1 seconds
[shaping_diag] success_cum_shaping=313.35 T=110 d_init=104.5 d_final=0.0
 Retrying in 1 seconds
[shaping_diag] success_cum_shaping=313.35 T=112 d_init=104.5 d_final=0.0
 Retrying in 1 seconds
[shaping_diag] success_cum_shaping=313.35 T=111 d_init=104.5 d_final=0.0
 Retrying in 1 seconds
[shaping_diag] success_cum_shaping=313.35 T=114 d_init=104.5 d_final=0.0
 Retrying in 1 seconds
[shaping_diag] success_cum_shaping=313.35 T=112 d_init=104.5 d_final=0.0
 Retrying in 1 seconds
[shaping_diag] success_cum_shaping=313.35 T=111 d_init=104.5 d_final=0.0
Warning: Vehicle 'other' performs emergency braking on lane 'left_in_0' with decel=9.00, wished=5.00, severity=1.00, time=6.50.
 Retrying in 1 seconds
[shaping_diag] success_cum_shaping=313.35 T=110 d_init=104.5 d_final=0.0
 Retrying in 1 seconds
[shaping_diag] success_cum_shaping=313.35 T=111 d_init=104.5 d_final=0.0
Warning: Vehicle 'other' performs emergency braking on lane 'left_in_0' with decel=9.00, wished=5.00, severity=1.00, time=6.50.
 Retrying in 1 seconds
[shaping_diag] success_cum_shaping=313.35 T=111 d_init=104.5 d_final=0.0
 Retrying in 1 seconds
[shaping_diag] success_cum_shaping=313.35 T=116 d_init=104.5 d_final=0.0
 Retrying in 1 seconds
[shaping_diag] success_cum_shaping=313.35 T=113 d_init=104.5 d_final=0.0
 Retrying in 1 seconds
[shaping_diag] success_cum_shaping=313.35 T=112 d_init=104.5 d_final=0.0
 Retrying in 1 seconds
[shaping_diag] success_cum_shaping=313.35 T=112 d_init=104.5 d_final=0.0
Warning: Vehicle 'ego'; junction collision with vehicle 'other', lane=':center_11_0', gap=-1.00, time=7.00 stage=move.
 Retrying in 1 seconds
 Retrying in 1 seconds
 Retrying in 1 seconds
[shaping_diag] success_cum_shaping=313.35 T=114 d_init=104.5 d_final=0.0
 Retrying in 1 seconds
[shaping_diag] success_cum_shaping=313.35 T=112 d_init=104.5 d_final=0.0
 Retrying in 1 seconds
[shaping_diag] success_cum_shaping=313.35 T=115 d_init=104.5 d_final=0.0
 Retrying in 1 seconds
[shaping_diag] success_cum_shaping=313.35 T=112 d_init=104.5 d_final=0.0
 Retrying in 1 seconds
[shaping_diag] success_cum_shaping=313.35 T=111 d_init=104.5 d_final=0.0
 Retrying in 1 seconds
[shaping_diag] success_cum_shaping=313.35 T=117 d_init=104.5 d_final=0.0
 Retrying in 1 seconds
[shaping_diag] success_cum_shaping=313.35 T=110 d_init=104.5 d_final=0.0
 Retrying in 1 seconds
[shaping_diag] success_cum_shaping=313.35 T=112 d_init=104.5 d_final=0.0
 Retrying in 1 seconds
[shaping_diag] success_cum_shaping=313.35 T=112 d_init=104.5 d_final=0.0
 Retrying in 1 seconds
[shaping_diag] success_cum_shaping=313.35 T=112 d_init=104.5 d_final=0.0
 Retrying in 1 seconds
[shaping_diag] success_cum_shaping=313.35 T=112 d_init=104.5 d_final=0.0
 Retrying in 1 seconds
[shaping_diag] success_cum_shaping=313.35 T=115 d_init=104.5 d_final=0.0
 Retrying in 1 seconds
[shaping_diag] success_cum_shaping=313.35 T=113 d_init=104.5 d_final=0.0
 Retrying in 1 seconds
[shaping_diag] success_cum_shaping=313.35 T=111 d_init=104.5 d_final=0.0
 Retrying in 1 seconds
 Retrying in 1 seconds
 Retrying in 1 seconds
[shaping_diag] success_cum_shaping=313.35 T=112 d_init=104.5 d_final=0.0
 Retrying in 1 seconds
[shaping_diag] success_cum_shaping=313.35 T=111 d_init=104.5 d_final=0.0
Warning: Vehicle 'other' performs emergency braking on lane 'left_in_0' with decel=9.00, wished=5.00, severity=1.00, time=6.50.
 Retrying in 1 seconds
[shaping_diag] success_cum_shaping=313.35 T=112 d_init=104.5 d_final=0.0
Warning: Vehicle 'other' performs emergency braking on lane 'left_in_0' with decel=9.00, wished=5.00, severity=1.00, time=6.50.
 Retrying in 1 seconds
[shaping_diag] success_cum_shaping=313.35 T=110 d_init=104.5 d_final=0.0
 Retrying in 1 seconds
[shaping_diag] success_cum_shaping=313.35 T=112 d_init=104.5 d_final=0.0
 Retrying in 1 seconds
[shaping_diag] success_cum_shaping=313.35 T=112 d_init=104.5 d_final=0.0
 Retrying in 1 seconds
[shaping_diag] success_cum_shaping=313.35 T=111 d_init=104.5 d_final=0.0
 Retrying in 1 seconds
[shaping_diag] success_cum_shaping=313.35 T=112 d_init=104.5 d_final=0.0
 Retrying in 1 seconds
[shaping_diag] success_cum_shaping=313.35 T=110 d_init=104.5 d_final=0.0
 Retrying in 1 seconds
[shaping_diag] success_cum_shaping=313.35 T=111 d_init=104.5 d_final=0.0
Warning: Vehicle 'other' performs emergency braking on lane ':center_8_0' with decel=9.00, wished=4.00, severity=1.00, time=6.80.
 Retrying in 1 seconds
[shaping_diag] success_cum_shaping=313.35 T=114 d_init=104.5 d_final=0.0
Warning: Vehicle 'ego'; junction collision with vehicle 'other', lane=':center_11_0', gap=-1.00, time=7.00 stage=move.
 Retrying in 1 seconds
 Retrying in 1 seconds
[shaping_diag] success_cum_shaping=313.35 T=114 d_init=104.5 d_final=0.0
 Retrying in 1 seconds
[shaping_diag] success_cum_shaping=313.35 T=116 d_init=104.5 d_final=0.0
 Retrying in 1 seconds
[shaping_diag] success_cum_shaping=313.35 T=114 d_init=104.5 d_final=0.0
Warning: Vehicle 'other' performs emergency braking on lane ':center_8_0' with decel=9.00, wished=3.00, severity=1.00, time=7.00.
 Retrying in 1 seconds
 Retrying in 1 seconds
[shaping_diag] success_cum_shaping=313.35 T=113 d_init=104.5 d_final=0.0
 Retrying in 1 seconds
[shaping_diag] success_cum_shaping=313.35 T=113 d_init=104.5 d_final=0.0
 Retrying in 1 seconds
 Retrying in 1 seconds
[shaping_diag] success_cum_shaping=313.35 T=116 d_init=104.5 d_final=0.0
 Retrying in 1 seconds
[shaping_diag] success_cum_shaping=313.35 T=112 d_init=104.5 d_final=0.0
Warning: Vehicle 'other' performs emergency braking on lane 'left_in_0' with decel=9.00, wished=5.00, severity=1.00, time=6.70.
 Retrying in 1 seconds
[shaping_diag] success_cum_shaping=313.35 T=112 d_init=104.5 d_final=0.0
 Retrying in 1 seconds
[shaping_diag] success_cum_shaping=313.35 T=118 d_init=104.5 d_final=0.0
 Retrying in 1 seconds
[shaping_diag] success_cum_shaping=313.35 T=115 d_init=104.5 d_final=0.0
 Retrying in 1 seconds
[shaping_diag] success_cum_shaping=313.35 T=112 d_init=104.5 d_final=0.0
Warning: Vehicle 'other' performs emergency braking on lane 'left_in_0' with decel=9.00, wished=5.00, severity=1.00, time=6.50.
 Retrying in 1 seconds
[shaping_diag] success_cum_shaping=313.35 T=111 d_init=104.5 d_final=0.0
 Retrying in 1 seconds
[shaping_diag] success_cum_shaping=313.35 T=114 d_init=104.5 d_final=0.0
 Retrying in 1 seconds
[shaping_diag] success_cum_shaping=313.35 T=111 d_init=104.5 d_final=0.0
 Retrying in 1 seconds
[shaping_diag] success_cum_shaping=313.35 T=116 d_init=104.5 d_final=0.0
 Retrying in 1 seconds
 Retrying in 1 seconds
[shaping_diag] success_cum_shaping=313.35 T=114 d_init=104.5 d_final=0.0
 Retrying in 1 seconds
[shaping_diag] success_cum_shaping=313.35 T=110 d_init=104.5 d_final=0.0
 Retrying in 1 seconds
[shaping_diag] success_cum_shaping=313.35 T=111 d_init=104.5 d_final=0.0
 Retrying in 1 seconds
[shaping_diag] success_cum_shaping=313.35 T=111 d_init=104.5 d_final=0.0
 Retrying in 1 seconds
[shaping_diag] success_cum_shaping=313.35 T=111 d_init=104.5 d_final=0.0
 Retrying in 1 seconds
[shaping_diag] success_cum_shaping=313.35 T=111 d_init=104.5 d_final=0.0
 Retrying in 1 seconds
[shaping_diag] success_cum_shaping=313.35 T=113 d_init=104.5 d_final=0.0
 Retrying in 1 seconds
 Retrying in 1 seconds
[shaping_diag] success_cum_shaping=313.35 T=111 d_init=104.5 d_final=0.0
 Retrying in 1 seconds
[shaping_diag] success_cum_shaping=313.35 T=114 d_init=104.5 d_final=0.0
 Retrying in 1 seconds
[shaping_diag] success_cum_shaping=313.35 T=121 d_init=104.5 d_final=0.0
Warning: Vehicle 'other' performs emergency braking on lane 'left_in_0' with decel=9.00, wished=7.00, severity=1.00, time=6.70.
Warning: Vehicle 'other'; junction collision with vehicle 'ego', lane=':center_8_0', gap=-1.00, time=7.80 stage=move.
 Retrying in 1 seconds
 Retrying in 1 seconds
[shaping_diag] success_cum_shaping=313.35 T=120 d_init=104.5 d_final=0.0
 Retrying in 1 seconds
[shaping_diag] success_cum_shaping=313.35 T=129 d_init=104.5 d_final=0.0
 Retrying in 1 seconds
[shaping_diag] success_cum_shaping=313.35 T=118 d_init=104.5 d_final=0.0
 Retrying in 1 seconds
[shaping_diag] success_cum_shaping=313.35 T=115 d_init=104.5 d_final=0.0
 Retrying in 1 seconds
[shaping_diag] success_cum_shaping=313.35 T=117 d_init=104.5 d_final=0.0
 Retrying in 1 seconds
[shaping_diag] success_cum_shaping=313.35 T=111 d_init=104.5 d_final=0.0
Warning: Vehicle 'other' performs emergency braking on lane 'left_in_0' with decel=9.00, wished=5.00, severity=1.00, time=6.50.
 Retrying in 1 seconds
[shaping_diag] success_cum_shaping=313.35 T=111 d_init=104.5 d_final=0.0
 Retrying in 1 seconds
[shaping_diag] success_cum_shaping=313.35 T=116 d_init=104.5 d_final=0.0
 Retrying in 1 seconds
[shaping_diag] success_cum_shaping=313.35 T=120 d_init=104.5 d_final=0.0
 Retrying in 1 seconds
[shaping_diag] success_cum_shaping=313.35 T=126 d_init=104.5 d_final=0.0
 Retrying in 1 seconds
[shaping_diag] success_cum_shaping=313.35 T=111 d_init=104.5 d_final=0.0
 Retrying in 1 seconds
[shaping_diag] success_cum_shaping=313.35 T=132 d_init=104.5 d_final=0.0
 Retrying in 1 seconds
[shaping_diag] success_cum_shaping=313.35 T=122 d_init=104.5 d_final=0.0
 Retrying in 1 seconds
[shaping_diag] success_cum_shaping=313.35 T=114 d_init=104.5 d_final=0.0
 Retrying in 1 seconds
[shaping_diag] success_cum_shaping=313.35 T=121 d_init=104.5 d_final=0.0
 Retrying in 1 seconds
[shaping_diag] success_cum_shaping=313.35 T=112 d_init=104.5 d_final=0.0
 Retrying in 1 seconds
[shaping_diag] success_cum_shaping=313.35 T=122 d_init=104.5 d_final=0.0
 Retrying in 1 seconds
[shaping_diag] success_cum_shaping=313.35 T=116 d_init=104.5 d_final=0.0
 Retrying in 1 seconds
[shaping_diag] success_cum_shaping=313.35 T=117 d_init=104.5 d_final=0.0
Warning: Vehicle 'other' performs emergency braking on lane ':center_8_0' with decel=9.00, wished=4.00, severity=1.00, time=7.30.
 Retrying in 1 seconds
[shaping_diag] success_cum_shaping=313.35 T=114 d_init=104.5 d_final=0.0
 Retrying in 1 seconds
[shaping_diag] success_cum_shaping=313.35 T=126 d_init=104.5 d_final=0.0
 Retrying in 1 seconds
[shaping_diag] success_cum_shaping=313.35 T=112 d_init=104.5 d_final=0.0
 Retrying in 1 seconds
[shaping_diag] success_cum_shaping=313.35 T=121 d_init=104.5 d_final=0.0
 Retrying in 1 seconds
[shaping_diag] success_cum_shaping=313.35 T=118 d_init=104.5 d_final=0.0
 Retrying in 1 seconds
[shaping_diag] success_cum_shaping=313.35 T=113 d_init=104.5 d_final=0.0
 Retrying in 1 seconds
[shaping_diag] success_cum_shaping=313.35 T=122 d_init=104.5 d_final=0.0
 Retrying in 1 seconds
[shaping_diag] success_cum_shaping=313.35 T=123 d_init=104.5 d_final=0.0
 Retrying in 1 seconds
[shaping_diag] success_cum_shaping=313.35 T=111 d_init=104.5 d_final=0.0
 Retrying in 1 seconds
[shaping_diag] success_cum_shaping=313.35 T=117 d_init=104.5 d_final=0.0
 Retrying in 1 seconds
[shaping_diag] success_cum_shaping=313.35 T=111 d_init=104.5 d_final=0.0
 Retrying in 1 seconds
[shaping_diag] success_cum_shaping=313.35 T=110 d_init=104.5 d_final=0.0
 Retrying in 1 seconds
 Retrying in 1 seconds
[shaping_diag] success_cum_shaping=313.35 T=110 d_init=104.5 d_final=0.0
 Retrying in 1 seconds
[shaping_diag] success_cum_shaping=313.35 T=110 d_init=104.5 d_final=0.0
 Retrying in 1 seconds
[shaping_diag] success_cum_shaping=313.35 T=110 d_init=104.5 d_final=0.0
 Retrying in 1 seconds
[shaping_diag] success_cum_shaping=313.35 T=110 d_init=104.5 d_final=0.0
 Retrying in 1 seconds
[shaping_diag] success_cum_shaping=313.35 T=110 d_init=104.5 d_final=0.0
 Retrying in 1 seconds
 Retrying in 1 seconds
[shaping_diag] success_cum_shaping=313.35 T=110 d_init=104.5 d_final=0.0
 Retrying in 1 seconds
[shaping_diag] success_cum_shaping=313.35 T=110 d_init=104.5 d_final=0.0
 Retrying in 1 seconds
[shaping_diag] success_cum_shaping=313.35 T=110 d_init=104.5 d_final=0.0
 Retrying in 1 seconds
[shaping_diag] success_cum_shaping=313.35 T=110 d_init=104.5 d_final=0.0
[cbf_aux] step=249856 ret=281.24 coll=1 ttc=5.70 cbf_res=0.0000
 Retrying in 1 seconds
[shaping_diag] success_cum_shaping=313.35 T=125 d_init=104.5 d_final=0.0
 Retrying in 1 seconds
[shaping_diag] success_cum_shaping=313.35 T=125 d_init=104.5 d_final=0.0
 Retrying in 1 seconds
[shaping_diag] success_cum_shaping=313.35 T=118 d_init=104.5 d_final=0.0
Warning: Vehicle 'ego'; junction collision with vehicle 'other', lane=':center_11_0', gap=-1.00, time=7.80 stage=move.
 Retrying in 1 seconds
 Retrying in 1 seconds
[shaping_diag] success_cum_shaping=313.35 T=121 d_init=104.5 d_final=0.0
 Retrying in 1 seconds
[shaping_diag] success_cum_shaping=313.35 T=115 d_init=104.5 d_final=0.0
 Retrying in 1 seconds
[shaping_diag] success_cum_shaping=313.35 T=119 d_init=104.5 d_final=0.0
Warning: Vehicle 'other2' performs emergency braking on lane 'left_in_0' with decel=9.00, wished=5.00, severity=1.00, time=7.60.
 Retrying in 1 seconds
[shaping_diag] success_cum_shaping=313.35 T=126 d_init=104.5 d_final=0.0
 Retrying in 1 seconds
[shaping_diag] success_cum_shaping=313.35 T=123 d_init=104.5 d_final=0.0
 Retrying in 1 seconds
[shaping_diag] success_cum_shaping=313.35 T=118 d_init=104.5 d_final=0.0
 Retrying in 1 seconds
[shaping_diag] success_cum_shaping=313.35 T=122 d_init=104.5 d_final=0.0
 Retrying in 1 seconds
[shaping_diag] success_cum_shaping=313.35 T=115 d_init=104.5 d_final=0.0
 Retrying in 1 seconds
[shaping_diag] success_cum_shaping=313.35 T=117 d_init=104.5 d_final=0.0
 Retrying in 1 seconds
[shaping_diag] success_cum_shaping=313.35 T=111 d_init=104.5 d_final=0.0
 Retrying in 1 seconds
[shaping_diag] success_cum_shaping=313.35 T=121 d_init=104.5 d_final=0.0
 Retrying in 1 seconds
[shaping_diag] success_cum_shaping=313.35 T=123 d_init=104.5 d_final=0.0
 Retrying in 1 seconds
[shaping_diag] success_cum_shaping=313.35 T=118 d_init=104.5 d_final=0.0
 Retrying in 1 seconds
[shaping_diag] success_cum_shaping=313.35 T=119 d_init=104.5 d_final=0.0
Warning: Vehicle 'other'; junction collision with vehicle 'ego', lane=':center_8_0', gap=-1.00, time=8.10 stage=move.
 Retrying in 1 seconds
 Retrying in 1 seconds
[shaping_diag] success_cum_shaping=313.35 T=122 d_init=104.5 d_final=0.0
 Retrying in 1 seconds
[shaping_diag] success_cum_shaping=313.35 T=114 d_init=104.5 d_final=0.0
 Retrying in 1 seconds
[shaping_diag] success_cum_shaping=313.35 T=119 d_init=104.5 d_final=0.0
 Retrying in 1 seconds
[shaping_diag] success_cum_shaping=313.35 T=118 d_init=104.5 d_final=0.0
 Retrying in 1 seconds
[shaping_diag] success_cum_shaping=313.35 T=123 d_init=104.5 d_final=0.0
 Retrying in 1 seconds
[shaping_diag] success_cum_shaping=313.35 T=118 d_init=104.5 d_final=0.0
 Retrying in 1 seconds
[shaping_diag] success_cum_shaping=313.35 T=120 d_init=104.5 d_final=0.0
 Retrying in 1 seconds
[shaping_diag] success_cum_shaping=313.35 T=128 d_init=104.5 d_final=0.0
 Retrying in 1 seconds
[shaping_diag] success_cum_shaping=313.35 T=128 d_init=104.5 d_final=0.0
 Retrying in 1 seconds
[shaping_diag] success_cum_shaping=313.35 T=115 d_init=104.5 d_final=0.0
 Retrying in 1 seconds
[shaping_diag] success_cum_shaping=313.35 T=134 d_init=104.5 d_final=0.0
 Retrying in 1 seconds
[shaping_diag] success_cum_shaping=313.35 T=119 d_init=104.5 d_final=0.0
 Retrying in 1 seconds
[shaping_diag] success_cum_shaping=313.35 T=124 d_init=104.5 d_final=0.0
 Retrying in 1 seconds
[shaping_diag] success_cum_shaping=313.35 T=112 d_init=104.5 d_final=0.0
 Retrying in 1 seconds
[shaping_diag] success_cum_shaping=313.35 T=115 d_init=104.5 d_final=0.0
 Retrying in 1 seconds
 Retrying in 1 seconds
[shaping_diag] success_cum_shaping=313.35 T=121 d_init=104.5 d_final=0.0
 Retrying in 1 seconds
[shaping_diag] success_cum_shaping=313.35 T=111 d_init=104.5 d_final=0.0
 Retrying in 1 seconds
[shaping_diag] success_cum_shaping=313.35 T=122 d_init=104.5 d_final=0.0
 Retrying in 1 seconds
[shaping_diag] success_cum_shaping=313.35 T=118 d_init=104.5 d_final=0.0
 Retrying in 1 seconds
[shaping_diag] success_cum_shaping=313.35 T=124 d_init=104.5 d_final=0.0
 Retrying in 1 seconds
[shaping_diag] success_cum_shaping=313.35 T=112 d_init=104.5 d_final=0.0
 Retrying in 1 seconds
[shaping_diag] success_cum_shaping=313.35 T=118 d_init=104.5 d_final=0.0
 Retrying in 1 seconds
[shaping_diag] success_cum_shaping=313.35 T=132 d_init=104.5 d_final=0.0
 Retrying in 1 seconds
[shaping_diag] success_cum_shaping=313.35 T=112 d_init=104.5 d_final=0.0
 Retrying in 1 seconds
[shaping_diag] success_cum_shaping=313.35 T=112 d_init=104.5 d_final=0.0
 Retrying in 1 seconds
[shaping_diag] success_cum_shaping=313.35 T=125 d_init=104.5 d_final=0.0
 Retrying in 1 seconds
[shaping_diag] success_cum_shaping=313.35 T=126 d_init=104.5 d_final=0.0
 Retrying in 1 seconds
[shaping_diag] success_cum_shaping=313.35 T=111 d_init=104.5 d_final=0.0
 Retrying in 1 seconds
[shaping_diag] success_cum_shaping=313.35 T=114 d_init=104.5 d_final=0.0
 Retrying in 1 seconds
[shaping_diag] success_cum_shaping=313.35 T=120 d_init=104.5 d_final=0.0
 Retrying in 1 seconds
[shaping_diag] success_cum_shaping=313.35 T=118 d_init=104.5 d_final=0.0
 Retrying in 1 seconds
[shaping_diag] success_cum_shaping=313.35 T=115 d_init=104.5 d_final=0.0
 Retrying in 1 seconds
[shaping_diag] success_cum_shaping=313.35 T=115 d_init=104.5 d_final=0.0
 Retrying in 1 seconds
[shaping_diag] success_cum_shaping=313.35 T=111 d_init=104.5 d_final=0.0
 Retrying in 1 seconds
[shaping_diag] success_cum_shaping=313.35 T=118 d_init=104.5 d_final=0.0
 Retrying in 1 seconds
[shaping_diag] success_cum_shaping=313.35 T=130 d_init=104.5 d_final=0.0
 Retrying in 1 seconds
[shaping_diag] success_cum_shaping=313.35 T=123 d_init=104.5 d_final=0.0
 Retrying in 1 seconds
 Retrying in 1 seconds
[shaping_diag] success_cum_shaping=313.35 T=118 d_init=104.5 d_final=0.0
 Retrying in 1 seconds
[shaping_diag] success_cum_shaping=313.35 T=122 d_init=104.5 d_final=0.0
 Retrying in 1 seconds
[shaping_diag] success_cum_shaping=313.35 T=115 d_init=104.5 d_final=0.0
 Retrying in 1 seconds
[shaping_diag] success_cum_shaping=313.35 T=119 d_init=104.5 d_final=0.0
 Retrying in 1 seconds
[shaping_diag] success_cum_shaping=313.35 T=115 d_init=104.5 d_final=0.0
 Retrying in 1 seconds
[shaping_diag] success_cum_shaping=313.35 T=122 d_init=104.5 d_final=0.0
 Retrying in 1 seconds
[shaping_diag] success_cum_shaping=313.35 T=117 d_init=104.5 d_final=0.0
 Retrying in 1 seconds
[shaping_diag] success_cum_shaping=313.35 T=127 d_init=104.5 d_final=0.0
 Retrying in 1 seconds
[shaping_diag] success_cum_shaping=313.35 T=111 d_init=104.5 d_final=0.0
 Retrying in 1 seconds
[shaping_diag] success_cum_shaping=313.35 T=121 d_init=104.5 d_final=0.0
 Retrying in 1 seconds
[shaping_diag] success_cum_shaping=313.35 T=124 d_init=104.5 d_final=0.0
 Retrying in 1 seconds
 Retrying in 1 seconds
[shaping_diag] success_cum_shaping=313.35 T=114 d_init=104.5 d_final=0.0
 Retrying in 1 seconds
[shaping_diag] success_cum_shaping=313.35 T=111 d_init=104.5 d_final=0.0
Warning: Vehicle 'other2' performs emergency braking on lane 'left_in_0' with decel=9.00, wished=5.00, severity=1.00, time=7.70.
 Retrying in 1 seconds
[shaping_diag] success_cum_shaping=313.35 T=124 d_init=104.5 d_final=0.0
 Retrying in 1 seconds
[shaping_diag] success_cum_shaping=313.35 T=119 d_init=104.5 d_final=0.0
 Retrying in 1 seconds
[shaping_diag] success_cum_shaping=313.35 T=111 d_init=104.5 d_final=0.0
 Retrying in 1 seconds
[shaping_diag] success_cum_shaping=313.35 T=111 d_init=104.5 d_final=0.0
 Retrying in 1 seconds
[shaping_diag] success_cum_shaping=313.35 T=121 d_init=104.5 d_final=0.0
 Retrying in 1 seconds
[shaping_diag] success_cum_shaping=313.35 T=119 d_init=104.5 d_final=0.0
 Retrying in 1 seconds
[shaping_diag] success_cum_shaping=313.35 T=111 d_init=104.5 d_final=0.0
 Retrying in 1 seconds
[shaping_diag] success_cum_shaping=313.35 T=117 d_init=104.5 d_final=0.0
 Retrying in 1 seconds
[shaping_diag] success_cum_shaping=313.35 T=113 d_init=104.5 d_final=0.0
 Retrying in 1 seconds
[shaping_diag] success_cum_shaping=313.35 T=116 d_init=104.5 d_final=0.0
 Retrying in 1 seconds
[shaping_diag] success_cum_shaping=313.35 T=111 d_init=104.5 d_final=0.0
 Retrying in 1 seconds
[shaping_diag] success_cum_shaping=313.35 T=117 d_init=104.5 d_final=0.0
 Retrying in 1 seconds
[shaping_diag] success_cum_shaping=313.35 T=114 d_init=104.5 d_final=0.0
 Retrying in 1 seconds
[shaping_diag] success_cum_shaping=313.35 T=111 d_init=104.5 d_final=0.0
 Retrying in 1 seconds
[shaping_diag] success_cum_shaping=313.35 T=115 d_init=104.5 d_final=0.0
 Retrying in 1 seconds
[shaping_diag] success_cum_shaping=313.35 T=113 d_init=104.5 d_final=0.0
 Retrying in 1 seconds
[shaping_diag] success_cum_shaping=313.35 T=116 d_init=104.5 d_final=0.0
 Retrying in 1 seconds
[shaping_diag] success_cum_shaping=313.35 T=118 d_init=104.5 d_final=0.0
 Retrying in 1 seconds
[shaping_diag] success_cum_shaping=313.35 T=118 d_init=104.5 d_final=0.0
 Retrying in 1 seconds
[shaping_diag] success_cum_shaping=313.35 T=112 d_init=104.5 d_final=0.0
Warning: Vehicle 'ego'; junction collision with vehicle 'other', lane=':center_11_0', gap=-1.00, time=8.00 stage=move.
Warning: Vehicle 'other'; junction collision with vehicle 'ego', lane=':center_8_0', gap=-1.00, time=7.20 stage=move.
 Retrying in 1 seconds
 Retrying in 1 seconds
 Retrying in 1 seconds
[shaping_diag] success_cum_shaping=313.35 T=126 d_init=104.5 d_final=0.0
 Retrying in 1 seconds
[shaping_diag] success_cum_shaping=313.35 T=114 d_init=104.5 d_final=0.0
 Retrying in 1 seconds
[shaping_diag] success_cum_shaping=313.35 T=123 d_init=104.5 d_final=0.0
 Retrying in 1 seconds
[shaping_diag] success_cum_shaping=313.35 T=113 d_init=104.5 d_final=0.0
 Retrying in 1 seconds
[shaping_diag] success_cum_shaping=313.35 T=110 d_init=104.5 d_final=0.0
 Retrying in 1 seconds
[shaping_diag] success_cum_shaping=313.35 T=111 d_init=104.5 d_final=0.0
 Retrying in 1 seconds
[shaping_diag] success_cum_shaping=313.35 T=112 d_init=104.5 d_final=0.0
Warning: Vehicle 'ego'; junction collision with vehicle 'other', lane=':center_2_0', gap=-0.46, time=6.10 stage=move.
 Retrying in 1 seconds
 Retrying in 1 seconds
[shaping_diag] success_cum_shaping=313.35 T=115 d_init=104.5 d_final=0.0
 Retrying in 1 seconds
[shaping_diag] success_cum_shaping=313.35 T=116 d_init=104.5 d_final=0.0
 Retrying in 1 seconds
 Retrying in 1 seconds
[shaping_diag] success_cum_shaping=313.35 T=118 d_init=104.5 d_final=0.0
 Retrying in 1 seconds
[shaping_diag] success_cum_shaping=313.35 T=110 d_init=104.5 d_final=0.0
 Retrying in 1 seconds
 Retrying in 1 seconds
[shaping_diag] success_cum_shaping=313.35 T=113 d_init=104.5 d_final=0.0
 Retrying in 1 seconds
[shaping_diag] success_cum_shaping=313.35 T=123 d_init=104.5 d_final=0.0
 Retrying in 1 seconds
[shaping_diag] success_cum_shaping=313.35 T=116 d_init=104.5 d_final=0.0
 Retrying in 1 seconds
[shaping_diag] success_cum_shaping=313.35 T=110 d_init=104.5 d_final=0.0
 Retrying in 1 seconds
[shaping_diag] success_cum_shaping=313.35 T=111 d_init=104.5 d_final=0.0
 Retrying in 1 seconds
[shaping_diag] success_cum_shaping=313.35 T=113 d_init=104.5 d_final=0.0
 Retrying in 1 seconds
[shaping_diag] success_cum_shaping=313.35 T=113 d_init=104.5 d_final=0.0
 Retrying in 1 seconds
[shaping_diag] success_cum_shaping=313.35 T=119 d_init=104.5 d_final=0.0
 Retrying in 1 seconds
[shaping_diag] success_cum_shaping=313.35 T=118 d_init=104.5 d_final=0.0
 Retrying in 1 seconds
[shaping_diag] success_cum_shaping=313.35 T=111 d_init=104.5 d_final=0.0
 Retrying in 1 seconds
[shaping_diag] success_cum_shaping=313.35 T=111 d_init=104.5 d_final=0.0
 Retrying in 1 seconds
[shaping_diag] success_cum_shaping=313.35 T=113 d_init=104.5 d_final=0.0
 Retrying in 1 seconds
[shaping_diag] success_cum_shaping=313.35 T=110 d_init=104.5 d_final=0.0
 Retrying in 1 seconds
[shaping_diag] success_cum_shaping=313.35 T=115 d_init=104.5 d_final=0.0
 Retrying in 1 seconds
[shaping_diag] success_cum_shaping=313.35 T=110 d_init=104.5 d_final=0.0
 Retrying in 1 seconds
[shaping_diag] success_cum_shaping=313.35 T=122 d_init=104.5 d_final=0.0
 Retrying in 1 seconds
[shaping_diag] success_cum_shaping=313.35 T=119 d_init=104.5 d_final=0.0
 Retrying in 1 seconds
[shaping_diag] success_cum_shaping=313.35 T=112 d_init=104.5 d_final=0.0
 Retrying in 1 seconds
[shaping_diag] success_cum_shaping=313.35 T=112 d_init=104.5 d_final=0.0
 Retrying in 1 seconds
[shaping_diag] success_cum_shaping=313.35 T=119 d_init=104.5 d_final=0.0
Warning: Vehicle 'other'; junction collision with vehicle 'ego', lane=':center_8_0', gap=-1.00, time=7.50 stage=move.
 Retrying in 1 seconds
 Retrying in 1 seconds
[shaping_diag] success_cum_shaping=313.35 T=115 d_init=104.5 d_final=0.0
 Retrying in 1 seconds
[shaping_diag] success_cum_shaping=313.35 T=121 d_init=104.5 d_final=0.0
 Retrying in 1 seconds
[shaping_diag] success_cum_shaping=313.35 T=110 d_init=104.5 d_final=0.0
 Retrying in 1 seconds
[shaping_diag] success_cum_shaping=313.35 T=110 d_init=104.5 d_final=0.0
 Retrying in 1 seconds
[shaping_diag] success_cum_shaping=313.35 T=119 d_init=104.5 d_final=0.0
 Retrying in 1 seconds
[shaping_diag] success_cum_shaping=313.35 T=112 d_init=104.5 d_final=0.0
 Retrying in 1 seconds
[shaping_diag] success_cum_shaping=313.35 T=110 d_init=104.5 d_final=0.0
 Retrying in 1 seconds
[shaping_diag] success_cum_shaping=313.35 T=112 d_init=104.5 d_final=0.0
 Retrying in 1 seconds
[shaping_diag] success_cum_shaping=313.35 T=110 d_init=104.5 d_final=0.0
 Retrying in 1 seconds
[shaping_diag] success_cum_shaping=313.35 T=111 d_init=104.5 d_final=0.0
 Retrying in 1 seconds
[shaping_diag] success_cum_shaping=313.35 T=110 d_init=104.5 d_final=0.0
 Retrying in 1 seconds
[shaping_diag] success_cum_shaping=313.35 T=114 d_init=104.5 d_final=0.0
 Retrying in 1 seconds
[shaping_diag] success_cum_shaping=313.35 T=114 d_init=104.5 d_final=0.0
 Retrying in 1 seconds
[shaping_diag] success_cum_shaping=313.35 T=116 d_init=104.5 d_final=0.0
 Retrying in 1 seconds
[shaping_diag] success_cum_shaping=313.35 T=116 d_init=104.5 d_final=0.0
 Retrying in 1 seconds
 Retrying in 1 seconds
[shaping_diag] success_cum_shaping=313.35 T=117 d_init=104.5 d_final=0.0
 Retrying in 1 seconds
[shaping_diag] success_cum_shaping=313.35 T=111 d_init=104.5 d_final=0.0
 Retrying in 1 seconds
[shaping_diag] success_cum_shaping=313.35 T=111 d_init=104.5 d_final=0.0
Warning: Vehicle 'other' performs emergency braking on lane ':center_8_0' with decel=9.00, wished=3.00, severity=1.00, time=7.30.
 Retrying in 1 seconds
[shaping_diag] success_cum_shaping=313.35 T=114 d_init=104.5 d_final=0.0
 Retrying in 1 seconds
[shaping_diag] success_cum_shaping=313.35 T=117 d_init=104.5 d_final=0.0
 Retrying in 1 seconds
[shaping_diag] success_cum_shaping=313.35 T=117 d_init=104.5 d_final=0.0
 Retrying in 1 seconds
[shaping_diag] success_cum_shaping=313.35 T=116 d_init=104.5 d_final=0.0
 Retrying in 1 seconds
[shaping_diag] success_cum_shaping=313.35 T=112 d_init=104.5 d_final=0.0
 Retrying in 1 seconds
[shaping_diag] success_cum_shaping=313.35 T=110 d_init=104.5 d_final=0.0
 Retrying in 1 seconds
[shaping_diag] success_cum_shaping=313.35 T=114 d_init=104.5 d_final=0.0
 Retrying in 1 seconds
[shaping_diag] success_cum_shaping=313.35 T=111 d_init=104.5 d_final=0.0
 Retrying in 1 seconds
[shaping_diag] success_cum_shaping=313.35 T=116 d_init=104.5 d_final=0.0
 Retrying in 1 seconds
[shaping_diag] success_cum_shaping=313.35 T=119 d_init=104.5 d_final=0.0
 Retrying in 1 seconds
[shaping_diag] success_cum_shaping=313.35 T=115 d_init=104.5 d_final=0.0
 Retrying in 1 seconds
[shaping_diag] success_cum_shaping=313.35 T=111 d_init=104.5 d_final=0.0
 Retrying in 1 seconds
[shaping_diag] success_cum_shaping=313.35 T=118 d_init=104.5 d_final=0.0
 Retrying in 1 seconds
[shaping_diag] success_cum_shaping=313.35 T=125 d_init=104.5 d_final=0.0
 Retrying in 1 seconds
[shaping_diag] success_cum_shaping=313.35 T=117 d_init=104.5 d_final=0.0
Warning: Vehicle 'other'; junction collision with vehicle 'ego', lane=':center_8_0', gap=-1.00, time=7.50 stage=move.
 Retrying in 1 seconds
 Retrying in 1 seconds
[shaping_diag] success_cum_shaping=313.35 T=111 d_init=104.5 d_final=0.0
 Retrying in 1 seconds
[shaping_diag] success_cum_shaping=313.35 T=130 d_init=104.5 d_final=0.0
 Retrying in 1 seconds
[shaping_diag] success_cum_shaping=313.35 T=115 d_init=104.5 d_final=0.0
 Retrying in 1 seconds
[shaping_diag] success_cum_shaping=313.35 T=115 d_init=104.5 d_final=0.0
 Retrying in 1 seconds
[shaping_diag] success_cum_shaping=313.35 T=112 d_init=104.5 d_final=0.0
 Retrying in 1 seconds
[shaping_diag] success_cum_shaping=313.35 T=113 d_init=104.5 d_final=0.0
 Retrying in 1 seconds
[shaping_diag] success_cum_shaping=313.35 T=117 d_init=104.5 d_final=0.0
 Retrying in 1 seconds
[shaping_diag] success_cum_shaping=313.35 T=113 d_init=104.5 d_final=0.0
 Retrying in 1 seconds
[shaping_diag] success_cum_shaping=313.35 T=116 d_init=104.5 d_final=0.0
 Retrying in 1 seconds
[shaping_diag] success_cum_shaping=313.35 T=123 d_init=104.5 d_final=0.0
 Retrying in 1 seconds
[shaping_diag] success_cum_shaping=313.35 T=110 d_init=104.5 d_final=0.0
 Retrying in 1 seconds
[shaping_diag] success_cum_shaping=313.35 T=114 d_init=104.5 d_final=0.0
 Retrying in 1 seconds
[shaping_diag] success_cum_shaping=313.35 T=131 d_init=104.5 d_final=0.0
 Retrying in 1 seconds
[shaping_diag] success_cum_shaping=313.35 T=134 d_init=104.5 d_final=0.0
 Retrying in 1 seconds
[shaping_diag] success_cum_shaping=313.35 T=110 d_init=104.5 d_final=0.0
 Retrying in 1 seconds
[shaping_diag] success_cum_shaping=313.35 T=114 d_init=104.5 d_final=0.0
 Retrying in 1 seconds
 Retrying in 1 seconds
[shaping_diag] success_cum_shaping=313.35 T=117 d_init=104.5 d_final=0.0
 Retrying in 1 seconds
[shaping_diag] success_cum_shaping=313.35 T=115 d_init=104.5 d_final=0.0
 Retrying in 1 seconds
[shaping_diag] success_cum_shaping=313.35 T=118 d_init=104.5 d_final=0.0
 Retrying in 1 seconds
[shaping_diag] success_cum_shaping=313.35 T=113 d_init=104.5 d_final=0.0
 Retrying in 1 seconds
[shaping_diag] success_cum_shaping=313.35 T=125 d_init=104.5 d_final=0.0
 Retrying in 1 seconds
[shaping_diag] success_cum_shaping=313.35 T=118 d_init=104.5 d_final=0.0
 Retrying in 1 seconds
[shaping_diag] success_cum_shaping=313.35 T=112 d_init=104.5 d_final=0.0
 Retrying in 1 seconds
[shaping_diag] success_cum_shaping=313.35 T=115 d_init=104.5 d_final=0.0
 Retrying in 1 seconds
[shaping_diag] success_cum_shaping=313.35 T=121 d_init=104.5 d_final=0.0
 Retrying in 1 seconds
[shaping_diag] success_cum_shaping=313.35 T=127 d_init=104.5 d_final=0.0
 Retrying in 1 seconds
[shaping_diag] success_cum_shaping=313.35 T=111 d_init=104.5 d_final=0.0
 Retrying in 1 seconds
[shaping_diag] success_cum_shaping=313.35 T=110 d_init=104.5 d_final=0.0
 Retrying in 1 seconds
[shaping_diag] success_cum_shaping=313.35 T=111 d_init=104.5 d_final=0.0
 Retrying in 1 seconds
[shaping_diag] success_cum_shaping=313.35 T=118 d_init=104.5 d_final=0.0
 Retrying in 1 seconds
[shaping_diag] success_cum_shaping=313.35 T=115 d_init=104.5 d_final=0.0
 Retrying in 1 seconds
[shaping_diag] success_cum_shaping=313.35 T=111 d_init=104.5 d_final=0.0
Warning: Vehicle 'ego'; junction collision with vehicle 'other', lane=':center_11_0', gap=-1.00, time=7.30 stage=move.
 Retrying in 1 seconds
 Retrying in 1 seconds
[shaping_diag] success_cum_shaping=313.35 T=118 d_init=104.5 d_final=0.0
 Retrying in 1 seconds
[shaping_diag] success_cum_shaping=313.35 T=120 d_init=104.5 d_final=0.0
 Retrying in 1 seconds
[shaping_diag] success_cum_shaping=313.35 T=110 d_init=104.5 d_final=0.0
 Retrying in 1 seconds
[shaping_diag] success_cum_shaping=313.35 T=117 d_init=104.5 d_final=0.0
 Retrying in 1 seconds
[shaping_diag] success_cum_shaping=313.35 T=127 d_init=104.5 d_final=0.0
 Retrying in 1 seconds
[shaping_diag] success_cum_shaping=313.35 T=117 d_init=104.5 d_final=0.0
 Retrying in 1 seconds
[shaping_diag] success_cum_shaping=313.35 T=122 d_init=104.5 d_final=0.0
 Retrying in 1 seconds
[shaping_diag] success_cum_shaping=313.35 T=112 d_init=104.5 d_final=0.0
 Retrying in 1 seconds
[shaping_diag] success_cum_shaping=313.35 T=115 d_init=104.5 d_final=0.0
 Retrying in 1 seconds
[shaping_diag] success_cum_shaping=313.35 T=121 d_init=104.5 d_final=0.0
 Retrying in 1 seconds
[shaping_diag] success_cum_shaping=313.35 T=115 d_init=104.5 d_final=0.0
 Retrying in 1 seconds
[shaping_diag] success_cum_shaping=313.35 T=110 d_init=104.5 d_final=0.0
 Retrying in 1 seconds
[shaping_diag] success_cum_shaping=313.35 T=114 d_init=104.5 d_final=0.0
 Retrying in 1 seconds
[shaping_diag] success_cum_shaping=313.35 T=114 d_init=104.5 d_final=0.0
 Retrying in 1 seconds
[shaping_diag] success_cum_shaping=313.35 T=124 d_init=104.5 d_final=0.0
 Retrying in 1 seconds
[shaping_diag] success_cum_shaping=313.35 T=111 d_init=104.5 d_final=0.0
 Retrying in 1 seconds
[shaping_diag] success_cum_shaping=313.35 T=121 d_init=104.5 d_final=0.0
 Retrying in 1 seconds
[shaping_diag] success_cum_shaping=313.35 T=113 d_init=104.5 d_final=0.0
 Retrying in 1 seconds
 Retrying in 1 seconds
[shaping_diag] success_cum_shaping=313.35 T=113 d_init=104.5 d_final=0.0
 Retrying in 1 seconds
[shaping_diag] success_cum_shaping=313.35 T=117 d_init=104.5 d_final=0.0
 Retrying in 1 seconds
[shaping_diag] success_cum_shaping=313.35 T=116 d_init=104.5 d_final=0.0
 Retrying in 1 seconds
[shaping_diag] success_cum_shaping=313.35 T=113 d_init=104.5 d_final=0.0
 Retrying in 1 seconds
[shaping_diag] success_cum_shaping=313.35 T=112 d_init=104.5 d_final=0.0
 Retrying in 1 seconds
[shaping_diag] success_cum_shaping=313.35 T=116 d_init=104.5 d_final=0.0
Warning: Vehicle 'other' performs emergency braking on lane ':center_8_0' with decel=9.00, wished=3.00, severity=1.00, time=8.00.
 Retrying in 1 seconds
 Retrying in 1 seconds
[shaping_diag] success_cum_shaping=313.35 T=111 d_init=104.5 d_final=0.0
 Retrying in 1 seconds
[shaping_diag] success_cum_shaping=313.35 T=115 d_init=104.5 d_final=0.0
 Retrying in 1 seconds
[shaping_diag] success_cum_shaping=313.35 T=111 d_init=104.5 d_final=0.0
 Retrying in 1 seconds
[shaping_diag] success_cum_shaping=313.35 T=123 d_init=104.5 d_final=0.0
 Retrying in 1 seconds
[shaping_diag] success_cum_shaping=313.35 T=116 d_init=104.5 d_final=0.0
 Retrying in 1 seconds
[shaping_diag] success_cum_shaping=313.35 T=111 d_init=104.5 d_final=0.0
 Retrying in 1 seconds
[shaping_diag] success_cum_shaping=313.35 T=124 d_init=104.5 d_final=0.0
 Retrying in 1 seconds
[shaping_diag] success_cum_shaping=313.35 T=135 d_init=104.5 d_final=0.0
 Retrying in 1 seconds
[shaping_diag] success_cum_shaping=313.35 T=131 d_init=104.5 d_final=0.0
 Retrying in 1 seconds
[shaping_diag] success_cum_shaping=313.35 T=144 d_init=104.5 d_final=0.0
Warning: Vehicle 'other'; junction collision with vehicle 'ego', lane=':center_8_0', gap=-1.00, time=7.80 stage=move.
 Retrying in 1 seconds
 Retrying in 1 seconds
[shaping_diag] success_cum_shaping=313.35 T=110 d_init=104.5 d_final=0.0
 Retrying in 1 seconds
[shaping_diag] success_cum_shaping=313.35 T=119 d_init=104.5 d_final=0.0
 Retrying in 1 seconds
[shaping_diag] success_cum_shaping=313.35 T=115 d_init=104.5 d_final=0.0
 Retrying in 1 seconds
[shaping_diag] success_cum_shaping=313.35 T=112 d_init=104.5 d_final=0.0
 Retrying in 1 seconds
[shaping_diag] success_cum_shaping=313.35 T=110 d_init=104.5 d_final=0.0
 Retrying in 1 seconds
[shaping_diag] success_cum_shaping=313.35 T=117 d_init=104.5 d_final=0.0
 Retrying in 1 seconds
[shaping_diag] success_cum_shaping=313.35 T=115 d_init=104.5 d_final=0.0
 Retrying in 1 seconds
[shaping_diag] success_cum_shaping=313.35 T=111 d_init=104.5 d_final=0.0
 Retrying in 1 seconds
[shaping_diag] success_cum_shaping=313.35 T=118 d_init=104.5 d_final=0.0
 Retrying in 1 seconds
[shaping_diag] success_cum_shaping=313.35 T=112 d_init=104.5 d_final=0.0
 Retrying in 1 seconds
[shaping_diag] success_cum_shaping=313.35 T=111 d_init=104.5 d_final=0.0
 Retrying in 1 seconds
[shaping_diag] success_cum_shaping=313.35 T=113 d_init=104.5 d_final=0.0
 Retrying in 1 seconds
[shaping_diag] success_cum_shaping=313.35 T=115 d_init=104.5 d_final=0.0
 Retrying in 1 seconds
[shaping_diag] success_cum_shaping=313.35 T=118 d_init=104.5 d_final=0.0
 Retrying in 1 seconds
[shaping_diag] success_cum_shaping=313.35 T=112 d_init=104.5 d_final=0.0
 Retrying in 1 seconds
[shaping_diag] success_cum_shaping=313.35 T=123 d_init=104.5 d_final=0.0
 Retrying in 1 seconds
[shaping_diag] success_cum_shaping=313.35 T=119 d_init=104.5 d_final=0.0
 Retrying in 1 seconds
 Retrying in 1 seconds
[shaping_diag] success_cum_shaping=313.35 T=115 d_init=104.5 d_final=0.0
 Retrying in 1 seconds
[shaping_diag] success_cum_shaping=313.35 T=117 d_init=104.5 d_final=0.0
Warning: Vehicle 'other' performs emergency braking on lane 'left_in_0' with decel=9.00, wished=5.00, severity=1.00, time=7.10.
 Retrying in 1 seconds
[shaping_diag] success_cum_shaping=313.35 T=131 d_init=104.5 d_final=0.0
 Retrying in 1 seconds
[shaping_diag] success_cum_shaping=313.35 T=127 d_init=104.5 d_final=0.0
 Retrying in 1 seconds
[shaping_diag] success_cum_shaping=313.35 T=116 d_init=104.5 d_final=0.0
 Retrying in 1 seconds
[shaping_diag] success_cum_shaping=313.35 T=110 d_init=104.5 d_final=0.0
 Retrying in 1 seconds
[shaping_diag] success_cum_shaping=313.35 T=114 d_init=104.5 d_final=0.0
 Retrying in 1 seconds
[shaping_diag] success_cum_shaping=313.35 T=111 d_init=104.5 d_final=0.0
 Retrying in 1 seconds
[shaping_diag] success_cum_shaping=313.35 T=115 d_init=104.5 d_final=0.0
 Retrying in 1 seconds
[shaping_diag] success_cum_shaping=313.35 T=113 d_init=104.5 d_final=0.0
 Retrying in 1 seconds
[shaping_diag] success_cum_shaping=313.35 T=113 d_init=104.5 d_final=0.0
 Retrying in 1 seconds
[shaping_diag] success_cum_shaping=313.35 T=130 d_init=104.5 d_final=0.0
 Retrying in 1 seconds
[shaping_diag] success_cum_shaping=313.35 T=149 d_init=104.5 d_final=0.0
 Retrying in 1 seconds
[shaping_diag] success_cum_shaping=313.35 T=114 d_init=104.5 d_final=0.0
 Retrying in 1 seconds
[shaping_diag] success_cum_shaping=313.35 T=112 d_init=104.5 d_final=0.0
 Retrying in 1 seconds
[shaping_diag] success_cum_shaping=313.35 T=113 d_init=104.5 d_final=0.0
 Retrying in 1 seconds
[shaping_diag] success_cum_shaping=313.35 T=117 d_init=104.5 d_final=0.0
 Retrying in 1 seconds
[shaping_diag] success_cum_shaping=313.35 T=112 d_init=104.5 d_final=0.0
 Retrying in 1 seconds
[shaping_diag] success_cum_shaping=313.35 T=111 d_init=104.5 d_final=0.0
 Retrying in 1 seconds
[shaping_diag] success_cum_shaping=313.35 T=113 d_init=104.5 d_final=0.0
 Retrying in 1 seconds
[shaping_diag] success_cum_shaping=313.35 T=114 d_init=104.5 d_final=0.0
 Retrying in 1 seconds
[shaping_diag] success_cum_shaping=313.35 T=118 d_init=104.5 d_final=0.0
 Retrying in 1 seconds
[shaping_diag] success_cum_shaping=313.35 T=110 d_init=104.5 d_final=0.0
 Retrying in 1 seconds
[shaping_diag] success_cum_shaping=313.35 T=112 d_init=104.5 d_final=0.0
 Retrying in 1 seconds
[shaping_diag] success_cum_shaping=313.35 T=120 d_init=104.5 d_final=0.0
 Retrying in 1 seconds
[shaping_diag] success_cum_shaping=313.35 T=110 d_init=104.5 d_final=0.0
 Retrying in 1 seconds
[shaping_diag] success_cum_shaping=313.35 T=113 d_init=104.5 d_final=0.0
 Retrying in 1 seconds
[shaping_diag] success_cum_shaping=313.35 T=110 d_init=104.5 d_final=0.0
 Retrying in 1 seconds
[shaping_diag] success_cum_shaping=313.35 T=115 d_init=104.5 d_final=0.0
 Retrying in 1 seconds
[shaping_diag] success_cum_shaping=313.35 T=111 d_init=104.5 d_final=0.0
 Retrying in 1 seconds
[shaping_diag] success_cum_shaping=313.35 T=113 d_init=104.5 d_final=0.0
 Retrying in 1 seconds
[shaping_diag] success_cum_shaping=313.35 T=110 d_init=104.5 d_final=0.0
 Retrying in 1 seconds
 Retrying in 1 seconds
[shaping_diag] success_cum_shaping=313.35 T=118 d_init=104.5 d_final=0.0
 Retrying in 1 seconds
[shaping_diag] success_cum_shaping=313.35 T=120 d_init=104.5 d_final=0.0
 Retrying in 1 seconds
 Retrying in 1 seconds
[shaping_diag] success_cum_shaping=313.35 T=122 d_init=104.5 d_final=0.0
 Retrying in 1 seconds
[shaping_diag] success_cum_shaping=313.35 T=119 d_init=104.5 d_final=0.0
 Retrying in 1 seconds
[shaping_diag] success_cum_shaping=313.35 T=123 d_init=104.5 d_final=0.0
 Retrying in 1 seconds
[shaping_diag] success_cum_shaping=313.35 T=113 d_init=104.5 d_final=0.0
 Retrying in 1 seconds
[shaping_diag] success_cum_shaping=313.35 T=112 d_init=104.5 d_final=0.0
 Retrying in 1 seconds
[shaping_diag] success_cum_shaping=313.35 T=112 d_init=104.5 d_final=0.0
 Retrying in 1 seconds
[shaping_diag] success_cum_shaping=313.35 T=113 d_init=104.5 d_final=0.0
 Retrying in 1 seconds
[shaping_diag] success_cum_shaping=313.35 T=120 d_init=104.5 d_final=0.0
 Retrying in 1 seconds
[shaping_diag] success_cum_shaping=313.35 T=110 d_init=104.5 d_final=0.0
 Retrying in 1 seconds
[shaping_diag] success_cum_shaping=313.35 T=111 d_init=104.5 d_final=0.0
 Retrying in 1 seconds
[shaping_diag] success_cum_shaping=313.35 T=116 d_init=104.5 d_final=0.0
 Retrying in 1 seconds
[shaping_diag] success_cum_shaping=313.35 T=131 d_init=104.5 d_final=0.0
 Retrying in 1 seconds
[shaping_diag] success_cum_shaping=313.35 T=123 d_init=104.5 d_final=0.0
 Retrying in 1 seconds
[shaping_diag] success_cum_shaping=313.35 T=115 d_init=104.5 d_final=0.0
 Retrying in 1 seconds
[shaping_diag] success_cum_shaping=313.35 T=114 d_init=104.5 d_final=0.0
 Retrying in 1 seconds
[shaping_diag] success_cum_shaping=313.35 T=111 d_init=104.5 d_final=0.0
 Retrying in 1 seconds
[shaping_diag] success_cum_shaping=313.35 T=112 d_init=104.5 d_final=0.0
 Retrying in 1 seconds
[shaping_diag] success_cum_shaping=313.35 T=110 d_init=104.5 d_final=0.0
 Retrying in 1 seconds
[shaping_diag] success_cum_shaping=313.35 T=113 d_init=104.5 d_final=0.0
 Retrying in 1 seconds
[shaping_diag] success_cum_shaping=313.35 T=111 d_init=104.5 d_final=0.0
 Retrying in 1 seconds
[shaping_diag] success_cum_shaping=313.35 T=110 d_init=104.5 d_final=0.0
 Retrying in 1 seconds
[shaping_diag] success_cum_shaping=313.35 T=110 d_init=104.5 d_final=0.0
 Retrying in 1 seconds
[shaping_diag] success_cum_shaping=313.35 T=113 d_init=104.5 d_final=0.0
 Retrying in 1 seconds
[shaping_diag] success_cum_shaping=313.35 T=119 d_init=104.5 d_final=0.0
 Retrying in 1 seconds
[shaping_diag] success_cum_shaping=313.35 T=113 d_init=104.5 d_final=0.0
 Retrying in 1 seconds
[shaping_diag] success_cum_shaping=313.35 T=111 d_init=104.5 d_final=0.0
 Retrying in 1 seconds
[shaping_diag] success_cum_shaping=313.35 T=112 d_init=104.5 d_final=0.0
Warning: Vehicle 'ego'; junction collision with vehicle 'other', lane=':center_11_0', gap=-1.00, time=7.10 stage=move.
 Retrying in 1 seconds
 Retrying in 1 seconds
[shaping_diag] success_cum_shaping=313.35 T=120 d_init=104.5 d_final=0.0
 Retrying in 1 seconds
[shaping_diag] success_cum_shaping=313.35 T=112 d_init=104.5 d_final=0.0
 Retrying in 1 seconds
[shaping_diag] success_cum_shaping=313.35 T=118 d_init=104.5 d_final=0.0
 Retrying in 1 seconds
[shaping_diag] success_cum_shaping=313.35 T=116 d_init=104.5 d_final=0.0
 Retrying in 1 seconds
[shaping_diag] success_cum_shaping=313.35 T=114 d_init=104.5 d_final=0.0
 Retrying in 1 seconds
[shaping_diag] success_cum_shaping=313.35 T=114 d_init=104.5 d_final=0.0
 Retrying in 1 seconds
[shaping_diag] success_cum_shaping=313.35 T=112 d_init=104.5 d_final=0.0
Warning: Vehicle 'other'; junction collision with vehicle 'ego', lane=':center_8_0', gap=-1.00, time=7.60 stage=move.
Warning: Vehicle 'ego'; collision with vehicle 'other', lane='right_in_1', gap=-0.06, time=4.50 stage=move.
 Retrying in 1 seconds
 Retrying in 1 seconds
 Retrying in 1 seconds
 Retrying in 1 seconds
[shaping_diag] success_cum_shaping=313.35 T=112 d_init=104.5 d_final=0.0
 Retrying in 1 seconds
[shaping_diag] success_cum_shaping=313.35 T=113 d_init=104.5 d_final=0.0
 Retrying in 1 seconds
[shaping_diag] success_cum_shaping=313.35 T=112 d_init=104.5 d_final=0.0
 Retrying in 1 seconds
 Retrying in 1 seconds
[shaping_diag] success_cum_shaping=313.35 T=110 d_init=104.5 d_final=0.0
 Retrying in 1 seconds
[shaping_diag] success_cum_shaping=313.35 T=110 d_init=104.5 d_final=0.0
Warning: Vehicle 'other' performs emergency braking on lane ':center_8_0' with decel=9.00, wished=3.00, severity=1.00, time=7.40.
Warning: Vehicle 'other'; junction collision with vehicle 'ego', lane=':center_8_0', gap=-1.00, time=7.70 stage=move.
 Retrying in 1 seconds
 Retrying in 1 seconds
[shaping_diag] success_cum_shaping=313.35 T=115 d_init=104.5 d_final=0.0
 Retrying in 1 seconds
[shaping_diag] success_cum_shaping=313.35 T=110 d_init=104.5 d_final=0.0
 Retrying in 1 seconds
[shaping_diag] success_cum_shaping=313.35 T=111 d_init=104.5 d_final=0.0
Warning: Vehicle 'other'; junction collision with vehicle 'ego', lane=':center_8_0', gap=-1.00, time=7.30 stage=move.
 Retrying in 1 seconds
 Retrying in 1 seconds
[shaping_diag] success_cum_shaping=313.35 T=119 d_init=104.5 d_final=0.0
 Retrying in 1 seconds
[shaping_diag] success_cum_shaping=313.35 T=117 d_init=104.5 d_final=0.0
 Retrying in 1 seconds
[shaping_diag] success_cum_shaping=313.35 T=121 d_init=104.5 d_final=0.0
Warning: Vehicle 'other2' performs emergency braking on lane 'left_in_0' with decel=9.00, wished=6.00, severity=1.00, time=6.90.
 Retrying in 1 seconds
[shaping_diag] success_cum_shaping=313.35 T=115 d_init=104.5 d_final=0.0
 Retrying in 1 seconds
[shaping_diag] success_cum_shaping=313.35 T=112 d_init=104.5 d_final=0.0
 Retrying in 1 seconds
[shaping_diag] success_cum_shaping=313.35 T=115 d_init=104.5 d_final=0.0
 Retrying in 1 seconds
[shaping_diag] success_cum_shaping=313.35 T=111 d_init=104.5 d_final=0.0
 Retrying in 1 seconds
[shaping_diag] success_cum_shaping=313.35 T=110 d_init=104.5 d_final=0.0
 Retrying in 1 seconds
[shaping_diag] success_cum_shaping=313.35 T=113 d_init=104.5 d_final=0.0
 Retrying in 1 seconds
[shaping_diag] success_cum_shaping=313.35 T=113 d_init=104.5 d_final=0.0
 Retrying in 1 seconds
[shaping_diag] success_cum_shaping=313.35 T=115 d_init=104.5 d_final=0.0
 Retrying in 1 seconds
 Retrying in 1 seconds
[shaping_diag] success_cum_shaping=313.35 T=111 d_init=104.5 d_final=0.0
 Retrying in 1 seconds
[shaping_diag] success_cum_shaping=313.35 T=115 d_init=104.5 d_final=0.0
 Retrying in 1 seconds
[shaping_diag] success_cum_shaping=313.35 T=118 d_init=104.5 d_final=0.0
 Retrying in 1 seconds
[shaping_diag] success_cum_shaping=313.35 T=118 d_init=104.5 d_final=0.0
 Retrying in 1 seconds
[shaping_diag] success_cum_shaping=313.35 T=122 d_init=104.5 d_final=0.0
 Retrying in 1 seconds
[shaping_diag] success_cum_shaping=313.35 T=112 d_init=104.5 d_final=0.0
 Retrying in 1 seconds
[shaping_diag] success_cum_shaping=313.35 T=113 d_init=104.5 d_final=0.0
 Retrying in 1 seconds
[shaping_diag] success_cum_shaping=313.35 T=118 d_init=104.5 d_final=0.0
 Retrying in 1 seconds
[shaping_diag] success_cum_shaping=313.35 T=114 d_init=104.5 d_final=0.0
 Retrying in 1 seconds
[shaping_diag] success_cum_shaping=313.35 T=134 d_init=104.5 d_final=0.0
 Retrying in 1 seconds
[shaping_diag] success_cum_shaping=313.35 T=117 d_init=104.5 d_final=0.0
 Retrying in 1 seconds
[shaping_diag] success_cum_shaping=313.35 T=111 d_init=104.5 d_final=0.0
 Retrying in 1 seconds
[shaping_diag] success_cum_shaping=313.35 T=121 d_init=104.5 d_final=0.0
 Retrying in 1 seconds
 Retrying in 1 seconds
[shaping_diag] success_cum_shaping=313.35 T=110 d_init=104.5 d_final=0.0
 Retrying in 1 seconds
 Retrying in 1 seconds
[shaping_diag] success_cum_shaping=313.35 T=110 d_init=104.5 d_final=0.0
 Retrying in 1 seconds
[shaping_diag] success_cum_shaping=313.35 T=110 d_init=104.5 d_final=0.0
Warning: Vehicle 'other' performs emergency braking on lane ':center_8_0' with decel=9.00, wished=4.00, severity=1.00, time=7.00.
Warning: Vehicle 'other'; junction collision with vehicle 'ego', lane=':center_8_0', gap=-1.00, time=7.20 stage=move.
 Retrying in 1 seconds
 Retrying in 1 seconds
[shaping_diag] success_cum_shaping=313.35 T=110 d_init=104.5 d_final=0.0
Warning: Vehicle 'other' performs emergency braking on lane ':center_8_0' with decel=9.00, wished=4.00, severity=1.00, time=7.00.
 Retrying in 1 seconds
[shaping_diag] success_cum_shaping=313.35 T=110 d_init=104.5 d_final=0.0
 Retrying in 1 seconds
[shaping_diag] success_cum_shaping=313.35 T=110 d_init=104.5 d_final=0.0
 Retrying in 1 seconds
[shaping_diag] success_cum_shaping=313.35 T=110 d_init=104.5 d_final=0.0
 Retrying in 1 seconds
[shaping_diag] success_cum_shaping=313.35 T=110 d_init=104.5 d_final=0.0
[cbf_aux] step=290816 ret=290.86 coll=2 ttc=5.81 cbf_res=0.0000
 Retrying in 1 seconds
[shaping_diag] success_cum_shaping=313.35 T=112 d_init=104.5 d_final=0.0
 Retrying in 1 seconds
[shaping_diag] success_cum_shaping=313.35 T=110 d_init=104.5 d_final=0.0
 Retrying in 1 seconds
[shaping_diag] success_cum_shaping=313.35 T=115 d_init=104.5 d_final=0.0
 Retrying in 1 seconds
 Retrying in 1 seconds
[shaping_diag] success_cum_shaping=313.35 T=117 d_init=104.5 d_final=0.0
 Retrying in 1 seconds
[shaping_diag] success_cum_shaping=313.35 T=116 d_init=104.5 d_final=0.0
 Retrying in 1 seconds
[shaping_diag] success_cum_shaping=313.35 T=112 d_init=104.5 d_final=0.0
 Retrying in 1 seconds
[shaping_diag] success_cum_shaping=313.35 T=110 d_init=104.5 d_final=0.0
 Retrying in 1 seconds
[shaping_diag] success_cum_shaping=313.35 T=119 d_init=104.5 d_final=0.0
Warning: Vehicle 'other'; junction collision with vehicle 'ego', lane=':center_8_0', gap=-1.00, time=7.30 stage=move.
 Retrying in 1 seconds
 Retrying in 1 seconds
 Retrying in 1 seconds
[shaping_diag] success_cum_shaping=313.35 T=117 d_init=104.5 d_final=0.0
 Retrying in 1 seconds
[shaping_diag] success_cum_shaping=313.35 T=110 d_init=104.5 d_final=0.0
 Retrying in 1 seconds
[shaping_diag] success_cum_shaping=313.35 T=112 d_init=104.5 d_final=0.0
 Retrying in 1 seconds
[shaping_diag] success_cum_shaping=313.35 T=113 d_init=104.5 d_final=0.0
 Retrying in 1 seconds
[shaping_diag] success_cum_shaping=313.35 T=110 d_init=104.5 d_final=0.0
Warning: Vehicle 'other'; junction collision with vehicle 'ego', lane=':center_8_0', gap=-1.00, time=7.00 stage=move.
 Retrying in 1 seconds
 Retrying in 1 seconds
[shaping_diag] success_cum_shaping=313.35 T=111 d_init=104.5 d_final=0.0
 Retrying in 1 seconds
[shaping_diag] success_cum_shaping=313.35 T=110 d_init=104.5 d_final=0.0
 Retrying in 1 seconds
[shaping_diag] success_cum_shaping=313.35 T=112 d_init=104.5 d_final=0.0
 Retrying in 1 seconds
[shaping_diag] success_cum_shaping=313.35 T=112 d_init=104.5 d_final=0.0
 Retrying in 1 seconds
[shaping_diag] success_cum_shaping=313.35 T=111 d_init=104.5 d_final=0.0
 Retrying in 1 seconds
[shaping_diag] success_cum_shaping=313.35 T=113 d_init=104.5 d_final=0.0
 Retrying in 1 seconds
[shaping_diag] success_cum_shaping=313.35 T=112 d_init=104.5 d_final=0.0
 Retrying in 1 seconds
[shaping_diag] success_cum_shaping=313.35 T=111 d_init=104.5 d_final=0.0
 Retrying in 1 seconds
[shaping_diag] success_cum_shaping=313.35 T=115 d_init=104.5 d_final=0.0
 Retrying in 1 seconds
[shaping_diag] success_cum_shaping=313.35 T=112 d_init=104.5 d_final=0.0
 Retrying in 1 seconds
[shaping_diag] success_cum_shaping=313.35 T=122 d_init=104.5 d_final=0.0
 Retrying in 1 seconds
[shaping_diag] success_cum_shaping=313.35 T=114 d_init=104.5 d_final=0.0
 Retrying in 1 seconds
[shaping_diag] success_cum_shaping=313.35 T=115 d_init=104.5 d_final=0.0
 Retrying in 1 seconds
 Retrying in 1 seconds
[shaping_diag] success_cum_shaping=313.35 T=110 d_init=104.5 d_final=0.0
 Retrying in 1 seconds
[shaping_diag] success_cum_shaping=313.35 T=112 d_init=104.5 d_final=0.0
 Retrying in 1 seconds
[shaping_diag] success_cum_shaping=313.35 T=111 d_init=104.5 d_final=0.0
 Retrying in 1 seconds
[shaping_diag] success_cum_shaping=313.35 T=110 d_init=104.5 d_final=0.0
 Retrying in 1 seconds
[shaping_diag] success_cum_shaping=313.35 T=113 d_init=104.5 d_final=0.0
 Retrying in 1 seconds
[shaping_diag] success_cum_shaping=313.35 T=116 d_init=104.5 d_final=0.0
 Retrying in 1 seconds
[shaping_diag] success_cum_shaping=313.35 T=113 d_init=104.5 d_final=0.0
 Retrying in 1 seconds
 Retrying in 1 seconds
[shaping_diag] success_cum_shaping=313.35 T=113 d_init=104.5 d_final=0.0
 Retrying in 1 seconds
[shaping_diag] success_cum_shaping=313.35 T=110 d_init=104.5 d_final=0.0
 Retrying in 1 seconds
[shaping_diag] success_cum_shaping=313.35 T=114 d_init=104.5 d_final=0.0
 Retrying in 1 seconds
[shaping_diag] success_cum_shaping=313.35 T=110 d_init=104.5 d_final=0.0
 Retrying in 1 seconds
[shaping_diag] success_cum_shaping=313.35 T=116 d_init=104.5 d_final=0.0
 Retrying in 1 seconds
[shaping_diag] success_cum_shaping=313.35 T=112 d_init=104.5 d_final=0.0
 Retrying in 1 seconds
[shaping_diag] success_cum_shaping=313.35 T=119 d_init=104.5 d_final=0.0
 Retrying in 1 seconds
[shaping_diag] success_cum_shaping=313.35 T=119 d_init=104.5 d_final=0.0
 Retrying in 1 seconds
[shaping_diag] success_cum_shaping=313.35 T=112 d_init=104.5 d_final=0.0
 Retrying in 1 seconds
[shaping_diag] success_cum_shaping=313.35 T=111 d_init=104.5 d_final=0.0
 Retrying in 1 seconds
[shaping_diag] success_cum_shaping=313.35 T=112 d_init=104.5 d_final=0.0
 Retrying in 1 seconds
[shaping_diag] success_cum_shaping=313.35 T=118 d_init=104.5 d_final=0.0
 Retrying in 1 seconds
[shaping_diag] success_cum_shaping=313.35 T=114 d_init=104.5 d_final=0.0
Warning: Vehicle 'ego'; junction collision with vehicle 'other', lane=':center_11_0', gap=-1.00, time=7.70 stage=move.
 Retrying in 1 seconds
 Retrying in 1 seconds
[shaping_diag] success_cum_shaping=313.35 T=110 d_init=104.5 d_final=0.0
 Retrying in 1 seconds
[shaping_diag] success_cum_shaping=313.35 T=135 d_init=104.5 d_final=0.0
 Retrying in 1 seconds
[shaping_diag] success_cum_shaping=313.35 T=111 d_init=104.5 d_final=0.0
 Retrying in 1 seconds
[shaping_diag] success_cum_shaping=313.35 T=114 d_init=104.5 d_final=0.0
 Retrying in 1 seconds
[shaping_diag] success_cum_shaping=313.35 T=111 d_init=104.5 d_final=0.0
 Retrying in 1 seconds
[shaping_diag] success_cum_shaping=313.35 T=115 d_init=104.5 d_final=0.0
 Retrying in 1 seconds
[shaping_diag] success_cum_shaping=313.35 T=114 d_init=104.5 d_final=0.0
 Retrying in 1 seconds
[shaping_diag] success_cum_shaping=313.35 T=112 d_init=104.5 d_final=0.0
Warning: Vehicle 'ego'; junction collision with vehicle 'other', lane=':center_11_0', gap=-1.00, time=7.50 stage=move.
 Retrying in 1 seconds
 Retrying in 1 seconds
[shaping_diag] success_cum_shaping=313.35 T=116 d_init=104.5 d_final=0.0
 Retrying in 1 seconds
[shaping_diag] success_cum_shaping=313.35 T=119 d_init=104.5 d_final=0.0
 Retrying in 1 seconds
[shaping_diag] success_cum_shaping=313.35 T=119 d_init=104.5 d_final=0.0
 Retrying in 1 seconds
[shaping_diag] success_cum_shaping=313.35 T=123 d_init=104.5 d_final=0.0
 Retrying in 1 seconds
[shaping_diag] success_cum_shaping=313.35 T=115 d_init=104.5 d_final=0.0
 Retrying in 1 seconds
[shaping_diag] success_cum_shaping=313.35 T=110 d_init=104.5 d_final=0.0
 Retrying in 1 seconds
[shaping_diag] success_cum_shaping=313.35 T=110 d_init=104.5 d_final=0.0
 Retrying in 1 seconds
[shaping_diag] success_cum_shaping=313.35 T=115 d_init=104.5 d_final=0.0
 Retrying in 1 seconds
[shaping_diag] success_cum_shaping=313.35 T=110 d_init=104.5 d_final=0.0
 Retrying in 1 seconds
[shaping_diag] success_cum_shaping=313.35 T=114 d_init=104.5 d_final=0.0
 Retrying in 1 seconds
[shaping_diag] success_cum_shaping=313.35 T=129 d_init=104.5 d_final=0.0
 Retrying in 1 seconds
[shaping_diag] success_cum_shaping=313.35 T=112 d_init=104.5 d_final=0.0
 Retrying in 1 seconds
[shaping_diag] success_cum_shaping=313.35 T=118 d_init=104.5 d_final=0.0
 Retrying in 1 seconds
 Retrying in 1 seconds
[shaping_diag] success_cum_shaping=313.35 T=113 d_init=104.5 d_final=0.0
 Retrying in 1 seconds
[shaping_diag] success_cum_shaping=313.35 T=124 d_init=104.5 d_final=0.0
Warning: Vehicle 'ego'; junction collision with vehicle 'other', lane=':center_11_0', gap=-1.00, time=7.10 stage=move.
 Retrying in 1 seconds
 Retrying in 1 seconds
[shaping_diag] success_cum_shaping=313.35 T=111 d_init=104.5 d_final=0.0
 Retrying in 1 seconds
[shaping_diag] success_cum_shaping=313.35 T=112 d_init=104.5 d_final=0.0
 Retrying in 1 seconds
[shaping_diag] success_cum_shaping=313.35 T=113 d_init=104.5 d_final=0.0
 Retrying in 1 seconds
[shaping_diag] success_cum_shaping=313.35 T=118 d_init=104.5 d_final=0.0
 Retrying in 1 seconds
[shaping_diag] success_cum_shaping=313.35 T=114 d_init=104.5 d_final=0.0
 Retrying in 1 seconds
[shaping_diag] success_cum_shaping=313.35 T=116 d_init=104.5 d_final=0.0
 Retrying in 1 seconds
[shaping_diag] success_cum_shaping=313.35 T=111 d_init=104.5 d_final=0.0
 Retrying in 1 seconds
[shaping_diag] success_cum_shaping=313.35 T=114 d_init=104.5 d_final=0.0
 Retrying in 1 seconds
[shaping_diag] success_cum_shaping=313.35 T=113 d_init=104.5 d_final=0.0
Warning: Vehicle 'ego'; junction collision with vehicle 'other', lane=':center_11_0', gap=-1.00, time=7.40 stage=move.
 Retrying in 1 seconds
 Retrying in 1 seconds
[shaping_diag] success_cum_shaping=313.35 T=111 d_init=104.5 d_final=0.0
 Retrying in 1 seconds
[shaping_diag] success_cum_shaping=313.35 T=111 d_init=104.5 d_final=0.0
 Retrying in 1 seconds
[shaping_diag] success_cum_shaping=313.35 T=116 d_init=104.5 d_final=0.0
 Retrying in 1 seconds
[shaping_diag] success_cum_shaping=313.35 T=117 d_init=104.5 d_final=0.0
 Retrying in 1 seconds
[shaping_diag] success_cum_shaping=313.35 T=110 d_init=104.5 d_final=0.0
 Retrying in 1 seconds
[shaping_diag] success_cum_shaping=313.35 T=113 d_init=104.5 d_final=0.0
 Retrying in 1 seconds
[shaping_diag] success_cum_shaping=313.35 T=115 d_init=104.5 d_final=0.0
 Retrying in 1 seconds
[shaping_diag] success_cum_shaping=313.35 T=115 d_init=104.5 d_final=0.0
 Retrying in 1 seconds
[shaping_diag] success_cum_shaping=313.35 T=114 d_init=104.5 d_final=0.0
 Retrying in 1 seconds
[shaping_diag] success_cum_shaping=313.35 T=111 d_init=104.5 d_final=0.0
 Retrying in 1 seconds
[shaping_diag] success_cum_shaping=313.35 T=111 d_init=104.5 d_final=0.0
 Retrying in 1 seconds
[shaping_diag] success_cum_shaping=313.35 T=116 d_init=104.5 d_final=0.0
 Retrying in 1 seconds
[shaping_diag] success_cum_shaping=313.35 T=111 d_init=104.5 d_final=0.0
 Retrying in 1 seconds
[shaping_diag] success_cum_shaping=313.35 T=115 d_init=104.5 d_final=0.0
 Retrying in 1 seconds
[shaping_diag] success_cum_shaping=313.35 T=113 d_init=104.5 d_final=0.0
 Retrying in 1 seconds
[shaping_diag] success_cum_shaping=313.35 T=113 d_init=104.5 d_final=0.0
 Retrying in 1 seconds
[shaping_diag] success_cum_shaping=313.35 T=116 d_init=104.5 d_final=0.0
Warning: Vehicle 'other'; junction collision with vehicle 'ego', lane=':center_8_0', gap=-1.00, time=7.10 stage=move.
 Retrying in 1 seconds
 Retrying in 1 seconds
[shaping_diag] success_cum_shaping=313.35 T=111 d_init=104.5 d_final=0.0
 Retrying in 1 seconds
[shaping_diag] success_cum_shaping=313.35 T=113 d_init=104.5 d_final=0.0
 Retrying in 1 seconds
[shaping_diag] success_cum_shaping=313.35 T=114 d_init=104.5 d_final=0.0
Warning: Vehicle 'other' performs emergency braking on lane 'left_in_0' with decel=9.00, wished=5.00, severity=1.00, time=6.60.
 Retrying in 1 seconds
[shaping_diag] success_cum_shaping=313.35 T=111 d_init=104.5 d_final=0.0
 Retrying in 1 seconds
[shaping_diag] success_cum_shaping=313.35 T=117 d_init=104.5 d_final=0.0
 Retrying in 1 seconds
[shaping_diag] success_cum_shaping=313.35 T=117 d_init=104.5 d_final=0.0
 Retrying in 1 seconds
 Retrying in 1 seconds
[shaping_diag] success_cum_shaping=313.35 T=112 d_init=104.5 d_final=0.0
 Retrying in 1 seconds
[shaping_diag] success_cum_shaping=313.35 T=112 d_init=104.5 d_final=0.0
 Retrying in 1 seconds
[shaping_diag] success_cum_shaping=313.35 T=110 d_init=104.5 d_final=0.0
 Retrying in 1 seconds
[shaping_diag] success_cum_shaping=313.35 T=110 d_init=104.5 d_final=0.0
 Retrying in 1 seconds
 Retrying in 1 seconds
[shaping_diag] success_cum_shaping=313.35 T=113 d_init=104.5 d_final=0.0
 Retrying in 1 seconds
[shaping_diag] success_cum_shaping=313.35 T=111 d_init=104.5 d_final=0.0
 Retrying in 1 seconds
[shaping_diag] success_cum_shaping=313.35 T=111 d_init=104.5 d_final=0.0
 Retrying in 1 seconds
[shaping_diag] success_cum_shaping=313.35 T=111 d_init=104.5 d_final=0.0
 Retrying in 1 seconds
 Retrying in 1 seconds
[shaping_diag] success_cum_shaping=313.35 T=112 d_init=104.5 d_final=0.0
 Retrying in 1 seconds
[shaping_diag] success_cum_shaping=313.35 T=114 d_init=104.5 d_final=0.0
 Retrying in 1 seconds
[shaping_diag] success_cum_shaping=313.35 T=117 d_init=104.5 d_final=0.0
Warning: Vehicle 'other'; junction collision with vehicle 'ego', lane=':center_8_0', gap=-1.00, time=7.20 stage=move.
 Retrying in 1 seconds
 Retrying in 1 seconds
[shaping_diag] success_cum_shaping=313.35 T=113 d_init=104.5 d_final=0.0
 Retrying in 1 seconds
[shaping_diag] success_cum_shaping=313.35 T=112 d_init=104.5 d_final=0.0
 Retrying in 1 seconds
[shaping_diag] success_cum_shaping=313.35 T=115 d_init=104.5 d_final=0.0
 Retrying in 1 seconds
[shaping_diag] success_cum_shaping=313.35 T=111 d_init=104.5 d_final=0.0
 Retrying in 1 seconds
[shaping_diag] success_cum_shaping=313.35 T=111 d_init=104.5 d_final=0.0
Warning: Vehicle 'ego'; junction collision with vehicle 'other', lane=':center_11_0', gap=-1.00, time=7.20 stage=move.
 Retrying in 1 seconds
 Retrying in 1 seconds
[shaping_diag] success_cum_shaping=313.35 T=110 d_init=104.5 d_final=0.0
 Retrying in 1 seconds
[shaping_diag] success_cum_shaping=313.35 T=114 d_init=104.5 d_final=0.0
 Retrying in 1 seconds
[shaping_diag] success_cum_shaping=313.35 T=123 d_init=104.5 d_final=0.0
 Retrying in 1 seconds
[shaping_diag] success_cum_shaping=313.35 T=115 d_init=104.5 d_final=0.0
 Retrying in 1 seconds
[shaping_diag] success_cum_shaping=313.35 T=111 d_init=104.5 d_final=0.0
 Retrying in 1 seconds
[shaping_diag] success_cum_shaping=313.35 T=114 d_init=104.5 d_final=0.0
 Retrying in 1 seconds
[shaping_diag] success_cum_shaping=313.35 T=110 d_init=104.5 d_final=0.0
 Retrying in 1 seconds
[shaping_diag] success_cum_shaping=313.35 T=113 d_init=104.5 d_final=0.0
 Retrying in 1 seconds
[shaping_diag] success_cum_shaping=313.35 T=110 d_init=104.5 d_final=0.0
 Retrying in 1 seconds
[shaping_diag] success_cum_shaping=313.35 T=111 d_init=104.5 d_final=0.0
Warning: Vehicle 'other' performs emergency braking on lane 'left_in_0' with decel=9.00, wished=5.00, severity=1.00, time=6.50.
 Retrying in 1 seconds
[shaping_diag] success_cum_shaping=313.35 T=110 d_init=104.5 d_final=0.0
 Retrying in 1 seconds
[shaping_diag] success_cum_shaping=313.35 T=114 d_init=104.5 d_final=0.0
 Retrying in 1 seconds
[shaping_diag] success_cum_shaping=313.35 T=111 d_init=104.5 d_final=0.0
 Retrying in 1 seconds
[shaping_diag] success_cum_shaping=313.35 T=118 d_init=104.5 d_final=0.0
 Retrying in 1 seconds
 Retrying in 1 seconds
[shaping_diag] success_cum_shaping=313.35 T=113 d_init=104.5 d_final=0.0
 Retrying in 1 seconds
[shaping_diag] success_cum_shaping=313.35 T=120 d_init=104.5 d_final=0.0
 Retrying in 1 seconds
[shaping_diag] success_cum_shaping=313.35 T=113 d_init=104.5 d_final=0.0
Warning: Vehicle 'other'; junction collision with vehicle 'ego', lane=':center_8_0', gap=-1.00, time=7.40 stage=move.
 Retrying in 1 seconds
 Retrying in 1 seconds
 Retrying in 1 seconds
[shaping_diag] success_cum_shaping=313.35 T=110 d_init=104.5 d_final=0.0
 Retrying in 1 seconds
[shaping_diag] success_cum_shaping=313.35 T=110 d_init=104.5 d_final=0.0
 Retrying in 1 seconds
[shaping_diag] success_cum_shaping=313.35 T=112 d_init=104.5 d_final=0.0
 Retrying in 1 seconds
[shaping_diag] success_cum_shaping=313.35 T=115 d_init=104.5 d_final=0.0
 Retrying in 1 seconds
[shaping_diag] success_cum_shaping=313.35 T=113 d_init=104.5 d_final=0.0
 Retrying in 1 seconds
[shaping_diag] success_cum_shaping=313.35 T=112 d_init=104.5 d_final=0.0
 Retrying in 1 seconds
[shaping_diag] success_cum_shaping=313.35 T=113 d_init=104.5 d_final=0.0
 Retrying in 1 seconds
[shaping_diag] success_cum_shaping=313.35 T=111 d_init=104.5 d_final=0.0
 Retrying in 1 seconds
[shaping_diag] success_cum_shaping=313.35 T=112 d_init=104.5 d_final=0.0
 Retrying in 1 seconds
[shaping_diag] success_cum_shaping=313.35 T=110 d_init=104.5 d_final=0.0
 Retrying in 1 seconds
[shaping_diag] success_cum_shaping=313.35 T=110 d_init=104.5 d_final=0.0
 Retrying in 1 seconds
[shaping_diag] success_cum_shaping=313.35 T=111 d_init=104.5 d_final=0.0
 Retrying in 1 seconds
[shaping_diag] success_cum_shaping=313.35 T=113 d_init=104.5 d_final=0.0
Warning: Vehicle 'other'; junction collision with vehicle 'ego', lane=':center_8_0', gap=-1.00, time=7.60 stage=move.
 Retrying in 1 seconds
 Retrying in 1 seconds
[shaping_diag] success_cum_shaping=313.35 T=110 d_init=104.5 d_final=0.0
 Retrying in 1 seconds
[shaping_diag] success_cum_shaping=313.35 T=110 d_init=104.5 d_final=0.0
 Retrying in 1 seconds
[shaping_diag] success_cum_shaping=313.35 T=112 d_init=104.5 d_final=0.0
 Retrying in 1 seconds
[shaping_diag] success_cum_shaping=313.35 T=110 d_init=104.5 d_final=0.0
 Retrying in 1 seconds
[shaping_diag] success_cum_shaping=313.35 T=115 d_init=104.5 d_final=0.0
 Retrying in 1 seconds
[shaping_diag] success_cum_shaping=313.35 T=112 d_init=104.5 d_final=0.0
 Retrying in 1 seconds
[shaping_diag] success_cum_shaping=313.35 T=113 d_init=104.5 d_final=0.0
 Retrying in 1 seconds
[shaping_diag] success_cum_shaping=313.35 T=110 d_init=104.5 d_final=0.0
 Retrying in 1 seconds
[shaping_diag] success_cum_shaping=313.35 T=117 d_init=104.5 d_final=0.0
 Retrying in 1 seconds
[shaping_diag] success_cum_shaping=313.35 T=117 d_init=104.5 d_final=0.0
 Retrying in 1 seconds
[shaping_diag] success_cum_shaping=313.35 T=111 d_init=104.5 d_final=0.0
 Retrying in 1 seconds
[shaping_diag] success_cum_shaping=313.35 T=110 d_init=104.5 d_final=0.0
 Retrying in 1 seconds
[shaping_diag] success_cum_shaping=313.35 T=110 d_init=104.5 d_final=0.0
 Retrying in 1 seconds
[shaping_diag] success_cum_shaping=313.35 T=111 d_init=104.5 d_final=0.0
 Retrying in 1 seconds
[shaping_diag] success_cum_shaping=313.35 T=115 d_init=104.5 d_final=0.0
 Retrying in 1 seconds
[shaping_diag] success_cum_shaping=313.35 T=111 d_init=104.5 d_final=0.0
Warning: Vehicle 'other' performs emergency braking on lane 'left_in_0' with decel=9.00, wished=7.00, severity=1.00, time=6.50.
 Retrying in 1 seconds
[shaping_diag] success_cum_shaping=313.35 T=110 d_init=104.5 d_final=0.0
 Retrying in 1 seconds
[shaping_diag] success_cum_shaping=313.35 T=115 d_init=104.5 d_final=0.0
 Retrying in 1 seconds
[shaping_diag] success_cum_shaping=313.35 T=112 d_init=104.5 d_final=0.0
 Retrying in 1 seconds
[shaping_diag] success_cum_shaping=313.35 T=113 d_init=104.5 d_final=0.0
 Retrying in 1 seconds
[shaping_diag] success_cum_shaping=313.35 T=114 d_init=104.5 d_final=0.0
 Retrying in 1 seconds
[shaping_diag] success_cum_shaping=313.35 T=111 d_init=104.5 d_final=0.0
 Retrying in 1 seconds
 Retrying in 1 seconds
[shaping_diag] success_cum_shaping=313.35 T=111 d_init=104.5 d_final=0.0
 Retrying in 1 seconds
[shaping_diag] success_cum_shaping=313.35 T=110 d_init=104.5 d_final=0.0
 Retrying in 1 seconds
[shaping_diag] success_cum_shaping=313.35 T=110 d_init=104.5 d_final=0.0
Warning: Vehicle 'other'; junction collision with vehicle 'ego', lane=':center_8_0', gap=-1.00, time=7.30 stage=move.
 Retrying in 1 seconds
 Retrying in 1 seconds
 Retrying in 1 seconds
[shaping_diag] success_cum_shaping=313.35 T=110 d_init=104.5 d_final=0.0
 Retrying in 1 seconds
[shaping_diag] success_cum_shaping=313.35 T=111 d_init=104.5 d_final=0.0
 Retrying in 1 seconds
[shaping_diag] success_cum_shaping=313.35 T=115 d_init=104.5 d_final=0.0
 Retrying in 1 seconds
[shaping_diag] success_cum_shaping=313.35 T=110 d_init=104.5 d_final=0.0
 Retrying in 1 seconds
[shaping_diag] success_cum_shaping=313.35 T=110 d_init=104.5 d_final=0.0
 Retrying in 1 seconds
[shaping_diag] success_cum_shaping=313.35 T=125 d_init=104.5 d_final=0.0
 Retrying in 1 seconds
[shaping_diag] success_cum_shaping=313.35 T=112 d_init=104.5 d_final=0.0
 Retrying in 1 seconds
[shaping_diag] success_cum_shaping=313.35 T=110 d_init=104.5 d_final=0.0
 Retrying in 1 seconds
 Retrying in 1 seconds
[shaping_diag] success_cum_shaping=313.35 T=117 d_init=104.5 d_final=0.0
 Retrying in 1 seconds
[shaping_diag] success_cum_shaping=313.35 T=111 d_init=104.5 d_final=0.0
 Retrying in 1 seconds
 Retrying in 1 seconds
[shaping_diag] success_cum_shaping=313.35 T=111 d_init=104.5 d_final=0.0
 Retrying in 1 seconds
[shaping_diag] success_cum_shaping=313.35 T=115 d_init=104.5 d_final=0.0
 Retrying in 1 seconds
[shaping_diag] success_cum_shaping=313.35 T=131 d_init=104.5 d_final=0.0
 Retrying in 1 seconds
[shaping_diag] success_cum_shaping=313.35 T=111 d_init=104.5 d_final=0.0
 Retrying in 1 seconds
[shaping_diag] success_cum_shaping=313.35 T=111 d_init=104.5 d_final=0.0
 Retrying in 1 seconds
[shaping_diag] success_cum_shaping=313.35 T=112 d_init=104.5 d_final=0.0
 Retrying in 1 seconds
[shaping_diag] success_cum_shaping=313.35 T=114 d_init=104.5 d_final=0.0
 Retrying in 1 seconds
[shaping_diag] success_cum_shaping=313.35 T=112 d_init=104.5 d_final=0.0
Warning: Vehicle 'other' performs emergency braking on lane 'left_in_0' with decel=9.00, wished=5.00, severity=1.00, time=6.50.
 Retrying in 1 seconds
[shaping_diag] success_cum_shaping=313.35 T=110 d_init=104.5 d_final=0.0
 Retrying in 1 seconds
[shaping_diag] success_cum_shaping=313.35 T=111 d_init=104.5 d_final=0.0
 Retrying in 1 seconds
[shaping_diag] success_cum_shaping=313.35 T=110 d_init=104.5 d_final=0.0
 Retrying in 1 seconds
[shaping_diag] success_cum_shaping=313.35 T=111 d_init=104.5 d_final=0.0
 Retrying in 1 seconds
 Retrying in 1 seconds
[shaping_diag] success_cum_shaping=313.35 T=111 d_init=104.5 d_final=0.0
 Retrying in 1 seconds
[shaping_diag] success_cum_shaping=313.35 T=110 d_init=104.5 d_final=0.0
 Retrying in 1 seconds
[shaping_diag] success_cum_shaping=313.35 T=110 d_init=104.5 d_final=0.0
Warning: Vehicle 'other'; junction collision with vehicle 'ego', lane=':center_8_0', gap=-1.00, time=7.20 stage=move.
 Retrying in 1 seconds
 Retrying in 1 seconds
[shaping_diag] success_cum_shaping=313.35 T=110 d_init=104.5 d_final=0.0
 Retrying in 1 seconds
[shaping_diag] success_cum_shaping=313.35 T=111 d_init=104.5 d_final=0.0
 Retrying in 1 seconds
[shaping_diag] success_cum_shaping=313.35 T=111 d_init=104.5 d_final=0.0
 Retrying in 1 seconds
[shaping_diag] success_cum_shaping=313.35 T=110 d_init=104.5 d_final=0.0
 Retrying in 1 seconds
 Retrying in 1 seconds
[shaping_diag] success_cum_shaping=313.35 T=110 d_init=104.5 d_final=0.0
 Retrying in 1 seconds
[shaping_diag] success_cum_shaping=313.35 T=112 d_init=104.5 d_final=0.0
 Retrying in 1 seconds
[shaping_diag] success_cum_shaping=313.35 T=110 d_init=104.5 d_final=0.0
 Retrying in 1 seconds
[shaping_diag] success_cum_shaping=313.35 T=111 d_init=104.5 d_final=0.0
 Retrying in 1 seconds
[shaping_diag] success_cum_shaping=313.35 T=113 d_init=104.5 d_final=0.0
 Retrying in 1 seconds
[shaping_diag] success_cum_shaping=313.35 T=121 d_init=104.5 d_final=0.0
 Retrying in 1 seconds
[shaping_diag] success_cum_shaping=313.35 T=114 d_init=104.5 d_final=0.0
 Retrying in 1 seconds
[shaping_diag] success_cum_shaping=313.35 T=110 d_init=104.5 d_final=0.0
Warning: Vehicle 'other' performs emergency braking on lane 'left_in_0' with decel=9.00, wished=5.00, severity=1.00, time=6.50.
 Retrying in 1 seconds
[shaping_diag] success_cum_shaping=313.35 T=112 d_init=104.5 d_final=0.0
 Retrying in 1 seconds
[shaping_diag] success_cum_shaping=313.35 T=111 d_init=104.5 d_final=0.0
 Retrying in 1 seconds
[shaping_diag] success_cum_shaping=313.35 T=110 d_init=104.5 d_final=0.0
 Retrying in 1 seconds
[shaping_diag] success_cum_shaping=313.35 T=115 d_init=104.5 d_final=0.0
 Retrying in 1 seconds
[shaping_diag] success_cum_shaping=313.35 T=110 d_init=104.5 d_final=0.0
 Retrying in 1 seconds
[shaping_diag] success_cum_shaping=313.35 T=110 d_init=104.5 d_final=0.0
 Retrying in 1 seconds
[shaping_diag] success_cum_shaping=313.35 T=110 d_init=104.5 d_final=0.0
 Retrying in 1 seconds
[shaping_diag] success_cum_shaping=313.35 T=134 d_init=104.5 d_final=0.0
 Retrying in 1 seconds
[shaping_diag] success_cum_shaping=313.35 T=111 d_init=104.5 d_final=0.0
 Retrying in 1 seconds
[shaping_diag] success_cum_shaping=313.35 T=111 d_init=104.5 d_final=0.0
 Retrying in 1 seconds
[shaping_diag] success_cum_shaping=313.35 T=119 d_init=104.5 d_final=0.0
 Retrying in 1 seconds
[shaping_diag] success_cum_shaping=313.35 T=112 d_init=104.5 d_final=0.0
 Retrying in 1 seconds
[shaping_diag] success_cum_shaping=313.35 T=110 d_init=104.5 d_final=0.0
 Retrying in 1 seconds
[shaping_diag] success_cum_shaping=313.35 T=110 d_init=104.5 d_final=0.0
 Retrying in 1 seconds
[shaping_diag] success_cum_shaping=313.35 T=111 d_init=104.5 d_final=0.0
 Retrying in 1 seconds
[shaping_diag] success_cum_shaping=313.35 T=110 d_init=104.5 d_final=0.0
 Retrying in 1 seconds
[shaping_diag] success_cum_shaping=313.35 T=112 d_init=104.5 d_final=0.0
 Retrying in 1 seconds
[shaping_diag] success_cum_shaping=313.35 T=110 d_init=104.5 d_final=0.0
 Retrying in 1 seconds
[shaping_diag] success_cum_shaping=313.35 T=111 d_init=104.5 d_final=0.0
 Retrying in 1 seconds
[shaping_diag] success_cum_shaping=313.35 T=110 d_init=104.5 d_final=0.0
 Retrying in 1 seconds
[shaping_diag] success_cum_shaping=313.35 T=110 d_init=104.5 d_final=0.0
 Retrying in 1 seconds
[shaping_diag] success_cum_shaping=313.35 T=111 d_init=104.5 d_final=0.0
Warning: Vehicle 'other' performs emergency braking on lane 'left_in_0' with decel=9.00, wished=7.00, severity=1.00, time=6.50.
 Retrying in 1 seconds
[shaping_diag] success_cum_shaping=313.35 T=111 d_init=104.5 d_final=0.0
 Retrying in 1 seconds
[shaping_diag] success_cum_shaping=313.35 T=110 d_init=104.5 d_final=0.0
 Retrying in 1 seconds
[shaping_diag] success_cum_shaping=313.35 T=112 d_init=104.5 d_final=0.0
 Retrying in 1 seconds
[shaping_diag] success_cum_shaping=313.35 T=110 d_init=104.5 d_final=0.0
 Retrying in 1 seconds
[shaping_diag] success_cum_shaping=313.35 T=111 d_init=104.5 d_final=0.0
Warning: Vehicle 'ego'; junction collision with vehicle 'other', lane=':center_11_0', gap=-1.00, time=7.00 stage=move.
 Retrying in 1 seconds
 Retrying in 1 seconds
 Retrying in 1 seconds
[shaping_diag] success_cum_shaping=313.35 T=110 d_init=104.5 d_final=0.0
 Retrying in 1 seconds
[shaping_diag] success_cum_shaping=313.35 T=111 d_init=104.5 d_final=0.0
 Retrying in 1 seconds
[shaping_diag] success_cum_shaping=313.35 T=110 d_init=104.5 d_final=0.0
 Retrying in 1 seconds
[shaping_diag] success_cum_shaping=313.35 T=117 d_init=104.5 d_final=0.0
Warning: Vehicle 'other' performs emergency braking on lane ':center_8_0' with decel=9.00, wished=3.00, severity=1.00, time=7.10.
 Retrying in 1 seconds
 Retrying in 1 seconds
[shaping_diag] success_cum_shaping=313.35 T=111 d_init=104.5 d_final=0.0
 Retrying in 1 seconds
[shaping_diag] success_cum_shaping=313.35 T=110 d_init=104.5 d_final=0.0
Warning: Vehicle 'other' performs emergency braking on lane ':center_8_0' with decel=9.00, wished=4.00, severity=1.00, time=7.10.
 Retrying in 1 seconds
 Retrying in 1 seconds
[shaping_diag] success_cum_shaping=313.35 T=111 d_init=104.5 d_final=0.0
 Retrying in 1 seconds
[shaping_diag] success_cum_shaping=313.35 T=111 d_init=104.5 d_final=0.0
 Retrying in 1 seconds
[shaping_diag] success_cum_shaping=313.35 T=112 d_init=104.5 d_final=0.0
 Retrying in 1 seconds
[shaping_diag] success_cum_shaping=313.35 T=111 d_init=104.5 d_final=0.0
 Retrying in 1 seconds
[shaping_diag] success_cum_shaping=313.35 T=113 d_init=104.5 d_final=0.0
 Retrying in 1 seconds
[shaping_diag] success_cum_shaping=313.35 T=111 d_init=104.5 d_final=0.0
Warning: Vehicle 'other'; junction collision with vehicle 'ego', lane=':center_8_0', gap=-1.00, time=7.00 stage=move.
 Retrying in 1 seconds
 Retrying in 1 seconds
[shaping_diag] success_cum_shaping=313.35 T=110 d_init=104.5 d_final=0.0
Warning: Vehicle 'other' performs emergency braking on lane 'left_in_0' with decel=9.00, wished=5.00, severity=1.00, time=6.50.
 Retrying in 1 seconds
[shaping_diag] success_cum_shaping=313.35 T=110 d_init=104.5 d_final=0.0
 Retrying in 1 seconds
[shaping_diag] success_cum_shaping=313.35 T=111 d_init=104.5 d_final=0.0
 Retrying in 1 seconds
[shaping_diag] success_cum_shaping=313.35 T=110 d_init=104.5 d_final=0.0
 Retrying in 1 seconds
[shaping_diag] success_cum_shaping=313.35 T=110 d_init=104.5 d_final=0.0
 Retrying in 1 seconds
[shaping_diag] success_cum_shaping=313.35 T=110 d_init=104.5 d_final=0.0
 Retrying in 1 seconds
[shaping_diag] success_cum_shaping=313.35 T=112 d_init=104.5 d_final=0.0
 Retrying in 1 seconds
[shaping_diag] success_cum_shaping=313.35 T=110 d_init=104.5 d_final=0.0
Warning: Vehicle 'other' performs emergency braking on lane 'left_in_0' with decel=9.00, wished=5.00, severity=1.00, time=6.50.
 Retrying in 1 seconds
[shaping_diag] success_cum_shaping=313.35 T=110 d_init=104.5 d_final=0.0
 Retrying in 1 seconds
[shaping_diag] success_cum_shaping=313.35 T=111 d_init=104.5 d_final=0.0
Warning: Vehicle 'other' performs emergency braking on lane ':center_8_0' with decel=9.00, wished=4.00, severity=1.00, time=6.70.
 Retrying in 1 seconds
[shaping_diag] success_cum_shaping=313.35 T=112 d_init=104.5 d_final=0.0
 Retrying in 1 seconds
[shaping_diag] success_cum_shaping=313.35 T=110 d_init=104.5 d_final=0.0
Warning: Vehicle 'ego'; junction collision with vehicle 'other', lane=':center_11_0', gap=-1.00, time=7.00 stage=move.
 Retrying in 1 seconds
 Retrying in 1 seconds
 Retrying in 1 seconds
[shaping_diag] success_cum_shaping=313.35 T=111 d_init=104.5 d_final=0.0
 Retrying in 1 seconds
[shaping_diag] success_cum_shaping=313.35 T=111 d_init=104.5 d_final=0.0
Warning: Vehicle 'other' performs emergency braking on lane 'left_in_0' with decel=9.00, wished=7.00, severity=1.00, time=6.50.
 Retrying in 1 seconds
[shaping_diag] success_cum_shaping=313.35 T=111 d_init=104.5 d_final=0.0
 Retrying in 1 seconds
[shaping_diag] success_cum_shaping=313.35 T=110 d_init=104.5 d_final=0.0
 Retrying in 1 seconds
[shaping_diag] success_cum_shaping=313.35 T=110 d_init=104.5 d_final=0.0
 Retrying in 1 seconds
[shaping_diag] success_cum_shaping=313.35 T=111 d_init=104.5 d_final=0.0
Warning: Vehicle 'other' performs emergency braking on lane 'left_in_0' with decel=9.00, wished=7.00, severity=1.00, time=6.50.
 Retrying in 1 seconds
[shaping_diag] success_cum_shaping=313.35 T=111 d_init=104.5 d_final=0.0
 Retrying in 1 seconds
[shaping_diag] success_cum_shaping=313.35 T=111 d_init=104.5 d_final=0.0
 Retrying in 1 seconds
[shaping_diag] success_cum_shaping=313.35 T=110 d_init=104.5 d_final=0.0
 Retrying in 1 seconds
 Retrying in 1 seconds
[shaping_diag] success_cum_shaping=313.35 T=110 d_init=104.5 d_final=0.0
 Retrying in 1 seconds
[shaping_diag] success_cum_shaping=313.35 T=112 d_init=104.5 d_final=0.0
 Retrying in 1 seconds
[shaping_diag] success_cum_shaping=313.35 T=111 d_init=104.5 d_final=0.0
 Retrying in 1 seconds
[shaping_diag] success_cum_shaping=313.35 T=112 d_init=104.5 d_final=0.0
 Retrying in 1 seconds
[shaping_diag] success_cum_shaping=313.35 T=113 d_init=104.5 d_final=0.0
Warning: Vehicle 'other' performs emergency braking on lane 'left_in_0' with decel=9.00, wished=7.00, severity=1.00, time=6.50.
 Retrying in 1 seconds
[shaping_diag] success_cum_shaping=313.35 T=110 d_init=104.5 d_final=0.0
 Retrying in 1 seconds
[shaping_diag] success_cum_shaping=313.35 T=110 d_init=104.5 d_final=0.0
Warning: Vehicle 'other' performs emergency braking on lane 'left_in_0' with decel=9.00, wished=7.00, severity=1.00, time=6.50.
 Retrying in 1 seconds
[shaping_diag] success_cum_shaping=313.35 T=110 d_init=104.5 d_final=0.0
 Retrying in 1 seconds
[shaping_diag] success_cum_shaping=313.35 T=110 d_init=104.5 d_final=0.0
 Retrying in 1 seconds
[shaping_diag] success_cum_shaping=313.35 T=112 d_init=104.5 d_final=0.0
 Retrying in 1 seconds
[shaping_diag] success_cum_shaping=313.35 T=110 d_init=104.5 d_final=0.0
 Retrying in 1 seconds
[shaping_diag] success_cum_shaping=313.35 T=112 d_init=104.5 d_final=0.0
 Retrying in 1 seconds
[shaping_diag] success_cum_shaping=313.35 T=110 d_init=104.5 d_final=0.0
 Retrying in 1 seconds
[shaping_diag] success_cum_shaping=313.35 T=111 d_init=104.5 d_final=0.0
 Retrying in 1 seconds
[shaping_diag] success_cum_shaping=313.35 T=111 d_init=104.5 d_final=0.0
 Retrying in 1 seconds
[shaping_diag] success_cum_shaping=313.35 T=111 d_init=104.5 d_final=0.0
 Retrying in 1 seconds
[shaping_diag] success_cum_shaping=313.35 T=110 d_init=104.5 d_final=0.0
 Retrying in 1 seconds
[shaping_diag] success_cum_shaping=313.35 T=122 d_init=104.5 d_final=0.0
 Retrying in 1 seconds
[shaping_diag] success_cum_shaping=313.35 T=122 d_init=104.5 d_final=0.0
 Retrying in 1 seconds
[shaping_diag] success_cum_shaping=313.35 T=110 d_init=104.5 d_final=0.0
 Retrying in 1 seconds
[shaping_diag] success_cum_shaping=313.35 T=110 d_init=104.5 d_final=0.0
Warning: Vehicle 'ego'; junction collision with vehicle 'other', lane=':center_11_0', gap=-1.00, time=7.30 stage=move.
 Retrying in 1 seconds
 Retrying in 1 seconds
[shaping_diag] success_cum_shaping=313.35 T=112 d_init=104.5 d_final=0.0
 Retrying in 1 seconds
[shaping_diag] success_cum_shaping=313.35 T=110 d_init=104.5 d_final=0.0
 Retrying in 1 seconds
[shaping_diag] success_cum_shaping=313.35 T=110 d_init=104.5 d_final=0.0
 Retrying in 1 seconds
[shaping_diag] success_cum_shaping=313.35 T=110 d_init=104.5 d_final=0.0
 Retrying in 1 seconds
[shaping_diag] success_cum_shaping=313.35 T=111 d_init=104.5 d_final=0.0
 Retrying in 1 seconds
[shaping_diag] success_cum_shaping=313.35 T=110 d_init=104.5 d_final=0.0
 Retrying in 1 seconds
[shaping_diag] success_cum_shaping=313.35 T=110 d_init=104.5 d_final=0.0
 Retrying in 1 seconds
[shaping_diag] success_cum_shaping=313.35 T=110 d_init=104.5 d_final=0.0
 Retrying in 1 seconds
[shaping_diag] success_cum_shaping=313.35 T=111 d_init=104.5 d_final=0.0
 Retrying in 1 seconds
[shaping_diag] success_cum_shaping=313.35 T=110 d_init=104.5 d_final=0.0
 Retrying in 1 seconds
[shaping_diag] success_cum_shaping=313.35 T=112 d_init=104.5 d_final=0.0
 Retrying in 1 seconds
 Retrying in 1 seconds
[shaping_diag] success_cum_shaping=313.35 T=110 d_init=104.5 d_final=0.0
 Retrying in 1 seconds
[shaping_diag] success_cum_shaping=313.35 T=110 d_init=104.5 d_final=0.0
 Retrying in 1 seconds
[shaping_diag] success_cum_shaping=313.35 T=110 d_init=104.5 d_final=0.0
 Retrying in 1 seconds
 Retrying in 1 seconds
[shaping_diag] success_cum_shaping=313.35 T=110 d_init=104.5 d_final=0.0
 Retrying in 1 seconds
[shaping_diag] success_cum_shaping=313.35 T=110 d_init=104.5 d_final=0.0
 Retrying in 1 seconds
[shaping_diag] success_cum_shaping=313.35 T=113 d_init=104.5 d_final=0.0
 Retrying in 1 seconds
[shaping_diag] success_cum_shaping=313.35 T=111 d_init=104.5 d_final=0.0
 Retrying in 1 seconds
[shaping_diag] success_cum_shaping=313.35 T=111 d_init=104.5 d_final=0.0
Warning: Vehicle 'ego'; collision with vehicle 'other', lane='right_in_1', gap=-0.22, time=3.20 stage=move.
 Retrying in 1 seconds
 Retrying in 1 seconds
[shaping_diag] success_cum_shaping=313.35 T=110 d_init=104.5 d_final=0.0
 Retrying in 1 seconds
[shaping_diag] success_cum_shaping=313.35 T=110 d_init=104.5 d_final=0.0
 Retrying in 1 seconds
[shaping_diag] success_cum_shaping=313.35 T=111 d_init=104.5 d_final=0.0
 Retrying in 1 seconds
[shaping_diag] success_cum_shaping=313.35 T=111 d_init=104.5 d_final=0.0
 Retrying in 1 seconds
[shaping_diag] success_cum_shaping=313.35 T=110 d_init=104.5 d_final=0.0
 Retrying in 1 seconds
[shaping_diag] success_cum_shaping=313.35 T=113 d_init=104.5 d_final=0.0
 Retrying in 1 seconds
[shaping_diag] success_cum_shaping=313.35 T=110 d_init=104.5 d_final=0.0
 Retrying in 1 seconds
[shaping_diag] success_cum_shaping=313.35 T=110 d_init=104.5 d_final=0.0
 Retrying in 1 seconds
[shaping_diag] success_cum_shaping=313.35 T=113 d_init=104.5 d_final=0.0
 Retrying in 1 seconds
[shaping_diag] success_cum_shaping=313.35 T=110 d_init=104.5 d_final=0.0
 Retrying in 1 seconds
[shaping_diag] success_cum_shaping=313.35 T=115 d_init=104.5 d_final=0.0
 Retrying in 1 seconds
[shaping_diag] success_cum_shaping=313.35 T=110 d_init=104.5 d_final=0.0
 Retrying in 1 seconds
[shaping_diag] success_cum_shaping=313.35 T=115 d_init=104.5 d_final=0.0
 Retrying in 1 seconds
[shaping_diag] success_cum_shaping=313.35 T=123 d_init=104.5 d_final=0.0
Warning: Vehicle 'other'; junction collision with vehicle 'ego', lane=':center_8_0', gap=-1.00, time=7.00 stage=move.
 Retrying in 1 seconds
 Retrying in 1 seconds
[shaping_diag] success_cum_shaping=313.35 T=123 d_init=104.5 d_final=0.0
 Retrying in 1 seconds
[shaping_diag] success_cum_shaping=313.35 T=110 d_init=104.5 d_final=0.0
 Retrying in 1 seconds
[shaping_diag] success_cum_shaping=313.35 T=110 d_init=104.5 d_final=0.0
Warning: Vehicle 'other' performs emergency braking on lane 'left_in_0' with decel=9.00, wished=5.00, severity=1.00, time=6.50.
 Retrying in 1 seconds
[shaping_diag] success_cum_shaping=313.35 T=111 d_init=104.5 d_final=0.0
 Retrying in 1 seconds
[shaping_diag] success_cum_shaping=313.35 T=110 d_init=104.5 d_final=0.0
 Retrying in 1 seconds
[shaping_diag] success_cum_shaping=313.35 T=111 d_init=104.5 d_final=0.0
 Retrying in 1 seconds
[shaping_diag] success_cum_shaping=313.35 T=110 d_init=104.5 d_final=0.0
Warning: Vehicle 'ego'; junction collision with vehicle 'other', lane=':center_11_0', gap=-1.00, time=7.30 stage=move.
 Retrying in 1 seconds
 Retrying in 1 seconds
[shaping_diag] success_cum_shaping=313.35 T=111 d_init=104.5 d_final=0.0
 Retrying in 1 seconds
[shaping_diag] success_cum_shaping=313.35 T=110 d_init=104.5 d_final=0.0
 Retrying in 1 seconds
[shaping_diag] success_cum_shaping=313.35 T=118 d_init=104.5 d_final=0.0
 Retrying in 1 seconds
[shaping_diag] success_cum_shaping=313.35 T=110 d_init=104.5 d_final=0.0
 Retrying in 1 seconds
[shaping_diag] success_cum_shaping=313.35 T=111 d_init=104.5 d_final=0.0
 Retrying in 1 seconds
[shaping_diag] success_cum_shaping=313.35 T=111 d_init=104.5 d_final=0.0
 Retrying in 1 seconds
[shaping_diag] success_cum_shaping=313.35 T=135 d_init=104.5 d_final=0.0
 Retrying in 1 seconds
[shaping_diag] success_cum_shaping=313.35 T=110 d_init=104.5 d_final=0.0
 Retrying in 1 seconds
 Retrying in 1 seconds
[shaping_diag] success_cum_shaping=313.35 T=111 d_init=104.5 d_final=0.0
 Retrying in 1 seconds
[shaping_diag] success_cum_shaping=313.35 T=110 d_init=104.5 d_final=0.0
 Retrying in 1 seconds
 Retrying in 1 seconds
[shaping_diag] success_cum_shaping=313.35 T=110 d_init=104.5 d_final=0.0
Warning: Vehicle 'other'; junction collision with vehicle 'ego', lane=':center_8_0', gap=-1.00, time=7.20 stage=move.
 Retrying in 1 seconds
 Retrying in 1 seconds
[shaping_diag] success_cum_shaping=313.35 T=110 d_init=104.5 d_final=0.0
 Retrying in 1 seconds
[shaping_diag] success_cum_shaping=313.35 T=110 d_init=104.5 d_final=0.0
 Retrying in 1 seconds
[shaping_diag] success_cum_shaping=313.35 T=110 d_init=104.5 d_final=0.0
 Retrying in 1 seconds
[shaping_diag] success_cum_shaping=313.35 T=110 d_init=104.5 d_final=0.0
 Retrying in 1 seconds
[shaping_diag] success_cum_shaping=313.35 T=110 d_init=104.5 d_final=0.0
Warning: Vehicle 'other' performs emergency braking on lane 'left_in_0' with decel=9.00, wished=5.00, severity=1.00, time=6.60.
[cbf_aux] step=331776 ret=295.63 coll=2 ttc=5.27 cbf_res=0.0000
 Retrying in 1 seconds
[shaping_diag] success_cum_shaping=313.35 T=111 d_init=104.5 d_final=0.0
 Retrying in 1 seconds
[shaping_diag] success_cum_shaping=313.35 T=110 d_init=104.5 d_final=0.0
 Retrying in 1 seconds
[shaping_diag] success_cum_shaping=313.35 T=110 d_init=104.5 d_final=0.0
 Retrying in 1 seconds
[shaping_diag] success_cum_shaping=313.35 T=110 d_init=104.5 d_final=0.0
 Retrying in 1 seconds
[shaping_diag] success_cum_shaping=313.35 T=110 d_init=104.5 d_final=0.0
 Retrying in 1 seconds
 Retrying in 1 seconds
[shaping_diag] success_cum_shaping=313.35 T=113 d_init=104.5 d_final=0.0
 Retrying in 1 seconds
[shaping_diag] success_cum_shaping=313.35 T=118 d_init=104.5 d_final=0.0
 Retrying in 1 seconds
[shaping_diag] success_cum_shaping=313.35 T=110 d_init=104.5 d_final=0.0
 Retrying in 1 seconds
[shaping_diag] success_cum_shaping=313.35 T=110 d_init=104.5 d_final=0.0
 Retrying in 1 seconds
[shaping_diag] success_cum_shaping=313.35 T=118 d_init=104.5 d_final=0.0
 Retrying in 1 seconds
[shaping_diag] success_cum_shaping=313.35 T=110 d_init=104.5 d_final=0.0
 Retrying in 1 seconds
[shaping_diag] success_cum_shaping=313.35 T=111 d_init=104.5 d_final=0.0
 Retrying in 1 seconds
[shaping_diag] success_cum_shaping=313.35 T=111 d_init=104.5 d_final=0.0
Warning: Vehicle 'other' performs emergency braking on lane 'left_in_0' with decel=9.00, wished=5.00, severity=1.00, time=6.50.
 Retrying in 1 seconds
[shaping_diag] success_cum_shaping=313.35 T=110 d_init=104.5 d_final=0.0
 Retrying in 1 seconds
 Retrying in 1 seconds
[shaping_diag] success_cum_shaping=313.35 T=113 d_init=104.5 d_final=0.0
 Retrying in 1 seconds
[shaping_diag] success_cum_shaping=313.35 T=112 d_init=104.5 d_final=0.0
 Retrying in 1 seconds
[shaping_diag] success_cum_shaping=313.35 T=111 d_init=104.5 d_final=0.0
 Retrying in 1 seconds
[shaping_diag] success_cum_shaping=313.35 T=112 d_init=104.5 d_final=0.0
 Retrying in 1 seconds
[shaping_diag] success_cum_shaping=313.35 T=111 d_init=104.5 d_final=0.0
 Retrying in 1 seconds
[shaping_diag] success_cum_shaping=313.35 T=114 d_init=104.5 d_final=0.0
 Retrying in 1 seconds
[shaping_diag] success_cum_shaping=313.35 T=112 d_init=104.5 d_final=0.0
 Retrying in 1 seconds
[shaping_diag] success_cum_shaping=313.35 T=111 d_init=104.5 d_final=0.0
 Retrying in 1 seconds
[shaping_diag] success_cum_shaping=313.35 T=110 d_init=104.5 d_final=0.0
 Retrying in 1 seconds
[shaping_diag] success_cum_shaping=313.35 T=110 d_init=104.5 d_final=0.0
 Retrying in 1 seconds
[shaping_diag] success_cum_shaping=313.35 T=110 d_init=104.5 d_final=0.0
Warning: Vehicle 'other' performs emergency braking on lane 'left_in_0' with decel=9.00, wished=5.00, severity=1.00, time=6.50.
Warning: Vehicle 'other'; junction collision with vehicle 'ego', lane=':center_8_0', gap=-1.00, time=7.50 stage=move.
 Retrying in 1 seconds
 Retrying in 1 seconds
 Retrying in 1 seconds
[shaping_diag] success_cum_shaping=313.35 T=111 d_init=104.5 d_final=0.0
 Retrying in 1 seconds
[shaping_diag] success_cum_shaping=313.35 T=111 d_init=104.5 d_final=0.0
 Retrying in 1 seconds
[shaping_diag] success_cum_shaping=313.35 T=111 d_init=104.5 d_final=0.0
 Retrying in 1 seconds
[shaping_diag] success_cum_shaping=313.35 T=129 d_init=104.5 d_final=0.0
 Retrying in 1 seconds
[shaping_diag] success_cum_shaping=313.35 T=112 d_init=104.5 d_final=0.0
 Retrying in 1 seconds
[shaping_diag] success_cum_shaping=313.35 T=112 d_init=104.5 d_final=0.0
Warning: Vehicle 'ego'; junction collision with vehicle 'other', lane=':center_11_0', gap=-1.00, time=7.50 stage=move.
 Retrying in 1 seconds
 Retrying in 1 seconds
[shaping_diag] success_cum_shaping=313.35 T=110 d_init=104.5 d_final=0.0
 Retrying in 1 seconds
[shaping_diag] success_cum_shaping=313.35 T=112 d_init=104.5 d_final=0.0
 Retrying in 1 seconds
 Retrying in 1 seconds
[shaping_diag] success_cum_shaping=313.35 T=111 d_init=104.5 d_final=0.0
Warning: Vehicle 'ego'; junction collision with vehicle 'other', lane=':center_11_0', gap=-1.00, time=7.00 stage=move.
 Retrying in 1 seconds
 Retrying in 1 seconds
[shaping_diag] success_cum_shaping=313.35 T=110 d_init=104.5 d_final=0.0
 Retrying in 1 seconds
[shaping_diag] success_cum_shaping=313.35 T=112 d_init=104.5 d_final=0.0
Warning: Vehicle 'other' performs emergency braking on lane 'left_in_0' with decel=9.00, wished=5.00, severity=1.00, time=6.50.
 Retrying in 1 seconds
[shaping_diag] success_cum_shaping=313.35 T=110 d_init=104.5 d_final=0.0
 Retrying in 1 seconds
[shaping_diag] success_cum_shaping=313.35 T=111 d_init=104.5 d_final=0.0
 Retrying in 1 seconds
[shaping_diag] success_cum_shaping=313.35 T=131 d_init=104.5 d_final=0.0
 Retrying in 1 seconds
[shaping_diag] success_cum_shaping=313.35 T=110 d_init=104.5 d_final=0.0
 Retrying in 1 seconds
[shaping_diag] success_cum_shaping=313.35 T=111 d_init=104.5 d_final=0.0
 Retrying in 1 seconds
[shaping_diag] success_cum_shaping=313.35 T=112 d_init=104.5 d_final=0.0
 Retrying in 1 seconds
[shaping_diag] success_cum_shaping=313.35 T=112 d_init=104.5 d_final=0.0
 Retrying in 1 seconds
[shaping_diag] success_cum_shaping=313.35 T=112 d_init=104.5 d_final=0.0
 Retrying in 1 seconds
[shaping_diag] success_cum_shaping=313.35 T=111 d_init=104.5 d_final=0.0
 Retrying in 1 seconds
[shaping_diag] success_cum_shaping=313.35 T=110 d_init=104.5 d_final=0.0
 Retrying in 1 seconds
[shaping_diag] success_cum_shaping=313.35 T=112 d_init=104.5 d_final=0.0
 Retrying in 1 seconds
[shaping_diag] success_cum_shaping=313.35 T=112 d_init=104.5 d_final=0.0
 Retrying in 1 seconds
[shaping_diag] success_cum_shaping=313.35 T=112 d_init=104.5 d_final=0.0
 Retrying in 1 seconds
[shaping_diag] success_cum_shaping=313.35 T=110 d_init=104.5 d_final=0.0
 Retrying in 1 seconds
[shaping_diag] success_cum_shaping=313.35 T=116 d_init=104.5 d_final=0.0
 Retrying in 1 seconds
[shaping_diag] success_cum_shaping=313.35 T=112 d_init=104.5 d_final=0.0
Warning: Vehicle 'other' performs emergency braking on lane 'left_in_0' with decel=9.00, wished=5.00, severity=1.00, time=6.50.
 Retrying in 1 seconds
[shaping_diag] success_cum_shaping=313.35 T=110 d_init=104.5 d_final=0.0
 Retrying in 1 seconds
[shaping_diag] success_cum_shaping=313.35 T=111 d_init=104.5 d_final=0.0
 Retrying in 1 seconds
[shaping_diag] success_cum_shaping=313.35 T=114 d_init=104.5 d_final=0.0
 Retrying in 1 seconds
[shaping_diag] success_cum_shaping=313.35 T=112 d_init=104.5 d_final=0.0
Warning: Vehicle 'other' performs emergency braking on lane 'left_in_0' with decel=9.00, wished=5.00, severity=1.00, time=6.50.
 Retrying in 1 seconds
[shaping_diag] success_cum_shaping=313.35 T=111 d_init=104.5 d_final=0.0
 Retrying in 1 seconds
[shaping_diag] success_cum_shaping=313.35 T=110 d_init=104.5 d_final=0.0
 Retrying in 1 seconds
[shaping_diag] success_cum_shaping=313.35 T=110 d_init=104.5 d_final=0.0
 Retrying in 1 seconds
[shaping_diag] success_cum_shaping=313.35 T=110 d_init=104.5 d_final=0.0
 Retrying in 1 seconds
[shaping_diag] success_cum_shaping=313.35 T=111 d_init=104.5 d_final=0.0
 Retrying in 1 seconds
[shaping_diag] success_cum_shaping=313.35 T=112 d_init=104.5 d_final=0.0
 Retrying in 1 seconds
[shaping_diag] success_cum_shaping=313.35 T=110 d_init=104.5 d_final=0.0
 Retrying in 1 seconds
[shaping_diag] success_cum_shaping=313.35 T=110 d_init=104.5 d_final=0.0
 Retrying in 1 seconds
[shaping_diag] success_cum_shaping=313.35 T=111 d_init=104.5 d_final=0.0
 Retrying in 1 seconds
[shaping_diag] success_cum_shaping=313.35 T=110 d_init=104.5 d_final=0.0
 Retrying in 1 seconds
[shaping_diag] success_cum_shaping=313.35 T=110 d_init=104.5 d_final=0.0
 Retrying in 1 seconds
[shaping_diag] success_cum_shaping=313.35 T=115 d_init=104.5 d_final=0.0
 Retrying in 1 seconds
[shaping_diag] success_cum_shaping=313.35 T=111 d_init=104.5 d_final=0.0
Warning: Vehicle 'other' performs emergency braking on lane 'left_in_0' with decel=9.00, wished=7.00, severity=1.00, time=6.60.
 Retrying in 1 seconds
 Retrying in 1 seconds
[shaping_diag] success_cum_shaping=313.35 T=114 d_init=104.5 d_final=0.0
 Retrying in 1 seconds
[shaping_diag] success_cum_shaping=313.35 T=110 d_init=104.5 d_final=0.0
 Retrying in 1 seconds
[shaping_diag] success_cum_shaping=313.35 T=112 d_init=104.5 d_final=0.0
 Retrying in 1 seconds
[shaping_diag] success_cum_shaping=313.35 T=110 d_init=104.5 d_final=0.0
 Retrying in 1 seconds
[shaping_diag] success_cum_shaping=313.35 T=111 d_init=104.5 d_final=0.0
 Retrying in 1 seconds
[shaping_diag] success_cum_shaping=313.35 T=111 d_init=104.5 d_final=0.0
 Retrying in 1 seconds
[shaping_diag] success_cum_shaping=313.35 T=110 d_init=104.5 d_final=0.0
 Retrying in 1 seconds
[shaping_diag] success_cum_shaping=313.35 T=110 d_init=104.5 d_final=0.0
Warning: Vehicle 'other' performs emergency braking on lane ':center_8_0' with decel=9.00, wished=3.00, severity=1.00, time=7.10.
 Retrying in 1 seconds
[shaping_diag] success_cum_shaping=313.35 T=113 d_init=104.5 d_final=0.0
 Retrying in 1 seconds
[shaping_diag] success_cum_shaping=313.35 T=113 d_init=104.5 d_final=0.0
 Retrying in 1 seconds
[shaping_diag] success_cum_shaping=313.35 T=110 d_init=104.5 d_final=0.0
 Retrying in 1 seconds
[shaping_diag] success_cum_shaping=313.35 T=121 d_init=104.5 d_final=0.0
Warning: Vehicle 'other'; junction collision with vehicle 'ego', lane=':center_8_0', gap=-1.00, time=7.40 stage=move.
 Retrying in 1 seconds
 Retrying in 1 seconds
[shaping_diag] success_cum_shaping=313.35 T=111 d_init=104.5 d_final=0.0
 Retrying in 1 seconds
[shaping_diag] success_cum_shaping=313.35 T=114 d_init=104.5 d_final=0.0
 Retrying in 1 seconds
[shaping_diag] success_cum_shaping=313.35 T=111 d_init=104.5 d_final=0.0
 Retrying in 1 seconds
[shaping_diag] success_cum_shaping=313.35 T=111 d_init=104.5 d_final=0.0
 Retrying in 1 seconds
[shaping_diag] success_cum_shaping=313.35 T=110 d_init=104.5 d_final=0.0
 Retrying in 1 seconds
[shaping_diag] success_cum_shaping=313.35 T=111 d_init=104.5 d_final=0.0
 Retrying in 1 seconds
[shaping_diag] success_cum_shaping=313.35 T=110 d_init=104.5 d_final=0.0
 Retrying in 1 seconds
[shaping_diag] success_cum_shaping=313.35 T=113 d_init=104.5 d_final=0.0
 Retrying in 1 seconds
[shaping_diag] success_cum_shaping=313.35 T=111 d_init=104.5 d_final=0.0
 Retrying in 1 seconds
[shaping_diag] success_cum_shaping=313.35 T=110 d_init=104.5 d_final=0.0
 Retrying in 1 seconds
[shaping_diag] success_cum_shaping=313.35 T=112 d_init=104.5 d_final=0.0
 Retrying in 1 seconds
[shaping_diag] success_cum_shaping=313.35 T=110 d_init=104.5 d_final=0.0
 Retrying in 1 seconds
[shaping_diag] success_cum_shaping=313.35 T=110 d_init=104.5 d_final=0.0
 Retrying in 1 seconds
[shaping_diag] success_cum_shaping=313.35 T=111 d_init=104.5 d_final=0.0
 Retrying in 1 seconds
[shaping_diag] success_cum_shaping=313.35 T=112 d_init=104.5 d_final=0.0
 Retrying in 1 seconds
[shaping_diag] success_cum_shaping=313.35 T=113 d_init=104.5 d_final=0.0
 Retrying in 1 seconds
 Retrying in 1 seconds
[shaping_diag] success_cum_shaping=313.35 T=121 d_init=104.5 d_final=0.0
 Retrying in 1 seconds
[shaping_diag] success_cum_shaping=313.35 T=112 d_init=104.5 d_final=0.0
 Retrying in 1 seconds
[shaping_diag] success_cum_shaping=313.35 T=114 d_init=104.5 d_final=0.0
 Retrying in 1 seconds
[shaping_diag] success_cum_shaping=313.35 T=129 d_init=104.5 d_final=0.0
Warning: Vehicle 'ego'; collision with vehicle 'other', lane='right_in_1', gap=-0.22, time=5.80 stage=move.
 Retrying in 1 seconds
 Retrying in 1 seconds
[shaping_diag] success_cum_shaping=313.35 T=113 d_init=104.5 d_final=0.0
 Retrying in 1 seconds
[shaping_diag] success_cum_shaping=313.35 T=111 d_init=104.5 d_final=0.0
Warning: Vehicle 'other' performs emergency braking on lane 'left_in_0' with decel=9.00, wished=5.00, severity=1.00, time=6.50.
 Retrying in 1 seconds
 Retrying in 1 seconds
[shaping_diag] success_cum_shaping=313.35 T=110 d_init=104.5 d_final=0.0
 Retrying in 1 seconds
[shaping_diag] success_cum_shaping=313.35 T=113 d_init=104.5 d_final=0.0
 Retrying in 1 seconds
[shaping_diag] success_cum_shaping=313.35 T=110 d_init=104.5 d_final=0.0
 Retrying in 1 seconds
[shaping_diag] success_cum_shaping=313.35 T=111 d_init=104.5 d_final=0.0
 Retrying in 1 seconds
[shaping_diag] success_cum_shaping=313.35 T=112 d_init=104.5 d_final=0.0
 Retrying in 1 seconds
[shaping_diag] success_cum_shaping=313.35 T=111 d_init=104.5 d_final=0.0
 Retrying in 1 seconds
[shaping_diag] success_cum_shaping=313.35 T=116 d_init=104.5 d_final=0.0
 Retrying in 1 seconds
[shaping_diag] success_cum_shaping=313.35 T=110 d_init=104.5 d_final=0.0
 Retrying in 1 seconds
[shaping_diag] success_cum_shaping=313.35 T=110 d_init=104.5 d_final=0.0
 Retrying in 1 seconds
[shaping_diag] success_cum_shaping=313.35 T=110 d_init=104.5 d_final=0.0
 Retrying in 1 seconds
[shaping_diag] success_cum_shaping=313.35 T=114 d_init=104.5 d_final=0.0
 Retrying in 1 seconds
[shaping_diag] success_cum_shaping=313.35 T=122 d_init=104.5 d_final=0.0
 Retrying in 1 seconds
[shaping_diag] success_cum_shaping=313.35 T=112 d_init=104.5 d_final=0.0
 Retrying in 1 seconds
[shaping_diag] success_cum_shaping=313.35 T=123 d_init=104.5 d_final=0.0
 Retrying in 1 seconds
[shaping_diag] success_cum_shaping=313.35 T=122 d_init=104.5 d_final=0.0
 Retrying in 1 seconds
[shaping_diag] success_cum_shaping=313.35 T=111 d_init=104.5 d_final=0.0
Warning: Vehicle 'ego'; junction collision with vehicle 'other', lane=':center_11_0', gap=-1.00, time=7.00 stage=move.
 Retrying in 1 seconds
 Retrying in 1 seconds
[shaping_diag] success_cum_shaping=313.35 T=110 d_init=104.5 d_final=0.0
 Retrying in 1 seconds
[shaping_diag] success_cum_shaping=313.35 T=116 d_init=104.5 d_final=0.0
 Retrying in 1 seconds
[shaping_diag] success_cum_shaping=313.35 T=110 d_init=104.5 d_final=0.0
 Retrying in 1 seconds
[shaping_diag] success_cum_shaping=313.35 T=110 d_init=104.5 d_final=0.0
 Retrying in 1 seconds
[shaping_diag] success_cum_shaping=313.35 T=110 d_init=104.5 d_final=0.0
 Retrying in 1 seconds
[shaping_diag] success_cum_shaping=313.35 T=112 d_init=104.5 d_final=0.0
 Retrying in 1 seconds
[shaping_diag] success_cum_shaping=313.35 T=111 d_init=104.5 d_final=0.0
 Retrying in 1 seconds
[shaping_diag] success_cum_shaping=313.35 T=110 d_init=104.5 d_final=0.0
 Retrying in 1 seconds
[shaping_diag] success_cum_shaping=313.35 T=112 d_init=104.5 d_final=0.0
Warning: Vehicle 'other'; junction collision with vehicle 'ego', lane=':center_8_0', gap=-1.00, time=7.20 stage=move.
 Retrying in 1 seconds
 Retrying in 1 seconds
[shaping_diag] success_cum_shaping=313.35 T=113 d_init=104.5 d_final=0.0
 Retrying in 1 seconds
[shaping_diag] success_cum_shaping=313.35 T=111 d_init=104.5 d_final=0.0
 Retrying in 1 seconds
[shaping_diag] success_cum_shaping=313.35 T=110 d_init=104.5 d_final=0.0
 Retrying in 1 seconds
[shaping_diag] success_cum_shaping=313.35 T=111 d_init=104.5 d_final=0.0
 Retrying in 1 seconds
[shaping_diag] success_cum_shaping=313.35 T=112 d_init=104.5 d_final=0.0
 Retrying in 1 seconds
[shaping_diag] success_cum_shaping=313.35 T=116 d_init=104.5 d_final=0.0
 Retrying in 1 seconds
[shaping_diag] success_cum_shaping=313.35 T=110 d_init=104.5 d_final=0.0
 Retrying in 1 seconds
[shaping_diag] success_cum_shaping=313.35 T=116 d_init=104.5 d_final=0.0
 Retrying in 1 seconds
[shaping_diag] success_cum_shaping=313.35 T=111 d_init=104.5 d_final=0.0
 Retrying in 1 seconds
[shaping_diag] success_cum_shaping=313.35 T=110 d_init=104.5 d_final=0.0
 Retrying in 1 seconds
 Retrying in 1 seconds
[shaping_diag] success_cum_shaping=313.35 T=113 d_init=104.5 d_final=0.0
 Retrying in 1 seconds
[shaping_diag] success_cum_shaping=313.35 T=110 d_init=104.5 d_final=0.0
 Retrying in 1 seconds
[shaping_diag] success_cum_shaping=313.35 T=121 d_init=104.5 d_final=0.0
 Retrying in 1 seconds
[shaping_diag] success_cum_shaping=313.35 T=114 d_init=104.5 d_final=0.0
 Retrying in 1 seconds
[shaping_diag] success_cum_shaping=313.35 T=115 d_init=104.5 d_final=0.0
 Retrying in 1 seconds
[shaping_diag] success_cum_shaping=313.35 T=111 d_init=104.5 d_final=0.0
 Retrying in 1 seconds
[shaping_diag] success_cum_shaping=313.35 T=116 d_init=104.5 d_final=0.0
 Retrying in 1 seconds
[shaping_diag] success_cum_shaping=313.35 T=122 d_init=104.5 d_final=0.0
 Retrying in 1 seconds
[shaping_diag] success_cum_shaping=313.35 T=123 d_init=104.5 d_final=0.0
 Retrying in 1 seconds
[shaping_diag] success_cum_shaping=313.35 T=112 d_init=104.5 d_final=0.0
 Retrying in 1 seconds
[shaping_diag] success_cum_shaping=313.35 T=110 d_init=104.5 d_final=0.0
 Retrying in 1 seconds
[shaping_diag] success_cum_shaping=313.35 T=110 d_init=104.5 d_final=0.0
 Retrying in 1 seconds
[shaping_diag] success_cum_shaping=313.35 T=120 d_init=104.5 d_final=0.0
 Retrying in 1 seconds
 Retrying in 1 seconds
[shaping_diag] success_cum_shaping=313.35 T=116 d_init=104.5 d_final=0.0
 Retrying in 1 seconds
[shaping_diag] success_cum_shaping=313.35 T=114 d_init=104.5 d_final=0.0
Warning: Vehicle 'other' performs emergency braking on lane 'left_in_0' with decel=9.00, wished=5.00, severity=1.00, time=6.50.
 Retrying in 1 seconds
[shaping_diag] success_cum_shaping=313.35 T=111 d_init=104.5 d_final=0.0
 Retrying in 1 seconds
[shaping_diag] success_cum_shaping=313.35 T=129 d_init=104.5 d_final=0.0
 Retrying in 1 seconds
[shaping_diag] success_cum_shaping=313.35 T=114 d_init=104.5 d_final=0.0
 Retrying in 1 seconds
[shaping_diag] success_cum_shaping=313.35 T=111 d_init=104.5 d_final=0.0
 Retrying in 1 seconds
[shaping_diag] success_cum_shaping=313.35 T=115 d_init=104.5 d_final=0.0
 Retrying in 1 seconds
[shaping_diag] success_cum_shaping=313.35 T=118 d_init=104.5 d_final=0.0
 Retrying in 1 seconds
[shaping_diag] success_cum_shaping=313.35 T=112 d_init=104.5 d_final=0.0
 Retrying in 1 seconds
[shaping_diag] success_cum_shaping=313.35 T=111 d_init=104.5 d_final=0.0
 Retrying in 1 seconds
[shaping_diag] success_cum_shaping=313.35 T=121 d_init=104.5 d_final=0.0
 Retrying in 1 seconds
[shaping_diag] success_cum_shaping=313.35 T=112 d_init=104.5 d_final=0.0
 Retrying in 1 seconds
[shaping_diag] success_cum_shaping=313.35 T=119 d_init=104.5 d_final=0.0
 Retrying in 1 seconds
[shaping_diag] success_cum_shaping=313.35 T=110 d_init=104.5 d_final=0.0
 Retrying in 1 seconds
[shaping_diag] success_cum_shaping=313.35 T=110 d_init=104.5 d_final=0.0
 Retrying in 1 seconds
[shaping_diag] success_cum_shaping=313.35 T=112 d_init=104.5 d_final=0.0
 Retrying in 1 seconds
 Retrying in 1 seconds
[shaping_diag] success_cum_shaping=313.35 T=112 d_init=104.5 d_final=0.0
 Retrying in 1 seconds
[shaping_diag] success_cum_shaping=313.35 T=111 d_init=104.5 d_final=0.0
 Retrying in 1 seconds
[shaping_diag] success_cum_shaping=313.35 T=112 d_init=104.5 d_final=0.0
 Retrying in 1 seconds
[shaping_diag] success_cum_shaping=313.35 T=110 d_init=104.5 d_final=0.0
 Retrying in 1 seconds
[shaping_diag] success_cum_shaping=313.35 T=111 d_init=104.5 d_final=0.0
 Retrying in 1 seconds
 Retrying in 1 seconds
[shaping_diag] success_cum_shaping=313.35 T=136 d_init=104.5 d_final=0.0
 Retrying in 1 seconds
[shaping_diag] success_cum_shaping=313.35 T=131 d_init=104.5 d_final=0.0
 Retrying in 1 seconds
[shaping_diag] success_cum_shaping=313.35 T=111 d_init=104.5 d_final=0.0
 Retrying in 1 seconds
[shaping_diag] success_cum_shaping=313.35 T=115 d_init=104.5 d_final=0.0
 Retrying in 1 seconds
[shaping_diag] success_cum_shaping=313.35 T=110 d_init=104.5 d_final=0.0
 Retrying in 1 seconds
[shaping_diag] success_cum_shaping=313.35 T=119 d_init=104.5 d_final=0.0
 Retrying in 1 seconds
[shaping_diag] success_cum_shaping=313.35 T=115 d_init=104.5 d_final=0.0
 Retrying in 1 seconds
[shaping_diag] success_cum_shaping=313.35 T=114 d_init=104.5 d_final=0.0
 Retrying in 1 seconds
[shaping_diag] success_cum_shaping=313.35 T=111 d_init=104.5 d_final=0.0
 Retrying in 1 seconds
[shaping_diag] success_cum_shaping=313.35 T=114 d_init=104.5 d_final=0.0
 Retrying in 1 seconds
[shaping_diag] success_cum_shaping=313.35 T=112 d_init=104.5 d_final=0.0
 Retrying in 1 seconds
[shaping_diag] success_cum_shaping=313.35 T=115 d_init=104.5 d_final=0.0
 Retrying in 1 seconds
[shaping_diag] success_cum_shaping=313.35 T=111 d_init=104.5 d_final=0.0
 Retrying in 1 seconds
[shaping_diag] success_cum_shaping=313.35 T=116 d_init=104.5 d_final=0.0
 Retrying in 1 seconds
[shaping_diag] success_cum_shaping=313.35 T=113 d_init=104.5 d_final=0.0
 Retrying in 1 seconds
[shaping_diag] success_cum_shaping=313.35 T=133 d_init=104.5 d_final=0.0
 Retrying in 1 seconds
[shaping_diag] success_cum_shaping=313.35 T=114 d_init=104.5 d_final=0.0
 Retrying in 1 seconds
[shaping_diag] success_cum_shaping=313.35 T=133 d_init=104.5 d_final=0.0
 Retrying in 1 seconds
[shaping_diag] success_cum_shaping=313.35 T=112 d_init=104.5 d_final=0.0
 Retrying in 1 seconds
[shaping_diag] success_cum_shaping=313.35 T=113 d_init=104.5 d_final=0.0
 Retrying in 1 seconds
[shaping_diag] success_cum_shaping=313.35 T=112 d_init=104.5 d_final=0.0
 Retrying in 1 seconds
[shaping_diag] success_cum_shaping=313.35 T=112 d_init=104.5 d_final=0.0
 Retrying in 1 seconds
[shaping_diag] success_cum_shaping=313.35 T=112 d_init=104.5 d_final=0.0
 Retrying in 1 seconds
[shaping_diag] success_cum_shaping=313.35 T=114 d_init=104.5 d_final=0.0
 Retrying in 1 seconds
[shaping_diag] success_cum_shaping=313.35 T=112 d_init=104.5 d_final=0.0
 Retrying in 1 seconds
[shaping_diag] success_cum_shaping=313.35 T=112 d_init=104.5 d_final=0.0
 Retrying in 1 seconds
[shaping_diag] success_cum_shaping=313.35 T=113 d_init=104.5 d_final=0.0
 Retrying in 1 seconds
[shaping_diag] success_cum_shaping=313.35 T=110 d_init=104.5 d_final=0.0
 Retrying in 1 seconds
[shaping_diag] success_cum_shaping=313.35 T=114 d_init=104.5 d_final=0.0
 Retrying in 1 seconds
[shaping_diag] success_cum_shaping=313.35 T=110 d_init=104.5 d_final=0.0
 Retrying in 1 seconds
[shaping_diag] success_cum_shaping=313.35 T=114 d_init=104.5 d_final=0.0
 Retrying in 1 seconds
[shaping_diag] success_cum_shaping=313.35 T=132 d_init=104.5 d_final=0.0
 Retrying in 1 seconds
[shaping_diag] success_cum_shaping=313.35 T=110 d_init=104.5 d_final=0.0
 Retrying in 1 seconds
[shaping_diag] success_cum_shaping=313.35 T=116 d_init=104.5 d_final=0.0
 Retrying in 1 seconds
[shaping_diag] success_cum_shaping=313.35 T=113 d_init=104.5 d_final=0.0
 Retrying in 1 seconds
 Retrying in 1 seconds
[shaping_diag] success_cum_shaping=313.35 T=116 d_init=104.5 d_final=0.0
 Retrying in 1 seconds
[shaping_diag] success_cum_shaping=313.35 T=119 d_init=104.5 d_final=0.0
 Retrying in 1 seconds
[shaping_diag] success_cum_shaping=313.35 T=114 d_init=104.5 d_final=0.0
 Retrying in 1 seconds
[shaping_diag] success_cum_shaping=313.35 T=129 d_init=104.5 d_final=0.0
 Retrying in 1 seconds
[shaping_diag] success_cum_shaping=313.35 T=111 d_init=104.5 d_final=0.0
 Retrying in 1 seconds
[shaping_diag] success_cum_shaping=313.35 T=116 d_init=104.5 d_final=0.0
 Retrying in 1 seconds
[shaping_diag] success_cum_shaping=313.35 T=110 d_init=104.5 d_final=0.0
 Retrying in 1 seconds
[shaping_diag] success_cum_shaping=313.35 T=114 d_init=104.5 d_final=0.0
 Retrying in 1 seconds
[shaping_diag] success_cum_shaping=313.35 T=127 d_init=104.5 d_final=0.0
 Retrying in 1 seconds
 Retrying in 1 seconds
[shaping_diag] success_cum_shaping=313.35 T=115 d_init=104.5 d_final=0.0
 Retrying in 1 seconds
[shaping_diag] success_cum_shaping=313.35 T=116 d_init=104.5 d_final=0.0
 Retrying in 1 seconds
[shaping_diag] success_cum_shaping=313.35 T=114 d_init=104.5 d_final=0.0
 Retrying in 1 seconds
[shaping_diag] success_cum_shaping=313.35 T=111 d_init=104.5 d_final=0.0
 Retrying in 1 seconds
[shaping_diag] success_cum_shaping=313.35 T=164 d_init=104.5 d_final=0.0
Warning: Vehicle 'other' performs emergency braking on lane 'left_in_0' with decel=9.00, wished=5.00, severity=1.00, time=6.80.
 Retrying in 1 seconds
[shaping_diag] success_cum_shaping=313.35 T=114 d_init=104.5 d_final=0.0
 Retrying in 1 seconds
[shaping_diag] success_cum_shaping=313.35 T=114 d_init=104.5 d_final=0.0
 Retrying in 1 seconds
[shaping_diag] success_cum_shaping=313.35 T=135 d_init=104.5 d_final=0.0
 Retrying in 1 seconds
[shaping_diag] success_cum_shaping=313.35 T=114 d_init=104.5 d_final=0.0
 Retrying in 1 seconds
[shaping_diag] success_cum_shaping=313.35 T=112 d_init=104.5 d_final=0.0
 Retrying in 1 seconds
[shaping_diag] success_cum_shaping=313.35 T=117 d_init=104.5 d_final=0.0
 Retrying in 1 seconds
[shaping_diag] success_cum_shaping=313.35 T=126 d_init=104.5 d_final=0.0
 Retrying in 1 seconds
[shaping_diag] success_cum_shaping=313.35 T=112 d_init=104.5 d_final=0.0
 Retrying in 1 seconds
[shaping_diag] success_cum_shaping=313.35 T=110 d_init=104.5 d_final=0.0
 Retrying in 1 seconds
 Retrying in 1 seconds
[shaping_diag] success_cum_shaping=313.35 T=111 d_init=104.5 d_final=0.0
 Retrying in 1 seconds
[shaping_diag] success_cum_shaping=313.35 T=112 d_init=104.5 d_final=0.0
 Retrying in 1 seconds
[shaping_diag] success_cum_shaping=313.35 T=111 d_init=104.5 d_final=0.0
 Retrying in 1 seconds
[shaping_diag] success_cum_shaping=313.35 T=112 d_init=104.5 d_final=0.0
 Retrying in 1 seconds
[shaping_diag] success_cum_shaping=313.35 T=112 d_init=104.5 d_final=0.0
 Retrying in 1 seconds
[shaping_diag] success_cum_shaping=313.35 T=112 d_init=104.5 d_final=0.0
 Retrying in 1 seconds
[shaping_diag] success_cum_shaping=313.35 T=114 d_init=104.5 d_final=0.0
 Retrying in 1 seconds
[shaping_diag] success_cum_shaping=313.35 T=114 d_init=104.5 d_final=0.0
 Retrying in 1 seconds
[shaping_diag] success_cum_shaping=313.35 T=110 d_init=104.5 d_final=0.0
 Retrying in 1 seconds
[shaping_diag] success_cum_shaping=313.35 T=113 d_init=104.5 d_final=0.0
Warning: Vehicle 'other' performs emergency braking on lane 'left_in_0' with decel=9.00, wished=5.00, severity=1.00, time=7.00.
 Retrying in 1 seconds
 Retrying in 1 seconds
[shaping_diag] success_cum_shaping=313.35 T=110 d_init=104.5 d_final=0.0
 Retrying in 1 seconds
 Retrying in 1 seconds
[shaping_diag] success_cum_shaping=313.35 T=133 d_init=104.5 d_final=0.0
 Retrying in 1 seconds
[shaping_diag] success_cum_shaping=313.35 T=111 d_init=104.5 d_final=0.0
 Retrying in 1 seconds
[shaping_diag] success_cum_shaping=313.35 T=113 d_init=104.5 d_final=0.0
 Retrying in 1 seconds
[shaping_diag] success_cum_shaping=313.35 T=111 d_init=104.5 d_final=0.0
 Retrying in 1 seconds
[shaping_diag] success_cum_shaping=313.35 T=111 d_init=104.5 d_final=0.0
 Retrying in 1 seconds
[shaping_diag] success_cum_shaping=313.35 T=113 d_init=104.5 d_final=0.0
 Retrying in 1 seconds
[shaping_diag] success_cum_shaping=313.35 T=112 d_init=104.5 d_final=0.0
 Retrying in 1 seconds
[shaping_diag] success_cum_shaping=313.35 T=110 d_init=104.5 d_final=0.0
 Retrying in 1 seconds
[shaping_diag] success_cum_shaping=313.35 T=111 d_init=104.5 d_final=0.0
 Retrying in 1 seconds
 Retrying in 1 seconds
[shaping_diag] success_cum_shaping=313.35 T=110 d_init=104.5 d_final=0.0
 Retrying in 1 seconds
[shaping_diag] success_cum_shaping=313.35 T=110 d_init=104.5 d_final=0.0
 Retrying in 1 seconds
[shaping_diag] success_cum_shaping=313.35 T=111 d_init=104.5 d_final=0.0
 Retrying in 1 seconds
[shaping_diag] success_cum_shaping=313.35 T=134 d_init=104.5 d_final=0.0
 Retrying in 1 seconds
[shaping_diag] success_cum_shaping=313.35 T=111 d_init=104.5 d_final=0.0
 Retrying in 1 seconds
[shaping_diag] success_cum_shaping=313.35 T=118 d_init=104.5 d_final=0.0
 Retrying in 1 seconds
[shaping_diag] success_cum_shaping=313.35 T=110 d_init=104.5 d_final=0.0
 Retrying in 1 seconds
[shaping_diag] success_cum_shaping=313.35 T=111 d_init=104.5 d_final=0.0
 Retrying in 1 seconds
[shaping_diag] success_cum_shaping=313.35 T=116 d_init=104.5 d_final=0.0
 Retrying in 1 seconds
[shaping_diag] success_cum_shaping=313.35 T=111 d_init=104.5 d_final=0.0
 Retrying in 1 seconds
[shaping_diag] success_cum_shaping=313.35 T=111 d_init=104.5 d_final=0.0
 Retrying in 1 seconds
[shaping_diag] success_cum_shaping=313.35 T=112 d_init=104.5 d_final=0.0
 Retrying in 1 seconds
[shaping_diag] success_cum_shaping=313.35 T=130 d_init=104.5 d_final=0.0
 Retrying in 1 seconds
[shaping_diag] success_cum_shaping=313.35 T=122 d_init=104.5 d_final=0.0
 Retrying in 1 seconds
[shaping_diag] success_cum_shaping=313.35 T=110 d_init=104.5 d_final=0.0
Warning: Vehicle 'other' performs emergency braking on lane 'left_in_0' with decel=9.00, wished=5.00, severity=1.00, time=6.70.
 Retrying in 1 seconds
[shaping_diag] success_cum_shaping=313.35 T=114 d_init=104.5 d_final=0.0
 Retrying in 1 seconds
[shaping_diag] success_cum_shaping=313.35 T=117 d_init=104.5 d_final=0.0
 Retrying in 1 seconds
[shaping_diag] success_cum_shaping=313.35 T=111 d_init=104.5 d_final=0.0
 Retrying in 1 seconds
[shaping_diag] success_cum_shaping=313.35 T=112 d_init=104.5 d_final=0.0
 Retrying in 1 seconds
[shaping_diag] success_cum_shaping=313.35 T=114 d_init=104.5 d_final=0.0
 Retrying in 1 seconds
[shaping_diag] success_cum_shaping=313.35 T=111 d_init=104.5 d_final=0.0
 Retrying in 1 seconds
[shaping_diag] success_cum_shaping=313.35 T=110 d_init=104.5 d_final=0.0
 Retrying in 1 seconds
[shaping_diag] success_cum_shaping=313.35 T=110 d_init=104.5 d_final=0.0
 Retrying in 1 seconds
[shaping_diag] success_cum_shaping=313.35 T=111 d_init=104.5 d_final=0.0
 Retrying in 1 seconds
 Retrying in 1 seconds
[shaping_diag] success_cum_shaping=313.35 T=112 d_init=104.5 d_final=0.0
Warning: Vehicle 'other' performs emergency braking on lane 'left_in_0' with decel=9.00, wished=7.00, severity=1.00, time=6.50.
 Retrying in 1 seconds
[shaping_diag] success_cum_shaping=313.35 T=112 d_init=104.5 d_final=0.0
 Retrying in 1 seconds
[shaping_diag] success_cum_shaping=313.35 T=111 d_init=104.5 d_final=0.0
 Retrying in 1 seconds
[shaping_diag] success_cum_shaping=313.35 T=110 d_init=104.5 d_final=0.0
 Retrying in 1 seconds
[shaping_diag] success_cum_shaping=313.35 T=112 d_init=104.5 d_final=0.0
 Retrying in 1 seconds
[shaping_diag] success_cum_shaping=313.35 T=111 d_init=104.5 d_final=0.0
 Retrying in 1 seconds
[shaping_diag] success_cum_shaping=313.35 T=113 d_init=104.5 d_final=0.0
 Retrying in 1 seconds
[shaping_diag] success_cum_shaping=313.35 T=118 d_init=104.5 d_final=0.0
 Retrying in 1 seconds
[shaping_diag] success_cum_shaping=313.35 T=111 d_init=104.5 d_final=0.0
Warning: Vehicle 'other' performs emergency braking on lane 'left_in_0' with decel=9.00, wished=5.00, severity=1.00, time=6.50.
 Retrying in 1 seconds
 Retrying in 1 seconds
[shaping_diag] success_cum_shaping=313.35 T=111 d_init=104.5 d_final=0.0
 Retrying in 1 seconds
[shaping_diag] success_cum_shaping=313.35 T=113 d_init=104.5 d_final=0.0
 Retrying in 1 seconds
[shaping_diag] success_cum_shaping=313.35 T=110 d_init=104.5 d_final=0.0
 Retrying in 1 seconds
[shaping_diag] success_cum_shaping=313.35 T=110 d_init=104.5 d_final=0.0
 Retrying in 1 seconds
[shaping_diag] success_cum_shaping=313.35 T=111 d_init=104.5 d_final=0.0
 Retrying in 1 seconds
[shaping_diag] success_cum_shaping=313.35 T=111 d_init=104.5 d_final=0.0
 Retrying in 1 seconds
[shaping_diag] success_cum_shaping=313.35 T=111 d_init=104.5 d_final=0.0
 Retrying in 1 seconds
[shaping_diag] success_cum_shaping=313.35 T=113 d_init=104.5 d_final=0.0
 Retrying in 1 seconds
[shaping_diag] success_cum_shaping=313.35 T=128 d_init=104.5 d_final=0.0
 Retrying in 1 seconds
[shaping_diag] success_cum_shaping=313.35 T=110 d_init=104.5 d_final=0.0
 Retrying in 1 seconds
[shaping_diag] success_cum_shaping=313.35 T=110 d_init=104.5 d_final=0.0
 Retrying in 1 seconds
[shaping_diag] success_cum_shaping=313.35 T=110 d_init=104.5 d_final=0.0
 Retrying in 1 seconds
[shaping_diag] success_cum_shaping=313.35 T=111 d_init=104.5 d_final=0.0
 Retrying in 1 seconds
[shaping_diag] success_cum_shaping=313.35 T=112 d_init=104.5 d_final=0.0
 Retrying in 1 seconds
[shaping_diag] success_cum_shaping=313.35 T=112 d_init=104.5 d_final=0.0
 Retrying in 1 seconds
[shaping_diag] success_cum_shaping=313.35 T=114 d_init=104.5 d_final=0.0
 Retrying in 1 seconds
[shaping_diag] success_cum_shaping=313.35 T=110 d_init=104.5 d_final=0.0
 Retrying in 1 seconds
[shaping_diag] success_cum_shaping=313.35 T=112 d_init=104.5 d_final=0.0
 Retrying in 1 seconds
[shaping_diag] success_cum_shaping=313.35 T=111 d_init=104.5 d_final=0.0
 Retrying in 1 seconds
[shaping_diag] success_cum_shaping=313.35 T=112 d_init=104.5 d_final=0.0
 Retrying in 1 seconds
[shaping_diag] success_cum_shaping=313.35 T=110 d_init=104.5 d_final=0.0
 Retrying in 1 seconds
[shaping_diag] success_cum_shaping=313.35 T=112 d_init=104.5 d_final=0.0
 Retrying in 1 seconds
[shaping_diag] success_cum_shaping=313.35 T=111 d_init=104.5 d_final=0.0
Warning: Vehicle 'other' performs emergency braking on lane 'left_in_0' with decel=9.00, wished=5.00, severity=1.00, time=6.50.
 Retrying in 1 seconds
[shaping_diag] success_cum_shaping=313.35 T=111 d_init=104.5 d_final=0.0
 Retrying in 1 seconds
[shaping_diag] success_cum_shaping=313.35 T=111 d_init=104.5 d_final=0.0
 Retrying in 1 seconds
[shaping_diag] success_cum_shaping=313.35 T=112 d_init=104.5 d_final=0.0
 Retrying in 1 seconds
 Retrying in 1 seconds
[shaping_diag] success_cum_shaping=313.35 T=113 d_init=104.5 d_final=0.0
 Retrying in 1 seconds
 Retrying in 1 seconds
[shaping_diag] success_cum_shaping=313.35 T=110 d_init=104.5 d_final=0.0
 Retrying in 1 seconds
[shaping_diag] success_cum_shaping=313.35 T=110 d_init=104.5 d_final=0.0
 Retrying in 1 seconds
[shaping_diag] success_cum_shaping=313.35 T=110 d_init=104.5 d_final=0.0
 Retrying in 1 seconds
 Retrying in 1 seconds
[shaping_diag] success_cum_shaping=313.35 T=114 d_init=104.5 d_final=0.0
 Retrying in 1 seconds
 Retrying in 1 seconds
[shaping_diag] success_cum_shaping=313.35 T=111 d_init=104.5 d_final=0.0
 Retrying in 1 seconds
[shaping_diag] success_cum_shaping=313.35 T=110 d_init=104.5 d_final=0.0
 Retrying in 1 seconds
[shaping_diag] success_cum_shaping=313.35 T=110 d_init=104.5 d_final=0.0
 Retrying in 1 seconds
[shaping_diag] success_cum_shaping=313.35 T=111 d_init=104.5 d_final=0.0
 Retrying in 1 seconds
[shaping_diag] success_cum_shaping=313.35 T=110 d_init=104.5 d_final=0.0
 Retrying in 1 seconds
[shaping_diag] success_cum_shaping=313.35 T=111 d_init=104.5 d_final=0.0
Warning: Vehicle 'other' performs emergency braking on lane ':center_8_0' with decel=9.00, wished=4.00, severity=1.00, time=7.10.
 Retrying in 1 seconds
[shaping_diag] success_cum_shaping=313.35 T=111 d_init=104.5 d_final=0.0
 Retrying in 1 seconds
[shaping_diag] success_cum_shaping=313.35 T=112 d_init=104.5 d_final=0.0
Warning: Vehicle 'other' performs emergency braking on lane ':center_8_0' with decel=9.00, wished=3.00, severity=1.00, time=7.00.
Warning: Vehicle 'ego'; junction collision with vehicle 'other', lane=':center_11_0', gap=-1.00, time=7.00 stage=move.
Warning: Vehicle 'other' performs emergency braking on lane 'left_in_0' with decel=9.00, wished=5.00, severity=1.00, time=6.50.
 Retrying in 1 seconds
 Retrying in 1 seconds
 Retrying in 1 seconds
[shaping_diag] success_cum_shaping=313.35 T=110 d_init=104.5 d_final=0.0
 Retrying in 1 seconds
[shaping_diag] success_cum_shaping=313.35 T=111 d_init=104.5 d_final=0.0
 Retrying in 1 seconds
[shaping_diag] success_cum_shaping=313.35 T=113 d_init=104.5 d_final=0.0
 Retrying in 1 seconds
[shaping_diag] success_cum_shaping=313.35 T=110 d_init=104.5 d_final=0.0
 Retrying in 1 seconds
[shaping_diag] success_cum_shaping=313.35 T=110 d_init=104.5 d_final=0.0
 Retrying in 1 seconds
[shaping_diag] success_cum_shaping=313.35 T=110 d_init=104.5 d_final=0.0
 Retrying in 1 seconds
[shaping_diag] success_cum_shaping=313.35 T=117 d_init=104.5 d_final=0.0
 Retrying in 1 seconds
[shaping_diag] success_cum_shaping=313.35 T=114 d_init=104.5 d_final=0.0
Warning: Vehicle 'other' performs emergency braking on lane 'left_in_0' with decel=9.00, wished=7.00, severity=1.00, time=6.50.
 Retrying in 1 seconds
[shaping_diag] success_cum_shaping=313.35 T=111 d_init=104.5 d_final=0.0
 Retrying in 1 seconds
[shaping_diag] success_cum_shaping=313.35 T=110 d_init=104.5 d_final=0.0
 Retrying in 1 seconds
[shaping_diag] success_cum_shaping=313.35 T=110 d_init=104.5 d_final=0.0
 Retrying in 1 seconds
[shaping_diag] success_cum_shaping=313.35 T=111 d_init=104.5 d_final=0.0
 Retrying in 1 seconds
[shaping_diag] success_cum_shaping=313.35 T=111 d_init=104.5 d_final=0.0
Warning: Vehicle 'other'; junction collision with vehicle 'ego', lane=':center_8_0', gap=-1.00, time=7.00 stage=move.
 Retrying in 1 seconds
 Retrying in 1 seconds
[shaping_diag] success_cum_shaping=313.35 T=112 d_init=104.5 d_final=0.0
 Retrying in 1 seconds
[shaping_diag] success_cum_shaping=313.35 T=112 d_init=104.5 d_final=0.0
 Retrying in 1 seconds
[shaping_diag] success_cum_shaping=313.35 T=111 d_init=104.5 d_final=0.0
 Retrying in 1 seconds
[shaping_diag] success_cum_shaping=313.35 T=112 d_init=104.5 d_final=0.0
Warning: Vehicle 'other' performs emergency braking on lane ':center_8_0' with decel=9.00, wished=4.00, severity=1.00, time=7.20.
 Retrying in 1 seconds
 Retrying in 1 seconds
[shaping_diag] success_cum_shaping=313.35 T=110 d_init=104.5 d_final=0.0
 Retrying in 1 seconds
[shaping_diag] success_cum_shaping=313.35 T=111 d_init=104.5 d_final=0.0
 Retrying in 1 seconds
 Retrying in 1 seconds
[shaping_diag] success_cum_shaping=313.35 T=110 d_init=104.5 d_final=0.0
 Retrying in 1 seconds
[shaping_diag] success_cum_shaping=313.35 T=110 d_init=104.5 d_final=0.0
Warning: Vehicle 'other' performs emergency braking on lane 'left_in_0' with decel=9.00, wished=5.00, severity=1.00, time=6.50.
 Retrying in 1 seconds
[shaping_diag] success_cum_shaping=313.35 T=112 d_init=104.5 d_final=0.0
 Retrying in 1 seconds
[shaping_diag] success_cum_shaping=313.35 T=110 d_init=104.5 d_final=0.0
 Retrying in 1 seconds
[shaping_diag] success_cum_shaping=313.35 T=110 d_init=104.5 d_final=0.0
 Retrying in 1 seconds
[shaping_diag] success_cum_shaping=313.35 T=113 d_init=104.5 d_final=0.0
 Retrying in 1 seconds
[shaping_diag] success_cum_shaping=313.35 T=110 d_init=104.5 d_final=0.0
 Retrying in 1 seconds
[shaping_diag] success_cum_shaping=313.35 T=110 d_init=104.5 d_final=0.0
 Retrying in 1 seconds
[shaping_diag] success_cum_shaping=313.35 T=110 d_init=104.5 d_final=0.0
 Retrying in 1 seconds
[shaping_diag] success_cum_shaping=313.35 T=110 d_init=104.5 d_final=0.0
[cbf_aux] step=372736 ret=306.87 coll=0 ttc=5.53 cbf_res=0.0519
 Retrying in 1 seconds
[shaping_diag] success_cum_shaping=313.35 T=113 d_init=104.5 d_final=0.0
 Retrying in 1 seconds
[shaping_diag] success_cum_shaping=313.35 T=111 d_init=104.5 d_final=0.0
 Retrying in 1 seconds
[shaping_diag] success_cum_shaping=313.35 T=111 d_init=104.5 d_final=0.0
 Retrying in 1 seconds
[shaping_diag] success_cum_shaping=313.35 T=114 d_init=104.5 d_final=0.0
 Retrying in 1 seconds
[shaping_diag] success_cum_shaping=313.35 T=111 d_init=104.5 d_final=0.0
 Retrying in 1 seconds
[shaping_diag] success_cum_shaping=313.35 T=110 d_init=104.5 d_final=0.0
 Retrying in 1 seconds
 Retrying in 1 seconds
 Retrying in 1 seconds
[shaping_diag] success_cum_shaping=313.35 T=110 d_init=104.5 d_final=0.0
 Retrying in 1 seconds
[shaping_diag] success_cum_shaping=313.35 T=110 d_init=104.5 d_final=0.0
 Retrying in 1 seconds
[shaping_diag] success_cum_shaping=313.35 T=110 d_init=104.5 d_final=0.0
 Retrying in 1 seconds
[shaping_diag] success_cum_shaping=313.35 T=110 d_init=104.5 d_final=0.0
 Retrying in 1 seconds
[shaping_diag] success_cum_shaping=313.35 T=110 d_init=104.5 d_final=0.0
 Retrying in 1 seconds
[shaping_diag] success_cum_shaping=313.35 T=111 d_init=104.5 d_final=0.0
 Retrying in 1 seconds
[shaping_diag] success_cum_shaping=313.35 T=110 d_init=104.5 d_final=0.0
 Retrying in 1 seconds
[shaping_diag] success_cum_shaping=313.35 T=110 d_init=104.5 d_final=0.0
 Retrying in 1 seconds
[shaping_diag] success_cum_shaping=313.35 T=111 d_init=104.5 d_final=0.0
 Retrying in 1 seconds
[shaping_diag] success_cum_shaping=313.35 T=113 d_init=104.5 d_final=0.0
 Retrying in 1 seconds
[shaping_diag] success_cum_shaping=313.35 T=111 d_init=104.5 d_final=0.0
 Retrying in 1 seconds
[shaping_diag] success_cum_shaping=313.35 T=111 d_init=104.5 d_final=0.0
Warning: Vehicle 'ego'; junction collision with vehicle 'other', lane=':center_11_0', gap=-1.00, time=7.30 stage=move.
 Retrying in 1 seconds
 Retrying in 1 seconds
[shaping_diag] success_cum_shaping=313.35 T=110 d_init=104.5 d_final=0.0
 Retrying in 1 seconds
[shaping_diag] success_cum_shaping=313.35 T=110 d_init=104.5 d_final=0.0
 Retrying in 1 seconds
[shaping_diag] success_cum_shaping=313.35 T=111 d_init=104.5 d_final=0.0
 Retrying in 1 seconds
[shaping_diag] success_cum_shaping=313.35 T=111 d_init=104.5 d_final=0.0
 Retrying in 1 seconds
[shaping_diag] success_cum_shaping=313.35 T=110 d_init=104.5 d_final=0.0
 Retrying in 1 seconds
[shaping_diag] success_cum_shaping=313.35 T=110 d_init=104.5 d_final=0.0
Warning: Vehicle 'ego'; junction collision with vehicle 'other', lane=':center_11_0', gap=-1.00, time=7.00 stage=move.
 Retrying in 1 seconds
 Retrying in 1 seconds
[shaping_diag] success_cum_shaping=313.35 T=125 d_init=104.5 d_final=0.0
 Retrying in 1 seconds
[shaping_diag] success_cum_shaping=313.35 T=113 d_init=104.5 d_final=0.0
 Retrying in 1 seconds
[shaping_diag] success_cum_shaping=313.35 T=110 d_init=104.5 d_final=0.0
 Retrying in 1 seconds
[shaping_diag] success_cum_shaping=313.35 T=112 d_init=104.5 d_final=0.0
 Retrying in 1 seconds
[shaping_diag] success_cum_shaping=313.35 T=110 d_init=104.5 d_final=0.0
 Retrying in 1 seconds
[shaping_diag] success_cum_shaping=313.35 T=111 d_init=104.5 d_final=0.0
Warning: Vehicle 'ego'; junction collision with vehicle 'other', lane=':center_11_0', gap=-1.00, time=7.20 stage=move.
 Retrying in 1 seconds
 Retrying in 1 seconds
 Retrying in 1 seconds
[shaping_diag] success_cum_shaping=313.35 T=111 d_init=104.5 d_final=0.0
 Retrying in 1 seconds
[shaping_diag] success_cum_shaping=313.35 T=111 d_init=104.5 d_final=0.0
 Retrying in 1 seconds
 Retrying in 1 seconds
[shaping_diag] success_cum_shaping=313.35 T=111 d_init=104.5 d_final=0.0
 Retrying in 1 seconds
[shaping_diag] success_cum_shaping=313.35 T=110 d_init=104.5 d_final=0.0
 Retrying in 1 seconds
[shaping_diag] success_cum_shaping=313.35 T=110 d_init=104.5 d_final=0.0
 Retrying in 1 seconds
[shaping_diag] success_cum_shaping=313.35 T=110 d_init=104.5 d_final=0.0
 Retrying in 1 seconds
[shaping_diag] success_cum_shaping=313.35 T=111 d_init=104.5 d_final=0.0
 Retrying in 1 seconds
[shaping_diag] success_cum_shaping=313.35 T=113 d_init=104.5 d_final=0.0
 Retrying in 1 seconds
[shaping_diag] success_cum_shaping=313.35 T=126 d_init=104.5 d_final=0.0
 Retrying in 1 seconds
[shaping_diag] success_cum_shaping=313.35 T=111 d_init=104.5 d_final=0.0
 Retrying in 1 seconds
[shaping_diag] success_cum_shaping=313.35 T=110 d_init=104.5 d_final=0.0
 Retrying in 1 seconds
[shaping_diag] success_cum_shaping=313.35 T=110 d_init=104.5 d_final=0.0
 Retrying in 1 seconds
[shaping_diag] success_cum_shaping=313.35 T=110 d_init=104.5 d_final=0.0
 Retrying in 1 seconds
[shaping_diag] success_cum_shaping=313.35 T=113 d_init=104.5 d_final=0.0
 Retrying in 1 seconds
[shaping_diag] success_cum_shaping=313.35 T=113 d_init=104.5 d_final=0.0
 Retrying in 1 seconds
[shaping_diag] success_cum_shaping=313.35 T=111 d_init=104.5 d_final=0.0
 Retrying in 1 seconds
[shaping_diag] success_cum_shaping=313.35 T=112 d_init=104.5 d_final=0.0
 Retrying in 1 seconds
[shaping_diag] success_cum_shaping=313.35 T=111 d_init=104.5 d_final=0.0
 Retrying in 1 seconds
[shaping_diag] success_cum_shaping=313.35 T=110 d_init=104.5 d_final=0.0
 Retrying in 1 seconds
[shaping_diag] success_cum_shaping=313.35 T=110 d_init=104.5 d_final=0.0
 Retrying in 1 seconds
[shaping_diag] success_cum_shaping=313.35 T=124 d_init=104.5 d_final=0.0
 Retrying in 1 seconds
[shaping_diag] success_cum_shaping=313.35 T=110 d_init=104.5 d_final=0.0
Warning: Vehicle 'other' performs emergency braking on lane 'left_in_0' with decel=9.00, wished=7.00, severity=1.00, time=6.50.
 Retrying in 1 seconds
[shaping_diag] success_cum_shaping=313.35 T=114 d_init=104.5 d_final=0.0
 Retrying in 1 seconds
[shaping_diag] success_cum_shaping=313.35 T=110 d_init=104.5 d_final=0.0
 Retrying in 1 seconds
[shaping_diag] success_cum_shaping=313.35 T=110 d_init=104.5 d_final=0.0
 Retrying in 1 seconds
[shaping_diag] success_cum_shaping=313.35 T=110 d_init=104.5 d_final=0.0
 Retrying in 1 seconds
[shaping_diag] success_cum_shaping=313.35 T=112 d_init=104.5 d_final=0.0
 Retrying in 1 seconds
[shaping_diag] success_cum_shaping=313.35 T=110 d_init=104.5 d_final=0.0
 Retrying in 1 seconds
[shaping_diag] success_cum_shaping=313.35 T=128 d_init=104.5 d_final=0.0
 Retrying in 1 seconds
[shaping_diag] success_cum_shaping=313.35 T=110 d_init=104.5 d_final=0.0
 Retrying in 1 seconds
[shaping_diag] success_cum_shaping=313.35 T=126 d_init=104.5 d_final=0.0
 Retrying in 1 seconds
[shaping_diag] success_cum_shaping=313.35 T=110 d_init=104.5 d_final=0.0
 Retrying in 1 seconds
[shaping_diag] success_cum_shaping=313.35 T=110 d_init=104.5 d_final=0.0
 Retrying in 1 seconds
[shaping_diag] success_cum_shaping=313.35 T=128 d_init=104.5 d_final=0.0
 Retrying in 1 seconds
[shaping_diag] success_cum_shaping=313.35 T=110 d_init=104.5 d_final=0.0
 Retrying in 1 seconds
[shaping_diag] success_cum_shaping=313.35 T=110 d_init=104.5 d_final=0.0
 Retrying in 1 seconds
[shaping_diag] success_cum_shaping=313.35 T=112 d_init=104.5 d_final=0.0
 Retrying in 1 seconds
[shaping_diag] success_cum_shaping=313.35 T=110 d_init=104.5 d_final=0.0
 Retrying in 1 seconds
 Retrying in 1 seconds
[shaping_diag] success_cum_shaping=313.35 T=118 d_init=104.5 d_final=0.0
 Retrying in 1 seconds
[shaping_diag] success_cum_shaping=313.35 T=110 d_init=104.5 d_final=0.0
 Retrying in 1 seconds
[shaping_diag] success_cum_shaping=313.35 T=114 d_init=104.5 d_final=0.0
 Retrying in 1 seconds
[shaping_diag] success_cum_shaping=313.35 T=127 d_init=104.5 d_final=0.0
 Retrying in 1 seconds
[shaping_diag] success_cum_shaping=313.35 T=114 d_init=104.5 d_final=0.0
 Retrying in 1 seconds
[shaping_diag] success_cum_shaping=313.35 T=113 d_init=104.5 d_final=0.0
Warning: Vehicle 'other' performs emergency braking on lane 'left_in_0' with decel=9.00, wished=5.00, severity=1.00, time=6.60.
 Retrying in 1 seconds
[shaping_diag] success_cum_shaping=313.35 T=111 d_init=104.5 d_final=0.0
 Retrying in 1 seconds
[shaping_diag] success_cum_shaping=313.35 T=111 d_init=104.5 d_final=0.0
 Retrying in 1 seconds
 Retrying in 1 seconds
[shaping_diag] success_cum_shaping=313.35 T=111 d_init=104.5 d_final=0.0
 Retrying in 1 seconds
[shaping_diag] success_cum_shaping=313.35 T=111 d_init=104.5 d_final=0.0
 Retrying in 1 seconds
[shaping_diag] success_cum_shaping=313.35 T=112 d_init=104.5 d_final=0.0
 Retrying in 1 seconds
[shaping_diag] success_cum_shaping=313.35 T=113 d_init=104.5 d_final=0.0
Warning: Vehicle 'other' performs emergency braking on lane 'left_in_0' with decel=9.00, wished=5.00, severity=1.00, time=6.70.
 Retrying in 1 seconds
[shaping_diag] success_cum_shaping=313.35 T=112 d_init=104.5 d_final=0.0
 Retrying in 1 seconds
[shaping_diag] success_cum_shaping=313.35 T=118 d_init=104.5 d_final=0.0
 Retrying in 1 seconds
[shaping_diag] success_cum_shaping=313.35 T=119 d_init=104.5 d_final=0.0
 Retrying in 1 seconds
[shaping_diag] success_cum_shaping=313.35 T=125 d_init=104.5 d_final=0.0
 Retrying in 1 seconds
[shaping_diag] success_cum_shaping=313.35 T=110 d_init=104.5 d_final=0.0
 Retrying in 1 seconds
[shaping_diag] success_cum_shaping=313.35 T=110 d_init=104.5 d_final=0.0
 Retrying in 1 seconds
[shaping_diag] success_cum_shaping=313.35 T=111 d_init=104.5 d_final=0.0
 Retrying in 1 seconds
[shaping_diag] success_cum_shaping=313.35 T=110 d_init=104.5 d_final=0.0
 Retrying in 1 seconds
[shaping_diag] success_cum_shaping=313.35 T=119 d_init=104.5 d_final=0.0
 Retrying in 1 seconds
[shaping_diag] success_cum_shaping=313.35 T=115 d_init=104.5 d_final=0.0
 Retrying in 1 seconds
[shaping_diag] success_cum_shaping=313.35 T=110 d_init=104.5 d_final=0.0
 Retrying in 1 seconds
[shaping_diag] success_cum_shaping=313.35 T=112 d_init=104.5 d_final=0.0
 Retrying in 1 seconds
[shaping_diag] success_cum_shaping=313.35 T=111 d_init=104.5 d_final=0.0
 Retrying in 1 seconds
[shaping_diag] success_cum_shaping=313.35 T=110 d_init=104.5 d_final=0.0
 Retrying in 1 seconds
[shaping_diag] success_cum_shaping=313.35 T=110 d_init=104.5 d_final=0.0
 Retrying in 1 seconds
[shaping_diag] success_cum_shaping=313.35 T=112 d_init=104.5 d_final=0.0
 Retrying in 1 seconds
[shaping_diag] success_cum_shaping=313.35 T=111 d_init=104.5 d_final=0.0
 Retrying in 1 seconds
[shaping_diag] success_cum_shaping=313.35 T=111 d_init=104.5 d_final=0.0
 Retrying in 1 seconds
[shaping_diag] success_cum_shaping=313.35 T=111 d_init=104.5 d_final=0.0
 Retrying in 1 seconds
[shaping_diag] success_cum_shaping=313.35 T=121 d_init=104.5 d_final=0.0
 Retrying in 1 seconds
[shaping_diag] success_cum_shaping=313.35 T=110 d_init=104.5 d_final=0.0
 Retrying in 1 seconds
[shaping_diag] success_cum_shaping=313.35 T=111 d_init=104.5 d_final=0.0
 Retrying in 1 seconds
[shaping_diag] success_cum_shaping=313.35 T=118 d_init=104.5 d_final=0.0
 Retrying in 1 seconds
 Retrying in 1 seconds
[shaping_diag] success_cum_shaping=313.35 T=110 d_init=104.5 d_final=0.0
 Retrying in 1 seconds
[shaping_diag] success_cum_shaping=313.35 T=111 d_init=104.5 d_final=0.0
 Retrying in 1 seconds
[shaping_diag] success_cum_shaping=313.35 T=116 d_init=104.5 d_final=0.0
 Retrying in 1 seconds
[shaping_diag] success_cum_shaping=313.35 T=110 d_init=104.5 d_final=0.0
 Retrying in 1 seconds
[shaping_diag] success_cum_shaping=313.35 T=118 d_init=104.5 d_final=0.0
 Retrying in 1 seconds
[shaping_diag] success_cum_shaping=313.35 T=112 d_init=104.5 d_final=0.0
 Retrying in 1 seconds
[shaping_diag] success_cum_shaping=313.35 T=110 d_init=104.5 d_final=0.0
 Retrying in 1 seconds
[shaping_diag] success_cum_shaping=313.35 T=111 d_init=104.5 d_final=0.0
 Retrying in 1 seconds
[shaping_diag] success_cum_shaping=313.35 T=112 d_init=104.5 d_final=0.0
 Retrying in 1 seconds
[shaping_diag] success_cum_shaping=313.35 T=110 d_init=104.5 d_final=0.0
Warning: Vehicle 'ego'; junction collision with vehicle 'other', lane=':center_11_0', gap=-1.00, time=7.20 stage=move.
 Retrying in 1 seconds
 Retrying in 1 seconds
[shaping_diag] success_cum_shaping=313.35 T=124 d_init=104.5 d_final=0.0
 Retrying in 1 seconds
[shaping_diag] success_cum_shaping=313.35 T=114 d_init=104.5 d_final=0.0
 Retrying in 1 seconds
[shaping_diag] success_cum_shaping=313.35 T=110 d_init=104.5 d_final=0.0
 Retrying in 1 seconds
[shaping_diag] success_cum_shaping=313.35 T=110 d_init=104.5 d_final=0.0
 Retrying in 1 seconds
[shaping_diag] success_cum_shaping=313.35 T=152 d_init=104.5 d_final=0.0
 Retrying in 1 seconds
[shaping_diag] success_cum_shaping=313.35 T=110 d_init=104.5 d_final=0.0
 Retrying in 1 seconds
[shaping_diag] success_cum_shaping=313.35 T=111 d_init=104.5 d_final=0.0
 Retrying in 1 seconds
 Retrying in 1 seconds
[shaping_diag] success_cum_shaping=313.35 T=119 d_init=104.5 d_final=0.0
 Retrying in 1 seconds
[shaping_diag] success_cum_shaping=313.35 T=113 d_init=104.5 d_final=0.0
 Retrying in 1 seconds
[shaping_diag] success_cum_shaping=313.35 T=112 d_init=104.5 d_final=0.0
 Retrying in 1 seconds
[shaping_diag] success_cum_shaping=313.35 T=131 d_init=104.5 d_final=0.0
 Retrying in 1 seconds
[shaping_diag] success_cum_shaping=313.35 T=114 d_init=104.5 d_final=0.0
 Retrying in 1 seconds
 Retrying in 1 seconds
[shaping_diag] success_cum_shaping=313.35 T=116 d_init=104.5 d_final=0.0
 Retrying in 1 seconds
[shaping_diag] success_cum_shaping=313.35 T=118 d_init=104.5 d_final=0.0
 Retrying in 1 seconds
[shaping_diag] success_cum_shaping=313.35 T=116 d_init=104.5 d_final=0.0
 Retrying in 1 seconds
[shaping_diag] success_cum_shaping=313.35 T=114 d_init=104.5 d_final=0.0
 Retrying in 1 seconds
[shaping_diag] success_cum_shaping=313.35 T=112 d_init=104.5 d_final=0.0
 Retrying in 1 seconds
[shaping_diag] success_cum_shaping=313.35 T=110 d_init=104.5 d_final=0.0
 Retrying in 1 seconds
[shaping_diag] success_cum_shaping=313.35 T=114 d_init=104.5 d_final=0.0
 Retrying in 1 seconds
[shaping_diag] success_cum_shaping=313.35 T=113 d_init=104.5 d_final=0.0
 Retrying in 1 seconds
[shaping_diag] success_cum_shaping=313.35 T=111 d_init=104.5 d_final=0.0
 Retrying in 1 seconds
[shaping_diag] success_cum_shaping=313.35 T=110 d_init=104.5 d_final=0.0
Warning: Vehicle 'ego'; junction collision with vehicle 'other', lane=':center_11_0', gap=-1.00, time=7.00 stage=move.
 Retrying in 1 seconds
 Retrying in 1 seconds
[shaping_diag] success_cum_shaping=313.35 T=111 d_init=104.5 d_final=0.0
 Retrying in 1 seconds
 Retrying in 1 seconds
[shaping_diag] success_cum_shaping=313.35 T=110 d_init=104.5 d_final=0.0
 Retrying in 1 seconds
[shaping_diag] success_cum_shaping=313.35 T=114 d_init=104.5 d_final=0.0
 Retrying in 1 seconds
[shaping_diag] success_cum_shaping=313.35 T=110 d_init=104.5 d_final=0.0
 Retrying in 1 seconds
[shaping_diag] success_cum_shaping=313.35 T=110 d_init=104.5 d_final=0.0
 Retrying in 1 seconds
[shaping_diag] success_cum_shaping=313.35 T=110 d_init=104.5 d_final=0.0
 Retrying in 1 seconds
[shaping_diag] success_cum_shaping=313.35 T=112 d_init=104.5 d_final=0.0
 Retrying in 1 seconds
[shaping_diag] success_cum_shaping=313.35 T=114 d_init=104.5 d_final=0.0
 Retrying in 1 seconds
[shaping_diag] success_cum_shaping=313.35 T=110 d_init=104.5 d_final=0.0
 Retrying in 1 seconds
[shaping_diag] success_cum_shaping=313.35 T=110 d_init=104.5 d_final=0.0
 Retrying in 1 seconds
[shaping_diag] success_cum_shaping=313.35 T=112 d_init=104.5 d_final=0.0
 Retrying in 1 seconds
[shaping_diag] success_cum_shaping=313.35 T=110 d_init=104.5 d_final=0.0
 Retrying in 1 seconds
[shaping_diag] success_cum_shaping=313.35 T=111 d_init=104.5 d_final=0.0
 Retrying in 1 seconds
[shaping_diag] success_cum_shaping=313.35 T=119 d_init=104.5 d_final=0.0
 Retrying in 1 seconds
[shaping_diag] success_cum_shaping=313.35 T=111 d_init=104.5 d_final=0.0
 Retrying in 1 seconds
[shaping_diag] success_cum_shaping=313.35 T=110 d_init=104.5 d_final=0.0
 Retrying in 1 seconds
 Retrying in 1 seconds
[shaping_diag] success_cum_shaping=313.35 T=110 d_init=104.5 d_final=0.0
 Retrying in 1 seconds
[shaping_diag] success_cum_shaping=313.35 T=124 d_init=104.5 d_final=0.0
 Retrying in 1 seconds
[shaping_diag] success_cum_shaping=313.35 T=111 d_init=104.5 d_final=0.0
 Retrying in 1 seconds
[shaping_diag] success_cum_shaping=313.35 T=110 d_init=104.5 d_final=0.0
 Retrying in 1 seconds
[shaping_diag] success_cum_shaping=313.35 T=111 d_init=104.5 d_final=0.0
 Retrying in 1 seconds
[shaping_diag] success_cum_shaping=313.35 T=121 d_init=104.5 d_final=0.0
 Retrying in 1 seconds
[shaping_diag] success_cum_shaping=313.35 T=114 d_init=104.5 d_final=0.0
 Retrying in 1 seconds
[shaping_diag] success_cum_shaping=313.35 T=110 d_init=104.5 d_final=0.0
 Retrying in 1 seconds
[shaping_diag] success_cum_shaping=313.35 T=110 d_init=104.5 d_final=0.0
 Retrying in 1 seconds
[shaping_diag] success_cum_shaping=313.35 T=118 d_init=104.5 d_final=0.0
 Retrying in 1 seconds
[shaping_diag] success_cum_shaping=313.35 T=115 d_init=104.5 d_final=0.0
 Retrying in 1 seconds
[shaping_diag] success_cum_shaping=313.35 T=112 d_init=104.5 d_final=0.0
 Retrying in 1 seconds
[shaping_diag] success_cum_shaping=313.35 T=111 d_init=104.5 d_final=0.0
Warning: Vehicle 'other'; junction collision with vehicle 'ego', lane=':center_8_0', gap=-1.00, time=7.20 stage=move.
 Retrying in 1 seconds
 Retrying in 1 seconds
[shaping_diag] success_cum_shaping=313.35 T=111 d_init=104.5 d_final=0.0
 Retrying in 1 seconds
 Retrying in 1 seconds
[shaping_diag] success_cum_shaping=313.35 T=110 d_init=104.5 d_final=0.0
Warning: Vehicle 'ego'; collision with vehicle 'other', lane='stem_out_1', gap=-0.04, time=8.10 stage=move.
 Retrying in 1 seconds
 Retrying in 1 seconds
[shaping_diag] success_cum_shaping=313.35 T=110 d_init=104.5 d_final=0.0
 Retrying in 1 seconds
[shaping_diag] success_cum_shaping=313.35 T=114 d_init=104.5 d_final=0.0
 Retrying in 1 seconds
[shaping_diag] success_cum_shaping=313.35 T=110 d_init=104.5 d_final=0.0
 Retrying in 1 seconds
 Retrying in 1 seconds
[shaping_diag] success_cum_shaping=313.35 T=128 d_init=104.5 d_final=0.0
 Retrying in 1 seconds
[shaping_diag] success_cum_shaping=313.35 T=110 d_init=104.5 d_final=0.0
 Retrying in 1 seconds
 Retrying in 1 seconds
[shaping_diag] success_cum_shaping=313.35 T=128 d_init=104.5 d_final=0.0
 Retrying in 1 seconds
[shaping_diag] success_cum_shaping=313.35 T=112 d_init=104.5 d_final=0.0
 Retrying in 1 seconds
[shaping_diag] success_cum_shaping=313.35 T=110 d_init=104.5 d_final=0.0
 Retrying in 1 seconds
[shaping_diag] success_cum_shaping=313.35 T=134 d_init=104.5 d_final=0.0
 Retrying in 1 seconds
[shaping_diag] success_cum_shaping=313.35 T=110 d_init=104.5 d_final=0.0
 Retrying in 1 seconds
[shaping_diag] success_cum_shaping=313.35 T=113 d_init=104.5 d_final=0.0
 Retrying in 1 seconds
[shaping_diag] success_cum_shaping=313.35 T=112 d_init=104.5 d_final=0.0
 Retrying in 1 seconds
[shaping_diag] success_cum_shaping=313.35 T=113 d_init=104.5 d_final=0.0
 Retrying in 1 seconds
[shaping_diag] success_cum_shaping=313.35 T=112 d_init=104.5 d_final=0.0
 Retrying in 1 seconds
[shaping_diag] success_cum_shaping=313.35 T=110 d_init=104.5 d_final=0.0
 Retrying in 1 seconds
[shaping_diag] success_cum_shaping=313.35 T=120 d_init=104.5 d_final=0.0
 Retrying in 1 seconds
[shaping_diag] success_cum_shaping=313.35 T=129 d_init=104.5 d_final=0.0
 Retrying in 1 seconds
[shaping_diag] success_cum_shaping=313.35 T=110 d_init=104.5 d_final=0.0
 Retrying in 1 seconds
[shaping_diag] success_cum_shaping=313.35 T=111 d_init=104.5 d_final=0.0
 Retrying in 1 seconds
[shaping_diag] success_cum_shaping=313.35 T=111 d_init=104.5 d_final=0.0
 Retrying in 1 seconds
[shaping_diag] success_cum_shaping=313.35 T=110 d_init=104.5 d_final=0.0
 Retrying in 1 seconds
[shaping_diag] success_cum_shaping=313.35 T=110 d_init=104.5 d_final=0.0
 Retrying in 1 seconds
[shaping_diag] success_cum_shaping=313.35 T=118 d_init=104.5 d_final=0.0
 Retrying in 1 seconds
[shaping_diag] success_cum_shaping=313.35 T=110 d_init=104.5 d_final=0.0
 Retrying in 1 seconds
[shaping_diag] success_cum_shaping=313.35 T=112 d_init=104.5 d_final=0.0
 Retrying in 1 seconds
[shaping_diag] success_cum_shaping=313.35 T=139 d_init=104.5 d_final=0.0
 Retrying in 1 seconds
[shaping_diag] success_cum_shaping=313.35 T=111 d_init=104.5 d_final=0.0
 Retrying in 1 seconds
[shaping_diag] success_cum_shaping=313.35 T=119 d_init=104.5 d_final=0.0
 Retrying in 1 seconds
[shaping_diag] success_cum_shaping=313.35 T=110 d_init=104.5 d_final=0.0
Warning: Vehicle 'other'; junction collision with vehicle 'ego', lane=':center_8_0', gap=-1.00, time=7.30 stage=move.
Warning: Vehicle 'ego'; junction collision with vehicle 'other', lane=':center_11_0', gap=-1.00, time=7.30 stage=move.
 Retrying in 1 seconds
 Retrying in 1 seconds
 Retrying in 1 seconds
[shaping_diag] success_cum_shaping=313.35 T=110 d_init=104.5 d_final=0.0
 Retrying in 1 seconds
[shaping_diag] success_cum_shaping=313.35 T=116 d_init=104.5 d_final=0.0
 Retrying in 1 seconds
[shaping_diag] success_cum_shaping=313.35 T=110 d_init=104.5 d_final=0.0
 Retrying in 1 seconds
[shaping_diag] success_cum_shaping=313.35 T=111 d_init=104.5 d_final=0.0
 Retrying in 1 seconds
[shaping_diag] success_cum_shaping=313.35 T=111 d_init=104.5 d_final=0.0
 Retrying in 1 seconds
[shaping_diag] success_cum_shaping=313.35 T=111 d_init=104.5 d_final=0.0
 Retrying in 1 seconds
[shaping_diag] success_cum_shaping=313.35 T=113 d_init=104.5 d_final=0.0
 Retrying in 1 seconds
 Retrying in 1 seconds
[shaping_diag] success_cum_shaping=313.35 T=111 d_init=104.5 d_final=0.0
 Retrying in 1 seconds
[shaping_diag] success_cum_shaping=313.35 T=114 d_init=104.5 d_final=0.0
 Retrying in 1 seconds
[shaping_diag] success_cum_shaping=313.35 T=113 d_init=104.5 d_final=0.0
 Retrying in 1 seconds
[shaping_diag] success_cum_shaping=313.35 T=115 d_init=104.5 d_final=0.0
 Retrying in 1 seconds
[shaping_diag] success_cum_shaping=313.35 T=174 d_init=104.5 d_final=0.0
 Retrying in 1 seconds
[shaping_diag] success_cum_shaping=313.35 T=113 d_init=104.5 d_final=0.0
 Retrying in 1 seconds
[shaping_diag] success_cum_shaping=313.35 T=127 d_init=104.5 d_final=0.0
 Retrying in 1 seconds
[shaping_diag] success_cum_shaping=313.35 T=114 d_init=104.5 d_final=0.0
 Retrying in 1 seconds
[shaping_diag] success_cum_shaping=313.35 T=111 d_init=104.5 d_final=0.0
 Retrying in 1 seconds
[shaping_diag] success_cum_shaping=313.35 T=146 d_init=104.5 d_final=0.0
 Retrying in 1 seconds
[shaping_diag] success_cum_shaping=313.35 T=115 d_init=104.5 d_final=0.0
 Retrying in 1 seconds
[shaping_diag] success_cum_shaping=313.35 T=114 d_init=104.5 d_final=0.0
 Retrying in 1 seconds
[shaping_diag] success_cum_shaping=313.35 T=113 d_init=104.5 d_final=0.0
 Retrying in 1 seconds
[shaping_diag] success_cum_shaping=313.35 T=110 d_init=104.5 d_final=0.0
 Retrying in 1 seconds
[shaping_diag] success_cum_shaping=313.35 T=121 d_init=104.5 d_final=0.0
 Retrying in 1 seconds
[shaping_diag] success_cum_shaping=313.35 T=114 d_init=104.5 d_final=0.0
Warning: Vehicle 'other' performs emergency braking on lane 'left_in_0' with decel=9.00, wished=5.00, severity=1.00, time=6.50.
 Retrying in 1 seconds
[shaping_diag] success_cum_shaping=313.35 T=112 d_init=104.5 d_final=0.0
 Retrying in 1 seconds
[shaping_diag] success_cum_shaping=313.35 T=110 d_init=104.5 d_final=0.0
 Retrying in 1 seconds
[shaping_diag] success_cum_shaping=313.35 T=120 d_init=104.5 d_final=0.0
 Retrying in 1 seconds
[shaping_diag] success_cum_shaping=313.35 T=116 d_init=104.5 d_final=0.0
 Retrying in 1 seconds
[shaping_diag] success_cum_shaping=313.35 T=116 d_init=104.5 d_final=0.0
 Retrying in 1 seconds
[shaping_diag] success_cum_shaping=313.35 T=126 d_init=104.5 d_final=0.0
 Retrying in 1 seconds
[shaping_diag] success_cum_shaping=313.35 T=128 d_init=104.5 d_final=0.0
 Retrying in 1 seconds
[shaping_diag] success_cum_shaping=313.35 T=116 d_init=104.5 d_final=0.0
 Retrying in 1 seconds
[shaping_diag] success_cum_shaping=313.35 T=116 d_init=104.5 d_final=0.0
 Retrying in 1 seconds
[shaping_diag] success_cum_shaping=313.35 T=111 d_init=104.5 d_final=0.0
 Retrying in 1 seconds
[shaping_diag] success_cum_shaping=313.35 T=115 d_init=104.5 d_final=0.0
 Retrying in 1 seconds
[shaping_diag] success_cum_shaping=313.35 T=116 d_init=104.5 d_final=0.0
 Retrying in 1 seconds
[shaping_diag] success_cum_shaping=313.35 T=110 d_init=104.5 d_final=0.0
 Retrying in 1 seconds
[shaping_diag] success_cum_shaping=313.35 T=128 d_init=104.5 d_final=0.0
 Retrying in 1 seconds
[shaping_diag] success_cum_shaping=313.35 T=111 d_init=104.5 d_final=0.0
 Retrying in 1 seconds
[shaping_diag] success_cum_shaping=313.35 T=110 d_init=104.5 d_final=0.0
 Retrying in 1 seconds
[shaping_diag] success_cum_shaping=313.35 T=115 d_init=104.5 d_final=0.0
 Retrying in 1 seconds
[shaping_diag] success_cum_shaping=313.35 T=123 d_init=104.5 d_final=0.0
 Retrying in 1 seconds
Saved cbf_aux to results/ablation/tier1/1a_right_stem_cbf_aux_nointent_s42/model_cbf_aux_1a_right_stem.pt

Running post-training checkpoint selection (30 eps each)...
 Retrying in 1 seconds
[shaping_diag] success_cum_shaping=313.35 T=110 d_init=104.5 d_final=0.0
 Retrying in 1 seconds
[shaping_diag] success_cum_shaping=313.35 T=110 d_init=104.5 d_final=0.0
Warning: Vehicle 'ego'; junction collision with vehicle 'other', lane=':center_11_0', gap=-1.00, time=6.90 stage=move.
 Retrying in 1 seconds
 Retrying in 1 seconds
[shaping_diag] success_cum_shaping=313.35 T=110 d_init=104.5 d_final=0.0
 Retrying in 1 seconds
[shaping_diag] success_cum_shaping=313.35 T=110 d_init=104.5 d_final=0.0
 Retrying in 1 seconds
[shaping_diag] success_cum_shaping=313.35 T=110 d_init=104.5 d_final=0.0
 Retrying in 1 seconds
[shaping_diag] success_cum_shaping=313.35 T=110 d_init=104.5 d_final=0.0
 Retrying in 1 seconds
[shaping_diag] success_cum_shaping=313.35 T=110 d_init=104.5 d_final=0.0
 Retrying in 1 seconds
[shaping_diag] success_cum_shaping=313.35 T=110 d_init=104.5 d_final=0.0
Warning: Vehicle 'ego'; junction collision with vehicle 'other', lane=':center_11_0', gap=-1.00, time=6.90 stage=move.
Warning: Vehicle 'ego'; collision with vehicle 'other', lane='right_in_1', gap=-0.33, time=5.50 stage=move.
 Retrying in 1 seconds
 Retrying in 1 seconds
 Retrying in 1 seconds
[shaping_diag] success_cum_shaping=313.35 T=110 d_init=104.5 d_final=0.0
 Retrying in 1 seconds
[shaping_diag] success_cum_shaping=313.35 T=110 d_init=104.5 d_final=0.0
 Retrying in 1 seconds
[shaping_diag] success_cum_shaping=313.35 T=110 d_init=104.5 d_final=0.0
Warning: Vehicle 'other' performs emergency braking on lane 'left_in_0' with decel=9.00, wished=7.00, severity=1.00, time=6.50.
 Retrying in 1 seconds
[shaping_diag] success_cum_shaping=313.35 T=110 d_init=104.5 d_final=0.0
 Retrying in 1 seconds
[shaping_diag] success_cum_shaping=313.35 T=110 d_init=104.5 d_final=0.0
 Retrying in 1 seconds
 Retrying in 1 seconds
[shaping_diag] success_cum_shaping=313.35 T=110 d_init=104.5 d_final=0.0
 Retrying in 1 seconds
[shaping_diag] success_cum_shaping=313.35 T=110 d_init=104.5 d_final=0.0
Warning: Vehicle 'other'; junction collision with vehicle 'ego', lane=':center_8_0', gap=-1.00, time=6.90 stage=move.
 Retrying in 1 seconds
 Retrying in 1 seconds
[shaping_diag] success_cum_shaping=313.35 T=110 d_init=104.5 d_final=0.0
 Retrying in 1 seconds
[shaping_diag] success_cum_shaping=313.35 T=110 d_init=104.5 d_final=0.0
 Retrying in 1 seconds
[shaping_diag] success_cum_shaping=313.35 T=110 d_init=104.5 d_final=0.0
 Retrying in 1 seconds
[shaping_diag] success_cum_shaping=313.35 T=110 d_init=104.5 d_final=0.0
 Retrying in 1 seconds
[shaping_diag] success_cum_shaping=313.35 T=110 d_init=104.5 d_final=0.0
 Retrying in 1 seconds
[shaping_diag] success_cum_shaping=313.35 T=110 d_init=104.5 d_final=0.0
 Retrying in 1 seconds
[shaping_diag] success_cum_shaping=313.35 T=110 d_init=104.5 d_final=0.0
 Retrying in 1 seconds
[shaping_diag] success_cum_shaping=313.35 T=110 d_init=104.5 d_final=0.0
 Retrying in 1 seconds
[shaping_diag] success_cum_shaping=313.35 T=110 d_init=104.5 d_final=0.0
 Retrying in 1 seconds
[shaping_diag] success_cum_shaping=313.35 T=110 d_init=104.5 d_final=0.0
  step=200000: return=+366.67, coll=0.17, score=350.01
 Retrying in 1 seconds
[shaping_diag] success_cum_shaping=313.35 T=110 d_init=104.5 d_final=0.0
 Retrying in 1 seconds
[shaping_diag] success_cum_shaping=313.35 T=112 d_init=104.5 d_final=0.0
Warning: Vehicle 'ego'; junction collision with vehicle 'other', lane=':center_11_0', gap=-1.00, time=7.00 stage=move.
 Retrying in 1 seconds
 Retrying in 1 seconds
[shaping_diag] success_cum_shaping=313.35 T=110 d_init=104.5 d_final=0.0
 Retrying in 1 seconds
[shaping_diag] success_cum_shaping=313.35 T=110 d_init=104.5 d_final=0.0
 Retrying in 1 seconds
[shaping_diag] success_cum_shaping=313.35 T=110 d_init=104.5 d_final=0.0
 Retrying in 1 seconds
[shaping_diag] success_cum_shaping=313.35 T=110 d_init=104.5 d_final=0.0
 Retrying in 1 seconds
[shaping_diag] success_cum_shaping=313.35 T=110 d_init=104.5 d_final=0.0
 Retrying in 1 seconds
[shaping_diag] success_cum_shaping=313.35 T=110 d_init=104.5 d_final=0.0
 Retrying in 1 seconds
[shaping_diag] success_cum_shaping=313.35 T=112 d_init=104.5 d_final=0.0
Warning: Vehicle 'ego'; collision with vehicle 'other', lane='right_in_1', gap=-0.33, time=5.50 stage=move.
 Retrying in 1 seconds
 Retrying in 1 seconds
[shaping_diag] success_cum_shaping=313.35 T=110 d_init=104.5 d_final=0.0
 Retrying in 1 seconds
[shaping_diag] success_cum_shaping=313.35 T=110 d_init=104.5 d_final=0.0
 Retrying in 1 seconds
[shaping_diag] success_cum_shaping=313.35 T=110 d_init=104.5 d_final=0.0
Warning: Vehicle 'other' performs emergency braking on lane 'left_in_0' with decel=9.00, wished=7.00, severity=1.00, time=6.50.
 Retrying in 1 seconds
[shaping_diag] success_cum_shaping=313.35 T=110 d_init=104.5 d_final=0.0
 Retrying in 1 seconds
[shaping_diag] success_cum_shaping=313.35 T=110 d_init=104.5 d_final=0.0
Warning: Vehicle 'ego'; junction collision with vehicle 'other', lane=':center_11_0', gap=-1.00, time=6.90 stage=move.
 Retrying in 1 seconds
 Retrying in 1 seconds
[shaping_diag] success_cum_shaping=313.35 T=110 d_init=104.5 d_final=0.0
 Retrying in 1 seconds
[shaping_diag] success_cum_shaping=313.35 T=110 d_init=104.5 d_final=0.0
 Retrying in 1 seconds
 Retrying in 1 seconds
[shaping_diag] success_cum_shaping=313.35 T=111 d_init=104.5 d_final=0.0
 Retrying in 1 seconds
[shaping_diag] success_cum_shaping=313.35 T=110 d_init=104.5 d_final=0.0
 Retrying in 1 seconds
[shaping_diag] success_cum_shaping=313.35 T=110 d_init=104.5 d_final=0.0
 Retrying in 1 seconds
[shaping_diag] success_cum_shaping=313.35 T=110 d_init=104.5 d_final=0.0
 Retrying in 1 seconds
[shaping_diag] success_cum_shaping=313.35 T=110 d_init=104.5 d_final=0.0
 Retrying in 1 seconds
[shaping_diag] success_cum_shaping=313.35 T=110 d_init=104.5 d_final=0.0
 Retrying in 1 seconds
[shaping_diag] success_cum_shaping=313.35 T=110 d_init=104.5 d_final=0.0
 Retrying in 1 seconds
[shaping_diag] success_cum_shaping=313.35 T=110 d_init=104.5 d_final=0.0
 Retrying in 1 seconds
[shaping_diag] success_cum_shaping=313.35 T=110 d_init=104.5 d_final=0.0
 Retrying in 1 seconds
[shaping_diag] success_cum_shaping=313.35 T=110 d_init=104.5 d_final=0.0
  step=300000: return=+376.33, coll=0.13, score=363.00
 Retrying in 1 seconds
[shaping_diag] success_cum_shaping=313.35 T=110 d_init=104.5 d_final=0.0
 Retrying in 1 seconds
[shaping_diag] success_cum_shaping=313.35 T=110 d_init=104.5 d_final=0.0
Warning: Vehicle 'ego'; junction collision with vehicle 'other', lane=':center_11_0', gap=-1.00, time=6.90 stage=move.
 Retrying in 1 seconds
 Retrying in 1 seconds
[shaping_diag] success_cum_shaping=313.35 T=110 d_init=104.5 d_final=0.0
 Retrying in 1 seconds
[shaping_diag] success_cum_shaping=313.35 T=110 d_init=104.5 d_final=0.0
 Retrying in 1 seconds
[shaping_diag] success_cum_shaping=313.35 T=110 d_init=104.5 d_final=0.0
 Retrying in 1 seconds
[shaping_diag] success_cum_shaping=313.35 T=110 d_init=104.5 d_final=0.0
 Retrying in 1 seconds
[shaping_diag] success_cum_shaping=313.35 T=110 d_init=104.5 d_final=0.0
 Retrying in 1 seconds
[shaping_diag] success_cum_shaping=313.35 T=110 d_init=104.5 d_final=0.0
Warning: Vehicle 'ego'; junction collision with vehicle 'other', lane=':center_11_0', gap=-1.00, time=6.90 stage=move.
Warning: Vehicle 'ego'; collision with vehicle 'other', lane='right_in_1', gap=-0.33, time=5.50 stage=move.
 Retrying in 1 seconds
 Retrying in 1 seconds
 Retrying in 1 seconds
[shaping_diag] success_cum_shaping=313.35 T=110 d_init=104.5 d_final=0.0
 Retrying in 1 seconds
[shaping_diag] success_cum_shaping=313.35 T=110 d_init=104.5 d_final=0.0
 Retrying in 1 seconds
[shaping_diag] success_cum_shaping=313.35 T=110 d_init=104.5 d_final=0.0
Warning: Vehicle 'other' performs emergency braking on lane 'left_in_0' with decel=9.00, wished=7.00, severity=1.00, time=6.50.
 Retrying in 1 seconds
[shaping_diag] success_cum_shaping=313.35 T=110 d_init=104.5 d_final=0.0
 Retrying in 1 seconds
[shaping_diag] success_cum_shaping=313.35 T=110 d_init=104.5 d_final=0.0
Warning: Vehicle 'ego'; junction collision with vehicle 'other', lane=':center_11_0', gap=-1.00, time=6.90 stage=move.
 Retrying in 1 seconds
 Retrying in 1 seconds
[shaping_diag] success_cum_shaping=313.35 T=110 d_init=104.5 d_final=0.0
 Retrying in 1 seconds
[shaping_diag] success_cum_shaping=313.35 T=110 d_init=104.5 d_final=0.0
Warning: Vehicle 'other'; junction collision with vehicle 'ego', lane=':center_8_0', gap=-1.00, time=6.90 stage=move.
 Retrying in 1 seconds
 Retrying in 1 seconds
[shaping_diag] success_cum_shaping=313.35 T=110 d_init=104.5 d_final=0.0
 Retrying in 1 seconds
[shaping_diag] success_cum_shaping=313.35 T=110 d_init=104.5 d_final=0.0
 Retrying in 1 seconds
[shaping_diag] success_cum_shaping=313.35 T=110 d_init=104.5 d_final=0.0
 Retrying in 1 seconds
[shaping_diag] success_cum_shaping=313.35 T=110 d_init=104.5 d_final=0.0
 Retrying in 1 seconds
[shaping_diag] success_cum_shaping=313.35 T=110 d_init=104.5 d_final=0.0
 Retrying in 1 seconds
[shaping_diag] success_cum_shaping=313.35 T=110 d_init=104.5 d_final=0.0
 Retrying in 1 seconds
[shaping_diag] success_cum_shaping=313.35 T=110 d_init=104.5 d_final=0.0
 Retrying in 1 seconds
[shaping_diag] success_cum_shaping=313.35 T=110 d_init=104.5 d_final=0.0
 Retrying in 1 seconds
[shaping_diag] success_cum_shaping=313.35 T=110 d_init=104.5 d_final=0.0
 Retrying in 1 seconds
[shaping_diag] success_cum_shaping=313.35 T=110 d_init=104.5 d_final=0.0
  step=400000: return=+366.40, coll=0.17, score=349.74
 Retrying in 1 seconds
[shaping_diag] success_cum_shaping=313.35 T=110 d_init=104.5 d_final=0.0
 Retrying in 1 seconds
[shaping_diag] success_cum_shaping=313.35 T=110 d_init=104.5 d_final=0.0
Warning: Vehicle 'ego'; junction collision with vehicle 'other', lane=':center_11_0', gap=-1.00, time=6.90 stage=move.
 Retrying in 1 seconds
 Retrying in 1 seconds
[shaping_diag] success_cum_shaping=313.35 T=110 d_init=104.5 d_final=0.0
 Retrying in 1 seconds
[shaping_diag] success_cum_shaping=313.35 T=110 d_init=104.5 d_final=0.0
 Retrying in 1 seconds
[shaping_diag] success_cum_shaping=313.35 T=110 d_init=104.5 d_final=0.0
 Retrying in 1 seconds
[shaping_diag] success_cum_shaping=313.35 T=110 d_init=104.5 d_final=0.0
 Retrying in 1 seconds
[shaping_diag] success_cum_shaping=313.35 T=110 d_init=104.5 d_final=0.0
 Retrying in 1 seconds
[shaping_diag] success_cum_shaping=313.35 T=110 d_init=104.5 d_final=0.0
Warning: Vehicle 'ego'; junction collision with vehicle 'other', lane=':center_11_0', gap=-1.00, time=6.90 stage=move.
Warning: Vehicle 'ego'; collision with vehicle 'other', lane='right_in_1', gap=-0.33, time=5.50 stage=move.
 Retrying in 1 seconds
 Retrying in 1 seconds
 Retrying in 1 seconds
[shaping_diag] success_cum_shaping=313.35 T=110 d_init=104.5 d_final=0.0
 Retrying in 1 seconds
[shaping_diag] success_cum_shaping=313.35 T=110 d_init=104.5 d_final=0.0
 Retrying in 1 seconds
[shaping_diag] success_cum_shaping=313.35 T=110 d_init=104.5 d_final=0.0
Warning: Vehicle 'other' performs emergency braking on lane 'left_in_0' with decel=9.00, wished=7.00, severity=1.00, time=6.50.
 Retrying in 1 seconds
[shaping_diag] success_cum_shaping=313.35 T=110 d_init=104.5 d_final=0.0
 Retrying in 1 seconds
[shaping_diag] success_cum_shaping=313.35 T=110 d_init=104.5 d_final=0.0
Warning: Vehicle 'ego'; junction collision with vehicle 'other', lane=':center_11_0', gap=-1.00, time=6.90 stage=move.
 Retrying in 1 seconds
 Retrying in 1 seconds
[shaping_diag] success_cum_shaping=313.35 T=110 d_init=104.5 d_final=0.0
 Retrying in 1 seconds
[shaping_diag] success_cum_shaping=313.35 T=110 d_init=104.5 d_final=0.0
Warning: Vehicle 'other'; junction collision with vehicle 'ego', lane=':center_8_0', gap=-1.00, time=6.90 stage=move.
 Retrying in 1 seconds
 Retrying in 1 seconds
[shaping_diag] success_cum_shaping=313.35 T=110 d_init=104.5 d_final=0.0
 Retrying in 1 seconds
[shaping_diag] success_cum_shaping=313.35 T=110 d_init=104.5 d_final=0.0
 Retrying in 1 seconds
[shaping_diag] success_cum_shaping=313.35 T=110 d_init=104.5 d_final=0.0
 Retrying in 1 seconds
[shaping_diag] success_cum_shaping=313.35 T=110 d_init=104.5 d_final=0.0
 Retrying in 1 seconds
[shaping_diag] success_cum_shaping=313.35 T=110 d_init=104.5 d_final=0.0
 Retrying in 1 seconds
[shaping_diag] success_cum_shaping=313.35 T=110 d_init=104.5 d_final=0.0
 Retrying in 1 seconds
[shaping_diag] success_cum_shaping=313.35 T=110 d_init=104.5 d_final=0.0
 Retrying in 1 seconds
[shaping_diag] success_cum_shaping=313.35 T=110 d_init=104.5 d_final=0.0
 Retrying in 1 seconds
[shaping_diag] success_cum_shaping=313.35 T=110 d_init=104.5 d_final=0.0
 Retrying in 1 seconds
[shaping_diag] success_cum_shaping=313.35 T=110 d_init=104.5 d_final=0.0
  step=final: return=+366.40, coll=0.17, score=349.74
  Best: step=300000 (margin=13.26). Copied to results/ablation/tier1/1a_right_stem_cbf_aux_nointent_s42/model_cbf_aux_1a_right_stem.pt
Training complete. Metrics in results/ablation/tier1/1a_right_stem_cbf_aux_nointent_s42/train_cbf_aux_1a_right_stem.csv
=== EVAL ===
Warning: Vehicle 'other'; junction collision with vehicle 'ego', lane=':center_8_0', gap=-1.00, time=7.10 stage=move.
Eval seed=1042 [deterministic]...
 Retrying in 1 seconds
 Retrying in 1 seconds
[shaping_diag] success_cum_shaping=313.35 T=110 d_init=104.5 d_final=0.0
 Retrying in 1 seconds
[shaping_diag] success_cum_shaping=313.35 T=110 d_init=104.5 d_final=0.0
 Retrying in 1 seconds
[shaping_diag] success_cum_shaping=313.35 T=115 d_init=104.5 d_final=0.0
 Retrying in 1 seconds
[shaping_diag] success_cum_shaping=313.35 T=110 d_init=104.5 d_final=0.0
 Retrying in 1 seconds
 Retrying in 1 seconds
[shaping_diag] success_cum_shaping=313.35 T=110 d_init=104.5 d_final=0.0
 Retrying in 1 seconds
[shaping_diag] success_cum_shaping=313.35 T=110 d_init=104.5 d_final=0.0
 Retrying in 1 seconds
[shaping_diag] success_cum_shaping=313.35 T=110 d_init=104.5 d_final=0.0
 Retrying in 1 seconds
[shaping_diag] success_cum_shaping=313.35 T=110 d_init=104.5 d_final=0.0
Warning: Vehicle 'other' performs emergency braking on lane 'left_in_0' with decel=9.00, wished=5.00, severity=1.00, time=6.50.
 Retrying in 1 seconds
[shaping_diag] success_cum_shaping=313.35 T=110 d_init=104.5 d_final=0.0
 Retrying in 1 seconds
[shaping_diag] success_cum_shaping=313.35 T=110 d_init=104.5 d_final=0.0
 Retrying in 1 seconds
[shaping_diag] success_cum_shaping=313.35 T=110 d_init=104.5 d_final=0.0
 Retrying in 1 seconds
[shaping_diag] success_cum_shaping=313.35 T=110 d_init=104.5 d_final=0.0
Warning: Vehicle 'other' performs emergency braking on lane ':center_8_0' with decel=9.00, wished=4.00, severity=1.00, time=7.00.
Warning: Vehicle 'other'; junction collision with vehicle 'ego', lane=':center_8_0', gap=-1.00, time=7.30 stage=move.
 Retrying in 1 seconds
 Retrying in 1 seconds
[shaping_diag] success_cum_shaping=313.35 T=110 d_init=104.5 d_final=0.0
Warning: Vehicle 'other' performs emergency braking on lane 'left_in_0' with decel=9.00, wished=5.00, severity=1.00, time=6.50.
 Retrying in 1 seconds
[shaping_diag] success_cum_shaping=313.35 T=110 d_init=104.5 d_final=0.0
 Retrying in 1 seconds
[shaping_diag] success_cum_shaping=313.35 T=110 d_init=104.5 d_final=0.0
 Retrying in 1 seconds
[shaping_diag] success_cum_shaping=313.35 T=110 d_init=104.5 d_final=0.0
 Retrying in 1 seconds
[shaping_diag] success_cum_shaping=313.35 T=110 d_init=104.5 d_final=0.0
Warning: Vehicle 'other'; junction collision with vehicle 'ego', lane=':center_8_0', gap=-1.00, time=7.00 stage=move.
 Retrying in 1 seconds
 Retrying in 1 seconds
[shaping_diag] success_cum_shaping=313.35 T=110 d_init=104.5 d_final=0.0
 Retrying in 1 seconds
[shaping_diag] success_cum_shaping=313.35 T=110 d_init=104.5 d_final=0.0
 Retrying in 1 seconds
[shaping_diag] success_cum_shaping=313.35 T=110 d_init=104.5 d_final=0.0
 Retrying in 1 seconds
[shaping_diag] success_cum_shaping=313.35 T=110 d_init=104.5 d_final=0.0
 Retrying in 1 seconds
[shaping_diag] success_cum_shaping=313.35 T=110 d_init=104.5 d_final=0.0
 Retrying in 1 seconds
[shaping_diag] success_cum_shaping=313.35 T=110 d_init=104.5 d_final=0.0
 Retrying in 1 seconds
[shaping_diag] success_cum_shaping=313.35 T=110 d_init=104.5 d_final=0.0
 Retrying in 1 seconds
[shaping_diag] success_cum_shaping=313.35 T=110 d_init=104.5 d_final=0.0
Warning: Vehicle 'other' performs emergency braking on lane 'left_in_0' with decel=9.00, wished=7.00, severity=1.00, time=6.50.
 Retrying in 1 seconds
[shaping_diag] success_cum_shaping=313.35 T=110 d_init=104.5 d_final=0.0
 Retrying in 1 seconds
[shaping_diag] success_cum_shaping=313.35 T=110 d_init=104.5 d_final=0.0
 Retrying in 1 seconds
[shaping_diag] success_cum_shaping=313.35 T=110 d_init=104.5 d_final=0.0
 Retrying in 1 seconds
[shaping_diag] success_cum_shaping=313.35 T=113 d_init=104.5 d_final=0.0
 Retrying in 1 seconds
[shaping_diag] success_cum_shaping=313.35 T=110 d_init=104.5 d_final=0.0
 Retrying in 1 seconds
[shaping_diag] success_cum_shaping=313.35 T=110 d_init=104.5 d_final=0.0
Warning: Vehicle 'ego'; junction collision with vehicle 'other', lane=':center_11_0', gap=-1.00, time=6.90 stage=move.
 Retrying in 1 seconds
 Retrying in 1 seconds
[shaping_diag] success_cum_shaping=313.35 T=110 d_init=104.5 d_final=0.0
 Retrying in 1 seconds
[shaping_diag] success_cum_shaping=313.35 T=110 d_init=104.5 d_final=0.0
 Retrying in 1 seconds
 Retrying in 1 seconds
[shaping_diag] success_cum_shaping=313.35 T=110 d_init=104.5 d_final=0.0
 Retrying in 1 seconds
[shaping_diag] success_cum_shaping=313.35 T=110 d_init=104.5 d_final=0.0
 Retrying in 1 seconds
[shaping_diag] success_cum_shaping=313.35 T=110 d_init=104.5 d_final=0.0
 Retrying in 1 seconds
[shaping_diag] success_cum_shaping=313.35 T=110 d_init=104.5 d_final=0.0
 Retrying in 1 seconds
[shaping_diag] success_cum_shaping=313.35 T=110 d_init=104.5 d_final=0.0
 Retrying in 1 seconds
[shaping_diag] success_cum_shaping=313.35 T=110 d_init=104.5 d_final=0.0
Warning: Vehicle 'ego'; junction collision with vehicle 'other', lane=':center_11_0', gap=-1.00, time=6.90 stage=move.
 Retrying in 1 seconds
 Retrying in 1 seconds
[shaping_diag] success_cum_shaping=313.35 T=110 d_init=104.5 d_final=0.0
 Retrying in 1 seconds
[shaping_diag] success_cum_shaping=313.35 T=110 d_init=104.5 d_final=0.0
 Retrying in 1 seconds
[shaping_diag] success_cum_shaping=313.35 T=111 d_init=104.5 d_final=0.0
 Retrying in 1 seconds
[shaping_diag] success_cum_shaping=313.35 T=110 d_init=104.5 d_final=0.0
 Retrying in 1 seconds
[shaping_diag] success_cum_shaping=313.35 T=110 d_init=104.5 d_final=0.0
 Retrying in 1 seconds
[shaping_diag] success_cum_shaping=313.35 T=110 d_init=104.5 d_final=0.0
 Retrying in 1 seconds
[shaping_diag] success_cum_shaping=313.35 T=110 d_init=104.5 d_final=0.0
 Retrying in 1 seconds
[shaping_diag] success_cum_shaping=313.35 T=110 d_init=104.5 d_final=0.0
 Retrying in 1 seconds
[shaping_diag] success_cum_shaping=313.35 T=110 d_init=104.5 d_final=0.0
 Retrying in 1 seconds
[shaping_diag] success_cum_shaping=313.35 T=110 d_init=104.5 d_final=0.0
 Retrying in 1 seconds
[shaping_diag] success_cum_shaping=313.35 T=110 d_init=104.5 d_final=0.0
 Retrying in 1 seconds
[shaping_diag] success_cum_shaping=313.35 T=110 d_init=104.5 d_final=0.0
 Retrying in 1 seconds
[shaping_diag] success_cum_shaping=313.35 T=110 d_init=104.5 d_final=0.0
 Retrying in 1 seconds
[shaping_diag] success_cum_shaping=313.35 T=110 d_init=104.5 d_final=0.0
 Retrying in 1 seconds
[shaping_diag] success_cum_shaping=313.35 T=110 d_init=104.5 d_final=0.0
 Retrying in 1 seconds
[shaping_diag] success_cum_shaping=313.35 T=110 d_init=104.5 d_final=0.0
 Retrying in 1 seconds
[shaping_diag] success_cum_shaping=313.35 T=110 d_init=104.5 d_final=0.0
 Retrying in 1 seconds
[shaping_diag] success_cum_shaping=313.35 T=110 d_init=104.5 d_final=0.0
 Retrying in 1 seconds
[shaping_diag] success_cum_shaping=313.35 T=110 d_init=104.5 d_final=0.0
 Retrying in 1 seconds
[shaping_diag] success_cum_shaping=313.35 T=110 d_init=104.5 d_final=0.0
 Retrying in 1 seconds
[shaping_diag] success_cum_shaping=313.35 T=110 d_init=104.5 d_final=0.0
Warning: Vehicle 'other' performs emergency braking on lane 'left_in_0' with decel=9.00, wished=5.00, severity=1.00, time=6.50.
 Retrying in 1 seconds
[shaping_diag] success_cum_shaping=313.35 T=110 d_init=104.5 d_final=0.0
 Retrying in 1 seconds
[shaping_diag] success_cum_shaping=313.35 T=110 d_init=104.5 d_final=0.0
 Retrying in 1 seconds
[shaping_diag] success_cum_shaping=313.35 T=110 d_init=104.5 d_final=0.0
 Retrying in 1 seconds
[shaping_diag] success_cum_shaping=313.35 T=110 d_init=104.5 d_final=0.0
 Retrying in 1 seconds
[shaping_diag] success_cum_shaping=313.35 T=110 d_init=104.5 d_final=0.0
 Retrying in 1 seconds
[shaping_diag] success_cum_shaping=313.35 T=110 d_init=104.5 d_final=0.0
Warning: Vehicle 'ego'; junction collision with vehicle 'other', lane=':center_11_0', gap=-1.00, time=6.90 stage=move.
 Retrying in 1 seconds
 Retrying in 1 seconds
 Retrying in 1 seconds
[shaping_diag] success_cum_shaping=313.35 T=110 d_init=104.5 d_final=0.0
 Retrying in 1 seconds
[shaping_diag] success_cum_shaping=313.35 T=110 d_init=104.5 d_final=0.0
 Retrying in 1 seconds
[shaping_diag] success_cum_shaping=313.35 T=110 d_init=104.5 d_final=0.0
Warning: Vehicle 'other' performs emergency braking on lane 'left_in_0' with decel=9.00, wished=7.00, severity=1.00, time=6.50.
 Retrying in 1 seconds
[shaping_diag] success_cum_shaping=313.35 T=110 d_init=104.5 d_final=0.0
 Retrying in 1 seconds
[shaping_diag] success_cum_shaping=313.35 T=110 d_init=104.5 d_final=0.0
 Retrying in 1 seconds
[shaping_diag] success_cum_shaping=313.35 T=110 d_init=104.5 d_final=0.0
 Retrying in 1 seconds
[shaping_diag] success_cum_shaping=313.35 T=115 d_init=104.5 d_final=0.0
 Retrying in 1 seconds
[shaping_diag] success_cum_shaping=313.35 T=110 d_init=104.5 d_final=0.0
 Retrying in 1 seconds
[shaping_diag] success_cum_shaping=313.35 T=110 d_init=104.5 d_final=0.0
 Retrying in 1 seconds
[shaping_diag] success_cum_shaping=313.35 T=110 d_init=104.5 d_final=0.0
 Retrying in 1 seconds
[shaping_diag] success_cum_shaping=313.35 T=110 d_init=104.5 d_final=0.0
Warning: Vehicle 'other'; junction collision with vehicle 'ego', lane=':center_8_0', gap=-1.00, time=7.00 stage=move.
 Retrying in 1 seconds
 Retrying in 1 seconds
[shaping_diag] success_cum_shaping=313.35 T=110 d_init=104.5 d_final=0.0
Warning: Vehicle 'other' performs emergency braking on lane 'left_in_0' with decel=9.00, wished=7.00, severity=1.00, time=6.50.
 Retrying in 1 seconds
[shaping_diag] success_cum_shaping=313.35 T=110 d_init=104.5 d_final=0.0
 Retrying in 1 seconds
[shaping_diag] success_cum_shaping=313.35 T=110 d_init=104.5 d_final=0.0
 Retrying in 1 seconds
[shaping_diag] success_cum_shaping=313.35 T=110 d_init=104.5 d_final=0.0
 Retrying in 1 seconds
 Retrying in 1 seconds
[shaping_diag] success_cum_shaping=313.35 T=110 d_init=104.5 d_final=0.0
 Retrying in 1 seconds
[shaping_diag] success_cum_shaping=313.35 T=110 d_init=104.5 d_final=0.0
 Retrying in 1 seconds
 Retrying in 1 seconds
[shaping_diag] success_cum_shaping=313.35 T=110 d_init=104.5 d_final=0.0
Warning: Vehicle 'other'; junction collision with vehicle 'ego', lane=':center_8_0', gap=-1.00, time=7.10 stage=move.
 Retrying in 1 seconds
 Retrying in 1 seconds
 Retrying in 1 seconds
[shaping_diag] success_cum_shaping=313.35 T=110 d_init=104.5 d_final=0.0
 Retrying in 1 seconds
[shaping_diag] success_cum_shaping=313.35 T=110 d_init=104.5 d_final=0.0
  return=370.09 coll=0.140 success=0.860 ttc=5.87 ent=0.06 brakes=0.9
Eval seed=1042 [stochastic]...
 Retrying in 1 seconds
[shaping_diag] success_cum_shaping=313.35 T=119 d_init=104.5 d_final=0.0
 Retrying in 1 seconds
[shaping_diag] success_cum_shaping=313.35 T=114 d_init=104.5 d_final=0.0
 Retrying in 1 seconds
[shaping_diag] success_cum_shaping=313.35 T=112 d_init=104.5 d_final=0.0
 Retrying in 1 seconds
[shaping_diag] success_cum_shaping=313.35 T=116 d_init=104.5 d_final=0.0
 Retrying in 1 seconds
[shaping_diag] success_cum_shaping=313.35 T=116 d_init=104.5 d_final=0.0
 Retrying in 1 seconds
[shaping_diag] success_cum_shaping=313.35 T=124 d_init=104.5 d_final=0.0
 Retrying in 1 seconds
[shaping_diag] success_cum_shaping=313.35 T=114 d_init=104.5 d_final=0.0
 Retrying in 1 seconds
[shaping_diag] success_cum_shaping=313.35 T=110 d_init=104.5 d_final=0.0
 Retrying in 1 seconds
[shaping_diag] success_cum_shaping=313.35 T=110 d_init=104.5 d_final=0.0
 Retrying in 1 seconds
[shaping_diag] success_cum_shaping=313.35 T=114 d_init=104.5 d_final=0.0
 Retrying in 1 seconds
[shaping_diag] success_cum_shaping=313.35 T=130 d_init=104.5 d_final=0.0
 Retrying in 1 seconds
[shaping_diag] success_cum_shaping=313.35 T=110 d_init=104.5 d_final=0.0
 Retrying in 1 seconds
[shaping_diag] success_cum_shaping=313.35 T=111 d_init=104.5 d_final=0.0
 Retrying in 1 seconds
[shaping_diag] success_cum_shaping=313.35 T=110 d_init=104.5 d_final=0.0
Warning: Vehicle 'other' performs emergency braking on lane ':center_8_0' with decel=9.00, wished=4.00, severity=1.00, time=7.00.
Warning: Vehicle 'other'; junction collision with vehicle 'ego', lane=':center_8_0', gap=-1.00, time=7.30 stage=move.
 Retrying in 1 seconds
 Retrying in 1 seconds
[shaping_diag] success_cum_shaping=313.35 T=111 d_init=104.5 d_final=0.0
Warning: Vehicle 'other' performs emergency braking on lane 'left_in_0' with decel=9.00, wished=5.00, severity=1.00, time=6.60.
 Retrying in 1 seconds
 Retrying in 1 seconds
[shaping_diag] success_cum_shaping=313.35 T=113 d_init=104.5 d_final=0.0
 Retrying in 1 seconds
[shaping_diag] success_cum_shaping=313.35 T=110 d_init=104.5 d_final=0.0
 Retrying in 1 seconds
[shaping_diag] success_cum_shaping=313.35 T=118 d_init=104.5 d_final=0.0
 Retrying in 1 seconds
[shaping_diag] success_cum_shaping=313.35 T=119 d_init=104.5 d_final=0.0
 Retrying in 1 seconds
[shaping_diag] success_cum_shaping=313.35 T=112 d_init=104.5 d_final=0.0
 Retrying in 1 seconds
[shaping_diag] success_cum_shaping=313.35 T=110 d_init=104.5 d_final=0.0
 Retrying in 1 seconds
[shaping_diag] success_cum_shaping=313.35 T=111 d_init=104.5 d_final=0.0
 Retrying in 1 seconds
[shaping_diag] success_cum_shaping=313.35 T=110 d_init=104.5 d_final=0.0
 Retrying in 1 seconds
[shaping_diag] success_cum_shaping=313.35 T=113 d_init=104.5 d_final=0.0
 Retrying in 1 seconds
[shaping_diag] success_cum_shaping=313.35 T=111 d_init=104.5 d_final=0.0
 Retrying in 1 seconds
[shaping_diag] success_cum_shaping=313.35 T=112 d_init=104.5 d_final=0.0
 Retrying in 1 seconds
[shaping_diag] success_cum_shaping=313.35 T=110 d_init=104.5 d_final=0.0
 Retrying in 1 seconds
[shaping_diag] success_cum_shaping=313.35 T=127 d_init=104.5 d_final=0.0
 Retrying in 1 seconds
[shaping_diag] success_cum_shaping=313.35 T=111 d_init=104.5 d_final=0.0
 Retrying in 1 seconds
[shaping_diag] success_cum_shaping=313.35 T=116 d_init=104.5 d_final=0.0
 Retrying in 1 seconds
[shaping_diag] success_cum_shaping=313.35 T=114 d_init=104.5 d_final=0.0
 Retrying in 1 seconds
[shaping_diag] success_cum_shaping=313.35 T=112 d_init=104.5 d_final=0.0
 Retrying in 1 seconds
[shaping_diag] success_cum_shaping=313.35 T=112 d_init=104.5 d_final=0.0
 Retrying in 1 seconds
[shaping_diag] success_cum_shaping=313.35 T=113 d_init=104.5 d_final=0.0
 Retrying in 1 seconds
[shaping_diag] success_cum_shaping=313.35 T=113 d_init=104.5 d_final=0.0
 Retrying in 1 seconds
[shaping_diag] success_cum_shaping=313.35 T=111 d_init=104.5 d_final=0.0
 Retrying in 1 seconds
[shaping_diag] success_cum_shaping=313.35 T=121 d_init=104.5 d_final=0.0
 Retrying in 1 seconds
[shaping_diag] success_cum_shaping=313.35 T=110 d_init=104.5 d_final=0.0
 Retrying in 1 seconds
[shaping_diag] success_cum_shaping=313.35 T=111 d_init=104.5 d_final=0.0
 Retrying in 1 seconds
[shaping_diag] success_cum_shaping=313.35 T=115 d_init=104.5 d_final=0.0
 Retrying in 1 seconds
[shaping_diag] success_cum_shaping=313.35 T=111 d_init=104.5 d_final=0.0
 Retrying in 1 seconds
[shaping_diag] success_cum_shaping=313.35 T=112 d_init=104.5 d_final=0.0
 Retrying in 1 seconds
[shaping_diag] success_cum_shaping=313.35 T=111 d_init=104.5 d_final=0.0
 Retrying in 1 seconds
[shaping_diag] success_cum_shaping=313.35 T=114 d_init=104.5 d_final=0.0
 Retrying in 1 seconds
[shaping_diag] success_cum_shaping=313.35 T=110 d_init=104.5 d_final=0.0
 Retrying in 1 seconds
[shaping_diag] success_cum_shaping=313.35 T=110 d_init=104.5 d_final=0.0
 Retrying in 1 seconds
[shaping_diag] success_cum_shaping=313.35 T=113 d_init=104.5 d_final=0.0
 Retrying in 1 seconds
[shaping_diag] success_cum_shaping=313.35 T=113 d_init=104.5 d_final=0.0
 Retrying in 1 seconds
[shaping_diag] success_cum_shaping=313.35 T=110 d_init=104.5 d_final=0.0
 Retrying in 1 seconds
[shaping_diag] success_cum_shaping=313.35 T=111 d_init=104.5 d_final=0.0
 Retrying in 1 seconds
[shaping_diag] success_cum_shaping=313.35 T=111 d_init=104.5 d_final=0.0
 Retrying in 1 seconds
[shaping_diag] success_cum_shaping=313.35 T=111 d_init=104.5 d_final=0.0
 Retrying in 1 seconds
[shaping_diag] success_cum_shaping=313.35 T=110 d_init=104.5 d_final=0.0
 Retrying in 1 seconds
[shaping_diag] success_cum_shaping=313.35 T=114 d_init=104.5 d_final=0.0
 Retrying in 1 seconds
[shaping_diag] success_cum_shaping=313.35 T=112 d_init=104.5 d_final=0.0
 Retrying in 1 seconds
[shaping_diag] success_cum_shaping=313.35 T=110 d_init=104.5 d_final=0.0
 Retrying in 1 seconds
[shaping_diag] success_cum_shaping=313.35 T=113 d_init=104.5 d_final=0.0
 Retrying in 1 seconds
[shaping_diag] success_cum_shaping=313.35 T=110 d_init=104.5 d_final=0.0
 Retrying in 1 seconds
[shaping_diag] success_cum_shaping=313.35 T=114 d_init=104.5 d_final=0.0
 Retrying in 1 seconds
[shaping_diag] success_cum_shaping=313.35 T=111 d_init=104.5 d_final=0.0
 Retrying in 1 seconds
[shaping_diag] success_cum_shaping=313.35 T=111 d_init=104.5 d_final=0.0
 Retrying in 1 seconds
[shaping_diag] success_cum_shaping=313.35 T=112 d_init=104.5 d_final=0.0
 Retrying in 1 seconds
[shaping_diag] success_cum_shaping=313.35 T=110 d_init=104.5 d_final=0.0
 Retrying in 1 seconds
[shaping_diag] success_cum_shaping=313.35 T=113 d_init=104.5 d_final=0.0
 Retrying in 1 seconds
[shaping_diag] success_cum_shaping=313.35 T=110 d_init=104.5 d_final=0.0
Warning: Vehicle 'other' performs emergency braking on lane 'left_in_0' with decel=9.00, wished=5.00, severity=1.00, time=6.50.
 Retrying in 1 seconds
[shaping_diag] success_cum_shaping=313.35 T=111 d_init=104.5 d_final=0.0
 Retrying in 1 seconds
[shaping_diag] success_cum_shaping=313.35 T=112 d_init=104.5 d_final=0.0
 Retrying in 1 seconds
[shaping_diag] success_cum_shaping=313.35 T=112 d_init=104.5 d_final=0.0
 Retrying in 1 seconds
[shaping_diag] success_cum_shaping=313.35 T=111 d_init=104.5 d_final=0.0
 Retrying in 1 seconds
[shaping_diag] success_cum_shaping=313.35 T=110 d_init=104.5 d_final=0.0
 Retrying in 1 seconds
[shaping_diag] success_cum_shaping=313.35 T=111 d_init=104.5 d_final=0.0
 Retrying in 1 seconds
[shaping_diag] success_cum_shaping=313.35 T=115 d_init=104.5 d_final=0.0
 Retrying in 1 seconds
[shaping_diag] success_cum_shaping=313.35 T=122 d_init=104.5 d_final=0.0
 Retrying in 1 seconds
[shaping_diag] success_cum_shaping=313.35 T=114 d_init=104.5 d_final=0.0
 Retrying in 1 seconds
[shaping_diag] success_cum_shaping=313.35 T=110 d_init=104.5 d_final=0.0
 Retrying in 1 seconds
[shaping_diag] success_cum_shaping=313.35 T=111 d_init=104.5 d_final=0.0
 Retrying in 1 seconds
[shaping_diag] success_cum_shaping=313.35 T=126 d_init=104.5 d_final=0.0
 Retrying in 1 seconds
[shaping_diag] success_cum_shaping=313.35 T=112 d_init=104.5 d_final=0.0
 Retrying in 1 seconds
[shaping_diag] success_cum_shaping=313.35 T=110 d_init=104.5 d_final=0.0
 Retrying in 1 seconds
[shaping_diag] success_cum_shaping=313.35 T=116 d_init=104.5 d_final=0.0
 Retrying in 1 seconds
[shaping_diag] success_cum_shaping=313.35 T=114 d_init=104.5 d_final=0.0
 Retrying in 1 seconds
[shaping_diag] success_cum_shaping=313.35 T=113 d_init=104.5 d_final=0.0
 Retrying in 1 seconds
[shaping_diag] success_cum_shaping=313.35 T=110 d_init=104.5 d_final=0.0
 Retrying in 1 seconds
[shaping_diag] success_cum_shaping=313.35 T=112 d_init=104.5 d_final=0.0
 Retrying in 1 seconds
[shaping_diag] success_cum_shaping=313.35 T=119 d_init=104.5 d_final=0.0
 Retrying in 1 seconds
[shaping_diag] success_cum_shaping=313.35 T=110 d_init=104.5 d_final=0.0
Warning: Vehicle 'other' performs emergency braking on lane 'left_in_0' with decel=9.00, wished=7.00, severity=1.00, time=6.70.
 Retrying in 1 seconds
[shaping_diag] success_cum_shaping=313.35 T=114 d_init=104.5 d_final=0.0
 Retrying in 1 seconds
[shaping_diag] success_cum_shaping=313.35 T=111 d_init=104.5 d_final=0.0
 Retrying in 1 seconds
[shaping_diag] success_cum_shaping=313.35 T=113 d_init=104.5 d_final=0.0
 Retrying in 1 seconds
[shaping_diag] success_cum_shaping=313.35 T=125 d_init=104.5 d_final=0.0
 Retrying in 1 seconds
[shaping_diag] success_cum_shaping=313.35 T=110 d_init=104.5 d_final=0.0
 Retrying in 1 seconds
[shaping_diag] success_cum_shaping=313.35 T=110 d_init=104.5 d_final=0.0
 Retrying in 1 seconds
[shaping_diag] success_cum_shaping=313.35 T=132 d_init=104.5 d_final=0.0
 Retrying in 1 seconds
[shaping_diag] success_cum_shaping=313.35 T=110 d_init=104.5 d_final=0.0
 Retrying in 1 seconds
[shaping_diag] success_cum_shaping=313.35 T=121 d_init=104.5 d_final=0.0
 Retrying in 1 seconds
[shaping_diag] success_cum_shaping=313.35 T=116 d_init=104.5 d_final=0.0
 Retrying in 1 seconds
[shaping_diag] success_cum_shaping=313.35 T=112 d_init=104.5 d_final=0.0
 Retrying in 1 seconds
[shaping_diag] success_cum_shaping=313.35 T=111 d_init=104.5 d_final=0.0
  return=401.39 coll=0.020 success=0.980 ttc=5.80 ent=0.36 brakes=1.0
Eval seed=2042 [deterministic]...
 Retrying in 1 seconds
[shaping_diag] success_cum_shaping=313.35 T=110 d_init=104.5 d_final=0.0
 Retrying in 1 seconds
[shaping_diag] success_cum_shaping=313.35 T=110 d_init=104.5 d_final=0.0
Warning: Vehicle 'other'; junction collision with vehicle 'ego', lane=':center_8_0', gap=-1.00, time=7.30 stage=move.
 Retrying in 1 seconds
 Retrying in 1 seconds
[shaping_diag] success_cum_shaping=313.35 T=110 d_init=104.5 d_final=0.0
Warning: Vehicle 'other' performs emergency braking on lane ':center_8_0' with decel=9.00, wished=5.00, severity=1.00, time=7.00.
 Retrying in 1 seconds
 Retrying in 1 seconds
[shaping_diag] success_cum_shaping=313.35 T=110 d_init=104.5 d_final=0.0
 Retrying in 1 seconds
[shaping_diag] success_cum_shaping=313.35 T=110 d_init=104.5 d_final=0.0
 Retrying in 1 seconds
[shaping_diag] success_cum_shaping=313.35 T=110 d_init=104.5 d_final=0.0
 Retrying in 1 seconds
[shaping_diag] success_cum_shaping=313.35 T=110 d_init=104.5 d_final=0.0
 Retrying in 1 seconds
[shaping_diag] success_cum_shaping=313.35 T=110 d_init=104.5 d_final=0.0
Warning: Vehicle 'other' performs emergency braking on lane 'left_in_0' with decel=9.00, wished=4.00, severity=1.00, time=6.50.
 Retrying in 1 seconds
[shaping_diag] success_cum_shaping=313.35 T=110 d_init=104.5 d_final=0.0
Warning: Vehicle 'other' performs emergency braking on lane 'left_in_0' with decel=9.00, wished=5.00, severity=1.00, time=6.50.
 Retrying in 1 seconds
[shaping_diag] success_cum_shaping=313.35 T=110 d_init=104.5 d_final=0.0
Warning: Vehicle 'other'; junction collision with vehicle 'ego', lane=':center_8_0', gap=-1.00, time=7.00 stage=move.
 Retrying in 1 seconds
 Retrying in 1 seconds
[shaping_diag] success_cum_shaping=313.35 T=110 d_init=104.5 d_final=0.0
 Retrying in 1 seconds
[shaping_diag] success_cum_shaping=313.35 T=110 d_init=104.5 d_final=0.0
 Retrying in 1 seconds
[shaping_diag] success_cum_shaping=313.35 T=110 d_init=104.5 d_final=0.0
 Retrying in 1 seconds
[shaping_diag] success_cum_shaping=313.35 T=110 d_init=104.5 d_final=0.0
 Retrying in 1 seconds
[shaping_diag] success_cum_shaping=313.35 T=115 d_init=104.5 d_final=0.0
 Retrying in 1 seconds
[shaping_diag] success_cum_shaping=313.35 T=110 d_init=104.5 d_final=0.0
 Retrying in 1 seconds
[shaping_diag] success_cum_shaping=313.35 T=110 d_init=104.5 d_final=0.0
 Retrying in 1 seconds
[shaping_diag] success_cum_shaping=313.35 T=110 d_init=104.5 d_final=0.0
 Retrying in 1 seconds
[shaping_diag] success_cum_shaping=313.35 T=110 d_init=104.5 d_final=0.0
Warning: Vehicle 'ego'; collision with vehicle 'other', lane='right_in_1', gap=-0.03, time=5.60 stage=move.
Warning: Vehicle 'other' performs emergency braking on lane ':center_8_0' with decel=9.00, wished=4.00, severity=1.00, time=7.00.
 Retrying in 1 seconds
 Retrying in 1 seconds
[shaping_diag] success_cum_shaping=313.35 T=110 d_init=104.5 d_final=0.0
Warning: Vehicle 'other' performs emergency braking on lane 'left_in_0' with decel=9.00, wished=5.00, severity=1.00, time=6.50.
 Retrying in 1 seconds
[shaping_diag] success_cum_shaping=313.35 T=110 d_init=104.5 d_final=0.0
 Retrying in 1 seconds
[shaping_diag] success_cum_shaping=313.35 T=110 d_init=104.5 d_final=0.0
 Retrying in 1 seconds
[shaping_diag] success_cum_shaping=313.35 T=110 d_init=104.5 d_final=0.0
 Retrying in 1 seconds
[shaping_diag] success_cum_shaping=313.35 T=110 d_init=104.5 d_final=0.0
 Retrying in 1 seconds
[shaping_diag] success_cum_shaping=313.35 T=110 d_init=104.5 d_final=0.0
 Retrying in 1 seconds
[shaping_diag] success_cum_shaping=313.35 T=110 d_init=104.5 d_final=0.0
 Retrying in 1 seconds
[shaping_diag] success_cum_shaping=313.35 T=110 d_init=104.5 d_final=0.0
 Retrying in 1 seconds
[shaping_diag] success_cum_shaping=313.35 T=110 d_init=104.5 d_final=0.0
 Retrying in 1 seconds
[shaping_diag] success_cum_shaping=313.35 T=110 d_init=104.5 d_final=0.0
 Retrying in 1 seconds
[shaping_diag] success_cum_shaping=313.35 T=110 d_init=104.5 d_final=0.0
 Retrying in 1 seconds
[shaping_diag] success_cum_shaping=313.35 T=110 d_init=104.5 d_final=0.0
 Retrying in 1 seconds
[shaping_diag] success_cum_shaping=313.35 T=110 d_init=104.5 d_final=0.0
 Retrying in 1 seconds
[shaping_diag] success_cum_shaping=313.35 T=110 d_init=104.5 d_final=0.0
 Retrying in 1 seconds
[shaping_diag] success_cum_shaping=313.35 T=110 d_init=104.5 d_final=0.0
 Retrying in 1 seconds
[shaping_diag] success_cum_shaping=313.35 T=110 d_init=104.5 d_final=0.0
Warning: Vehicle 'other' performs emergency braking on lane ':center_8_0' with decel=9.00, wished=3.00, severity=1.00, time=7.00.
 Retrying in 1 seconds
[shaping_diag] success_cum_shaping=313.35 T=110 d_init=104.5 d_final=0.0
 Retrying in 1 seconds
[shaping_diag] success_cum_shaping=313.35 T=110 d_init=104.5 d_final=0.0
 Retrying in 1 seconds
[shaping_diag] success_cum_shaping=313.35 T=110 d_init=104.5 d_final=0.0
 Retrying in 1 seconds
[shaping_diag] success_cum_shaping=313.35 T=110 d_init=104.5 d_final=0.0
 Retrying in 1 seconds
[shaping_diag] success_cum_shaping=313.35 T=110 d_init=104.5 d_final=0.0
 Retrying in 1 seconds
[shaping_diag] success_cum_shaping=313.35 T=110 d_init=104.5 d_final=0.0
 Retrying in 1 seconds
[shaping_diag] success_cum_shaping=313.35 T=110 d_init=104.5 d_final=0.0
 Retrying in 1 seconds
[shaping_diag] success_cum_shaping=313.35 T=110 d_init=104.5 d_final=0.0
 Retrying in 1 seconds
[shaping_diag] success_cum_shaping=313.35 T=110 d_init=104.5 d_final=0.0
 Retrying in 1 seconds
[shaping_diag] success_cum_shaping=313.35 T=110 d_init=104.5 d_final=0.0
 Retrying in 1 seconds
[shaping_diag] success_cum_shaping=313.35 T=110 d_init=104.5 d_final=0.0
 Retrying in 1 seconds
[shaping_diag] success_cum_shaping=313.35 T=110 d_init=104.5 d_final=0.0
 Retrying in 1 seconds
[shaping_diag] success_cum_shaping=313.35 T=110 d_init=104.5 d_final=0.0
 Retrying in 1 seconds
[shaping_diag] success_cum_shaping=313.35 T=110 d_init=104.5 d_final=0.0
 Retrying in 1 seconds
[shaping_diag] success_cum_shaping=313.35 T=110 d_init=104.5 d_final=0.0
 Retrying in 1 seconds
[shaping_diag] success_cum_shaping=313.35 T=110 d_init=104.5 d_final=0.0
 Retrying in 1 seconds
[shaping_diag] success_cum_shaping=313.35 T=110 d_init=104.5 d_final=0.0
 Retrying in 1 seconds
[shaping_diag] success_cum_shaping=313.35 T=110 d_init=104.5 d_final=0.0
 Retrying in 1 seconds
[shaping_diag] success_cum_shaping=313.35 T=110 d_init=104.5 d_final=0.0
 Retrying in 1 seconds
[shaping_diag] success_cum_shaping=313.35 T=110 d_init=104.5 d_final=0.0
 Retrying in 1 seconds
[shaping_diag] success_cum_shaping=313.35 T=110 d_init=104.5 d_final=0.0
Warning: Vehicle 'other' performs emergency braking on lane 'left_in_0' with decel=9.00, wished=5.00, severity=1.00, time=6.50.
 Retrying in 1 seconds
[shaping_diag] success_cum_shaping=313.35 T=110 d_init=104.5 d_final=0.0
 Retrying in 1 seconds
[shaping_diag] success_cum_shaping=313.35 T=110 d_init=104.5 d_final=0.0
 Retrying in 1 seconds
[shaping_diag] success_cum_shaping=313.35 T=110 d_init=104.5 d_final=0.0
 Retrying in 1 seconds
[shaping_diag] success_cum_shaping=313.35 T=110 d_init=104.5 d_final=0.0
 Retrying in 1 seconds
[shaping_diag] success_cum_shaping=313.35 T=110 d_init=104.5 d_final=0.0
 Retrying in 1 seconds
[shaping_diag] success_cum_shaping=313.35 T=110 d_init=104.5 d_final=0.0
 Retrying in 1 seconds
[shaping_diag] success_cum_shaping=313.35 T=110 d_init=104.5 d_final=0.0
 Retrying in 1 seconds
[shaping_diag] success_cum_shaping=313.35 T=110 d_init=104.5 d_final=0.0
 Retrying in 1 seconds
[shaping_diag] success_cum_shaping=313.35 T=110 d_init=104.5 d_final=0.0
 Retrying in 1 seconds
[shaping_diag] success_cum_shaping=313.35 T=110 d_init=104.5 d_final=0.0
 Retrying in 1 seconds
[shaping_diag] success_cum_shaping=313.35 T=115 d_init=104.5 d_final=0.0
 Retrying in 1 seconds
[shaping_diag] success_cum_shaping=313.35 T=110 d_init=104.5 d_final=0.0
 Retrying in 1 seconds
[shaping_diag] success_cum_shaping=313.35 T=110 d_init=104.5 d_final=0.0
 Retrying in 1 seconds
[shaping_diag] success_cum_shaping=313.35 T=110 d_init=104.5 d_final=0.0
 Retrying in 1 seconds
[shaping_diag] success_cum_shaping=313.35 T=110 d_init=104.5 d_final=0.0
 Retrying in 1 seconds
[shaping_diag] success_cum_shaping=313.35 T=110 d_init=104.5 d_final=0.0
Warning: Vehicle 'other' performs emergency braking on lane 'left_in_0' with decel=9.00, wished=7.00, severity=1.00, time=6.50.
 Retrying in 1 seconds
[shaping_diag] success_cum_shaping=313.35 T=110 d_init=104.5 d_final=0.0
 Retrying in 1 seconds
[shaping_diag] success_cum_shaping=313.35 T=110 d_init=104.5 d_final=0.0
 Retrying in 1 seconds
[shaping_diag] success_cum_shaping=313.35 T=110 d_init=104.5 d_final=0.0
 Retrying in 1 seconds
[shaping_diag] success_cum_shaping=313.35 T=110 d_init=104.5 d_final=0.0
 Retrying in 1 seconds
[shaping_diag] success_cum_shaping=313.35 T=110 d_init=104.5 d_final=0.0
 Retrying in 1 seconds
[shaping_diag] success_cum_shaping=313.35 T=110 d_init=104.5 d_final=0.0
 Retrying in 1 seconds
[shaping_diag] success_cum_shaping=313.35 T=110 d_init=104.5 d_final=0.0
 Retrying in 1 seconds
[shaping_diag] success_cum_shaping=313.35 T=110 d_init=104.5 d_final=0.0
 Retrying in 1 seconds
[shaping_diag] success_cum_shaping=313.35 T=115 d_init=104.5 d_final=0.0
 Retrying in 1 seconds
[shaping_diag] success_cum_shaping=313.35 T=110 d_init=104.5 d_final=0.0
 Retrying in 1 seconds
[shaping_diag] success_cum_shaping=313.35 T=110 d_init=104.5 d_final=0.0
 Retrying in 1 seconds
[shaping_diag] success_cum_shaping=313.35 T=110 d_init=104.5 d_final=0.0
 Retrying in 1 seconds
[shaping_diag] success_cum_shaping=313.35 T=110 d_init=104.5 d_final=0.0
 Retrying in 1 seconds
[shaping_diag] success_cum_shaping=313.35 T=110 d_init=104.5 d_final=0.0
 Retrying in 1 seconds
 Retrying in 1 seconds
[shaping_diag] success_cum_shaping=313.35 T=110 d_init=104.5 d_final=0.0
 Retrying in 1 seconds
[shaping_diag] success_cum_shaping=313.35 T=110 d_init=104.5 d_final=0.0
 Retrying in 1 seconds
 Retrying in 1 seconds
[shaping_diag] success_cum_shaping=313.35 T=110 d_init=104.5 d_final=0.0
 Retrying in 1 seconds
[shaping_diag] success_cum_shaping=313.35 T=110 d_init=104.5 d_final=0.0
 Retrying in 1 seconds
[shaping_diag] success_cum_shaping=313.35 T=110 d_init=104.5 d_final=0.0
 Retrying in 1 seconds
 Retrying in 1 seconds
[shaping_diag] success_cum_shaping=313.35 T=110 d_init=104.5 d_final=0.0
 Retrying in 1 seconds
[shaping_diag] success_cum_shaping=313.35 T=110 d_init=104.5 d_final=0.0
  return=393.10 coll=0.070 success=0.930 ttc=5.68 ent=0.04 brakes=0.9
Eval seed=2042 [stochastic]...
 Retrying in 1 seconds
[shaping_diag] success_cum_shaping=313.35 T=110 d_init=104.5 d_final=0.0
 Retrying in 1 seconds
[shaping_diag] success_cum_shaping=313.35 T=115 d_init=104.5 d_final=0.0
 Retrying in 1 seconds
[shaping_diag] success_cum_shaping=313.35 T=126 d_init=104.5 d_final=0.0
 Retrying in 1 seconds
[shaping_diag] success_cum_shaping=313.35 T=111 d_init=104.5 d_final=0.0
 Retrying in 1 seconds
[shaping_diag] success_cum_shaping=313.35 T=124 d_init=104.5 d_final=0.0
 Retrying in 1 seconds
[shaping_diag] success_cum_shaping=313.35 T=113 d_init=104.5 d_final=0.0
 Retrying in 1 seconds
[shaping_diag] success_cum_shaping=313.35 T=110 d_init=104.5 d_final=0.0
 Retrying in 1 seconds
[shaping_diag] success_cum_shaping=313.35 T=112 d_init=104.5 d_final=0.0
 Retrying in 1 seconds
[shaping_diag] success_cum_shaping=313.35 T=110 d_init=104.5 d_final=0.0
 Retrying in 1 seconds
[shaping_diag] success_cum_shaping=313.35 T=112 d_init=104.5 d_final=0.0
Warning: Vehicle 'other' performs emergency braking on lane ':center_8_0' with decel=9.00, wished=4.00, severity=1.00, time=6.60.
 Retrying in 1 seconds
[shaping_diag] success_cum_shaping=313.35 T=111 d_init=104.5 d_final=0.0
Warning: Vehicle 'other' performs emergency braking on lane 'left_in_0' with decel=9.00, wished=5.00, severity=1.00, time=6.70.
 Retrying in 1 seconds
 Retrying in 1 seconds
[shaping_diag] success_cum_shaping=313.35 T=127 d_init=104.5 d_final=0.0
 Retrying in 1 seconds
[shaping_diag] success_cum_shaping=313.35 T=111 d_init=104.5 d_final=0.0
 Retrying in 1 seconds
[shaping_diag] success_cum_shaping=313.35 T=113 d_init=104.5 d_final=0.0
 Retrying in 1 seconds
[shaping_diag] success_cum_shaping=313.35 T=110 d_init=104.5 d_final=0.0
 Retrying in 1 seconds
[shaping_diag] success_cum_shaping=313.35 T=110 d_init=104.5 d_final=0.0
 Retrying in 1 seconds
[shaping_diag] success_cum_shaping=313.35 T=117 d_init=104.5 d_final=0.0
 Retrying in 1 seconds
[shaping_diag] success_cum_shaping=313.35 T=113 d_init=104.5 d_final=0.0
 Retrying in 1 seconds
[shaping_diag] success_cum_shaping=313.35 T=110 d_init=104.5 d_final=0.0
 Retrying in 1 seconds
[shaping_diag] success_cum_shaping=313.35 T=115 d_init=104.5 d_final=0.0
 Retrying in 1 seconds
[shaping_diag] success_cum_shaping=313.35 T=111 d_init=104.5 d_final=0.0
Warning: Vehicle 'ego'; junction collision with vehicle 'other', lane=':center_2_0', gap=-1.11, time=6.00 stage=move.
Warning: Vehicle 'other' performs emergency braking on lane ':center_8_0' with decel=9.00, wished=4.00, severity=1.00, time=7.20.
 Retrying in 1 seconds
 Retrying in 1 seconds
 Retrying in 1 seconds
[shaping_diag] success_cum_shaping=313.35 T=128 d_init=104.5 d_final=0.0
 Retrying in 1 seconds
[shaping_diag] success_cum_shaping=313.35 T=112 d_init=104.5 d_final=0.0
 Retrying in 1 seconds
[shaping_diag] success_cum_shaping=313.35 T=112 d_init=104.5 d_final=0.0
 Retrying in 1 seconds
[shaping_diag] success_cum_shaping=313.35 T=112 d_init=104.5 d_final=0.0
 Retrying in 1 seconds
[shaping_diag] success_cum_shaping=313.35 T=112 d_init=104.5 d_final=0.0
 Retrying in 1 seconds
[shaping_diag] success_cum_shaping=313.35 T=111 d_init=104.5 d_final=0.0
 Retrying in 1 seconds
[shaping_diag] success_cum_shaping=313.35 T=112 d_init=104.5 d_final=0.0
 Retrying in 1 seconds
[shaping_diag] success_cum_shaping=313.35 T=110 d_init=104.5 d_final=0.0
 Retrying in 1 seconds
[shaping_diag] success_cum_shaping=313.35 T=110 d_init=104.5 d_final=0.0
 Retrying in 1 seconds
[shaping_diag] success_cum_shaping=313.35 T=110 d_init=104.5 d_final=0.0
 Retrying in 1 seconds
[shaping_diag] success_cum_shaping=313.35 T=113 d_init=104.5 d_final=0.0
 Retrying in 1 seconds
[shaping_diag] success_cum_shaping=313.35 T=110 d_init=104.5 d_final=0.0
 Retrying in 1 seconds
[shaping_diag] success_cum_shaping=313.35 T=111 d_init=104.5 d_final=0.0
 Retrying in 1 seconds
[shaping_diag] success_cum_shaping=313.35 T=111 d_init=104.5 d_final=0.0
 Retrying in 1 seconds
[shaping_diag] success_cum_shaping=313.35 T=111 d_init=104.5 d_final=0.0
 Retrying in 1 seconds
 Retrying in 1 seconds
[shaping_diag] success_cum_shaping=313.35 T=112 d_init=104.5 d_final=0.0
 Retrying in 1 seconds
[shaping_diag] success_cum_shaping=313.35 T=110 d_init=104.5 d_final=0.0
 Retrying in 1 seconds
[shaping_diag] success_cum_shaping=313.35 T=112 d_init=104.5 d_final=0.0
 Retrying in 1 seconds
[shaping_diag] success_cum_shaping=313.35 T=111 d_init=104.5 d_final=0.0
 Retrying in 1 seconds
[shaping_diag] success_cum_shaping=313.35 T=112 d_init=104.5 d_final=0.0
 Retrying in 1 seconds
[shaping_diag] success_cum_shaping=313.35 T=112 d_init=104.5 d_final=0.0
 Retrying in 1 seconds
[shaping_diag] success_cum_shaping=313.35 T=113 d_init=104.5 d_final=0.0
 Retrying in 1 seconds
[shaping_diag] success_cum_shaping=313.35 T=112 d_init=104.5 d_final=0.0
 Retrying in 1 seconds
[shaping_diag] success_cum_shaping=313.35 T=110 d_init=104.5 d_final=0.0
 Retrying in 1 seconds
[shaping_diag] success_cum_shaping=313.35 T=111 d_init=104.5 d_final=0.0
 Retrying in 1 seconds
[shaping_diag] success_cum_shaping=313.35 T=110 d_init=104.5 d_final=0.0
 Retrying in 1 seconds
[shaping_diag] success_cum_shaping=313.35 T=110 d_init=104.5 d_final=0.0
 Retrying in 1 seconds
[shaping_diag] success_cum_shaping=313.35 T=114 d_init=104.5 d_final=0.0
 Retrying in 1 seconds
[shaping_diag] success_cum_shaping=313.35 T=112 d_init=104.5 d_final=0.0
 Retrying in 1 seconds
[shaping_diag] success_cum_shaping=313.35 T=112 d_init=104.5 d_final=0.0
 Retrying in 1 seconds
[shaping_diag] success_cum_shaping=313.35 T=112 d_init=104.5 d_final=0.0
 Retrying in 1 seconds
[shaping_diag] success_cum_shaping=313.35 T=110 d_init=104.5 d_final=0.0
 Retrying in 1 seconds
[shaping_diag] success_cum_shaping=313.35 T=112 d_init=104.5 d_final=0.0
 Retrying in 1 seconds
[shaping_diag] success_cum_shaping=313.35 T=110 d_init=104.5 d_final=0.0
 Retrying in 1 seconds
[shaping_diag] success_cum_shaping=313.35 T=115 d_init=104.5 d_final=0.0
Warning: Vehicle 'other'; junction collision with vehicle 'ego', lane=':center_8_0', gap=-1.00, time=7.70 stage=move.
 Retrying in 1 seconds
 Retrying in 1 seconds
[shaping_diag] success_cum_shaping=313.35 T=114 d_init=104.5 d_final=0.0
 Retrying in 1 seconds
[shaping_diag] success_cum_shaping=313.35 T=110 d_init=104.5 d_final=0.0
 Retrying in 1 seconds
[shaping_diag] success_cum_shaping=313.35 T=112 d_init=104.5 d_final=0.0
 Retrying in 1 seconds
[shaping_diag] success_cum_shaping=313.35 T=112 d_init=104.5 d_final=0.0
 Retrying in 1 seconds
[shaping_diag] success_cum_shaping=313.35 T=114 d_init=104.5 d_final=0.0
 Retrying in 1 seconds
[shaping_diag] success_cum_shaping=313.35 T=112 d_init=104.5 d_final=0.0
 Retrying in 1 seconds
[shaping_diag] success_cum_shaping=313.35 T=110 d_init=104.5 d_final=0.0
 Retrying in 1 seconds
[shaping_diag] success_cum_shaping=313.35 T=111 d_init=104.5 d_final=0.0
 Retrying in 1 seconds
[shaping_diag] success_cum_shaping=313.35 T=110 d_init=104.5 d_final=0.0
 Retrying in 1 seconds
[shaping_diag] success_cum_shaping=313.35 T=114 d_init=104.5 d_final=0.0
 Retrying in 1 seconds
[shaping_diag] success_cum_shaping=313.35 T=111 d_init=104.5 d_final=0.0
 Retrying in 1 seconds
[shaping_diag] success_cum_shaping=313.35 T=110 d_init=104.5 d_final=0.0
 Retrying in 1 seconds
[shaping_diag] success_cum_shaping=313.35 T=115 d_init=104.5 d_final=0.0
 Retrying in 1 seconds
[shaping_diag] success_cum_shaping=313.35 T=110 d_init=104.5 d_final=0.0
 Retrying in 1 seconds
[shaping_diag] success_cum_shaping=313.35 T=110 d_init=104.5 d_final=0.0
Warning: Vehicle 'other' performs emergency braking on lane 'left_in_0' with decel=9.00, wished=7.00, severity=1.00, time=6.60.
 Retrying in 1 seconds
[shaping_diag] success_cum_shaping=313.35 T=112 d_init=104.5 d_final=0.0
 Retrying in 1 seconds
[shaping_diag] success_cum_shaping=313.35 T=111 d_init=104.5 d_final=0.0
 Retrying in 1 seconds
[shaping_diag] success_cum_shaping=313.35 T=111 d_init=104.5 d_final=0.0
 Retrying in 1 seconds
[shaping_diag] success_cum_shaping=313.35 T=110 d_init=104.5 d_final=0.0
 Retrying in 1 seconds
[shaping_diag] success_cum_shaping=313.35 T=110 d_init=104.5 d_final=0.0
 Retrying in 1 seconds
[shaping_diag] success_cum_shaping=313.35 T=111 d_init=104.5 d_final=0.0
 Retrying in 1 seconds
[shaping_diag] success_cum_shaping=313.35 T=110 d_init=104.5 d_final=0.0
 Retrying in 1 seconds
[shaping_diag] success_cum_shaping=313.35 T=112 d_init=104.5 d_final=0.0
 Retrying in 1 seconds
[shaping_diag] success_cum_shaping=313.35 T=115 d_init=104.5 d_final=0.0
 Retrying in 1 seconds
[shaping_diag] success_cum_shaping=313.35 T=116 d_init=104.5 d_final=0.0
 Retrying in 1 seconds
[shaping_diag] success_cum_shaping=313.35 T=115 d_init=104.5 d_final=0.0
 Retrying in 1 seconds
[shaping_diag] success_cum_shaping=313.35 T=114 d_init=104.5 d_final=0.0
 Retrying in 1 seconds
[shaping_diag] success_cum_shaping=313.35 T=112 d_init=104.5 d_final=0.0
 Retrying in 1 seconds
[shaping_diag] success_cum_shaping=313.35 T=112 d_init=104.5 d_final=0.0
 Retrying in 1 seconds
[shaping_diag] success_cum_shaping=313.35 T=122 d_init=104.5 d_final=0.0
 Retrying in 1 seconds
[shaping_diag] success_cum_shaping=313.35 T=110 d_init=104.5 d_final=0.0
 Retrying in 1 seconds
[shaping_diag] success_cum_shaping=313.35 T=112 d_init=104.5 d_final=0.0
 Retrying in 1 seconds
[shaping_diag] success_cum_shaping=313.35 T=125 d_init=104.5 d_final=0.0
 Retrying in 1 seconds
[shaping_diag] success_cum_shaping=313.35 T=116 d_init=104.5 d_final=0.0
 Retrying in 1 seconds
[shaping_diag] success_cum_shaping=313.35 T=113 d_init=104.5 d_final=0.0
Warning: Vehicle 'other' performs emergency braking on lane 'left_in_0' with decel=9.00, wished=4.00, severity=1.00, time=6.70.
 Retrying in 1 seconds
[shaping_diag] success_cum_shaping=313.35 T=113 d_init=104.5 d_final=0.0
 Retrying in 1 seconds
[shaping_diag] success_cum_shaping=313.35 T=119 d_init=104.5 d_final=0.0
Warning: Vehicle 'other' performs emergency braking on lane ':center_8_0' with decel=9.00, wished=3.00, severity=1.00, time=7.40.
 Retrying in 1 seconds
 Retrying in 1 seconds
[shaping_diag] success_cum_shaping=313.35 T=111 d_init=104.5 d_final=0.0
  return=390.53 coll=0.060 success=0.940 ttc=5.86 ent=0.33 brakes=0.9
Eval seed=3042 [deterministic]...
 Retrying in 1 seconds
[shaping_diag] success_cum_shaping=313.35 T=110 d_init=104.5 d_final=0.0
Warning: Vehicle 'other' performs emergency braking on lane 'left_in_0' with decel=9.00, wished=5.00, severity=1.00, time=6.50.
 Retrying in 1 seconds
[shaping_diag] success_cum_shaping=313.35 T=110 d_init=104.5 d_final=0.0
 Retrying in 1 seconds
[shaping_diag] success_cum_shaping=313.35 T=110 d_init=104.5 d_final=0.0
 Retrying in 1 seconds
[shaping_diag] success_cum_shaping=313.35 T=110 d_init=104.5 d_final=0.0
 Retrying in 1 seconds
[shaping_diag] success_cum_shaping=313.35 T=110 d_init=104.5 d_final=0.0
 Retrying in 1 seconds
[shaping_diag] success_cum_shaping=313.35 T=111 d_init=104.5 d_final=0.0
 Retrying in 1 seconds
[shaping_diag] success_cum_shaping=313.35 T=110 d_init=104.5 d_final=0.0
Warning: Vehicle 'ego'; junction collision with vehicle 'other', lane=':center_11_0', gap=-1.00, time=6.90 stage=move.
 Retrying in 1 seconds
 Retrying in 1 seconds
[shaping_diag] success_cum_shaping=313.35 T=110 d_init=104.5 d_final=0.0
 Retrying in 1 seconds
[shaping_diag] success_cum_shaping=313.35 T=110 d_init=104.5 d_final=0.0
 Retrying in 1 seconds
 Retrying in 1 seconds
[shaping_diag] success_cum_shaping=313.35 T=110 d_init=104.5 d_final=0.0
 Retrying in 1 seconds
[shaping_diag] success_cum_shaping=313.35 T=110 d_init=104.5 d_final=0.0
 Retrying in 1 seconds
[shaping_diag] success_cum_shaping=313.35 T=110 d_init=104.5 d_final=0.0
Warning: Vehicle 'other' performs emergency braking on lane 'left_in_0' with decel=9.00, wished=5.00, severity=1.00, time=6.50.
 Retrying in 1 seconds
[shaping_diag] success_cum_shaping=313.35 T=110 d_init=104.5 d_final=0.0
 Retrying in 1 seconds
[shaping_diag] success_cum_shaping=313.35 T=115 d_init=104.5 d_final=0.0
Warning: Vehicle 'other'; junction collision with vehicle 'ego', lane=':center_8_0', gap=-1.00, time=7.10 stage=move.
 Retrying in 1 seconds
 Retrying in 1 seconds
[shaping_diag] success_cum_shaping=313.35 T=110 d_init=104.5 d_final=0.0
 Retrying in 1 seconds
[shaping_diag] success_cum_shaping=313.35 T=110 d_init=104.5 d_final=0.0
 Retrying in 1 seconds
[shaping_diag] success_cum_shaping=313.35 T=110 d_init=104.5 d_final=0.0
 Retrying in 1 seconds
[shaping_diag] success_cum_shaping=313.35 T=110 d_init=104.5 d_final=0.0
 Retrying in 1 seconds
[shaping_diag] success_cum_shaping=313.35 T=110 d_init=104.5 d_final=0.0
Warning: Vehicle 'other' performs emergency braking on lane ':center_8_0' with decel=9.00, wished=3.00, severity=1.00, time=7.00.
 Retrying in 1 seconds
 Retrying in 1 seconds
 Retrying in 1 seconds
[shaping_diag] success_cum_shaping=313.35 T=110 d_init=104.5 d_final=0.0
 Retrying in 1 seconds
[shaping_diag] success_cum_shaping=313.35 T=110 d_init=104.5 d_final=0.0
 Retrying in 1 seconds
[shaping_diag] success_cum_shaping=313.35 T=110 d_init=104.5 d_final=0.0
 Retrying in 1 seconds
[shaping_diag] success_cum_shaping=313.35 T=110 d_init=104.5 d_final=0.0
 Retrying in 1 seconds
[shaping_diag] success_cum_shaping=313.35 T=110 d_init=104.5 d_final=0.0
 Retrying in 1 seconds
[shaping_diag] success_cum_shaping=313.35 T=115 d_init=104.5 d_final=0.0
 Retrying in 1 seconds
[shaping_diag] success_cum_shaping=313.35 T=110 d_init=104.5 d_final=0.0
 Retrying in 1 seconds
[shaping_diag] success_cum_shaping=313.35 T=110 d_init=104.5 d_final=0.0
 Retrying in 1 seconds
[shaping_diag] success_cum_shaping=313.35 T=110 d_init=104.5 d_final=0.0
 Retrying in 1 seconds
[shaping_diag] success_cum_shaping=313.35 T=110 d_init=104.5 d_final=0.0
 Retrying in 1 seconds
[shaping_diag] success_cum_shaping=313.35 T=110 d_init=104.5 d_final=0.0
 Retrying in 1 seconds
[shaping_diag] success_cum_shaping=313.35 T=110 d_init=104.5 d_final=0.0
 Retrying in 1 seconds
[shaping_diag] success_cum_shaping=313.35 T=110 d_init=104.5 d_final=0.0
 Retrying in 1 seconds
[shaping_diag] success_cum_shaping=313.35 T=110 d_init=104.5 d_final=0.0
 Retrying in 1 seconds
[shaping_diag] success_cum_shaping=313.35 T=110 d_init=104.5 d_final=0.0
 Retrying in 1 seconds
[shaping_diag] success_cum_shaping=313.35 T=110 d_init=104.5 d_final=0.0
 Retrying in 1 seconds
[shaping_diag] success_cum_shaping=313.35 T=110 d_init=104.5 d_final=0.0
 Retrying in 1 seconds
[shaping_diag] success_cum_shaping=313.35 T=110 d_init=104.5 d_final=0.0
 Retrying in 1 seconds
 Retrying in 1 seconds
[shaping_diag] success_cum_shaping=313.35 T=110 d_init=104.5 d_final=0.0
 Retrying in 1 seconds
[shaping_diag] success_cum_shaping=313.35 T=110 d_init=104.5 d_final=0.0
 Retrying in 1 seconds
[shaping_diag] success_cum_shaping=313.35 T=110 d_init=104.5 d_final=0.0
 Retrying in 1 seconds
[shaping_diag] success_cum_shaping=313.35 T=110 d_init=104.5 d_final=0.0
 Retrying in 1 seconds
[shaping_diag] success_cum_shaping=313.35 T=110 d_init=104.5 d_final=0.0
 Retrying in 1 seconds
 Retrying in 1 seconds
[shaping_diag] success_cum_shaping=313.35 T=112 d_init=104.5 d_final=0.0
 Retrying in 1 seconds
[shaping_diag] success_cum_shaping=313.35 T=110 d_init=104.5 d_final=0.0
 Retrying in 1 seconds
[shaping_diag] success_cum_shaping=313.35 T=110 d_init=104.5 d_final=0.0
Warning: Vehicle 'other' performs emergency braking on lane 'left_in_0' with decel=9.00, wished=5.00, severity=1.00, time=6.50.
 Retrying in 1 seconds
[shaping_diag] success_cum_shaping=313.35 T=110 d_init=104.5 d_final=0.0
 Retrying in 1 seconds
[shaping_diag] success_cum_shaping=313.35 T=110 d_init=104.5 d_final=0.0
 Retrying in 1 seconds
[shaping_diag] success_cum_shaping=313.35 T=121 d_init=104.5 d_final=0.0
Warning: Vehicle 'other' performs emergency braking on lane 'left_in_0' with decel=9.00, wished=5.00, severity=1.00, time=6.50.
 Retrying in 1 seconds
[shaping_diag] success_cum_shaping=313.35 T=110 d_init=104.5 d_final=0.0
 Retrying in 1 seconds
[shaping_diag] success_cum_shaping=313.35 T=110 d_init=104.5 d_final=0.0
 Retrying in 1 seconds
[shaping_diag] success_cum_shaping=313.35 T=110 d_init=104.5 d_final=0.0
 Retrying in 1 seconds
[shaping_diag] success_cum_shaping=313.35 T=110 d_init=104.5 d_final=0.0
 Retrying in 1 seconds
[shaping_diag] success_cum_shaping=313.35 T=110 d_init=104.5 d_final=0.0
 Retrying in 1 seconds
[shaping_diag] success_cum_shaping=313.35 T=110 d_init=104.5 d_final=0.0
 Retrying in 1 seconds
[shaping_diag] success_cum_shaping=313.35 T=110 d_init=104.5 d_final=0.0
 Retrying in 1 seconds
[shaping_diag] success_cum_shaping=313.35 T=110 d_init=104.5 d_final=0.0
 Retrying in 1 seconds
[shaping_diag] success_cum_shaping=313.35 T=110 d_init=104.5 d_final=0.0
 Retrying in 1 seconds
[shaping_diag] success_cum_shaping=313.35 T=110 d_init=104.5 d_final=0.0
 Retrying in 1 seconds
[shaping_diag] success_cum_shaping=313.35 T=110 d_init=104.5 d_final=0.0
 Retrying in 1 seconds
 Retrying in 1 seconds
[shaping_diag] success_cum_shaping=313.35 T=110 d_init=104.5 d_final=0.0
 Retrying in 1 seconds
[shaping_diag] success_cum_shaping=313.35 T=110 d_init=104.5 d_final=0.0
 Retrying in 1 seconds
[shaping_diag] success_cum_shaping=313.35 T=110 d_init=104.5 d_final=0.0
 Retrying in 1 seconds
[shaping_diag] success_cum_shaping=313.35 T=110 d_init=104.5 d_final=0.0
 Retrying in 1 seconds
[shaping_diag] success_cum_shaping=313.35 T=110 d_init=104.5 d_final=0.0
 Retrying in 1 seconds
[shaping_diag] success_cum_shaping=313.35 T=110 d_init=104.5 d_final=0.0
 Retrying in 1 seconds
[shaping_diag] success_cum_shaping=313.35 T=110 d_init=104.5 d_final=0.0
Warning: Vehicle 'ego'; collision with vehicle 'other', lane='right_in_1', gap=-0.13, time=5.10 stage=move.
 Retrying in 1 seconds
 Retrying in 1 seconds
[shaping_diag] success_cum_shaping=313.35 T=110 d_init=104.5 d_final=0.0
 Retrying in 1 seconds
[shaping_diag] success_cum_shaping=313.35 T=110 d_init=104.5 d_final=0.0
 Retrying in 1 seconds
[shaping_diag] success_cum_shaping=313.35 T=110 d_init=104.5 d_final=0.0
 Retrying in 1 seconds
[shaping_diag] success_cum_shaping=313.35 T=117 d_init=104.5 d_final=0.0
 Retrying in 1 seconds
[shaping_diag] success_cum_shaping=313.35 T=110 d_init=104.5 d_final=0.0
 Retrying in 1 seconds
[shaping_diag] success_cum_shaping=313.35 T=110 d_init=104.5 d_final=0.0
 Retrying in 1 seconds
[shaping_diag] success_cum_shaping=313.35 T=110 d_init=104.5 d_final=0.0
 Retrying in 1 seconds
[shaping_diag] success_cum_shaping=313.35 T=110 d_init=104.5 d_final=0.0
 Retrying in 1 seconds
[shaping_diag] success_cum_shaping=313.35 T=110 d_init=104.5 d_final=0.0
 Retrying in 1 seconds
[shaping_diag] success_cum_shaping=313.35 T=110 d_init=104.5 d_final=0.0
 Retrying in 1 seconds
[shaping_diag] success_cum_shaping=313.35 T=110 d_init=104.5 d_final=0.0
 Retrying in 1 seconds
[shaping_diag] success_cum_shaping=313.35 T=110 d_init=104.5 d_final=0.0
 Retrying in 1 seconds
[shaping_diag] success_cum_shaping=313.35 T=110 d_init=104.5 d_final=0.0
 Retrying in 1 seconds
[shaping_diag] success_cum_shaping=313.35 T=112 d_init=104.5 d_final=0.0
 Retrying in 1 seconds
[shaping_diag] success_cum_shaping=313.35 T=110 d_init=104.5 d_final=0.0
 Retrying in 1 seconds
[shaping_diag] success_cum_shaping=313.35 T=110 d_init=104.5 d_final=0.0
 Retrying in 1 seconds
[shaping_diag] success_cum_shaping=313.35 T=110 d_init=104.5 d_final=0.0
 Retrying in 1 seconds
[shaping_diag] success_cum_shaping=313.35 T=110 d_init=104.5 d_final=0.0
 Retrying in 1 seconds
[shaping_diag] success_cum_shaping=313.35 T=110 d_init=104.5 d_final=0.0
 Retrying in 1 seconds
[shaping_diag] success_cum_shaping=313.35 T=110 d_init=104.5 d_final=0.0
 Retrying in 1 seconds
[shaping_diag] success_cum_shaping=313.35 T=110 d_init=104.5 d_final=0.0
 Retrying in 1 seconds
[shaping_diag] success_cum_shaping=313.35 T=110 d_init=104.5 d_final=0.0
Warning: Vehicle 'other' performs emergency braking on lane 'left_in_0' with decel=9.00, wished=5.00, severity=1.00, time=6.50.
 Retrying in 1 seconds
[shaping_diag] success_cum_shaping=313.35 T=110 d_init=104.5 d_final=0.0
 Retrying in 1 seconds
[shaping_diag] success_cum_shaping=313.35 T=110 d_init=104.5 d_final=0.0
 Retrying in 1 seconds
  return=383.21 coll=0.100 success=0.900 ttc=5.69 ent=0.05 brakes=0.9
Eval seed=3042 [stochastic]...
 Retrying in 1 seconds
[shaping_diag] success_cum_shaping=313.35 T=111 d_init=104.5 d_final=0.0
Warning: Vehicle 'other' performs emergency braking on lane 'left_in_0' with decel=9.00, wished=5.00, severity=1.00, time=6.60.
 Retrying in 1 seconds
[shaping_diag] success_cum_shaping=313.35 T=111 d_init=104.5 d_final=0.0
 Retrying in 1 seconds
[shaping_diag] success_cum_shaping=313.35 T=110 d_init=104.5 d_final=0.0
 Retrying in 1 seconds
[shaping_diag] success_cum_shaping=313.35 T=112 d_init=104.5 d_final=0.0
 Retrying in 1 seconds
[shaping_diag] success_cum_shaping=313.35 T=111 d_init=104.5 d_final=0.0
 Retrying in 1 seconds
[shaping_diag] success_cum_shaping=313.35 T=115 d_init=104.5 d_final=0.0
 Retrying in 1 seconds
[shaping_diag] success_cum_shaping=313.35 T=112 d_init=104.5 d_final=0.0
 Retrying in 1 seconds
[shaping_diag] success_cum_shaping=313.35 T=114 d_init=104.5 d_final=0.0
 Retrying in 1 seconds
[shaping_diag] success_cum_shaping=313.35 T=112 d_init=104.5 d_final=0.0
 Retrying in 1 seconds
[shaping_diag] success_cum_shaping=313.35 T=112 d_init=104.5 d_final=0.0
Warning: Vehicle 'ego'; junction collision with vehicle 'other', lane=':center_11_0', gap=-1.00, time=7.30 stage=move.
 Retrying in 1 seconds
 Retrying in 1 seconds
[shaping_diag] success_cum_shaping=313.35 T=114 d_init=104.5 d_final=0.0
 Retrying in 1 seconds
[shaping_diag] success_cum_shaping=313.35 T=112 d_init=104.5 d_final=0.0
 Retrying in 1 seconds
[shaping_diag] success_cum_shaping=313.35 T=112 d_init=104.5 d_final=0.0
Warning: Vehicle 'other' performs emergency braking on lane 'left_in_0' with decel=9.00, wished=5.00, severity=1.00, time=6.50.
 Retrying in 1 seconds
[shaping_diag] success_cum_shaping=313.35 T=111 d_init=104.5 d_final=0.0
 Retrying in 1 seconds
[shaping_diag] success_cum_shaping=313.35 T=117 d_init=104.5 d_final=0.0
 Retrying in 1 seconds
[shaping_diag] success_cum_shaping=313.35 T=119 d_init=104.5 d_final=0.0
 Retrying in 1 seconds
[shaping_diag] success_cum_shaping=313.35 T=111 d_init=104.5 d_final=0.0
 Retrying in 1 seconds
[shaping_diag] success_cum_shaping=313.35 T=110 d_init=104.5 d_final=0.0
 Retrying in 1 seconds
[shaping_diag] success_cum_shaping=313.35 T=111 d_init=104.5 d_final=0.0
 Retrying in 1 seconds
[shaping_diag] success_cum_shaping=313.35 T=115 d_init=104.5 d_final=0.0
 Retrying in 1 seconds
[shaping_diag] success_cum_shaping=313.35 T=111 d_init=104.5 d_final=0.0
Warning: Vehicle 'ego'; junction collision with vehicle 'other', lane=':center_11_0', gap=-1.00, time=7.20 stage=move.
 Retrying in 1 seconds
 Retrying in 1 seconds
 Retrying in 1 seconds
[shaping_diag] success_cum_shaping=313.35 T=110 d_init=104.5 d_final=0.0
 Retrying in 1 seconds
[shaping_diag] success_cum_shaping=313.35 T=110 d_init=104.5 d_final=0.0
 Retrying in 1 seconds
[shaping_diag] success_cum_shaping=313.35 T=111 d_init=104.5 d_final=0.0
 Retrying in 1 seconds
[shaping_diag] success_cum_shaping=313.35 T=112 d_init=104.5 d_final=0.0
 Retrying in 1 seconds
[shaping_diag] success_cum_shaping=313.35 T=111 d_init=104.5 d_final=0.0
 Retrying in 1 seconds
[shaping_diag] success_cum_shaping=313.35 T=114 d_init=104.5 d_final=0.0
 Retrying in 1 seconds
[shaping_diag] success_cum_shaping=313.35 T=110 d_init=104.5 d_final=0.0
 Retrying in 1 seconds
[shaping_diag] success_cum_shaping=313.35 T=111 d_init=104.5 d_final=0.0
 Retrying in 1 seconds
[shaping_diag] success_cum_shaping=313.35 T=110 d_init=104.5 d_final=0.0
 Retrying in 1 seconds
[shaping_diag] success_cum_shaping=313.35 T=115 d_init=104.5 d_final=0.0
 Retrying in 1 seconds
[shaping_diag] success_cum_shaping=313.35 T=110 d_init=104.5 d_final=0.0
 Retrying in 1 seconds
[shaping_diag] success_cum_shaping=313.35 T=112 d_init=104.5 d_final=0.0
 Retrying in 1 seconds
[shaping_diag] success_cum_shaping=313.35 T=111 d_init=104.5 d_final=0.0
 Retrying in 1 seconds
[shaping_diag] success_cum_shaping=313.35 T=111 d_init=104.5 d_final=0.0
 Retrying in 1 seconds
[shaping_diag] success_cum_shaping=313.35 T=111 d_init=104.5 d_final=0.0
 Retrying in 1 seconds
[shaping_diag] success_cum_shaping=313.35 T=115 d_init=104.5 d_final=0.0
 Retrying in 1 seconds
[shaping_diag] success_cum_shaping=313.35 T=112 d_init=104.5 d_final=0.0
 Retrying in 1 seconds
[shaping_diag] success_cum_shaping=313.35 T=111 d_init=104.5 d_final=0.0
 Retrying in 1 seconds
[shaping_diag] success_cum_shaping=313.35 T=121 d_init=104.5 d_final=0.0
 Retrying in 1 seconds
[shaping_diag] success_cum_shaping=313.35 T=110 d_init=104.5 d_final=0.0
 Retrying in 1 seconds
[shaping_diag] success_cum_shaping=313.35 T=110 d_init=104.5 d_final=0.0
 Retrying in 1 seconds
[shaping_diag] success_cum_shaping=313.35 T=112 d_init=104.5 d_final=0.0
 Retrying in 1 seconds
[shaping_diag] success_cum_shaping=313.35 T=111 d_init=104.5 d_final=0.0
 Retrying in 1 seconds
[shaping_diag] success_cum_shaping=313.35 T=115 d_init=104.5 d_final=0.0
 Retrying in 1 seconds
[shaping_diag] success_cum_shaping=313.35 T=126 d_init=104.5 d_final=0.0
 Retrying in 1 seconds
[shaping_diag] success_cum_shaping=313.35 T=114 d_init=104.5 d_final=0.0
 Retrying in 1 seconds
[shaping_diag] success_cum_shaping=313.35 T=110 d_init=104.5 d_final=0.0
 Retrying in 1 seconds
[shaping_diag] success_cum_shaping=313.35 T=110 d_init=104.5 d_final=0.0
Warning: Vehicle 'other' performs emergency braking on lane 'left_in_0' with decel=9.00, wished=5.00, severity=1.00, time=6.60.
 Retrying in 1 seconds
[shaping_diag] success_cum_shaping=313.35 T=112 d_init=104.5 d_final=0.0
 Retrying in 1 seconds
[shaping_diag] success_cum_shaping=313.35 T=111 d_init=104.5 d_final=0.0
 Retrying in 1 seconds
[shaping_diag] success_cum_shaping=313.35 T=116 d_init=104.5 d_final=0.0
 Retrying in 1 seconds
 Retrying in 1 seconds
[shaping_diag] success_cum_shaping=313.35 T=110 d_init=104.5 d_final=0.0
 Retrying in 1 seconds
[shaping_diag] success_cum_shaping=313.35 T=111 d_init=104.5 d_final=0.0
 Retrying in 1 seconds
[shaping_diag] success_cum_shaping=313.35 T=110 d_init=104.5 d_final=0.0
 Retrying in 1 seconds
[shaping_diag] success_cum_shaping=313.35 T=111 d_init=104.5 d_final=0.0
 Retrying in 1 seconds
[shaping_diag] success_cum_shaping=313.35 T=110 d_init=104.5 d_final=0.0
 Retrying in 1 seconds
[shaping_diag] success_cum_shaping=313.35 T=111 d_init=104.5 d_final=0.0
 Retrying in 1 seconds
[shaping_diag] success_cum_shaping=313.35 T=112 d_init=104.5 d_final=0.0
 Retrying in 1 seconds
[shaping_diag] success_cum_shaping=313.35 T=115 d_init=104.5 d_final=0.0
 Retrying in 1 seconds
[shaping_diag] success_cum_shaping=313.35 T=113 d_init=104.5 d_final=0.0
 Retrying in 1 seconds
[shaping_diag] success_cum_shaping=313.35 T=112 d_init=104.5 d_final=0.0
 Retrying in 1 seconds
[shaping_diag] success_cum_shaping=313.35 T=121 d_init=104.5 d_final=0.0
 Retrying in 1 seconds
[shaping_diag] success_cum_shaping=313.35 T=111 d_init=104.5 d_final=0.0
 Retrying in 1 seconds
[shaping_diag] success_cum_shaping=313.35 T=110 d_init=104.5 d_final=0.0
 Retrying in 1 seconds
[shaping_diag] success_cum_shaping=313.35 T=112 d_init=104.5 d_final=0.0
 Retrying in 1 seconds
[shaping_diag] success_cum_shaping=313.35 T=112 d_init=104.5 d_final=0.0
 Retrying in 1 seconds
[shaping_diag] success_cum_shaping=313.35 T=112 d_init=104.5 d_final=0.0
 Retrying in 1 seconds
[shaping_diag] success_cum_shaping=313.35 T=111 d_init=104.5 d_final=0.0
 Retrying in 1 seconds
[shaping_diag] success_cum_shaping=313.35 T=112 d_init=104.5 d_final=0.0
Warning: Vehicle 'ego'; collision with vehicle 'other', lane='right_in_1', gap=-0.28, time=5.40 stage=move.
 Retrying in 1 seconds
 Retrying in 1 seconds
[shaping_diag] success_cum_shaping=313.35 T=112 d_init=104.5 d_final=0.0
 Retrying in 1 seconds
[shaping_diag] success_cum_shaping=313.35 T=112 d_init=104.5 d_final=0.0
 Retrying in 1 seconds
[shaping_diag] success_cum_shaping=313.35 T=114 d_init=104.5 d_final=0.0
 Retrying in 1 seconds
[shaping_diag] success_cum_shaping=313.35 T=121 d_init=104.5 d_final=0.0
 Retrying in 1 seconds
[shaping_diag] success_cum_shaping=313.35 T=111 d_init=104.5 d_final=0.0
 Retrying in 1 seconds
[shaping_diag] success_cum_shaping=313.35 T=110 d_init=104.5 d_final=0.0
 Retrying in 1 seconds
[shaping_diag] success_cum_shaping=313.35 T=110 d_init=104.5 d_final=0.0
 Retrying in 1 seconds
[shaping_diag] success_cum_shaping=313.35 T=111 d_init=104.5 d_final=0.0
 Retrying in 1 seconds
[shaping_diag] success_cum_shaping=313.35 T=112 d_init=104.5 d_final=0.0
 Retrying in 1 seconds
[shaping_diag] success_cum_shaping=313.35 T=111 d_init=104.5 d_final=0.0
 Retrying in 1 seconds
[shaping_diag] success_cum_shaping=313.35 T=113 d_init=104.5 d_final=0.0
 Retrying in 1 seconds
[shaping_diag] success_cum_shaping=313.35 T=110 d_init=104.5 d_final=0.0
 Retrying in 1 seconds
[shaping_diag] success_cum_shaping=313.35 T=113 d_init=104.5 d_final=0.0
 Retrying in 1 seconds
[shaping_diag] success_cum_shaping=313.35 T=114 d_init=104.5 d_final=0.0
 Retrying in 1 seconds
[shaping_diag] success_cum_shaping=313.35 T=117 d_init=104.5 d_final=0.0
 Retrying in 1 seconds
[shaping_diag] success_cum_shaping=313.35 T=111 d_init=104.5 d_final=0.0
 Retrying in 1 seconds
[shaping_diag] success_cum_shaping=313.35 T=110 d_init=104.5 d_final=0.0
 Retrying in 1 seconds
[shaping_diag] success_cum_shaping=313.35 T=111 d_init=104.5 d_final=0.0
 Retrying in 1 seconds
[shaping_diag] success_cum_shaping=313.35 T=111 d_init=104.5 d_final=0.0
 Retrying in 1 seconds
[shaping_diag] success_cum_shaping=313.35 T=110 d_init=104.5 d_final=0.0
 Retrying in 1 seconds
[shaping_diag] success_cum_shaping=313.35 T=113 d_init=104.5 d_final=0.0
 Retrying in 1 seconds
[shaping_diag] success_cum_shaping=313.35 T=119 d_init=104.5 d_final=0.0
 Retrying in 1 seconds
 Retrying in 1 seconds
[shaping_diag] success_cum_shaping=313.35 T=111 d_init=104.5 d_final=0.0
 Retrying in 1 seconds
[shaping_diag] success_cum_shaping=313.35 T=125 d_init=104.5 d_final=0.0
  return=390.33 coll=0.060 success=0.940 ttc=5.74 ent=0.34 brakes=0.9
Saved results/ablation/tier1/1a_right_stem_cbf_aux_nointent_s42/eval_cbf_aux_1a_right_stem.csv
