 Retrying in 1 seconds
 Retrying in 1 seconds
 Retrying in 1 seconds
 Retrying in 1 seconds
 Retrying in 1 seconds
 Retrying in 1 seconds
 Retrying in 1 seconds
 Retrying in 1 seconds
 Retrying in 1 seconds
 Retrying in 1 seconds
 Retrying in 1 seconds
 Retrying in 1 seconds
 Retrying in 1 seconds
 Retrying in 1 seconds
 Retrying in 1 seconds
 Retrying in 1 seconds
 Retrying in 1 seconds
 Retrying in 1 seconds
 Retrying in 1 seconds
[cbf_aux] step=4096 ret=-2.26 coll=0 ttc=11.45 cbf_res=0.1534
 Retrying in 1 seconds
 Retrying in 1 seconds
 Retrying in 1 seconds
 Retrying in 1 seconds
 Retrying in 1 seconds
 Retrying in 1 seconds
 Retrying in 1 seconds
 Retrying in 1 seconds
 Retrying in 1 seconds
 Retrying in 1 seconds
 Retrying in 1 seconds
 Retrying in 1 seconds
 Retrying in 1 seconds
 Retrying in 1 seconds
 Retrying in 1 seconds
 Retrying in 1 seconds
 Retrying in 1 seconds
 Retrying in 1 seconds
 Retrying in 1 seconds
 Retrying in 1 seconds
 Retrying in 1 seconds
[shaping_diag] success_cum_shaping=313.35 T=443 d_init=104.5 d_final=0.0
 Retrying in 1 seconds
 Retrying in 1 seconds
[shaping_diag] success_cum_shaping=313.35 T=352 d_init=104.5 d_final=0.0
 Retrying in 1 seconds
[shaping_diag] success_cum_shaping=313.35 T=371 d_init=104.5 d_final=0.0
 Retrying in 1 seconds
[shaping_diag] success_cum_shaping=313.35 T=338 d_init=104.5 d_final=0.0
 Retrying in 1 seconds
[shaping_diag] success_cum_shaping=313.35 T=392 d_init=104.5 d_final=0.0
 Retrying in 1 seconds
[shaping_diag] success_cum_shaping=313.35 T=382 d_init=104.5 d_final=0.0
 Retrying in 1 seconds
 Retrying in 1 seconds
 Retrying in 1 seconds
[shaping_diag] success_cum_shaping=313.35 T=369 d_init=104.5 d_final=0.0
 Retrying in 1 seconds
 Retrying in 1 seconds
 Retrying in 1 seconds
 Retrying in 1 seconds
 Retrying in 1 seconds
[shaping_diag] success_cum_shaping=313.35 T=314 d_init=104.5 d_final=0.0
 Retrying in 1 seconds
 Retrying in 1 seconds
 Retrying in 1 seconds
 Retrying in 1 seconds
 Retrying in 1 seconds
 Retrying in 1 seconds
 Retrying in 1 seconds
 Retrying in 1 seconds
 Retrying in 1 seconds
 Retrying in 1 seconds
 Retrying in 1 seconds
 Retrying in 1 seconds
[shaping_diag] success_cum_shaping=313.35 T=323 d_init=104.5 d_final=0.0
 Retrying in 1 seconds
[shaping_diag] success_cum_shaping=313.35 T=327 d_init=104.5 d_final=0.0
 Retrying in 1 seconds
[shaping_diag] success_cum_shaping=313.35 T=371 d_init=104.5 d_final=0.0
 Retrying in 1 seconds
[shaping_diag] success_cum_shaping=313.35 T=383 d_init=104.5 d_final=0.0
 Retrying in 1 seconds
 Retrying in 1 seconds
 Retrying in 1 seconds
 Retrying in 1 seconds
[shaping_diag] success_cum_shaping=313.35 T=386 d_init=104.5 d_final=0.0
 Retrying in 1 seconds
[shaping_diag] success_cum_shaping=313.35 T=374 d_init=104.5 d_final=0.0
 Retrying in 1 seconds
 Retrying in 1 seconds
[shaping_diag] success_cum_shaping=313.35 T=403 d_init=104.5 d_final=0.0
 Retrying in 1 seconds
 Retrying in 1 seconds
 Retrying in 1 seconds
[shaping_diag] success_cum_shaping=313.35 T=498 d_init=104.5 d_final=0.0
 Retrying in 1 seconds
[shaping_diag] success_cum_shaping=313.35 T=480 d_init=104.5 d_final=0.0
 Retrying in 1 seconds
[shaping_diag] success_cum_shaping=313.35 T=265 d_init=104.5 d_final=0.0
 Retrying in 1 seconds
[shaping_diag] success_cum_shaping=313.35 T=389 d_init=104.5 d_final=0.0
 Retrying in 1 seconds
[shaping_diag] success_cum_shaping=313.35 T=338 d_init=104.5 d_final=0.0
 Retrying in 1 seconds
 Retrying in 1 seconds
 Retrying in 1 seconds
[shaping_diag] success_cum_shaping=313.35 T=309 d_init=104.5 d_final=0.0
 Retrying in 1 seconds
[shaping_diag] success_cum_shaping=313.35 T=224 d_init=104.5 d_final=0.0
 Retrying in 1 seconds
[shaping_diag] success_cum_shaping=313.35 T=291 d_init=104.5 d_final=0.0
 Retrying in 1 seconds
[shaping_diag] success_cum_shaping=313.35 T=279 d_init=104.5 d_final=0.0
 Retrying in 1 seconds
[shaping_diag] success_cum_shaping=313.35 T=345 d_init=104.5 d_final=0.0
 Retrying in 1 seconds
[shaping_diag] success_cum_shaping=313.35 T=328 d_init=104.5 d_final=0.0
 Retrying in 1 seconds
[shaping_diag] success_cum_shaping=313.35 T=266 d_init=104.5 d_final=0.0
 Retrying in 1 seconds
[shaping_diag] success_cum_shaping=313.35 T=293 d_init=104.5 d_final=0.0
 Retrying in 1 seconds
[shaping_diag] success_cum_shaping=313.35 T=301 d_init=104.5 d_final=0.0
 Retrying in 1 seconds
[shaping_diag] success_cum_shaping=313.35 T=187 d_init=104.5 d_final=0.0
 Retrying in 1 seconds
[shaping_diag] success_cum_shaping=313.35 T=287 d_init=104.5 d_final=0.0
 Retrying in 1 seconds
[shaping_diag] success_cum_shaping=313.35 T=306 d_init=104.5 d_final=0.0
 Retrying in 1 seconds
[shaping_diag] success_cum_shaping=313.35 T=301 d_init=104.5 d_final=0.0
 Retrying in 1 seconds
[shaping_diag] success_cum_shaping=313.35 T=284 d_init=104.5 d_final=0.0
 Retrying in 1 seconds
 Retrying in 1 seconds
[shaping_diag] success_cum_shaping=313.35 T=306 d_init=104.5 d_final=0.0
 Retrying in 1 seconds
 Retrying in 1 seconds
[shaping_diag] success_cum_shaping=313.35 T=388 d_init=104.5 d_final=0.0
 Retrying in 1 seconds
[shaping_diag] success_cum_shaping=313.35 T=266 d_init=104.5 d_final=0.0
 Retrying in 1 seconds
[shaping_diag] success_cum_shaping=313.35 T=330 d_init=104.5 d_final=0.0
 Retrying in 1 seconds
[shaping_diag] success_cum_shaping=313.35 T=340 d_init=104.5 d_final=0.0
 Retrying in 1 seconds
[shaping_diag] success_cum_shaping=313.35 T=247 d_init=104.5 d_final=0.0
 Retrying in 1 seconds
[shaping_diag] success_cum_shaping=313.35 T=332 d_init=104.5 d_final=0.0
 Retrying in 1 seconds
[shaping_diag] success_cum_shaping=313.35 T=321 d_init=104.5 d_final=0.0
 Retrying in 1 seconds
[shaping_diag] success_cum_shaping=313.35 T=237 d_init=104.5 d_final=0.0
 Retrying in 1 seconds
[shaping_diag] success_cum_shaping=313.35 T=277 d_init=104.5 d_final=0.0
 Retrying in 1 seconds
[shaping_diag] success_cum_shaping=313.35 T=301 d_init=104.5 d_final=0.0
 Retrying in 1 seconds
 Retrying in 1 seconds
[shaping_diag] success_cum_shaping=313.35 T=371 d_init=104.5 d_final=0.0
 Retrying in 1 seconds
[shaping_diag] success_cum_shaping=313.35 T=358 d_init=104.5 d_final=0.0
 Retrying in 1 seconds
[shaping_diag] success_cum_shaping=313.35 T=332 d_init=104.5 d_final=0.0
 Retrying in 1 seconds
[shaping_diag] success_cum_shaping=313.35 T=348 d_init=104.5 d_final=0.0
 Retrying in 1 seconds
[shaping_diag] success_cum_shaping=313.35 T=274 d_init=104.5 d_final=0.0
 Retrying in 1 seconds
[shaping_diag] success_cum_shaping=313.35 T=261 d_init=104.5 d_final=0.0
 Retrying in 1 seconds
[shaping_diag] success_cum_shaping=313.35 T=257 d_init=104.5 d_final=0.0
 Retrying in 1 seconds
[shaping_diag] success_cum_shaping=313.35 T=275 d_init=104.5 d_final=0.0
 Retrying in 1 seconds
[shaping_diag] success_cum_shaping=313.35 T=289 d_init=104.5 d_final=0.0
 Retrying in 1 seconds
[shaping_diag] success_cum_shaping=313.35 T=295 d_init=104.5 d_final=0.0
 Retrying in 1 seconds
[shaping_diag] success_cum_shaping=313.35 T=264 d_init=104.5 d_final=0.0
 Retrying in 1 seconds
[shaping_diag] success_cum_shaping=313.35 T=259 d_init=104.5 d_final=0.0
 Retrying in 1 seconds
[shaping_diag] success_cum_shaping=313.35 T=274 d_init=104.5 d_final=0.0
 Retrying in 1 seconds
 Retrying in 1 seconds
[shaping_diag] success_cum_shaping=313.35 T=118 d_init=104.5 d_final=0.0
 Retrying in 1 seconds
[shaping_diag] success_cum_shaping=313.35 T=114 d_init=104.5 d_final=0.0
 Retrying in 1 seconds
[shaping_diag] success_cum_shaping=313.35 T=143 d_init=104.5 d_final=0.0
 Retrying in 1 seconds
 Retrying in 1 seconds
[shaping_diag] success_cum_shaping=313.35 T=140 d_init=104.5 d_final=0.0
 Retrying in 1 seconds
 Retrying in 1 seconds
[shaping_diag] success_cum_shaping=313.35 T=117 d_init=104.5 d_final=0.0
 Retrying in 1 seconds
[shaping_diag] success_cum_shaping=313.35 T=137 d_init=104.5 d_final=0.0
 Retrying in 1 seconds
[shaping_diag] success_cum_shaping=313.35 T=158 d_init=104.5 d_final=0.0
 Retrying in 1 seconds
[shaping_diag] success_cum_shaping=313.35 T=113 d_init=104.5 d_final=0.0
[cbf_aux] step=45056 ret=163.58 coll=2 ttc=7.14 cbf_res=0.0000
 Retrying in 1 seconds
[shaping_diag] success_cum_shaping=313.35 T=234 d_init=104.5 d_final=0.0
 Retrying in 1 seconds
[shaping_diag] success_cum_shaping=313.35 T=229 d_init=104.5 d_final=0.0
 Retrying in 1 seconds
[shaping_diag] success_cum_shaping=313.35 T=235 d_init=104.5 d_final=0.0
 Retrying in 1 seconds
[shaping_diag] success_cum_shaping=313.35 T=239 d_init=104.5 d_final=0.0
 Retrying in 1 seconds
[shaping_diag] success_cum_shaping=313.35 T=270 d_init=104.5 d_final=0.0
 Retrying in 1 seconds
[shaping_diag] success_cum_shaping=313.35 T=282 d_init=104.5 d_final=0.0
 Retrying in 1 seconds
[shaping_diag] success_cum_shaping=313.35 T=277 d_init=104.5 d_final=0.0
 Retrying in 1 seconds
[shaping_diag] success_cum_shaping=313.35 T=223 d_init=104.5 d_final=0.0
 Retrying in 1 seconds
[shaping_diag] success_cum_shaping=313.35 T=279 d_init=104.5 d_final=0.0
 Retrying in 1 seconds
[shaping_diag] success_cum_shaping=313.35 T=279 d_init=104.5 d_final=0.0
 Retrying in 1 seconds
[shaping_diag] success_cum_shaping=313.35 T=225 d_init=104.5 d_final=0.0
 Retrying in 1 seconds
[shaping_diag] success_cum_shaping=313.35 T=221 d_init=104.5 d_final=0.0
 Retrying in 1 seconds
[shaping_diag] success_cum_shaping=313.35 T=297 d_init=104.5 d_final=0.0
 Retrying in 1 seconds
[shaping_diag] success_cum_shaping=313.35 T=277 d_init=104.5 d_final=0.0
 Retrying in 1 seconds
[shaping_diag] success_cum_shaping=313.35 T=272 d_init=104.5 d_final=0.0
 Retrying in 1 seconds
 Retrying in 1 seconds
[shaping_diag] success_cum_shaping=313.35 T=249 d_init=104.5 d_final=0.0
 Retrying in 1 seconds
[shaping_diag] success_cum_shaping=313.35 T=248 d_init=104.5 d_final=0.0
 Retrying in 1 seconds
[shaping_diag] success_cum_shaping=313.35 T=264 d_init=104.5 d_final=0.0
 Retrying in 1 seconds
[shaping_diag] success_cum_shaping=313.35 T=311 d_init=104.5 d_final=0.0
 Retrying in 1 seconds
[shaping_diag] success_cum_shaping=313.35 T=177 d_init=104.5 d_final=0.0
 Retrying in 1 seconds
[shaping_diag] success_cum_shaping=313.35 T=279 d_init=104.5 d_final=0.0
 Retrying in 1 seconds
[shaping_diag] success_cum_shaping=313.35 T=234 d_init=104.5 d_final=0.0
 Retrying in 1 seconds
[shaping_diag] success_cum_shaping=313.35 T=284 d_init=104.5 d_final=0.0
 Retrying in 1 seconds
[shaping_diag] success_cum_shaping=313.35 T=235 d_init=104.5 d_final=0.0
 Retrying in 1 seconds
[shaping_diag] success_cum_shaping=313.35 T=221 d_init=104.5 d_final=0.0
 Retrying in 1 seconds
[shaping_diag] success_cum_shaping=313.35 T=276 d_init=104.5 d_final=0.0
 Retrying in 1 seconds
[shaping_diag] success_cum_shaping=313.35 T=210 d_init=104.5 d_final=0.0
 Retrying in 1 seconds
[shaping_diag] success_cum_shaping=313.35 T=277 d_init=104.5 d_final=0.0
 Retrying in 1 seconds
[shaping_diag] success_cum_shaping=313.35 T=246 d_init=104.5 d_final=0.0
 Retrying in 1 seconds
[shaping_diag] success_cum_shaping=313.35 T=236 d_init=104.5 d_final=0.0
 Retrying in 1 seconds
[shaping_diag] success_cum_shaping=313.35 T=231 d_init=104.5 d_final=0.0
 Retrying in 1 seconds
 Retrying in 1 seconds
[shaping_diag] success_cum_shaping=313.35 T=202 d_init=104.5 d_final=0.0
 Retrying in 1 seconds
[shaping_diag] success_cum_shaping=313.35 T=228 d_init=104.5 d_final=0.0
 Retrying in 1 seconds
[shaping_diag] success_cum_shaping=313.35 T=218 d_init=104.5 d_final=0.0
 Retrying in 1 seconds
[shaping_diag] success_cum_shaping=313.35 T=220 d_init=104.5 d_final=0.0
 Retrying in 1 seconds
[shaping_diag] success_cum_shaping=313.35 T=243 d_init=104.5 d_final=0.0
 Retrying in 1 seconds
[shaping_diag] success_cum_shaping=313.35 T=196 d_init=104.5 d_final=0.0
 Retrying in 1 seconds
[shaping_diag] success_cum_shaping=313.35 T=213 d_init=104.5 d_final=0.0
 Retrying in 1 seconds
[shaping_diag] success_cum_shaping=313.35 T=209 d_init=104.5 d_final=0.0
 Retrying in 1 seconds
[shaping_diag] success_cum_shaping=313.35 T=221 d_init=104.5 d_final=0.0
 Retrying in 1 seconds
[shaping_diag] success_cum_shaping=313.35 T=240 d_init=104.5 d_final=0.0
 Retrying in 1 seconds
[shaping_diag] success_cum_shaping=313.35 T=232 d_init=104.5 d_final=0.0
 Retrying in 1 seconds
[shaping_diag] success_cum_shaping=313.35 T=192 d_init=104.5 d_final=0.0
 Retrying in 1 seconds
[shaping_diag] success_cum_shaping=313.35 T=220 d_init=104.5 d_final=0.0
 Retrying in 1 seconds
[shaping_diag] success_cum_shaping=313.35 T=225 d_init=104.5 d_final=0.0
 Retrying in 1 seconds
[shaping_diag] success_cum_shaping=313.35 T=246 d_init=104.5 d_final=0.0
 Retrying in 1 seconds
[shaping_diag] success_cum_shaping=313.35 T=253 d_init=104.5 d_final=0.0
 Retrying in 1 seconds
[shaping_diag] success_cum_shaping=313.35 T=230 d_init=104.5 d_final=0.0
 Retrying in 1 seconds
[shaping_diag] success_cum_shaping=313.35 T=241 d_init=104.5 d_final=0.0
 Retrying in 1 seconds
 Retrying in 1 seconds
[shaping_diag] success_cum_shaping=313.35 T=213 d_init=104.5 d_final=0.0
 Retrying in 1 seconds
[shaping_diag] success_cum_shaping=313.35 T=220 d_init=104.5 d_final=0.0
 Retrying in 1 seconds
[shaping_diag] success_cum_shaping=313.35 T=188 d_init=104.5 d_final=0.0
 Retrying in 1 seconds
[shaping_diag] success_cum_shaping=313.35 T=208 d_init=104.5 d_final=0.0
 Retrying in 1 seconds
[shaping_diag] success_cum_shaping=313.35 T=215 d_init=104.5 d_final=0.0
 Retrying in 1 seconds
[shaping_diag] success_cum_shaping=313.35 T=243 d_init=104.5 d_final=0.0
 Retrying in 1 seconds
[shaping_diag] success_cum_shaping=313.35 T=214 d_init=104.5 d_final=0.0
 Retrying in 1 seconds
[shaping_diag] success_cum_shaping=313.35 T=216 d_init=104.5 d_final=0.0
 Retrying in 1 seconds
[shaping_diag] success_cum_shaping=313.35 T=215 d_init=104.5 d_final=0.0
 Retrying in 1 seconds
[shaping_diag] success_cum_shaping=313.35 T=224 d_init=104.5 d_final=0.0
 Retrying in 1 seconds
[shaping_diag] success_cum_shaping=313.35 T=233 d_init=104.5 d_final=0.0
 Retrying in 1 seconds
[shaping_diag] success_cum_shaping=313.35 T=216 d_init=104.5 d_final=0.0
 Retrying in 1 seconds
[shaping_diag] success_cum_shaping=313.35 T=237 d_init=104.5 d_final=0.0
 Retrying in 1 seconds
[shaping_diag] success_cum_shaping=313.35 T=256 d_init=104.5 d_final=0.0
 Retrying in 1 seconds
[shaping_diag] success_cum_shaping=313.35 T=244 d_init=104.5 d_final=0.0
 Retrying in 1 seconds
[shaping_diag] success_cum_shaping=313.35 T=203 d_init=104.5 d_final=0.0
 Retrying in 1 seconds
[shaping_diag] success_cum_shaping=313.35 T=225 d_init=104.5 d_final=0.0
 Retrying in 1 seconds
[shaping_diag] success_cum_shaping=313.35 T=240 d_init=104.5 d_final=0.0
 Retrying in 1 seconds
 Retrying in 1 seconds
[shaping_diag] success_cum_shaping=313.35 T=193 d_init=104.5 d_final=0.0
 Retrying in 1 seconds
[shaping_diag] success_cum_shaping=313.35 T=194 d_init=104.5 d_final=0.0
 Retrying in 1 seconds
[shaping_diag] success_cum_shaping=313.35 T=235 d_init=104.5 d_final=0.0
 Retrying in 1 seconds
[shaping_diag] success_cum_shaping=313.35 T=198 d_init=104.5 d_final=0.0
 Retrying in 1 seconds
[shaping_diag] success_cum_shaping=313.35 T=202 d_init=104.5 d_final=0.0
 Retrying in 1 seconds
[shaping_diag] success_cum_shaping=313.35 T=215 d_init=104.5 d_final=0.0
 Retrying in 1 seconds
[shaping_diag] success_cum_shaping=313.35 T=197 d_init=104.5 d_final=0.0
 Retrying in 1 seconds
[shaping_diag] success_cum_shaping=313.35 T=184 d_init=104.5 d_final=0.0
 Retrying in 1 seconds
[shaping_diag] success_cum_shaping=313.35 T=212 d_init=104.5 d_final=0.0
 Retrying in 1 seconds
[shaping_diag] success_cum_shaping=313.35 T=183 d_init=104.5 d_final=0.0
 Retrying in 1 seconds
[shaping_diag] success_cum_shaping=313.35 T=152 d_init=104.5 d_final=0.0
 Retrying in 1 seconds
[shaping_diag] success_cum_shaping=313.35 T=164 d_init=104.5 d_final=0.0
 Retrying in 1 seconds
[shaping_diag] success_cum_shaping=313.35 T=190 d_init=104.5 d_final=0.0
 Retrying in 1 seconds
[shaping_diag] success_cum_shaping=313.35 T=173 d_init=104.5 d_final=0.0
 Retrying in 1 seconds
[shaping_diag] success_cum_shaping=313.35 T=226 d_init=104.5 d_final=0.0
 Retrying in 1 seconds
[shaping_diag] success_cum_shaping=313.35 T=197 d_init=104.5 d_final=0.0
 Retrying in 1 seconds
[shaping_diag] success_cum_shaping=313.35 T=217 d_init=104.5 d_final=0.0
 Retrying in 1 seconds
[shaping_diag] success_cum_shaping=313.35 T=189 d_init=104.5 d_final=0.0
 Retrying in 1 seconds
[shaping_diag] success_cum_shaping=313.35 T=190 d_init=104.5 d_final=0.0
 Retrying in 1 seconds
[shaping_diag] success_cum_shaping=313.35 T=213 d_init=104.5 d_final=0.0
 Retrying in 1 seconds
 Retrying in 1 seconds
[shaping_diag] success_cum_shaping=313.35 T=186 d_init=104.5 d_final=0.0
 Retrying in 1 seconds
[shaping_diag] success_cum_shaping=313.35 T=160 d_init=104.5 d_final=0.0
 Retrying in 1 seconds
[shaping_diag] success_cum_shaping=313.35 T=194 d_init=104.5 d_final=0.0
 Retrying in 1 seconds
[shaping_diag] success_cum_shaping=313.35 T=160 d_init=104.5 d_final=0.0
 Retrying in 1 seconds
[shaping_diag] success_cum_shaping=313.35 T=191 d_init=104.5 d_final=0.0
Warning: Vehicle 'other2' performs emergency braking on lane 'left_in_0' with decel=9.00, wished=4.00, severity=1.00, time=10.10.
 Retrying in 1 seconds
[shaping_diag] success_cum_shaping=313.35 T=150 d_init=104.5 d_final=0.0
 Retrying in 1 seconds
[shaping_diag] success_cum_shaping=313.35 T=176 d_init=104.5 d_final=0.0
 Retrying in 1 seconds
[shaping_diag] success_cum_shaping=313.35 T=160 d_init=104.5 d_final=0.0
 Retrying in 1 seconds
[shaping_diag] success_cum_shaping=313.35 T=177 d_init=104.5 d_final=0.0
 Retrying in 1 seconds
[shaping_diag] success_cum_shaping=313.35 T=162 d_init=104.5 d_final=0.0
 Retrying in 1 seconds
[shaping_diag] success_cum_shaping=313.35 T=143 d_init=104.5 d_final=0.0
 Retrying in 1 seconds
[shaping_diag] success_cum_shaping=313.35 T=164 d_init=104.5 d_final=0.0
 Retrying in 1 seconds
[shaping_diag] success_cum_shaping=313.35 T=193 d_init=104.5 d_final=0.0
 Retrying in 1 seconds
[shaping_diag] success_cum_shaping=313.35 T=138 d_init=104.5 d_final=0.0
 Retrying in 1 seconds
[shaping_diag] success_cum_shaping=313.35 T=198 d_init=104.5 d_final=0.0
 Retrying in 1 seconds
[shaping_diag] success_cum_shaping=313.35 T=164 d_init=104.5 d_final=0.0
 Retrying in 1 seconds
[shaping_diag] success_cum_shaping=313.35 T=152 d_init=104.5 d_final=0.0
 Retrying in 1 seconds
[shaping_diag] success_cum_shaping=313.35 T=158 d_init=104.5 d_final=0.0
 Retrying in 1 seconds
[shaping_diag] success_cum_shaping=313.35 T=162 d_init=104.5 d_final=0.0
 Retrying in 1 seconds
[shaping_diag] success_cum_shaping=313.35 T=140 d_init=104.5 d_final=0.0
 Retrying in 1 seconds
[shaping_diag] success_cum_shaping=313.35 T=160 d_init=104.5 d_final=0.0
 Retrying in 1 seconds
[shaping_diag] success_cum_shaping=313.35 T=167 d_init=104.5 d_final=0.0
 Retrying in 1 seconds
[shaping_diag] success_cum_shaping=313.35 T=161 d_init=104.5 d_final=0.0
 Retrying in 1 seconds
[shaping_diag] success_cum_shaping=313.35 T=171 d_init=104.5 d_final=0.0
 Retrying in 1 seconds
 Retrying in 1 seconds
[shaping_diag] success_cum_shaping=313.35 T=144 d_init=104.5 d_final=0.0
 Retrying in 1 seconds
[shaping_diag] success_cum_shaping=313.35 T=144 d_init=104.5 d_final=0.0
Warning: Vehicle 'ego'; junction collision with vehicle 'other', lane=':center_11_0', gap=-1.00, time=9.10 stage=move.
 Retrying in 1 seconds
 Retrying in 1 seconds
[shaping_diag] success_cum_shaping=313.35 T=134 d_init=104.5 d_final=0.0
 Retrying in 1 seconds
[shaping_diag] success_cum_shaping=313.35 T=131 d_init=104.5 d_final=0.0
 Retrying in 1 seconds
[shaping_diag] success_cum_shaping=313.35 T=135 d_init=104.5 d_final=0.0
 Retrying in 1 seconds
[shaping_diag] success_cum_shaping=313.35 T=163 d_init=104.5 d_final=0.0
 Retrying in 1 seconds
 Retrying in 1 seconds
[shaping_diag] success_cum_shaping=313.35 T=125 d_init=104.5 d_final=0.0
 Retrying in 1 seconds
[shaping_diag] success_cum_shaping=313.35 T=171 d_init=104.5 d_final=0.0
 Retrying in 1 seconds
[shaping_diag] success_cum_shaping=313.35 T=140 d_init=104.5 d_final=0.0
 Retrying in 1 seconds
[shaping_diag] success_cum_shaping=313.35 T=128 d_init=104.5 d_final=0.0
Warning: Vehicle 'other2' performs emergency braking on lane 'left_in_0' with decel=9.00, wished=4.00, severity=1.00, time=9.90.
 Retrying in 1 seconds
[shaping_diag] success_cum_shaping=313.35 T=151 d_init=104.5 d_final=0.0
Warning: Vehicle 'other2' performs emergency braking on lane 'left_in_0' with decel=9.00, wished=4.00, severity=1.00, time=9.50.
 Retrying in 1 seconds
[shaping_diag] success_cum_shaping=313.35 T=145 d_init=104.5 d_final=0.0
 Retrying in 1 seconds
[shaping_diag] success_cum_shaping=313.35 T=132 d_init=104.5 d_final=0.0
 Retrying in 1 seconds
[shaping_diag] success_cum_shaping=313.35 T=138 d_init=104.5 d_final=0.0
 Retrying in 1 seconds
[shaping_diag] success_cum_shaping=313.35 T=145 d_init=104.5 d_final=0.0
 Retrying in 1 seconds
[shaping_diag] success_cum_shaping=313.35 T=133 d_init=104.5 d_final=0.0
Warning: Vehicle 'other2' performs emergency braking on lane ':center_8_0' with decel=9.00, wished=4.00, severity=1.00, time=10.70.
Warning: Vehicle 'other2'; junction collision with vehicle 'ego', lane=':center_8_0', gap=-1.00, time=10.80 stage=move.
 Retrying in 1 seconds
 Retrying in 1 seconds
[shaping_diag] success_cum_shaping=313.35 T=127 d_init=104.5 d_final=0.0
 Retrying in 1 seconds
[shaping_diag] success_cum_shaping=313.35 T=142 d_init=104.5 d_final=0.0
 Retrying in 1 seconds
[shaping_diag] success_cum_shaping=313.35 T=138 d_init=104.5 d_final=0.0
 Retrying in 1 seconds
[shaping_diag] success_cum_shaping=313.35 T=143 d_init=104.5 d_final=0.0
 Retrying in 1 seconds
[shaping_diag] success_cum_shaping=313.35 T=154 d_init=104.5 d_final=0.0
 Retrying in 1 seconds
[shaping_diag] success_cum_shaping=313.35 T=148 d_init=104.5 d_final=0.0
 Retrying in 1 seconds
[shaping_diag] success_cum_shaping=313.35 T=134 d_init=104.5 d_final=0.0
 Retrying in 1 seconds
[shaping_diag] success_cum_shaping=313.35 T=135 d_init=104.5 d_final=0.0
 Retrying in 1 seconds
[shaping_diag] success_cum_shaping=313.35 T=141 d_init=104.5 d_final=0.0
 Retrying in 1 seconds
[shaping_diag] success_cum_shaping=313.35 T=138 d_init=104.5 d_final=0.0
 Retrying in 1 seconds
[shaping_diag] success_cum_shaping=313.35 T=130 d_init=104.5 d_final=0.0
 Retrying in 1 seconds
 Retrying in 1 seconds
[shaping_diag] success_cum_shaping=313.35 T=123 d_init=104.5 d_final=0.0
 Retrying in 1 seconds
[shaping_diag] success_cum_shaping=313.35 T=129 d_init=104.5 d_final=0.0
 Retrying in 1 seconds
[shaping_diag] success_cum_shaping=313.35 T=140 d_init=104.5 d_final=0.0
 Retrying in 1 seconds
[shaping_diag] success_cum_shaping=313.35 T=131 d_init=104.5 d_final=0.0
 Retrying in 1 seconds
[shaping_diag] success_cum_shaping=313.35 T=127 d_init=104.5 d_final=0.0
 Retrying in 1 seconds
[shaping_diag] success_cum_shaping=313.35 T=123 d_init=104.5 d_final=0.0
 Retrying in 1 seconds
[shaping_diag] success_cum_shaping=313.35 T=123 d_init=104.5 d_final=0.0
 Retrying in 1 seconds
[shaping_diag] success_cum_shaping=313.35 T=132 d_init=104.5 d_final=0.0
 Retrying in 1 seconds
[shaping_diag] success_cum_shaping=313.35 T=124 d_init=104.5 d_final=0.0
 Retrying in 1 seconds
[shaping_diag] success_cum_shaping=313.35 T=128 d_init=104.5 d_final=0.0
 Retrying in 1 seconds
[shaping_diag] success_cum_shaping=313.35 T=139 d_init=104.5 d_final=0.0
Warning: Vehicle 'ego'; junction collision with vehicle 'other', lane=':center_11_0', gap=-1.00, time=8.60 stage=move.
 Retrying in 1 seconds
 Retrying in 1 seconds
[shaping_diag] success_cum_shaping=313.35 T=136 d_init=104.5 d_final=0.0
 Retrying in 1 seconds
[shaping_diag] success_cum_shaping=313.35 T=137 d_init=104.5 d_final=0.0
 Retrying in 1 seconds
 Retrying in 1 seconds
[shaping_diag] success_cum_shaping=313.35 T=134 d_init=104.5 d_final=0.0
 Retrying in 1 seconds
[shaping_diag] success_cum_shaping=313.35 T=133 d_init=104.5 d_final=0.0
Warning: Vehicle 'other' performs emergency braking on lane ':center_8_0' with decel=9.00, wished=4.00, severity=1.00, time=8.30.
 Retrying in 1 seconds
[shaping_diag] success_cum_shaping=313.35 T=131 d_init=104.5 d_final=0.0
 Retrying in 1 seconds
[shaping_diag] success_cum_shaping=313.35 T=154 d_init=104.5 d_final=0.0
Warning: Vehicle 'ego'; junction collision with vehicle 'other', lane=':center_11_0', gap=-1.00, time=9.10 stage=move.
 Retrying in 1 seconds
 Retrying in 1 seconds
[shaping_diag] success_cum_shaping=313.35 T=126 d_init=104.5 d_final=0.0
 Retrying in 1 seconds
[shaping_diag] success_cum_shaping=313.35 T=123 d_init=104.5 d_final=0.0
 Retrying in 1 seconds
 Retrying in 1 seconds
[shaping_diag] success_cum_shaping=313.35 T=125 d_init=104.5 d_final=0.0
 Retrying in 1 seconds
[shaping_diag] success_cum_shaping=313.35 T=142 d_init=104.5 d_final=0.0
 Retrying in 1 seconds
[shaping_diag] success_cum_shaping=313.35 T=126 d_init=104.5 d_final=0.0
 Retrying in 1 seconds
[shaping_diag] success_cum_shaping=313.35 T=136 d_init=104.5 d_final=0.0
 Retrying in 1 seconds
[shaping_diag] success_cum_shaping=313.35 T=129 d_init=104.5 d_final=0.0
 Retrying in 1 seconds
[shaping_diag] success_cum_shaping=313.35 T=131 d_init=104.5 d_final=0.0
Warning: Vehicle 'ego'; junction collision with vehicle 'other', lane=':center_11_0', gap=-1.00, time=9.50 stage=move.
 Retrying in 1 seconds
 Retrying in 1 seconds
[shaping_diag] success_cum_shaping=313.35 T=133 d_init=104.5 d_final=0.0
 Retrying in 1 seconds
[shaping_diag] success_cum_shaping=313.35 T=133 d_init=104.5 d_final=0.0
 Retrying in 1 seconds
 Retrying in 1 seconds
[shaping_diag] success_cum_shaping=313.35 T=136 d_init=104.5 d_final=0.0
 Retrying in 1 seconds
[shaping_diag] success_cum_shaping=313.35 T=149 d_init=104.5 d_final=0.0
 Retrying in 1 seconds
[shaping_diag] success_cum_shaping=313.35 T=135 d_init=104.5 d_final=0.0
 Retrying in 1 seconds
[shaping_diag] success_cum_shaping=313.35 T=137 d_init=104.5 d_final=0.0
 Retrying in 1 seconds
[shaping_diag] success_cum_shaping=313.35 T=162 d_init=104.5 d_final=0.0
 Retrying in 1 seconds
[shaping_diag] success_cum_shaping=313.35 T=128 d_init=104.5 d_final=0.0
 Retrying in 1 seconds
[shaping_diag] success_cum_shaping=313.35 T=129 d_init=104.5 d_final=0.0
 Retrying in 1 seconds
 Retrying in 1 seconds
[shaping_diag] success_cum_shaping=313.35 T=143 d_init=104.5 d_final=0.0
 Retrying in 1 seconds
[shaping_diag] success_cum_shaping=313.35 T=142 d_init=104.5 d_final=0.0
 Retrying in 1 seconds
[shaping_diag] success_cum_shaping=313.35 T=144 d_init=104.5 d_final=0.0
 Retrying in 1 seconds
[shaping_diag] success_cum_shaping=313.35 T=138 d_init=104.5 d_final=0.0
 Retrying in 1 seconds
[shaping_diag] success_cum_shaping=313.35 T=143 d_init=104.5 d_final=0.0
 Retrying in 1 seconds
[shaping_diag] success_cum_shaping=313.35 T=126 d_init=104.5 d_final=0.0
 Retrying in 1 seconds
[shaping_diag] success_cum_shaping=313.35 T=130 d_init=104.5 d_final=0.0
 Retrying in 1 seconds
[shaping_diag] success_cum_shaping=313.35 T=138 d_init=104.5 d_final=0.0
 Retrying in 1 seconds
[shaping_diag] success_cum_shaping=313.35 T=146 d_init=104.5 d_final=0.0
Warning: Vehicle 'other2' performs emergency braking on lane 'left_in_0' with decel=9.00, wished=5.00, severity=1.00, time=8.50.
 Retrying in 1 seconds
[shaping_diag] success_cum_shaping=313.35 T=134 d_init=104.5 d_final=0.0
 Retrying in 1 seconds
[shaping_diag] success_cum_shaping=313.35 T=130 d_init=104.5 d_final=0.0
 Retrying in 1 seconds
[shaping_diag] success_cum_shaping=313.35 T=154 d_init=104.5 d_final=0.0
Warning: Vehicle 'other2'; junction collision with vehicle 'ego', lane=':center_8_0', gap=-1.00, time=9.00 stage=move.
 Retrying in 1 seconds
 Retrying in 1 seconds
[shaping_diag] success_cum_shaping=313.35 T=140 d_init=104.5 d_final=0.0
 Retrying in 1 seconds
[shaping_diag] success_cum_shaping=313.35 T=134 d_init=104.5 d_final=0.0
 Retrying in 1 seconds
[shaping_diag] success_cum_shaping=313.35 T=132 d_init=104.5 d_final=0.0
 Retrying in 1 seconds
[shaping_diag] success_cum_shaping=313.35 T=134 d_init=104.5 d_final=0.0
 Retrying in 1 seconds
[shaping_diag] success_cum_shaping=313.35 T=133 d_init=104.5 d_final=0.0
Warning: Vehicle 'other2'; junction collision with vehicle 'ego', lane=':center_8_0', gap=-1.00, time=8.80 stage=move.
 Retrying in 1 seconds
 Retrying in 1 seconds
[shaping_diag] success_cum_shaping=313.35 T=138 d_init=104.5 d_final=0.0
 Retrying in 1 seconds
[shaping_diag] success_cum_shaping=313.35 T=141 d_init=104.5 d_final=0.0
Warning: Vehicle 'other2' performs emergency braking on lane 'left_in_0' with decel=9.00, wished=5.00, severity=1.00, time=8.70.
 Retrying in 1 seconds
[shaping_diag] success_cum_shaping=313.35 T=134 d_init=104.5 d_final=0.0
 Retrying in 1 seconds
 Retrying in 1 seconds
[shaping_diag] success_cum_shaping=313.35 T=137 d_init=104.5 d_final=0.0
 Retrying in 1 seconds
[shaping_diag] success_cum_shaping=313.35 T=137 d_init=104.5 d_final=0.0
 Retrying in 1 seconds
[shaping_diag] success_cum_shaping=313.35 T=131 d_init=104.5 d_final=0.0
 Retrying in 1 seconds
[shaping_diag] success_cum_shaping=313.35 T=122 d_init=104.5 d_final=0.0
 Retrying in 1 seconds
[shaping_diag] success_cum_shaping=313.35 T=135 d_init=104.5 d_final=0.0
 Retrying in 1 seconds
[shaping_diag] success_cum_shaping=313.35 T=124 d_init=104.5 d_final=0.0
 Retrying in 1 seconds
[shaping_diag] success_cum_shaping=313.35 T=137 d_init=104.5 d_final=0.0
 Retrying in 1 seconds
[shaping_diag] success_cum_shaping=313.35 T=127 d_init=104.5 d_final=0.0
 Retrying in 1 seconds
[shaping_diag] success_cum_shaping=313.35 T=129 d_init=104.5 d_final=0.0
 Retrying in 1 seconds
[shaping_diag] success_cum_shaping=313.35 T=146 d_init=104.5 d_final=0.0
 Retrying in 1 seconds
[shaping_diag] success_cum_shaping=313.35 T=137 d_init=104.5 d_final=0.0
 Retrying in 1 seconds
[shaping_diag] success_cum_shaping=313.35 T=157 d_init=104.5 d_final=0.0
 Retrying in 1 seconds
 Retrying in 1 seconds
[shaping_diag] success_cum_shaping=313.35 T=142 d_init=104.5 d_final=0.0
 Retrying in 1 seconds
[shaping_diag] success_cum_shaping=313.35 T=134 d_init=104.5 d_final=0.0
 Retrying in 1 seconds
[shaping_diag] success_cum_shaping=313.35 T=127 d_init=104.5 d_final=0.0
 Retrying in 1 seconds
[shaping_diag] success_cum_shaping=313.35 T=133 d_init=104.5 d_final=0.0
 Retrying in 1 seconds
[shaping_diag] success_cum_shaping=313.35 T=130 d_init=104.5 d_final=0.0
Warning: Vehicle 'other' performs emergency braking on lane 'left_in_0' with decel=9.00, wished=4.00, severity=1.00, time=8.10.
 Retrying in 1 seconds
[shaping_diag] success_cum_shaping=313.35 T=131 d_init=104.5 d_final=0.0
 Retrying in 1 seconds
[shaping_diag] success_cum_shaping=313.35 T=138 d_init=104.5 d_final=0.0
Warning: Vehicle 'ego'; collision with vehicle 'other', lane='right_in_1', gap=-0.13, time=6.00 stage=move.
 Retrying in 1 seconds
 Retrying in 1 seconds
[shaping_diag] success_cum_shaping=313.35 T=127 d_init=104.5 d_final=0.0
 Retrying in 1 seconds
[shaping_diag] success_cum_shaping=313.35 T=125 d_init=104.5 d_final=0.0
Warning: Vehicle 'other2'; junction collision with vehicle 'ego', lane=':center_8_0', gap=-1.00, time=9.60 stage=move.
 Retrying in 1 seconds
 Retrying in 1 seconds
[shaping_diag] success_cum_shaping=313.35 T=135 d_init=104.5 d_final=0.0
 Retrying in 1 seconds
[shaping_diag] success_cum_shaping=313.35 T=122 d_init=104.5 d_final=0.0
 Retrying in 1 seconds
[shaping_diag] success_cum_shaping=313.35 T=125 d_init=104.5 d_final=0.0
 Retrying in 1 seconds
[shaping_diag] success_cum_shaping=313.35 T=154 d_init=104.5 d_final=0.0
 Retrying in 1 seconds
[shaping_diag] success_cum_shaping=313.35 T=157 d_init=104.5 d_final=0.0
 Retrying in 1 seconds
[shaping_diag] success_cum_shaping=313.35 T=126 d_init=104.5 d_final=0.0
 Retrying in 1 seconds
[shaping_diag] success_cum_shaping=313.35 T=143 d_init=104.5 d_final=0.0
 Retrying in 1 seconds
 Retrying in 1 seconds
[shaping_diag] success_cum_shaping=313.35 T=110 d_init=104.5 d_final=0.0
 Retrying in 1 seconds
[shaping_diag] success_cum_shaping=313.35 T=110 d_init=104.5 d_final=0.0
 Retrying in 1 seconds
[shaping_diag] success_cum_shaping=313.35 T=110 d_init=104.5 d_final=0.0
 Retrying in 1 seconds
[shaping_diag] success_cum_shaping=313.35 T=110 d_init=104.5 d_final=0.0
 Retrying in 1 seconds
 Retrying in 1 seconds
[shaping_diag] success_cum_shaping=313.35 T=110 d_init=104.5 d_final=0.0
 Retrying in 1 seconds
[shaping_diag] success_cum_shaping=313.35 T=110 d_init=104.5 d_final=0.0
 Retrying in 1 seconds
[shaping_diag] success_cum_shaping=313.35 T=110 d_init=104.5 d_final=0.0
 Retrying in 1 seconds
[shaping_diag] success_cum_shaping=313.35 T=110 d_init=104.5 d_final=0.0
 Retrying in 1 seconds
[shaping_diag] success_cum_shaping=313.35 T=110 d_init=104.5 d_final=0.0
[cbf_aux] step=86016 ret=234.74 coll=1 ttc=5.19 cbf_res=0.0000
 Retrying in 1 seconds
[shaping_diag] success_cum_shaping=313.35 T=127 d_init=104.5 d_final=0.0
Warning: Vehicle 'ego'; junction collision with vehicle 'other', lane=':center_11_0', gap=-1.00, time=8.20 stage=move.
 Retrying in 1 seconds
 Retrying in 1 seconds
[shaping_diag] success_cum_shaping=313.35 T=122 d_init=104.5 d_final=0.0
 Retrying in 1 seconds
[shaping_diag] success_cum_shaping=313.35 T=131 d_init=104.5 d_final=0.0
 Retrying in 1 seconds
[shaping_diag] success_cum_shaping=313.35 T=123 d_init=104.5 d_final=0.0
 Retrying in 1 seconds
[shaping_diag] success_cum_shaping=313.35 T=132 d_init=104.5 d_final=0.0
 Retrying in 1 seconds
[shaping_diag] success_cum_shaping=313.35 T=126 d_init=104.5 d_final=0.0
 Retrying in 1 seconds
[shaping_diag] success_cum_shaping=313.35 T=119 d_init=104.5 d_final=0.0
 Retrying in 1 seconds
[shaping_diag] success_cum_shaping=313.35 T=132 d_init=104.5 d_final=0.0
 Retrying in 1 seconds
[shaping_diag] success_cum_shaping=313.35 T=138 d_init=104.5 d_final=0.0
 Retrying in 1 seconds
[shaping_diag] success_cum_shaping=313.35 T=125 d_init=104.5 d_final=0.0
 Retrying in 1 seconds
[shaping_diag] success_cum_shaping=313.35 T=120 d_init=104.5 d_final=0.0
 Retrying in 1 seconds
[shaping_diag] success_cum_shaping=313.35 T=124 d_init=104.5 d_final=0.0
 Retrying in 1 seconds
[shaping_diag] success_cum_shaping=313.35 T=125 d_init=104.5 d_final=0.0
Warning: Vehicle 'other2' performs emergency braking on lane 'left_in_0' with decel=9.00, wished=6.00, severity=1.00, time=7.30.
 Retrying in 1 seconds
[shaping_diag] success_cum_shaping=313.35 T=120 d_init=104.5 d_final=0.0
 Retrying in 1 seconds
[shaping_diag] success_cum_shaping=313.35 T=126 d_init=104.5 d_final=0.0
 Retrying in 1 seconds
[shaping_diag] success_cum_shaping=313.35 T=147 d_init=104.5 d_final=0.0
 Retrying in 1 seconds
[shaping_diag] success_cum_shaping=313.35 T=122 d_init=104.5 d_final=0.0
 Retrying in 1 seconds
[shaping_diag] success_cum_shaping=313.35 T=128 d_init=104.5 d_final=0.0
 Retrying in 1 seconds
[shaping_diag] success_cum_shaping=313.35 T=130 d_init=104.5 d_final=0.0
 Retrying in 1 seconds
[shaping_diag] success_cum_shaping=313.35 T=122 d_init=104.5 d_final=0.0
 Retrying in 1 seconds
[shaping_diag] success_cum_shaping=313.35 T=136 d_init=104.5 d_final=0.0
 Retrying in 1 seconds
[shaping_diag] success_cum_shaping=313.35 T=126 d_init=104.5 d_final=0.0
 Retrying in 1 seconds
[shaping_diag] success_cum_shaping=313.35 T=122 d_init=104.5 d_final=0.0
Warning: Vehicle 'other2' performs emergency braking on lane 'left_in_0' with decel=9.00, wished=6.00, severity=1.00, time=7.60.
 Retrying in 1 seconds
[shaping_diag] success_cum_shaping=313.35 T=122 d_init=104.5 d_final=0.0
 Retrying in 1 seconds
[shaping_diag] success_cum_shaping=313.35 T=124 d_init=104.5 d_final=0.0
 Retrying in 1 seconds
[shaping_diag] success_cum_shaping=313.35 T=128 d_init=104.5 d_final=0.0
Warning: Vehicle 'other' performs emergency braking on lane 'left_in_0' with decel=9.00, wished=4.00, severity=1.00, time=7.90.
 Retrying in 1 seconds
[shaping_diag] success_cum_shaping=313.35 T=128 d_init=104.5 d_final=0.0
 Retrying in 1 seconds
[shaping_diag] success_cum_shaping=313.35 T=129 d_init=104.5 d_final=0.0
 Retrying in 1 seconds
[shaping_diag] success_cum_shaping=313.35 T=132 d_init=104.5 d_final=0.0
 Retrying in 1 seconds
[shaping_diag] success_cum_shaping=313.35 T=141 d_init=104.5 d_final=0.0
 Retrying in 1 seconds
[shaping_diag] success_cum_shaping=313.35 T=131 d_init=104.5 d_final=0.0
 Retrying in 1 seconds
 Retrying in 1 seconds
[shaping_diag] success_cum_shaping=313.35 T=117 d_init=104.5 d_final=0.0
 Retrying in 1 seconds
[shaping_diag] success_cum_shaping=313.35 T=120 d_init=104.5 d_final=0.0
 Retrying in 1 seconds
[shaping_diag] success_cum_shaping=313.35 T=119 d_init=104.5 d_final=0.0
 Retrying in 1 seconds
[shaping_diag] success_cum_shaping=313.35 T=121 d_init=104.5 d_final=0.0
 Retrying in 1 seconds
[shaping_diag] success_cum_shaping=313.35 T=135 d_init=104.5 d_final=0.0
 Retrying in 1 seconds
[shaping_diag] success_cum_shaping=313.35 T=118 d_init=104.5 d_final=0.0
 Retrying in 1 seconds
 Retrying in 1 seconds
[shaping_diag] success_cum_shaping=313.35 T=123 d_init=104.5 d_final=0.0
 Retrying in 1 seconds
[shaping_diag] success_cum_shaping=313.35 T=122 d_init=104.5 d_final=0.0
 Retrying in 1 seconds
[shaping_diag] success_cum_shaping=313.35 T=129 d_init=104.5 d_final=0.0
 Retrying in 1 seconds
[shaping_diag] success_cum_shaping=313.35 T=122 d_init=104.5 d_final=0.0
 Retrying in 1 seconds
[shaping_diag] success_cum_shaping=313.35 T=123 d_init=104.5 d_final=0.0
Warning: Vehicle 'ego'; junction collision with vehicle 'other', lane=':center_11_0', gap=-1.00, time=7.40 stage=move.
 Retrying in 1 seconds
 Retrying in 1 seconds
[shaping_diag] success_cum_shaping=313.35 T=114 d_init=104.5 d_final=0.0
Warning: Vehicle 'ego'; junction collision with vehicle 'other', lane=':center_11_0', gap=-1.00, time=7.60 stage=move.
 Retrying in 1 seconds
 Retrying in 1 seconds
[shaping_diag] success_cum_shaping=313.35 T=122 d_init=104.5 d_final=0.0
 Retrying in 1 seconds
[shaping_diag] success_cum_shaping=313.35 T=118 d_init=104.5 d_final=0.0
 Retrying in 1 seconds
[shaping_diag] success_cum_shaping=313.35 T=130 d_init=104.5 d_final=0.0
 Retrying in 1 seconds
[shaping_diag] success_cum_shaping=313.35 T=117 d_init=104.5 d_final=0.0
 Retrying in 1 seconds
[shaping_diag] success_cum_shaping=313.35 T=123 d_init=104.5 d_final=0.0
 Retrying in 1 seconds
[shaping_diag] success_cum_shaping=313.35 T=113 d_init=104.5 d_final=0.0
 Retrying in 1 seconds
[shaping_diag] success_cum_shaping=313.35 T=115 d_init=104.5 d_final=0.0
 Retrying in 1 seconds
[shaping_diag] success_cum_shaping=313.35 T=117 d_init=104.5 d_final=0.0
 Retrying in 1 seconds
[shaping_diag] success_cum_shaping=313.35 T=119 d_init=104.5 d_final=0.0
 Retrying in 1 seconds
[shaping_diag] success_cum_shaping=313.35 T=123 d_init=104.5 d_final=0.0
 Retrying in 1 seconds
[shaping_diag] success_cum_shaping=313.35 T=124 d_init=104.5 d_final=0.0
 Retrying in 1 seconds
[shaping_diag] success_cum_shaping=313.35 T=119 d_init=104.5 d_final=0.0
 Retrying in 1 seconds
[shaping_diag] success_cum_shaping=313.35 T=131 d_init=104.5 d_final=0.0
 Retrying in 1 seconds
[shaping_diag] success_cum_shaping=313.35 T=123 d_init=104.5 d_final=0.0
Warning: Vehicle 'ego'; collision with vehicle 'other', lane='stem_out_1', gap=-0.15, time=10.80 stage=move.
 Retrying in 1 seconds
 Retrying in 1 seconds
[shaping_diag] success_cum_shaping=313.35 T=125 d_init=104.5 d_final=0.0
 Retrying in 1 seconds
[shaping_diag] success_cum_shaping=313.35 T=120 d_init=104.5 d_final=0.0
 Retrying in 1 seconds
[shaping_diag] success_cum_shaping=313.35 T=122 d_init=104.5 d_final=0.0
 Retrying in 1 seconds
[shaping_diag] success_cum_shaping=313.35 T=125 d_init=104.5 d_final=0.0
 Retrying in 1 seconds
 Retrying in 1 seconds
[shaping_diag] success_cum_shaping=313.35 T=128 d_init=104.5 d_final=0.0
 Retrying in 1 seconds
 Retrying in 1 seconds
[shaping_diag] success_cum_shaping=313.35 T=117 d_init=104.5 d_final=0.0
 Retrying in 1 seconds
[shaping_diag] success_cum_shaping=313.35 T=118 d_init=104.5 d_final=0.0
 Retrying in 1 seconds
[shaping_diag] success_cum_shaping=313.35 T=124 d_init=104.5 d_final=0.0
 Retrying in 1 seconds
[shaping_diag] success_cum_shaping=313.35 T=122 d_init=104.5 d_final=0.0
 Retrying in 1 seconds
[shaping_diag] success_cum_shaping=313.35 T=118 d_init=104.5 d_final=0.0
 Retrying in 1 seconds
[shaping_diag] success_cum_shaping=313.35 T=116 d_init=104.5 d_final=0.0
 Retrying in 1 seconds
[shaping_diag] success_cum_shaping=313.35 T=120 d_init=104.5 d_final=0.0
 Retrying in 1 seconds
[shaping_diag] success_cum_shaping=313.35 T=120 d_init=104.5 d_final=0.0
 Retrying in 1 seconds
[shaping_diag] success_cum_shaping=313.35 T=121 d_init=104.5 d_final=0.0
 Retrying in 1 seconds
[shaping_diag] success_cum_shaping=313.35 T=116 d_init=104.5 d_final=0.0
 Retrying in 1 seconds
[shaping_diag] success_cum_shaping=313.35 T=123 d_init=104.5 d_final=0.0
 Retrying in 1 seconds
[shaping_diag] success_cum_shaping=313.35 T=116 d_init=104.5 d_final=0.0
 Retrying in 1 seconds
[shaping_diag] success_cum_shaping=313.35 T=119 d_init=104.5 d_final=0.0
 Retrying in 1 seconds
[shaping_diag] success_cum_shaping=313.35 T=120 d_init=104.5 d_final=0.0
 Retrying in 1 seconds
[shaping_diag] success_cum_shaping=313.35 T=117 d_init=104.5 d_final=0.0
 Retrying in 1 seconds
[shaping_diag] success_cum_shaping=313.35 T=117 d_init=104.5 d_final=0.0
 Retrying in 1 seconds
[shaping_diag] success_cum_shaping=313.35 T=122 d_init=104.5 d_final=0.0
 Retrying in 1 seconds
[shaping_diag] success_cum_shaping=313.35 T=121 d_init=104.5 d_final=0.0
 Retrying in 1 seconds
[shaping_diag] success_cum_shaping=313.35 T=115 d_init=104.5 d_final=0.0
 Retrying in 1 seconds
[shaping_diag] success_cum_shaping=313.35 T=115 d_init=104.5 d_final=0.0
 Retrying in 1 seconds
 Retrying in 1 seconds
[shaping_diag] success_cum_shaping=313.35 T=129 d_init=104.5 d_final=0.0
 Retrying in 1 seconds
[shaping_diag] success_cum_shaping=313.35 T=121 d_init=104.5 d_final=0.0
Warning: Vehicle 'other'; junction collision with vehicle 'ego', lane=':center_8_0', gap=-1.00, time=7.30 stage=move.
 Retrying in 1 seconds
 Retrying in 1 seconds
[shaping_diag] success_cum_shaping=313.35 T=116 d_init=104.5 d_final=0.0
 Retrying in 1 seconds
[shaping_diag] success_cum_shaping=313.35 T=115 d_init=104.5 d_final=0.0
 Retrying in 1 seconds
[shaping_diag] success_cum_shaping=313.35 T=117 d_init=104.5 d_final=0.0
 Retrying in 1 seconds
[shaping_diag] success_cum_shaping=313.35 T=120 d_init=104.5 d_final=0.0
 Retrying in 1 seconds
[shaping_diag] success_cum_shaping=313.35 T=115 d_init=104.5 d_final=0.0
 Retrying in 1 seconds
[shaping_diag] success_cum_shaping=313.35 T=130 d_init=104.5 d_final=0.0
 Retrying in 1 seconds
[shaping_diag] success_cum_shaping=313.35 T=120 d_init=104.5 d_final=0.0
 Retrying in 1 seconds
[shaping_diag] success_cum_shaping=313.35 T=121 d_init=104.5 d_final=0.0
Warning: Vehicle 'other2' performs emergency braking on lane 'left_in_0' with decel=9.00, wished=6.00, severity=1.00, time=7.80.
 Retrying in 1 seconds
[shaping_diag] success_cum_shaping=313.35 T=124 d_init=104.5 d_final=0.0
 Retrying in 1 seconds
 Retrying in 1 seconds
[shaping_diag] success_cum_shaping=313.35 T=119 d_init=104.5 d_final=0.0
 Retrying in 1 seconds
[shaping_diag] success_cum_shaping=313.35 T=112 d_init=104.5 d_final=0.0
 Retrying in 1 seconds
[shaping_diag] success_cum_shaping=313.35 T=120 d_init=104.5 d_final=0.0
 Retrying in 1 seconds
[shaping_diag] success_cum_shaping=313.35 T=120 d_init=104.5 d_final=0.0
 Retrying in 1 seconds
[shaping_diag] success_cum_shaping=313.35 T=118 d_init=104.5 d_final=0.0
 Retrying in 1 seconds
[shaping_diag] success_cum_shaping=313.35 T=121 d_init=104.5 d_final=0.0
 Retrying in 1 seconds
[shaping_diag] success_cum_shaping=313.35 T=119 d_init=104.5 d_final=0.0
 Retrying in 1 seconds
 Retrying in 1 seconds
[shaping_diag] success_cum_shaping=313.35 T=117 d_init=104.5 d_final=0.0
 Retrying in 1 seconds
[shaping_diag] success_cum_shaping=313.35 T=115 d_init=104.5 d_final=0.0
 Retrying in 1 seconds
[shaping_diag] success_cum_shaping=313.35 T=120 d_init=104.5 d_final=0.0
 Retrying in 1 seconds
 Retrying in 1 seconds
[shaping_diag] success_cum_shaping=313.35 T=120 d_init=104.5 d_final=0.0
 Retrying in 1 seconds
[shaping_diag] success_cum_shaping=313.35 T=112 d_init=104.5 d_final=0.0
 Retrying in 1 seconds
[shaping_diag] success_cum_shaping=313.35 T=124 d_init=104.5 d_final=0.0
 Retrying in 1 seconds
[shaping_diag] success_cum_shaping=313.35 T=119 d_init=104.5 d_final=0.0
 Retrying in 1 seconds
[shaping_diag] success_cum_shaping=313.35 T=116 d_init=104.5 d_final=0.0
 Retrying in 1 seconds
[shaping_diag] success_cum_shaping=313.35 T=114 d_init=104.5 d_final=0.0
Warning: Vehicle 'other' performs emergency braking on lane 'left_in_0' with decel=9.00, wished=4.00, severity=1.00, time=7.20.
 Retrying in 1 seconds
[shaping_diag] success_cum_shaping=313.35 T=119 d_init=104.5 d_final=0.0
 Retrying in 1 seconds
[shaping_diag] success_cum_shaping=313.35 T=111 d_init=104.5 d_final=0.0
 Retrying in 1 seconds
 Retrying in 1 seconds
[shaping_diag] success_cum_shaping=313.35 T=117 d_init=104.5 d_final=0.0
 Retrying in 1 seconds
[shaping_diag] success_cum_shaping=313.35 T=117 d_init=104.5 d_final=0.0
 Retrying in 1 seconds
[shaping_diag] success_cum_shaping=313.35 T=115 d_init=104.5 d_final=0.0
 Retrying in 1 seconds
[shaping_diag] success_cum_shaping=313.35 T=125 d_init=104.5 d_final=0.0
 Retrying in 1 seconds
[shaping_diag] success_cum_shaping=313.35 T=116 d_init=104.5 d_final=0.0
 Retrying in 1 seconds
[shaping_diag] success_cum_shaping=313.35 T=121 d_init=104.5 d_final=0.0
 Retrying in 1 seconds
[shaping_diag] success_cum_shaping=313.35 T=119 d_init=104.5 d_final=0.0
 Retrying in 1 seconds
[shaping_diag] success_cum_shaping=313.35 T=115 d_init=104.5 d_final=0.0
 Retrying in 1 seconds
[shaping_diag] success_cum_shaping=313.35 T=116 d_init=104.5 d_final=0.0
 Retrying in 1 seconds
[shaping_diag] success_cum_shaping=313.35 T=121 d_init=104.5 d_final=0.0
 Retrying in 1 seconds
[shaping_diag] success_cum_shaping=313.35 T=116 d_init=104.5 d_final=0.0
 Retrying in 1 seconds
[shaping_diag] success_cum_shaping=313.35 T=121 d_init=104.5 d_final=0.0
 Retrying in 1 seconds
[shaping_diag] success_cum_shaping=313.35 T=112 d_init=104.5 d_final=0.0
 Retrying in 1 seconds
[shaping_diag] success_cum_shaping=313.35 T=119 d_init=104.5 d_final=0.0
 Retrying in 1 seconds
 Retrying in 1 seconds
[shaping_diag] success_cum_shaping=313.35 T=117 d_init=104.5 d_final=0.0
 Retrying in 1 seconds
[shaping_diag] success_cum_shaping=313.35 T=115 d_init=104.5 d_final=0.0
 Retrying in 1 seconds
[shaping_diag] success_cum_shaping=313.35 T=115 d_init=104.5 d_final=0.0
 Retrying in 1 seconds
[shaping_diag] success_cum_shaping=313.35 T=119 d_init=104.5 d_final=0.0
 Retrying in 1 seconds
 Retrying in 1 seconds
[shaping_diag] success_cum_shaping=313.35 T=124 d_init=104.5 d_final=0.0
 Retrying in 1 seconds
[shaping_diag] success_cum_shaping=313.35 T=114 d_init=104.5 d_final=0.0
Warning: Vehicle 'other'; junction collision with vehicle 'ego', lane=':center_8_0', gap=-1.00, time=7.30 stage=move.
 Retrying in 1 seconds
 Retrying in 1 seconds
[shaping_diag] success_cum_shaping=313.35 T=118 d_init=104.5 d_final=0.0
 Retrying in 1 seconds
[shaping_diag] success_cum_shaping=313.35 T=123 d_init=104.5 d_final=0.0
Warning: Vehicle 'other'; junction collision with vehicle 'ego', lane=':center_8_0', gap=-1.00, time=7.20 stage=move.
Warning: Vehicle 'other'; junction collision with vehicle 'ego', lane=':center_8_0', gap=-1.00, time=7.40 stage=move.
 Retrying in 1 seconds
 Retrying in 1 seconds
 Retrying in 1 seconds
[shaping_diag] success_cum_shaping=313.35 T=113 d_init=104.5 d_final=0.0
Warning: Vehicle 'ego'; junction collision with vehicle 'other', lane=':center_11_0', gap=-1.00, time=7.40 stage=move.
 Retrying in 1 seconds
 Retrying in 1 seconds
[shaping_diag] success_cum_shaping=313.35 T=116 d_init=104.5 d_final=0.0
 Retrying in 1 seconds
[shaping_diag] success_cum_shaping=313.35 T=114 d_init=104.5 d_final=0.0
 Retrying in 1 seconds
[shaping_diag] success_cum_shaping=313.35 T=113 d_init=104.5 d_final=0.0
 Retrying in 1 seconds
[shaping_diag] success_cum_shaping=313.35 T=114 d_init=104.5 d_final=0.0
 Retrying in 1 seconds
[shaping_diag] success_cum_shaping=313.35 T=127 d_init=104.5 d_final=0.0
 Retrying in 1 seconds
[shaping_diag] success_cum_shaping=313.35 T=113 d_init=104.5 d_final=0.0
 Retrying in 1 seconds
[shaping_diag] success_cum_shaping=313.35 T=117 d_init=104.5 d_final=0.0
Warning: Vehicle 'ego'; junction collision with vehicle 'other', lane=':center_11_0', gap=-1.00, time=7.40 stage=move.
Warning: Vehicle 'other' performs emergency braking on lane 'left_in_0' with decel=9.00, wished=4.00, severity=1.00, time=7.10.
 Retrying in 1 seconds
 Retrying in 1 seconds
[shaping_diag] success_cum_shaping=313.35 T=122 d_init=104.5 d_final=0.0
 Retrying in 1 seconds
[shaping_diag] success_cum_shaping=313.35 T=122 d_init=104.5 d_final=0.0
 Retrying in 1 seconds
[shaping_diag] success_cum_shaping=313.35 T=118 d_init=104.5 d_final=0.0
 Retrying in 1 seconds
[shaping_diag] success_cum_shaping=313.35 T=123 d_init=104.5 d_final=0.0
 Retrying in 1 seconds
[shaping_diag] success_cum_shaping=313.35 T=121 d_init=104.5 d_final=0.0
 Retrying in 1 seconds
[shaping_diag] success_cum_shaping=313.35 T=117 d_init=104.5 d_final=0.0
 Retrying in 1 seconds
[shaping_diag] success_cum_shaping=313.35 T=116 d_init=104.5 d_final=0.0
 Retrying in 1 seconds
[shaping_diag] success_cum_shaping=313.35 T=116 d_init=104.5 d_final=0.0
 Retrying in 1 seconds
[shaping_diag] success_cum_shaping=313.35 T=115 d_init=104.5 d_final=0.0
 Retrying in 1 seconds
[shaping_diag] success_cum_shaping=313.35 T=119 d_init=104.5 d_final=0.0
 Retrying in 1 seconds
[shaping_diag] success_cum_shaping=313.35 T=123 d_init=104.5 d_final=0.0
 Retrying in 1 seconds
[shaping_diag] success_cum_shaping=313.35 T=123 d_init=104.5 d_final=0.0
 Retrying in 1 seconds
[shaping_diag] success_cum_shaping=313.35 T=115 d_init=104.5 d_final=0.0
 Retrying in 1 seconds
[shaping_diag] success_cum_shaping=313.35 T=118 d_init=104.5 d_final=0.0
 Retrying in 1 seconds
 Retrying in 1 seconds
[shaping_diag] success_cum_shaping=313.35 T=118 d_init=104.5 d_final=0.0
 Retrying in 1 seconds
[shaping_diag] success_cum_shaping=313.35 T=116 d_init=104.5 d_final=0.0
 Retrying in 1 seconds
[shaping_diag] success_cum_shaping=313.35 T=115 d_init=104.5 d_final=0.0
 Retrying in 1 seconds
[shaping_diag] success_cum_shaping=313.35 T=117 d_init=104.5 d_final=0.0
Warning: Vehicle 'other2' performs emergency braking on lane 'left_in_0' with decel=9.00, wished=5.00, severity=1.00, time=7.20.
 Retrying in 1 seconds
[shaping_diag] success_cum_shaping=313.35 T=120 d_init=104.5 d_final=0.0
 Retrying in 1 seconds
[shaping_diag] success_cum_shaping=313.35 T=122 d_init=104.5 d_final=0.0
 Retrying in 1 seconds
[shaping_diag] success_cum_shaping=313.35 T=115 d_init=104.5 d_final=0.0
 Retrying in 1 seconds
[shaping_diag] success_cum_shaping=313.35 T=116 d_init=104.5 d_final=0.0
 Retrying in 1 seconds
[shaping_diag] success_cum_shaping=313.35 T=116 d_init=104.5 d_final=0.0
 Retrying in 1 seconds
[shaping_diag] success_cum_shaping=313.35 T=118 d_init=104.5 d_final=0.0
 Retrying in 1 seconds
[shaping_diag] success_cum_shaping=313.35 T=113 d_init=104.5 d_final=0.0
 Retrying in 1 seconds
[shaping_diag] success_cum_shaping=313.35 T=123 d_init=104.5 d_final=0.0
 Retrying in 1 seconds
[shaping_diag] success_cum_shaping=313.35 T=124 d_init=104.5 d_final=0.0
 Retrying in 1 seconds
[shaping_diag] success_cum_shaping=313.35 T=115 d_init=104.5 d_final=0.0
 Retrying in 1 seconds
[shaping_diag] success_cum_shaping=313.35 T=115 d_init=104.5 d_final=0.0
 Retrying in 1 seconds
[shaping_diag] success_cum_shaping=313.35 T=119 d_init=104.5 d_final=0.0
 Retrying in 1 seconds
[shaping_diag] success_cum_shaping=313.35 T=125 d_init=104.5 d_final=0.0
 Retrying in 1 seconds
[shaping_diag] success_cum_shaping=313.35 T=119 d_init=104.5 d_final=0.0
 Retrying in 1 seconds
[shaping_diag] success_cum_shaping=313.35 T=122 d_init=104.5 d_final=0.0
 Retrying in 1 seconds
[shaping_diag] success_cum_shaping=313.35 T=117 d_init=104.5 d_final=0.0
 Retrying in 1 seconds
[shaping_diag] success_cum_shaping=313.35 T=114 d_init=104.5 d_final=0.0
 Retrying in 1 seconds
[shaping_diag] success_cum_shaping=313.35 T=116 d_init=104.5 d_final=0.0
 Retrying in 1 seconds
[shaping_diag] success_cum_shaping=313.35 T=114 d_init=104.5 d_final=0.0
 Retrying in 1 seconds
[shaping_diag] success_cum_shaping=313.35 T=113 d_init=104.5 d_final=0.0
 Retrying in 1 seconds
 Retrying in 1 seconds
 Retrying in 1 seconds
[shaping_diag] success_cum_shaping=313.35 T=115 d_init=104.5 d_final=0.0
 Retrying in 1 seconds
[shaping_diag] success_cum_shaping=313.35 T=123 d_init=104.5 d_final=0.0
 Retrying in 1 seconds
[shaping_diag] success_cum_shaping=313.35 T=125 d_init=104.5 d_final=0.0
 Retrying in 1 seconds
[shaping_diag] success_cum_shaping=313.35 T=116 d_init=104.5 d_final=0.0
 Retrying in 1 seconds
[shaping_diag] success_cum_shaping=313.35 T=123 d_init=104.5 d_final=0.0
Warning: Vehicle 'other'; junction collision with vehicle 'ego', lane=':center_8_0', gap=-1.00, time=7.70 stage=move.
 Retrying in 1 seconds
 Retrying in 1 seconds
[shaping_diag] success_cum_shaping=313.35 T=120 d_init=104.5 d_final=0.0
 Retrying in 1 seconds
[shaping_diag] success_cum_shaping=313.35 T=117 d_init=104.5 d_final=0.0
 Retrying in 1 seconds
[shaping_diag] success_cum_shaping=313.35 T=116 d_init=104.5 d_final=0.0
 Retrying in 1 seconds
 Retrying in 1 seconds
[shaping_diag] success_cum_shaping=313.35 T=117 d_init=104.5 d_final=0.0
Warning: Vehicle 'other'; junction collision with vehicle 'ego', lane=':center_8_0', gap=-1.00, time=7.80 stage=move.
 Retrying in 1 seconds
 Retrying in 1 seconds
 Retrying in 1 seconds
[shaping_diag] success_cum_shaping=313.35 T=121 d_init=104.5 d_final=0.0
 Retrying in 1 seconds
[shaping_diag] success_cum_shaping=313.35 T=115 d_init=104.5 d_final=0.0
 Retrying in 1 seconds
[shaping_diag] success_cum_shaping=313.35 T=113 d_init=104.5 d_final=0.0
Warning: Vehicle 'ego'; junction collision with vehicle 'other', lane=':center_11_0', gap=-1.00, time=7.70 stage=move.
 Retrying in 1 seconds
 Retrying in 1 seconds
[shaping_diag] success_cum_shaping=313.35 T=117 d_init=104.5 d_final=0.0
 Retrying in 1 seconds
[shaping_diag] success_cum_shaping=313.35 T=114 d_init=104.5 d_final=0.0
 Retrying in 1 seconds
[shaping_diag] success_cum_shaping=313.35 T=114 d_init=104.5 d_final=0.0
Warning: Vehicle 'ego'; junction collision with vehicle 'other', lane=':center_11_0', gap=-1.00, time=7.70 stage=move.
 Retrying in 1 seconds
 Retrying in 1 seconds
 Retrying in 1 seconds
[shaping_diag] success_cum_shaping=313.35 T=122 d_init=104.5 d_final=0.0
 Retrying in 1 seconds
[shaping_diag] success_cum_shaping=313.35 T=117 d_init=104.5 d_final=0.0
 Retrying in 1 seconds
[shaping_diag] success_cum_shaping=313.35 T=116 d_init=104.5 d_final=0.0
 Retrying in 1 seconds
[shaping_diag] success_cum_shaping=313.35 T=116 d_init=104.5 d_final=0.0
 Retrying in 1 seconds
[shaping_diag] success_cum_shaping=313.35 T=111 d_init=104.5 d_final=0.0
 Retrying in 1 seconds
[shaping_diag] success_cum_shaping=313.35 T=115 d_init=104.5 d_final=0.0
 Retrying in 1 seconds
[shaping_diag] success_cum_shaping=313.35 T=115 d_init=104.5 d_final=0.0
 Retrying in 1 seconds
[shaping_diag] success_cum_shaping=313.35 T=117 d_init=104.5 d_final=0.0
 Retrying in 1 seconds
[shaping_diag] success_cum_shaping=313.35 T=116 d_init=104.5 d_final=0.0
 Retrying in 1 seconds
[shaping_diag] success_cum_shaping=313.35 T=119 d_init=104.5 d_final=0.0
 Retrying in 1 seconds
[shaping_diag] success_cum_shaping=313.35 T=121 d_init=104.5 d_final=0.0
Warning: Vehicle 'other' performs emergency braking on lane 'left_in_0' with decel=9.00, wished=4.00, severity=1.00, time=7.40.
 Retrying in 1 seconds
[shaping_diag] success_cum_shaping=313.35 T=124 d_init=104.5 d_final=0.0
 Retrying in 1 seconds
[shaping_diag] success_cum_shaping=313.35 T=119 d_init=104.5 d_final=0.0
 Retrying in 1 seconds
[shaping_diag] success_cum_shaping=313.35 T=122 d_init=104.5 d_final=0.0
 Retrying in 1 seconds
[shaping_diag] success_cum_shaping=313.35 T=118 d_init=104.5 d_final=0.0
 Retrying in 1 seconds
[shaping_diag] success_cum_shaping=313.35 T=117 d_init=104.5 d_final=0.0
 Retrying in 1 seconds
[shaping_diag] success_cum_shaping=313.35 T=119 d_init=104.5 d_final=0.0
 Retrying in 1 seconds
[shaping_diag] success_cum_shaping=313.35 T=112 d_init=104.5 d_final=0.0
 Retrying in 1 seconds
[shaping_diag] success_cum_shaping=313.35 T=124 d_init=104.5 d_final=0.0
 Retrying in 1 seconds
[shaping_diag] success_cum_shaping=313.35 T=121 d_init=104.5 d_final=0.0
 Retrying in 1 seconds
[shaping_diag] success_cum_shaping=313.35 T=118 d_init=104.5 d_final=0.0
 Retrying in 1 seconds
[shaping_diag] success_cum_shaping=313.35 T=116 d_init=104.5 d_final=0.0
 Retrying in 1 seconds
[shaping_diag] success_cum_shaping=313.35 T=119 d_init=104.5 d_final=0.0
 Retrying in 1 seconds
[shaping_diag] success_cum_shaping=313.35 T=120 d_init=104.5 d_final=0.0
 Retrying in 1 seconds
 Retrying in 1 seconds
[shaping_diag] success_cum_shaping=313.35 T=118 d_init=104.5 d_final=0.0
 Retrying in 1 seconds
[shaping_diag] success_cum_shaping=313.35 T=115 d_init=104.5 d_final=0.0
 Retrying in 1 seconds
 Retrying in 1 seconds
[shaping_diag] success_cum_shaping=313.35 T=117 d_init=104.5 d_final=0.0
 Retrying in 1 seconds
[shaping_diag] success_cum_shaping=313.35 T=115 d_init=104.5 d_final=0.0
Warning: Vehicle 'ego'; junction collision with vehicle 'other', lane=':center_11_0', gap=-1.00, time=7.70 stage=move.
 Retrying in 1 seconds
 Retrying in 1 seconds
[shaping_diag] success_cum_shaping=313.35 T=117 d_init=104.5 d_final=0.0
 Retrying in 1 seconds
[shaping_diag] success_cum_shaping=313.35 T=112 d_init=104.5 d_final=0.0
 Retrying in 1 seconds
[shaping_diag] success_cum_shaping=313.35 T=121 d_init=104.5 d_final=0.0
 Retrying in 1 seconds
[shaping_diag] success_cum_shaping=313.35 T=117 d_init=104.5 d_final=0.0
 Retrying in 1 seconds
[shaping_diag] success_cum_shaping=313.35 T=120 d_init=104.5 d_final=0.0
 Retrying in 1 seconds
[shaping_diag] success_cum_shaping=313.35 T=115 d_init=104.5 d_final=0.0
Warning: Vehicle 'ego'; junction collision with vehicle 'other', lane=':center_2_0', gap=-1.69, time=6.00 stage=move.
 Retrying in 1 seconds
 Retrying in 1 seconds
[shaping_diag] success_cum_shaping=313.35 T=118 d_init=104.5 d_final=0.0
 Retrying in 1 seconds
[shaping_diag] success_cum_shaping=313.35 T=120 d_init=104.5 d_final=0.0
 Retrying in 1 seconds
[shaping_diag] success_cum_shaping=313.35 T=120 d_init=104.5 d_final=0.0
 Retrying in 1 seconds
[shaping_diag] success_cum_shaping=313.35 T=111 d_init=104.5 d_final=0.0
 Retrying in 1 seconds
[shaping_diag] success_cum_shaping=313.35 T=118 d_init=104.5 d_final=0.0
 Retrying in 1 seconds
[shaping_diag] success_cum_shaping=313.35 T=115 d_init=104.5 d_final=0.0
Warning: Vehicle 'ego'; collision with vehicle 'other', lane='right_in_1', gap=-0.06, time=4.00 stage=move.
 Retrying in 1 seconds
 Retrying in 1 seconds
[shaping_diag] success_cum_shaping=313.35 T=123 d_init=104.5 d_final=0.0
 Retrying in 1 seconds
[shaping_diag] success_cum_shaping=313.35 T=113 d_init=104.5 d_final=0.0
 Retrying in 1 seconds
[shaping_diag] success_cum_shaping=313.35 T=115 d_init=104.5 d_final=0.0
 Retrying in 1 seconds
[shaping_diag] success_cum_shaping=313.35 T=114 d_init=104.5 d_final=0.0
 Retrying in 1 seconds
[shaping_diag] success_cum_shaping=313.35 T=113 d_init=104.5 d_final=0.0
 Retrying in 1 seconds
[shaping_diag] success_cum_shaping=313.35 T=113 d_init=104.5 d_final=0.0
 Retrying in 1 seconds
[shaping_diag] success_cum_shaping=313.35 T=117 d_init=104.5 d_final=0.0
 Retrying in 1 seconds
 Retrying in 1 seconds
[shaping_diag] success_cum_shaping=313.35 T=121 d_init=104.5 d_final=0.0
 Retrying in 1 seconds
[shaping_diag] success_cum_shaping=313.35 T=117 d_init=104.5 d_final=0.0
 Retrying in 1 seconds
[shaping_diag] success_cum_shaping=313.35 T=115 d_init=104.5 d_final=0.0
 Retrying in 1 seconds
[shaping_diag] success_cum_shaping=313.35 T=115 d_init=104.5 d_final=0.0
 Retrying in 1 seconds
[shaping_diag] success_cum_shaping=313.35 T=123 d_init=104.5 d_final=0.0
 Retrying in 1 seconds
[shaping_diag] success_cum_shaping=313.35 T=119 d_init=104.5 d_final=0.0
 Retrying in 1 seconds
[shaping_diag] success_cum_shaping=313.35 T=114 d_init=104.5 d_final=0.0
 Retrying in 1 seconds
[shaping_diag] success_cum_shaping=313.35 T=120 d_init=104.5 d_final=0.0
 Retrying in 1 seconds
[shaping_diag] success_cum_shaping=313.35 T=117 d_init=104.5 d_final=0.0
 Retrying in 1 seconds
 Retrying in 1 seconds
[shaping_diag] success_cum_shaping=313.35 T=115 d_init=104.5 d_final=0.0
 Retrying in 1 seconds
[shaping_diag] success_cum_shaping=313.35 T=118 d_init=104.5 d_final=0.0
 Retrying in 1 seconds
[shaping_diag] success_cum_shaping=313.35 T=119 d_init=104.5 d_final=0.0
 Retrying in 1 seconds
[shaping_diag] success_cum_shaping=313.35 T=117 d_init=104.5 d_final=0.0
 Retrying in 1 seconds
[shaping_diag] success_cum_shaping=313.35 T=117 d_init=104.5 d_final=0.0
 Retrying in 1 seconds
[shaping_diag] success_cum_shaping=313.35 T=116 d_init=104.5 d_final=0.0
 Retrying in 1 seconds
[shaping_diag] success_cum_shaping=313.35 T=119 d_init=104.5 d_final=0.0
 Retrying in 1 seconds
[shaping_diag] success_cum_shaping=313.35 T=114 d_init=104.5 d_final=0.0
 Retrying in 1 seconds
[shaping_diag] success_cum_shaping=313.35 T=116 d_init=104.5 d_final=0.0
 Retrying in 1 seconds
[shaping_diag] success_cum_shaping=313.35 T=114 d_init=104.5 d_final=0.0
 Retrying in 1 seconds
[shaping_diag] success_cum_shaping=313.35 T=116 d_init=104.5 d_final=0.0
 Retrying in 1 seconds
[shaping_diag] success_cum_shaping=313.35 T=113 d_init=104.5 d_final=0.0
 Retrying in 1 seconds
[shaping_diag] success_cum_shaping=313.35 T=113 d_init=104.5 d_final=0.0
 Retrying in 1 seconds
[shaping_diag] success_cum_shaping=313.35 T=118 d_init=104.5 d_final=0.0
Warning: Vehicle 'other' performs emergency braking on lane ':center_8_0' with decel=9.00, wished=4.00, severity=1.00, time=7.40.
 Retrying in 1 seconds
[shaping_diag] success_cum_shaping=313.35 T=121 d_init=104.5 d_final=0.0
 Retrying in 1 seconds
[shaping_diag] success_cum_shaping=313.35 T=116 d_init=104.5 d_final=0.0
 Retrying in 1 seconds
[shaping_diag] success_cum_shaping=313.35 T=113 d_init=104.5 d_final=0.0
 Retrying in 1 seconds
[shaping_diag] success_cum_shaping=313.35 T=120 d_init=104.5 d_final=0.0
 Retrying in 1 seconds
[shaping_diag] success_cum_shaping=313.35 T=115 d_init=104.5 d_final=0.0
 Retrying in 1 seconds
[shaping_diag] success_cum_shaping=313.35 T=116 d_init=104.5 d_final=0.0
 Retrying in 1 seconds
[shaping_diag] success_cum_shaping=313.35 T=116 d_init=104.5 d_final=0.0
 Retrying in 1 seconds
[shaping_diag] success_cum_shaping=313.35 T=116 d_init=104.5 d_final=0.0
 Retrying in 1 seconds
[shaping_diag] success_cum_shaping=313.35 T=118 d_init=104.5 d_final=0.0
Warning: Vehicle 'other'; junction collision with vehicle 'ego', lane=':center_8_0', gap=-1.00, time=7.40 stage=move.
 Retrying in 1 seconds
 Retrying in 1 seconds
[shaping_diag] success_cum_shaping=313.35 T=114 d_init=104.5 d_final=0.0
 Retrying in 1 seconds
[shaping_diag] success_cum_shaping=313.35 T=113 d_init=104.5 d_final=0.0
 Retrying in 1 seconds
[shaping_diag] success_cum_shaping=313.35 T=116 d_init=104.5 d_final=0.0
Warning: Vehicle 'other' performs emergency braking on lane 'left_in_0' with decel=9.00, wished=5.00, severity=1.00, time=6.70.
 Retrying in 1 seconds
[shaping_diag] success_cum_shaping=313.35 T=115 d_init=104.5 d_final=0.0
 Retrying in 1 seconds
[shaping_diag] success_cum_shaping=313.35 T=116 d_init=104.5 d_final=0.0
 Retrying in 1 seconds
[shaping_diag] success_cum_shaping=313.35 T=123 d_init=104.5 d_final=0.0
 Retrying in 1 seconds
[shaping_diag] success_cum_shaping=313.35 T=115 d_init=104.5 d_final=0.0
 Retrying in 1 seconds
[shaping_diag] success_cum_shaping=313.35 T=116 d_init=104.5 d_final=0.0
 Retrying in 1 seconds
[shaping_diag] success_cum_shaping=313.35 T=119 d_init=104.5 d_final=0.0
 Retrying in 1 seconds
[shaping_diag] success_cum_shaping=313.35 T=111 d_init=104.5 d_final=0.0
 Retrying in 1 seconds
[shaping_diag] success_cum_shaping=313.35 T=116 d_init=104.5 d_final=0.0
 Retrying in 1 seconds
 Retrying in 1 seconds
[shaping_diag] success_cum_shaping=313.35 T=117 d_init=104.5 d_final=0.0
 Retrying in 1 seconds
[shaping_diag] success_cum_shaping=313.35 T=117 d_init=104.5 d_final=0.0
 Retrying in 1 seconds
 Retrying in 1 seconds
[shaping_diag] success_cum_shaping=313.35 T=113 d_init=104.5 d_final=0.0
 Retrying in 1 seconds
[shaping_diag] success_cum_shaping=313.35 T=119 d_init=104.5 d_final=0.0
 Retrying in 1 seconds
[shaping_diag] success_cum_shaping=313.35 T=117 d_init=104.5 d_final=0.0
 Retrying in 1 seconds
[shaping_diag] success_cum_shaping=313.35 T=117 d_init=104.5 d_final=0.0
 Retrying in 1 seconds
[shaping_diag] success_cum_shaping=313.35 T=123 d_init=104.5 d_final=0.0
 Retrying in 1 seconds
[shaping_diag] success_cum_shaping=313.35 T=120 d_init=104.5 d_final=0.0
 Retrying in 1 seconds
[shaping_diag] success_cum_shaping=313.35 T=117 d_init=104.5 d_final=0.0
 Retrying in 1 seconds
[shaping_diag] success_cum_shaping=313.35 T=114 d_init=104.5 d_final=0.0
 Retrying in 1 seconds
[shaping_diag] success_cum_shaping=313.35 T=121 d_init=104.5 d_final=0.0
 Retrying in 1 seconds
[shaping_diag] success_cum_shaping=313.35 T=112 d_init=104.5 d_final=0.0
 Retrying in 1 seconds
[shaping_diag] success_cum_shaping=313.35 T=121 d_init=104.5 d_final=0.0
 Retrying in 1 seconds
[shaping_diag] success_cum_shaping=313.35 T=115 d_init=104.5 d_final=0.0
 Retrying in 1 seconds
[shaping_diag] success_cum_shaping=313.35 T=116 d_init=104.5 d_final=0.0
 Retrying in 1 seconds
[shaping_diag] success_cum_shaping=313.35 T=114 d_init=104.5 d_final=0.0
 Retrying in 1 seconds
[shaping_diag] success_cum_shaping=313.35 T=120 d_init=104.5 d_final=0.0
 Retrying in 1 seconds
[shaping_diag] success_cum_shaping=313.35 T=118 d_init=104.5 d_final=0.0
 Retrying in 1 seconds
[shaping_diag] success_cum_shaping=313.35 T=117 d_init=104.5 d_final=0.0
 Retrying in 1 seconds
[shaping_diag] success_cum_shaping=313.35 T=114 d_init=104.5 d_final=0.0
 Retrying in 1 seconds
[shaping_diag] success_cum_shaping=313.35 T=123 d_init=104.5 d_final=0.0
 Retrying in 1 seconds
[shaping_diag] success_cum_shaping=313.35 T=118 d_init=104.5 d_final=0.0
 Retrying in 1 seconds
[shaping_diag] success_cum_shaping=313.35 T=121 d_init=104.5 d_final=0.0
 Retrying in 1 seconds
[shaping_diag] success_cum_shaping=313.35 T=115 d_init=104.5 d_final=0.0
 Retrying in 1 seconds
[shaping_diag] success_cum_shaping=313.35 T=112 d_init=104.5 d_final=0.0
 Retrying in 1 seconds
[shaping_diag] success_cum_shaping=313.35 T=113 d_init=104.5 d_final=0.0
 Retrying in 1 seconds
[shaping_diag] success_cum_shaping=313.35 T=113 d_init=104.5 d_final=0.0
 Retrying in 1 seconds
[shaping_diag] success_cum_shaping=313.35 T=120 d_init=104.5 d_final=0.0
 Retrying in 1 seconds
[shaping_diag] success_cum_shaping=313.35 T=111 d_init=104.5 d_final=0.0
 Retrying in 1 seconds
[shaping_diag] success_cum_shaping=313.35 T=113 d_init=104.5 d_final=0.0
 Retrying in 1 seconds
[shaping_diag] success_cum_shaping=313.35 T=122 d_init=104.5 d_final=0.0
 Retrying in 1 seconds
[shaping_diag] success_cum_shaping=313.35 T=113 d_init=104.5 d_final=0.0
 Retrying in 1 seconds
 Retrying in 1 seconds
[shaping_diag] success_cum_shaping=313.35 T=111 d_init=104.5 d_final=0.0
 Retrying in 1 seconds
 Retrying in 1 seconds
[shaping_diag] success_cum_shaping=313.35 T=110 d_init=104.5 d_final=0.0
 Retrying in 1 seconds
[shaping_diag] success_cum_shaping=313.35 T=110 d_init=104.5 d_final=0.0
 Retrying in 1 seconds
[shaping_diag] success_cum_shaping=313.35 T=110 d_init=104.5 d_final=0.0
 Retrying in 1 seconds
[shaping_diag] success_cum_shaping=313.35 T=110 d_init=104.5 d_final=0.0
Warning: Vehicle 'other'; junction collision with vehicle 'ego', lane=':center_8_0', gap=-1.00, time=6.90 stage=move.
 Retrying in 1 seconds
 Retrying in 1 seconds
[shaping_diag] success_cum_shaping=313.35 T=110 d_init=104.5 d_final=0.0
 Retrying in 1 seconds
[shaping_diag] success_cum_shaping=313.35 T=110 d_init=104.5 d_final=0.0
 Retrying in 1 seconds
[shaping_diag] success_cum_shaping=313.35 T=110 d_init=104.5 d_final=0.0
 Retrying in 1 seconds
[shaping_diag] success_cum_shaping=313.35 T=110 d_init=104.5 d_final=0.0
 Retrying in 1 seconds
[cbf_aux] step=126976 ret=263.35 coll=2 ttc=5.78 cbf_res=0.0000
 Retrying in 1 seconds
[shaping_diag] success_cum_shaping=313.35 T=116 d_init=104.5 d_final=0.0
 Retrying in 1 seconds
[shaping_diag] success_cum_shaping=313.35 T=113 d_init=104.5 d_final=0.0
 Retrying in 1 seconds
 Retrying in 1 seconds
[shaping_diag] success_cum_shaping=313.35 T=111 d_init=104.5 d_final=0.0
 Retrying in 1 seconds
[shaping_diag] success_cum_shaping=313.35 T=114 d_init=104.5 d_final=0.0
 Retrying in 1 seconds
[shaping_diag] success_cum_shaping=313.35 T=113 d_init=104.5 d_final=0.0
 Retrying in 1 seconds
[shaping_diag] success_cum_shaping=313.35 T=115 d_init=104.5 d_final=0.0
 Retrying in 1 seconds
[shaping_diag] success_cum_shaping=313.35 T=113 d_init=104.5 d_final=0.0
Warning: Vehicle 'ego'; junction collision with vehicle 'other', lane=':center_11_0', gap=-1.00, time=7.40 stage=move.
 Retrying in 1 seconds
 Retrying in 1 seconds
[shaping_diag] success_cum_shaping=313.35 T=113 d_init=104.5 d_final=0.0
 Retrying in 1 seconds
[shaping_diag] success_cum_shaping=313.35 T=120 d_init=104.5 d_final=0.0
 Retrying in 1 seconds
[shaping_diag] success_cum_shaping=313.35 T=114 d_init=104.5 d_final=0.0
 Retrying in 1 seconds
[shaping_diag] success_cum_shaping=313.35 T=113 d_init=104.5 d_final=0.0
 Retrying in 1 seconds
[shaping_diag] success_cum_shaping=313.35 T=113 d_init=104.5 d_final=0.0
 Retrying in 1 seconds
[shaping_diag] success_cum_shaping=313.35 T=114 d_init=104.5 d_final=0.0
 Retrying in 1 seconds
[shaping_diag] success_cum_shaping=313.35 T=115 d_init=104.5 d_final=0.0
 Retrying in 1 seconds
[shaping_diag] success_cum_shaping=313.35 T=113 d_init=104.5 d_final=0.0
 Retrying in 1 seconds
[shaping_diag] success_cum_shaping=313.35 T=116 d_init=104.5 d_final=0.0
 Retrying in 1 seconds
[shaping_diag] success_cum_shaping=313.35 T=120 d_init=104.5 d_final=0.0
 Retrying in 1 seconds
[shaping_diag] success_cum_shaping=313.35 T=112 d_init=104.5 d_final=0.0
 Retrying in 1 seconds
[shaping_diag] success_cum_shaping=313.35 T=117 d_init=104.5 d_final=0.0
Warning: Vehicle 'other'; junction collision with vehicle 'ego', lane=':center_8_0', gap=-1.00, time=7.60 stage=move.
 Retrying in 1 seconds
 Retrying in 1 seconds
[shaping_diag] success_cum_shaping=313.35 T=114 d_init=104.5 d_final=0.0
 Retrying in 1 seconds
[shaping_diag] success_cum_shaping=313.35 T=113 d_init=104.5 d_final=0.0
Warning: Vehicle 'ego'; junction collision with vehicle 'other', lane=':center_11_0', gap=-1.00, time=7.50 stage=move.
Warning: Vehicle 'other' performs emergency braking on lane 'left_in_0' with decel=9.00, wished=4.00, severity=1.00, time=6.80.
 Retrying in 1 seconds
 Retrying in 1 seconds
[shaping_diag] success_cum_shaping=313.35 T=115 d_init=104.5 d_final=0.0
 Retrying in 1 seconds
[shaping_diag] success_cum_shaping=313.35 T=115 d_init=104.5 d_final=0.0
 Retrying in 1 seconds
[shaping_diag] success_cum_shaping=313.35 T=113 d_init=104.5 d_final=0.0
 Retrying in 1 seconds
[shaping_diag] success_cum_shaping=313.35 T=114 d_init=104.5 d_final=0.0
 Retrying in 1 seconds
[shaping_diag] success_cum_shaping=313.35 T=116 d_init=104.5 d_final=0.0
 Retrying in 1 seconds
[shaping_diag] success_cum_shaping=313.35 T=114 d_init=104.5 d_final=0.0
 Retrying in 1 seconds
[shaping_diag] success_cum_shaping=313.35 T=113 d_init=104.5 d_final=0.0
 Retrying in 1 seconds
[shaping_diag] success_cum_shaping=313.35 T=114 d_init=104.5 d_final=0.0
 Retrying in 1 seconds
[shaping_diag] success_cum_shaping=313.35 T=114 d_init=104.5 d_final=0.0
 Retrying in 1 seconds
[shaping_diag] success_cum_shaping=313.35 T=114 d_init=104.5 d_final=0.0
 Retrying in 1 seconds
[shaping_diag] success_cum_shaping=313.35 T=116 d_init=104.5 d_final=0.0
 Retrying in 1 seconds
[shaping_diag] success_cum_shaping=313.35 T=116 d_init=104.5 d_final=0.0
 Retrying in 1 seconds
 Retrying in 1 seconds
[shaping_diag] success_cum_shaping=313.35 T=113 d_init=104.5 d_final=0.0
 Retrying in 1 seconds
[shaping_diag] success_cum_shaping=313.35 T=115 d_init=104.5 d_final=0.0
Warning: Vehicle 'ego'; junction collision with vehicle 'other', lane=':center_11_0', gap=-1.00, time=7.00 stage=move.
 Retrying in 1 seconds
 Retrying in 1 seconds
[shaping_diag] success_cum_shaping=313.35 T=114 d_init=104.5 d_final=0.0
 Retrying in 1 seconds
[shaping_diag] success_cum_shaping=313.35 T=112 d_init=104.5 d_final=0.0
 Retrying in 1 seconds
[shaping_diag] success_cum_shaping=313.35 T=118 d_init=104.5 d_final=0.0
 Retrying in 1 seconds
[shaping_diag] success_cum_shaping=313.35 T=113 d_init=104.5 d_final=0.0
 Retrying in 1 seconds
[shaping_diag] success_cum_shaping=313.35 T=113 d_init=104.5 d_final=0.0
 Retrying in 1 seconds
[shaping_diag] success_cum_shaping=313.35 T=113 d_init=104.5 d_final=0.0
 Retrying in 1 seconds
[shaping_diag] success_cum_shaping=313.35 T=112 d_init=104.5 d_final=0.0
 Retrying in 1 seconds
[shaping_diag] success_cum_shaping=313.35 T=115 d_init=104.5 d_final=0.0
 Retrying in 1 seconds
[shaping_diag] success_cum_shaping=313.35 T=115 d_init=104.5 d_final=0.0
 Retrying in 1 seconds
[shaping_diag] success_cum_shaping=313.35 T=111 d_init=104.5 d_final=0.0
 Retrying in 1 seconds
[shaping_diag] success_cum_shaping=313.35 T=114 d_init=104.5 d_final=0.0
 Retrying in 1 seconds
[shaping_diag] success_cum_shaping=313.35 T=114 d_init=104.5 d_final=0.0
 Retrying in 1 seconds
[shaping_diag] success_cum_shaping=313.35 T=115 d_init=104.5 d_final=0.0
 Retrying in 1 seconds
[shaping_diag] success_cum_shaping=313.35 T=117 d_init=104.5 d_final=0.0
 Retrying in 1 seconds
[shaping_diag] success_cum_shaping=313.35 T=116 d_init=104.5 d_final=0.0
 Retrying in 1 seconds
[shaping_diag] success_cum_shaping=313.35 T=110 d_init=104.5 d_final=0.0
 Retrying in 1 seconds
[shaping_diag] success_cum_shaping=313.35 T=116 d_init=104.5 d_final=0.0
 Retrying in 1 seconds
[shaping_diag] success_cum_shaping=313.35 T=113 d_init=104.5 d_final=0.0
 Retrying in 1 seconds
[shaping_diag] success_cum_shaping=313.35 T=111 d_init=104.5 d_final=0.0
Warning: Vehicle 'other'; junction collision with vehicle 'ego', lane=':center_8_0', gap=-1.00, time=7.50 stage=move.
 Retrying in 1 seconds
 Retrying in 1 seconds
[shaping_diag] success_cum_shaping=313.35 T=111 d_init=104.5 d_final=0.0
 Retrying in 1 seconds
[shaping_diag] success_cum_shaping=313.35 T=111 d_init=104.5 d_final=0.0
 Retrying in 1 seconds
[shaping_diag] success_cum_shaping=313.35 T=120 d_init=104.5 d_final=0.0
 Retrying in 1 seconds
[shaping_diag] success_cum_shaping=313.35 T=116 d_init=104.5 d_final=0.0
 Retrying in 1 seconds
[shaping_diag] success_cum_shaping=313.35 T=115 d_init=104.5 d_final=0.0
 Retrying in 1 seconds
[shaping_diag] success_cum_shaping=313.35 T=112 d_init=104.5 d_final=0.0
Warning: Vehicle 'ego'; collision with vehicle 'other', lane='right_in_1', gap=-0.08, time=3.50 stage=move.
 Retrying in 1 seconds
 Retrying in 1 seconds
[shaping_diag] success_cum_shaping=313.35 T=113 d_init=104.5 d_final=0.0
 Retrying in 1 seconds
[shaping_diag] success_cum_shaping=313.35 T=115 d_init=104.5 d_final=0.0
Warning: Vehicle 'other'; junction collision with vehicle 'ego', lane=':center_8_0', gap=-1.00, time=7.10 stage=move.
Warning: Vehicle 'other' performs emergency braking on lane 'left_in_0' with decel=9.00, wished=5.00, severity=1.00, time=6.80.
 Retrying in 1 seconds
 Retrying in 1 seconds
[shaping_diag] success_cum_shaping=313.35 T=118 d_init=104.5 d_final=0.0
 Retrying in 1 seconds
[shaping_diag] success_cum_shaping=313.35 T=114 d_init=104.5 d_final=0.0
 Retrying in 1 seconds
[shaping_diag] success_cum_shaping=313.35 T=113 d_init=104.5 d_final=0.0
 Retrying in 1 seconds
[shaping_diag] success_cum_shaping=313.35 T=113 d_init=104.5 d_final=0.0
 Retrying in 1 seconds
 Retrying in 1 seconds
[shaping_diag] success_cum_shaping=313.35 T=112 d_init=104.5 d_final=0.0
 Retrying in 1 seconds
[shaping_diag] success_cum_shaping=313.35 T=117 d_init=104.5 d_final=0.0
 Retrying in 1 seconds
[shaping_diag] success_cum_shaping=313.35 T=114 d_init=104.5 d_final=0.0
Warning: Vehicle 'ego'; junction collision with vehicle 'other', lane=':center_11_0', gap=-1.00, time=7.30 stage=move.
 Retrying in 1 seconds
 Retrying in 1 seconds
[shaping_diag] success_cum_shaping=313.35 T=113 d_init=104.5 d_final=0.0
 Retrying in 1 seconds
[shaping_diag] success_cum_shaping=313.35 T=117 d_init=104.5 d_final=0.0
 Retrying in 1 seconds
[shaping_diag] success_cum_shaping=313.35 T=120 d_init=104.5 d_final=0.0
 Retrying in 1 seconds
 Retrying in 1 seconds
[shaping_diag] success_cum_shaping=313.35 T=112 d_init=104.5 d_final=0.0
 Retrying in 1 seconds
[shaping_diag] success_cum_shaping=313.35 T=116 d_init=104.5 d_final=0.0
 Retrying in 1 seconds
[shaping_diag] success_cum_shaping=313.35 T=115 d_init=104.5 d_final=0.0
 Retrying in 1 seconds
[shaping_diag] success_cum_shaping=313.35 T=112 d_init=104.5 d_final=0.0
 Retrying in 1 seconds
[shaping_diag] success_cum_shaping=313.35 T=126 d_init=104.5 d_final=0.0
 Retrying in 1 seconds
[shaping_diag] success_cum_shaping=313.35 T=116 d_init=104.5 d_final=0.0
 Retrying in 1 seconds
[shaping_diag] success_cum_shaping=313.35 T=117 d_init=104.5 d_final=0.0
 Retrying in 1 seconds
[shaping_diag] success_cum_shaping=313.35 T=115 d_init=104.5 d_final=0.0
 Retrying in 1 seconds
[shaping_diag] success_cum_shaping=313.35 T=117 d_init=104.5 d_final=0.0
 Retrying in 1 seconds
[shaping_diag] success_cum_shaping=313.35 T=117 d_init=104.5 d_final=0.0
Warning: Vehicle 'other'; junction collision with vehicle 'ego', lane=':center_8_0', gap=-1.00, time=7.20 stage=move.
 Retrying in 1 seconds
 Retrying in 1 seconds
[shaping_diag] success_cum_shaping=313.35 T=113 d_init=104.5 d_final=0.0
 Retrying in 1 seconds
[shaping_diag] success_cum_shaping=313.35 T=119 d_init=104.5 d_final=0.0
 Retrying in 1 seconds
[shaping_diag] success_cum_shaping=313.35 T=114 d_init=104.5 d_final=0.0
 Retrying in 1 seconds
[shaping_diag] success_cum_shaping=313.35 T=121 d_init=104.5 d_final=0.0
Warning: Vehicle 'other' performs emergency braking on lane 'left_in_0' with decel=9.00, wished=5.00, severity=1.00, time=6.70.
 Retrying in 1 seconds
[shaping_diag] success_cum_shaping=313.35 T=116 d_init=104.5 d_final=0.0
 Retrying in 1 seconds
[shaping_diag] success_cum_shaping=313.35 T=113 d_init=104.5 d_final=0.0
 Retrying in 1 seconds
[shaping_diag] success_cum_shaping=313.35 T=115 d_init=104.5 d_final=0.0
 Retrying in 1 seconds
[shaping_diag] success_cum_shaping=313.35 T=111 d_init=104.5 d_final=0.0
 Retrying in 1 seconds
[shaping_diag] success_cum_shaping=313.35 T=112 d_init=104.5 d_final=0.0
 Retrying in 1 seconds
[shaping_diag] success_cum_shaping=313.35 T=119 d_init=104.5 d_final=0.0
 Retrying in 1 seconds
[shaping_diag] success_cum_shaping=313.35 T=112 d_init=104.5 d_final=0.0
 Retrying in 1 seconds
[shaping_diag] success_cum_shaping=313.35 T=119 d_init=104.5 d_final=0.0
Warning: Vehicle 'other'; junction collision with vehicle 'ego', lane=':center_8_0', gap=-1.00, time=7.40 stage=move.
 Retrying in 1 seconds
 Retrying in 1 seconds
[shaping_diag] success_cum_shaping=313.35 T=112 d_init=104.5 d_final=0.0
 Retrying in 1 seconds
[shaping_diag] success_cum_shaping=313.35 T=111 d_init=104.5 d_final=0.0
 Retrying in 1 seconds
[shaping_diag] success_cum_shaping=313.35 T=114 d_init=104.5 d_final=0.0
 Retrying in 1 seconds
[shaping_diag] success_cum_shaping=313.35 T=124 d_init=104.5 d_final=0.0
 Retrying in 1 seconds
 Retrying in 1 seconds
[shaping_diag] success_cum_shaping=313.35 T=121 d_init=104.5 d_final=0.0
 Retrying in 1 seconds
[shaping_diag] success_cum_shaping=313.35 T=110 d_init=104.5 d_final=0.0
 Retrying in 1 seconds
[shaping_diag] success_cum_shaping=313.35 T=119 d_init=104.5 d_final=0.0
 Retrying in 1 seconds
[shaping_diag] success_cum_shaping=313.35 T=117 d_init=104.5 d_final=0.0
 Retrying in 1 seconds
[shaping_diag] success_cum_shaping=313.35 T=117 d_init=104.5 d_final=0.0
 Retrying in 1 seconds
[shaping_diag] success_cum_shaping=313.35 T=111 d_init=104.5 d_final=0.0
 Retrying in 1 seconds
[shaping_diag] success_cum_shaping=313.35 T=115 d_init=104.5 d_final=0.0
 Retrying in 1 seconds
[shaping_diag] success_cum_shaping=313.35 T=118 d_init=104.5 d_final=0.0
 Retrying in 1 seconds
[shaping_diag] success_cum_shaping=313.35 T=116 d_init=104.5 d_final=0.0
 Retrying in 1 seconds
[shaping_diag] success_cum_shaping=313.35 T=115 d_init=104.5 d_final=0.0
 Retrying in 1 seconds
[shaping_diag] success_cum_shaping=313.35 T=117 d_init=104.5 d_final=0.0
 Retrying in 1 seconds
[shaping_diag] success_cum_shaping=313.35 T=116 d_init=104.5 d_final=0.0
 Retrying in 1 seconds
[shaping_diag] success_cum_shaping=313.35 T=115 d_init=104.5 d_final=0.0
 Retrying in 1 seconds
[shaping_diag] success_cum_shaping=313.35 T=116 d_init=104.5 d_final=0.0
 Retrying in 1 seconds
[shaping_diag] success_cum_shaping=313.35 T=119 d_init=104.5 d_final=0.0
 Retrying in 1 seconds
[shaping_diag] success_cum_shaping=313.35 T=115 d_init=104.5 d_final=0.0
 Retrying in 1 seconds
[shaping_diag] success_cum_shaping=313.35 T=115 d_init=104.5 d_final=0.0
 Retrying in 1 seconds
[shaping_diag] success_cum_shaping=313.35 T=118 d_init=104.5 d_final=0.0
Warning: Vehicle 'ego'; junction collision with vehicle 'other', lane=':center_11_0', gap=-1.00, time=7.40 stage=move.
 Retrying in 1 seconds
 Retrying in 1 seconds
[shaping_diag] success_cum_shaping=313.35 T=112 d_init=104.5 d_final=0.0
 Retrying in 1 seconds
[shaping_diag] success_cum_shaping=313.35 T=111 d_init=104.5 d_final=0.0
 Retrying in 1 seconds
[shaping_diag] success_cum_shaping=313.35 T=114 d_init=104.5 d_final=0.0
 Retrying in 1 seconds
[shaping_diag] success_cum_shaping=313.35 T=118 d_init=104.5 d_final=0.0
 Retrying in 1 seconds
[shaping_diag] success_cum_shaping=313.35 T=114 d_init=104.5 d_final=0.0
 Retrying in 1 seconds
[shaping_diag] success_cum_shaping=313.35 T=117 d_init=104.5 d_final=0.0
 Retrying in 1 seconds
[shaping_diag] success_cum_shaping=313.35 T=111 d_init=104.5 d_final=0.0
 Retrying in 1 seconds
[shaping_diag] success_cum_shaping=313.35 T=121 d_init=104.5 d_final=0.0
 Retrying in 1 seconds
[shaping_diag] success_cum_shaping=313.35 T=111 d_init=104.5 d_final=0.0
 Retrying in 1 seconds
[shaping_diag] success_cum_shaping=313.35 T=116 d_init=104.5 d_final=0.0
 Retrying in 1 seconds
[shaping_diag] success_cum_shaping=313.35 T=117 d_init=104.5 d_final=0.0
 Retrying in 1 seconds
[shaping_diag] success_cum_shaping=313.35 T=112 d_init=104.5 d_final=0.0
 Retrying in 1 seconds
[shaping_diag] success_cum_shaping=313.35 T=114 d_init=104.5 d_final=0.0
 Retrying in 1 seconds
[shaping_diag] success_cum_shaping=313.35 T=112 d_init=104.5 d_final=0.0
 Retrying in 1 seconds
[shaping_diag] success_cum_shaping=313.35 T=113 d_init=104.5 d_final=0.0
 Retrying in 1 seconds
[shaping_diag] success_cum_shaping=313.35 T=116 d_init=104.5 d_final=0.0
 Retrying in 1 seconds
 Retrying in 1 seconds
[shaping_diag] success_cum_shaping=313.35 T=111 d_init=104.5 d_final=0.0
 Retrying in 1 seconds
[shaping_diag] success_cum_shaping=313.35 T=114 d_init=104.5 d_final=0.0
 Retrying in 1 seconds
[shaping_diag] success_cum_shaping=313.35 T=112 d_init=104.5 d_final=0.0
 Retrying in 1 seconds
[shaping_diag] success_cum_shaping=313.35 T=116 d_init=104.5 d_final=0.0
 Retrying in 1 seconds
[shaping_diag] success_cum_shaping=313.35 T=111 d_init=104.5 d_final=0.0
Warning: Vehicle 'other' performs emergency braking on lane 'left_in_0' with decel=9.00, wished=7.00, severity=1.00, time=6.70.
 Retrying in 1 seconds
[shaping_diag] success_cum_shaping=313.35 T=114 d_init=104.5 d_final=0.0
 Retrying in 1 seconds
[shaping_diag] success_cum_shaping=313.35 T=112 d_init=104.5 d_final=0.0
 Retrying in 1 seconds
[shaping_diag] success_cum_shaping=313.35 T=115 d_init=104.5 d_final=0.0
 Retrying in 1 seconds
[shaping_diag] success_cum_shaping=313.35 T=119 d_init=104.5 d_final=0.0
 Retrying in 1 seconds
[shaping_diag] success_cum_shaping=313.35 T=115 d_init=104.5 d_final=0.0
 Retrying in 1 seconds
[shaping_diag] success_cum_shaping=313.35 T=117 d_init=104.5 d_final=0.0
 Retrying in 1 seconds
[shaping_diag] success_cum_shaping=313.35 T=113 d_init=104.5 d_final=0.0
 Retrying in 1 seconds
[shaping_diag] success_cum_shaping=313.35 T=111 d_init=104.5 d_final=0.0
 Retrying in 1 seconds
[shaping_diag] success_cum_shaping=313.35 T=111 d_init=104.5 d_final=0.0
 Retrying in 1 seconds
[shaping_diag] success_cum_shaping=313.35 T=112 d_init=104.5 d_final=0.0
 Retrying in 1 seconds
[shaping_diag] success_cum_shaping=313.35 T=114 d_init=104.5 d_final=0.0
 Retrying in 1 seconds
[shaping_diag] success_cum_shaping=313.35 T=111 d_init=104.5 d_final=0.0
 Retrying in 1 seconds
[shaping_diag] success_cum_shaping=313.35 T=112 d_init=104.5 d_final=0.0
 Retrying in 1 seconds
[shaping_diag] success_cum_shaping=313.35 T=112 d_init=104.5 d_final=0.0
 Retrying in 1 seconds
[shaping_diag] success_cum_shaping=313.35 T=115 d_init=104.5 d_final=0.0
 Retrying in 1 seconds
[shaping_diag] success_cum_shaping=313.35 T=118 d_init=104.5 d_final=0.0
 Retrying in 1 seconds
[shaping_diag] success_cum_shaping=313.35 T=115 d_init=104.5 d_final=0.0
 Retrying in 1 seconds
[shaping_diag] success_cum_shaping=313.35 T=118 d_init=104.5 d_final=0.0
 Retrying in 1 seconds
[shaping_diag] success_cum_shaping=313.35 T=113 d_init=104.5 d_final=0.0
 Retrying in 1 seconds
[shaping_diag] success_cum_shaping=313.35 T=113 d_init=104.5 d_final=0.0
 Retrying in 1 seconds
[shaping_diag] success_cum_shaping=313.35 T=116 d_init=104.5 d_final=0.0
 Retrying in 1 seconds
[shaping_diag] success_cum_shaping=313.35 T=120 d_init=104.5 d_final=0.0
 Retrying in 1 seconds
[shaping_diag] success_cum_shaping=313.35 T=111 d_init=104.5 d_final=0.0
 Retrying in 1 seconds
[shaping_diag] success_cum_shaping=313.35 T=119 d_init=104.5 d_final=0.0
 Retrying in 1 seconds
[shaping_diag] success_cum_shaping=313.35 T=116 d_init=104.5 d_final=0.0
 Retrying in 1 seconds
[shaping_diag] success_cum_shaping=313.35 T=116 d_init=104.5 d_final=0.0
 Retrying in 1 seconds
[shaping_diag] success_cum_shaping=313.35 T=115 d_init=104.5 d_final=0.0
 Retrying in 1 seconds
[shaping_diag] success_cum_shaping=313.35 T=113 d_init=104.5 d_final=0.0
 Retrying in 1 seconds
[shaping_diag] success_cum_shaping=313.35 T=114 d_init=104.5 d_final=0.0
 Retrying in 1 seconds
[shaping_diag] success_cum_shaping=313.35 T=110 d_init=104.5 d_final=0.0
Warning: Vehicle 'other'; junction collision with vehicle 'ego', lane=':center_8_0', gap=-1.00, time=7.40 stage=move.
 Retrying in 1 seconds
 Retrying in 1 seconds
 Retrying in 1 seconds
[shaping_diag] success_cum_shaping=313.35 T=110 d_init=104.5 d_final=0.0
 Retrying in 1 seconds
[shaping_diag] success_cum_shaping=313.35 T=111 d_init=104.5 d_final=0.0
 Retrying in 1 seconds
[shaping_diag] success_cum_shaping=313.35 T=112 d_init=104.5 d_final=0.0
Warning: Vehicle 'other'; junction collision with vehicle 'ego', lane=':center_8_0', gap=-1.00, time=7.00 stage=move.
Warning: Vehicle 'ego'; collision with vehicle 'other', lane='right_in_1', gap=-0.24, time=2.60 stage=move.
 Retrying in 1 seconds
 Retrying in 1 seconds
 Retrying in 1 seconds
[shaping_diag] success_cum_shaping=313.35 T=111 d_init=104.5 d_final=0.0
 Retrying in 1 seconds
[shaping_diag] success_cum_shaping=313.35 T=111 d_init=104.5 d_final=0.0
 Retrying in 1 seconds
[shaping_diag] success_cum_shaping=313.35 T=111 d_init=104.5 d_final=0.0
 Retrying in 1 seconds
[shaping_diag] success_cum_shaping=313.35 T=116 d_init=104.5 d_final=0.0
 Retrying in 1 seconds
[shaping_diag] success_cum_shaping=313.35 T=112 d_init=104.5 d_final=0.0
 Retrying in 1 seconds
[shaping_diag] success_cum_shaping=313.35 T=113 d_init=104.5 d_final=0.0
 Retrying in 1 seconds
[shaping_diag] success_cum_shaping=313.35 T=115 d_init=104.5 d_final=0.0
 Retrying in 1 seconds
[shaping_diag] success_cum_shaping=313.35 T=112 d_init=104.5 d_final=0.0
Warning: Vehicle 'other'; junction collision with vehicle 'ego', lane=':center_8_0', gap=-1.00, time=7.10 stage=move.
 Retrying in 1 seconds
 Retrying in 1 seconds
[shaping_diag] success_cum_shaping=313.35 T=112 d_init=104.5 d_final=0.0
 Retrying in 1 seconds
[shaping_diag] success_cum_shaping=313.35 T=112 d_init=104.5 d_final=0.0
 Retrying in 1 seconds
[shaping_diag] success_cum_shaping=313.35 T=113 d_init=104.5 d_final=0.0
 Retrying in 1 seconds
[shaping_diag] success_cum_shaping=313.35 T=111 d_init=104.5 d_final=0.0
 Retrying in 1 seconds
[shaping_diag] success_cum_shaping=313.35 T=112 d_init=104.5 d_final=0.0
 Retrying in 1 seconds
[shaping_diag] success_cum_shaping=313.35 T=111 d_init=104.5 d_final=0.0
 Retrying in 1 seconds
[shaping_diag] success_cum_shaping=313.35 T=115 d_init=104.5 d_final=0.0
 Retrying in 1 seconds
[shaping_diag] success_cum_shaping=313.35 T=113 d_init=104.5 d_final=0.0
 Retrying in 1 seconds
[shaping_diag] success_cum_shaping=313.35 T=112 d_init=104.5 d_final=0.0
Warning: Vehicle 'other' performs emergency braking on lane 'left_in_0' with decel=9.00, wished=7.00, severity=1.00, time=6.50.
 Retrying in 1 seconds
[shaping_diag] success_cum_shaping=313.35 T=111 d_init=104.5 d_final=0.0
 Retrying in 1 seconds
[shaping_diag] success_cum_shaping=313.35 T=110 d_init=104.5 d_final=0.0
 Retrying in 1 seconds
[shaping_diag] success_cum_shaping=313.35 T=113 d_init=104.5 d_final=0.0
 Retrying in 1 seconds
[shaping_diag] success_cum_shaping=313.35 T=113 d_init=104.5 d_final=0.0
 Retrying in 1 seconds
[shaping_diag] success_cum_shaping=313.35 T=118 d_init=104.5 d_final=0.0
Warning: Vehicle 'ego'; junction collision with vehicle 'other', lane=':center_11_0', gap=-1.00, time=7.00 stage=move.
 Retrying in 1 seconds
 Retrying in 1 seconds
[shaping_diag] success_cum_shaping=313.35 T=112 d_init=104.5 d_final=0.0
 Retrying in 1 seconds
[shaping_diag] success_cum_shaping=313.35 T=111 d_init=104.5 d_final=0.0
 Retrying in 1 seconds
[shaping_diag] success_cum_shaping=313.35 T=111 d_init=104.5 d_final=0.0
Warning: Vehicle 'other' performs emergency braking on lane 'left_in_0' with decel=9.00, wished=7.00, severity=1.00, time=6.60.
 Retrying in 1 seconds
 Retrying in 1 seconds
[shaping_diag] success_cum_shaping=313.35 T=112 d_init=104.5 d_final=0.0
 Retrying in 1 seconds
[shaping_diag] success_cum_shaping=313.35 T=111 d_init=104.5 d_final=0.0
 Retrying in 1 seconds
[shaping_diag] success_cum_shaping=313.35 T=112 d_init=104.5 d_final=0.0
 Retrying in 1 seconds
 Retrying in 1 seconds
[shaping_diag] success_cum_shaping=313.35 T=115 d_init=104.5 d_final=0.0
 Retrying in 1 seconds
 Retrying in 1 seconds
[shaping_diag] success_cum_shaping=313.35 T=115 d_init=104.5 d_final=0.0
 Retrying in 1 seconds
[shaping_diag] success_cum_shaping=313.35 T=119 d_init=104.5 d_final=0.0
 Retrying in 1 seconds
[shaping_diag] success_cum_shaping=313.35 T=121 d_init=104.5 d_final=0.0
 Retrying in 1 seconds
[shaping_diag] success_cum_shaping=313.35 T=112 d_init=104.5 d_final=0.0
 Retrying in 1 seconds
[shaping_diag] success_cum_shaping=313.35 T=111 d_init=104.5 d_final=0.0
 Retrying in 1 seconds
[shaping_diag] success_cum_shaping=313.35 T=122 d_init=104.5 d_final=0.0
 Retrying in 1 seconds
[shaping_diag] success_cum_shaping=313.35 T=112 d_init=104.5 d_final=0.0
 Retrying in 1 seconds
[shaping_diag] success_cum_shaping=313.35 T=112 d_init=104.5 d_final=0.0
 Retrying in 1 seconds
[shaping_diag] success_cum_shaping=313.35 T=111 d_init=104.5 d_final=0.0
 Retrying in 1 seconds
[shaping_diag] success_cum_shaping=313.35 T=117 d_init=104.5 d_final=0.0
 Retrying in 1 seconds
[shaping_diag] success_cum_shaping=313.35 T=114 d_init=104.5 d_final=0.0
 Retrying in 1 seconds
[shaping_diag] success_cum_shaping=313.35 T=110 d_init=104.5 d_final=0.0
 Retrying in 1 seconds
[shaping_diag] success_cum_shaping=313.35 T=110 d_init=104.5 d_final=0.0
 Retrying in 1 seconds
[shaping_diag] success_cum_shaping=313.35 T=112 d_init=104.5 d_final=0.0
 Retrying in 1 seconds
[shaping_diag] success_cum_shaping=313.35 T=110 d_init=104.5 d_final=0.0
 Retrying in 1 seconds
[shaping_diag] success_cum_shaping=313.35 T=111 d_init=104.5 d_final=0.0
 Retrying in 1 seconds
[shaping_diag] success_cum_shaping=313.35 T=113 d_init=104.5 d_final=0.0
 Retrying in 1 seconds
[shaping_diag] success_cum_shaping=313.35 T=114 d_init=104.5 d_final=0.0
 Retrying in 1 seconds
[shaping_diag] success_cum_shaping=313.35 T=110 d_init=104.5 d_final=0.0
 Retrying in 1 seconds
[shaping_diag] success_cum_shaping=313.35 T=113 d_init=104.5 d_final=0.0
 Retrying in 1 seconds
[shaping_diag] success_cum_shaping=313.35 T=124 d_init=104.5 d_final=0.0
 Retrying in 1 seconds
[shaping_diag] success_cum_shaping=313.35 T=117 d_init=104.5 d_final=0.0
 Retrying in 1 seconds
[shaping_diag] success_cum_shaping=313.35 T=113 d_init=104.5 d_final=0.0
 Retrying in 1 seconds
[shaping_diag] success_cum_shaping=313.35 T=112 d_init=104.5 d_final=0.0
 Retrying in 1 seconds
[shaping_diag] success_cum_shaping=313.35 T=114 d_init=104.5 d_final=0.0
 Retrying in 1 seconds
[shaping_diag] success_cum_shaping=313.35 T=112 d_init=104.5 d_final=0.0
 Retrying in 1 seconds
[shaping_diag] success_cum_shaping=313.35 T=112 d_init=104.5 d_final=0.0
 Retrying in 1 seconds
[shaping_diag] success_cum_shaping=313.35 T=111 d_init=104.5 d_final=0.0
 Retrying in 1 seconds
[shaping_diag] success_cum_shaping=313.35 T=126 d_init=104.5 d_final=0.0
 Retrying in 1 seconds
[shaping_diag] success_cum_shaping=313.35 T=111 d_init=104.5 d_final=0.0
 Retrying in 1 seconds
[shaping_diag] success_cum_shaping=313.35 T=110 d_init=104.5 d_final=0.0
 Retrying in 1 seconds
[shaping_diag] success_cum_shaping=313.35 T=110 d_init=104.5 d_final=0.0
 Retrying in 1 seconds
[shaping_diag] success_cum_shaping=313.35 T=117 d_init=104.5 d_final=0.0
 Retrying in 1 seconds
[shaping_diag] success_cum_shaping=313.35 T=111 d_init=104.5 d_final=0.0
 Retrying in 1 seconds
[shaping_diag] success_cum_shaping=313.35 T=110 d_init=104.5 d_final=0.0
 Retrying in 1 seconds
[shaping_diag] success_cum_shaping=313.35 T=113 d_init=104.5 d_final=0.0
Warning: Vehicle 'other'; junction collision with vehicle 'ego', lane=':center_8_0', gap=-1.00, time=7.40 stage=move.
 Retrying in 1 seconds
 Retrying in 1 seconds
 Retrying in 1 seconds
[shaping_diag] success_cum_shaping=313.35 T=110 d_init=104.5 d_final=0.0
 Retrying in 1 seconds
[shaping_diag] success_cum_shaping=313.35 T=112 d_init=104.5 d_final=0.0
 Retrying in 1 seconds
[shaping_diag] success_cum_shaping=313.35 T=113 d_init=104.5 d_final=0.0
 Retrying in 1 seconds
[shaping_diag] success_cum_shaping=313.35 T=115 d_init=104.5 d_final=0.0
 Retrying in 1 seconds
[shaping_diag] success_cum_shaping=313.35 T=112 d_init=104.5 d_final=0.0
 Retrying in 1 seconds
 Retrying in 1 seconds
[shaping_diag] success_cum_shaping=313.35 T=110 d_init=104.5 d_final=0.0
 Retrying in 1 seconds
[shaping_diag] success_cum_shaping=313.35 T=114 d_init=104.5 d_final=0.0
 Retrying in 1 seconds
[shaping_diag] success_cum_shaping=313.35 T=112 d_init=104.5 d_final=0.0
 Retrying in 1 seconds
[shaping_diag] success_cum_shaping=313.35 T=114 d_init=104.5 d_final=0.0
 Retrying in 1 seconds
[shaping_diag] success_cum_shaping=313.35 T=113 d_init=104.5 d_final=0.0
 Retrying in 1 seconds
[shaping_diag] success_cum_shaping=313.35 T=114 d_init=104.5 d_final=0.0
 Retrying in 1 seconds
[shaping_diag] success_cum_shaping=313.35 T=115 d_init=104.5 d_final=0.0
 Retrying in 1 seconds
[shaping_diag] success_cum_shaping=313.35 T=111 d_init=104.5 d_final=0.0
 Retrying in 1 seconds
[shaping_diag] success_cum_shaping=313.35 T=110 d_init=104.5 d_final=0.0
Warning: Vehicle 'other' performs emergency braking on lane 'left_in_0' with decel=9.00, wished=5.00, severity=1.00, time=6.60.
 Retrying in 1 seconds
[shaping_diag] success_cum_shaping=313.35 T=112 d_init=104.5 d_final=0.0
 Retrying in 1 seconds
[shaping_diag] success_cum_shaping=313.35 T=110 d_init=104.5 d_final=0.0
 Retrying in 1 seconds
[shaping_diag] success_cum_shaping=313.35 T=111 d_init=104.5 d_final=0.0
 Retrying in 1 seconds
[shaping_diag] success_cum_shaping=313.35 T=113 d_init=104.5 d_final=0.0
 Retrying in 1 seconds
[shaping_diag] success_cum_shaping=313.35 T=116 d_init=104.5 d_final=0.0
Warning: Vehicle 'other' performs emergency braking on lane 'left_in_0' with decel=9.00, wished=5.00, severity=1.00, time=6.50.
Warning: Vehicle 'other'; junction collision with vehicle 'ego', lane=':center_8_0', gap=-1.00, time=7.40 stage=move.
 Retrying in 1 seconds
 Retrying in 1 seconds
[shaping_diag] success_cum_shaping=313.35 T=112 d_init=104.5 d_final=0.0
 Retrying in 1 seconds
[shaping_diag] success_cum_shaping=313.35 T=115 d_init=104.5 d_final=0.0
Warning: Vehicle 'other' performs emergency braking on lane 'left_in_0' with decel=9.00, wished=5.00, severity=1.00, time=6.50.
 Retrying in 1 seconds
[shaping_diag] success_cum_shaping=313.35 T=111 d_init=104.5 d_final=0.0
 Retrying in 1 seconds
[shaping_diag] success_cum_shaping=313.35 T=115 d_init=104.5 d_final=0.0
 Retrying in 1 seconds
[shaping_diag] success_cum_shaping=313.35 T=113 d_init=104.5 d_final=0.0
 Retrying in 1 seconds
 Retrying in 1 seconds
[shaping_diag] success_cum_shaping=313.35 T=111 d_init=104.5 d_final=0.0
 Retrying in 1 seconds
[shaping_diag] success_cum_shaping=313.35 T=115 d_init=104.5 d_final=0.0
Warning: Vehicle 'ego'; junction collision with vehicle 'other', lane=':center_11_0', gap=-1.00, time=7.10 stage=move.
 Retrying in 1 seconds
 Retrying in 1 seconds
[shaping_diag] success_cum_shaping=313.35 T=112 d_init=104.5 d_final=0.0
Warning: Vehicle 'other' performs emergency braking on lane 'left_in_0' with decel=9.00, wished=5.00, severity=1.00, time=6.50.
 Retrying in 1 seconds
[shaping_diag] success_cum_shaping=313.35 T=110 d_init=104.5 d_final=0.0
 Retrying in 1 seconds
[shaping_diag] success_cum_shaping=313.35 T=111 d_init=104.5 d_final=0.0
 Retrying in 1 seconds
[shaping_diag] success_cum_shaping=313.35 T=115 d_init=104.5 d_final=0.0
 Retrying in 1 seconds
[shaping_diag] success_cum_shaping=313.35 T=113 d_init=104.5 d_final=0.0
Warning: Vehicle 'other' performs emergency braking on lane 'left_in_0' with decel=9.00, wished=5.00, severity=1.00, time=6.80.
 Retrying in 1 seconds
[shaping_diag] success_cum_shaping=313.35 T=114 d_init=104.5 d_final=0.0
 Retrying in 1 seconds
[shaping_diag] success_cum_shaping=313.35 T=110 d_init=104.5 d_final=0.0
 Retrying in 1 seconds
 Retrying in 1 seconds
[shaping_diag] success_cum_shaping=313.35 T=110 d_init=104.5 d_final=0.0
 Retrying in 1 seconds
[shaping_diag] success_cum_shaping=313.35 T=110 d_init=104.5 d_final=0.0
 Retrying in 1 seconds
[shaping_diag] success_cum_shaping=313.35 T=114 d_init=104.5 d_final=0.0
 Retrying in 1 seconds
[shaping_diag] success_cum_shaping=313.35 T=114 d_init=104.5 d_final=0.0
 Retrying in 1 seconds
[shaping_diag] success_cum_shaping=313.35 T=110 d_init=104.5 d_final=0.0
 Retrying in 1 seconds
[shaping_diag] success_cum_shaping=313.35 T=114 d_init=104.5 d_final=0.0
 Retrying in 1 seconds
[shaping_diag] success_cum_shaping=313.35 T=111 d_init=104.5 d_final=0.0
 Retrying in 1 seconds
[shaping_diag] success_cum_shaping=313.35 T=115 d_init=104.5 d_final=0.0
 Retrying in 1 seconds
[shaping_diag] success_cum_shaping=313.35 T=111 d_init=104.5 d_final=0.0
Warning: Vehicle 'other'; junction collision with vehicle 'ego', lane=':center_8_0', gap=-1.00, time=7.10 stage=move.
 Retrying in 1 seconds
 Retrying in 1 seconds
[shaping_diag] success_cum_shaping=313.35 T=110 d_init=104.5 d_final=0.0
 Retrying in 1 seconds
[shaping_diag] success_cum_shaping=313.35 T=111 d_init=104.5 d_final=0.0
 Retrying in 1 seconds
[shaping_diag] success_cum_shaping=313.35 T=115 d_init=104.5 d_final=0.0
Warning: Vehicle 'other' performs emergency braking on lane 'left_in_0' with decel=9.00, wished=5.00, severity=1.00, time=6.60.
 Retrying in 1 seconds
[shaping_diag] success_cum_shaping=313.35 T=112 d_init=104.5 d_final=0.0
 Retrying in 1 seconds
[shaping_diag] success_cum_shaping=313.35 T=112 d_init=104.5 d_final=0.0
 Retrying in 1 seconds
[shaping_diag] success_cum_shaping=313.35 T=114 d_init=104.5 d_final=0.0
 Retrying in 1 seconds
[shaping_diag] success_cum_shaping=313.35 T=112 d_init=104.5 d_final=0.0
 Retrying in 1 seconds
[shaping_diag] success_cum_shaping=313.35 T=111 d_init=104.5 d_final=0.0
 Retrying in 1 seconds
[shaping_diag] success_cum_shaping=313.35 T=112 d_init=104.5 d_final=0.0
 Retrying in 1 seconds
[shaping_diag] success_cum_shaping=313.35 T=111 d_init=104.5 d_final=0.0
 Retrying in 1 seconds
[shaping_diag] success_cum_shaping=313.35 T=112 d_init=104.5 d_final=0.0
Warning: Vehicle 'other'; junction collision with vehicle 'ego', lane=':center_8_0', gap=-1.00, time=7.10 stage=move.
 Retrying in 1 seconds
 Retrying in 1 seconds
[shaping_diag] success_cum_shaping=313.35 T=112 d_init=104.5 d_final=0.0
 Retrying in 1 seconds
[shaping_diag] success_cum_shaping=313.35 T=110 d_init=104.5 d_final=0.0
 Retrying in 1 seconds
[shaping_diag] success_cum_shaping=313.35 T=110 d_init=104.5 d_final=0.0
 Retrying in 1 seconds
[shaping_diag] success_cum_shaping=313.35 T=110 d_init=104.5 d_final=0.0
 Retrying in 1 seconds
[shaping_diag] success_cum_shaping=313.35 T=110 d_init=104.5 d_final=0.0
 Retrying in 1 seconds
[shaping_diag] success_cum_shaping=313.35 T=111 d_init=104.5 d_final=0.0
 Retrying in 1 seconds
[shaping_diag] success_cum_shaping=313.35 T=111 d_init=104.5 d_final=0.0
 Retrying in 1 seconds
[shaping_diag] success_cum_shaping=313.35 T=110 d_init=104.5 d_final=0.0
 Retrying in 1 seconds
[shaping_diag] success_cum_shaping=313.35 T=111 d_init=104.5 d_final=0.0
 Retrying in 1 seconds
[shaping_diag] success_cum_shaping=313.35 T=113 d_init=104.5 d_final=0.0
 Retrying in 1 seconds
 Retrying in 1 seconds
[shaping_diag] success_cum_shaping=313.35 T=112 d_init=104.5 d_final=0.0
Warning: Vehicle 'other'; junction collision with vehicle 'ego', lane=':center_8_0', gap=-1.00, time=7.10 stage=move.
 Retrying in 1 seconds
 Retrying in 1 seconds
[shaping_diag] success_cum_shaping=313.35 T=115 d_init=104.5 d_final=0.0
 Retrying in 1 seconds
[shaping_diag] success_cum_shaping=313.35 T=111 d_init=104.5 d_final=0.0
 Retrying in 1 seconds
[shaping_diag] success_cum_shaping=313.35 T=111 d_init=104.5 d_final=0.0
 Retrying in 1 seconds
 Retrying in 1 seconds
[shaping_diag] success_cum_shaping=313.35 T=110 d_init=104.5 d_final=0.0
 Retrying in 1 seconds
[shaping_diag] success_cum_shaping=313.35 T=111 d_init=104.5 d_final=0.0
 Retrying in 1 seconds
[shaping_diag] success_cum_shaping=313.35 T=110 d_init=104.5 d_final=0.0
 Retrying in 1 seconds
[shaping_diag] success_cum_shaping=313.35 T=111 d_init=104.5 d_final=0.0
 Retrying in 1 seconds
[shaping_diag] success_cum_shaping=313.35 T=112 d_init=104.5 d_final=0.0
 Retrying in 1 seconds
[shaping_diag] success_cum_shaping=313.35 T=112 d_init=104.5 d_final=0.0
Warning: Vehicle 'other' performs emergency braking on lane ':center_8_0' with decel=9.00, wished=4.00, severity=1.00, time=6.50.
 Retrying in 1 seconds
[shaping_diag] success_cum_shaping=313.35 T=110 d_init=104.5 d_final=0.0
 Retrying in 1 seconds
[shaping_diag] success_cum_shaping=313.35 T=110 d_init=104.5 d_final=0.0
 Retrying in 1 seconds
[shaping_diag] success_cum_shaping=313.35 T=113 d_init=104.5 d_final=0.0
 Retrying in 1 seconds
[shaping_diag] success_cum_shaping=313.35 T=113 d_init=104.5 d_final=0.0
 Retrying in 1 seconds
[shaping_diag] success_cum_shaping=313.35 T=111 d_init=104.5 d_final=0.0
 Retrying in 1 seconds
[shaping_diag] success_cum_shaping=313.35 T=110 d_init=104.5 d_final=0.0
 Retrying in 1 seconds
[shaping_diag] success_cum_shaping=313.35 T=113 d_init=104.5 d_final=0.0
Warning: Vehicle 'ego'; junction collision with vehicle 'other', lane=':center_11_0', gap=-1.00, time=7.00 stage=move.
 Retrying in 1 seconds
 Retrying in 1 seconds
[shaping_diag] success_cum_shaping=313.35 T=111 d_init=104.5 d_final=0.0
 Retrying in 1 seconds
[shaping_diag] success_cum_shaping=313.35 T=111 d_init=104.5 d_final=0.0
 Retrying in 1 seconds
[shaping_diag] success_cum_shaping=313.35 T=110 d_init=104.5 d_final=0.0
 Retrying in 1 seconds
 Retrying in 1 seconds
[shaping_diag] success_cum_shaping=313.35 T=111 d_init=104.5 d_final=0.0
 Retrying in 1 seconds
[shaping_diag] success_cum_shaping=313.35 T=110 d_init=104.5 d_final=0.0
Warning: Vehicle 'other' performs emergency braking on lane ':center_8_0' with decel=9.00, wished=4.00, severity=1.00, time=6.50.
 Retrying in 1 seconds
[shaping_diag] success_cum_shaping=313.35 T=111 d_init=104.5 d_final=0.0
 Retrying in 1 seconds
[shaping_diag] success_cum_shaping=313.35 T=111 d_init=104.5 d_final=0.0
 Retrying in 1 seconds
[shaping_diag] success_cum_shaping=313.35 T=112 d_init=104.5 d_final=0.0
 Retrying in 1 seconds
[shaping_diag] success_cum_shaping=313.35 T=114 d_init=104.5 d_final=0.0
 Retrying in 1 seconds
[shaping_diag] success_cum_shaping=313.35 T=111 d_init=104.5 d_final=0.0
 Retrying in 1 seconds
[shaping_diag] success_cum_shaping=313.35 T=110 d_init=104.5 d_final=0.0
 Retrying in 1 seconds
[shaping_diag] success_cum_shaping=313.35 T=110 d_init=104.5 d_final=0.0
 Retrying in 1 seconds
[shaping_diag] success_cum_shaping=313.35 T=110 d_init=104.5 d_final=0.0
Warning: Vehicle 'ego'; junction collision with vehicle 'other', lane=':center_11_0', gap=-1.00, time=7.00 stage=move.
 Retrying in 1 seconds
 Retrying in 1 seconds
[shaping_diag] success_cum_shaping=313.35 T=112 d_init=104.5 d_final=0.0
 Retrying in 1 seconds
[shaping_diag] success_cum_shaping=313.35 T=110 d_init=104.5 d_final=0.0
 Retrying in 1 seconds
[shaping_diag] success_cum_shaping=313.35 T=111 d_init=104.5 d_final=0.0
 Retrying in 1 seconds
[shaping_diag] success_cum_shaping=313.35 T=111 d_init=104.5 d_final=0.0
Warning: Vehicle 'other'; junction collision with vehicle 'ego', lane=':center_8_0', gap=-1.00, time=7.20 stage=move.
 Retrying in 1 seconds
 Retrying in 1 seconds
[shaping_diag] success_cum_shaping=313.35 T=110 d_init=104.5 d_final=0.0
 Retrying in 1 seconds
[shaping_diag] success_cum_shaping=313.35 T=110 d_init=104.5 d_final=0.0
 Retrying in 1 seconds
[shaping_diag] success_cum_shaping=313.35 T=110 d_init=104.5 d_final=0.0
 Retrying in 1 seconds
[shaping_diag] success_cum_shaping=313.35 T=111 d_init=104.5 d_final=0.0
 Retrying in 1 seconds
 Retrying in 1 seconds
[shaping_diag] success_cum_shaping=313.35 T=110 d_init=104.5 d_final=0.0
Warning: Vehicle 'other' performs emergency braking on lane 'left_in_0' with decel=9.00, wished=5.00, severity=1.00, time=6.50.
 Retrying in 1 seconds
[shaping_diag] success_cum_shaping=313.35 T=110 d_init=104.5 d_final=0.0
 Retrying in 1 seconds
[shaping_diag] success_cum_shaping=313.35 T=110 d_init=104.5 d_final=0.0
 Retrying in 1 seconds
[shaping_diag] success_cum_shaping=313.35 T=110 d_init=104.5 d_final=0.0
 Retrying in 1 seconds
[shaping_diag] success_cum_shaping=313.35 T=110 d_init=104.5 d_final=0.0
 Retrying in 1 seconds
[shaping_diag] success_cum_shaping=313.35 T=110 d_init=104.5 d_final=0.0
 Retrying in 1 seconds
 Retrying in 1 seconds
[shaping_diag] success_cum_shaping=313.35 T=110 d_init=104.5 d_final=0.0
 Retrying in 1 seconds
[shaping_diag] success_cum_shaping=313.35 T=110 d_init=104.5 d_final=0.0
 Retrying in 1 seconds
[shaping_diag] success_cum_shaping=313.35 T=110 d_init=104.5 d_final=0.0
[cbf_aux] step=167936 ret=288.62 coll=1 ttc=5.94 cbf_res=0.0000
 Retrying in 1 seconds
[shaping_diag] success_cum_shaping=313.35 T=115 d_init=104.5 d_final=0.0
 Retrying in 1 seconds
[shaping_diag] success_cum_shaping=313.35 T=111 d_init=104.5 d_final=0.0
 Retrying in 1 seconds
 Retrying in 1 seconds
[shaping_diag] success_cum_shaping=313.35 T=114 d_init=104.5 d_final=0.0
 Retrying in 1 seconds
[shaping_diag] success_cum_shaping=313.35 T=113 d_init=104.5 d_final=0.0
 Retrying in 1 seconds
[shaping_diag] success_cum_shaping=313.35 T=116 d_init=104.5 d_final=0.0
 Retrying in 1 seconds
[shaping_diag] success_cum_shaping=313.35 T=113 d_init=104.5 d_final=0.0
 Retrying in 1 seconds
[shaping_diag] success_cum_shaping=313.35 T=110 d_init=104.5 d_final=0.0
 Retrying in 1 seconds
[shaping_diag] success_cum_shaping=313.35 T=111 d_init=104.5 d_final=0.0
 Retrying in 1 seconds
[shaping_diag] success_cum_shaping=313.35 T=112 d_init=104.5 d_final=0.0
 Retrying in 1 seconds
[shaping_diag] success_cum_shaping=313.35 T=110 d_init=104.5 d_final=0.0
 Retrying in 1 seconds
[shaping_diag] success_cum_shaping=313.35 T=110 d_init=104.5 d_final=0.0
 Retrying in 1 seconds
[shaping_diag] success_cum_shaping=313.35 T=113 d_init=104.5 d_final=0.0
 Retrying in 1 seconds
[shaping_diag] success_cum_shaping=313.35 T=112 d_init=104.5 d_final=0.0
 Retrying in 1 seconds
[shaping_diag] success_cum_shaping=313.35 T=110 d_init=104.5 d_final=0.0
 Retrying in 1 seconds
[shaping_diag] success_cum_shaping=313.35 T=111 d_init=104.5 d_final=0.0
 Retrying in 1 seconds
[shaping_diag] success_cum_shaping=313.35 T=113 d_init=104.5 d_final=0.0
 Retrying in 1 seconds
[shaping_diag] success_cum_shaping=313.35 T=114 d_init=104.5 d_final=0.0
 Retrying in 1 seconds
[shaping_diag] success_cum_shaping=313.35 T=111 d_init=104.5 d_final=0.0
 Retrying in 1 seconds
[shaping_diag] success_cum_shaping=313.35 T=110 d_init=104.5 d_final=0.0
 Retrying in 1 seconds
[shaping_diag] success_cum_shaping=313.35 T=110 d_init=104.5 d_final=0.0
 Retrying in 1 seconds
[shaping_diag] success_cum_shaping=313.35 T=112 d_init=104.5 d_final=0.0
Warning: Vehicle 'ego'; junction collision with vehicle 'other', lane=':center_11_0', gap=-1.00, time=7.10 stage=move.
 Retrying in 1 seconds
 Retrying in 1 seconds
[shaping_diag] success_cum_shaping=313.35 T=110 d_init=104.5 d_final=0.0
Warning: Vehicle 'other' performs emergency braking on lane ':center_8_0' with decel=9.00, wished=4.00, severity=1.00, time=7.00.
Warning: Vehicle 'other'; junction collision with vehicle 'ego', lane=':center_8_0', gap=-1.00, time=7.30 stage=move.
 Retrying in 1 seconds
 Retrying in 1 seconds
 Retrying in 1 seconds
[shaping_diag] success_cum_shaping=313.35 T=114 d_init=104.5 d_final=0.0
 Retrying in 1 seconds
[shaping_diag] success_cum_shaping=313.35 T=110 d_init=104.5 d_final=0.0
 Retrying in 1 seconds
[shaping_diag] success_cum_shaping=313.35 T=110 d_init=104.5 d_final=0.0
 Retrying in 1 seconds
[shaping_diag] success_cum_shaping=313.35 T=110 d_init=104.5 d_final=0.0
 Retrying in 1 seconds
[shaping_diag] success_cum_shaping=313.35 T=112 d_init=104.5 d_final=0.0
 Retrying in 1 seconds
[shaping_diag] success_cum_shaping=313.35 T=119 d_init=104.5 d_final=0.0
 Retrying in 1 seconds
[shaping_diag] success_cum_shaping=313.35 T=113 d_init=104.5 d_final=0.0
 Retrying in 1 seconds
[shaping_diag] success_cum_shaping=313.35 T=112 d_init=104.5 d_final=0.0
 Retrying in 1 seconds
[shaping_diag] success_cum_shaping=313.35 T=110 d_init=104.5 d_final=0.0
 Retrying in 1 seconds
[shaping_diag] success_cum_shaping=313.35 T=113 d_init=104.5 d_final=0.0
 Retrying in 1 seconds
[shaping_diag] success_cum_shaping=313.35 T=110 d_init=104.5 d_final=0.0
 Retrying in 1 seconds
[shaping_diag] success_cum_shaping=313.35 T=110 d_init=104.5 d_final=0.0
Warning: Vehicle 'other' performs emergency braking on lane 'left_in_0' with decel=9.00, wished=5.00, severity=1.00, time=6.50.
 Retrying in 1 seconds
 Retrying in 1 seconds
[shaping_diag] success_cum_shaping=313.35 T=110 d_init=104.5 d_final=0.0
 Retrying in 1 seconds
[shaping_diag] success_cum_shaping=313.35 T=112 d_init=104.5 d_final=0.0
 Retrying in 1 seconds
[shaping_diag] success_cum_shaping=313.35 T=110 d_init=104.5 d_final=0.0
 Retrying in 1 seconds
[shaping_diag] success_cum_shaping=313.35 T=112 d_init=104.5 d_final=0.0
Warning: Vehicle 'other' performs emergency braking on lane ':center_8_0' with decel=9.00, wished=3.00, severity=1.00, time=7.00.
 Retrying in 1 seconds
 Retrying in 1 seconds
[shaping_diag] success_cum_shaping=313.35 T=111 d_init=104.5 d_final=0.0
 Retrying in 1 seconds
[shaping_diag] success_cum_shaping=313.35 T=114 d_init=104.5 d_final=0.0
 Retrying in 1 seconds
[shaping_diag] success_cum_shaping=313.35 T=112 d_init=104.5 d_final=0.0
 Retrying in 1 seconds
[shaping_diag] success_cum_shaping=313.35 T=110 d_init=104.5 d_final=0.0
 Retrying in 1 seconds
[shaping_diag] success_cum_shaping=313.35 T=115 d_init=104.5 d_final=0.0
 Retrying in 1 seconds
[shaping_diag] success_cum_shaping=313.35 T=110 d_init=104.5 d_final=0.0
 Retrying in 1 seconds
[shaping_diag] success_cum_shaping=313.35 T=111 d_init=104.5 d_final=0.0
 Retrying in 1 seconds
[shaping_diag] success_cum_shaping=313.35 T=110 d_init=104.5 d_final=0.0
Warning: Vehicle 'other' performs emergency braking on lane 'left_in_0' with decel=9.00, wished=5.00, severity=1.00, time=6.50.
 Retrying in 1 seconds
[shaping_diag] success_cum_shaping=313.35 T=112 d_init=104.5 d_final=0.0
 Retrying in 1 seconds
[shaping_diag] success_cum_shaping=313.35 T=110 d_init=104.5 d_final=0.0
 Retrying in 1 seconds
[shaping_diag] success_cum_shaping=313.35 T=110 d_init=104.5 d_final=0.0
 Retrying in 1 seconds
[shaping_diag] success_cum_shaping=313.35 T=111 d_init=104.5 d_final=0.0
 Retrying in 1 seconds
[shaping_diag] success_cum_shaping=313.35 T=111 d_init=104.5 d_final=0.0
 Retrying in 1 seconds
[shaping_diag] success_cum_shaping=313.35 T=110 d_init=104.5 d_final=0.0
 Retrying in 1 seconds
[shaping_diag] success_cum_shaping=313.35 T=110 d_init=104.5 d_final=0.0
Warning: Vehicle 'ego'; junction collision with vehicle 'other', lane=':center_11_0', gap=-1.00, time=7.00 stage=move.
 Retrying in 1 seconds
 Retrying in 1 seconds
[shaping_diag] success_cum_shaping=313.35 T=112 d_init=104.5 d_final=0.0
 Retrying in 1 seconds
[shaping_diag] success_cum_shaping=313.35 T=110 d_init=104.5 d_final=0.0
 Retrying in 1 seconds
[shaping_diag] success_cum_shaping=313.35 T=111 d_init=104.5 d_final=0.0
 Retrying in 1 seconds
 Retrying in 1 seconds
[shaping_diag] success_cum_shaping=313.35 T=110 d_init=104.5 d_final=0.0
 Retrying in 1 seconds
[shaping_diag] success_cum_shaping=313.35 T=110 d_init=104.5 d_final=0.0
 Retrying in 1 seconds
[shaping_diag] success_cum_shaping=313.35 T=111 d_init=104.5 d_final=0.0
 Retrying in 1 seconds
 Retrying in 1 seconds
[shaping_diag] success_cum_shaping=313.35 T=111 d_init=104.5 d_final=0.0
 Retrying in 1 seconds
[shaping_diag] success_cum_shaping=313.35 T=113 d_init=104.5 d_final=0.0
 Retrying in 1 seconds
[shaping_diag] success_cum_shaping=313.35 T=110 d_init=104.5 d_final=0.0
Warning: Vehicle 'other' performs emergency braking on lane 'left_in_0' with decel=9.00, wished=5.00, severity=1.00, time=6.60.
 Retrying in 1 seconds
[shaping_diag] success_cum_shaping=313.35 T=111 d_init=104.5 d_final=0.0
 Retrying in 1 seconds
[shaping_diag] success_cum_shaping=313.35 T=110 d_init=104.5 d_final=0.0
 Retrying in 1 seconds
[shaping_diag] success_cum_shaping=313.35 T=114 d_init=104.5 d_final=0.0
 Retrying in 1 seconds
[shaping_diag] success_cum_shaping=313.35 T=113 d_init=104.5 d_final=0.0
 Retrying in 1 seconds
[shaping_diag] success_cum_shaping=313.35 T=110 d_init=104.5 d_final=0.0
 Retrying in 1 seconds
[shaping_diag] success_cum_shaping=313.35 T=110 d_init=104.5 d_final=0.0
 Retrying in 1 seconds
 Retrying in 1 seconds
 Retrying in 1 seconds
[shaping_diag] success_cum_shaping=313.35 T=111 d_init=104.5 d_final=0.0
 Retrying in 1 seconds
[shaping_diag] success_cum_shaping=313.35 T=116 d_init=104.5 d_final=0.0
 Retrying in 1 seconds
[shaping_diag] success_cum_shaping=313.35 T=113 d_init=104.5 d_final=0.0
 Retrying in 1 seconds
[shaping_diag] success_cum_shaping=313.35 T=111 d_init=104.5 d_final=0.0
 Retrying in 1 seconds
[shaping_diag] success_cum_shaping=313.35 T=115 d_init=104.5 d_final=0.0
Warning: Vehicle 'other' performs emergency braking on lane 'left_in_0' with decel=9.00, wished=5.00, severity=1.00, time=6.50.
 Retrying in 1 seconds
[shaping_diag] success_cum_shaping=313.35 T=111 d_init=104.5 d_final=0.0
 Retrying in 1 seconds
[shaping_diag] success_cum_shaping=313.35 T=111 d_init=104.5 d_final=0.0
 Retrying in 1 seconds
[shaping_diag] success_cum_shaping=313.35 T=111 d_init=104.5 d_final=0.0
 Retrying in 1 seconds
[shaping_diag] success_cum_shaping=313.35 T=112 d_init=104.5 d_final=0.0
 Retrying in 1 seconds
[shaping_diag] success_cum_shaping=313.35 T=110 d_init=104.5 d_final=0.0
Warning: Vehicle 'other'; junction collision with vehicle 'ego', lane=':center_8_0', gap=-1.00, time=7.20 stage=move.
 Retrying in 1 seconds
 Retrying in 1 seconds
[shaping_diag] success_cum_shaping=313.35 T=114 d_init=104.5 d_final=0.0
 Retrying in 1 seconds
[shaping_diag] success_cum_shaping=313.35 T=111 d_init=104.5 d_final=0.0
 Retrying in 1 seconds
[shaping_diag] success_cum_shaping=313.35 T=111 d_init=104.5 d_final=0.0
 Retrying in 1 seconds
[shaping_diag] success_cum_shaping=313.35 T=115 d_init=104.5 d_final=0.0
 Retrying in 1 seconds
[shaping_diag] success_cum_shaping=313.35 T=110 d_init=104.5 d_final=0.0
Warning: Vehicle 'other'; junction collision with vehicle 'ego', lane=':center_8_0', gap=-1.00, time=7.40 stage=move.
Warning: Vehicle 'other'; junction collision with vehicle 'ego', lane=':center_8_0', gap=-1.00, time=7.00 stage=move.
 Retrying in 1 seconds
 Retrying in 1 seconds
 Retrying in 1 seconds
 Retrying in 1 seconds
 Retrying in 1 seconds
[shaping_diag] success_cum_shaping=313.35 T=111 d_init=104.5 d_final=0.0
 Retrying in 1 seconds
[shaping_diag] success_cum_shaping=313.35 T=113 d_init=104.5 d_final=0.0
 Retrying in 1 seconds
[shaping_diag] success_cum_shaping=313.35 T=112 d_init=104.5 d_final=0.0
 Retrying in 1 seconds
[shaping_diag] success_cum_shaping=313.35 T=120 d_init=104.5 d_final=0.0
 Retrying in 1 seconds
 Retrying in 1 seconds
[shaping_diag] success_cum_shaping=313.35 T=110 d_init=104.5 d_final=0.0
 Retrying in 1 seconds
[shaping_diag] success_cum_shaping=313.35 T=110 d_init=104.5 d_final=0.0
 Retrying in 1 seconds
[shaping_diag] success_cum_shaping=313.35 T=111 d_init=104.5 d_final=0.0
 Retrying in 1 seconds
[shaping_diag] success_cum_shaping=313.35 T=112 d_init=104.5 d_final=0.0
 Retrying in 1 seconds
[shaping_diag] success_cum_shaping=313.35 T=111 d_init=104.5 d_final=0.0
 Retrying in 1 seconds
[shaping_diag] success_cum_shaping=313.35 T=111 d_init=104.5 d_final=0.0
 Retrying in 1 seconds
[shaping_diag] success_cum_shaping=313.35 T=115 d_init=104.5 d_final=0.0
 Retrying in 1 seconds
[shaping_diag] success_cum_shaping=313.35 T=111 d_init=104.5 d_final=0.0
 Retrying in 1 seconds
[shaping_diag] success_cum_shaping=313.35 T=116 d_init=104.5 d_final=0.0
 Retrying in 1 seconds
[shaping_diag] success_cum_shaping=313.35 T=114 d_init=104.5 d_final=0.0
 Retrying in 1 seconds
 Retrying in 1 seconds
[shaping_diag] success_cum_shaping=313.35 T=112 d_init=104.5 d_final=0.0
 Retrying in 1 seconds
[shaping_diag] success_cum_shaping=313.35 T=110 d_init=104.5 d_final=0.0
Warning: Vehicle 'other'; junction collision with vehicle 'ego', lane=':center_8_0', gap=-1.00, time=7.00 stage=move.
 Retrying in 1 seconds
 Retrying in 1 seconds
 Retrying in 1 seconds
 Retrying in 1 seconds
 Retrying in 1 seconds
[shaping_diag] success_cum_shaping=313.35 T=116 d_init=104.5 d_final=0.0
 Retrying in 1 seconds
[shaping_diag] success_cum_shaping=313.35 T=111 d_init=104.5 d_final=0.0
Warning: Vehicle 'other' performs emergency braking on lane 'left_in_0' with decel=9.00, wished=5.00, severity=1.00, time=6.50.
 Retrying in 1 seconds
[shaping_diag] success_cum_shaping=313.35 T=110 d_init=104.5 d_final=0.0
 Retrying in 1 seconds
[shaping_diag] success_cum_shaping=313.35 T=111 d_init=104.5 d_final=0.0
 Retrying in 1 seconds
[shaping_diag] success_cum_shaping=313.35 T=111 d_init=104.5 d_final=0.0
 Retrying in 1 seconds
[shaping_diag] success_cum_shaping=313.35 T=110 d_init=104.5 d_final=0.0
Warning: Vehicle 'other' performs emergency braking on lane ':center_8_0' with decel=9.00, wished=4.00, severity=1.00, time=7.20.
 Retrying in 1 seconds
 Retrying in 1 seconds
[shaping_diag] success_cum_shaping=313.35 T=110 d_init=104.5 d_final=0.0
 Retrying in 1 seconds
[shaping_diag] success_cum_shaping=313.35 T=110 d_init=104.5 d_final=0.0
 Retrying in 1 seconds
[shaping_diag] success_cum_shaping=313.35 T=111 d_init=104.5 d_final=0.0
Warning: Vehicle 'other' performs emergency braking on lane 'left_in_0' with decel=9.00, wished=5.00, severity=1.00, time=6.50.
 Retrying in 1 seconds
[shaping_diag] success_cum_shaping=313.35 T=111 d_init=104.5 d_final=0.0
 Retrying in 1 seconds
[shaping_diag] success_cum_shaping=313.35 T=111 d_init=104.5 d_final=0.0
 Retrying in 1 seconds
[shaping_diag] success_cum_shaping=313.35 T=114 d_init=104.5 d_final=0.0
 Retrying in 1 seconds
[shaping_diag] success_cum_shaping=313.35 T=112 d_init=104.5 d_final=0.0
 Retrying in 1 seconds
 Retrying in 1 seconds
[shaping_diag] success_cum_shaping=313.35 T=111 d_init=104.5 d_final=0.0
 Retrying in 1 seconds
[shaping_diag] success_cum_shaping=313.35 T=111 d_init=104.5 d_final=0.0
Warning: Vehicle 'other'; junction collision with vehicle 'ego', lane=':center_8_0', gap=-1.00, time=7.10 stage=move.
 Retrying in 1 seconds
 Retrying in 1 seconds
[shaping_diag] success_cum_shaping=313.35 T=112 d_init=104.5 d_final=0.0
 Retrying in 1 seconds
[shaping_diag] success_cum_shaping=313.35 T=111 d_init=104.5 d_final=0.0
Warning: Vehicle 'ego'; junction collision with vehicle 'other', lane=':center_11_0', gap=-1.00, time=7.10 stage=move.
 Retrying in 1 seconds
 Retrying in 1 seconds
[shaping_diag] success_cum_shaping=313.35 T=112 d_init=104.5 d_final=0.0
 Retrying in 1 seconds
[shaping_diag] success_cum_shaping=313.35 T=111 d_init=104.5 d_final=0.0
 Retrying in 1 seconds
[shaping_diag] success_cum_shaping=313.35 T=115 d_init=104.5 d_final=0.0
 Retrying in 1 seconds
[shaping_diag] success_cum_shaping=313.35 T=110 d_init=104.5 d_final=0.0
Warning: Vehicle 'ego'; junction collision with vehicle 'other', lane=':center_2_0', gap=-0.11, time=6.20 stage=move.
 Retrying in 1 seconds
 Retrying in 1 seconds
[shaping_diag] success_cum_shaping=313.35 T=114 d_init=104.5 d_final=0.0
Warning: Vehicle 'other'; junction collision with vehicle 'ego', lane=':center_8_0', gap=-1.00, time=7.10 stage=move.
 Retrying in 1 seconds
 Retrying in 1 seconds
[shaping_diag] success_cum_shaping=313.35 T=110 d_init=104.5 d_final=0.0
 Retrying in 1 seconds
[shaping_diag] success_cum_shaping=313.35 T=110 d_init=104.5 d_final=0.0
Warning: Vehicle 'other' performs emergency braking on lane ':center_8_0' with decel=9.00, wished=3.00, severity=1.00, time=7.30.
 Retrying in 1 seconds
 Retrying in 1 seconds
[shaping_diag] success_cum_shaping=313.35 T=112 d_init=104.5 d_final=0.0
 Retrying in 1 seconds
 Retrying in 1 seconds
[shaping_diag] success_cum_shaping=313.35 T=112 d_init=104.5 d_final=0.0
 Retrying in 1 seconds
[shaping_diag] success_cum_shaping=313.35 T=111 d_init=104.5 d_final=0.0
 Retrying in 1 seconds
[shaping_diag] success_cum_shaping=313.35 T=110 d_init=104.5 d_final=0.0
 Retrying in 1 seconds
[shaping_diag] success_cum_shaping=313.35 T=110 d_init=104.5 d_final=0.0
 Retrying in 1 seconds
 Retrying in 1 seconds
[shaping_diag] success_cum_shaping=313.35 T=115 d_init=104.5 d_final=0.0
 Retrying in 1 seconds
[shaping_diag] success_cum_shaping=313.35 T=110 d_init=104.5 d_final=0.0
 Retrying in 1 seconds
[shaping_diag] success_cum_shaping=313.35 T=110 d_init=104.5 d_final=0.0
 Retrying in 1 seconds
[shaping_diag] success_cum_shaping=313.35 T=111 d_init=104.5 d_final=0.0
 Retrying in 1 seconds
 Retrying in 1 seconds
[shaping_diag] success_cum_shaping=313.35 T=117 d_init=104.5 d_final=0.0
 Retrying in 1 seconds
[shaping_diag] success_cum_shaping=313.35 T=116 d_init=104.5 d_final=0.0
 Retrying in 1 seconds
 Retrying in 1 seconds
[shaping_diag] success_cum_shaping=313.35 T=111 d_init=104.5 d_final=0.0
 Retrying in 1 seconds
[shaping_diag] success_cum_shaping=313.35 T=112 d_init=104.5 d_final=0.0
 Retrying in 1 seconds
[shaping_diag] success_cum_shaping=313.35 T=112 d_init=104.5 d_final=0.0
 Retrying in 1 seconds
[shaping_diag] success_cum_shaping=313.35 T=110 d_init=104.5 d_final=0.0
Warning: Vehicle 'ego'; collision with vehicle 'other', lane='right_in_1', gap=-0.16, time=4.70 stage=move.
 Retrying in 1 seconds
 Retrying in 1 seconds
[shaping_diag] success_cum_shaping=313.35 T=113 d_init=104.5 d_final=0.0
 Retrying in 1 seconds
[shaping_diag] success_cum_shaping=313.35 T=110 d_init=104.5 d_final=0.0
 Retrying in 1 seconds
[shaping_diag] success_cum_shaping=313.35 T=111 d_init=104.5 d_final=0.0
 Retrying in 1 seconds
[shaping_diag] success_cum_shaping=313.35 T=110 d_init=104.5 d_final=0.0
 Retrying in 1 seconds
[shaping_diag] success_cum_shaping=313.35 T=110 d_init=104.5 d_final=0.0
 Retrying in 1 seconds
 Retrying in 1 seconds
[shaping_diag] success_cum_shaping=313.35 T=112 d_init=104.5 d_final=0.0
 Retrying in 1 seconds
[shaping_diag] success_cum_shaping=313.35 T=114 d_init=104.5 d_final=0.0
 Retrying in 1 seconds
[shaping_diag] success_cum_shaping=313.35 T=113 d_init=104.5 d_final=0.0
 Retrying in 1 seconds
[shaping_diag] success_cum_shaping=313.35 T=118 d_init=104.5 d_final=0.0
 Retrying in 1 seconds
[shaping_diag] success_cum_shaping=313.35 T=118 d_init=104.5 d_final=0.0
 Retrying in 1 seconds
[shaping_diag] success_cum_shaping=313.35 T=112 d_init=104.5 d_final=0.0
 Retrying in 1 seconds
 Retrying in 1 seconds
[shaping_diag] success_cum_shaping=313.35 T=115 d_init=104.5 d_final=0.0
 Retrying in 1 seconds
[shaping_diag] success_cum_shaping=313.35 T=110 d_init=104.5 d_final=0.0
 Retrying in 1 seconds
[shaping_diag] success_cum_shaping=313.35 T=112 d_init=104.5 d_final=0.0
 Retrying in 1 seconds
[shaping_diag] success_cum_shaping=313.35 T=111 d_init=104.5 d_final=0.0
 Retrying in 1 seconds
[shaping_diag] success_cum_shaping=313.35 T=117 d_init=104.5 d_final=0.0
 Retrying in 1 seconds
[shaping_diag] success_cum_shaping=313.35 T=111 d_init=104.5 d_final=0.0
 Retrying in 1 seconds
[shaping_diag] success_cum_shaping=313.35 T=112 d_init=104.5 d_final=0.0
 Retrying in 1 seconds
[shaping_diag] success_cum_shaping=313.35 T=110 d_init=104.5 d_final=0.0
 Retrying in 1 seconds
[shaping_diag] success_cum_shaping=313.35 T=113 d_init=104.5 d_final=0.0
 Retrying in 1 seconds
[shaping_diag] success_cum_shaping=313.35 T=110 d_init=104.5 d_final=0.0
 Retrying in 1 seconds
[shaping_diag] success_cum_shaping=313.35 T=117 d_init=104.5 d_final=0.0
 Retrying in 1 seconds
[shaping_diag] success_cum_shaping=313.35 T=112 d_init=104.5 d_final=0.0
 Retrying in 1 seconds
 Retrying in 1 seconds
[shaping_diag] success_cum_shaping=313.35 T=111 d_init=104.5 d_final=0.0
 Retrying in 1 seconds
[shaping_diag] success_cum_shaping=313.35 T=112 d_init=104.5 d_final=0.0
 Retrying in 1 seconds
[shaping_diag] success_cum_shaping=313.35 T=113 d_init=104.5 d_final=0.0
 Retrying in 1 seconds
[shaping_diag] success_cum_shaping=313.35 T=110 d_init=104.5 d_final=0.0
 Retrying in 1 seconds
[shaping_diag] success_cum_shaping=313.35 T=112 d_init=104.5 d_final=0.0
 Retrying in 1 seconds
[shaping_diag] success_cum_shaping=313.35 T=113 d_init=104.5 d_final=0.0
 Retrying in 1 seconds
[shaping_diag] success_cum_shaping=313.35 T=112 d_init=104.5 d_final=0.0
 Retrying in 1 seconds
[shaping_diag] success_cum_shaping=313.35 T=111 d_init=104.5 d_final=0.0
 Retrying in 1 seconds
[shaping_diag] success_cum_shaping=313.35 T=111 d_init=104.5 d_final=0.0
 Retrying in 1 seconds
[shaping_diag] success_cum_shaping=313.35 T=112 d_init=104.5 d_final=0.0
Warning: Vehicle 'other'; junction collision with vehicle 'ego', lane=':center_8_0', gap=-1.00, time=7.20 stage=move.
 Retrying in 1 seconds
 Retrying in 1 seconds
[shaping_diag] success_cum_shaping=313.35 T=111 d_init=104.5 d_final=0.0
 Retrying in 1 seconds
[shaping_diag] success_cum_shaping=313.35 T=111 d_init=104.5 d_final=0.0
 Retrying in 1 seconds
[shaping_diag] success_cum_shaping=313.35 T=110 d_init=104.5 d_final=0.0
 Retrying in 1 seconds
 Retrying in 1 seconds
[shaping_diag] success_cum_shaping=313.35 T=113 d_init=104.5 d_final=0.0
 Retrying in 1 seconds
[shaping_diag] success_cum_shaping=313.35 T=111 d_init=104.5 d_final=0.0
Warning: Vehicle 'ego'; junction collision with vehicle 'other', lane=':center_11_0', gap=-1.00, time=7.00 stage=move.
 Retrying in 1 seconds
 Retrying in 1 seconds
[shaping_diag] success_cum_shaping=313.35 T=110 d_init=104.5 d_final=0.0
 Retrying in 1 seconds
[shaping_diag] success_cum_shaping=313.35 T=111 d_init=104.5 d_final=0.0
 Retrying in 1 seconds
[shaping_diag] success_cum_shaping=313.35 T=113 d_init=104.5 d_final=0.0
 Retrying in 1 seconds
[shaping_diag] success_cum_shaping=313.35 T=111 d_init=104.5 d_final=0.0
 Retrying in 1 seconds
[shaping_diag] success_cum_shaping=313.35 T=111 d_init=104.5 d_final=0.0
 Retrying in 1 seconds
[shaping_diag] success_cum_shaping=313.35 T=117 d_init=104.5 d_final=0.0
Warning: Vehicle 'other' performs emergency braking on lane 'left_in_0' with decel=9.00, wished=5.00, severity=1.00, time=6.70.
 Retrying in 1 seconds
[shaping_diag] success_cum_shaping=313.35 T=112 d_init=104.5 d_final=0.0
 Retrying in 1 seconds
[shaping_diag] success_cum_shaping=313.35 T=113 d_init=104.5 d_final=0.0
 Retrying in 1 seconds
[shaping_diag] success_cum_shaping=313.35 T=111 d_init=104.5 d_final=0.0
 Retrying in 1 seconds
[shaping_diag] success_cum_shaping=313.35 T=110 d_init=104.5 d_final=0.0
Warning: Vehicle 'other'; junction collision with vehicle 'ego', lane=':center_8_0', gap=-1.00, time=7.80 stage=move.
 Retrying in 1 seconds
 Retrying in 1 seconds
[shaping_diag] success_cum_shaping=313.35 T=110 d_init=104.5 d_final=0.0
 Retrying in 1 seconds
 Retrying in 1 seconds
[shaping_diag] success_cum_shaping=313.35 T=114 d_init=104.5 d_final=0.0
 Retrying in 1 seconds
[shaping_diag] success_cum_shaping=313.35 T=111 d_init=104.5 d_final=0.0
 Retrying in 1 seconds
[shaping_diag] success_cum_shaping=313.35 T=112 d_init=104.5 d_final=0.0
 Retrying in 1 seconds
[shaping_diag] success_cum_shaping=313.35 T=110 d_init=104.5 d_final=0.0
 Retrying in 1 seconds
[shaping_diag] success_cum_shaping=313.35 T=112 d_init=104.5 d_final=0.0
Warning: Vehicle 'ego'; collision with vehicle 'other', lane='right_in_1', gap=-0.30, time=5.80 stage=move.
 Retrying in 1 seconds
 Retrying in 1 seconds
 Retrying in 1 seconds
[shaping_diag] success_cum_shaping=313.35 T=112 d_init=104.5 d_final=0.0
 Retrying in 1 seconds
 Retrying in 1 seconds
[shaping_diag] success_cum_shaping=313.35 T=111 d_init=104.5 d_final=0.0
 Retrying in 1 seconds
[shaping_diag] success_cum_shaping=313.35 T=112 d_init=104.5 d_final=0.0
 Retrying in 1 seconds
[shaping_diag] success_cum_shaping=313.35 T=111 d_init=104.5 d_final=0.0
 Retrying in 1 seconds
[shaping_diag] success_cum_shaping=313.35 T=110 d_init=104.5 d_final=0.0
Warning: Vehicle 'ego'; junction collision with vehicle 'other', lane=':center_11_0', gap=-1.00, time=7.00 stage=move.
 Retrying in 1 seconds
 Retrying in 1 seconds
[shaping_diag] success_cum_shaping=313.35 T=110 d_init=104.5 d_final=0.0
 Retrying in 1 seconds
[shaping_diag] success_cum_shaping=313.35 T=111 d_init=104.5 d_final=0.0
Warning: Vehicle 'other'; junction collision with vehicle 'ego', lane=':center_8_0', gap=-1.00, time=7.10 stage=move.
 Retrying in 1 seconds
 Retrying in 1 seconds
[shaping_diag] success_cum_shaping=313.35 T=110 d_init=104.5 d_final=0.0
Warning: Vehicle 'other'; junction collision with vehicle 'ego', lane=':center_8_0', gap=-1.00, time=7.10 stage=move.
 Retrying in 1 seconds
 Retrying in 1 seconds
[shaping_diag] success_cum_shaping=313.35 T=110 d_init=104.5 d_final=0.0
Warning: Vehicle 'other'; junction collision with vehicle 'ego', lane=':center_8_0', gap=-1.00, time=7.10 stage=move.
 Retrying in 1 seconds
 Retrying in 1 seconds
[shaping_diag] success_cum_shaping=313.35 T=111 d_init=104.5 d_final=0.0
Warning: Vehicle 'ego'; junction collision with vehicle 'other', lane=':center_11_0', gap=-1.00, time=7.10 stage=move.
 Retrying in 1 seconds
 Retrying in 1 seconds
[shaping_diag] success_cum_shaping=313.35 T=110 d_init=104.5 d_final=0.0
 Retrying in 1 seconds
 Retrying in 1 seconds
[shaping_diag] success_cum_shaping=313.35 T=112 d_init=104.5 d_final=0.0
 Retrying in 1 seconds
[shaping_diag] success_cum_shaping=313.35 T=110 d_init=104.5 d_final=0.0
 Retrying in 1 seconds
[shaping_diag] success_cum_shaping=313.35 T=111 d_init=104.5 d_final=0.0
 Retrying in 1 seconds
[shaping_diag] success_cum_shaping=313.35 T=110 d_init=104.5 d_final=0.0
 Retrying in 1 seconds
 Retrying in 1 seconds
 Retrying in 1 seconds
[shaping_diag] success_cum_shaping=313.35 T=110 d_init=104.5 d_final=0.0
 Retrying in 1 seconds
[shaping_diag] success_cum_shaping=313.35 T=112 d_init=104.5 d_final=0.0
 Retrying in 1 seconds
[shaping_diag] success_cum_shaping=313.35 T=115 d_init=104.5 d_final=0.0
 Retrying in 1 seconds
[shaping_diag] success_cum_shaping=313.35 T=111 d_init=104.5 d_final=0.0
 Retrying in 1 seconds
[shaping_diag] success_cum_shaping=313.35 T=115 d_init=104.5 d_final=0.0
 Retrying in 1 seconds
[shaping_diag] success_cum_shaping=313.35 T=110 d_init=104.5 d_final=0.0
 Retrying in 1 seconds
[shaping_diag] success_cum_shaping=313.35 T=111 d_init=104.5 d_final=0.0
 Retrying in 1 seconds
 Retrying in 1 seconds
[shaping_diag] success_cum_shaping=313.35 T=112 d_init=104.5 d_final=0.0
 Retrying in 1 seconds
 Retrying in 1 seconds
[shaping_diag] success_cum_shaping=313.35 T=110 d_init=104.5 d_final=0.0
 Retrying in 1 seconds
[shaping_diag] success_cum_shaping=313.35 T=110 d_init=104.5 d_final=0.0
 Retrying in 1 seconds
[shaping_diag] success_cum_shaping=313.35 T=110 d_init=104.5 d_final=0.0
 Retrying in 1 seconds
[shaping_diag] success_cum_shaping=313.35 T=113 d_init=104.5 d_final=0.0
 Retrying in 1 seconds
[shaping_diag] success_cum_shaping=313.35 T=113 d_init=104.5 d_final=0.0
 Retrying in 1 seconds
[shaping_diag] success_cum_shaping=313.35 T=110 d_init=104.5 d_final=0.0
 Retrying in 1 seconds
[shaping_diag] success_cum_shaping=313.35 T=111 d_init=104.5 d_final=0.0
 Retrying in 1 seconds
[shaping_diag] success_cum_shaping=313.35 T=110 d_init=104.5 d_final=0.0
 Retrying in 1 seconds
 Retrying in 1 seconds
[shaping_diag] success_cum_shaping=313.35 T=110 d_init=104.5 d_final=0.0
 Retrying in 1 seconds
[shaping_diag] success_cum_shaping=313.35 T=112 d_init=104.5 d_final=0.0
 Retrying in 1 seconds
[shaping_diag] success_cum_shaping=313.35 T=111 d_init=104.5 d_final=0.0
 Retrying in 1 seconds
[shaping_diag] success_cum_shaping=313.35 T=111 d_init=104.5 d_final=0.0
 Retrying in 1 seconds
[shaping_diag] success_cum_shaping=313.35 T=110 d_init=104.5 d_final=0.0
 Retrying in 1 seconds
[shaping_diag] success_cum_shaping=313.35 T=111 d_init=104.5 d_final=0.0
 Retrying in 1 seconds
[shaping_diag] success_cum_shaping=313.35 T=112 d_init=104.5 d_final=0.0
 Retrying in 1 seconds
[shaping_diag] success_cum_shaping=313.35 T=110 d_init=104.5 d_final=0.0
 Retrying in 1 seconds
[shaping_diag] success_cum_shaping=313.35 T=112 d_init=104.5 d_final=0.0
 Retrying in 1 seconds
[shaping_diag] success_cum_shaping=313.35 T=111 d_init=104.5 d_final=0.0
 Retrying in 1 seconds
[shaping_diag] success_cum_shaping=313.35 T=114 d_init=104.5 d_final=0.0
 Retrying in 1 seconds
[shaping_diag] success_cum_shaping=313.35 T=111 d_init=104.5 d_final=0.0
 Retrying in 1 seconds
[shaping_diag] success_cum_shaping=313.35 T=110 d_init=104.5 d_final=0.0
 Retrying in 1 seconds
[shaping_diag] success_cum_shaping=313.35 T=117 d_init=104.5 d_final=0.0
Warning: Vehicle 'ego'; junction collision with vehicle 'other', lane=':center_11_0', gap=-1.00, time=7.50 stage=move.
 Retrying in 1 seconds
 Retrying in 1 seconds
[shaping_diag] success_cum_shaping=313.35 T=114 d_init=104.5 d_final=0.0
Warning: Vehicle 'other' performs emergency braking on lane 'left_in_0' with decel=9.00, wished=5.00, severity=1.00, time=6.50.
 Retrying in 1 seconds
[shaping_diag] success_cum_shaping=313.35 T=111 d_init=104.5 d_final=0.0
 Retrying in 1 seconds
[shaping_diag] success_cum_shaping=313.35 T=114 d_init=104.5 d_final=0.0
 Retrying in 1 seconds
[shaping_diag] success_cum_shaping=313.35 T=110 d_init=104.5 d_final=0.0
 Retrying in 1 seconds
[shaping_diag] success_cum_shaping=313.35 T=119 d_init=104.5 d_final=0.0
 Retrying in 1 seconds
[shaping_diag] success_cum_shaping=313.35 T=113 d_init=104.5 d_final=0.0
 Retrying in 1 seconds
[shaping_diag] success_cum_shaping=313.35 T=112 d_init=104.5 d_final=0.0
 Retrying in 1 seconds
[shaping_diag] success_cum_shaping=313.35 T=111 d_init=104.5 d_final=0.0
 Retrying in 1 seconds
[shaping_diag] success_cum_shaping=313.35 T=111 d_init=104.5 d_final=0.0
 Retrying in 1 seconds
[shaping_diag] success_cum_shaping=313.35 T=112 d_init=104.5 d_final=0.0
Warning: Vehicle 'ego'; junction collision with vehicle 'other', lane=':center_11_0', gap=-1.00, time=7.30 stage=move.
 Retrying in 1 seconds
 Retrying in 1 seconds
[shaping_diag] success_cum_shaping=313.35 T=110 d_init=104.5 d_final=0.0
 Retrying in 1 seconds
[shaping_diag] success_cum_shaping=313.35 T=111 d_init=104.5 d_final=0.0
 Retrying in 1 seconds
[shaping_diag] success_cum_shaping=313.35 T=113 d_init=104.5 d_final=0.0
 Retrying in 1 seconds
[shaping_diag] success_cum_shaping=313.35 T=112 d_init=104.5 d_final=0.0
 Retrying in 1 seconds
[shaping_diag] success_cum_shaping=313.35 T=110 d_init=104.5 d_final=0.0
 Retrying in 1 seconds
[shaping_diag] success_cum_shaping=313.35 T=111 d_init=104.5 d_final=0.0
 Retrying in 1 seconds
[shaping_diag] success_cum_shaping=313.35 T=115 d_init=104.5 d_final=0.0
 Retrying in 1 seconds
[shaping_diag] success_cum_shaping=313.35 T=110 d_init=104.5 d_final=0.0
 Retrying in 1 seconds
[shaping_diag] success_cum_shaping=313.35 T=110 d_init=104.5 d_final=0.0
 Retrying in 1 seconds
[shaping_diag] success_cum_shaping=313.35 T=123 d_init=104.5 d_final=0.0
 Retrying in 1 seconds
[shaping_diag] success_cum_shaping=313.35 T=115 d_init=104.5 d_final=0.0
 Retrying in 1 seconds
 Retrying in 1 seconds
[shaping_diag] success_cum_shaping=313.35 T=112 d_init=104.5 d_final=0.0
 Retrying in 1 seconds
[shaping_diag] success_cum_shaping=313.35 T=110 d_init=104.5 d_final=0.0
 Retrying in 1 seconds
[shaping_diag] success_cum_shaping=313.35 T=113 d_init=104.5 d_final=0.0
Warning: Vehicle 'other' performs emergency braking on lane 'left_in_0' with decel=9.00, wished=5.00, severity=1.00, time=6.50.
 Retrying in 1 seconds
[shaping_diag] success_cum_shaping=313.35 T=111 d_init=104.5 d_final=0.0
 Retrying in 1 seconds
[shaping_diag] success_cum_shaping=313.35 T=110 d_init=104.5 d_final=0.0
 Retrying in 1 seconds
[shaping_diag] success_cum_shaping=313.35 T=111 d_init=104.5 d_final=0.0
Warning: Vehicle 'ego'; junction collision with vehicle 'other', lane=':center_11_0', gap=-1.00, time=7.10 stage=move.
 Retrying in 1 seconds
 Retrying in 1 seconds
[shaping_diag] success_cum_shaping=313.35 T=115 d_init=104.5 d_final=0.0
 Retrying in 1 seconds
[shaping_diag] success_cum_shaping=313.35 T=113 d_init=104.5 d_final=0.0
 Retrying in 1 seconds
[shaping_diag] success_cum_shaping=313.35 T=110 d_init=104.5 d_final=0.0
 Retrying in 1 seconds
[shaping_diag] success_cum_shaping=313.35 T=110 d_init=104.5 d_final=0.0
 Retrying in 1 seconds
[shaping_diag] success_cum_shaping=313.35 T=110 d_init=104.5 d_final=0.0
 Retrying in 1 seconds
[shaping_diag] success_cum_shaping=313.35 T=111 d_init=104.5 d_final=0.0
 Retrying in 1 seconds
[shaping_diag] success_cum_shaping=313.35 T=119 d_init=104.5 d_final=0.0
 Retrying in 1 seconds
[shaping_diag] success_cum_shaping=313.35 T=112 d_init=104.5 d_final=0.0
 Retrying in 1 seconds
[shaping_diag] success_cum_shaping=313.35 T=110 d_init=104.5 d_final=0.0
Warning: Vehicle 'other'; junction collision with vehicle 'ego', lane=':center_8_0', gap=-1.00, time=7.10 stage=move.
 Retrying in 1 seconds
 Retrying in 1 seconds
[shaping_diag] success_cum_shaping=313.35 T=114 d_init=104.5 d_final=0.0
 Retrying in 1 seconds
 Retrying in 1 seconds
[shaping_diag] success_cum_shaping=313.35 T=115 d_init=104.5 d_final=0.0
Warning: Vehicle 'ego'; junction collision with vehicle 'other', lane=':center_11_0', gap=-1.00, time=7.20 stage=move.
 Retrying in 1 seconds
 Retrying in 1 seconds
[shaping_diag] success_cum_shaping=313.35 T=113 d_init=104.5 d_final=0.0
 Retrying in 1 seconds
[shaping_diag] success_cum_shaping=313.35 T=111 d_init=104.5 d_final=0.0
 Retrying in 1 seconds
[shaping_diag] success_cum_shaping=313.35 T=113 d_init=104.5 d_final=0.0
 Retrying in 1 seconds
[shaping_diag] success_cum_shaping=313.35 T=112 d_init=104.5 d_final=0.0
 Retrying in 1 seconds
[shaping_diag] success_cum_shaping=313.35 T=110 d_init=104.5 d_final=0.0
 Retrying in 1 seconds
[shaping_diag] success_cum_shaping=313.35 T=110 d_init=104.5 d_final=0.0
 Retrying in 1 seconds
[shaping_diag] success_cum_shaping=313.35 T=111 d_init=104.5 d_final=0.0
 Retrying in 1 seconds
[shaping_diag] success_cum_shaping=313.35 T=117 d_init=104.5 d_final=0.0
 Retrying in 1 seconds
[shaping_diag] success_cum_shaping=313.35 T=112 d_init=104.5 d_final=0.0
Warning: Vehicle 'other2' performs emergency braking on lane 'left_in_0' with decel=9.00, wished=6.00, severity=1.00, time=6.90.
 Retrying in 1 seconds
[shaping_diag] success_cum_shaping=313.35 T=115 d_init=104.5 d_final=0.0
 Retrying in 1 seconds
[shaping_diag] success_cum_shaping=313.35 T=110 d_init=104.5 d_final=0.0
 Retrying in 1 seconds
[shaping_diag] success_cum_shaping=313.35 T=114 d_init=104.5 d_final=0.0
 Retrying in 1 seconds
[shaping_diag] success_cum_shaping=313.35 T=111 d_init=104.5 d_final=0.0
 Retrying in 1 seconds
[shaping_diag] success_cum_shaping=313.35 T=111 d_init=104.5 d_final=0.0
 Retrying in 1 seconds
[shaping_diag] success_cum_shaping=313.35 T=110 d_init=104.5 d_final=0.0
Warning: Vehicle 'ego'; junction collision with vehicle 'other', lane=':center_11_0', gap=-1.00, time=7.00 stage=move.
 Retrying in 1 seconds
 Retrying in 1 seconds
 Retrying in 1 seconds
 Retrying in 1 seconds
[shaping_diag] success_cum_shaping=313.35 T=112 d_init=104.5 d_final=0.0
 Retrying in 1 seconds
[shaping_diag] success_cum_shaping=313.35 T=111 d_init=104.5 d_final=0.0
 Retrying in 1 seconds
[shaping_diag] success_cum_shaping=313.35 T=110 d_init=104.5 d_final=0.0
 Retrying in 1 seconds
[shaping_diag] success_cum_shaping=313.35 T=111 d_init=104.5 d_final=0.0
 Retrying in 1 seconds
[shaping_diag] success_cum_shaping=313.35 T=112 d_init=104.5 d_final=0.0
 Retrying in 1 seconds
[shaping_diag] success_cum_shaping=313.35 T=110 d_init=104.5 d_final=0.0
 Retrying in 1 seconds
[shaping_diag] success_cum_shaping=313.35 T=113 d_init=104.5 d_final=0.0
 Retrying in 1 seconds
[shaping_diag] success_cum_shaping=313.35 T=111 d_init=104.5 d_final=0.0
 Retrying in 1 seconds
[shaping_diag] success_cum_shaping=313.35 T=111 d_init=104.5 d_final=0.0
 Retrying in 1 seconds
[shaping_diag] success_cum_shaping=313.35 T=112 d_init=104.5 d_final=0.0
 Retrying in 1 seconds
[shaping_diag] success_cum_shaping=313.35 T=113 d_init=104.5 d_final=0.0
 Retrying in 1 seconds
[shaping_diag] success_cum_shaping=313.35 T=113 d_init=104.5 d_final=0.0
 Retrying in 1 seconds
[shaping_diag] success_cum_shaping=313.35 T=111 d_init=104.5 d_final=0.0
Warning: Vehicle 'ego'; junction collision with vehicle 'other', lane=':center_11_0', gap=-1.00, time=7.10 stage=move.
 Retrying in 1 seconds
 Retrying in 1 seconds
[shaping_diag] success_cum_shaping=313.35 T=111 d_init=104.5 d_final=0.0
 Retrying in 1 seconds
[shaping_diag] success_cum_shaping=313.35 T=110 d_init=104.5 d_final=0.0
 Retrying in 1 seconds
[shaping_diag] success_cum_shaping=313.35 T=111 d_init=104.5 d_final=0.0
 Retrying in 1 seconds
[shaping_diag] success_cum_shaping=313.35 T=111 d_init=104.5 d_final=0.0
 Retrying in 1 seconds
[shaping_diag] success_cum_shaping=313.35 T=114 d_init=104.5 d_final=0.0
 Retrying in 1 seconds
[shaping_diag] success_cum_shaping=313.35 T=111 d_init=104.5 d_final=0.0
 Retrying in 1 seconds
[shaping_diag] success_cum_shaping=313.35 T=111 d_init=104.5 d_final=0.0
 Retrying in 1 seconds
[shaping_diag] success_cum_shaping=313.35 T=110 d_init=104.5 d_final=0.0
Warning: Vehicle 'other' performs emergency braking on lane ':center_8_0' with decel=9.00, wished=7.00, severity=1.00, time=7.10.
 Retrying in 1 seconds
 Retrying in 1 seconds
[shaping_diag] success_cum_shaping=313.35 T=111 d_init=104.5 d_final=0.0
 Retrying in 1 seconds
[shaping_diag] success_cum_shaping=313.35 T=112 d_init=104.5 d_final=0.0
 Retrying in 1 seconds
[shaping_diag] success_cum_shaping=313.35 T=111 d_init=104.5 d_final=0.0
 Retrying in 1 seconds
[shaping_diag] success_cum_shaping=313.35 T=110 d_init=104.5 d_final=0.0
 Retrying in 1 seconds
[shaping_diag] success_cum_shaping=313.35 T=110 d_init=104.5 d_final=0.0
 Retrying in 1 seconds
[shaping_diag] success_cum_shaping=313.35 T=112 d_init=104.5 d_final=0.0
 Retrying in 1 seconds
[shaping_diag] success_cum_shaping=313.35 T=111 d_init=104.5 d_final=0.0
 Retrying in 1 seconds
[shaping_diag] success_cum_shaping=313.35 T=110 d_init=104.5 d_final=0.0
 Retrying in 1 seconds
[shaping_diag] success_cum_shaping=313.35 T=110 d_init=104.5 d_final=0.0
Warning: Vehicle 'other' performs emergency braking on lane 'left_in_0' with decel=9.00, wished=5.00, severity=1.00, time=6.60.
 Retrying in 1 seconds
[shaping_diag] success_cum_shaping=313.35 T=111 d_init=104.5 d_final=0.0
 Retrying in 1 seconds
[shaping_diag] success_cum_shaping=313.35 T=111 d_init=104.5 d_final=0.0
 Retrying in 1 seconds
[shaping_diag] success_cum_shaping=313.35 T=113 d_init=104.5 d_final=0.0
 Retrying in 1 seconds
[shaping_diag] success_cum_shaping=313.35 T=110 d_init=104.5 d_final=0.0
 Retrying in 1 seconds
[shaping_diag] success_cum_shaping=313.35 T=112 d_init=104.5 d_final=0.0
 Retrying in 1 seconds
 Retrying in 1 seconds
[shaping_diag] success_cum_shaping=313.35 T=110 d_init=104.5 d_final=0.0
 Retrying in 1 seconds
[shaping_diag] success_cum_shaping=313.35 T=110 d_init=104.5 d_final=0.0
 Retrying in 1 seconds
[shaping_diag] success_cum_shaping=313.35 T=110 d_init=104.5 d_final=0.0
 Retrying in 1 seconds
[shaping_diag] success_cum_shaping=313.35 T=110 d_init=104.5 d_final=0.0
 Retrying in 1 seconds
[shaping_diag] success_cum_shaping=313.35 T=110 d_init=104.5 d_final=0.0
 Retrying in 1 seconds
[shaping_diag] success_cum_shaping=313.35 T=110 d_init=104.5 d_final=0.0
Warning: Vehicle 'ego'; junction collision with vehicle 'other', lane=':center_11_0', gap=-1.00, time=6.90 stage=move.
 Retrying in 1 seconds
 Retrying in 1 seconds
[shaping_diag] success_cum_shaping=313.35 T=110 d_init=104.5 d_final=0.0
Warning: Vehicle 'other' performs emergency braking on lane 'left_in_0' with decel=9.00, wished=5.00, severity=1.00, time=6.50.
 Retrying in 1 seconds
 Retrying in 1 seconds
[shaping_diag] success_cum_shaping=313.35 T=110 d_init=104.5 d_final=0.0
Warning: Vehicle 'other' performs emergency braking on lane 'left_in_0' with decel=9.00, wished=7.00, severity=1.00, time=6.80.
[cbf_aux] step=208896 ret=300.84 coll=2 ttc=6.03 cbf_res=0.0000
 Retrying in 1 seconds
[shaping_diag] success_cum_shaping=313.35 T=113 d_init=104.5 d_final=0.0
 Retrying in 1 seconds
[shaping_diag] success_cum_shaping=313.35 T=113 d_init=104.5 d_final=0.0
 Retrying in 1 seconds
[shaping_diag] success_cum_shaping=313.35 T=114 d_init=104.5 d_final=0.0
 Retrying in 1 seconds
[shaping_diag] success_cum_shaping=313.35 T=111 d_init=104.5 d_final=0.0
 Retrying in 1 seconds
[shaping_diag] success_cum_shaping=313.35 T=111 d_init=104.5 d_final=0.0
 Retrying in 1 seconds
[shaping_diag] success_cum_shaping=313.35 T=114 d_init=104.5 d_final=0.0
 Retrying in 1 seconds
[shaping_diag] success_cum_shaping=313.35 T=110 d_init=104.5 d_final=0.0
 Retrying in 1 seconds
[shaping_diag] success_cum_shaping=313.35 T=110 d_init=104.5 d_final=0.0
 Retrying in 1 seconds
[shaping_diag] success_cum_shaping=313.35 T=110 d_init=104.5 d_final=0.0
 Retrying in 1 seconds
[shaping_diag] success_cum_shaping=313.35 T=111 d_init=104.5 d_final=0.0
 Retrying in 1 seconds
[shaping_diag] success_cum_shaping=313.35 T=112 d_init=104.5 d_final=0.0
 Retrying in 1 seconds
[shaping_diag] success_cum_shaping=313.35 T=113 d_init=104.5 d_final=0.0
 Retrying in 1 seconds
[shaping_diag] success_cum_shaping=313.35 T=111 d_init=104.5 d_final=0.0
 Retrying in 1 seconds
[shaping_diag] success_cum_shaping=313.35 T=113 d_init=104.5 d_final=0.0
 Retrying in 1 seconds
[shaping_diag] success_cum_shaping=313.35 T=113 d_init=104.5 d_final=0.0
Warning: Vehicle 'other'; junction collision with vehicle 'ego', lane=':center_8_0', gap=-1.00, time=7.10 stage=move.
 Retrying in 1 seconds
 Retrying in 1 seconds
[shaping_diag] success_cum_shaping=313.35 T=110 d_init=104.5 d_final=0.0
 Retrying in 1 seconds
[shaping_diag] success_cum_shaping=313.35 T=110 d_init=104.5 d_final=0.0
 Retrying in 1 seconds
[shaping_diag] success_cum_shaping=313.35 T=111 d_init=104.5 d_final=0.0
Warning: Vehicle 'ego'; collision with vehicle 'other', lane='right_in_1', gap=-0.01, time=5.60 stage=move.
 Retrying in 1 seconds
 Retrying in 1 seconds
[shaping_diag] success_cum_shaping=313.35 T=112 d_init=104.5 d_final=0.0
 Retrying in 1 seconds
[shaping_diag] success_cum_shaping=313.35 T=111 d_init=104.5 d_final=0.0
 Retrying in 1 seconds
[shaping_diag] success_cum_shaping=313.35 T=113 d_init=104.5 d_final=0.0
 Retrying in 1 seconds
[shaping_diag] success_cum_shaping=313.35 T=110 d_init=104.5 d_final=0.0
 Retrying in 1 seconds
[shaping_diag] success_cum_shaping=313.35 T=110 d_init=104.5 d_final=0.0
 Retrying in 1 seconds
 Retrying in 1 seconds
[shaping_diag] success_cum_shaping=313.35 T=112 d_init=104.5 d_final=0.0
 Retrying in 1 seconds
[shaping_diag] success_cum_shaping=313.35 T=110 d_init=104.5 d_final=0.0
 Retrying in 1 seconds
[shaping_diag] success_cum_shaping=313.35 T=113 d_init=104.5 d_final=0.0
 Retrying in 1 seconds
[shaping_diag] success_cum_shaping=313.35 T=111 d_init=104.5 d_final=0.0
 Retrying in 1 seconds
[shaping_diag] success_cum_shaping=313.35 T=112 d_init=104.5 d_final=0.0
Warning: Vehicle 'other' performs emergency braking on lane 'left_in_0' with decel=9.00, wished=5.00, severity=1.00, time=6.60.
 Retrying in 1 seconds
[shaping_diag] success_cum_shaping=313.35 T=112 d_init=104.5 d_final=0.0
 Retrying in 1 seconds
[shaping_diag] success_cum_shaping=313.35 T=110 d_init=104.5 d_final=0.0
 Retrying in 1 seconds
[shaping_diag] success_cum_shaping=313.35 T=110 d_init=104.5 d_final=0.0
 Retrying in 1 seconds
[shaping_diag] success_cum_shaping=313.35 T=110 d_init=104.5 d_final=0.0
Warning: Vehicle 'other' performs emergency braking on lane 'left_in_0' with decel=9.00, wished=7.00, severity=1.00, time=6.50.
 Retrying in 1 seconds
[shaping_diag] success_cum_shaping=313.35 T=110 d_init=104.5 d_final=0.0
 Retrying in 1 seconds
 Retrying in 1 seconds
[shaping_diag] success_cum_shaping=313.35 T=116 d_init=104.5 d_final=0.0
 Retrying in 1 seconds
 Retrying in 1 seconds
[shaping_diag] success_cum_shaping=313.35 T=110 d_init=104.5 d_final=0.0
 Retrying in 1 seconds
[shaping_diag] success_cum_shaping=313.35 T=112 d_init=104.5 d_final=0.0
 Retrying in 1 seconds
[shaping_diag] success_cum_shaping=313.35 T=111 d_init=104.5 d_final=0.0
 Retrying in 1 seconds
[shaping_diag] success_cum_shaping=313.35 T=113 d_init=104.5 d_final=0.0
 Retrying in 1 seconds
[shaping_diag] success_cum_shaping=313.35 T=112 d_init=104.5 d_final=0.0
 Retrying in 1 seconds
[shaping_diag] success_cum_shaping=313.35 T=112 d_init=104.5 d_final=0.0
Warning: Vehicle 'ego'; collision with vehicle 'other', lane='right_in_1', gap=-0.04, time=4.60 stage=move.
 Retrying in 1 seconds
 Retrying in 1 seconds
[shaping_diag] success_cum_shaping=313.35 T=113 d_init=104.5 d_final=0.0
 Retrying in 1 seconds
[shaping_diag] success_cum_shaping=313.35 T=111 d_init=104.5 d_final=0.0
 Retrying in 1 seconds
[shaping_diag] success_cum_shaping=313.35 T=111 d_init=104.5 d_final=0.0
Warning: Vehicle 'other'; junction collision with vehicle 'ego', lane=':center_8_0', gap=-1.00, time=7.40 stage=move.
 Retrying in 1 seconds
 Retrying in 1 seconds
[shaping_diag] success_cum_shaping=313.35 T=113 d_init=104.5 d_final=0.0
 Retrying in 1 seconds
[shaping_diag] success_cum_shaping=313.35 T=110 d_init=104.5 d_final=0.0
 Retrying in 1 seconds
[shaping_diag] success_cum_shaping=313.35 T=111 d_init=104.5 d_final=0.0
 Retrying in 1 seconds
[shaping_diag] success_cum_shaping=313.35 T=111 d_init=104.5 d_final=0.0
 Retrying in 1 seconds
[shaping_diag] success_cum_shaping=313.35 T=111 d_init=104.5 d_final=0.0
 Retrying in 1 seconds
[shaping_diag] success_cum_shaping=313.35 T=113 d_init=104.5 d_final=0.0
 Retrying in 1 seconds
[shaping_diag] success_cum_shaping=313.35 T=110 d_init=104.5 d_final=0.0
 Retrying in 1 seconds
[shaping_diag] success_cum_shaping=313.35 T=116 d_init=104.5 d_final=0.0
 Retrying in 1 seconds
[shaping_diag] success_cum_shaping=313.35 T=113 d_init=104.5 d_final=0.0
 Retrying in 1 seconds
[shaping_diag] success_cum_shaping=313.35 T=112 d_init=104.5 d_final=0.0
 Retrying in 1 seconds
[shaping_diag] success_cum_shaping=313.35 T=112 d_init=104.5 d_final=0.0
 Retrying in 1 seconds
[shaping_diag] success_cum_shaping=313.35 T=116 d_init=104.5 d_final=0.0
 Retrying in 1 seconds
[shaping_diag] success_cum_shaping=313.35 T=111 d_init=104.5 d_final=0.0
Warning: Vehicle 'other'; junction collision with vehicle 'ego', lane=':center_8_0', gap=-1.00, time=7.20 stage=move.
 Retrying in 1 seconds
 Retrying in 1 seconds
[shaping_diag] success_cum_shaping=313.35 T=111 d_init=104.5 d_final=0.0
 Retrying in 1 seconds
[shaping_diag] success_cum_shaping=313.35 T=114 d_init=104.5 d_final=0.0
 Retrying in 1 seconds
[shaping_diag] success_cum_shaping=313.35 T=111 d_init=104.5 d_final=0.0
Warning: Vehicle 'other2' performs emergency braking on lane 'left_in_0' with decel=9.00, wished=6.00, severity=1.00, time=6.70.
 Retrying in 1 seconds
[shaping_diag] success_cum_shaping=313.35 T=113 d_init=104.5 d_final=0.0
 Retrying in 1 seconds
[shaping_diag] success_cum_shaping=313.35 T=112 d_init=104.5 d_final=0.0
Warning: Vehicle 'other'; junction collision with vehicle 'ego', lane=':center_8_0', gap=-1.00, time=7.10 stage=move.
 Retrying in 1 seconds
 Retrying in 1 seconds
[shaping_diag] success_cum_shaping=313.35 T=111 d_init=104.5 d_final=0.0
 Retrying in 1 seconds
[shaping_diag] success_cum_shaping=313.35 T=110 d_init=104.5 d_final=0.0
 Retrying in 1 seconds
[shaping_diag] success_cum_shaping=313.35 T=111 d_init=104.5 d_final=0.0
 Retrying in 1 seconds
[shaping_diag] success_cum_shaping=313.35 T=112 d_init=104.5 d_final=0.0
 Retrying in 1 seconds
[shaping_diag] success_cum_shaping=313.35 T=113 d_init=104.5 d_final=0.0
 Retrying in 1 seconds
[shaping_diag] success_cum_shaping=313.35 T=116 d_init=104.5 d_final=0.0
Warning: Vehicle 'ego'; junction collision with vehicle 'other', lane=':center_11_0', gap=-1.00, time=7.20 stage=move.
 Retrying in 1 seconds
 Retrying in 1 seconds
 Retrying in 1 seconds
[shaping_diag] success_cum_shaping=313.35 T=113 d_init=104.5 d_final=0.0
 Retrying in 1 seconds
[shaping_diag] success_cum_shaping=313.35 T=110 d_init=104.5 d_final=0.0
 Retrying in 1 seconds
[shaping_diag] success_cum_shaping=313.35 T=112 d_init=104.5 d_final=0.0
 Retrying in 1 seconds
[shaping_diag] success_cum_shaping=313.35 T=114 d_init=104.5 d_final=0.0
Warning: Vehicle 'ego'; junction collision with vehicle 'other', lane=':center_11_0', gap=-1.00, time=7.10 stage=move.
 Retrying in 1 seconds
 Retrying in 1 seconds
 Retrying in 1 seconds
[shaping_diag] success_cum_shaping=313.35 T=111 d_init=104.5 d_final=0.0
 Retrying in 1 seconds
[shaping_diag] success_cum_shaping=313.35 T=117 d_init=104.5 d_final=0.0
 Retrying in 1 seconds
[shaping_diag] success_cum_shaping=313.35 T=115 d_init=104.5 d_final=0.0
Warning: Vehicle 'other'; junction collision with vehicle 'ego', lane=':center_8_0', gap=-1.00, time=7.40 stage=move.
 Retrying in 1 seconds
 Retrying in 1 seconds
[shaping_diag] success_cum_shaping=313.35 T=112 d_init=104.5 d_final=0.0
 Retrying in 1 seconds
[shaping_diag] success_cum_shaping=313.35 T=112 d_init=104.5 d_final=0.0
 Retrying in 1 seconds
[shaping_diag] success_cum_shaping=313.35 T=114 d_init=104.5 d_final=0.0
 Retrying in 1 seconds
[shaping_diag] success_cum_shaping=313.35 T=112 d_init=104.5 d_final=0.0
 Retrying in 1 seconds
[shaping_diag] success_cum_shaping=313.35 T=114 d_init=104.5 d_final=0.0
 Retrying in 1 seconds
[shaping_diag] success_cum_shaping=313.35 T=114 d_init=104.5 d_final=0.0
Warning: Vehicle 'other' performs emergency braking on lane 'left_in_0' with decel=9.00, wished=5.00, severity=1.00, time=6.80.
 Retrying in 1 seconds
[shaping_diag] success_cum_shaping=313.35 T=114 d_init=104.5 d_final=0.0
Warning: Vehicle 'other'; junction collision with vehicle 'ego', lane=':center_8_0', gap=-1.00, time=7.60 stage=move.
 Retrying in 1 seconds
 Retrying in 1 seconds
[shaping_diag] success_cum_shaping=313.35 T=114 d_init=104.5 d_final=0.0
 Retrying in 1 seconds
[shaping_diag] success_cum_shaping=313.35 T=112 d_init=104.5 d_final=0.0
 Retrying in 1 seconds
[shaping_diag] success_cum_shaping=313.35 T=112 d_init=104.5 d_final=0.0
 Retrying in 1 seconds
[shaping_diag] success_cum_shaping=313.35 T=114 d_init=104.5 d_final=0.0
 Retrying in 1 seconds
[shaping_diag] success_cum_shaping=313.35 T=111 d_init=104.5 d_final=0.0
 Retrying in 1 seconds
[shaping_diag] success_cum_shaping=313.35 T=116 d_init=104.5 d_final=0.0
 Retrying in 1 seconds
[shaping_diag] success_cum_shaping=313.35 T=112 d_init=104.5 d_final=0.0
 Retrying in 1 seconds
[shaping_diag] success_cum_shaping=313.35 T=112 d_init=104.5 d_final=0.0
 Retrying in 1 seconds
[shaping_diag] success_cum_shaping=313.35 T=111 d_init=104.5 d_final=0.0
 Retrying in 1 seconds
[shaping_diag] success_cum_shaping=313.35 T=112 d_init=104.5 d_final=0.0
 Retrying in 1 seconds
[shaping_diag] success_cum_shaping=313.35 T=113 d_init=104.5 d_final=0.0
 Retrying in 1 seconds
[shaping_diag] success_cum_shaping=313.35 T=112 d_init=104.5 d_final=0.0
 Retrying in 1 seconds
[shaping_diag] success_cum_shaping=313.35 T=111 d_init=104.5 d_final=0.0
 Retrying in 1 seconds
[shaping_diag] success_cum_shaping=313.35 T=110 d_init=104.5 d_final=0.0
 Retrying in 1 seconds
[shaping_diag] success_cum_shaping=313.35 T=118 d_init=104.5 d_final=0.0
 Retrying in 1 seconds
[shaping_diag] success_cum_shaping=313.35 T=113 d_init=104.5 d_final=0.0
 Retrying in 1 seconds
[shaping_diag] success_cum_shaping=313.35 T=113 d_init=104.5 d_final=0.0
 Retrying in 1 seconds
[shaping_diag] success_cum_shaping=313.35 T=119 d_init=104.5 d_final=0.0
 Retrying in 1 seconds
[shaping_diag] success_cum_shaping=313.35 T=112 d_init=104.5 d_final=0.0
 Retrying in 1 seconds
 Retrying in 1 seconds
[shaping_diag] success_cum_shaping=313.35 T=111 d_init=104.5 d_final=0.0
 Retrying in 1 seconds
[shaping_diag] success_cum_shaping=313.35 T=114 d_init=104.5 d_final=0.0
 Retrying in 1 seconds
[shaping_diag] success_cum_shaping=313.35 T=114 d_init=104.5 d_final=0.0
 Retrying in 1 seconds
[shaping_diag] success_cum_shaping=313.35 T=110 d_init=104.5 d_final=0.0
 Retrying in 1 seconds
[shaping_diag] success_cum_shaping=313.35 T=112 d_init=104.5 d_final=0.0
 Retrying in 1 seconds
 Retrying in 1 seconds
[shaping_diag] success_cum_shaping=313.35 T=117 d_init=104.5 d_final=0.0
 Retrying in 1 seconds
[shaping_diag] success_cum_shaping=313.35 T=113 d_init=104.5 d_final=0.0
Warning: Vehicle 'ego'; junction collision with vehicle 'other', lane=':center_11_0', gap=-1.00, time=7.20 stage=move.
 Retrying in 1 seconds
 Retrying in 1 seconds
[shaping_diag] success_cum_shaping=313.35 T=111 d_init=104.5 d_final=0.0
 Retrying in 1 seconds
[shaping_diag] success_cum_shaping=313.35 T=116 d_init=104.5 d_final=0.0
 Retrying in 1 seconds
[shaping_diag] success_cum_shaping=313.35 T=118 d_init=104.5 d_final=0.0
 Retrying in 1 seconds
[shaping_diag] success_cum_shaping=313.35 T=110 d_init=104.5 d_final=0.0
 Retrying in 1 seconds
 Retrying in 1 seconds
[shaping_diag] success_cum_shaping=313.35 T=113 d_init=104.5 d_final=0.0
 Retrying in 1 seconds
[shaping_diag] success_cum_shaping=313.35 T=111 d_init=104.5 d_final=0.0
 Retrying in 1 seconds
[shaping_diag] success_cum_shaping=313.35 T=110 d_init=104.5 d_final=0.0
 Retrying in 1 seconds
[shaping_diag] success_cum_shaping=313.35 T=112 d_init=104.5 d_final=0.0
 Retrying in 1 seconds
[shaping_diag] success_cum_shaping=313.35 T=111 d_init=104.5 d_final=0.0
 Retrying in 1 seconds
[shaping_diag] success_cum_shaping=313.35 T=113 d_init=104.5 d_final=0.0
 Retrying in 1 seconds
[shaping_diag] success_cum_shaping=313.35 T=119 d_init=104.5 d_final=0.0
 Retrying in 1 seconds
[shaping_diag] success_cum_shaping=313.35 T=112 d_init=104.5 d_final=0.0
 Retrying in 1 seconds
[shaping_diag] success_cum_shaping=313.35 T=113 d_init=104.5 d_final=0.0
 Retrying in 1 seconds
[shaping_diag] success_cum_shaping=313.35 T=111 d_init=104.5 d_final=0.0
 Retrying in 1 seconds
[shaping_diag] success_cum_shaping=313.35 T=114 d_init=104.5 d_final=0.0
 Retrying in 1 seconds
[shaping_diag] success_cum_shaping=313.35 T=113 d_init=104.5 d_final=0.0
 Retrying in 1 seconds
[shaping_diag] success_cum_shaping=313.35 T=110 d_init=104.5 d_final=0.0
 Retrying in 1 seconds
[shaping_diag] success_cum_shaping=313.35 T=110 d_init=104.5 d_final=0.0
 Retrying in 1 seconds
[shaping_diag] success_cum_shaping=313.35 T=117 d_init=104.5 d_final=0.0
 Retrying in 1 seconds
[shaping_diag] success_cum_shaping=313.35 T=113 d_init=104.5 d_final=0.0
 Retrying in 1 seconds
[shaping_diag] success_cum_shaping=313.35 T=115 d_init=104.5 d_final=0.0
 Retrying in 1 seconds
[shaping_diag] success_cum_shaping=313.35 T=115 d_init=104.5 d_final=0.0
 Retrying in 1 seconds
 Retrying in 1 seconds
[shaping_diag] success_cum_shaping=313.35 T=111 d_init=104.5 d_final=0.0
 Retrying in 1 seconds
[shaping_diag] success_cum_shaping=313.35 T=112 d_init=104.5 d_final=0.0
 Retrying in 1 seconds
[shaping_diag] success_cum_shaping=313.35 T=115 d_init=104.5 d_final=0.0
Warning: Vehicle 'other' performs emergency braking on lane 'left_in_0' with decel=9.00, wished=7.00, severity=1.00, time=6.50.
 Retrying in 1 seconds
[shaping_diag] success_cum_shaping=313.35 T=111 d_init=104.5 d_final=0.0
Warning: Vehicle 'other' performs emergency braking on lane 'left_in_0' with decel=9.00, wished=5.00, severity=1.00, time=6.50.
 Retrying in 1 seconds
 Retrying in 1 seconds
[shaping_diag] success_cum_shaping=313.35 T=110 d_init=104.5 d_final=0.0
 Retrying in 1 seconds
[shaping_diag] success_cum_shaping=313.35 T=118 d_init=104.5 d_final=0.0
 Retrying in 1 seconds
[shaping_diag] success_cum_shaping=313.35 T=114 d_init=104.5 d_final=0.0
 Retrying in 1 seconds
[shaping_diag] success_cum_shaping=313.35 T=114 d_init=104.5 d_final=0.0
 Retrying in 1 seconds
[shaping_diag] success_cum_shaping=313.35 T=114 d_init=104.5 d_final=0.0
 Retrying in 1 seconds
[shaping_diag] success_cum_shaping=313.35 T=114 d_init=104.5 d_final=0.0
 Retrying in 1 seconds
[shaping_diag] success_cum_shaping=313.35 T=114 d_init=104.5 d_final=0.0
 Retrying in 1 seconds
[shaping_diag] success_cum_shaping=313.35 T=113 d_init=104.5 d_final=0.0
 Retrying in 1 seconds
[shaping_diag] success_cum_shaping=313.35 T=111 d_init=104.5 d_final=0.0
 Retrying in 1 seconds
[shaping_diag] success_cum_shaping=313.35 T=111 d_init=104.5 d_final=0.0
 Retrying in 1 seconds
[shaping_diag] success_cum_shaping=313.35 T=111 d_init=104.5 d_final=0.0
 Retrying in 1 seconds
[shaping_diag] success_cum_shaping=313.35 T=114 d_init=104.5 d_final=0.0
 Retrying in 1 seconds
 Retrying in 1 seconds
[shaping_diag] success_cum_shaping=313.35 T=110 d_init=104.5 d_final=0.0
 Retrying in 1 seconds
[shaping_diag] success_cum_shaping=313.35 T=112 d_init=104.5 d_final=0.0
 Retrying in 1 seconds
[shaping_diag] success_cum_shaping=313.35 T=113 d_init=104.5 d_final=0.0
 Retrying in 1 seconds
[shaping_diag] success_cum_shaping=313.35 T=111 d_init=104.5 d_final=0.0
 Retrying in 1 seconds
[shaping_diag] success_cum_shaping=313.35 T=126 d_init=104.5 d_final=0.0
 Retrying in 1 seconds
[shaping_diag] success_cum_shaping=313.35 T=111 d_init=104.5 d_final=0.0
 Retrying in 1 seconds
[shaping_diag] success_cum_shaping=313.35 T=117 d_init=104.5 d_final=0.0
 Retrying in 1 seconds
[shaping_diag] success_cum_shaping=313.35 T=112 d_init=104.5 d_final=0.0
 Retrying in 1 seconds
[shaping_diag] success_cum_shaping=313.35 T=117 d_init=104.5 d_final=0.0
 Retrying in 1 seconds
[shaping_diag] success_cum_shaping=313.35 T=113 d_init=104.5 d_final=0.0
 Retrying in 1 seconds
[shaping_diag] success_cum_shaping=313.35 T=111 d_init=104.5 d_final=0.0
 Retrying in 1 seconds
[shaping_diag] success_cum_shaping=313.35 T=111 d_init=104.5 d_final=0.0
 Retrying in 1 seconds
[shaping_diag] success_cum_shaping=313.35 T=112 d_init=104.5 d_final=0.0
 Retrying in 1 seconds
[shaping_diag] success_cum_shaping=313.35 T=120 d_init=104.5 d_final=0.0
 Retrying in 1 seconds
[shaping_diag] success_cum_shaping=313.35 T=112 d_init=104.5 d_final=0.0
Warning: Vehicle 'other'; junction collision with vehicle 'ego', lane=':center_8_0', gap=-1.00, time=7.20 stage=move.
 Retrying in 1 seconds
 Retrying in 1 seconds
[shaping_diag] success_cum_shaping=313.35 T=114 d_init=104.5 d_final=0.0
 Retrying in 1 seconds
[shaping_diag] success_cum_shaping=313.35 T=113 d_init=104.5 d_final=0.0
 Retrying in 1 seconds
[shaping_diag] success_cum_shaping=313.35 T=116 d_init=104.5 d_final=0.0
Warning: Vehicle 'other'; junction collision with vehicle 'ego', lane=':center_8_0', gap=-1.00, time=7.70 stage=move.
 Retrying in 1 seconds
 Retrying in 1 seconds
[shaping_diag] success_cum_shaping=313.35 T=119 d_init=104.5 d_final=0.0
 Retrying in 1 seconds
[shaping_diag] success_cum_shaping=313.35 T=115 d_init=104.5 d_final=0.0
 Retrying in 1 seconds
[shaping_diag] success_cum_shaping=313.35 T=111 d_init=104.5 d_final=0.0
 Retrying in 1 seconds
[shaping_diag] success_cum_shaping=313.35 T=112 d_init=104.5 d_final=0.0
 Retrying in 1 seconds
 Retrying in 1 seconds
[shaping_diag] success_cum_shaping=313.35 T=110 d_init=104.5 d_final=0.0
 Retrying in 1 seconds
[shaping_diag] success_cum_shaping=313.35 T=113 d_init=104.5 d_final=0.0
 Retrying in 1 seconds
[shaping_diag] success_cum_shaping=313.35 T=114 d_init=104.5 d_final=0.0
 Retrying in 1 seconds
[shaping_diag] success_cum_shaping=313.35 T=110 d_init=104.5 d_final=0.0
 Retrying in 1 seconds
[shaping_diag] success_cum_shaping=313.35 T=111 d_init=104.5 d_final=0.0
 Retrying in 1 seconds
[shaping_diag] success_cum_shaping=313.35 T=110 d_init=104.5 d_final=0.0
 Retrying in 1 seconds
[shaping_diag] success_cum_shaping=313.35 T=113 d_init=104.5 d_final=0.0
Warning: Vehicle 'ego'; junction collision with vehicle 'other', lane=':center_11_0', gap=-1.00, time=7.00 stage=move.
 Retrying in 1 seconds
 Retrying in 1 seconds
[shaping_diag] success_cum_shaping=313.35 T=119 d_init=104.5 d_final=0.0
 Retrying in 1 seconds
[shaping_diag] success_cum_shaping=313.35 T=118 d_init=104.5 d_final=0.0
 Retrying in 1 seconds
[shaping_diag] success_cum_shaping=313.35 T=115 d_init=104.5 d_final=0.0
 Retrying in 1 seconds
[shaping_diag] success_cum_shaping=313.35 T=114 d_init=104.5 d_final=0.0
 Retrying in 1 seconds
[shaping_diag] success_cum_shaping=313.35 T=115 d_init=104.5 d_final=0.0
 Retrying in 1 seconds
[shaping_diag] success_cum_shaping=313.35 T=112 d_init=104.5 d_final=0.0
Warning: Vehicle 'ego'; junction collision with vehicle 'other', lane=':center_11_0', gap=-1.00, time=7.30 stage=move.
 Retrying in 1 seconds
 Retrying in 1 seconds
[shaping_diag] success_cum_shaping=313.35 T=112 d_init=104.5 d_final=0.0
 Retrying in 1 seconds
[shaping_diag] success_cum_shaping=313.35 T=113 d_init=104.5 d_final=0.0
 Retrying in 1 seconds
[shaping_diag] success_cum_shaping=313.35 T=111 d_init=104.5 d_final=0.0
 Retrying in 1 seconds
[shaping_diag] success_cum_shaping=313.35 T=118 d_init=104.5 d_final=0.0
 Retrying in 1 seconds
[shaping_diag] success_cum_shaping=313.35 T=114 d_init=104.5 d_final=0.0
 Retrying in 1 seconds
[shaping_diag] success_cum_shaping=313.35 T=114 d_init=104.5 d_final=0.0
 Retrying in 1 seconds
[shaping_diag] success_cum_shaping=313.35 T=111 d_init=104.5 d_final=0.0
 Retrying in 1 seconds
[shaping_diag] success_cum_shaping=313.35 T=112 d_init=104.5 d_final=0.0
 Retrying in 1 seconds
[shaping_diag] success_cum_shaping=313.35 T=118 d_init=104.5 d_final=0.0
 Retrying in 1 seconds
[shaping_diag] success_cum_shaping=313.35 T=112 d_init=104.5 d_final=0.0
 Retrying in 1 seconds
[shaping_diag] success_cum_shaping=313.35 T=117 d_init=104.5 d_final=0.0
 Retrying in 1 seconds
[shaping_diag] success_cum_shaping=313.35 T=114 d_init=104.5 d_final=0.0
 Retrying in 1 seconds
[shaping_diag] success_cum_shaping=313.35 T=112 d_init=104.5 d_final=0.0
 Retrying in 1 seconds
[shaping_diag] success_cum_shaping=313.35 T=110 d_init=104.5 d_final=0.0
 Retrying in 1 seconds
[shaping_diag] success_cum_shaping=313.35 T=115 d_init=104.5 d_final=0.0
 Retrying in 1 seconds
[shaping_diag] success_cum_shaping=313.35 T=114 d_init=104.5 d_final=0.0
 Retrying in 1 seconds
[shaping_diag] success_cum_shaping=313.35 T=116 d_init=104.5 d_final=0.0
Warning: Vehicle 'other' performs emergency braking on lane 'left_in_0' with decel=9.00, wished=7.00, severity=1.00, time=6.50.
 Retrying in 1 seconds
[shaping_diag] success_cum_shaping=313.35 T=111 d_init=104.5 d_final=0.0
 Retrying in 1 seconds
 Retrying in 1 seconds
[shaping_diag] success_cum_shaping=313.35 T=110 d_init=104.5 d_final=0.0
 Retrying in 1 seconds
 Retrying in 1 seconds
[shaping_diag] success_cum_shaping=313.35 T=111 d_init=104.5 d_final=0.0
Warning: Vehicle 'other' performs emergency braking on lane 'left_in_0' with decel=9.00, wished=5.00, severity=1.00, time=6.80.
 Retrying in 1 seconds
 Retrying in 1 seconds
[shaping_diag] success_cum_shaping=313.35 T=114 d_init=104.5 d_final=0.0
 Retrying in 1 seconds
[shaping_diag] success_cum_shaping=313.35 T=117 d_init=104.5 d_final=0.0
 Retrying in 1 seconds
[shaping_diag] success_cum_shaping=313.35 T=111 d_init=104.5 d_final=0.0
 Retrying in 1 seconds
[shaping_diag] success_cum_shaping=313.35 T=124 d_init=104.5 d_final=0.0
 Retrying in 1 seconds
[shaping_diag] success_cum_shaping=313.35 T=118 d_init=104.5 d_final=0.0
 Retrying in 1 seconds
[shaping_diag] success_cum_shaping=313.35 T=120 d_init=104.5 d_final=0.0
 Retrying in 1 seconds
[shaping_diag] success_cum_shaping=313.35 T=114 d_init=104.5 d_final=0.0
 Retrying in 1 seconds
[shaping_diag] success_cum_shaping=313.35 T=113 d_init=104.5 d_final=0.0
 Retrying in 1 seconds
[shaping_diag] success_cum_shaping=313.35 T=111 d_init=104.5 d_final=0.0
 Retrying in 1 seconds
[shaping_diag] success_cum_shaping=313.35 T=116 d_init=104.5 d_final=0.0
 Retrying in 1 seconds
[shaping_diag] success_cum_shaping=313.35 T=116 d_init=104.5 d_final=0.0
 Retrying in 1 seconds
[shaping_diag] success_cum_shaping=313.35 T=112 d_init=104.5 d_final=0.0
 Retrying in 1 seconds
[shaping_diag] success_cum_shaping=313.35 T=118 d_init=104.5 d_final=0.0
 Retrying in 1 seconds
[shaping_diag] success_cum_shaping=313.35 T=111 d_init=104.5 d_final=0.0
Warning: Vehicle 'other'; junction collision with vehicle 'ego', lane=':center_8_0', gap=-1.00, time=7.30 stage=move.
 Retrying in 1 seconds
 Retrying in 1 seconds
[shaping_diag] success_cum_shaping=313.35 T=115 d_init=104.5 d_final=0.0
 Retrying in 1 seconds
[shaping_diag] success_cum_shaping=313.35 T=111 d_init=104.5 d_final=0.0
 Retrying in 1 seconds
[shaping_diag] success_cum_shaping=313.35 T=118 d_init=104.5 d_final=0.0
 Retrying in 1 seconds
[shaping_diag] success_cum_shaping=313.35 T=113 d_init=104.5 d_final=0.0
 Retrying in 1 seconds
[shaping_diag] success_cum_shaping=313.35 T=111 d_init=104.5 d_final=0.0
 Retrying in 1 seconds
[shaping_diag] success_cum_shaping=313.35 T=117 d_init=104.5 d_final=0.0
 Retrying in 1 seconds
[shaping_diag] success_cum_shaping=313.35 T=115 d_init=104.5 d_final=0.0
 Retrying in 1 seconds
[shaping_diag] success_cum_shaping=313.35 T=118 d_init=104.5 d_final=0.0
 Retrying in 1 seconds
[shaping_diag] success_cum_shaping=313.35 T=121 d_init=104.5 d_final=0.0
 Retrying in 1 seconds
[shaping_diag] success_cum_shaping=313.35 T=113 d_init=104.5 d_final=0.0
 Retrying in 1 seconds
[shaping_diag] success_cum_shaping=313.35 T=116 d_init=104.5 d_final=0.0
 Retrying in 1 seconds
[shaping_diag] success_cum_shaping=313.35 T=110 d_init=104.5 d_final=0.0
 Retrying in 1 seconds
[shaping_diag] success_cum_shaping=313.35 T=128 d_init=104.5 d_final=0.0
 Retrying in 1 seconds
[shaping_diag] success_cum_shaping=313.35 T=114 d_init=104.5 d_final=0.0
 Retrying in 1 seconds
[shaping_diag] success_cum_shaping=313.35 T=113 d_init=104.5 d_final=0.0
 Retrying in 1 seconds
[shaping_diag] success_cum_shaping=313.35 T=124 d_init=104.5 d_final=0.0
 Retrying in 1 seconds
[shaping_diag] success_cum_shaping=313.35 T=116 d_init=104.5 d_final=0.0
 Retrying in 1 seconds
[shaping_diag] success_cum_shaping=313.35 T=116 d_init=104.5 d_final=0.0
 Retrying in 1 seconds
[shaping_diag] success_cum_shaping=313.35 T=120 d_init=104.5 d_final=0.0
 Retrying in 1 seconds
[shaping_diag] success_cum_shaping=313.35 T=115 d_init=104.5 d_final=0.0
 Retrying in 1 seconds
 Retrying in 1 seconds
[shaping_diag] success_cum_shaping=313.35 T=110 d_init=104.5 d_final=0.0
 Retrying in 1 seconds
[shaping_diag] success_cum_shaping=313.35 T=113 d_init=104.5 d_final=0.0
 Retrying in 1 seconds
[shaping_diag] success_cum_shaping=313.35 T=113 d_init=104.5 d_final=0.0
 Retrying in 1 seconds
[shaping_diag] success_cum_shaping=313.35 T=117 d_init=104.5 d_final=0.0
Warning: Vehicle 'other'; junction collision with vehicle 'ego', lane=':center_8_0', gap=-1.00, time=7.50 stage=move.
 Retrying in 1 seconds
 Retrying in 1 seconds
[shaping_diag] success_cum_shaping=313.35 T=118 d_init=104.5 d_final=0.0
 Retrying in 1 seconds
[shaping_diag] success_cum_shaping=313.35 T=118 d_init=104.5 d_final=0.0
 Retrying in 1 seconds
[shaping_diag] success_cum_shaping=313.35 T=111 d_init=104.5 d_final=0.0
 Retrying in 1 seconds
[shaping_diag] success_cum_shaping=313.35 T=114 d_init=104.5 d_final=0.0
 Retrying in 1 seconds
[shaping_diag] success_cum_shaping=313.35 T=115 d_init=104.5 d_final=0.0
Warning: Vehicle 'ego'; junction collision with vehicle 'other', lane=':center_11_0', gap=-1.00, time=7.10 stage=move.
 Retrying in 1 seconds
 Retrying in 1 seconds
[shaping_diag] success_cum_shaping=313.35 T=117 d_init=104.5 d_final=0.0
 Retrying in 1 seconds
[shaping_diag] success_cum_shaping=313.35 T=120 d_init=104.5 d_final=0.0
 Retrying in 1 seconds
[shaping_diag] success_cum_shaping=313.35 T=119 d_init=104.5 d_final=0.0
 Retrying in 1 seconds
[shaping_diag] success_cum_shaping=313.35 T=122 d_init=104.5 d_final=0.0
 Retrying in 1 seconds
[shaping_diag] success_cum_shaping=313.35 T=115 d_init=104.5 d_final=0.0
 Retrying in 1 seconds
[shaping_diag] success_cum_shaping=313.35 T=116 d_init=104.5 d_final=0.0
 Retrying in 1 seconds
[shaping_diag] success_cum_shaping=313.35 T=110 d_init=104.5 d_final=0.0
 Retrying in 1 seconds
[shaping_diag] success_cum_shaping=313.35 T=111 d_init=104.5 d_final=0.0
 Retrying in 1 seconds
[shaping_diag] success_cum_shaping=313.35 T=113 d_init=104.5 d_final=0.0
 Retrying in 1 seconds
[shaping_diag] success_cum_shaping=313.35 T=118 d_init=104.5 d_final=0.0
Warning: Vehicle 'other' performs emergency braking on lane ':center_8_0' with decel=9.00, wished=3.00, severity=1.00, time=7.30.
Warning: Vehicle 'other'; junction collision with vehicle 'ego', lane=':center_8_0', gap=-1.00, time=7.70 stage=move.
 Retrying in 1 seconds
 Retrying in 1 seconds
[shaping_diag] success_cum_shaping=313.35 T=112 d_init=104.5 d_final=0.0
 Retrying in 1 seconds
[shaping_diag] success_cum_shaping=313.35 T=113 d_init=104.5 d_final=0.0
 Retrying in 1 seconds
[shaping_diag] success_cum_shaping=313.35 T=116 d_init=104.5 d_final=0.0
 Retrying in 1 seconds
[shaping_diag] success_cum_shaping=313.35 T=111 d_init=104.5 d_final=0.0
 Retrying in 1 seconds
[shaping_diag] success_cum_shaping=313.35 T=112 d_init=104.5 d_final=0.0
 Retrying in 1 seconds
[shaping_diag] success_cum_shaping=313.35 T=115 d_init=104.5 d_final=0.0
 Retrying in 1 seconds
[shaping_diag] success_cum_shaping=313.35 T=111 d_init=104.5 d_final=0.0
 Retrying in 1 seconds
[shaping_diag] success_cum_shaping=313.35 T=117 d_init=104.5 d_final=0.0
 Retrying in 1 seconds
[shaping_diag] success_cum_shaping=313.35 T=113 d_init=104.5 d_final=0.0
 Retrying in 1 seconds
[shaping_diag] success_cum_shaping=313.35 T=119 d_init=104.5 d_final=0.0
 Retrying in 1 seconds
[shaping_diag] success_cum_shaping=313.35 T=111 d_init=104.5 d_final=0.0
 Retrying in 1 seconds
[shaping_diag] success_cum_shaping=313.35 T=116 d_init=104.5 d_final=0.0
 Retrying in 1 seconds
[shaping_diag] success_cum_shaping=313.35 T=110 d_init=104.5 d_final=0.0
 Retrying in 1 seconds
[shaping_diag] success_cum_shaping=313.35 T=112 d_init=104.5 d_final=0.0
 Retrying in 1 seconds
 Retrying in 1 seconds
[shaping_diag] success_cum_shaping=313.35 T=118 d_init=104.5 d_final=0.0
 Retrying in 1 seconds
[shaping_diag] success_cum_shaping=313.35 T=119 d_init=104.5 d_final=0.0
 Retrying in 1 seconds
[shaping_diag] success_cum_shaping=313.35 T=111 d_init=104.5 d_final=0.0
 Retrying in 1 seconds
[shaping_diag] success_cum_shaping=313.35 T=114 d_init=104.5 d_final=0.0
 Retrying in 1 seconds
[shaping_diag] success_cum_shaping=313.35 T=111 d_init=104.5 d_final=0.0
 Retrying in 1 seconds
[shaping_diag] success_cum_shaping=313.35 T=111 d_init=104.5 d_final=0.0
 Retrying in 1 seconds
[shaping_diag] success_cum_shaping=313.35 T=111 d_init=104.5 d_final=0.0
 Retrying in 1 seconds
[shaping_diag] success_cum_shaping=313.35 T=110 d_init=104.5 d_final=0.0
 Retrying in 1 seconds
[shaping_diag] success_cum_shaping=313.35 T=116 d_init=104.5 d_final=0.0
 Retrying in 1 seconds
[shaping_diag] success_cum_shaping=313.35 T=115 d_init=104.5 d_final=0.0
 Retrying in 1 seconds
[shaping_diag] success_cum_shaping=313.35 T=112 d_init=104.5 d_final=0.0
 Retrying in 1 seconds
[shaping_diag] success_cum_shaping=313.35 T=123 d_init=104.5 d_final=0.0
Warning: Vehicle 'other' performs emergency braking on lane 'left_in_0' with decel=9.00, wished=5.00, severity=1.00, time=6.70.
 Retrying in 1 seconds
[shaping_diag] success_cum_shaping=313.35 T=114 d_init=104.5 d_final=0.0
 Retrying in 1 seconds
[shaping_diag] success_cum_shaping=313.35 T=111 d_init=104.5 d_final=0.0
 Retrying in 1 seconds
 Retrying in 1 seconds
[shaping_diag] success_cum_shaping=313.35 T=114 d_init=104.5 d_final=0.0
 Retrying in 1 seconds
[shaping_diag] success_cum_shaping=313.35 T=112 d_init=104.5 d_final=0.0
 Retrying in 1 seconds
[shaping_diag] success_cum_shaping=313.35 T=115 d_init=104.5 d_final=0.0
 Retrying in 1 seconds
[shaping_diag] success_cum_shaping=313.35 T=114 d_init=104.5 d_final=0.0
 Retrying in 1 seconds
[shaping_diag] success_cum_shaping=313.35 T=114 d_init=104.5 d_final=0.0
 Retrying in 1 seconds
[shaping_diag] success_cum_shaping=313.35 T=114 d_init=104.5 d_final=0.0
 Retrying in 1 seconds
[shaping_diag] success_cum_shaping=313.35 T=118 d_init=104.5 d_final=0.0
 Retrying in 1 seconds
[shaping_diag] success_cum_shaping=313.35 T=111 d_init=104.5 d_final=0.0
 Retrying in 1 seconds
[shaping_diag] success_cum_shaping=313.35 T=119 d_init=104.5 d_final=0.0
 Retrying in 1 seconds
[shaping_diag] success_cum_shaping=313.35 T=115 d_init=104.5 d_final=0.0
 Retrying in 1 seconds
[shaping_diag] success_cum_shaping=313.35 T=112 d_init=104.5 d_final=0.0
 Retrying in 1 seconds
[shaping_diag] success_cum_shaping=313.35 T=117 d_init=104.5 d_final=0.0
 Retrying in 1 seconds
[shaping_diag] success_cum_shaping=313.35 T=114 d_init=104.5 d_final=0.0
 Retrying in 1 seconds
[shaping_diag] success_cum_shaping=313.35 T=113 d_init=104.5 d_final=0.0
 Retrying in 1 seconds
[shaping_diag] success_cum_shaping=313.35 T=111 d_init=104.5 d_final=0.0
 Retrying in 1 seconds
[shaping_diag] success_cum_shaping=313.35 T=117 d_init=104.5 d_final=0.0
 Retrying in 1 seconds
[shaping_diag] success_cum_shaping=313.35 T=114 d_init=104.5 d_final=0.0
 Retrying in 1 seconds
[shaping_diag] success_cum_shaping=313.35 T=115 d_init=104.5 d_final=0.0
 Retrying in 1 seconds
[shaping_diag] success_cum_shaping=313.35 T=114 d_init=104.5 d_final=0.0
 Retrying in 1 seconds
[shaping_diag] success_cum_shaping=313.35 T=122 d_init=104.5 d_final=0.0
 Retrying in 1 seconds
[shaping_diag] success_cum_shaping=313.35 T=111 d_init=104.5 d_final=0.0
 Retrying in 1 seconds
 Retrying in 1 seconds
[shaping_diag] success_cum_shaping=313.35 T=113 d_init=104.5 d_final=0.0
 Retrying in 1 seconds
[shaping_diag] success_cum_shaping=313.35 T=117 d_init=104.5 d_final=0.0
 Retrying in 1 seconds
[shaping_diag] success_cum_shaping=313.35 T=123 d_init=104.5 d_final=0.0
 Retrying in 1 seconds
[shaping_diag] success_cum_shaping=313.35 T=118 d_init=104.5 d_final=0.0
 Retrying in 1 seconds
[shaping_diag] success_cum_shaping=313.35 T=114 d_init=104.5 d_final=0.0
 Retrying in 1 seconds
[shaping_diag] success_cum_shaping=313.35 T=116 d_init=104.5 d_final=0.0
 Retrying in 1 seconds
[shaping_diag] success_cum_shaping=313.35 T=122 d_init=104.5 d_final=0.0
 Retrying in 1 seconds
[shaping_diag] success_cum_shaping=313.35 T=112 d_init=104.5 d_final=0.0
 Retrying in 1 seconds
[shaping_diag] success_cum_shaping=313.35 T=112 d_init=104.5 d_final=0.0
 Retrying in 1 seconds
[shaping_diag] success_cum_shaping=313.35 T=113 d_init=104.5 d_final=0.0
 Retrying in 1 seconds
[shaping_diag] success_cum_shaping=313.35 T=113 d_init=104.5 d_final=0.0
 Retrying in 1 seconds
[shaping_diag] success_cum_shaping=313.35 T=114 d_init=104.5 d_final=0.0
 Retrying in 1 seconds
[shaping_diag] success_cum_shaping=313.35 T=116 d_init=104.5 d_final=0.0
 Retrying in 1 seconds
[shaping_diag] success_cum_shaping=313.35 T=111 d_init=104.5 d_final=0.0
 Retrying in 1 seconds
[shaping_diag] success_cum_shaping=313.35 T=112 d_init=104.5 d_final=0.0
 Retrying in 1 seconds
[shaping_diag] success_cum_shaping=313.35 T=114 d_init=104.5 d_final=0.0
 Retrying in 1 seconds
[shaping_diag] success_cum_shaping=313.35 T=117 d_init=104.5 d_final=0.0
 Retrying in 1 seconds
[shaping_diag] success_cum_shaping=313.35 T=113 d_init=104.5 d_final=0.0
 Retrying in 1 seconds
[shaping_diag] success_cum_shaping=313.35 T=119 d_init=104.5 d_final=0.0
 Retrying in 1 seconds
[shaping_diag] success_cum_shaping=313.35 T=116 d_init=104.5 d_final=0.0
 Retrying in 1 seconds
[shaping_diag] success_cum_shaping=313.35 T=121 d_init=104.5 d_final=0.0
 Retrying in 1 seconds
[shaping_diag] success_cum_shaping=313.35 T=117 d_init=104.5 d_final=0.0
 Retrying in 1 seconds
[shaping_diag] success_cum_shaping=313.35 T=116 d_init=104.5 d_final=0.0
 Retrying in 1 seconds
[shaping_diag] success_cum_shaping=313.35 T=112 d_init=104.5 d_final=0.0
 Retrying in 1 seconds
[shaping_diag] success_cum_shaping=313.35 T=115 d_init=104.5 d_final=0.0
 Retrying in 1 seconds
[shaping_diag] success_cum_shaping=313.35 T=117 d_init=104.5 d_final=0.0
 Retrying in 1 seconds
[shaping_diag] success_cum_shaping=313.35 T=111 d_init=104.5 d_final=0.0
 Retrying in 1 seconds
[shaping_diag] success_cum_shaping=313.35 T=120 d_init=104.5 d_final=0.0
 Retrying in 1 seconds
[shaping_diag] success_cum_shaping=313.35 T=117 d_init=104.5 d_final=0.0
 Retrying in 1 seconds
[shaping_diag] success_cum_shaping=313.35 T=112 d_init=104.5 d_final=0.0
Warning: Vehicle 'other'; junction collision with vehicle 'ego', lane=':center_8_0', gap=-1.00, time=7.20 stage=move.
 Retrying in 1 seconds
 Retrying in 1 seconds
[shaping_diag] success_cum_shaping=313.35 T=116 d_init=104.5 d_final=0.0
 Retrying in 1 seconds
[shaping_diag] success_cum_shaping=313.35 T=114 d_init=104.5 d_final=0.0
 Retrying in 1 seconds
[shaping_diag] success_cum_shaping=313.35 T=118 d_init=104.5 d_final=0.0
 Retrying in 1 seconds
[shaping_diag] success_cum_shaping=313.35 T=110 d_init=104.5 d_final=0.0
 Retrying in 1 seconds
 Retrying in 1 seconds
[shaping_diag] success_cum_shaping=313.35 T=110 d_init=104.5 d_final=0.0
 Retrying in 1 seconds
[shaping_diag] success_cum_shaping=313.35 T=110 d_init=104.5 d_final=0.0
 Retrying in 1 seconds
[shaping_diag] success_cum_shaping=313.35 T=110 d_init=104.5 d_final=0.0
 Retrying in 1 seconds
[shaping_diag] success_cum_shaping=313.35 T=110 d_init=104.5 d_final=0.0
 Retrying in 1 seconds
[shaping_diag] success_cum_shaping=313.35 T=110 d_init=104.5 d_final=0.0
 Retrying in 1 seconds
[shaping_diag] success_cum_shaping=313.35 T=110 d_init=104.5 d_final=0.0
 Retrying in 1 seconds
[shaping_diag] success_cum_shaping=313.35 T=110 d_init=104.5 d_final=0.0
 Retrying in 1 seconds
[shaping_diag] success_cum_shaping=313.35 T=110 d_init=104.5 d_final=0.0
 Retrying in 1 seconds
[shaping_diag] success_cum_shaping=313.35 T=110 d_init=104.5 d_final=0.0
 Retrying in 1 seconds
[shaping_diag] success_cum_shaping=313.35 T=110 d_init=104.5 d_final=0.0
[cbf_aux] step=249856 ret=316.65 coll=0 ttc=5.65 cbf_res=0.0000
 Retrying in 1 seconds
[shaping_diag] success_cum_shaping=313.35 T=118 d_init=104.5 d_final=0.0
 Retrying in 1 seconds
[shaping_diag] success_cum_shaping=313.35 T=117 d_init=104.5 d_final=0.0
 Retrying in 1 seconds
[shaping_diag] success_cum_shaping=313.35 T=112 d_init=104.5 d_final=0.0
 Retrying in 1 seconds
[shaping_diag] success_cum_shaping=313.35 T=119 d_init=104.5 d_final=0.0
 Retrying in 1 seconds
[shaping_diag] success_cum_shaping=313.35 T=118 d_init=104.5 d_final=0.0
 Retrying in 1 seconds
[shaping_diag] success_cum_shaping=313.35 T=116 d_init=104.5 d_final=0.0
 Retrying in 1 seconds
[shaping_diag] success_cum_shaping=313.35 T=114 d_init=104.5 d_final=0.0
 Retrying in 1 seconds
[shaping_diag] success_cum_shaping=313.35 T=117 d_init=104.5 d_final=0.0
 Retrying in 1 seconds
[shaping_diag] success_cum_shaping=313.35 T=111 d_init=104.5 d_final=0.0
Warning: Vehicle 'other'; junction collision with vehicle 'ego', lane=':center_8_0', gap=-1.00, time=7.40 stage=move.
 Retrying in 1 seconds
 Retrying in 1 seconds
 Retrying in 1 seconds
[shaping_diag] success_cum_shaping=313.35 T=117 d_init=104.5 d_final=0.0
 Retrying in 1 seconds
[shaping_diag] success_cum_shaping=313.35 T=113 d_init=104.5 d_final=0.0
 Retrying in 1 seconds
[shaping_diag] success_cum_shaping=313.35 T=111 d_init=104.5 d_final=0.0
 Retrying in 1 seconds
[shaping_diag] success_cum_shaping=313.35 T=117 d_init=104.5 d_final=0.0
 Retrying in 1 seconds
[shaping_diag] success_cum_shaping=313.35 T=119 d_init=104.5 d_final=0.0
 Retrying in 1 seconds
[shaping_diag] success_cum_shaping=313.35 T=115 d_init=104.5 d_final=0.0
 Retrying in 1 seconds
[shaping_diag] success_cum_shaping=313.35 T=118 d_init=104.5 d_final=0.0
 Retrying in 1 seconds
[shaping_diag] success_cum_shaping=313.35 T=118 d_init=104.5 d_final=0.0
 Retrying in 1 seconds
[shaping_diag] success_cum_shaping=313.35 T=113 d_init=104.5 d_final=0.0
 Retrying in 1 seconds
[shaping_diag] success_cum_shaping=313.35 T=115 d_init=104.5 d_final=0.0
 Retrying in 1 seconds
[shaping_diag] success_cum_shaping=313.35 T=116 d_init=104.5 d_final=0.0
 Retrying in 1 seconds
[shaping_diag] success_cum_shaping=313.35 T=111 d_init=104.5 d_final=0.0
 Retrying in 1 seconds
[shaping_diag] success_cum_shaping=313.35 T=114 d_init=104.5 d_final=0.0
 Retrying in 1 seconds
[shaping_diag] success_cum_shaping=313.35 T=111 d_init=104.5 d_final=0.0
 Retrying in 1 seconds
[shaping_diag] success_cum_shaping=313.35 T=116 d_init=104.5 d_final=0.0
 Retrying in 1 seconds
[shaping_diag] success_cum_shaping=313.35 T=113 d_init=104.5 d_final=0.0
 Retrying in 1 seconds
[shaping_diag] success_cum_shaping=313.35 T=111 d_init=104.5 d_final=0.0
 Retrying in 1 seconds
[shaping_diag] success_cum_shaping=313.35 T=111 d_init=104.5 d_final=0.0
Warning: Vehicle 'other' performs emergency braking on lane ':center_8_0' with decel=9.00, wished=7.00, severity=1.00, time=7.40.
 Retrying in 1 seconds
 Retrying in 1 seconds
[shaping_diag] success_cum_shaping=313.35 T=117 d_init=104.5 d_final=0.0
 Retrying in 1 seconds
[shaping_diag] success_cum_shaping=313.35 T=119 d_init=104.5 d_final=0.0
 Retrying in 1 seconds
[shaping_diag] success_cum_shaping=313.35 T=119 d_init=104.5 d_final=0.0
 Retrying in 1 seconds
[shaping_diag] success_cum_shaping=313.35 T=113 d_init=104.5 d_final=0.0
 Retrying in 1 seconds
[shaping_diag] success_cum_shaping=313.35 T=116 d_init=104.5 d_final=0.0
 Retrying in 1 seconds
[shaping_diag] success_cum_shaping=313.35 T=116 d_init=104.5 d_final=0.0
Warning: Vehicle 'other' performs emergency braking on lane 'left_in_0' with decel=9.00, wished=5.00, severity=1.00, time=6.80.
 Retrying in 1 seconds
 Retrying in 1 seconds
[shaping_diag] success_cum_shaping=313.35 T=111 d_init=104.5 d_final=0.0
 Retrying in 1 seconds
[shaping_diag] success_cum_shaping=313.35 T=115 d_init=104.5 d_final=0.0
Warning: Vehicle 'other'; junction collision with vehicle 'ego', lane=':center_8_0', gap=-1.00, time=7.10 stage=move.
 Retrying in 1 seconds
 Retrying in 1 seconds
[shaping_diag] success_cum_shaping=313.35 T=112 d_init=104.5 d_final=0.0
 Retrying in 1 seconds
[shaping_diag] success_cum_shaping=313.35 T=114 d_init=104.5 d_final=0.0
 Retrying in 1 seconds
[shaping_diag] success_cum_shaping=313.35 T=118 d_init=104.5 d_final=0.0
 Retrying in 1 seconds
[shaping_diag] success_cum_shaping=313.35 T=111 d_init=104.5 d_final=0.0
 Retrying in 1 seconds
[shaping_diag] success_cum_shaping=313.35 T=116 d_init=104.5 d_final=0.0
 Retrying in 1 seconds
[shaping_diag] success_cum_shaping=313.35 T=115 d_init=104.5 d_final=0.0
 Retrying in 1 seconds
[shaping_diag] success_cum_shaping=313.35 T=110 d_init=104.5 d_final=0.0
 Retrying in 1 seconds
 Retrying in 1 seconds
[shaping_diag] success_cum_shaping=313.35 T=114 d_init=104.5 d_final=0.0
 Retrying in 1 seconds
[shaping_diag] success_cum_shaping=313.35 T=113 d_init=104.5 d_final=0.0
 Retrying in 1 seconds
[shaping_diag] success_cum_shaping=313.35 T=111 d_init=104.5 d_final=0.0
 Retrying in 1 seconds
[shaping_diag] success_cum_shaping=313.35 T=116 d_init=104.5 d_final=0.0
 Retrying in 1 seconds
[shaping_diag] success_cum_shaping=313.35 T=118 d_init=104.5 d_final=0.0
 Retrying in 1 seconds
[shaping_diag] success_cum_shaping=313.35 T=111 d_init=104.5 d_final=0.0
 Retrying in 1 seconds
[shaping_diag] success_cum_shaping=313.35 T=112 d_init=104.5 d_final=0.0
Warning: Vehicle 'other' performs emergency braking on lane ':center_8_0' with decel=9.00, wished=4.00, severity=1.00, time=7.20.
 Retrying in 1 seconds
 Retrying in 1 seconds
 Retrying in 1 seconds
[shaping_diag] success_cum_shaping=313.35 T=116 d_init=104.5 d_final=0.0
 Retrying in 1 seconds
[shaping_diag] success_cum_shaping=313.35 T=114 d_init=104.5 d_final=0.0
 Retrying in 1 seconds
[shaping_diag] success_cum_shaping=313.35 T=111 d_init=104.5 d_final=0.0
 Retrying in 1 seconds
[shaping_diag] success_cum_shaping=313.35 T=110 d_init=104.5 d_final=0.0
 Retrying in 1 seconds
 Retrying in 1 seconds
[shaping_diag] success_cum_shaping=313.35 T=111 d_init=104.5 d_final=0.0
 Retrying in 1 seconds
[shaping_diag] success_cum_shaping=313.35 T=111 d_init=104.5 d_final=0.0
 Retrying in 1 seconds
[shaping_diag] success_cum_shaping=313.35 T=113 d_init=104.5 d_final=0.0
 Retrying in 1 seconds
[shaping_diag] success_cum_shaping=313.35 T=121 d_init=104.5 d_final=0.0
 Retrying in 1 seconds
[shaping_diag] success_cum_shaping=313.35 T=116 d_init=104.5 d_final=0.0
 Retrying in 1 seconds
[shaping_diag] success_cum_shaping=313.35 T=113 d_init=104.5 d_final=0.0
 Retrying in 1 seconds
[shaping_diag] success_cum_shaping=313.35 T=113 d_init=104.5 d_final=0.0
 Retrying in 1 seconds
[shaping_diag] success_cum_shaping=313.35 T=113 d_init=104.5 d_final=0.0
 Retrying in 1 seconds
[shaping_diag] success_cum_shaping=313.35 T=114 d_init=104.5 d_final=0.0
Warning: Vehicle 'other' performs emergency braking on lane 'left_in_0' with decel=9.00, wished=5.00, severity=1.00, time=6.50.
 Retrying in 1 seconds
[shaping_diag] success_cum_shaping=313.35 T=110 d_init=104.5 d_final=0.0
 Retrying in 1 seconds
[shaping_diag] success_cum_shaping=313.35 T=114 d_init=104.5 d_final=0.0
 Retrying in 1 seconds
 Retrying in 1 seconds
[shaping_diag] success_cum_shaping=313.35 T=116 d_init=104.5 d_final=0.0
 Retrying in 1 seconds
 Retrying in 1 seconds
[shaping_diag] success_cum_shaping=313.35 T=123 d_init=104.5 d_final=0.0
 Retrying in 1 seconds
[shaping_diag] success_cum_shaping=313.35 T=117 d_init=104.5 d_final=0.0
 Retrying in 1 seconds
[shaping_diag] success_cum_shaping=313.35 T=113 d_init=104.5 d_final=0.0
 Retrying in 1 seconds
[shaping_diag] success_cum_shaping=313.35 T=115 d_init=104.5 d_final=0.0
 Retrying in 1 seconds
[shaping_diag] success_cum_shaping=313.35 T=115 d_init=104.5 d_final=0.0
 Retrying in 1 seconds
[shaping_diag] success_cum_shaping=313.35 T=120 d_init=104.5 d_final=0.0
 Retrying in 1 seconds
[shaping_diag] success_cum_shaping=313.35 T=115 d_init=104.5 d_final=0.0
 Retrying in 1 seconds
 Retrying in 1 seconds
[shaping_diag] success_cum_shaping=313.35 T=144 d_init=104.5 d_final=0.0
 Retrying in 1 seconds
[shaping_diag] success_cum_shaping=313.35 T=114 d_init=104.5 d_final=0.0
 Retrying in 1 seconds
[shaping_diag] success_cum_shaping=313.35 T=116 d_init=104.5 d_final=0.0
 Retrying in 1 seconds
[shaping_diag] success_cum_shaping=313.35 T=112 d_init=104.5 d_final=0.0
Warning: Vehicle 'ego'; junction collision with vehicle 'other', lane=':center_11_0', gap=-1.00, time=7.10 stage=move.
 Retrying in 1 seconds
 Retrying in 1 seconds
[shaping_diag] success_cum_shaping=313.35 T=120 d_init=104.5 d_final=0.0
 Retrying in 1 seconds
[shaping_diag] success_cum_shaping=313.35 T=118 d_init=104.5 d_final=0.0
 Retrying in 1 seconds
[shaping_diag] success_cum_shaping=313.35 T=115 d_init=104.5 d_final=0.0
 Retrying in 1 seconds
[shaping_diag] success_cum_shaping=313.35 T=110 d_init=104.5 d_final=0.0
 Retrying in 1 seconds
[shaping_diag] success_cum_shaping=313.35 T=115 d_init=104.5 d_final=0.0
Warning: Vehicle 'other' performs emergency braking on lane 'left_in_0' with decel=9.00, wished=7.00, severity=1.00, time=6.80.
Warning: Vehicle 'other'; junction collision with vehicle 'ego', lane=':center_8_0', gap=-1.00, time=7.90 stage=move.
 Retrying in 1 seconds
 Retrying in 1 seconds
[shaping_diag] success_cum_shaping=313.35 T=111 d_init=104.5 d_final=0.0
 Retrying in 1 seconds
[shaping_diag] success_cum_shaping=313.35 T=124 d_init=104.5 d_final=0.0
 Retrying in 1 seconds
[shaping_diag] success_cum_shaping=313.35 T=115 d_init=104.5 d_final=0.0
 Retrying in 1 seconds
[shaping_diag] success_cum_shaping=313.35 T=112 d_init=104.5 d_final=0.0
 Retrying in 1 seconds
[shaping_diag] success_cum_shaping=313.35 T=110 d_init=104.5 d_final=0.0
 Retrying in 1 seconds
[shaping_diag] success_cum_shaping=313.35 T=118 d_init=104.5 d_final=0.0
Warning: Vehicle 'other'; junction collision with vehicle 'ego', lane=':center_8_0', gap=-1.00, time=7.50 stage=move.
 Retrying in 1 seconds
 Retrying in 1 seconds
[shaping_diag] success_cum_shaping=313.35 T=119 d_init=104.5 d_final=0.0
 Retrying in 1 seconds
[shaping_diag] success_cum_shaping=313.35 T=115 d_init=104.5 d_final=0.0
 Retrying in 1 seconds
[shaping_diag] success_cum_shaping=313.35 T=114 d_init=104.5 d_final=0.0
 Retrying in 1 seconds
[shaping_diag] success_cum_shaping=313.35 T=117 d_init=104.5 d_final=0.0
 Retrying in 1 seconds
[shaping_diag] success_cum_shaping=313.35 T=111 d_init=104.5 d_final=0.0
 Retrying in 1 seconds
[shaping_diag] success_cum_shaping=313.35 T=118 d_init=104.5 d_final=0.0
 Retrying in 1 seconds
[shaping_diag] success_cum_shaping=313.35 T=126 d_init=104.5 d_final=0.0
Warning: Vehicle 'other' performs emergency braking on lane ':center_8_0' with decel=9.00, wished=3.00, severity=1.00, time=7.50.
 Retrying in 1 seconds
 Retrying in 1 seconds
[shaping_diag] success_cum_shaping=313.35 T=115 d_init=104.5 d_final=0.0
 Retrying in 1 seconds
[shaping_diag] success_cum_shaping=313.35 T=125 d_init=104.5 d_final=0.0
 Retrying in 1 seconds
 Retrying in 1 seconds
[shaping_diag] success_cum_shaping=313.35 T=119 d_init=104.5 d_final=0.0
 Retrying in 1 seconds
[shaping_diag] success_cum_shaping=313.35 T=118 d_init=104.5 d_final=0.0
 Retrying in 1 seconds
[shaping_diag] success_cum_shaping=313.35 T=110 d_init=104.5 d_final=0.0
 Retrying in 1 seconds
[shaping_diag] success_cum_shaping=313.35 T=133 d_init=104.5 d_final=0.0
 Retrying in 1 seconds
[shaping_diag] success_cum_shaping=313.35 T=114 d_init=104.5 d_final=0.0
 Retrying in 1 seconds
[shaping_diag] success_cum_shaping=313.35 T=113 d_init=104.5 d_final=0.0
 Retrying in 1 seconds
[shaping_diag] success_cum_shaping=313.35 T=118 d_init=104.5 d_final=0.0
 Retrying in 1 seconds
[shaping_diag] success_cum_shaping=313.35 T=115 d_init=104.5 d_final=0.0
 Retrying in 1 seconds
[shaping_diag] success_cum_shaping=313.35 T=120 d_init=104.5 d_final=0.0
 Retrying in 1 seconds
[shaping_diag] success_cum_shaping=313.35 T=119 d_init=104.5 d_final=0.0
 Retrying in 1 seconds
[shaping_diag] success_cum_shaping=313.35 T=115 d_init=104.5 d_final=0.0
 Retrying in 1 seconds
[shaping_diag] success_cum_shaping=313.35 T=111 d_init=104.5 d_final=0.0
 Retrying in 1 seconds
[shaping_diag] success_cum_shaping=313.35 T=124 d_init=104.5 d_final=0.0
 Retrying in 1 seconds
[shaping_diag] success_cum_shaping=313.35 T=126 d_init=104.5 d_final=0.0
 Retrying in 1 seconds
 Retrying in 1 seconds
[shaping_diag] success_cum_shaping=313.35 T=111 d_init=104.5 d_final=0.0
 Retrying in 1 seconds
[shaping_diag] success_cum_shaping=313.35 T=117 d_init=104.5 d_final=0.0
 Retrying in 1 seconds
[shaping_diag] success_cum_shaping=313.35 T=112 d_init=104.5 d_final=0.0
Warning: Vehicle 'ego'; junction collision with vehicle 'other', lane=':center_11_0', gap=-1.00, time=7.80 stage=move.
 Retrying in 1 seconds
 Retrying in 1 seconds
[shaping_diag] success_cum_shaping=313.35 T=113 d_init=104.5 d_final=0.0
 Retrying in 1 seconds
[shaping_diag] success_cum_shaping=313.35 T=118 d_init=104.5 d_final=0.0
 Retrying in 1 seconds
[shaping_diag] success_cum_shaping=313.35 T=110 d_init=104.5 d_final=0.0
 Retrying in 1 seconds
[shaping_diag] success_cum_shaping=313.35 T=116 d_init=104.5 d_final=0.0
 Retrying in 1 seconds
[shaping_diag] success_cum_shaping=313.35 T=121 d_init=104.5 d_final=0.0
 Retrying in 1 seconds
[shaping_diag] success_cum_shaping=313.35 T=113 d_init=104.5 d_final=0.0
 Retrying in 1 seconds
[shaping_diag] success_cum_shaping=313.35 T=121 d_init=104.5 d_final=0.0
 Retrying in 1 seconds
[shaping_diag] success_cum_shaping=313.35 T=114 d_init=104.5 d_final=0.0
 Retrying in 1 seconds
[shaping_diag] success_cum_shaping=313.35 T=119 d_init=104.5 d_final=0.0
 Retrying in 1 seconds
[shaping_diag] success_cum_shaping=313.35 T=112 d_init=104.5 d_final=0.0
 Retrying in 1 seconds
[shaping_diag] success_cum_shaping=313.35 T=120 d_init=104.5 d_final=0.0
 Retrying in 1 seconds
[shaping_diag] success_cum_shaping=313.35 T=112 d_init=104.5 d_final=0.0
 Retrying in 1 seconds
[shaping_diag] success_cum_shaping=313.35 T=113 d_init=104.5 d_final=0.0
 Retrying in 1 seconds
[shaping_diag] success_cum_shaping=313.35 T=116 d_init=104.5 d_final=0.0
 Retrying in 1 seconds
[shaping_diag] success_cum_shaping=313.35 T=110 d_init=104.5 d_final=0.0
 Retrying in 1 seconds
[shaping_diag] success_cum_shaping=313.35 T=117 d_init=104.5 d_final=0.0
 Retrying in 1 seconds
 Retrying in 1 seconds
[shaping_diag] success_cum_shaping=313.35 T=118 d_init=104.5 d_final=0.0
 Retrying in 1 seconds
[shaping_diag] success_cum_shaping=313.35 T=112 d_init=104.5 d_final=0.0
Warning: Vehicle 'ego'; junction collision with vehicle 'other', lane=':center_11_0', gap=-1.00, time=7.30 stage=move.
 Retrying in 1 seconds
 Retrying in 1 seconds
[shaping_diag] success_cum_shaping=313.35 T=116 d_init=104.5 d_final=0.0
 Retrying in 1 seconds
[shaping_diag] success_cum_shaping=313.35 T=130 d_init=104.5 d_final=0.0
 Retrying in 1 seconds
[shaping_diag] success_cum_shaping=313.35 T=117 d_init=104.5 d_final=0.0
 Retrying in 1 seconds
[shaping_diag] success_cum_shaping=313.35 T=110 d_init=104.5 d_final=0.0
 Retrying in 1 seconds
[shaping_diag] success_cum_shaping=313.35 T=113 d_init=104.5 d_final=0.0
 Retrying in 1 seconds
[shaping_diag] success_cum_shaping=313.35 T=111 d_init=104.5 d_final=0.0
 Retrying in 1 seconds
[shaping_diag] success_cum_shaping=313.35 T=119 d_init=104.5 d_final=0.0
 Retrying in 1 seconds
[shaping_diag] success_cum_shaping=313.35 T=112 d_init=104.5 d_final=0.0
 Retrying in 1 seconds
[shaping_diag] success_cum_shaping=313.35 T=128 d_init=104.5 d_final=0.0
Warning: Vehicle 'other' performs emergency braking on lane 'left_in_0' with decel=9.00, wished=7.00, severity=1.00, time=6.60.
 Retrying in 1 seconds
[shaping_diag] success_cum_shaping=313.35 T=113 d_init=104.5 d_final=0.0
 Retrying in 1 seconds
[shaping_diag] success_cum_shaping=313.35 T=112 d_init=104.5 d_final=0.0
 Retrying in 1 seconds
[shaping_diag] success_cum_shaping=313.35 T=112 d_init=104.5 d_final=0.0
 Retrying in 1 seconds
 Retrying in 1 seconds
[shaping_diag] success_cum_shaping=313.35 T=114 d_init=104.5 d_final=0.0
 Retrying in 1 seconds
[shaping_diag] success_cum_shaping=313.35 T=110 d_init=104.5 d_final=0.0
 Retrying in 1 seconds
[shaping_diag] success_cum_shaping=313.35 T=114 d_init=104.5 d_final=0.0
 Retrying in 1 seconds
[shaping_diag] success_cum_shaping=313.35 T=116 d_init=104.5 d_final=0.0
 Retrying in 1 seconds
[shaping_diag] success_cum_shaping=313.35 T=117 d_init=104.5 d_final=0.0
Warning: Vehicle 'other'; junction collision with vehicle 'ego', lane=':center_8_0', gap=-1.00, time=7.20 stage=move.
 Retrying in 1 seconds
 Retrying in 1 seconds
[shaping_diag] success_cum_shaping=313.35 T=115 d_init=104.5 d_final=0.0
 Retrying in 1 seconds
[shaping_diag] success_cum_shaping=313.35 T=117 d_init=104.5 d_final=0.0
 Retrying in 1 seconds
[shaping_diag] success_cum_shaping=313.35 T=110 d_init=104.5 d_final=0.0
 Retrying in 1 seconds
[shaping_diag] success_cum_shaping=313.35 T=112 d_init=104.5 d_final=0.0
Warning: Vehicle 'other'; junction collision with vehicle 'ego', lane=':center_8_0', gap=-1.00, time=7.30 stage=move.
 Retrying in 1 seconds
 Retrying in 1 seconds
[shaping_diag] success_cum_shaping=313.35 T=113 d_init=104.5 d_final=0.0
Warning: Vehicle 'other'; junction collision with vehicle 'ego', lane=':center_8_0', gap=-1.00, time=7.60 stage=move.
 Retrying in 1 seconds
 Retrying in 1 seconds
[shaping_diag] success_cum_shaping=313.35 T=125 d_init=104.5 d_final=0.0
 Retrying in 1 seconds
[shaping_diag] success_cum_shaping=313.35 T=111 d_init=104.5 d_final=0.0
 Retrying in 1 seconds
[shaping_diag] success_cum_shaping=313.35 T=112 d_init=104.5 d_final=0.0
 Retrying in 1 seconds
[shaping_diag] success_cum_shaping=313.35 T=113 d_init=104.5 d_final=0.0
 Retrying in 1 seconds
[shaping_diag] success_cum_shaping=313.35 T=115 d_init=104.5 d_final=0.0
 Retrying in 1 seconds
[shaping_diag] success_cum_shaping=313.35 T=116 d_init=104.5 d_final=0.0
 Retrying in 1 seconds
[shaping_diag] success_cum_shaping=313.35 T=110 d_init=104.5 d_final=0.0
 Retrying in 1 seconds
[shaping_diag] success_cum_shaping=313.35 T=113 d_init=104.5 d_final=0.0
 Retrying in 1 seconds
 Retrying in 1 seconds
[shaping_diag] success_cum_shaping=313.35 T=115 d_init=104.5 d_final=0.0
Warning: Vehicle 'other'; junction collision with vehicle 'ego', lane=':center_8_0', gap=-1.00, time=7.40 stage=move.
 Retrying in 1 seconds
 Retrying in 1 seconds
[shaping_diag] success_cum_shaping=313.35 T=115 d_init=104.5 d_final=0.0
 Retrying in 1 seconds
[shaping_diag] success_cum_shaping=313.35 T=111 d_init=104.5 d_final=0.0
 Retrying in 1 seconds
[shaping_diag] success_cum_shaping=313.35 T=121 d_init=104.5 d_final=0.0
 Retrying in 1 seconds
[shaping_diag] success_cum_shaping=313.35 T=116 d_init=104.5 d_final=0.0
 Retrying in 1 seconds
[shaping_diag] success_cum_shaping=313.35 T=128 d_init=104.5 d_final=0.0
 Retrying in 1 seconds
[shaping_diag] success_cum_shaping=313.35 T=113 d_init=104.5 d_final=0.0
 Retrying in 1 seconds
[shaping_diag] success_cum_shaping=313.35 T=117 d_init=104.5 d_final=0.0
 Retrying in 1 seconds
[shaping_diag] success_cum_shaping=313.35 T=117 d_init=104.5 d_final=0.0
 Retrying in 1 seconds
[shaping_diag] success_cum_shaping=313.35 T=117 d_init=104.5 d_final=0.0
 Retrying in 1 seconds
[shaping_diag] success_cum_shaping=313.35 T=121 d_init=104.5 d_final=0.0
 Retrying in 1 seconds
[shaping_diag] success_cum_shaping=313.35 T=113 d_init=104.5 d_final=0.0
 Retrying in 1 seconds
[shaping_diag] success_cum_shaping=313.35 T=110 d_init=104.5 d_final=0.0
 Retrying in 1 seconds
[shaping_diag] success_cum_shaping=313.35 T=114 d_init=104.5 d_final=0.0
 Retrying in 1 seconds
[shaping_diag] success_cum_shaping=313.35 T=112 d_init=104.5 d_final=0.0
 Retrying in 1 seconds
[shaping_diag] success_cum_shaping=313.35 T=113 d_init=104.5 d_final=0.0
 Retrying in 1 seconds
[shaping_diag] success_cum_shaping=313.35 T=114 d_init=104.5 d_final=0.0
 Retrying in 1 seconds
[shaping_diag] success_cum_shaping=313.35 T=117 d_init=104.5 d_final=0.0
 Retrying in 1 seconds
[shaping_diag] success_cum_shaping=313.35 T=118 d_init=104.5 d_final=0.0
 Retrying in 1 seconds
[shaping_diag] success_cum_shaping=313.35 T=124 d_init=104.5 d_final=0.0
 Retrying in 1 seconds
[shaping_diag] success_cum_shaping=313.35 T=111 d_init=104.5 d_final=0.0
 Retrying in 1 seconds
[shaping_diag] success_cum_shaping=313.35 T=121 d_init=104.5 d_final=0.0
 Retrying in 1 seconds
[shaping_diag] success_cum_shaping=313.35 T=111 d_init=104.5 d_final=0.0
 Retrying in 1 seconds
[shaping_diag] success_cum_shaping=313.35 T=112 d_init=104.5 d_final=0.0
 Retrying in 1 seconds
[shaping_diag] success_cum_shaping=313.35 T=110 d_init=104.5 d_final=0.0
 Retrying in 1 seconds
[shaping_diag] success_cum_shaping=313.35 T=110 d_init=104.5 d_final=0.0
 Retrying in 1 seconds
[shaping_diag] success_cum_shaping=313.35 T=112 d_init=104.5 d_final=0.0
 Retrying in 1 seconds
[shaping_diag] success_cum_shaping=313.35 T=114 d_init=104.5 d_final=0.0
 Retrying in 1 seconds
[shaping_diag] success_cum_shaping=313.35 T=121 d_init=104.5 d_final=0.0
 Retrying in 1 seconds
[shaping_diag] success_cum_shaping=313.35 T=111 d_init=104.5 d_final=0.0
 Retrying in 1 seconds
[shaping_diag] success_cum_shaping=313.35 T=116 d_init=104.5 d_final=0.0
 Retrying in 1 seconds
[shaping_diag] success_cum_shaping=313.35 T=121 d_init=104.5 d_final=0.0
 Retrying in 1 seconds
[shaping_diag] success_cum_shaping=313.35 T=115 d_init=104.5 d_final=0.0
 Retrying in 1 seconds
[shaping_diag] success_cum_shaping=313.35 T=114 d_init=104.5 d_final=0.0
 Retrying in 1 seconds
 Retrying in 1 seconds
[shaping_diag] success_cum_shaping=313.35 T=111 d_init=104.5 d_final=0.0
 Retrying in 1 seconds
[shaping_diag] success_cum_shaping=313.35 T=116 d_init=104.5 d_final=0.0
 Retrying in 1 seconds
[shaping_diag] success_cum_shaping=313.35 T=114 d_init=104.5 d_final=0.0
 Retrying in 1 seconds
[shaping_diag] success_cum_shaping=313.35 T=127 d_init=104.5 d_final=0.0
 Retrying in 1 seconds
[shaping_diag] success_cum_shaping=313.35 T=119 d_init=104.5 d_final=0.0
 Retrying in 1 seconds
[shaping_diag] success_cum_shaping=313.35 T=116 d_init=104.5 d_final=0.0
 Retrying in 1 seconds
[shaping_diag] success_cum_shaping=313.35 T=113 d_init=104.5 d_final=0.0
 Retrying in 1 seconds
[shaping_diag] success_cum_shaping=313.35 T=115 d_init=104.5 d_final=0.0
 Retrying in 1 seconds
[shaping_diag] success_cum_shaping=313.35 T=117 d_init=104.5 d_final=0.0
 Retrying in 1 seconds
[shaping_diag] success_cum_shaping=313.35 T=111 d_init=104.5 d_final=0.0
 Retrying in 1 seconds
[shaping_diag] success_cum_shaping=313.35 T=118 d_init=104.5 d_final=0.0
 Retrying in 1 seconds
[shaping_diag] success_cum_shaping=313.35 T=119 d_init=104.5 d_final=0.0
Warning: Vehicle 'ego'; junction collision with vehicle 'other', lane=':center_11_0', gap=-1.00, time=7.80 stage=move.
 Retrying in 1 seconds
 Retrying in 1 seconds
[shaping_diag] success_cum_shaping=313.35 T=115 d_init=104.5 d_final=0.0
 Retrying in 1 seconds
[shaping_diag] success_cum_shaping=313.35 T=116 d_init=104.5 d_final=0.0
 Retrying in 1 seconds
[shaping_diag] success_cum_shaping=313.35 T=117 d_init=104.5 d_final=0.0
 Retrying in 1 seconds
[shaping_diag] success_cum_shaping=313.35 T=126 d_init=104.5 d_final=0.0
 Retrying in 1 seconds
[shaping_diag] success_cum_shaping=313.35 T=124 d_init=104.5 d_final=0.0
 Retrying in 1 seconds
[shaping_diag] success_cum_shaping=313.35 T=113 d_init=104.5 d_final=0.0
 Retrying in 1 seconds
[shaping_diag] success_cum_shaping=313.35 T=115 d_init=104.5 d_final=0.0
 Retrying in 1 seconds
[shaping_diag] success_cum_shaping=313.35 T=122 d_init=104.5 d_final=0.0
 Retrying in 1 seconds
[shaping_diag] success_cum_shaping=313.35 T=114 d_init=104.5 d_final=0.0
 Retrying in 1 seconds
[shaping_diag] success_cum_shaping=313.35 T=112 d_init=104.5 d_final=0.0
 Retrying in 1 seconds
[shaping_diag] success_cum_shaping=313.35 T=114 d_init=104.5 d_final=0.0
Warning: Vehicle 'ego'; junction collision with vehicle 'other', lane=':center_11_0', gap=-1.00, time=8.00 stage=move.
 Retrying in 1 seconds
 Retrying in 1 seconds
[shaping_diag] success_cum_shaping=313.35 T=118 d_init=104.5 d_final=0.0
 Retrying in 1 seconds
[shaping_diag] success_cum_shaping=313.35 T=111 d_init=104.5 d_final=0.0
 Retrying in 1 seconds
[shaping_diag] success_cum_shaping=313.35 T=110 d_init=104.5 d_final=0.0
 Retrying in 1 seconds
[shaping_diag] success_cum_shaping=313.35 T=116 d_init=104.5 d_final=0.0
 Retrying in 1 seconds
[shaping_diag] success_cum_shaping=313.35 T=110 d_init=104.5 d_final=0.0
 Retrying in 1 seconds
[shaping_diag] success_cum_shaping=313.35 T=121 d_init=104.5 d_final=0.0
 Retrying in 1 seconds
[shaping_diag] success_cum_shaping=313.35 T=110 d_init=104.5 d_final=0.0
 Retrying in 1 seconds
[shaping_diag] success_cum_shaping=313.35 T=118 d_init=104.5 d_final=0.0
 Retrying in 1 seconds
[shaping_diag] success_cum_shaping=313.35 T=112 d_init=104.5 d_final=0.0
 Retrying in 1 seconds
[shaping_diag] success_cum_shaping=313.35 T=119 d_init=104.5 d_final=0.0
 Retrying in 1 seconds
 Retrying in 1 seconds
[shaping_diag] success_cum_shaping=313.35 T=114 d_init=104.5 d_final=0.0
 Retrying in 1 seconds
[shaping_diag] success_cum_shaping=313.35 T=117 d_init=104.5 d_final=0.0
 Retrying in 1 seconds
[shaping_diag] success_cum_shaping=313.35 T=116 d_init=104.5 d_final=0.0
 Retrying in 1 seconds
[shaping_diag] success_cum_shaping=313.35 T=114 d_init=104.5 d_final=0.0
 Retrying in 1 seconds
[shaping_diag] success_cum_shaping=313.35 T=112 d_init=104.5 d_final=0.0
 Retrying in 1 seconds
[shaping_diag] success_cum_shaping=313.35 T=115 d_init=104.5 d_final=0.0
 Retrying in 1 seconds
 Retrying in 1 seconds
[shaping_diag] success_cum_shaping=313.35 T=111 d_init=104.5 d_final=0.0
Warning: Vehicle 'ego'; collision with vehicle 'other', lane='right_in_1', gap=-0.52, time=5.90 stage=move.
 Retrying in 1 seconds
 Retrying in 1 seconds
[shaping_diag] success_cum_shaping=313.35 T=116 d_init=104.5 d_final=0.0
 Retrying in 1 seconds
[shaping_diag] success_cum_shaping=313.35 T=111 d_init=104.5 d_final=0.0
 Retrying in 1 seconds
[shaping_diag] success_cum_shaping=313.35 T=111 d_init=104.5 d_final=0.0
 Retrying in 1 seconds
[shaping_diag] success_cum_shaping=313.35 T=112 d_init=104.5 d_final=0.0
 Retrying in 1 seconds
[shaping_diag] success_cum_shaping=313.35 T=115 d_init=104.5 d_final=0.0
 Retrying in 1 seconds
[shaping_diag] success_cum_shaping=313.35 T=113 d_init=104.5 d_final=0.0
Warning: Vehicle 'other' performs emergency braking on lane 'left_in_0' with decel=9.00, wished=5.00, severity=1.00, time=6.70.
Warning: Vehicle 'other'; junction collision with vehicle 'ego', lane=':center_8_0', gap=-1.00, time=7.60 stage=move.
 Retrying in 1 seconds
 Retrying in 1 seconds
[shaping_diag] success_cum_shaping=313.35 T=113 d_init=104.5 d_final=0.0
 Retrying in 1 seconds
[shaping_diag] success_cum_shaping=313.35 T=111 d_init=104.5 d_final=0.0
 Retrying in 1 seconds
[shaping_diag] success_cum_shaping=313.35 T=114 d_init=104.5 d_final=0.0
 Retrying in 1 seconds
[shaping_diag] success_cum_shaping=313.35 T=113 d_init=104.5 d_final=0.0
 Retrying in 1 seconds
[shaping_diag] success_cum_shaping=313.35 T=113 d_init=104.5 d_final=0.0
 Retrying in 1 seconds
 Retrying in 1 seconds
[shaping_diag] success_cum_shaping=313.35 T=113 d_init=104.5 d_final=0.0
 Retrying in 1 seconds
[shaping_diag] success_cum_shaping=313.35 T=115 d_init=104.5 d_final=0.0
Warning: Vehicle 'other'; junction collision with vehicle 'ego', lane=':center_8_0', gap=-1.00, time=7.40 stage=move.
 Retrying in 1 seconds
 Retrying in 1 seconds
 Retrying in 1 seconds
[shaping_diag] success_cum_shaping=313.35 T=112 d_init=104.5 d_final=0.0
 Retrying in 1 seconds
[shaping_diag] success_cum_shaping=313.35 T=115 d_init=104.5 d_final=0.0
 Retrying in 1 seconds
[shaping_diag] success_cum_shaping=313.35 T=116 d_init=104.5 d_final=0.0
 Retrying in 1 seconds
[shaping_diag] success_cum_shaping=313.35 T=113 d_init=104.5 d_final=0.0
Warning: Vehicle 'ego'; junction collision with vehicle 'other', lane=':center_11_0', gap=-1.00, time=8.30 stage=move.
 Retrying in 1 seconds
 Retrying in 1 seconds
[shaping_diag] success_cum_shaping=313.35 T=112 d_init=104.5 d_final=0.0
 Retrying in 1 seconds
[shaping_diag] success_cum_shaping=313.35 T=113 d_init=104.5 d_final=0.0
 Retrying in 1 seconds
[shaping_diag] success_cum_shaping=313.35 T=112 d_init=104.5 d_final=0.0
 Retrying in 1 seconds
[shaping_diag] success_cum_shaping=313.35 T=110 d_init=104.5 d_final=0.0
Warning: Vehicle 'other' performs emergency braking on lane 'left_in_0' with decel=9.00, wished=5.00, severity=1.00, time=6.70.
 Retrying in 1 seconds
[shaping_diag] success_cum_shaping=313.35 T=113 d_init=104.5 d_final=0.0
 Retrying in 1 seconds
 Retrying in 1 seconds
[shaping_diag] success_cum_shaping=313.35 T=115 d_init=104.5 d_final=0.0
 Retrying in 1 seconds
 Retrying in 1 seconds
[shaping_diag] success_cum_shaping=313.35 T=115 d_init=104.5 d_final=0.0
 Retrying in 1 seconds
[shaping_diag] success_cum_shaping=313.35 T=110 d_init=104.5 d_final=0.0
 Retrying in 1 seconds
[shaping_diag] success_cum_shaping=313.35 T=113 d_init=104.5 d_final=0.0
 Retrying in 1 seconds
[shaping_diag] success_cum_shaping=313.35 T=113 d_init=104.5 d_final=0.0
 Retrying in 1 seconds
[shaping_diag] success_cum_shaping=313.35 T=123 d_init=104.5 d_final=0.0
Warning: Vehicle 'other'; junction collision with vehicle 'ego', lane=':center_8_0', gap=-1.00, time=7.40 stage=move.
 Retrying in 1 seconds
 Retrying in 1 seconds
[shaping_diag] success_cum_shaping=313.35 T=110 d_init=104.5 d_final=0.0
 Retrying in 1 seconds
[shaping_diag] success_cum_shaping=313.35 T=110 d_init=104.5 d_final=0.0
 Retrying in 1 seconds
[shaping_diag] success_cum_shaping=313.35 T=110 d_init=104.5 d_final=0.0
 Retrying in 1 seconds
[shaping_diag] success_cum_shaping=313.35 T=117 d_init=104.5 d_final=0.0
 Retrying in 1 seconds
[shaping_diag] success_cum_shaping=313.35 T=119 d_init=104.5 d_final=0.0
 Retrying in 1 seconds
[shaping_diag] success_cum_shaping=313.35 T=112 d_init=104.5 d_final=0.0
 Retrying in 1 seconds
[shaping_diag] success_cum_shaping=313.35 T=113 d_init=104.5 d_final=0.0
 Retrying in 1 seconds
[shaping_diag] success_cum_shaping=313.35 T=114 d_init=104.5 d_final=0.0
 Retrying in 1 seconds
[shaping_diag] success_cum_shaping=313.35 T=111 d_init=104.5 d_final=0.0
 Retrying in 1 seconds
[shaping_diag] success_cum_shaping=313.35 T=116 d_init=104.5 d_final=0.0
 Retrying in 1 seconds
[shaping_diag] success_cum_shaping=313.35 T=110 d_init=104.5 d_final=0.0
 Retrying in 1 seconds
[shaping_diag] success_cum_shaping=313.35 T=111 d_init=104.5 d_final=0.0
 Retrying in 1 seconds
[shaping_diag] success_cum_shaping=313.35 T=110 d_init=104.5 d_final=0.0
 Retrying in 1 seconds
[shaping_diag] success_cum_shaping=313.35 T=114 d_init=104.5 d_final=0.0
 Retrying in 1 seconds
[shaping_diag] success_cum_shaping=313.35 T=119 d_init=104.5 d_final=0.0
 Retrying in 1 seconds
[shaping_diag] success_cum_shaping=313.35 T=117 d_init=104.5 d_final=0.0
 Retrying in 1 seconds
[shaping_diag] success_cum_shaping=313.35 T=111 d_init=104.5 d_final=0.0
 Retrying in 1 seconds
[shaping_diag] success_cum_shaping=313.35 T=112 d_init=104.5 d_final=0.0
 Retrying in 1 seconds
[shaping_diag] success_cum_shaping=313.35 T=110 d_init=104.5 d_final=0.0
 Retrying in 1 seconds
[shaping_diag] success_cum_shaping=313.35 T=113 d_init=104.5 d_final=0.0
 Retrying in 1 seconds
[shaping_diag] success_cum_shaping=313.35 T=119 d_init=104.5 d_final=0.0
 Retrying in 1 seconds
[shaping_diag] success_cum_shaping=313.35 T=111 d_init=104.5 d_final=0.0
 Retrying in 1 seconds
[shaping_diag] success_cum_shaping=313.35 T=112 d_init=104.5 d_final=0.0
 Retrying in 1 seconds
[shaping_diag] success_cum_shaping=313.35 T=111 d_init=104.5 d_final=0.0
 Retrying in 1 seconds
[shaping_diag] success_cum_shaping=313.35 T=111 d_init=104.5 d_final=0.0
 Retrying in 1 seconds
[shaping_diag] success_cum_shaping=313.35 T=113 d_init=104.5 d_final=0.0
 Retrying in 1 seconds
[shaping_diag] success_cum_shaping=313.35 T=110 d_init=104.5 d_final=0.0
 Retrying in 1 seconds
[shaping_diag] success_cum_shaping=313.35 T=111 d_init=104.5 d_final=0.0
 Retrying in 1 seconds
[shaping_diag] success_cum_shaping=313.35 T=114 d_init=104.5 d_final=0.0
 Retrying in 1 seconds
[shaping_diag] success_cum_shaping=313.35 T=112 d_init=104.5 d_final=0.0
Warning: Vehicle 'other' performs emergency braking on lane 'left_in_0' with decel=9.00, wished=5.00, severity=1.00, time=6.50.
 Retrying in 1 seconds
 Retrying in 1 seconds
[shaping_diag] success_cum_shaping=313.35 T=111 d_init=104.5 d_final=0.0
 Retrying in 1 seconds
[shaping_diag] success_cum_shaping=313.35 T=111 d_init=104.5 d_final=0.0
 Retrying in 1 seconds
[shaping_diag] success_cum_shaping=313.35 T=110 d_init=104.5 d_final=0.0
 Retrying in 1 seconds
[shaping_diag] success_cum_shaping=313.35 T=111 d_init=104.5 d_final=0.0
 Retrying in 1 seconds
[shaping_diag] success_cum_shaping=313.35 T=115 d_init=104.5 d_final=0.0
 Retrying in 1 seconds
[shaping_diag] success_cum_shaping=313.35 T=111 d_init=104.5 d_final=0.0
 Retrying in 1 seconds
[shaping_diag] success_cum_shaping=313.35 T=110 d_init=104.5 d_final=0.0
 Retrying in 1 seconds
[shaping_diag] success_cum_shaping=313.35 T=111 d_init=104.5 d_final=0.0
 Retrying in 1 seconds
[shaping_diag] success_cum_shaping=313.35 T=111 d_init=104.5 d_final=0.0
 Retrying in 1 seconds
[shaping_diag] success_cum_shaping=313.35 T=119 d_init=104.5 d_final=0.0
 Retrying in 1 seconds
[shaping_diag] success_cum_shaping=313.35 T=111 d_init=104.5 d_final=0.0
 Retrying in 1 seconds
[shaping_diag] success_cum_shaping=313.35 T=111 d_init=104.5 d_final=0.0
 Retrying in 1 seconds
[shaping_diag] success_cum_shaping=313.35 T=111 d_init=104.5 d_final=0.0
 Retrying in 1 seconds
[shaping_diag] success_cum_shaping=313.35 T=112 d_init=104.5 d_final=0.0
Warning: Vehicle 'ego'; junction collision with vehicle 'other', lane=':center_11_0', gap=-1.00, time=7.00 stage=move.
Warning: Vehicle 'other' performs emergency braking on lane 'left_in_0' with decel=9.00, wished=7.00, severity=1.00, time=6.50.
 Retrying in 1 seconds
 Retrying in 1 seconds
[shaping_diag] success_cum_shaping=313.35 T=110 d_init=104.5 d_final=0.0
Warning: Vehicle 'other' performs emergency braking on lane 'left_in_0' with decel=9.00, wished=5.00, severity=1.00, time=6.50.
 Retrying in 1 seconds
[shaping_diag] success_cum_shaping=313.35 T=111 d_init=104.5 d_final=0.0
 Retrying in 1 seconds
[shaping_diag] success_cum_shaping=313.35 T=113 d_init=104.5 d_final=0.0
 Retrying in 1 seconds
[shaping_diag] success_cum_shaping=313.35 T=113 d_init=104.5 d_final=0.0
Warning: Vehicle 'other2' performs emergency braking on lane 'left_in_0' with decel=9.00, wished=6.00, severity=1.00, time=6.60.
 Retrying in 1 seconds
[shaping_diag] success_cum_shaping=313.35 T=111 d_init=104.5 d_final=0.0
 Retrying in 1 seconds
[shaping_diag] success_cum_shaping=313.35 T=116 d_init=104.5 d_final=0.0
 Retrying in 1 seconds
[shaping_diag] success_cum_shaping=313.35 T=112 d_init=104.5 d_final=0.0
 Retrying in 1 seconds
[shaping_diag] success_cum_shaping=313.35 T=112 d_init=104.5 d_final=0.0
 Retrying in 1 seconds
[shaping_diag] success_cum_shaping=313.35 T=110 d_init=104.5 d_final=0.0
 Retrying in 1 seconds
[shaping_diag] success_cum_shaping=313.35 T=110 d_init=104.5 d_final=0.0
 Retrying in 1 seconds
[shaping_diag] success_cum_shaping=313.35 T=112 d_init=104.5 d_final=0.0
 Retrying in 1 seconds
[shaping_diag] success_cum_shaping=313.35 T=112 d_init=104.5 d_final=0.0
 Retrying in 1 seconds
[shaping_diag] success_cum_shaping=313.35 T=111 d_init=104.5 d_final=0.0
 Retrying in 1 seconds
[shaping_diag] success_cum_shaping=313.35 T=110 d_init=104.5 d_final=0.0
 Retrying in 1 seconds
[shaping_diag] success_cum_shaping=313.35 T=111 d_init=104.5 d_final=0.0
 Retrying in 1 seconds
[shaping_diag] success_cum_shaping=313.35 T=110 d_init=104.5 d_final=0.0
 Retrying in 1 seconds
[shaping_diag] success_cum_shaping=313.35 T=115 d_init=104.5 d_final=0.0
 Retrying in 1 seconds
[shaping_diag] success_cum_shaping=313.35 T=111 d_init=104.5 d_final=0.0
 Retrying in 1 seconds
[shaping_diag] success_cum_shaping=313.35 T=123 d_init=104.5 d_final=0.0
 Retrying in 1 seconds
[shaping_diag] success_cum_shaping=313.35 T=110 d_init=104.5 d_final=0.0
 Retrying in 1 seconds
[shaping_diag] success_cum_shaping=313.35 T=110 d_init=104.5 d_final=0.0
 Retrying in 1 seconds
 Retrying in 1 seconds
 Retrying in 1 seconds
[shaping_diag] success_cum_shaping=313.35 T=110 d_init=104.5 d_final=0.0
 Retrying in 1 seconds
[shaping_diag] success_cum_shaping=313.35 T=110 d_init=104.5 d_final=0.0
Warning: Vehicle 'other' performs emergency braking on lane 'left_in_0' with decel=9.00, wished=5.00, severity=1.00, time=6.50.
 Retrying in 1 seconds
[shaping_diag] success_cum_shaping=313.35 T=110 d_init=104.5 d_final=0.0
 Retrying in 1 seconds
[shaping_diag] success_cum_shaping=313.35 T=110 d_init=104.5 d_final=0.0
 Retrying in 1 seconds
[shaping_diag] success_cum_shaping=313.35 T=110 d_init=104.5 d_final=0.0
 Retrying in 1 seconds
[shaping_diag] success_cum_shaping=313.35 T=110 d_init=104.5 d_final=0.0
Warning: Vehicle 'other' performs emergency braking on lane 'left_in_0' with decel=9.00, wished=7.00, severity=1.00, time=6.50.
 Retrying in 1 seconds
[shaping_diag] success_cum_shaping=313.35 T=110 d_init=104.5 d_final=0.0
 Retrying in 1 seconds
[shaping_diag] success_cum_shaping=313.35 T=110 d_init=104.5 d_final=0.0
 Retrying in 1 seconds
[shaping_diag] success_cum_shaping=313.35 T=110 d_init=104.5 d_final=0.0
[cbf_aux] step=290816 ret=324.61 coll=1 ttc=5.31 cbf_res=0.0000
 Retrying in 1 seconds
[shaping_diag] success_cum_shaping=313.35 T=110 d_init=104.5 d_final=0.0
 Retrying in 1 seconds
[shaping_diag] success_cum_shaping=313.35 T=111 d_init=104.5 d_final=0.0
 Retrying in 1 seconds
[shaping_diag] success_cum_shaping=313.35 T=111 d_init=104.5 d_final=0.0
 Retrying in 1 seconds
[shaping_diag] success_cum_shaping=313.35 T=110 d_init=104.5 d_final=0.0
 Retrying in 1 seconds
[shaping_diag] success_cum_shaping=313.35 T=113 d_init=104.5 d_final=0.0
 Retrying in 1 seconds
[shaping_diag] success_cum_shaping=313.35 T=112 d_init=104.5 d_final=0.0
 Retrying in 1 seconds
[shaping_diag] success_cum_shaping=313.35 T=112 d_init=104.5 d_final=0.0
 Retrying in 1 seconds
[shaping_diag] success_cum_shaping=313.35 T=110 d_init=104.5 d_final=0.0
 Retrying in 1 seconds
[shaping_diag] success_cum_shaping=313.35 T=111 d_init=104.5 d_final=0.0
 Retrying in 1 seconds
[shaping_diag] success_cum_shaping=313.35 T=116 d_init=104.5 d_final=0.0
 Retrying in 1 seconds
[shaping_diag] success_cum_shaping=313.35 T=111 d_init=104.5 d_final=0.0
 Retrying in 1 seconds
 Retrying in 1 seconds
[shaping_diag] success_cum_shaping=313.35 T=116 d_init=104.5 d_final=0.0
 Retrying in 1 seconds
[shaping_diag] success_cum_shaping=313.35 T=110 d_init=104.5 d_final=0.0
 Retrying in 1 seconds
[shaping_diag] success_cum_shaping=313.35 T=121 d_init=104.5 d_final=0.0
 Retrying in 1 seconds
[shaping_diag] success_cum_shaping=313.35 T=111 d_init=104.5 d_final=0.0
Warning: Vehicle 'other'; junction collision with vehicle 'ego', lane=':center_8_0', gap=-1.00, time=7.20 stage=move.
 Retrying in 1 seconds
 Retrying in 1 seconds
[shaping_diag] success_cum_shaping=313.35 T=111 d_init=104.5 d_final=0.0
 Retrying in 1 seconds
[shaping_diag] success_cum_shaping=313.35 T=112 d_init=104.5 d_final=0.0
 Retrying in 1 seconds
[shaping_diag] success_cum_shaping=313.35 T=111 d_init=104.5 d_final=0.0
 Retrying in 1 seconds
[shaping_diag] success_cum_shaping=313.35 T=115 d_init=104.5 d_final=0.0
 Retrying in 1 seconds
[shaping_diag] success_cum_shaping=313.35 T=122 d_init=104.5 d_final=0.0
 Retrying in 1 seconds
[shaping_diag] success_cum_shaping=313.35 T=112 d_init=104.5 d_final=0.0
 Retrying in 1 seconds
[shaping_diag] success_cum_shaping=313.35 T=113 d_init=104.5 d_final=0.0
 Retrying in 1 seconds
[shaping_diag] success_cum_shaping=313.35 T=111 d_init=104.5 d_final=0.0
 Retrying in 1 seconds
[shaping_diag] success_cum_shaping=313.35 T=113 d_init=104.5 d_final=0.0
 Retrying in 1 seconds
[shaping_diag] success_cum_shaping=313.35 T=110 d_init=104.5 d_final=0.0
 Retrying in 1 seconds
[shaping_diag] success_cum_shaping=313.35 T=116 d_init=104.5 d_final=0.0
 Retrying in 1 seconds
[shaping_diag] success_cum_shaping=313.35 T=115 d_init=104.5 d_final=0.0
 Retrying in 1 seconds
[shaping_diag] success_cum_shaping=313.35 T=112 d_init=104.5 d_final=0.0
 Retrying in 1 seconds
[shaping_diag] success_cum_shaping=313.35 T=114 d_init=104.5 d_final=0.0
 Retrying in 1 seconds
[shaping_diag] success_cum_shaping=313.35 T=112 d_init=104.5 d_final=0.0
 Retrying in 1 seconds
[shaping_diag] success_cum_shaping=313.35 T=110 d_init=104.5 d_final=0.0
 Retrying in 1 seconds
[shaping_diag] success_cum_shaping=313.35 T=110 d_init=104.5 d_final=0.0
 Retrying in 1 seconds
 Retrying in 1 seconds
 Retrying in 1 seconds
[shaping_diag] success_cum_shaping=313.35 T=112 d_init=104.5 d_final=0.0
Warning: Vehicle 'other' performs emergency braking on lane 'left_in_0' with decel=9.00, wished=5.00, severity=1.00, time=6.60.
Warning: Vehicle 'other' performs emergency braking on lane 'left_in_0' with decel=9.00, wished=5.00, severity=1.00, time=6.80.
 Retrying in 1 seconds
 Retrying in 1 seconds
[shaping_diag] success_cum_shaping=313.35 T=115 d_init=104.5 d_final=0.0
 Retrying in 1 seconds
[shaping_diag] success_cum_shaping=313.35 T=112 d_init=104.5 d_final=0.0
 Retrying in 1 seconds
[shaping_diag] success_cum_shaping=313.35 T=113 d_init=104.5 d_final=0.0
 Retrying in 1 seconds
[shaping_diag] success_cum_shaping=313.35 T=114 d_init=104.5 d_final=0.0
 Retrying in 1 seconds
[shaping_diag] success_cum_shaping=313.35 T=115 d_init=104.5 d_final=0.0
Warning: Vehicle 'other'; junction collision with vehicle 'ego', lane=':center_8_0', gap=-1.00, time=7.20 stage=move.
 Retrying in 1 seconds
 Retrying in 1 seconds
 Retrying in 1 seconds
[shaping_diag] success_cum_shaping=313.35 T=117 d_init=104.5 d_final=0.0
Warning: Vehicle 'other' performs emergency braking on lane ':center_8_0' with decel=9.00, wished=7.00, severity=1.00, time=7.10.
 Retrying in 1 seconds
 Retrying in 1 seconds
[shaping_diag] success_cum_shaping=313.35 T=112 d_init=104.5 d_final=0.0
Warning: Vehicle 'other' performs emergency braking on lane 'left_in_0' with decel=9.00, wished=5.00, severity=1.00, time=6.80.
 Retrying in 1 seconds
 Retrying in 1 seconds
[shaping_diag] success_cum_shaping=313.35 T=115 d_init=104.5 d_final=0.0
Warning: Vehicle 'other' performs emergency braking on lane 'left_in_0' with decel=9.00, wished=5.00, severity=1.00, time=6.50.
 Retrying in 1 seconds
[shaping_diag] success_cum_shaping=313.35 T=111 d_init=104.5 d_final=0.0
 Retrying in 1 seconds
[shaping_diag] success_cum_shaping=313.35 T=110 d_init=104.5 d_final=0.0
 Retrying in 1 seconds
[shaping_diag] success_cum_shaping=313.35 T=115 d_init=104.5 d_final=0.0
 Retrying in 1 seconds
[shaping_diag] success_cum_shaping=313.35 T=115 d_init=104.5 d_final=0.0
Warning: Vehicle 'other'; junction collision with vehicle 'ego', lane=':center_8_0', gap=-1.00, time=7.10 stage=move.
 Retrying in 1 seconds
 Retrying in 1 seconds
[shaping_diag] success_cum_shaping=313.35 T=113 d_init=104.5 d_final=0.0
 Retrying in 1 seconds
[shaping_diag] success_cum_shaping=313.35 T=112 d_init=104.5 d_final=0.0
 Retrying in 1 seconds
[shaping_diag] success_cum_shaping=313.35 T=115 d_init=104.5 d_final=0.0
Warning: Vehicle 'other'; junction collision with vehicle 'ego', lane=':center_8_0', gap=-1.00, time=7.20 stage=move.
 Retrying in 1 seconds
 Retrying in 1 seconds
[shaping_diag] success_cum_shaping=313.35 T=110 d_init=104.5 d_final=0.0
 Retrying in 1 seconds
[shaping_diag] success_cum_shaping=313.35 T=113 d_init=104.5 d_final=0.0
 Retrying in 1 seconds
[shaping_diag] success_cum_shaping=313.35 T=111 d_init=104.5 d_final=0.0
 Retrying in 1 seconds
[shaping_diag] success_cum_shaping=313.35 T=111 d_init=104.5 d_final=0.0
Warning: Vehicle 'other' performs emergency braking on lane ':center_8_0' with decel=9.00, wished=4.00, severity=1.00, time=7.40.
Warning: Vehicle 'other'; junction collision with vehicle 'ego', lane=':center_8_0', gap=-1.00, time=7.80 stage=move.
 Retrying in 1 seconds
 Retrying in 1 seconds
[shaping_diag] success_cum_shaping=313.35 T=115 d_init=104.5 d_final=0.0
Warning: Vehicle 'other' performs emergency braking on lane 'left_in_0' with decel=9.00, wished=7.00, severity=1.00, time=6.60.
 Retrying in 1 seconds
[shaping_diag] success_cum_shaping=313.35 T=113 d_init=104.5 d_final=0.0
 Retrying in 1 seconds
[shaping_diag] success_cum_shaping=313.35 T=112 d_init=104.5 d_final=0.0
 Retrying in 1 seconds
[shaping_diag] success_cum_shaping=313.35 T=110 d_init=104.5 d_final=0.0
 Retrying in 1 seconds
[shaping_diag] success_cum_shaping=313.35 T=115 d_init=104.5 d_final=0.0
 Retrying in 1 seconds
[shaping_diag] success_cum_shaping=313.35 T=112 d_init=104.5 d_final=0.0
 Retrying in 1 seconds
[shaping_diag] success_cum_shaping=313.35 T=110 d_init=104.5 d_final=0.0
 Retrying in 1 seconds
[shaping_diag] success_cum_shaping=313.35 T=111 d_init=104.5 d_final=0.0
 Retrying in 1 seconds
[shaping_diag] success_cum_shaping=313.35 T=113 d_init=104.5 d_final=0.0
 Retrying in 1 seconds
[shaping_diag] success_cum_shaping=313.35 T=112 d_init=104.5 d_final=0.0
 Retrying in 1 seconds
[shaping_diag] success_cum_shaping=313.35 T=117 d_init=104.5 d_final=0.0
 Retrying in 1 seconds
[shaping_diag] success_cum_shaping=313.35 T=115 d_init=104.5 d_final=0.0
 Retrying in 1 seconds
 Retrying in 1 seconds
 Retrying in 1 seconds
[shaping_diag] success_cum_shaping=313.35 T=121 d_init=104.5 d_final=0.0
 Retrying in 1 seconds
[shaping_diag] success_cum_shaping=313.35 T=115 d_init=104.5 d_final=0.0
 Retrying in 1 seconds
[shaping_diag] success_cum_shaping=313.35 T=113 d_init=104.5 d_final=0.0
Warning: Vehicle 'ego'; collision with vehicle 'other', lane='right_in_1', gap=-0.17, time=2.80 stage=move.
 Retrying in 1 seconds
 Retrying in 1 seconds
[shaping_diag] success_cum_shaping=313.35 T=114 d_init=104.5 d_final=0.0
 Retrying in 1 seconds
[shaping_diag] success_cum_shaping=313.35 T=112 d_init=104.5 d_final=0.0
 Retrying in 1 seconds
[shaping_diag] success_cum_shaping=313.35 T=113 d_init=104.5 d_final=0.0
 Retrying in 1 seconds
[shaping_diag] success_cum_shaping=313.35 T=115 d_init=104.5 d_final=0.0
 Retrying in 1 seconds
[shaping_diag] success_cum_shaping=313.35 T=117 d_init=104.5 d_final=0.0
 Retrying in 1 seconds
[shaping_diag] success_cum_shaping=313.35 T=115 d_init=104.5 d_final=0.0
 Retrying in 1 seconds
[shaping_diag] success_cum_shaping=313.35 T=114 d_init=104.5 d_final=0.0
 Retrying in 1 seconds
[shaping_diag] success_cum_shaping=313.35 T=116 d_init=104.5 d_final=0.0
 Retrying in 1 seconds
[shaping_diag] success_cum_shaping=313.35 T=115 d_init=104.5 d_final=0.0
 Retrying in 1 seconds
[shaping_diag] success_cum_shaping=313.35 T=115 d_init=104.5 d_final=0.0
Warning: Vehicle 'other'; junction collision with vehicle 'ego', lane=':center_8_0', gap=-1.00, time=7.60 stage=move.
 Retrying in 1 seconds
 Retrying in 1 seconds
[shaping_diag] success_cum_shaping=313.35 T=117 d_init=104.5 d_final=0.0
 Retrying in 1 seconds
[shaping_diag] success_cum_shaping=313.35 T=117 d_init=104.5 d_final=0.0
 Retrying in 1 seconds
[shaping_diag] success_cum_shaping=313.35 T=112 d_init=104.5 d_final=0.0
 Retrying in 1 seconds
[shaping_diag] success_cum_shaping=313.35 T=116 d_init=104.5 d_final=0.0
 Retrying in 1 seconds
[shaping_diag] success_cum_shaping=313.35 T=113 d_init=104.5 d_final=0.0
 Retrying in 1 seconds
[shaping_diag] success_cum_shaping=313.35 T=119 d_init=104.5 d_final=0.0
 Retrying in 1 seconds
[shaping_diag] success_cum_shaping=313.35 T=112 d_init=104.5 d_final=0.0
 Retrying in 1 seconds
[shaping_diag] success_cum_shaping=313.35 T=110 d_init=104.5 d_final=0.0
 Retrying in 1 seconds
[shaping_diag] success_cum_shaping=313.35 T=111 d_init=104.5 d_final=0.0
 Retrying in 1 seconds
[shaping_diag] success_cum_shaping=313.35 T=114 d_init=104.5 d_final=0.0
 Retrying in 1 seconds
[shaping_diag] success_cum_shaping=313.35 T=114 d_init=104.5 d_final=0.0
 Retrying in 1 seconds
[shaping_diag] success_cum_shaping=313.35 T=111 d_init=104.5 d_final=0.0
 Retrying in 1 seconds
[shaping_diag] success_cum_shaping=313.35 T=112 d_init=104.5 d_final=0.0
 Retrying in 1 seconds
[shaping_diag] success_cum_shaping=313.35 T=116 d_init=104.5 d_final=0.0
Warning: Vehicle 'other' performs emergency braking on lane 'left_in_0' with decel=9.00, wished=5.00, severity=1.00, time=6.80.
 Retrying in 1 seconds
[shaping_diag] success_cum_shaping=313.35 T=115 d_init=104.5 d_final=0.0
 Retrying in 1 seconds
[shaping_diag] success_cum_shaping=313.35 T=112 d_init=104.5 d_final=0.0
 Retrying in 1 seconds
[shaping_diag] success_cum_shaping=313.35 T=111 d_init=104.5 d_final=0.0
Warning: Vehicle 'other' performs emergency braking on lane 'left_in_0' with decel=9.00, wished=5.00, severity=1.00, time=6.60.
 Retrying in 1 seconds
[shaping_diag] success_cum_shaping=313.35 T=112 d_init=104.5 d_final=0.0
 Retrying in 1 seconds
[shaping_diag] success_cum_shaping=313.35 T=122 d_init=104.5 d_final=0.0
 Retrying in 1 seconds
[shaping_diag] success_cum_shaping=313.35 T=120 d_init=104.5 d_final=0.0
Warning: Vehicle 'other'; junction collision with vehicle 'ego', lane=':center_8_0', gap=-1.00, time=7.70 stage=move.
 Retrying in 1 seconds
 Retrying in 1 seconds
[shaping_diag] success_cum_shaping=313.35 T=111 d_init=104.5 d_final=0.0
 Retrying in 1 seconds
 Retrying in 1 seconds
[shaping_diag] success_cum_shaping=313.35 T=113 d_init=104.5 d_final=0.0
 Retrying in 1 seconds
[shaping_diag] success_cum_shaping=313.35 T=111 d_init=104.5 d_final=0.0
 Retrying in 1 seconds
[shaping_diag] success_cum_shaping=313.35 T=119 d_init=104.5 d_final=0.0
 Retrying in 1 seconds
[shaping_diag] success_cum_shaping=313.35 T=118 d_init=104.5 d_final=0.0
 Retrying in 1 seconds
[shaping_diag] success_cum_shaping=313.35 T=113 d_init=104.5 d_final=0.0
 Retrying in 1 seconds
[shaping_diag] success_cum_shaping=313.35 T=114 d_init=104.5 d_final=0.0
 Retrying in 1 seconds
[shaping_diag] success_cum_shaping=313.35 T=113 d_init=104.5 d_final=0.0
 Retrying in 1 seconds
[shaping_diag] success_cum_shaping=313.35 T=112 d_init=104.5 d_final=0.0
 Retrying in 1 seconds
[shaping_diag] success_cum_shaping=313.35 T=120 d_init=104.5 d_final=0.0
 Retrying in 1 seconds
[shaping_diag] success_cum_shaping=313.35 T=110 d_init=104.5 d_final=0.0
 Retrying in 1 seconds
[shaping_diag] success_cum_shaping=313.35 T=115 d_init=104.5 d_final=0.0
Warning: Vehicle 'other2' performs emergency braking on lane 'left_in_0' with decel=9.00, wished=6.00, severity=1.00, time=6.80.
 Retrying in 1 seconds
[shaping_diag] success_cum_shaping=313.35 T=115 d_init=104.5 d_final=0.0
 Retrying in 1 seconds
[shaping_diag] success_cum_shaping=313.35 T=110 d_init=104.5 d_final=0.0
 Retrying in 1 seconds
[shaping_diag] success_cum_shaping=313.35 T=112 d_init=104.5 d_final=0.0
 Retrying in 1 seconds
[shaping_diag] success_cum_shaping=313.35 T=112 d_init=104.5 d_final=0.0
 Retrying in 1 seconds
[shaping_diag] success_cum_shaping=313.35 T=112 d_init=104.5 d_final=0.0
 Retrying in 1 seconds
[shaping_diag] success_cum_shaping=313.35 T=111 d_init=104.5 d_final=0.0
 Retrying in 1 seconds
[shaping_diag] success_cum_shaping=313.35 T=110 d_init=104.5 d_final=0.0
 Retrying in 1 seconds
[shaping_diag] success_cum_shaping=313.35 T=116 d_init=104.5 d_final=0.0
 Retrying in 1 seconds
[shaping_diag] success_cum_shaping=313.35 T=111 d_init=104.5 d_final=0.0
 Retrying in 1 seconds
[shaping_diag] success_cum_shaping=313.35 T=112 d_init=104.5 d_final=0.0
 Retrying in 1 seconds
[shaping_diag] success_cum_shaping=313.35 T=110 d_init=104.5 d_final=0.0
 Retrying in 1 seconds
[shaping_diag] success_cum_shaping=313.35 T=110 d_init=104.5 d_final=0.0
 Retrying in 1 seconds
[shaping_diag] success_cum_shaping=313.35 T=123 d_init=104.5 d_final=0.0
 Retrying in 1 seconds
[shaping_diag] success_cum_shaping=313.35 T=113 d_init=104.5 d_final=0.0
Warning: Vehicle 'other' performs emergency braking on lane ':center_8_0' with decel=9.00, wished=4.00, severity=1.00, time=7.10.
 Retrying in 1 seconds
 Retrying in 1 seconds
[shaping_diag] success_cum_shaping=313.35 T=110 d_init=104.5 d_final=0.0
 Retrying in 1 seconds
[shaping_diag] success_cum_shaping=313.35 T=112 d_init=104.5 d_final=0.0
 Retrying in 1 seconds
[shaping_diag] success_cum_shaping=313.35 T=110 d_init=104.5 d_final=0.0
 Retrying in 1 seconds
[shaping_diag] success_cum_shaping=313.35 T=112 d_init=104.5 d_final=0.0
 Retrying in 1 seconds
[shaping_diag] success_cum_shaping=313.35 T=120 d_init=104.5 d_final=0.0
 Retrying in 1 seconds
[shaping_diag] success_cum_shaping=313.35 T=111 d_init=104.5 d_final=0.0
Warning: Vehicle 'ego'; junction collision with vehicle 'other', lane=':center_11_0', gap=-1.00, time=7.00 stage=move.
 Retrying in 1 seconds
 Retrying in 1 seconds
[shaping_diag] success_cum_shaping=313.35 T=113 d_init=104.5 d_final=0.0
 Retrying in 1 seconds
[shaping_diag] success_cum_shaping=313.35 T=110 d_init=104.5 d_final=0.0
 Retrying in 1 seconds
[shaping_diag] success_cum_shaping=313.35 T=110 d_init=104.5 d_final=0.0
Warning: Vehicle 'other' performs emergency braking on lane 'left_in_0' with decel=9.00, wished=5.00, severity=1.00, time=6.60.
 Retrying in 1 seconds
 Retrying in 1 seconds
[shaping_diag] success_cum_shaping=313.35 T=114 d_init=104.5 d_final=0.0
 Retrying in 1 seconds
[shaping_diag] success_cum_shaping=313.35 T=116 d_init=104.5 d_final=0.0
 Retrying in 1 seconds
[shaping_diag] success_cum_shaping=313.35 T=112 d_init=104.5 d_final=0.0
 Retrying in 1 seconds
[shaping_diag] success_cum_shaping=313.35 T=115 d_init=104.5 d_final=0.0
 Retrying in 1 seconds
[shaping_diag] success_cum_shaping=313.35 T=119 d_init=104.5 d_final=0.0
 Retrying in 1 seconds
[shaping_diag] success_cum_shaping=313.35 T=110 d_init=104.5 d_final=0.0
 Retrying in 1 seconds
[shaping_diag] success_cum_shaping=313.35 T=110 d_init=104.5 d_final=0.0
 Retrying in 1 seconds
[shaping_diag] success_cum_shaping=313.35 T=112 d_init=104.5 d_final=0.0
 Retrying in 1 seconds
[shaping_diag] success_cum_shaping=313.35 T=132 d_init=104.5 d_final=0.0
 Retrying in 1 seconds
[shaping_diag] success_cum_shaping=313.35 T=110 d_init=104.5 d_final=0.0
 Retrying in 1 seconds
 Retrying in 1 seconds
[shaping_diag] success_cum_shaping=313.35 T=116 d_init=104.5 d_final=0.0
Warning: Vehicle 'ego'; collision with vehicle 'other', lane='stem_out_1', gap=-0.02, time=8.70 stage=move.
 Retrying in 1 seconds
 Retrying in 1 seconds
[shaping_diag] success_cum_shaping=313.35 T=110 d_init=104.5 d_final=0.0
Warning: Vehicle 'ego'; collision with vehicle 'other', lane='right_in_1', gap=-0.55, time=5.70 stage=move.
 Retrying in 1 seconds
 Retrying in 1 seconds
[shaping_diag] success_cum_shaping=313.35 T=113 d_init=104.5 d_final=0.0
 Retrying in 1 seconds
[shaping_diag] success_cum_shaping=313.35 T=113 d_init=104.5 d_final=0.0
 Retrying in 1 seconds
[shaping_diag] success_cum_shaping=313.35 T=111 d_init=104.5 d_final=0.0
 Retrying in 1 seconds
[shaping_diag] success_cum_shaping=313.35 T=111 d_init=104.5 d_final=0.0
 Retrying in 1 seconds
[shaping_diag] success_cum_shaping=313.35 T=112 d_init=104.5 d_final=0.0
 Retrying in 1 seconds
[shaping_diag] success_cum_shaping=313.35 T=110 d_init=104.5 d_final=0.0
 Retrying in 1 seconds
[shaping_diag] success_cum_shaping=313.35 T=134 d_init=104.5 d_final=0.0
 Retrying in 1 seconds
[shaping_diag] success_cum_shaping=313.35 T=111 d_init=104.5 d_final=0.0
 Retrying in 1 seconds
[shaping_diag] success_cum_shaping=313.35 T=110 d_init=104.5 d_final=0.0
 Retrying in 1 seconds
[shaping_diag] success_cum_shaping=313.35 T=110 d_init=104.5 d_final=0.0
 Retrying in 1 seconds
[shaping_diag] success_cum_shaping=313.35 T=112 d_init=104.5 d_final=0.0
 Retrying in 1 seconds
[shaping_diag] success_cum_shaping=313.35 T=110 d_init=104.5 d_final=0.0
 Retrying in 1 seconds
[shaping_diag] success_cum_shaping=313.35 T=110 d_init=104.5 d_final=0.0
 Retrying in 1 seconds
[shaping_diag] success_cum_shaping=313.35 T=126 d_init=104.5 d_final=0.0
 Retrying in 1 seconds
[shaping_diag] success_cum_shaping=313.35 T=111 d_init=104.5 d_final=0.0
 Retrying in 1 seconds
[shaping_diag] success_cum_shaping=313.35 T=110 d_init=104.5 d_final=0.0
 Retrying in 1 seconds
[shaping_diag] success_cum_shaping=313.35 T=112 d_init=104.5 d_final=0.0
 Retrying in 1 seconds
[shaping_diag] success_cum_shaping=313.35 T=118 d_init=104.5 d_final=0.0
 Retrying in 1 seconds
[shaping_diag] success_cum_shaping=313.35 T=111 d_init=104.5 d_final=0.0
 Retrying in 1 seconds
[shaping_diag] success_cum_shaping=313.35 T=110 d_init=104.5 d_final=0.0
Warning: Vehicle 'other'; junction collision with vehicle 'ego', lane=':center_8_0', gap=-1.00, time=7.20 stage=move.
 Retrying in 1 seconds
 Retrying in 1 seconds
[shaping_diag] success_cum_shaping=313.35 T=111 d_init=104.5 d_final=0.0
 Retrying in 1 seconds
 Retrying in 1 seconds
[shaping_diag] success_cum_shaping=313.35 T=114 d_init=104.5 d_final=0.0
 Retrying in 1 seconds
[shaping_diag] success_cum_shaping=313.35 T=112 d_init=104.5 d_final=0.0
 Retrying in 1 seconds
[shaping_diag] success_cum_shaping=313.35 T=117 d_init=104.5 d_final=0.0
 Retrying in 1 seconds
[shaping_diag] success_cum_shaping=313.35 T=117 d_init=104.5 d_final=0.0
 Retrying in 1 seconds
[shaping_diag] success_cum_shaping=313.35 T=110 d_init=104.5 d_final=0.0
 Retrying in 1 seconds
[shaping_diag] success_cum_shaping=313.35 T=115 d_init=104.5 d_final=0.0
 Retrying in 1 seconds
[shaping_diag] success_cum_shaping=313.35 T=123 d_init=104.5 d_final=0.0
 Retrying in 1 seconds
[shaping_diag] success_cum_shaping=313.35 T=120 d_init=104.5 d_final=0.0
 Retrying in 1 seconds
[shaping_diag] success_cum_shaping=313.35 T=113 d_init=104.5 d_final=0.0
 Retrying in 1 seconds
[shaping_diag] success_cum_shaping=313.35 T=114 d_init=104.5 d_final=0.0
 Retrying in 1 seconds
[shaping_diag] success_cum_shaping=313.35 T=110 d_init=104.5 d_final=0.0
 Retrying in 1 seconds
[shaping_diag] success_cum_shaping=313.35 T=111 d_init=104.5 d_final=0.0
Warning: Vehicle 'ego'; junction collision with vehicle 'other', lane=':center_11_0', gap=-1.00, time=7.60 stage=move.
 Retrying in 1 seconds
 Retrying in 1 seconds
[shaping_diag] success_cum_shaping=313.35 T=113 d_init=104.5 d_final=0.0
 Retrying in 1 seconds
[shaping_diag] success_cum_shaping=313.35 T=113 d_init=104.5 d_final=0.0
 Retrying in 1 seconds
[shaping_diag] success_cum_shaping=313.35 T=116 d_init=104.5 d_final=0.0
 Retrying in 1 seconds
[shaping_diag] success_cum_shaping=313.35 T=113 d_init=104.5 d_final=0.0
 Retrying in 1 seconds
[shaping_diag] success_cum_shaping=313.35 T=111 d_init=104.5 d_final=0.0
 Retrying in 1 seconds
[shaping_diag] success_cum_shaping=313.35 T=114 d_init=104.5 d_final=0.0
 Retrying in 1 seconds
[shaping_diag] success_cum_shaping=313.35 T=112 d_init=104.5 d_final=0.0
 Retrying in 1 seconds
[shaping_diag] success_cum_shaping=313.35 T=118 d_init=104.5 d_final=0.0
 Retrying in 1 seconds
[shaping_diag] success_cum_shaping=313.35 T=111 d_init=104.5 d_final=0.0
 Retrying in 1 seconds
[shaping_diag] success_cum_shaping=313.35 T=114 d_init=104.5 d_final=0.0
 Retrying in 1 seconds
[shaping_diag] success_cum_shaping=313.35 T=114 d_init=104.5 d_final=0.0
 Retrying in 1 seconds
[shaping_diag] success_cum_shaping=313.35 T=111 d_init=104.5 d_final=0.0
 Retrying in 1 seconds
[shaping_diag] success_cum_shaping=313.35 T=120 d_init=104.5 d_final=0.0
 Retrying in 1 seconds
[shaping_diag] success_cum_shaping=313.35 T=111 d_init=104.5 d_final=0.0
 Retrying in 1 seconds
[shaping_diag] success_cum_shaping=313.35 T=112 d_init=104.5 d_final=0.0
 Retrying in 1 seconds
[shaping_diag] success_cum_shaping=313.35 T=112 d_init=104.5 d_final=0.0
Warning: Vehicle 'ego'; junction collision with vehicle 'other', lane=':center_11_0', gap=-1.00, time=7.40 stage=move.
 Retrying in 1 seconds
 Retrying in 1 seconds
[shaping_diag] success_cum_shaping=313.35 T=111 d_init=104.5 d_final=0.0
 Retrying in 1 seconds
[shaping_diag] success_cum_shaping=313.35 T=116 d_init=104.5 d_final=0.0
 Retrying in 1 seconds
[shaping_diag] success_cum_shaping=313.35 T=111 d_init=104.5 d_final=0.0
 Retrying in 1 seconds
[shaping_diag] success_cum_shaping=313.35 T=112 d_init=104.5 d_final=0.0
 Retrying in 1 seconds
[shaping_diag] success_cum_shaping=313.35 T=114 d_init=104.5 d_final=0.0
 Retrying in 1 seconds
[shaping_diag] success_cum_shaping=313.35 T=110 d_init=104.5 d_final=0.0
 Retrying in 1 seconds
 Retrying in 1 seconds
[shaping_diag] success_cum_shaping=313.35 T=110 d_init=104.5 d_final=0.0
 Retrying in 1 seconds
[shaping_diag] success_cum_shaping=313.35 T=114 d_init=104.5 d_final=0.0
 Retrying in 1 seconds
[shaping_diag] success_cum_shaping=313.35 T=110 d_init=104.5 d_final=0.0
 Retrying in 1 seconds
[shaping_diag] success_cum_shaping=313.35 T=113 d_init=104.5 d_final=0.0
 Retrying in 1 seconds
[shaping_diag] success_cum_shaping=313.35 T=111 d_init=104.5 d_final=0.0
 Retrying in 1 seconds
 Retrying in 1 seconds
[shaping_diag] success_cum_shaping=313.35 T=113 d_init=104.5 d_final=0.0
 Retrying in 1 seconds
[shaping_diag] success_cum_shaping=313.35 T=112 d_init=104.5 d_final=0.0
 Retrying in 1 seconds
[shaping_diag] success_cum_shaping=313.35 T=114 d_init=104.5 d_final=0.0
 Retrying in 1 seconds
[shaping_diag] success_cum_shaping=313.35 T=111 d_init=104.5 d_final=0.0
Warning: Vehicle 'other' performs emergency braking on lane 'left_in_0' with decel=9.00, wished=5.00, severity=1.00, time=6.50.
 Retrying in 1 seconds
[shaping_diag] success_cum_shaping=313.35 T=111 d_init=104.5 d_final=0.0
 Retrying in 1 seconds
[shaping_diag] success_cum_shaping=313.35 T=111 d_init=104.5 d_final=0.0
 Retrying in 1 seconds
[shaping_diag] success_cum_shaping=313.35 T=111 d_init=104.5 d_final=0.0
 Retrying in 1 seconds
[shaping_diag] success_cum_shaping=313.35 T=113 d_init=104.5 d_final=0.0
 Retrying in 1 seconds
[shaping_diag] success_cum_shaping=313.35 T=111 d_init=104.5 d_final=0.0
 Retrying in 1 seconds
[shaping_diag] success_cum_shaping=313.35 T=110 d_init=104.5 d_final=0.0
 Retrying in 1 seconds
[shaping_diag] success_cum_shaping=313.35 T=113 d_init=104.5 d_final=0.0
 Retrying in 1 seconds
[shaping_diag] success_cum_shaping=313.35 T=112 d_init=104.5 d_final=0.0
 Retrying in 1 seconds
[shaping_diag] success_cum_shaping=313.35 T=111 d_init=104.5 d_final=0.0
 Retrying in 1 seconds
[shaping_diag] success_cum_shaping=313.35 T=118 d_init=104.5 d_final=0.0
 Retrying in 1 seconds
[shaping_diag] success_cum_shaping=313.35 T=110 d_init=104.5 d_final=0.0
Warning: Vehicle 'other' performs emergency braking on lane 'left_in_0' with decel=9.00, wished=5.00, severity=1.00, time=6.50.
 Retrying in 1 seconds
[shaping_diag] success_cum_shaping=313.35 T=111 d_init=104.5 d_final=0.0
 Retrying in 1 seconds
[shaping_diag] success_cum_shaping=313.35 T=112 d_init=104.5 d_final=0.0
 Retrying in 1 seconds
[shaping_diag] success_cum_shaping=313.35 T=110 d_init=104.5 d_final=0.0
 Retrying in 1 seconds
[shaping_diag] success_cum_shaping=313.35 T=112 d_init=104.5 d_final=0.0
 Retrying in 1 seconds
[shaping_diag] success_cum_shaping=313.35 T=112 d_init=104.5 d_final=0.0
 Retrying in 1 seconds
[shaping_diag] success_cum_shaping=313.35 T=110 d_init=104.5 d_final=0.0
Warning: Vehicle 'other'; junction collision with vehicle 'ego', lane=':center_8_0', gap=-1.00, time=7.10 stage=move.
 Retrying in 1 seconds
 Retrying in 1 seconds
[shaping_diag] success_cum_shaping=313.35 T=111 d_init=104.5 d_final=0.0
 Retrying in 1 seconds
[shaping_diag] success_cum_shaping=313.35 T=112 d_init=104.5 d_final=0.0
Warning: Vehicle 'other'; junction collision with vehicle 'ego', lane=':center_8_0', gap=-1.00, time=7.00 stage=move.
 Retrying in 1 seconds
 Retrying in 1 seconds
[shaping_diag] success_cum_shaping=313.35 T=110 d_init=104.5 d_final=0.0
 Retrying in 1 seconds
[shaping_diag] success_cum_shaping=313.35 T=114 d_init=104.5 d_final=0.0
 Retrying in 1 seconds
[shaping_diag] success_cum_shaping=313.35 T=114 d_init=104.5 d_final=0.0
 Retrying in 1 seconds
[shaping_diag] success_cum_shaping=313.35 T=111 d_init=104.5 d_final=0.0
 Retrying in 1 seconds
[shaping_diag] success_cum_shaping=313.35 T=114 d_init=104.5 d_final=0.0
 Retrying in 1 seconds
[shaping_diag] success_cum_shaping=313.35 T=110 d_init=104.5 d_final=0.0
 Retrying in 1 seconds
 Retrying in 1 seconds
[shaping_diag] success_cum_shaping=313.35 T=121 d_init=104.5 d_final=0.0
Warning: Vehicle 'ego'; junction collision with vehicle 'other', lane=':center_2_0', gap=-2.13, time=6.70 stage=move.
 Retrying in 1 seconds
 Retrying in 1 seconds
[shaping_diag] success_cum_shaping=313.35 T=123 d_init=104.5 d_final=0.0
 Retrying in 1 seconds
[shaping_diag] success_cum_shaping=313.35 T=112 d_init=104.5 d_final=0.0
 Retrying in 1 seconds
[shaping_diag] success_cum_shaping=313.35 T=111 d_init=104.5 d_final=0.0
 Retrying in 1 seconds
[shaping_diag] success_cum_shaping=313.35 T=120 d_init=104.5 d_final=0.0
 Retrying in 1 seconds
[shaping_diag] success_cum_shaping=313.35 T=110 d_init=104.5 d_final=0.0
 Retrying in 1 seconds
[shaping_diag] success_cum_shaping=313.35 T=114 d_init=104.5 d_final=0.0
 Retrying in 1 seconds
[shaping_diag] success_cum_shaping=313.35 T=116 d_init=104.5 d_final=0.0
 Retrying in 1 seconds
[shaping_diag] success_cum_shaping=313.35 T=111 d_init=104.5 d_final=0.0
 Retrying in 1 seconds
[shaping_diag] success_cum_shaping=313.35 T=115 d_init=104.5 d_final=0.0
 Retrying in 1 seconds
[shaping_diag] success_cum_shaping=313.35 T=120 d_init=104.5 d_final=0.0
 Retrying in 1 seconds
[shaping_diag] success_cum_shaping=313.35 T=111 d_init=104.5 d_final=0.0
 Retrying in 1 seconds
[shaping_diag] success_cum_shaping=313.35 T=124 d_init=104.5 d_final=0.0
Warning: Vehicle 'ego'; junction collision with vehicle 'other', lane=':center_11_0', gap=-1.00, time=7.70 stage=move.
 Retrying in 1 seconds
 Retrying in 1 seconds
[shaping_diag] success_cum_shaping=313.35 T=110 d_init=104.5 d_final=0.0
 Retrying in 1 seconds
[shaping_diag] success_cum_shaping=313.35 T=114 d_init=104.5 d_final=0.0
Warning: Vehicle 'other'; junction collision with vehicle 'ego', lane=':center_8_0', gap=-1.00, time=7.40 stage=move.
 Retrying in 1 seconds
 Retrying in 1 seconds
[shaping_diag] success_cum_shaping=313.35 T=114 d_init=104.5 d_final=0.0
 Retrying in 1 seconds
[shaping_diag] success_cum_shaping=313.35 T=112 d_init=104.5 d_final=0.0
 Retrying in 1 seconds
[shaping_diag] success_cum_shaping=313.35 T=120 d_init=104.5 d_final=0.0
 Retrying in 1 seconds
[shaping_diag] success_cum_shaping=313.35 T=115 d_init=104.5 d_final=0.0
 Retrying in 1 seconds
[shaping_diag] success_cum_shaping=313.35 T=120 d_init=104.5 d_final=0.0
 Retrying in 1 seconds
[shaping_diag] success_cum_shaping=313.35 T=110 d_init=104.5 d_final=0.0
 Retrying in 1 seconds
[shaping_diag] success_cum_shaping=313.35 T=112 d_init=104.5 d_final=0.0
 Retrying in 1 seconds
[shaping_diag] success_cum_shaping=313.35 T=124 d_init=104.5 d_final=0.0
 Retrying in 1 seconds
[shaping_diag] success_cum_shaping=313.35 T=110 d_init=104.5 d_final=0.0
 Retrying in 1 seconds
[shaping_diag] success_cum_shaping=313.35 T=112 d_init=104.5 d_final=0.0
 Retrying in 1 seconds
[shaping_diag] success_cum_shaping=313.35 T=114 d_init=104.5 d_final=0.0
 Retrying in 1 seconds
[shaping_diag] success_cum_shaping=313.35 T=110 d_init=104.5 d_final=0.0
 Retrying in 1 seconds
[shaping_diag] success_cum_shaping=313.35 T=112 d_init=104.5 d_final=0.0
 Retrying in 1 seconds
[shaping_diag] success_cum_shaping=313.35 T=110 d_init=104.5 d_final=0.0
 Retrying in 1 seconds
[shaping_diag] success_cum_shaping=313.35 T=111 d_init=104.5 d_final=0.0
 Retrying in 1 seconds
[shaping_diag] success_cum_shaping=313.35 T=121 d_init=104.5 d_final=0.0
 Retrying in 1 seconds
[shaping_diag] success_cum_shaping=313.35 T=117 d_init=104.5 d_final=0.0
 Retrying in 1 seconds
[shaping_diag] success_cum_shaping=313.35 T=112 d_init=104.5 d_final=0.0
 Retrying in 1 seconds
 Retrying in 1 seconds
[shaping_diag] success_cum_shaping=313.35 T=112 d_init=104.5 d_final=0.0
 Retrying in 1 seconds
[shaping_diag] success_cum_shaping=313.35 T=112 d_init=104.5 d_final=0.0
 Retrying in 1 seconds
[shaping_diag] success_cum_shaping=313.35 T=111 d_init=104.5 d_final=0.0
 Retrying in 1 seconds
[shaping_diag] success_cum_shaping=313.35 T=116 d_init=104.5 d_final=0.0
 Retrying in 1 seconds
[shaping_diag] success_cum_shaping=313.35 T=110 d_init=104.5 d_final=0.0
 Retrying in 1 seconds
[shaping_diag] success_cum_shaping=313.35 T=113 d_init=104.5 d_final=0.0
 Retrying in 1 seconds
[shaping_diag] success_cum_shaping=313.35 T=112 d_init=104.5 d_final=0.0
 Retrying in 1 seconds
[shaping_diag] success_cum_shaping=313.35 T=112 d_init=104.5 d_final=0.0
 Retrying in 1 seconds
[shaping_diag] success_cum_shaping=313.35 T=116 d_init=104.5 d_final=0.0
 Retrying in 1 seconds
[shaping_diag] success_cum_shaping=313.35 T=111 d_init=104.5 d_final=0.0
 Retrying in 1 seconds
[shaping_diag] success_cum_shaping=313.35 T=111 d_init=104.5 d_final=0.0
Warning: Vehicle 'other' performs emergency braking on lane 'left_in_0' with decel=9.00, wished=5.00, severity=1.00, time=6.50.
 Retrying in 1 seconds
[shaping_diag] success_cum_shaping=313.35 T=111 d_init=104.5 d_final=0.0
 Retrying in 1 seconds
[shaping_diag] success_cum_shaping=313.35 T=110 d_init=104.5 d_final=0.0
 Retrying in 1 seconds
[shaping_diag] success_cum_shaping=313.35 T=110 d_init=104.5 d_final=0.0
 Retrying in 1 seconds
[shaping_diag] success_cum_shaping=313.35 T=115 d_init=104.5 d_final=0.0
 Retrying in 1 seconds
[shaping_diag] success_cum_shaping=313.35 T=112 d_init=104.5 d_final=0.0
Warning: Vehicle 'ego'; junction collision with vehicle 'other', lane=':center_11_0', gap=-1.00, time=7.10 stage=move.
 Retrying in 1 seconds
 Retrying in 1 seconds
[shaping_diag] success_cum_shaping=313.35 T=115 d_init=104.5 d_final=0.0
 Retrying in 1 seconds
[shaping_diag] success_cum_shaping=313.35 T=112 d_init=104.5 d_final=0.0
 Retrying in 1 seconds
[shaping_diag] success_cum_shaping=313.35 T=114 d_init=104.5 d_final=0.0
 Retrying in 1 seconds
[shaping_diag] success_cum_shaping=313.35 T=111 d_init=104.5 d_final=0.0
 Retrying in 1 seconds
[shaping_diag] success_cum_shaping=313.35 T=122 d_init=104.5 d_final=0.0
 Retrying in 1 seconds
[shaping_diag] success_cum_shaping=313.35 T=113 d_init=104.5 d_final=0.0
 Retrying in 1 seconds
[shaping_diag] success_cum_shaping=313.35 T=110 d_init=104.5 d_final=0.0
 Retrying in 1 seconds
[shaping_diag] success_cum_shaping=313.35 T=110 d_init=104.5 d_final=0.0
 Retrying in 1 seconds
[shaping_diag] success_cum_shaping=313.35 T=110 d_init=104.5 d_final=0.0
 Retrying in 1 seconds
[shaping_diag] success_cum_shaping=313.35 T=110 d_init=104.5 d_final=0.0
 Retrying in 1 seconds
[shaping_diag] success_cum_shaping=313.35 T=110 d_init=104.5 d_final=0.0
 Retrying in 1 seconds
[shaping_diag] success_cum_shaping=313.35 T=113 d_init=104.5 d_final=0.0
 Retrying in 1 seconds
[shaping_diag] success_cum_shaping=313.35 T=117 d_init=104.5 d_final=0.0
 Retrying in 1 seconds
[shaping_diag] success_cum_shaping=313.35 T=110 d_init=104.5 d_final=0.0
 Retrying in 1 seconds
[shaping_diag] success_cum_shaping=313.35 T=110 d_init=104.5 d_final=0.0
 Retrying in 1 seconds
[shaping_diag] success_cum_shaping=313.35 T=129 d_init=104.5 d_final=0.0
Warning: Vehicle 'other' performs emergency braking on lane 'left_in_0' with decel=9.00, wished=5.00, severity=1.00, time=6.50.
 Retrying in 1 seconds
[shaping_diag] success_cum_shaping=313.35 T=111 d_init=104.5 d_final=0.0
 Retrying in 1 seconds
[shaping_diag] success_cum_shaping=313.35 T=110 d_init=104.5 d_final=0.0
 Retrying in 1 seconds
[shaping_diag] success_cum_shaping=313.35 T=117 d_init=104.5 d_final=0.0
Warning: Vehicle 'other'; junction collision with vehicle 'ego', lane=':center_8_0', gap=-1.00, time=7.30 stage=move.
 Retrying in 1 seconds
 Retrying in 1 seconds
 Retrying in 1 seconds
[shaping_diag] success_cum_shaping=313.35 T=110 d_init=104.5 d_final=0.0
 Retrying in 1 seconds
[shaping_diag] success_cum_shaping=313.35 T=110 d_init=104.5 d_final=0.0
 Retrying in 1 seconds
[shaping_diag] success_cum_shaping=313.35 T=122 d_init=104.5 d_final=0.0
 Retrying in 1 seconds
[shaping_diag] success_cum_shaping=313.35 T=110 d_init=104.5 d_final=0.0
 Retrying in 1 seconds
[shaping_diag] success_cum_shaping=313.35 T=110 d_init=104.5 d_final=0.0
 Retrying in 1 seconds
[shaping_diag] success_cum_shaping=313.35 T=112 d_init=104.5 d_final=0.0
 Retrying in 1 seconds
[shaping_diag] success_cum_shaping=313.35 T=110 d_init=104.5 d_final=0.0
 Retrying in 1 seconds
[shaping_diag] success_cum_shaping=313.35 T=111 d_init=104.5 d_final=0.0
 Retrying in 1 seconds
[shaping_diag] success_cum_shaping=313.35 T=110 d_init=104.5 d_final=0.0
Warning: Vehicle 'ego'; junction collision with vehicle 'other', lane=':center_11_0', gap=-1.00, time=7.10 stage=move.
Warning: Vehicle 'other' performs emergency braking on lane 'left_in_0' with decel=9.00, wished=5.00, severity=1.00, time=6.70.
 Retrying in 1 seconds
 Retrying in 1 seconds
[shaping_diag] success_cum_shaping=313.35 T=113 d_init=104.5 d_final=0.0
 Retrying in 1 seconds
[shaping_diag] success_cum_shaping=313.35 T=111 d_init=104.5 d_final=0.0
 Retrying in 1 seconds
[shaping_diag] success_cum_shaping=313.35 T=114 d_init=104.5 d_final=0.0
 Retrying in 1 seconds
[shaping_diag] success_cum_shaping=313.35 T=111 d_init=104.5 d_final=0.0
 Retrying in 1 seconds
[shaping_diag] success_cum_shaping=313.35 T=110 d_init=104.5 d_final=0.0
 Retrying in 1 seconds
[shaping_diag] success_cum_shaping=313.35 T=110 d_init=104.5 d_final=0.0
 Retrying in 1 seconds
[shaping_diag] success_cum_shaping=313.35 T=114 d_init=104.5 d_final=0.0
 Retrying in 1 seconds
[shaping_diag] success_cum_shaping=313.35 T=111 d_init=104.5 d_final=0.0
 Retrying in 1 seconds
[shaping_diag] success_cum_shaping=313.35 T=111 d_init=104.5 d_final=0.0
 Retrying in 1 seconds
[shaping_diag] success_cum_shaping=313.35 T=111 d_init=104.5 d_final=0.0
 Retrying in 1 seconds
[shaping_diag] success_cum_shaping=313.35 T=113 d_init=104.5 d_final=0.0
 Retrying in 1 seconds
[shaping_diag] success_cum_shaping=313.35 T=114 d_init=104.5 d_final=0.0
 Retrying in 1 seconds
[shaping_diag] success_cum_shaping=313.35 T=110 d_init=104.5 d_final=0.0
 Retrying in 1 seconds
[shaping_diag] success_cum_shaping=313.35 T=110 d_init=104.5 d_final=0.0
 Retrying in 1 seconds
[shaping_diag] success_cum_shaping=313.35 T=112 d_init=104.5 d_final=0.0
Warning: Vehicle 'other'; junction collision with vehicle 'ego', lane=':center_8_0', gap=-1.00, time=7.10 stage=move.
Warning: Vehicle 'other' performs emergency braking on lane 'left_in_0' with decel=9.00, wished=5.00, severity=1.00, time=6.50.
 Retrying in 1 seconds
 Retrying in 1 seconds
[shaping_diag] success_cum_shaping=313.35 T=111 d_init=104.5 d_final=0.0
 Retrying in 1 seconds
[shaping_diag] success_cum_shaping=313.35 T=112 d_init=104.5 d_final=0.0
 Retrying in 1 seconds
[shaping_diag] success_cum_shaping=313.35 T=110 d_init=104.5 d_final=0.0
 Retrying in 1 seconds
[shaping_diag] success_cum_shaping=313.35 T=110 d_init=104.5 d_final=0.0
 Retrying in 1 seconds
[shaping_diag] success_cum_shaping=313.35 T=111 d_init=104.5 d_final=0.0
 Retrying in 1 seconds
[shaping_diag] success_cum_shaping=313.35 T=118 d_init=104.5 d_final=0.0
Warning: Vehicle 'other'; junction collision with vehicle 'ego', lane=':center_8_0', gap=-1.00, time=7.40 stage=move.
 Retrying in 1 seconds
 Retrying in 1 seconds
[shaping_diag] success_cum_shaping=313.35 T=110 d_init=104.5 d_final=0.0
 Retrying in 1 seconds
[shaping_diag] success_cum_shaping=313.35 T=111 d_init=104.5 d_final=0.0
 Retrying in 1 seconds
[shaping_diag] success_cum_shaping=313.35 T=111 d_init=104.5 d_final=0.0
 Retrying in 1 seconds
[shaping_diag] success_cum_shaping=313.35 T=112 d_init=104.5 d_final=0.0
 Retrying in 1 seconds
 Retrying in 1 seconds
[shaping_diag] success_cum_shaping=313.35 T=110 d_init=104.5 d_final=0.0
Warning: Vehicle 'other' performs emergency braking on lane 'left_in_0' with decel=9.00, wished=7.00, severity=1.00, time=6.50.
 Retrying in 1 seconds
[shaping_diag] success_cum_shaping=313.35 T=110 d_init=104.5 d_final=0.0
 Retrying in 1 seconds
[shaping_diag] success_cum_shaping=313.35 T=110 d_init=104.5 d_final=0.0
 Retrying in 1 seconds
 Retrying in 1 seconds
[shaping_diag] success_cum_shaping=313.35 T=110 d_init=104.5 d_final=0.0
 Retrying in 1 seconds
[shaping_diag] success_cum_shaping=313.35 T=110 d_init=104.5 d_final=0.0
 Retrying in 1 seconds
[shaping_diag] success_cum_shaping=313.35 T=110 d_init=104.5 d_final=0.0
 Retrying in 1 seconds
[shaping_diag] success_cum_shaping=313.35 T=110 d_init=104.5 d_final=0.0
 Retrying in 1 seconds
 Retrying in 1 seconds
[shaping_diag] success_cum_shaping=313.35 T=110 d_init=104.5 d_final=0.0
[cbf_aux] step=331776 ret=326.92 coll=2 ttc=5.58 cbf_res=0.0000
 Retrying in 1 seconds
[shaping_diag] success_cum_shaping=313.35 T=111 d_init=104.5 d_final=0.0
 Retrying in 1 seconds
[shaping_diag] success_cum_shaping=313.35 T=111 d_init=104.5 d_final=0.0
 Retrying in 1 seconds
[shaping_diag] success_cum_shaping=313.35 T=110 d_init=104.5 d_final=0.0
 Retrying in 1 seconds
[shaping_diag] success_cum_shaping=313.35 T=121 d_init=104.5 d_final=0.0
 Retrying in 1 seconds
[shaping_diag] success_cum_shaping=313.35 T=110 d_init=104.5 d_final=0.0
 Retrying in 1 seconds
[shaping_diag] success_cum_shaping=313.35 T=114 d_init=104.5 d_final=0.0
 Retrying in 1 seconds
[shaping_diag] success_cum_shaping=313.35 T=110 d_init=104.5 d_final=0.0
 Retrying in 1 seconds
[shaping_diag] success_cum_shaping=313.35 T=116 d_init=104.5 d_final=0.0
 Retrying in 1 seconds
[shaping_diag] success_cum_shaping=313.35 T=111 d_init=104.5 d_final=0.0
 Retrying in 1 seconds
[shaping_diag] success_cum_shaping=313.35 T=110 d_init=104.5 d_final=0.0
 Retrying in 1 seconds
[shaping_diag] success_cum_shaping=313.35 T=110 d_init=104.5 d_final=0.0
 Retrying in 1 seconds
[shaping_diag] success_cum_shaping=313.35 T=112 d_init=104.5 d_final=0.0
 Retrying in 1 seconds
[shaping_diag] success_cum_shaping=313.35 T=111 d_init=104.5 d_final=0.0
 Retrying in 1 seconds
[shaping_diag] success_cum_shaping=313.35 T=110 d_init=104.5 d_final=0.0
 Retrying in 1 seconds
[shaping_diag] success_cum_shaping=313.35 T=111 d_init=104.5 d_final=0.0
 Retrying in 1 seconds
[shaping_diag] success_cum_shaping=313.35 T=112 d_init=104.5 d_final=0.0
 Retrying in 1 seconds
[shaping_diag] success_cum_shaping=313.35 T=110 d_init=104.5 d_final=0.0
 Retrying in 1 seconds
[shaping_diag] success_cum_shaping=313.35 T=111 d_init=104.5 d_final=0.0
 Retrying in 1 seconds
[shaping_diag] success_cum_shaping=313.35 T=111 d_init=104.5 d_final=0.0
 Retrying in 1 seconds
[shaping_diag] success_cum_shaping=313.35 T=112 d_init=104.5 d_final=0.0
 Retrying in 1 seconds
[shaping_diag] success_cum_shaping=313.35 T=110 d_init=104.5 d_final=0.0
 Retrying in 1 seconds
[shaping_diag] success_cum_shaping=313.35 T=111 d_init=104.5 d_final=0.0
Warning: Vehicle 'other2' performs emergency braking on lane 'left_in_0' with decel=9.00, wished=6.00, severity=1.00, time=6.60.
 Retrying in 1 seconds
[shaping_diag] success_cum_shaping=313.35 T=112 d_init=104.5 d_final=0.0
 Retrying in 1 seconds
 Retrying in 1 seconds
[shaping_diag] success_cum_shaping=313.35 T=116 d_init=104.5 d_final=0.0
 Retrying in 1 seconds
[shaping_diag] success_cum_shaping=313.35 T=111 d_init=104.5 d_final=0.0
 Retrying in 1 seconds
[shaping_diag] success_cum_shaping=313.35 T=121 d_init=104.5 d_final=0.0
 Retrying in 1 seconds
[shaping_diag] success_cum_shaping=313.35 T=113 d_init=104.5 d_final=0.0
Warning: Vehicle 'other' performs emergency braking on lane 'left_in_0' with decel=9.00, wished=5.00, severity=1.00, time=6.50.
 Retrying in 1 seconds
[shaping_diag] success_cum_shaping=313.35 T=110 d_init=104.5 d_final=0.0
 Retrying in 1 seconds
[shaping_diag] success_cum_shaping=313.35 T=111 d_init=104.5 d_final=0.0
 Retrying in 1 seconds
[shaping_diag] success_cum_shaping=313.35 T=110 d_init=104.5 d_final=0.0
 Retrying in 1 seconds
[shaping_diag] success_cum_shaping=313.35 T=110 d_init=104.5 d_final=0.0
 Retrying in 1 seconds
[shaping_diag] success_cum_shaping=313.35 T=110 d_init=104.5 d_final=0.0
 Retrying in 1 seconds
[shaping_diag] success_cum_shaping=313.35 T=111 d_init=104.5 d_final=0.0
 Retrying in 1 seconds
[shaping_diag] success_cum_shaping=313.35 T=113 d_init=104.5 d_final=0.0
 Retrying in 1 seconds
[shaping_diag] success_cum_shaping=313.35 T=112 d_init=104.5 d_final=0.0
 Retrying in 1 seconds
 Retrying in 1 seconds
[shaping_diag] success_cum_shaping=313.35 T=112 d_init=104.5 d_final=0.0
 Retrying in 1 seconds
[shaping_diag] success_cum_shaping=313.35 T=112 d_init=104.5 d_final=0.0
 Retrying in 1 seconds
[shaping_diag] success_cum_shaping=313.35 T=110 d_init=104.5 d_final=0.0
 Retrying in 1 seconds
[shaping_diag] success_cum_shaping=313.35 T=110 d_init=104.5 d_final=0.0
 Retrying in 1 seconds
 Retrying in 1 seconds
[shaping_diag] success_cum_shaping=313.35 T=110 d_init=104.5 d_final=0.0
 Retrying in 1 seconds
[shaping_diag] success_cum_shaping=313.35 T=111 d_init=104.5 d_final=0.0
 Retrying in 1 seconds
[shaping_diag] success_cum_shaping=313.35 T=110 d_init=104.5 d_final=0.0
 Retrying in 1 seconds
[shaping_diag] success_cum_shaping=313.35 T=111 d_init=104.5 d_final=0.0
 Retrying in 1 seconds
[shaping_diag] success_cum_shaping=313.35 T=113 d_init=104.5 d_final=0.0
 Retrying in 1 seconds
[shaping_diag] success_cum_shaping=313.35 T=110 d_init=104.5 d_final=0.0
 Retrying in 1 seconds
[shaping_diag] success_cum_shaping=313.35 T=111 d_init=104.5 d_final=0.0
 Retrying in 1 seconds
 Retrying in 1 seconds
[shaping_diag] success_cum_shaping=313.35 T=112 d_init=104.5 d_final=0.0
 Retrying in 1 seconds
[shaping_diag] success_cum_shaping=313.35 T=111 d_init=104.5 d_final=0.0
 Retrying in 1 seconds
[shaping_diag] success_cum_shaping=313.35 T=111 d_init=104.5 d_final=0.0
 Retrying in 1 seconds
[shaping_diag] success_cum_shaping=313.35 T=110 d_init=104.5 d_final=0.0
 Retrying in 1 seconds
[shaping_diag] success_cum_shaping=313.35 T=110 d_init=104.5 d_final=0.0
 Retrying in 1 seconds
[shaping_diag] success_cum_shaping=313.35 T=110 d_init=104.5 d_final=0.0
 Retrying in 1 seconds
[shaping_diag] success_cum_shaping=313.35 T=110 d_init=104.5 d_final=0.0
Warning: Vehicle 'ego'; junction collision with vehicle 'other', lane=':center_11_0', gap=-1.00, time=7.00 stage=move.
Warning: Vehicle 'other' performs emergency braking on lane ':center_8_0' with decel=9.00, wished=3.00, severity=1.00, time=7.60.
 Retrying in 1 seconds
 Retrying in 1 seconds
 Retrying in 1 seconds
[shaping_diag] success_cum_shaping=313.35 T=111 d_init=104.5 d_final=0.0
Warning: Vehicle 'other'; junction collision with vehicle 'ego', lane=':center_8_0', gap=-1.00, time=7.20 stage=move.
 Retrying in 1 seconds
 Retrying in 1 seconds
 Retrying in 1 seconds
[shaping_diag] success_cum_shaping=313.35 T=110 d_init=104.5 d_final=0.0
Warning: Vehicle 'other' performs emergency braking on lane 'left_in_0' with decel=9.00, wished=5.00, severity=1.00, time=6.60.
 Retrying in 1 seconds
[shaping_diag] success_cum_shaping=313.35 T=112 d_init=104.5 d_final=0.0
 Retrying in 1 seconds
[shaping_diag] success_cum_shaping=313.35 T=110 d_init=104.5 d_final=0.0
 Retrying in 1 seconds
[shaping_diag] success_cum_shaping=313.35 T=115 d_init=104.5 d_final=0.0
 Retrying in 1 seconds
[shaping_diag] success_cum_shaping=313.35 T=110 d_init=104.5 d_final=0.0
 Retrying in 1 seconds
[shaping_diag] success_cum_shaping=313.35 T=111 d_init=104.5 d_final=0.0
 Retrying in 1 seconds
[shaping_diag] success_cum_shaping=313.35 T=110 d_init=104.5 d_final=0.0
Warning: Vehicle 'other' performs emergency braking on lane 'left_in_0' with decel=9.00, wished=7.00, severity=1.00, time=6.50.
 Retrying in 1 seconds
[shaping_diag] success_cum_shaping=313.35 T=110 d_init=104.5 d_final=0.0
 Retrying in 1 seconds
[shaping_diag] success_cum_shaping=313.35 T=110 d_init=104.5 d_final=0.0
 Retrying in 1 seconds
[shaping_diag] success_cum_shaping=313.35 T=110 d_init=104.5 d_final=0.0
Warning: Vehicle 'ego'; junction collision with vehicle 'other', lane=':center_11_0', gap=-1.00, time=7.20 stage=move.
 Retrying in 1 seconds
 Retrying in 1 seconds
 Retrying in 1 seconds
[shaping_diag] success_cum_shaping=313.35 T=111 d_init=104.5 d_final=0.0
 Retrying in 1 seconds
[shaping_diag] success_cum_shaping=313.35 T=112 d_init=104.5 d_final=0.0
 Retrying in 1 seconds
 Retrying in 1 seconds
[shaping_diag] success_cum_shaping=313.35 T=116 d_init=104.5 d_final=0.0
 Retrying in 1 seconds
[shaping_diag] success_cum_shaping=313.35 T=111 d_init=104.5 d_final=0.0
Warning: Vehicle 'other' performs emergency braking on lane 'left_in_0' with decel=9.00, wished=5.00, severity=1.00, time=6.50.
 Retrying in 1 seconds
[shaping_diag] success_cum_shaping=313.35 T=111 d_init=104.5 d_final=0.0
 Retrying in 1 seconds
[shaping_diag] success_cum_shaping=313.35 T=110 d_init=104.5 d_final=0.0
 Retrying in 1 seconds
[shaping_diag] success_cum_shaping=313.35 T=110 d_init=104.5 d_final=0.0
 Retrying in 1 seconds
[shaping_diag] success_cum_shaping=313.35 T=110 d_init=104.5 d_final=0.0
 Retrying in 1 seconds
 Retrying in 1 seconds
[shaping_diag] success_cum_shaping=313.35 T=110 d_init=104.5 d_final=0.0
 Retrying in 1 seconds
[shaping_diag] success_cum_shaping=313.35 T=110 d_init=104.5 d_final=0.0
 Retrying in 1 seconds
[shaping_diag] success_cum_shaping=313.35 T=112 d_init=104.5 d_final=0.0
 Retrying in 1 seconds
[shaping_diag] success_cum_shaping=313.35 T=112 d_init=104.5 d_final=0.0
Warning: Vehicle 'other' performs emergency braking on lane 'left_in_0' with decel=9.00, wished=7.00, severity=1.00, time=6.50.
 Retrying in 1 seconds
[shaping_diag] success_cum_shaping=313.35 T=111 d_init=104.5 d_final=0.0
 Retrying in 1 seconds
[shaping_diag] success_cum_shaping=313.35 T=110 d_init=104.5 d_final=0.0
 Retrying in 1 seconds
[shaping_diag] success_cum_shaping=313.35 T=112 d_init=104.5 d_final=0.0
 Retrying in 1 seconds
[shaping_diag] success_cum_shaping=313.35 T=119 d_init=104.5 d_final=0.0
 Retrying in 1 seconds
[shaping_diag] success_cum_shaping=313.35 T=113 d_init=104.5 d_final=0.0
 Retrying in 1 seconds
[shaping_diag] success_cum_shaping=313.35 T=111 d_init=104.5 d_final=0.0
 Retrying in 1 seconds
[shaping_diag] success_cum_shaping=313.35 T=110 d_init=104.5 d_final=0.0
 Retrying in 1 seconds
[shaping_diag] success_cum_shaping=313.35 T=110 d_init=104.5 d_final=0.0
 Retrying in 1 seconds
[shaping_diag] success_cum_shaping=313.35 T=110 d_init=104.5 d_final=0.0
 Retrying in 1 seconds
[shaping_diag] success_cum_shaping=313.35 T=111 d_init=104.5 d_final=0.0
 Retrying in 1 seconds
[shaping_diag] success_cum_shaping=313.35 T=111 d_init=104.5 d_final=0.0
 Retrying in 1 seconds
[shaping_diag] success_cum_shaping=313.35 T=110 d_init=104.5 d_final=0.0
 Retrying in 1 seconds
[shaping_diag] success_cum_shaping=313.35 T=110 d_init=104.5 d_final=0.0
 Retrying in 1 seconds
[shaping_diag] success_cum_shaping=313.35 T=110 d_init=104.5 d_final=0.0
 Retrying in 1 seconds
[shaping_diag] success_cum_shaping=313.35 T=110 d_init=104.5 d_final=0.0
 Retrying in 1 seconds
[shaping_diag] success_cum_shaping=313.35 T=112 d_init=104.5 d_final=0.0
 Retrying in 1 seconds
[shaping_diag] success_cum_shaping=313.35 T=110 d_init=104.5 d_final=0.0
Warning: Vehicle 'other' performs emergency braking on lane 'left_in_0' with decel=9.00, wished=5.00, severity=1.00, time=6.50.
 Retrying in 1 seconds
[shaping_diag] success_cum_shaping=313.35 T=111 d_init=104.5 d_final=0.0
 Retrying in 1 seconds
[shaping_diag] success_cum_shaping=313.35 T=110 d_init=104.5 d_final=0.0
Warning: Vehicle 'other'; junction collision with vehicle 'ego', lane=':center_8_0', gap=-1.00, time=7.30 stage=move.
 Retrying in 1 seconds
 Retrying in 1 seconds
[shaping_diag] success_cum_shaping=313.35 T=110 d_init=104.5 d_final=0.0
 Retrying in 1 seconds
[shaping_diag] success_cum_shaping=313.35 T=110 d_init=104.5 d_final=0.0
 Retrying in 1 seconds
[shaping_diag] success_cum_shaping=313.35 T=111 d_init=104.5 d_final=0.0
Warning: Vehicle 'ego'; junction collision with vehicle 'other', lane=':center_11_0', gap=-1.00, time=7.20 stage=move.
 Retrying in 1 seconds
 Retrying in 1 seconds
[shaping_diag] success_cum_shaping=313.35 T=110 d_init=104.5 d_final=0.0
 Retrying in 1 seconds
[shaping_diag] success_cum_shaping=313.35 T=110 d_init=104.5 d_final=0.0
 Retrying in 1 seconds
 Retrying in 1 seconds
[shaping_diag] success_cum_shaping=313.35 T=110 d_init=104.5 d_final=0.0
 Retrying in 1 seconds
[shaping_diag] success_cum_shaping=313.35 T=118 d_init=104.5 d_final=0.0
 Retrying in 1 seconds
[shaping_diag] success_cum_shaping=313.35 T=110 d_init=104.5 d_final=0.0
 Retrying in 1 seconds
[shaping_diag] success_cum_shaping=313.35 T=113 d_init=104.5 d_final=0.0
 Retrying in 1 seconds
[shaping_diag] success_cum_shaping=313.35 T=111 d_init=104.5 d_final=0.0
 Retrying in 1 seconds
[shaping_diag] success_cum_shaping=313.35 T=110 d_init=104.5 d_final=0.0
Warning: Vehicle 'other' performs emergency braking on lane ':center_8_0' with decel=9.00, wished=3.00, severity=1.00, time=7.20.
 Retrying in 1 seconds
[shaping_diag] success_cum_shaping=313.35 T=112 d_init=104.5 d_final=0.0
 Retrying in 1 seconds
[shaping_diag] success_cum_shaping=313.35 T=110 d_init=104.5 d_final=0.0
 Retrying in 1 seconds
[shaping_diag] success_cum_shaping=313.35 T=111 d_init=104.5 d_final=0.0
 Retrying in 1 seconds
[shaping_diag] success_cum_shaping=313.35 T=111 d_init=104.5 d_final=0.0
 Retrying in 1 seconds
[shaping_diag] success_cum_shaping=313.35 T=110 d_init=104.5 d_final=0.0
 Retrying in 1 seconds
[shaping_diag] success_cum_shaping=313.35 T=110 d_init=104.5 d_final=0.0
 Retrying in 1 seconds
[shaping_diag] success_cum_shaping=313.35 T=110 d_init=104.5 d_final=0.0
 Retrying in 1 seconds
[shaping_diag] success_cum_shaping=313.35 T=110 d_init=104.5 d_final=0.0
 Retrying in 1 seconds
[shaping_diag] success_cum_shaping=313.35 T=110 d_init=104.5 d_final=0.0
 Retrying in 1 seconds
[shaping_diag] success_cum_shaping=313.35 T=110 d_init=104.5 d_final=0.0
Warning: Vehicle 'other'; junction collision with vehicle 'ego', lane=':center_8_0', gap=-1.00, time=7.00 stage=move.
 Retrying in 1 seconds
 Retrying in 1 seconds
 Retrying in 1 seconds
[shaping_diag] success_cum_shaping=313.35 T=110 d_init=104.5 d_final=0.0
Warning: Vehicle 'ego'; junction collision with vehicle 'other', lane=':center_11_0', gap=-1.00, time=7.20 stage=move.
 Retrying in 1 seconds
 Retrying in 1 seconds
[shaping_diag] success_cum_shaping=313.35 T=117 d_init=104.5 d_final=0.0
 Retrying in 1 seconds
 Retrying in 1 seconds
[shaping_diag] success_cum_shaping=313.35 T=110 d_init=104.5 d_final=0.0
 Retrying in 1 seconds
[shaping_diag] success_cum_shaping=313.35 T=110 d_init=104.5 d_final=0.0
 Retrying in 1 seconds
[shaping_diag] success_cum_shaping=313.35 T=111 d_init=104.5 d_final=0.0
 Retrying in 1 seconds
[shaping_diag] success_cum_shaping=313.35 T=111 d_init=104.5 d_final=0.0
 Retrying in 1 seconds
[shaping_diag] success_cum_shaping=313.35 T=110 d_init=104.5 d_final=0.0
 Retrying in 1 seconds
[shaping_diag] success_cum_shaping=313.35 T=110 d_init=104.5 d_final=0.0
 Retrying in 1 seconds
[shaping_diag] success_cum_shaping=313.35 T=111 d_init=104.5 d_final=0.0
 Retrying in 1 seconds
 Retrying in 1 seconds
[shaping_diag] success_cum_shaping=313.35 T=110 d_init=104.5 d_final=0.0
 Retrying in 1 seconds
[shaping_diag] success_cum_shaping=313.35 T=111 d_init=104.5 d_final=0.0
 Retrying in 1 seconds
[shaping_diag] success_cum_shaping=313.35 T=111 d_init=104.5 d_final=0.0
 Retrying in 1 seconds
[shaping_diag] success_cum_shaping=313.35 T=112 d_init=104.5 d_final=0.0
 Retrying in 1 seconds
[shaping_diag] success_cum_shaping=313.35 T=110 d_init=104.5 d_final=0.0
 Retrying in 1 seconds
 Retrying in 1 seconds
[shaping_diag] success_cum_shaping=313.35 T=112 d_init=104.5 d_final=0.0
 Retrying in 1 seconds
[shaping_diag] success_cum_shaping=313.35 T=110 d_init=104.5 d_final=0.0
 Retrying in 1 seconds
[shaping_diag] success_cum_shaping=313.35 T=110 d_init=104.5 d_final=0.0
 Retrying in 1 seconds
 Retrying in 1 seconds
[shaping_diag] success_cum_shaping=313.35 T=110 d_init=104.5 d_final=0.0
 Retrying in 1 seconds
[shaping_diag] success_cum_shaping=313.35 T=110 d_init=104.5 d_final=0.0
 Retrying in 1 seconds
[shaping_diag] success_cum_shaping=313.35 T=112 d_init=104.5 d_final=0.0
 Retrying in 1 seconds
[shaping_diag] success_cum_shaping=313.35 T=110 d_init=104.5 d_final=0.0
 Retrying in 1 seconds
[shaping_diag] success_cum_shaping=313.35 T=110 d_init=104.5 d_final=0.0
 Retrying in 1 seconds
[shaping_diag] success_cum_shaping=313.35 T=110 d_init=104.5 d_final=0.0
 Retrying in 1 seconds
[shaping_diag] success_cum_shaping=313.35 T=110 d_init=104.5 d_final=0.0
 Retrying in 1 seconds
[shaping_diag] success_cum_shaping=313.35 T=110 d_init=104.5 d_final=0.0
 Retrying in 1 seconds
[shaping_diag] success_cum_shaping=313.35 T=111 d_init=104.5 d_final=0.0
 Retrying in 1 seconds
[shaping_diag] success_cum_shaping=313.35 T=110 d_init=104.5 d_final=0.0
 Retrying in 1 seconds
[shaping_diag] success_cum_shaping=313.35 T=115 d_init=104.5 d_final=0.0
 Retrying in 1 seconds
[shaping_diag] success_cum_shaping=313.35 T=110 d_init=104.5 d_final=0.0
 Retrying in 1 seconds
[shaping_diag] success_cum_shaping=313.35 T=110 d_init=104.5 d_final=0.0
 Retrying in 1 seconds
[shaping_diag] success_cum_shaping=313.35 T=113 d_init=104.5 d_final=0.0
Warning: Vehicle 'other'; junction collision with vehicle 'ego', lane=':center_8_0', gap=-1.00, time=7.30 stage=move.
 Retrying in 1 seconds
 Retrying in 1 seconds
[shaping_diag] success_cum_shaping=313.35 T=110 d_init=104.5 d_final=0.0
 Retrying in 1 seconds
[shaping_diag] success_cum_shaping=313.35 T=110 d_init=104.5 d_final=0.0
 Retrying in 1 seconds
[shaping_diag] success_cum_shaping=313.35 T=112 d_init=104.5 d_final=0.0
 Retrying in 1 seconds
[shaping_diag] success_cum_shaping=313.35 T=110 d_init=104.5 d_final=0.0
 Retrying in 1 seconds
[shaping_diag] success_cum_shaping=313.35 T=110 d_init=104.5 d_final=0.0
 Retrying in 1 seconds
[shaping_diag] success_cum_shaping=313.35 T=110 d_init=104.5 d_final=0.0
 Retrying in 1 seconds
[shaping_diag] success_cum_shaping=313.35 T=116 d_init=104.5 d_final=0.0
 Retrying in 1 seconds
[shaping_diag] success_cum_shaping=313.35 T=118 d_init=104.5 d_final=0.0
 Retrying in 1 seconds
[shaping_diag] success_cum_shaping=313.35 T=110 d_init=104.5 d_final=0.0
Warning: Vehicle 'other'; junction collision with vehicle 'ego', lane=':center_8_0', gap=-1.00, time=7.20 stage=move.
 Retrying in 1 seconds
 Retrying in 1 seconds
[shaping_diag] success_cum_shaping=313.35 T=110 d_init=104.5 d_final=0.0
 Retrying in 1 seconds
[shaping_diag] success_cum_shaping=313.35 T=110 d_init=104.5 d_final=0.0
 Retrying in 1 seconds
[shaping_diag] success_cum_shaping=313.35 T=112 d_init=104.5 d_final=0.0
 Retrying in 1 seconds
[shaping_diag] success_cum_shaping=313.35 T=110 d_init=104.5 d_final=0.0
 Retrying in 1 seconds
[shaping_diag] success_cum_shaping=313.35 T=113 d_init=104.5 d_final=0.0
 Retrying in 1 seconds
[shaping_diag] success_cum_shaping=313.35 T=117 d_init=104.5 d_final=0.0
 Retrying in 1 seconds
[shaping_diag] success_cum_shaping=313.35 T=110 d_init=104.5 d_final=0.0
 Retrying in 1 seconds
[shaping_diag] success_cum_shaping=313.35 T=119 d_init=104.5 d_final=0.0
 Retrying in 1 seconds
 Retrying in 1 seconds
[shaping_diag] success_cum_shaping=313.35 T=110 d_init=104.5 d_final=0.0
 Retrying in 1 seconds
[shaping_diag] success_cum_shaping=313.35 T=110 d_init=104.5 d_final=0.0
 Retrying in 1 seconds
[shaping_diag] success_cum_shaping=313.35 T=113 d_init=104.5 d_final=0.0
 Retrying in 1 seconds
 Retrying in 1 seconds
[shaping_diag] success_cum_shaping=313.35 T=122 d_init=104.5 d_final=0.0
 Retrying in 1 seconds
[shaping_diag] success_cum_shaping=313.35 T=112 d_init=104.5 d_final=0.0
 Retrying in 1 seconds
[shaping_diag] success_cum_shaping=313.35 T=111 d_init=104.5 d_final=0.0
 Retrying in 1 seconds
[shaping_diag] success_cum_shaping=313.35 T=110 d_init=104.5 d_final=0.0
 Retrying in 1 seconds
[shaping_diag] success_cum_shaping=313.35 T=111 d_init=104.5 d_final=0.0
 Retrying in 1 seconds
[shaping_diag] success_cum_shaping=313.35 T=110 d_init=104.5 d_final=0.0
 Retrying in 1 seconds
[shaping_diag] success_cum_shaping=313.35 T=110 d_init=104.5 d_final=0.0
 Retrying in 1 seconds
[shaping_diag] success_cum_shaping=313.35 T=110 d_init=104.5 d_final=0.0
 Retrying in 1 seconds
[shaping_diag] success_cum_shaping=313.35 T=110 d_init=104.5 d_final=0.0
 Retrying in 1 seconds
[shaping_diag] success_cum_shaping=313.35 T=114 d_init=104.5 d_final=0.0
 Retrying in 1 seconds
[shaping_diag] success_cum_shaping=313.35 T=110 d_init=104.5 d_final=0.0
 Retrying in 1 seconds
[shaping_diag] success_cum_shaping=313.35 T=110 d_init=104.5 d_final=0.0
 Retrying in 1 seconds
[shaping_diag] success_cum_shaping=313.35 T=111 d_init=104.5 d_final=0.0
 Retrying in 1 seconds
[shaping_diag] success_cum_shaping=313.35 T=116 d_init=104.5 d_final=0.0
 Retrying in 1 seconds
[shaping_diag] success_cum_shaping=313.35 T=110 d_init=104.5 d_final=0.0
 Retrying in 1 seconds
[shaping_diag] success_cum_shaping=313.35 T=110 d_init=104.5 d_final=0.0
 Retrying in 1 seconds
[shaping_diag] success_cum_shaping=313.35 T=111 d_init=104.5 d_final=0.0
 Retrying in 1 seconds
[shaping_diag] success_cum_shaping=313.35 T=112 d_init=104.5 d_final=0.0
Warning: Vehicle 'other' performs emergency braking on lane ':center_8_0' with decel=9.00, wished=4.00, severity=1.00, time=7.30.
Warning: Vehicle 'other'; junction collision with vehicle 'ego', lane=':center_8_0', gap=-1.00, time=7.70 stage=move.
Warning: Vehicle 'ego'; junction collision with vehicle 'other', lane=':center_11_0', gap=-1.00, time=7.10 stage=move.
 Retrying in 1 seconds
 Retrying in 1 seconds
 Retrying in 1 seconds
[shaping_diag] success_cum_shaping=313.35 T=114 d_init=104.5 d_final=0.0
 Retrying in 1 seconds
[shaping_diag] success_cum_shaping=313.35 T=110 d_init=104.5 d_final=0.0
 Retrying in 1 seconds
[shaping_diag] success_cum_shaping=313.35 T=113 d_init=104.5 d_final=0.0
 Retrying in 1 seconds
[shaping_diag] success_cum_shaping=313.35 T=119 d_init=104.5 d_final=0.0
 Retrying in 1 seconds
[shaping_diag] success_cum_shaping=313.35 T=110 d_init=104.5 d_final=0.0
 Retrying in 1 seconds
[shaping_diag] success_cum_shaping=313.35 T=112 d_init=104.5 d_final=0.0
 Retrying in 1 seconds
[shaping_diag] success_cum_shaping=313.35 T=110 d_init=104.5 d_final=0.0
 Retrying in 1 seconds
[shaping_diag] success_cum_shaping=313.35 T=110 d_init=104.5 d_final=0.0
 Retrying in 1 seconds
[shaping_diag] success_cum_shaping=313.35 T=112 d_init=104.5 d_final=0.0
 Retrying in 1 seconds
[shaping_diag] success_cum_shaping=313.35 T=110 d_init=104.5 d_final=0.0
 Retrying in 1 seconds
 Retrying in 1 seconds
[shaping_diag] success_cum_shaping=313.35 T=114 d_init=104.5 d_final=0.0
 Retrying in 1 seconds
[shaping_diag] success_cum_shaping=313.35 T=110 d_init=104.5 d_final=0.0
Warning: Vehicle 'ego'; junction collision with vehicle 'other', lane=':center_11_0', gap=-1.00, time=7.00 stage=move.
 Retrying in 1 seconds
 Retrying in 1 seconds
[shaping_diag] success_cum_shaping=313.35 T=111 d_init=104.5 d_final=0.0
Warning: Vehicle 'other' performs emergency braking on lane 'left_in_0' with decel=9.00, wished=5.00, severity=1.00, time=6.50.
 Retrying in 1 seconds
[shaping_diag] success_cum_shaping=313.35 T=110 d_init=104.5 d_final=0.0
 Retrying in 1 seconds
[shaping_diag] success_cum_shaping=313.35 T=117 d_init=104.5 d_final=0.0
 Retrying in 1 seconds
[shaping_diag] success_cum_shaping=313.35 T=110 d_init=104.5 d_final=0.0
 Retrying in 1 seconds
 Retrying in 1 seconds
[shaping_diag] success_cum_shaping=313.35 T=116 d_init=104.5 d_final=0.0
 Retrying in 1 seconds
[shaping_diag] success_cum_shaping=313.35 T=110 d_init=104.5 d_final=0.0
 Retrying in 1 seconds
[shaping_diag] success_cum_shaping=313.35 T=110 d_init=104.5 d_final=0.0
 Retrying in 1 seconds
[shaping_diag] success_cum_shaping=313.35 T=111 d_init=104.5 d_final=0.0
 Retrying in 1 seconds
[shaping_diag] success_cum_shaping=313.35 T=118 d_init=104.5 d_final=0.0
 Retrying in 1 seconds
[shaping_diag] success_cum_shaping=313.35 T=115 d_init=104.5 d_final=0.0
 Retrying in 1 seconds
[shaping_diag] success_cum_shaping=313.35 T=112 d_init=104.5 d_final=0.0
 Retrying in 1 seconds
[shaping_diag] success_cum_shaping=313.35 T=115 d_init=104.5 d_final=0.0
 Retrying in 1 seconds
[shaping_diag] success_cum_shaping=313.35 T=112 d_init=104.5 d_final=0.0
 Retrying in 1 seconds
[shaping_diag] success_cum_shaping=313.35 T=124 d_init=104.5 d_final=0.0
 Retrying in 1 seconds
[shaping_diag] success_cum_shaping=313.35 T=114 d_init=104.5 d_final=0.0
 Retrying in 1 seconds
[shaping_diag] success_cum_shaping=313.35 T=116 d_init=104.5 d_final=0.0
 Retrying in 1 seconds
[shaping_diag] success_cum_shaping=313.35 T=110 d_init=104.5 d_final=0.0
 Retrying in 1 seconds
[shaping_diag] success_cum_shaping=313.35 T=110 d_init=104.5 d_final=0.0
 Retrying in 1 seconds
[shaping_diag] success_cum_shaping=313.35 T=111 d_init=104.5 d_final=0.0
 Retrying in 1 seconds
[shaping_diag] success_cum_shaping=313.35 T=111 d_init=104.5 d_final=0.0
 Retrying in 1 seconds
[shaping_diag] success_cum_shaping=313.35 T=111 d_init=104.5 d_final=0.0
 Retrying in 1 seconds
[shaping_diag] success_cum_shaping=313.35 T=111 d_init=104.5 d_final=0.0
 Retrying in 1 seconds
[shaping_diag] success_cum_shaping=313.35 T=117 d_init=104.5 d_final=0.0
 Retrying in 1 seconds
[shaping_diag] success_cum_shaping=313.35 T=113 d_init=104.5 d_final=0.0
 Retrying in 1 seconds
[shaping_diag] success_cum_shaping=313.35 T=126 d_init=104.5 d_final=0.0
 Retrying in 1 seconds
[shaping_diag] success_cum_shaping=313.35 T=110 d_init=104.5 d_final=0.0
 Retrying in 1 seconds
[shaping_diag] success_cum_shaping=313.35 T=111 d_init=104.5 d_final=0.0
 Retrying in 1 seconds
[shaping_diag] success_cum_shaping=313.35 T=116 d_init=104.5 d_final=0.0
 Retrying in 1 seconds
[shaping_diag] success_cum_shaping=313.35 T=111 d_init=104.5 d_final=0.0
 Retrying in 1 seconds
[shaping_diag] success_cum_shaping=313.35 T=112 d_init=104.5 d_final=0.0
 Retrying in 1 seconds
 Retrying in 1 seconds
[shaping_diag] success_cum_shaping=313.35 T=110 d_init=104.5 d_final=0.0
 Retrying in 1 seconds
[shaping_diag] success_cum_shaping=313.35 T=113 d_init=104.5 d_final=0.0
 Retrying in 1 seconds
[shaping_diag] success_cum_shaping=313.35 T=110 d_init=104.5 d_final=0.0
 Retrying in 1 seconds
[shaping_diag] success_cum_shaping=313.35 T=121 d_init=104.5 d_final=0.0
 Retrying in 1 seconds
[shaping_diag] success_cum_shaping=313.35 T=121 d_init=104.5 d_final=0.0
Warning: Vehicle 'ego'; collision with vehicle 'other', lane='right_in_1', gap=-0.02, time=5.70 stage=move.
 Retrying in 1 seconds
 Retrying in 1 seconds
[shaping_diag] success_cum_shaping=313.35 T=120 d_init=104.5 d_final=0.0
 Retrying in 1 seconds
[shaping_diag] success_cum_shaping=313.35 T=112 d_init=104.5 d_final=0.0
 Retrying in 1 seconds
[shaping_diag] success_cum_shaping=313.35 T=111 d_init=104.5 d_final=0.0
 Retrying in 1 seconds
 Retrying in 1 seconds
[shaping_diag] success_cum_shaping=313.35 T=113 d_init=104.5 d_final=0.0
 Retrying in 1 seconds
[shaping_diag] success_cum_shaping=313.35 T=117 d_init=104.5 d_final=0.0
 Retrying in 1 seconds
[shaping_diag] success_cum_shaping=313.35 T=122 d_init=104.5 d_final=0.0
 Retrying in 1 seconds
[shaping_diag] success_cum_shaping=313.35 T=121 d_init=104.5 d_final=0.0
 Retrying in 1 seconds
[shaping_diag] success_cum_shaping=313.35 T=128 d_init=104.5 d_final=0.0
 Retrying in 1 seconds
[shaping_diag] success_cum_shaping=313.35 T=112 d_init=104.5 d_final=0.0
 Retrying in 1 seconds
[shaping_diag] success_cum_shaping=313.35 T=121 d_init=104.5 d_final=0.0
 Retrying in 1 seconds
[shaping_diag] success_cum_shaping=313.35 T=117 d_init=104.5 d_final=0.0
 Retrying in 1 seconds
[shaping_diag] success_cum_shaping=313.35 T=121 d_init=104.5 d_final=0.0
 Retrying in 1 seconds
[shaping_diag] success_cum_shaping=313.35 T=122 d_init=104.5 d_final=0.0
 Retrying in 1 seconds
[shaping_diag] success_cum_shaping=313.35 T=110 d_init=104.5 d_final=0.0
 Retrying in 1 seconds
[shaping_diag] success_cum_shaping=313.35 T=111 d_init=104.5 d_final=0.0
 Retrying in 1 seconds
[shaping_diag] success_cum_shaping=313.35 T=113 d_init=104.5 d_final=0.0
 Retrying in 1 seconds
[shaping_diag] success_cum_shaping=313.35 T=116 d_init=104.5 d_final=0.0
 Retrying in 1 seconds
[shaping_diag] success_cum_shaping=313.35 T=132 d_init=104.5 d_final=0.0
 Retrying in 1 seconds
[shaping_diag] success_cum_shaping=313.35 T=117 d_init=104.5 d_final=0.0
 Retrying in 1 seconds
[shaping_diag] success_cum_shaping=313.35 T=127 d_init=104.5 d_final=0.0
 Retrying in 1 seconds
[shaping_diag] success_cum_shaping=313.35 T=110 d_init=104.5 d_final=0.0
 Retrying in 1 seconds
[shaping_diag] success_cum_shaping=313.35 T=112 d_init=104.5 d_final=0.0
 Retrying in 1 seconds
[shaping_diag] success_cum_shaping=313.35 T=117 d_init=104.5 d_final=0.0
 Retrying in 1 seconds
[shaping_diag] success_cum_shaping=313.35 T=117 d_init=104.5 d_final=0.0
 Retrying in 1 seconds
[shaping_diag] success_cum_shaping=313.35 T=115 d_init=104.5 d_final=0.0
 Retrying in 1 seconds
[shaping_diag] success_cum_shaping=313.35 T=113 d_init=104.5 d_final=0.0
 Retrying in 1 seconds
[shaping_diag] success_cum_shaping=313.35 T=120 d_init=104.5 d_final=0.0
 Retrying in 1 seconds
[shaping_diag] success_cum_shaping=313.35 T=112 d_init=104.5 d_final=0.0
 Retrying in 1 seconds
[shaping_diag] success_cum_shaping=313.35 T=115 d_init=104.5 d_final=0.0
Warning: Vehicle 'ego'; junction collision with vehicle 'other', lane=':center_11_0', gap=-1.00, time=7.70 stage=move.
 Retrying in 1 seconds
 Retrying in 1 seconds
[shaping_diag] success_cum_shaping=313.35 T=116 d_init=104.5 d_final=0.0
 Retrying in 1 seconds
[shaping_diag] success_cum_shaping=313.35 T=117 d_init=104.5 d_final=0.0
 Retrying in 1 seconds
[shaping_diag] success_cum_shaping=313.35 T=126 d_init=104.5 d_final=0.0
 Retrying in 1 seconds
[shaping_diag] success_cum_shaping=313.35 T=120 d_init=104.5 d_final=0.0
 Retrying in 1 seconds
[shaping_diag] success_cum_shaping=313.35 T=111 d_init=104.5 d_final=0.0
 Retrying in 1 seconds
[shaping_diag] success_cum_shaping=313.35 T=118 d_init=104.5 d_final=0.0
 Retrying in 1 seconds
[shaping_diag] success_cum_shaping=313.35 T=119 d_init=104.5 d_final=0.0
 Retrying in 1 seconds
[shaping_diag] success_cum_shaping=313.35 T=110 d_init=104.5 d_final=0.0
Warning: Vehicle 'other2'; junction collision with vehicle 'ego', lane=':center_8_0', gap=-1.00, time=8.30 stage=move.
 Retrying in 1 seconds
 Retrying in 1 seconds
 Retrying in 1 seconds
[shaping_diag] success_cum_shaping=313.35 T=118 d_init=104.5 d_final=0.0
Warning: Vehicle 'other' performs emergency braking on lane 'left_in_0' with decel=9.00, wished=5.00, severity=1.00, time=6.80.
 Retrying in 1 seconds
[shaping_diag] success_cum_shaping=313.35 T=119 d_init=104.5 d_final=0.0
 Retrying in 1 seconds
[shaping_diag] success_cum_shaping=313.35 T=115 d_init=104.5 d_final=0.0
 Retrying in 1 seconds
[shaping_diag] success_cum_shaping=313.35 T=117 d_init=104.5 d_final=0.0
 Retrying in 1 seconds
[shaping_diag] success_cum_shaping=313.35 T=111 d_init=104.5 d_final=0.0
 Retrying in 1 seconds
[shaping_diag] success_cum_shaping=313.35 T=124 d_init=104.5 d_final=0.0
 Retrying in 1 seconds
[shaping_diag] success_cum_shaping=313.35 T=110 d_init=104.5 d_final=0.0
 Retrying in 1 seconds
[shaping_diag] success_cum_shaping=313.35 T=114 d_init=104.5 d_final=0.0
 Retrying in 1 seconds
[shaping_diag] success_cum_shaping=313.35 T=112 d_init=104.5 d_final=0.0
 Retrying in 1 seconds
[shaping_diag] success_cum_shaping=313.35 T=112 d_init=104.5 d_final=0.0
 Retrying in 1 seconds
[shaping_diag] success_cum_shaping=313.35 T=114 d_init=104.5 d_final=0.0
 Retrying in 1 seconds
[shaping_diag] success_cum_shaping=313.35 T=112 d_init=104.5 d_final=0.0
 Retrying in 1 seconds
[shaping_diag] success_cum_shaping=313.35 T=113 d_init=104.5 d_final=0.0
 Retrying in 1 seconds
[shaping_diag] success_cum_shaping=313.35 T=113 d_init=104.5 d_final=0.0
 Retrying in 1 seconds
[shaping_diag] success_cum_shaping=313.35 T=119 d_init=104.5 d_final=0.0
 Retrying in 1 seconds
[shaping_diag] success_cum_shaping=313.35 T=120 d_init=104.5 d_final=0.0
 Retrying in 1 seconds
[shaping_diag] success_cum_shaping=313.35 T=114 d_init=104.5 d_final=0.0
 Retrying in 1 seconds
[shaping_diag] success_cum_shaping=313.35 T=124 d_init=104.5 d_final=0.0
 Retrying in 1 seconds
[shaping_diag] success_cum_shaping=313.35 T=115 d_init=104.5 d_final=0.0
 Retrying in 1 seconds
[shaping_diag] success_cum_shaping=313.35 T=112 d_init=104.5 d_final=0.0
 Retrying in 1 seconds
[shaping_diag] success_cum_shaping=313.35 T=111 d_init=104.5 d_final=0.0
Warning: Vehicle 'other'; junction collision with vehicle 'ego', lane=':center_8_0', gap=-1.00, time=7.20 stage=move.
 Retrying in 1 seconds
 Retrying in 1 seconds
[shaping_diag] success_cum_shaping=313.35 T=111 d_init=104.5 d_final=0.0
 Retrying in 1 seconds
[shaping_diag] success_cum_shaping=313.35 T=110 d_init=104.5 d_final=0.0
 Retrying in 1 seconds
[shaping_diag] success_cum_shaping=313.35 T=127 d_init=104.5 d_final=0.0
 Retrying in 1 seconds
[shaping_diag] success_cum_shaping=313.35 T=116 d_init=104.5 d_final=0.0
 Retrying in 1 seconds
[shaping_diag] success_cum_shaping=313.35 T=115 d_init=104.5 d_final=0.0
 Retrying in 1 seconds
[shaping_diag] success_cum_shaping=313.35 T=120 d_init=104.5 d_final=0.0
 Retrying in 1 seconds
[shaping_diag] success_cum_shaping=313.35 T=112 d_init=104.5 d_final=0.0
 Retrying in 1 seconds
[shaping_diag] success_cum_shaping=313.35 T=111 d_init=104.5 d_final=0.0
 Retrying in 1 seconds
[shaping_diag] success_cum_shaping=313.35 T=125 d_init=104.5 d_final=0.0
 Retrying in 1 seconds
[shaping_diag] success_cum_shaping=313.35 T=124 d_init=104.5 d_final=0.0
 Retrying in 1 seconds
[shaping_diag] success_cum_shaping=313.35 T=120 d_init=104.5 d_final=0.0
 Retrying in 1 seconds
[shaping_diag] success_cum_shaping=313.35 T=116 d_init=104.5 d_final=0.0
 Retrying in 1 seconds
[shaping_diag] success_cum_shaping=313.35 T=112 d_init=104.5 d_final=0.0
 Retrying in 1 seconds
 Retrying in 1 seconds
[shaping_diag] success_cum_shaping=313.35 T=113 d_init=104.5 d_final=0.0
 Retrying in 1 seconds
[shaping_diag] success_cum_shaping=313.35 T=117 d_init=104.5 d_final=0.0
 Retrying in 1 seconds
[shaping_diag] success_cum_shaping=313.35 T=120 d_init=104.5 d_final=0.0
 Retrying in 1 seconds
[shaping_diag] success_cum_shaping=313.35 T=123 d_init=104.5 d_final=0.0
 Retrying in 1 seconds
[shaping_diag] success_cum_shaping=313.35 T=110 d_init=104.5 d_final=0.0
 Retrying in 1 seconds
[shaping_diag] success_cum_shaping=313.35 T=111 d_init=104.5 d_final=0.0
 Retrying in 1 seconds
[shaping_diag] success_cum_shaping=313.35 T=114 d_init=104.5 d_final=0.0
 Retrying in 1 seconds
[shaping_diag] success_cum_shaping=313.35 T=134 d_init=104.5 d_final=0.0
 Retrying in 1 seconds
[shaping_diag] success_cum_shaping=313.35 T=115 d_init=104.5 d_final=0.0
 Retrying in 1 seconds
[shaping_diag] success_cum_shaping=313.35 T=113 d_init=104.5 d_final=0.0
 Retrying in 1 seconds
[shaping_diag] success_cum_shaping=313.35 T=111 d_init=104.5 d_final=0.0
 Retrying in 1 seconds
[shaping_diag] success_cum_shaping=313.35 T=110 d_init=104.5 d_final=0.0
 Retrying in 1 seconds
[shaping_diag] success_cum_shaping=313.35 T=112 d_init=104.5 d_final=0.0
 Retrying in 1 seconds
[shaping_diag] success_cum_shaping=313.35 T=112 d_init=104.5 d_final=0.0
 Retrying in 1 seconds
[shaping_diag] success_cum_shaping=313.35 T=110 d_init=104.5 d_final=0.0
 Retrying in 1 seconds
[shaping_diag] success_cum_shaping=313.35 T=117 d_init=104.5 d_final=0.0
 Retrying in 1 seconds
[shaping_diag] success_cum_shaping=313.35 T=112 d_init=104.5 d_final=0.0
 Retrying in 1 seconds
[shaping_diag] success_cum_shaping=313.35 T=114 d_init=104.5 d_final=0.0
 Retrying in 1 seconds
[shaping_diag] success_cum_shaping=313.35 T=111 d_init=104.5 d_final=0.0
Warning: Vehicle 'other' performs emergency braking on lane ':center_8_0' with decel=9.00, wished=4.00, severity=1.00, time=7.30.
 Retrying in 1 seconds
 Retrying in 1 seconds
[shaping_diag] success_cum_shaping=313.35 T=147 d_init=104.5 d_final=0.0
 Retrying in 1 seconds
[shaping_diag] success_cum_shaping=313.35 T=111 d_init=104.5 d_final=0.0
Warning: Vehicle 'other' performs emergency braking on lane ':center_8_0' with decel=9.00, wished=3.00, severity=1.00, time=7.30.
 Retrying in 1 seconds
 Retrying in 1 seconds
[shaping_diag] success_cum_shaping=313.35 T=113 d_init=104.5 d_final=0.0
 Retrying in 1 seconds
[shaping_diag] success_cum_shaping=313.35 T=112 d_init=104.5 d_final=0.0
 Retrying in 1 seconds
[shaping_diag] success_cum_shaping=313.35 T=127 d_init=104.5 d_final=0.0
 Retrying in 1 seconds
[shaping_diag] success_cum_shaping=313.35 T=117 d_init=104.5 d_final=0.0
 Retrying in 1 seconds
 Retrying in 1 seconds
[shaping_diag] success_cum_shaping=313.35 T=119 d_init=104.5 d_final=0.0
 Retrying in 1 seconds
[shaping_diag] success_cum_shaping=313.35 T=118 d_init=104.5 d_final=0.0
 Retrying in 1 seconds
[shaping_diag] success_cum_shaping=313.35 T=111 d_init=104.5 d_final=0.0
 Retrying in 1 seconds
[shaping_diag] success_cum_shaping=313.35 T=114 d_init=104.5 d_final=0.0
 Retrying in 1 seconds
[shaping_diag] success_cum_shaping=313.35 T=116 d_init=104.5 d_final=0.0
 Retrying in 1 seconds
[shaping_diag] success_cum_shaping=313.35 T=113 d_init=104.5 d_final=0.0
 Retrying in 1 seconds
[shaping_diag] success_cum_shaping=313.35 T=117 d_init=104.5 d_final=0.0
Warning: Vehicle 'ego'; junction collision with vehicle 'other', lane=':center_11_0', gap=-1.00, time=7.50 stage=move.
 Retrying in 1 seconds
 Retrying in 1 seconds
 Retrying in 1 seconds
[shaping_diag] success_cum_shaping=313.35 T=111 d_init=104.5 d_final=0.0
Warning: Vehicle 'other' performs emergency braking on lane 'left_in_0' with decel=9.00, wished=5.00, severity=1.00, time=6.50.
 Retrying in 1 seconds
 Retrying in 1 seconds
 Retrying in 1 seconds
[shaping_diag] success_cum_shaping=313.35 T=110 d_init=104.5 d_final=0.0
 Retrying in 1 seconds
 Retrying in 1 seconds
[shaping_diag] success_cum_shaping=313.35 T=110 d_init=104.5 d_final=0.0
 Retrying in 1 seconds
[shaping_diag] success_cum_shaping=313.35 T=110 d_init=104.5 d_final=0.0
 Retrying in 1 seconds
 Retrying in 1 seconds
 Retrying in 1 seconds
[shaping_diag] success_cum_shaping=313.35 T=110 d_init=104.5 d_final=0.0
[cbf_aux] step=372736 ret=318.98 coll=5 ttc=5.67 cbf_res=0.1479
 Retrying in 1 seconds
[shaping_diag] success_cum_shaping=313.35 T=110 d_init=104.5 d_final=0.0
Warning: Vehicle 'other2' performs emergency braking on lane 'left_in_0' with decel=9.00, wished=6.00, severity=1.00, time=7.30.
 Retrying in 1 seconds
 Retrying in 1 seconds
[shaping_diag] success_cum_shaping=313.35 T=110 d_init=104.5 d_final=0.0
 Retrying in 1 seconds
[shaping_diag] success_cum_shaping=313.35 T=110 d_init=104.5 d_final=0.0
 Retrying in 1 seconds
[shaping_diag] success_cum_shaping=313.35 T=113 d_init=104.5 d_final=0.0
 Retrying in 1 seconds
[shaping_diag] success_cum_shaping=313.35 T=112 d_init=104.5 d_final=0.0
 Retrying in 1 seconds
[shaping_diag] success_cum_shaping=313.35 T=118 d_init=104.5 d_final=0.0
 Retrying in 1 seconds
[shaping_diag] success_cum_shaping=313.35 T=115 d_init=104.5 d_final=0.0
 Retrying in 1 seconds
[shaping_diag] success_cum_shaping=313.35 T=110 d_init=104.5 d_final=0.0
 Retrying in 1 seconds
[shaping_diag] success_cum_shaping=313.35 T=113 d_init=104.5 d_final=0.0
 Retrying in 1 seconds
[shaping_diag] success_cum_shaping=313.35 T=110 d_init=104.5 d_final=0.0
 Retrying in 1 seconds
[shaping_diag] success_cum_shaping=313.35 T=111 d_init=104.5 d_final=0.0
 Retrying in 1 seconds
[shaping_diag] success_cum_shaping=313.35 T=111 d_init=104.5 d_final=0.0
 Retrying in 1 seconds
[shaping_diag] success_cum_shaping=313.35 T=119 d_init=104.5 d_final=0.0
 Retrying in 1 seconds
[shaping_diag] success_cum_shaping=313.35 T=111 d_init=104.5 d_final=0.0
 Retrying in 1 seconds
[shaping_diag] success_cum_shaping=313.35 T=110 d_init=104.5 d_final=0.0
 Retrying in 1 seconds
[shaping_diag] success_cum_shaping=313.35 T=112 d_init=104.5 d_final=0.0
 Retrying in 1 seconds
[shaping_diag] success_cum_shaping=313.35 T=132 d_init=104.5 d_final=0.0
Warning: Vehicle 'other' performs emergency braking on lane 'left_in_0' with decel=9.00, wished=5.00, severity=1.00, time=6.50.
 Retrying in 1 seconds
[shaping_diag] success_cum_shaping=313.35 T=113 d_init=104.5 d_final=0.0
 Retrying in 1 seconds
[shaping_diag] success_cum_shaping=313.35 T=113 d_init=104.5 d_final=0.0
 Retrying in 1 seconds
[shaping_diag] success_cum_shaping=313.35 T=119 d_init=104.5 d_final=0.0
 Retrying in 1 seconds
[shaping_diag] success_cum_shaping=313.35 T=110 d_init=104.5 d_final=0.0
 Retrying in 1 seconds
[shaping_diag] success_cum_shaping=313.35 T=138 d_init=104.5 d_final=0.0
 Retrying in 1 seconds
[shaping_diag] success_cum_shaping=313.35 T=130 d_init=104.5 d_final=0.0
 Retrying in 1 seconds
[shaping_diag] success_cum_shaping=313.35 T=112 d_init=104.5 d_final=0.0
 Retrying in 1 seconds
[shaping_diag] success_cum_shaping=313.35 T=114 d_init=104.5 d_final=0.0
 Retrying in 1 seconds
[shaping_diag] success_cum_shaping=313.35 T=141 d_init=104.5 d_final=0.0
 Retrying in 1 seconds
[shaping_diag] success_cum_shaping=313.35 T=112 d_init=104.5 d_final=0.0
 Retrying in 1 seconds
[shaping_diag] success_cum_shaping=313.35 T=130 d_init=104.5 d_final=0.0
 Retrying in 1 seconds
[shaping_diag] success_cum_shaping=313.35 T=114 d_init=104.5 d_final=0.0
 Retrying in 1 seconds
[shaping_diag] success_cum_shaping=313.35 T=115 d_init=104.5 d_final=0.0
 Retrying in 1 seconds
[shaping_diag] success_cum_shaping=313.35 T=110 d_init=104.5 d_final=0.0
Warning: Vehicle 'other'; junction collision with vehicle 'ego', lane=':center_8_0', gap=-1.00, time=7.30 stage=move.
 Retrying in 1 seconds
 Retrying in 1 seconds
[shaping_diag] success_cum_shaping=313.35 T=132 d_init=104.5 d_final=0.0
 Retrying in 1 seconds
[shaping_diag] success_cum_shaping=313.35 T=110 d_init=104.5 d_final=0.0
 Retrying in 1 seconds
 Retrying in 1 seconds
[shaping_diag] success_cum_shaping=313.35 T=117 d_init=104.5 d_final=0.0
 Retrying in 1 seconds
[shaping_diag] success_cum_shaping=313.35 T=118 d_init=104.5 d_final=0.0
 Retrying in 1 seconds
[shaping_diag] success_cum_shaping=313.35 T=112 d_init=104.5 d_final=0.0
 Retrying in 1 seconds
[shaping_diag] success_cum_shaping=313.35 T=117 d_init=104.5 d_final=0.0
 Retrying in 1 seconds
[shaping_diag] success_cum_shaping=313.35 T=111 d_init=104.5 d_final=0.0
 Retrying in 1 seconds
[shaping_diag] success_cum_shaping=313.35 T=111 d_init=104.5 d_final=0.0
 Retrying in 1 seconds
[shaping_diag] success_cum_shaping=313.35 T=150 d_init=104.5 d_final=0.0
 Retrying in 1 seconds
[shaping_diag] success_cum_shaping=313.35 T=120 d_init=104.5 d_final=0.0
 Retrying in 1 seconds
[shaping_diag] success_cum_shaping=313.35 T=115 d_init=104.5 d_final=0.0
 Retrying in 1 seconds
[shaping_diag] success_cum_shaping=313.35 T=111 d_init=104.5 d_final=0.0
 Retrying in 1 seconds
[shaping_diag] success_cum_shaping=313.35 T=111 d_init=104.5 d_final=0.0
 Retrying in 1 seconds
[shaping_diag] success_cum_shaping=313.35 T=118 d_init=104.5 d_final=0.0
 Retrying in 1 seconds
[shaping_diag] success_cum_shaping=313.35 T=133 d_init=104.5 d_final=0.0
 Retrying in 1 seconds
[shaping_diag] success_cum_shaping=313.35 T=115 d_init=104.5 d_final=0.0
 Retrying in 1 seconds
[shaping_diag] success_cum_shaping=313.35 T=110 d_init=104.5 d_final=0.0
 Retrying in 1 seconds
[shaping_diag] success_cum_shaping=313.35 T=128 d_init=104.5 d_final=0.0
 Retrying in 1 seconds
[shaping_diag] success_cum_shaping=313.35 T=111 d_init=104.5 d_final=0.0
 Retrying in 1 seconds
[shaping_diag] success_cum_shaping=313.35 T=110 d_init=104.5 d_final=0.0
 Retrying in 1 seconds
[shaping_diag] success_cum_shaping=313.35 T=111 d_init=104.5 d_final=0.0
 Retrying in 1 seconds
[shaping_diag] success_cum_shaping=313.35 T=113 d_init=104.5 d_final=0.0
 Retrying in 1 seconds
[shaping_diag] success_cum_shaping=313.35 T=120 d_init=104.5 d_final=0.0
 Retrying in 1 seconds
[shaping_diag] success_cum_shaping=313.35 T=129 d_init=104.5 d_final=0.0
 Retrying in 1 seconds
[shaping_diag] success_cum_shaping=313.35 T=111 d_init=104.5 d_final=0.0
 Retrying in 1 seconds
[shaping_diag] success_cum_shaping=313.35 T=111 d_init=104.5 d_final=0.0
 Retrying in 1 seconds
[shaping_diag] success_cum_shaping=313.35 T=110 d_init=104.5 d_final=0.0
Warning: Vehicle 'ego'; junction collision with vehicle 'other', lane=':center_11_0', gap=-1.00, time=7.60 stage=move.
 Retrying in 1 seconds
 Retrying in 1 seconds
[shaping_diag] success_cum_shaping=313.35 T=112 d_init=104.5 d_final=0.0
 Retrying in 1 seconds
[shaping_diag] success_cum_shaping=313.35 T=130 d_init=104.5 d_final=0.0
 Retrying in 1 seconds
[shaping_diag] success_cum_shaping=313.35 T=122 d_init=104.5 d_final=0.0
Warning: Vehicle 'other'; junction collision with vehicle 'ego', lane=':center_8_0', gap=-1.00, time=7.40 stage=move.
 Retrying in 1 seconds
 Retrying in 1 seconds
 Retrying in 1 seconds
 Retrying in 1 seconds
[shaping_diag] success_cum_shaping=313.35 T=118 d_init=104.5 d_final=0.0
 Retrying in 1 seconds
[shaping_diag] success_cum_shaping=313.35 T=112 d_init=104.5 d_final=0.0
 Retrying in 1 seconds
[shaping_diag] success_cum_shaping=313.35 T=115 d_init=104.5 d_final=0.0
 Retrying in 1 seconds
[shaping_diag] success_cum_shaping=313.35 T=112 d_init=104.5 d_final=0.0
 Retrying in 1 seconds
 Retrying in 1 seconds
[shaping_diag] success_cum_shaping=313.35 T=111 d_init=104.5 d_final=0.0
 Retrying in 1 seconds
[shaping_diag] success_cum_shaping=313.35 T=114 d_init=104.5 d_final=0.0
 Retrying in 1 seconds
[shaping_diag] success_cum_shaping=313.35 T=119 d_init=104.5 d_final=0.0
 Retrying in 1 seconds
[shaping_diag] success_cum_shaping=313.35 T=111 d_init=104.5 d_final=0.0
 Retrying in 1 seconds
[shaping_diag] success_cum_shaping=313.35 T=124 d_init=104.5 d_final=0.0
 Retrying in 1 seconds
[shaping_diag] success_cum_shaping=313.35 T=117 d_init=104.5 d_final=0.0
 Retrying in 1 seconds
[shaping_diag] success_cum_shaping=313.35 T=116 d_init=104.5 d_final=0.0
 Retrying in 1 seconds
[shaping_diag] success_cum_shaping=313.35 T=117 d_init=104.5 d_final=0.0
 Retrying in 1 seconds
[shaping_diag] success_cum_shaping=313.35 T=113 d_init=104.5 d_final=0.0
 Retrying in 1 seconds
[shaping_diag] success_cum_shaping=313.35 T=114 d_init=104.5 d_final=0.0
 Retrying in 1 seconds
[shaping_diag] success_cum_shaping=313.35 T=121 d_init=104.5 d_final=0.0
 Retrying in 1 seconds
[shaping_diag] success_cum_shaping=313.35 T=112 d_init=104.5 d_final=0.0
 Retrying in 1 seconds
 Retrying in 1 seconds
[shaping_diag] success_cum_shaping=313.35 T=111 d_init=104.5 d_final=0.0
 Retrying in 1 seconds
[shaping_diag] success_cum_shaping=313.35 T=115 d_init=104.5 d_final=0.0
 Retrying in 1 seconds
[shaping_diag] success_cum_shaping=313.35 T=125 d_init=104.5 d_final=0.0
 Retrying in 1 seconds
[shaping_diag] success_cum_shaping=313.35 T=116 d_init=104.5 d_final=0.0
 Retrying in 1 seconds
[shaping_diag] success_cum_shaping=313.35 T=111 d_init=104.5 d_final=0.0
 Retrying in 1 seconds
[shaping_diag] success_cum_shaping=313.35 T=110 d_init=104.5 d_final=0.0
 Retrying in 1 seconds
[shaping_diag] success_cum_shaping=313.35 T=118 d_init=104.5 d_final=0.0
 Retrying in 1 seconds
[shaping_diag] success_cum_shaping=313.35 T=115 d_init=104.5 d_final=0.0
 Retrying in 1 seconds
[shaping_diag] success_cum_shaping=313.35 T=111 d_init=104.5 d_final=0.0
 Retrying in 1 seconds
[shaping_diag] success_cum_shaping=313.35 T=111 d_init=104.5 d_final=0.0
 Retrying in 1 seconds
[shaping_diag] success_cum_shaping=313.35 T=112 d_init=104.5 d_final=0.0
 Retrying in 1 seconds
[shaping_diag] success_cum_shaping=313.35 T=135 d_init=104.5 d_final=0.0
 Retrying in 1 seconds
[shaping_diag] success_cum_shaping=313.35 T=115 d_init=104.5 d_final=0.0
 Retrying in 1 seconds
[shaping_diag] success_cum_shaping=313.35 T=135 d_init=104.5 d_final=0.0
 Retrying in 1 seconds
[shaping_diag] success_cum_shaping=313.35 T=113 d_init=104.5 d_final=0.0
 Retrying in 1 seconds
[shaping_diag] success_cum_shaping=313.35 T=110 d_init=104.5 d_final=0.0
 Retrying in 1 seconds
[shaping_diag] success_cum_shaping=313.35 T=118 d_init=104.5 d_final=0.0
 Retrying in 1 seconds
[shaping_diag] success_cum_shaping=313.35 T=115 d_init=104.5 d_final=0.0
Warning: Vehicle 'ego'; collision with vehicle 'other', lane='stem_out_1', gap=-0.15, time=10.00 stage=move.
 Retrying in 1 seconds
 Retrying in 1 seconds
[shaping_diag] success_cum_shaping=313.35 T=115 d_init=104.5 d_final=0.0
 Retrying in 1 seconds
[shaping_diag] success_cum_shaping=313.35 T=119 d_init=104.5 d_final=0.0
 Retrying in 1 seconds
[shaping_diag] success_cum_shaping=313.35 T=113 d_init=104.5 d_final=0.0
 Retrying in 1 seconds
 Retrying in 1 seconds
[shaping_diag] success_cum_shaping=313.35 T=115 d_init=104.5 d_final=0.0
 Retrying in 1 seconds
[shaping_diag] success_cum_shaping=313.35 T=110 d_init=104.5 d_final=0.0
 Retrying in 1 seconds
[shaping_diag] success_cum_shaping=313.35 T=120 d_init=104.5 d_final=0.0
 Retrying in 1 seconds
[shaping_diag] success_cum_shaping=313.35 T=111 d_init=104.5 d_final=0.0
 Retrying in 1 seconds
[shaping_diag] success_cum_shaping=313.35 T=119 d_init=104.5 d_final=0.0
 Retrying in 1 seconds
[shaping_diag] success_cum_shaping=313.35 T=111 d_init=104.5 d_final=0.0
 Retrying in 1 seconds
[shaping_diag] success_cum_shaping=313.35 T=118 d_init=104.5 d_final=0.0
 Retrying in 1 seconds
[shaping_diag] success_cum_shaping=313.35 T=122 d_init=104.5 d_final=0.0
 Retrying in 1 seconds
[shaping_diag] success_cum_shaping=313.35 T=118 d_init=104.5 d_final=0.0
 Retrying in 1 seconds
[shaping_diag] success_cum_shaping=313.35 T=110 d_init=104.5 d_final=0.0
 Retrying in 1 seconds
[shaping_diag] success_cum_shaping=313.35 T=124 d_init=104.5 d_final=0.0
 Retrying in 1 seconds
[shaping_diag] success_cum_shaping=313.35 T=159 d_init=104.5 d_final=0.0
 Retrying in 1 seconds
[shaping_diag] success_cum_shaping=313.35 T=112 d_init=104.5 d_final=0.0
 Retrying in 1 seconds
[shaping_diag] success_cum_shaping=313.35 T=130 d_init=104.5 d_final=0.0
 Retrying in 1 seconds
[shaping_diag] success_cum_shaping=313.35 T=112 d_init=104.5 d_final=0.0
 Retrying in 1 seconds
[shaping_diag] success_cum_shaping=313.35 T=114 d_init=104.5 d_final=0.0
 Retrying in 1 seconds
[shaping_diag] success_cum_shaping=313.35 T=115 d_init=104.5 d_final=0.0
 Retrying in 1 seconds
[shaping_diag] success_cum_shaping=313.35 T=115 d_init=104.5 d_final=0.0
 Retrying in 1 seconds
[shaping_diag] success_cum_shaping=313.35 T=114 d_init=104.5 d_final=0.0
Warning: Vehicle 'other2' performs emergency braking on lane 'left_in_0' with decel=9.00, wished=5.00, severity=1.00, time=7.60.
Warning: Vehicle 'other2'; junction collision with vehicle 'ego', lane=':center_8_0', gap=-1.00, time=8.50 stage=move.
 Retrying in 1 seconds
 Retrying in 1 seconds
[shaping_diag] success_cum_shaping=313.35 T=116 d_init=104.5 d_final=0.0
 Retrying in 1 seconds
[shaping_diag] success_cum_shaping=313.35 T=111 d_init=104.5 d_final=0.0
 Retrying in 1 seconds
[shaping_diag] success_cum_shaping=313.35 T=116 d_init=104.5 d_final=0.0
 Retrying in 1 seconds
[shaping_diag] success_cum_shaping=313.35 T=112 d_init=104.5 d_final=0.0
Warning: Vehicle 'other' performs emergency braking on lane 'left_in_0' with decel=9.00, wished=5.00, severity=1.00, time=6.50.
 Retrying in 1 seconds
[shaping_diag] success_cum_shaping=313.35 T=110 d_init=104.5 d_final=0.0
 Retrying in 1 seconds
[shaping_diag] success_cum_shaping=313.35 T=132 d_init=104.5 d_final=0.0
 Retrying in 1 seconds
[shaping_diag] success_cum_shaping=313.35 T=117 d_init=104.5 d_final=0.0
 Retrying in 1 seconds
[shaping_diag] success_cum_shaping=313.35 T=117 d_init=104.5 d_final=0.0
 Retrying in 1 seconds
[shaping_diag] success_cum_shaping=313.35 T=113 d_init=104.5 d_final=0.0
 Retrying in 1 seconds
[shaping_diag] success_cum_shaping=313.35 T=121 d_init=104.5 d_final=0.0
 Retrying in 1 seconds
[shaping_diag] success_cum_shaping=313.35 T=119 d_init=104.5 d_final=0.0
 Retrying in 1 seconds
[shaping_diag] success_cum_shaping=313.35 T=112 d_init=104.5 d_final=0.0
 Retrying in 1 seconds
 Retrying in 1 seconds
[shaping_diag] success_cum_shaping=313.35 T=125 d_init=104.5 d_final=0.0
 Retrying in 1 seconds
[shaping_diag] success_cum_shaping=313.35 T=122 d_init=104.5 d_final=0.0
 Retrying in 1 seconds
 Retrying in 1 seconds
[shaping_diag] success_cum_shaping=313.35 T=131 d_init=104.5 d_final=0.0
 Retrying in 1 seconds
[shaping_diag] success_cum_shaping=313.35 T=111 d_init=104.5 d_final=0.0
 Retrying in 1 seconds
[shaping_diag] success_cum_shaping=313.35 T=125 d_init=104.5 d_final=0.0
 Retrying in 1 seconds
[shaping_diag] success_cum_shaping=313.35 T=121 d_init=104.5 d_final=0.0
 Retrying in 1 seconds
[shaping_diag] success_cum_shaping=313.35 T=114 d_init=104.5 d_final=0.0
Warning: Vehicle 'other' performs emergency braking on lane 'left_in_0' with decel=9.00, wished=5.00, severity=1.00, time=6.80.
 Retrying in 1 seconds
 Retrying in 1 seconds
[shaping_diag] success_cum_shaping=313.35 T=114 d_init=104.5 d_final=0.0
 Retrying in 1 seconds
 Retrying in 1 seconds
[shaping_diag] success_cum_shaping=313.35 T=112 d_init=104.5 d_final=0.0
 Retrying in 1 seconds
[shaping_diag] success_cum_shaping=313.35 T=113 d_init=104.5 d_final=0.0
 Retrying in 1 seconds
[shaping_diag] success_cum_shaping=313.35 T=121 d_init=104.5 d_final=0.0
 Retrying in 1 seconds
[shaping_diag] success_cum_shaping=313.35 T=114 d_init=104.5 d_final=0.0
 Retrying in 1 seconds
[shaping_diag] success_cum_shaping=313.35 T=117 d_init=104.5 d_final=0.0
 Retrying in 1 seconds
[shaping_diag] success_cum_shaping=313.35 T=110 d_init=104.5 d_final=0.0
 Retrying in 1 seconds
[shaping_diag] success_cum_shaping=313.35 T=110 d_init=104.5 d_final=0.0
 Retrying in 1 seconds
[shaping_diag] success_cum_shaping=313.35 T=111 d_init=104.5 d_final=0.0
 Retrying in 1 seconds
[shaping_diag] success_cum_shaping=313.35 T=117 d_init=104.5 d_final=0.0
 Retrying in 1 seconds
[shaping_diag] success_cum_shaping=313.35 T=114 d_init=104.5 d_final=0.0
 Retrying in 1 seconds
[shaping_diag] success_cum_shaping=313.35 T=114 d_init=104.5 d_final=0.0
 Retrying in 1 seconds
[shaping_diag] success_cum_shaping=313.35 T=116 d_init=104.5 d_final=0.0
 Retrying in 1 seconds
[shaping_diag] success_cum_shaping=313.35 T=114 d_init=104.5 d_final=0.0
 Retrying in 1 seconds
[shaping_diag] success_cum_shaping=313.35 T=113 d_init=104.5 d_final=0.0
 Retrying in 1 seconds
[shaping_diag] success_cum_shaping=313.35 T=110 d_init=104.5 d_final=0.0
 Retrying in 1 seconds
[shaping_diag] success_cum_shaping=313.35 T=112 d_init=104.5 d_final=0.0
 Retrying in 1 seconds
[shaping_diag] success_cum_shaping=313.35 T=126 d_init=104.5 d_final=0.0
 Retrying in 1 seconds
[shaping_diag] success_cum_shaping=313.35 T=122 d_init=104.5 d_final=0.0
 Retrying in 1 seconds
[shaping_diag] success_cum_shaping=313.35 T=110 d_init=104.5 d_final=0.0
 Retrying in 1 seconds
[shaping_diag] success_cum_shaping=313.35 T=111 d_init=104.5 d_final=0.0
 Retrying in 1 seconds
[shaping_diag] success_cum_shaping=313.35 T=111 d_init=104.5 d_final=0.0
 Retrying in 1 seconds
[shaping_diag] success_cum_shaping=313.35 T=112 d_init=104.5 d_final=0.0
 Retrying in 1 seconds
[shaping_diag] success_cum_shaping=313.35 T=111 d_init=104.5 d_final=0.0
 Retrying in 1 seconds
[shaping_diag] success_cum_shaping=313.35 T=113 d_init=104.5 d_final=0.0
 Retrying in 1 seconds
 Retrying in 1 seconds
[shaping_diag] success_cum_shaping=313.35 T=128 d_init=104.5 d_final=0.0
 Retrying in 1 seconds
[shaping_diag] success_cum_shaping=313.35 T=115 d_init=104.5 d_final=0.0
 Retrying in 1 seconds
[shaping_diag] success_cum_shaping=313.35 T=116 d_init=104.5 d_final=0.0
 Retrying in 1 seconds
 Retrying in 1 seconds
[shaping_diag] success_cum_shaping=313.35 T=114 d_init=104.5 d_final=0.0
 Retrying in 1 seconds
[shaping_diag] success_cum_shaping=313.35 T=120 d_init=104.5 d_final=0.0
 Retrying in 1 seconds
[shaping_diag] success_cum_shaping=313.35 T=110 d_init=104.5 d_final=0.0
 Retrying in 1 seconds
[shaping_diag] success_cum_shaping=313.35 T=113 d_init=104.5 d_final=0.0
 Retrying in 1 seconds
[shaping_diag] success_cum_shaping=313.35 T=114 d_init=104.5 d_final=0.0
 Retrying in 1 seconds
[shaping_diag] success_cum_shaping=313.35 T=115 d_init=104.5 d_final=0.0
 Retrying in 1 seconds
[shaping_diag] success_cum_shaping=313.35 T=116 d_init=104.5 d_final=0.0
 Retrying in 1 seconds
[shaping_diag] success_cum_shaping=313.35 T=114 d_init=104.5 d_final=0.0
 Retrying in 1 seconds
[shaping_diag] success_cum_shaping=313.35 T=120 d_init=104.5 d_final=0.0
 Retrying in 1 seconds
[shaping_diag] success_cum_shaping=313.35 T=116 d_init=104.5 d_final=0.0
 Retrying in 1 seconds
[shaping_diag] success_cum_shaping=313.35 T=118 d_init=104.5 d_final=0.0
Warning: Vehicle 'other'; junction collision with vehicle 'ego', lane=':center_8_0', gap=-1.00, time=7.40 stage=move.
 Retrying in 1 seconds
 Retrying in 1 seconds
[shaping_diag] success_cum_shaping=313.35 T=135 d_init=104.5 d_final=0.0
 Retrying in 1 seconds
[shaping_diag] success_cum_shaping=313.35 T=125 d_init=104.5 d_final=0.0
 Retrying in 1 seconds
[shaping_diag] success_cum_shaping=313.35 T=117 d_init=104.5 d_final=0.0
 Retrying in 1 seconds
[shaping_diag] success_cum_shaping=313.35 T=115 d_init=104.5 d_final=0.0
 Retrying in 1 seconds
[shaping_diag] success_cum_shaping=313.35 T=118 d_init=104.5 d_final=0.0
Warning: Vehicle 'other'; junction collision with vehicle 'ego', lane=':center_8_0', gap=-1.00, time=7.50 stage=move.
 Retrying in 1 seconds
 Retrying in 1 seconds
[shaping_diag] success_cum_shaping=313.35 T=115 d_init=104.5 d_final=0.0
 Retrying in 1 seconds
[shaping_diag] success_cum_shaping=313.35 T=115 d_init=104.5 d_final=0.0
 Retrying in 1 seconds
[shaping_diag] success_cum_shaping=313.35 T=117 d_init=104.5 d_final=0.0
 Retrying in 1 seconds
[shaping_diag] success_cum_shaping=313.35 T=123 d_init=104.5 d_final=0.0
 Retrying in 1 seconds
[shaping_diag] success_cum_shaping=313.35 T=111 d_init=104.5 d_final=0.0
 Retrying in 1 seconds
[shaping_diag] success_cum_shaping=313.35 T=116 d_init=104.5 d_final=0.0
 Retrying in 1 seconds
[shaping_diag] success_cum_shaping=313.35 T=110 d_init=104.5 d_final=0.0
 Retrying in 1 seconds
[shaping_diag] success_cum_shaping=313.35 T=111 d_init=104.5 d_final=0.0
 Retrying in 1 seconds
[shaping_diag] success_cum_shaping=313.35 T=113 d_init=104.5 d_final=0.0
 Retrying in 1 seconds
[shaping_diag] success_cum_shaping=313.35 T=110 d_init=104.5 d_final=0.0
 Retrying in 1 seconds
[shaping_diag] success_cum_shaping=313.35 T=112 d_init=104.5 d_final=0.0
 Retrying in 1 seconds
 Retrying in 1 seconds
[shaping_diag] success_cum_shaping=313.35 T=121 d_init=104.5 d_final=0.0
 Retrying in 1 seconds
[shaping_diag] success_cum_shaping=313.35 T=117 d_init=104.5 d_final=0.0
 Retrying in 1 seconds
[shaping_diag] success_cum_shaping=313.35 T=112 d_init=104.5 d_final=0.0
 Retrying in 1 seconds
[shaping_diag] success_cum_shaping=313.35 T=113 d_init=104.5 d_final=0.0
 Retrying in 1 seconds
[shaping_diag] success_cum_shaping=313.35 T=116 d_init=104.5 d_final=0.0
 Retrying in 1 seconds
[shaping_diag] success_cum_shaping=313.35 T=116 d_init=104.5 d_final=0.0
 Retrying in 1 seconds
 Retrying in 1 seconds
[shaping_diag] success_cum_shaping=313.35 T=119 d_init=104.5 d_final=0.0
 Retrying in 1 seconds
[shaping_diag] success_cum_shaping=313.35 T=114 d_init=104.5 d_final=0.0
 Retrying in 1 seconds
[shaping_diag] success_cum_shaping=313.35 T=113 d_init=104.5 d_final=0.0
 Retrying in 1 seconds
[shaping_diag] success_cum_shaping=313.35 T=111 d_init=104.5 d_final=0.0
Warning: Vehicle 'other'; junction collision with vehicle 'ego', lane=':center_8_0', gap=-1.00, time=7.70 stage=move.
 Retrying in 1 seconds
 Retrying in 1 seconds
[shaping_diag] success_cum_shaping=313.35 T=110 d_init=104.5 d_final=0.0
 Retrying in 1 seconds
[shaping_diag] success_cum_shaping=313.35 T=110 d_init=104.5 d_final=0.0
 Retrying in 1 seconds
[shaping_diag] success_cum_shaping=313.35 T=113 d_init=104.5 d_final=0.0
 Retrying in 1 seconds
[shaping_diag] success_cum_shaping=313.35 T=112 d_init=104.5 d_final=0.0
Warning: Vehicle 'other' performs emergency braking on lane 'left_in_0' with decel=9.00, wished=5.00, severity=1.00, time=6.70.
 Retrying in 1 seconds
[shaping_diag] success_cum_shaping=313.35 T=115 d_init=104.5 d_final=0.0
 Retrying in 1 seconds
[shaping_diag] success_cum_shaping=313.35 T=110 d_init=104.5 d_final=0.0
 Retrying in 1 seconds
[shaping_diag] success_cum_shaping=313.35 T=110 d_init=104.5 d_final=0.0
 Retrying in 1 seconds
[shaping_diag] success_cum_shaping=313.35 T=113 d_init=104.5 d_final=0.0
 Retrying in 1 seconds
[shaping_diag] success_cum_shaping=313.35 T=116 d_init=104.5 d_final=0.0
 Retrying in 1 seconds
[shaping_diag] success_cum_shaping=313.35 T=111 d_init=104.5 d_final=0.0
 Retrying in 1 seconds
[shaping_diag] success_cum_shaping=313.35 T=112 d_init=104.5 d_final=0.0
 Retrying in 1 seconds
[shaping_diag] success_cum_shaping=313.35 T=112 d_init=104.5 d_final=0.0
 Retrying in 1 seconds
[shaping_diag] success_cum_shaping=313.35 T=112 d_init=104.5 d_final=0.0
 Retrying in 1 seconds
[shaping_diag] success_cum_shaping=313.35 T=113 d_init=104.5 d_final=0.0
 Retrying in 1 seconds
 Retrying in 1 seconds
[shaping_diag] success_cum_shaping=313.35 T=114 d_init=104.5 d_final=0.0
 Retrying in 1 seconds
[shaping_diag] success_cum_shaping=313.35 T=118 d_init=104.5 d_final=0.0
 Retrying in 1 seconds
[shaping_diag] success_cum_shaping=313.35 T=113 d_init=104.5 d_final=0.0
 Retrying in 1 seconds
[shaping_diag] success_cum_shaping=313.35 T=115 d_init=104.5 d_final=0.0
 Retrying in 1 seconds
[shaping_diag] success_cum_shaping=313.35 T=112 d_init=104.5 d_final=0.0
 Retrying in 1 seconds
[shaping_diag] success_cum_shaping=313.35 T=112 d_init=104.5 d_final=0.0
 Retrying in 1 seconds
[shaping_diag] success_cum_shaping=313.35 T=125 d_init=104.5 d_final=0.0
 Retrying in 1 seconds
[shaping_diag] success_cum_shaping=313.35 T=119 d_init=104.5 d_final=0.0
Warning: Vehicle 'other'; junction collision with vehicle 'ego', lane=':center_8_0', gap=-1.00, time=7.40 stage=move.
 Retrying in 1 seconds
 Retrying in 1 seconds
[shaping_diag] success_cum_shaping=313.35 T=112 d_init=104.5 d_final=0.0
 Retrying in 1 seconds
[shaping_diag] success_cum_shaping=313.35 T=112 d_init=104.5 d_final=0.0
 Retrying in 1 seconds
[shaping_diag] success_cum_shaping=313.35 T=110 d_init=104.5 d_final=0.0
 Retrying in 1 seconds
[shaping_diag] success_cum_shaping=313.35 T=112 d_init=104.5 d_final=0.0
 Retrying in 1 seconds
[shaping_diag] success_cum_shaping=313.35 T=111 d_init=104.5 d_final=0.0
 Retrying in 1 seconds
[shaping_diag] success_cum_shaping=313.35 T=114 d_init=104.5 d_final=0.0
 Retrying in 1 seconds
[shaping_diag] success_cum_shaping=313.35 T=113 d_init=104.5 d_final=0.0
 Retrying in 1 seconds
[shaping_diag] success_cum_shaping=313.35 T=112 d_init=104.5 d_final=0.0
 Retrying in 1 seconds
Saved cbf_aux to results/ablation/tier1/1a_right_stem_cbf_aux_nointent_s3333/model_cbf_aux_1a_right_stem.pt

Running post-training checkpoint selection (30 eps each)...
 Retrying in 1 seconds
[shaping_diag] success_cum_shaping=313.35 T=110 d_init=104.5 d_final=0.0
 Retrying in 1 seconds
[shaping_diag] success_cum_shaping=313.35 T=110 d_init=104.5 d_final=0.0
Warning: Vehicle 'ego'; junction collision with vehicle 'other', lane=':center_11_0', gap=-1.00, time=6.90 stage=move.
 Retrying in 1 seconds
 Retrying in 1 seconds
[shaping_diag] success_cum_shaping=313.35 T=110 d_init=104.5 d_final=0.0
 Retrying in 1 seconds
[shaping_diag] success_cum_shaping=313.35 T=110 d_init=104.5 d_final=0.0
 Retrying in 1 seconds
[shaping_diag] success_cum_shaping=313.35 T=110 d_init=104.5 d_final=0.0
 Retrying in 1 seconds
[shaping_diag] success_cum_shaping=313.35 T=110 d_init=104.5 d_final=0.0
Warning: Vehicle 'other' performs emergency braking on lane 'left_in_0' with decel=9.00, wished=5.00, severity=1.00, time=6.50.
 Retrying in 1 seconds
[shaping_diag] success_cum_shaping=313.35 T=110 d_init=104.5 d_final=0.0
 Retrying in 1 seconds
[shaping_diag] success_cum_shaping=313.35 T=110 d_init=104.5 d_final=0.0
 Retrying in 1 seconds
[shaping_diag] success_cum_shaping=313.35 T=110 d_init=104.5 d_final=0.0
 Retrying in 1 seconds
[shaping_diag] success_cum_shaping=313.35 T=110 d_init=104.5 d_final=0.0
 Retrying in 1 seconds
[shaping_diag] success_cum_shaping=313.35 T=110 d_init=104.5 d_final=0.0
 Retrying in 1 seconds
[shaping_diag] success_cum_shaping=313.35 T=110 d_init=104.5 d_final=0.0
 Retrying in 1 seconds
 Retrying in 1 seconds
[shaping_diag] success_cum_shaping=313.35 T=110 d_init=104.5 d_final=0.0
 Retrying in 1 seconds
[shaping_diag] success_cum_shaping=313.35 T=110 d_init=104.5 d_final=0.0
 Retrying in 1 seconds
[shaping_diag] success_cum_shaping=313.35 T=110 d_init=104.5 d_final=0.0
Warning: Vehicle 'other'; junction collision with vehicle 'ego', lane=':center_8_0', gap=-1.00, time=7.00 stage=move.
 Retrying in 1 seconds
 Retrying in 1 seconds
[shaping_diag] success_cum_shaping=313.35 T=110 d_init=104.5 d_final=0.0
Warning: Vehicle 'other'; junction collision with vehicle 'ego', lane=':center_8_0', gap=-1.00, time=7.00 stage=move.
 Retrying in 1 seconds
 Retrying in 1 seconds
[shaping_diag] success_cum_shaping=313.35 T=110 d_init=104.5 d_final=0.0
 Retrying in 1 seconds
[shaping_diag] success_cum_shaping=313.35 T=110 d_init=104.5 d_final=0.0
 Retrying in 1 seconds
[shaping_diag] success_cum_shaping=313.35 T=110 d_init=104.5 d_final=0.0
Warning: Vehicle 'ego'; junction collision with vehicle 'other', lane=':center_11_0', gap=-1.00, time=6.90 stage=move.
 Retrying in 1 seconds
 Retrying in 1 seconds
[shaping_diag] success_cum_shaping=313.35 T=110 d_init=104.5 d_final=0.0
 Retrying in 1 seconds
[shaping_diag] success_cum_shaping=313.35 T=110 d_init=104.5 d_final=0.0
 Retrying in 1 seconds
[shaping_diag] success_cum_shaping=313.35 T=110 d_init=104.5 d_final=0.0
 Retrying in 1 seconds
[shaping_diag] success_cum_shaping=313.35 T=110 d_init=104.5 d_final=0.0
Warning: Vehicle 'other' performs emergency braking on lane 'left_in_0' with decel=9.00, wished=5.00, severity=1.00, time=6.50.
 Retrying in 1 seconds
[shaping_diag] success_cum_shaping=313.35 T=110 d_init=104.5 d_final=0.0
Warning: Vehicle 'other'; junction collision with vehicle 'ego', lane=':center_8_0', gap=-1.00, time=7.00 stage=move.
 Retrying in 1 seconds
  step=200000: return=+350.74, coll=0.20, score=330.74
 Retrying in 1 seconds
[shaping_diag] success_cum_shaping=313.35 T=110 d_init=104.5 d_final=0.0
 Retrying in 1 seconds
[shaping_diag] success_cum_shaping=313.35 T=110 d_init=104.5 d_final=0.0
Warning: Vehicle 'ego'; junction collision with vehicle 'other', lane=':center_11_0', gap=-1.00, time=6.90 stage=move.
 Retrying in 1 seconds
 Retrying in 1 seconds
[shaping_diag] success_cum_shaping=313.35 T=110 d_init=104.5 d_final=0.0
 Retrying in 1 seconds
[shaping_diag] success_cum_shaping=313.35 T=110 d_init=104.5 d_final=0.0
 Retrying in 1 seconds
[shaping_diag] success_cum_shaping=313.35 T=110 d_init=104.5 d_final=0.0
 Retrying in 1 seconds
[shaping_diag] success_cum_shaping=313.35 T=110 d_init=104.5 d_final=0.0
Warning: Vehicle 'other' performs emergency braking on lane 'left_in_0' with decel=9.00, wished=5.00, severity=1.00, time=6.50.
 Retrying in 1 seconds
[shaping_diag] success_cum_shaping=313.35 T=110 d_init=104.5 d_final=0.0
 Retrying in 1 seconds
[shaping_diag] success_cum_shaping=313.35 T=110 d_init=104.5 d_final=0.0
 Retrying in 1 seconds
[shaping_diag] success_cum_shaping=313.35 T=110 d_init=104.5 d_final=0.0
 Retrying in 1 seconds
[shaping_diag] success_cum_shaping=313.35 T=110 d_init=104.5 d_final=0.0
 Retrying in 1 seconds
[shaping_diag] success_cum_shaping=313.35 T=110 d_init=104.5 d_final=0.0
 Retrying in 1 seconds
[shaping_diag] success_cum_shaping=313.35 T=110 d_init=104.5 d_final=0.0
 Retrying in 1 seconds
 Retrying in 1 seconds
[shaping_diag] success_cum_shaping=313.35 T=110 d_init=104.5 d_final=0.0
 Retrying in 1 seconds
[shaping_diag] success_cum_shaping=313.35 T=110 d_init=104.5 d_final=0.0
 Retrying in 1 seconds
[shaping_diag] success_cum_shaping=313.35 T=110 d_init=104.5 d_final=0.0
Warning: Vehicle 'other'; junction collision with vehicle 'ego', lane=':center_8_0', gap=-1.00, time=7.00 stage=move.
 Retrying in 1 seconds
 Retrying in 1 seconds
[shaping_diag] success_cum_shaping=313.35 T=110 d_init=104.5 d_final=0.0
Warning: Vehicle 'other'; junction collision with vehicle 'ego', lane=':center_8_0', gap=-1.00, time=7.00 stage=move.
 Retrying in 1 seconds
 Retrying in 1 seconds
[shaping_diag] success_cum_shaping=313.35 T=110 d_init=104.5 d_final=0.0
 Retrying in 1 seconds
[shaping_diag] success_cum_shaping=313.35 T=110 d_init=104.5 d_final=0.0
 Retrying in 1 seconds
[shaping_diag] success_cum_shaping=313.35 T=110 d_init=104.5 d_final=0.0
Warning: Vehicle 'ego'; junction collision with vehicle 'other', lane=':center_11_0', gap=-1.00, time=6.90 stage=move.
 Retrying in 1 seconds
 Retrying in 1 seconds
[shaping_diag] success_cum_shaping=313.35 T=110 d_init=104.5 d_final=0.0
 Retrying in 1 seconds
[shaping_diag] success_cum_shaping=313.35 T=110 d_init=104.5 d_final=0.0
 Retrying in 1 seconds
[shaping_diag] success_cum_shaping=313.35 T=110 d_init=104.5 d_final=0.0
 Retrying in 1 seconds
[shaping_diag] success_cum_shaping=313.35 T=110 d_init=104.5 d_final=0.0
Warning: Vehicle 'other' performs emergency braking on lane 'left_in_0' with decel=9.00, wished=5.00, severity=1.00, time=6.50.
 Retrying in 1 seconds
[shaping_diag] success_cum_shaping=313.35 T=110 d_init=104.5 d_final=0.0
Warning: Vehicle 'other'; junction collision with vehicle 'ego', lane=':center_8_0', gap=-1.00, time=7.00 stage=move.
 Retrying in 1 seconds
  step=300000: return=+350.67, coll=0.20, score=330.67
 Retrying in 1 seconds
[shaping_diag] success_cum_shaping=313.35 T=110 d_init=104.5 d_final=0.0
 Retrying in 1 seconds
[shaping_diag] success_cum_shaping=313.35 T=110 d_init=104.5 d_final=0.0
Warning: Vehicle 'ego'; junction collision with vehicle 'other', lane=':center_11_0', gap=-1.00, time=6.90 stage=move.
 Retrying in 1 seconds
 Retrying in 1 seconds
[shaping_diag] success_cum_shaping=313.35 T=110 d_init=104.5 d_final=0.0
 Retrying in 1 seconds
[shaping_diag] success_cum_shaping=313.35 T=110 d_init=104.5 d_final=0.0
 Retrying in 1 seconds
[shaping_diag] success_cum_shaping=313.35 T=110 d_init=104.5 d_final=0.0
 Retrying in 1 seconds
[shaping_diag] success_cum_shaping=313.35 T=110 d_init=104.5 d_final=0.0
Warning: Vehicle 'other' performs emergency braking on lane 'left_in_0' with decel=9.00, wished=5.00, severity=1.00, time=6.50.
 Retrying in 1 seconds
[shaping_diag] success_cum_shaping=313.35 T=110 d_init=104.5 d_final=0.0
 Retrying in 1 seconds
[shaping_diag] success_cum_shaping=313.35 T=110 d_init=104.5 d_final=0.0
 Retrying in 1 seconds
[shaping_diag] success_cum_shaping=313.35 T=110 d_init=104.5 d_final=0.0
 Retrying in 1 seconds
[shaping_diag] success_cum_shaping=313.35 T=110 d_init=104.5 d_final=0.0
 Retrying in 1 seconds
[shaping_diag] success_cum_shaping=313.35 T=110 d_init=104.5 d_final=0.0
 Retrying in 1 seconds
[shaping_diag] success_cum_shaping=313.35 T=110 d_init=104.5 d_final=0.0
 Retrying in 1 seconds
 Retrying in 1 seconds
[shaping_diag] success_cum_shaping=313.35 T=110 d_init=104.5 d_final=0.0
 Retrying in 1 seconds
[shaping_diag] success_cum_shaping=313.35 T=111 d_init=104.5 d_final=0.0
 Retrying in 1 seconds
[shaping_diag] success_cum_shaping=313.35 T=110 d_init=104.5 d_final=0.0
Warning: Vehicle 'other'; junction collision with vehicle 'ego', lane=':center_8_0', gap=-1.00, time=7.00 stage=move.
 Retrying in 1 seconds
 Retrying in 1 seconds
[shaping_diag] success_cum_shaping=313.35 T=110 d_init=104.5 d_final=0.0
 Retrying in 1 seconds
 Retrying in 1 seconds
[shaping_diag] success_cum_shaping=313.35 T=110 d_init=104.5 d_final=0.0
 Retrying in 1 seconds
[shaping_diag] success_cum_shaping=313.35 T=110 d_init=104.5 d_final=0.0
 Retrying in 1 seconds
[shaping_diag] success_cum_shaping=313.35 T=110 d_init=104.5 d_final=0.0
Warning: Vehicle 'ego'; junction collision with vehicle 'other', lane=':center_11_0', gap=-1.00, time=7.00 stage=move.
 Retrying in 1 seconds
 Retrying in 1 seconds
[shaping_diag] success_cum_shaping=313.35 T=110 d_init=104.5 d_final=0.0
 Retrying in 1 seconds
[shaping_diag] success_cum_shaping=313.35 T=110 d_init=104.5 d_final=0.0
 Retrying in 1 seconds
[shaping_diag] success_cum_shaping=313.35 T=110 d_init=104.5 d_final=0.0
 Retrying in 1 seconds
[shaping_diag] success_cum_shaping=313.35 T=110 d_init=104.5 d_final=0.0
Warning: Vehicle 'other' performs emergency braking on lane 'left_in_0' with decel=9.00, wished=5.00, severity=1.00, time=6.50.
 Retrying in 1 seconds
[shaping_diag] success_cum_shaping=313.35 T=110 d_init=104.5 d_final=0.0
Warning: Vehicle 'other'; junction collision with vehicle 'ego', lane=':center_8_0', gap=-1.00, time=7.00 stage=move.
 Retrying in 1 seconds
  step=400000: return=+350.20, coll=0.20, score=330.20
 Retrying in 1 seconds
[shaping_diag] success_cum_shaping=313.35 T=110 d_init=104.5 d_final=0.0
 Retrying in 1 seconds
[shaping_diag] success_cum_shaping=313.35 T=110 d_init=104.5 d_final=0.0
Warning: Vehicle 'ego'; junction collision with vehicle 'other', lane=':center_11_0', gap=-1.00, time=6.90 stage=move.
 Retrying in 1 seconds
 Retrying in 1 seconds
[shaping_diag] success_cum_shaping=313.35 T=110 d_init=104.5 d_final=0.0
 Retrying in 1 seconds
[shaping_diag] success_cum_shaping=313.35 T=110 d_init=104.5 d_final=0.0
 Retrying in 1 seconds
[shaping_diag] success_cum_shaping=313.35 T=110 d_init=104.5 d_final=0.0
 Retrying in 1 seconds
[shaping_diag] success_cum_shaping=313.35 T=110 d_init=104.5 d_final=0.0
Warning: Vehicle 'other' performs emergency braking on lane 'left_in_0' with decel=9.00, wished=5.00, severity=1.00, time=6.50.
 Retrying in 1 seconds
[shaping_diag] success_cum_shaping=313.35 T=110 d_init=104.5 d_final=0.0
 Retrying in 1 seconds
[shaping_diag] success_cum_shaping=313.35 T=110 d_init=104.5 d_final=0.0
 Retrying in 1 seconds
[shaping_diag] success_cum_shaping=313.35 T=110 d_init=104.5 d_final=0.0
 Retrying in 1 seconds
[shaping_diag] success_cum_shaping=313.35 T=110 d_init=104.5 d_final=0.0
 Retrying in 1 seconds
[shaping_diag] success_cum_shaping=313.35 T=110 d_init=104.5 d_final=0.0
 Retrying in 1 seconds
[shaping_diag] success_cum_shaping=313.35 T=110 d_init=104.5 d_final=0.0
 Retrying in 1 seconds
 Retrying in 1 seconds
[shaping_diag] success_cum_shaping=313.35 T=110 d_init=104.5 d_final=0.0
 Retrying in 1 seconds
[shaping_diag] success_cum_shaping=313.35 T=111 d_init=104.5 d_final=0.0
 Retrying in 1 seconds
[shaping_diag] success_cum_shaping=313.35 T=110 d_init=104.5 d_final=0.0
Warning: Vehicle 'other'; junction collision with vehicle 'ego', lane=':center_8_0', gap=-1.00, time=7.00 stage=move.
 Retrying in 1 seconds
 Retrying in 1 seconds
[shaping_diag] success_cum_shaping=313.35 T=110 d_init=104.5 d_final=0.0
 Retrying in 1 seconds
 Retrying in 1 seconds
[shaping_diag] success_cum_shaping=313.35 T=110 d_init=104.5 d_final=0.0
 Retrying in 1 seconds
[shaping_diag] success_cum_shaping=313.35 T=110 d_init=104.5 d_final=0.0
 Retrying in 1 seconds
[shaping_diag] success_cum_shaping=313.35 T=110 d_init=104.5 d_final=0.0
Warning: Vehicle 'ego'; junction collision with vehicle 'other', lane=':center_11_0', gap=-1.00, time=7.00 stage=move.
 Retrying in 1 seconds
 Retrying in 1 seconds
[shaping_diag] success_cum_shaping=313.35 T=110 d_init=104.5 d_final=0.0
 Retrying in 1 seconds
[shaping_diag] success_cum_shaping=313.35 T=110 d_init=104.5 d_final=0.0
 Retrying in 1 seconds
[shaping_diag] success_cum_shaping=313.35 T=110 d_init=104.5 d_final=0.0
 Retrying in 1 seconds
[shaping_diag] success_cum_shaping=313.35 T=110 d_init=104.5 d_final=0.0
Warning: Vehicle 'other' performs emergency braking on lane 'left_in_0' with decel=9.00, wished=5.00, severity=1.00, time=6.50.
 Retrying in 1 seconds
[shaping_diag] success_cum_shaping=313.35 T=110 d_init=104.5 d_final=0.0
Warning: Vehicle 'other'; junction collision with vehicle 'ego', lane=':center_8_0', gap=-1.00, time=7.00 stage=move.
 Retrying in 1 seconds
  step=final: return=+350.20, coll=0.20, score=330.20
  Keeping final checkpoint (best_step=200000, margin=0.54)
Training complete. Metrics in results/ablation/tier1/1a_right_stem_cbf_aux_nointent_s3333/train_cbf_aux_1a_right_stem.csv
=== EVAL ===
Eval seed=4333 [deterministic]...
 Retrying in 1 seconds
[shaping_diag] success_cum_shaping=313.35 T=110 d_init=104.5 d_final=0.0
 Retrying in 1 seconds
[shaping_diag] success_cum_shaping=313.35 T=110 d_init=104.5 d_final=0.0
 Retrying in 1 seconds
[shaping_diag] success_cum_shaping=313.35 T=110 d_init=104.5 d_final=0.0
 Retrying in 1 seconds
[shaping_diag] success_cum_shaping=313.35 T=110 d_init=104.5 d_final=0.0
 Retrying in 1 seconds
[shaping_diag] success_cum_shaping=313.35 T=110 d_init=104.5 d_final=0.0
 Retrying in 1 seconds
[shaping_diag] success_cum_shaping=313.35 T=110 d_init=104.5 d_final=0.0
 Retrying in 1 seconds
[shaping_diag] success_cum_shaping=313.35 T=110 d_init=104.5 d_final=0.0
 Retrying in 1 seconds
[shaping_diag] success_cum_shaping=313.35 T=110 d_init=104.5 d_final=0.0
Warning: Vehicle 'other' performs emergency braking on lane 'left_in_0' with decel=9.00, wished=5.00, severity=1.00, time=6.50.
 Retrying in 1 seconds
[shaping_diag] success_cum_shaping=313.35 T=110 d_init=104.5 d_final=0.0
Warning: Vehicle 'other' performs emergency braking on lane ':center_8_0' with decel=9.00, wished=4.00, severity=1.00, time=7.00.
Warning: Vehicle 'other' performs emergency braking on lane ':center_8_0' with decel=9.00, wished=5.00, severity=1.00, time=7.00.
 Retrying in 1 seconds
 Retrying in 1 seconds
 Retrying in 1 seconds
 Retrying in 1 seconds
[shaping_diag] success_cum_shaping=313.35 T=110 d_init=104.5 d_final=0.0
 Retrying in 1 seconds
[shaping_diag] success_cum_shaping=313.35 T=110 d_init=104.5 d_final=0.0
 Retrying in 1 seconds
[shaping_diag] success_cum_shaping=313.35 T=110 d_init=104.5 d_final=0.0
Warning: Vehicle 'other' performs emergency braking on lane 'left_in_0' with decel=9.00, wished=5.00, severity=1.00, time=6.50.
 Retrying in 1 seconds
[shaping_diag] success_cum_shaping=313.35 T=110 d_init=104.5 d_final=0.0
Warning: Vehicle 'ego'; junction collision with vehicle 'other', lane=':center_11_0', gap=-1.00, time=7.00 stage=move.
 Retrying in 1 seconds
 Retrying in 1 seconds
[shaping_diag] success_cum_shaping=313.35 T=110 d_init=104.5 d_final=0.0
Warning: Vehicle 'ego'; junction collision with vehicle 'other', lane=':center_11_0', gap=-1.00, time=7.00 stage=move.
 Retrying in 1 seconds
 Retrying in 1 seconds
[shaping_diag] success_cum_shaping=313.35 T=110 d_init=104.5 d_final=0.0
Warning: Vehicle 'other'; junction collision with vehicle 'ego', lane=':center_8_0', gap=-1.00, time=7.00 stage=move.
 Retrying in 1 seconds
 Retrying in 1 seconds
[shaping_diag] success_cum_shaping=313.35 T=110 d_init=104.5 d_final=0.0
 Retrying in 1 seconds
[shaping_diag] success_cum_shaping=313.35 T=110 d_init=104.5 d_final=0.0
 Retrying in 1 seconds
[shaping_diag] success_cum_shaping=313.35 T=110 d_init=104.5 d_final=0.0
 Retrying in 1 seconds
[shaping_diag] success_cum_shaping=313.35 T=110 d_init=104.5 d_final=0.0
 Retrying in 1 seconds
[shaping_diag] success_cum_shaping=313.35 T=110 d_init=104.5 d_final=0.0
 Retrying in 1 seconds
[shaping_diag] success_cum_shaping=313.35 T=110 d_init=104.5 d_final=0.0
 Retrying in 1 seconds
[shaping_diag] success_cum_shaping=313.35 T=110 d_init=104.5 d_final=0.0
 Retrying in 1 seconds
[shaping_diag] success_cum_shaping=313.35 T=110 d_init=104.5 d_final=0.0
 Retrying in 1 seconds
 Retrying in 1 seconds
[shaping_diag] success_cum_shaping=313.35 T=110 d_init=104.5 d_final=0.0
 Retrying in 1 seconds
[shaping_diag] success_cum_shaping=313.35 T=110 d_init=104.5 d_final=0.0
 Retrying in 1 seconds
[shaping_diag] success_cum_shaping=313.35 T=110 d_init=104.5 d_final=0.0
 Retrying in 1 seconds
[shaping_diag] success_cum_shaping=313.35 T=110 d_init=104.5 d_final=0.0
 Retrying in 1 seconds
[shaping_diag] success_cum_shaping=313.35 T=110 d_init=104.5 d_final=0.0
Warning: Vehicle 'other' performs emergency braking on lane 'left_in_0' with decel=9.00, wished=5.00, severity=1.00, time=6.50.
 Retrying in 1 seconds
 Retrying in 1 seconds
[shaping_diag] success_cum_shaping=313.35 T=110 d_init=104.5 d_final=0.0
 Retrying in 1 seconds
[shaping_diag] success_cum_shaping=313.35 T=110 d_init=104.5 d_final=0.0
 Retrying in 1 seconds
[shaping_diag] success_cum_shaping=313.35 T=110 d_init=104.5 d_final=0.0
 Retrying in 1 seconds
[shaping_diag] success_cum_shaping=313.35 T=110 d_init=104.5 d_final=0.0
 Retrying in 1 seconds
[shaping_diag] success_cum_shaping=313.35 T=110 d_init=104.5 d_final=0.0
 Retrying in 1 seconds
[shaping_diag] success_cum_shaping=313.35 T=110 d_init=104.5 d_final=0.0
Warning: Vehicle 'ego'; junction collision with vehicle 'other', lane=':center_11_0', gap=-1.00, time=6.90 stage=move.
 Retrying in 1 seconds
 Retrying in 1 seconds
[shaping_diag] success_cum_shaping=313.35 T=110 d_init=104.5 d_final=0.0
 Retrying in 1 seconds
[shaping_diag] success_cum_shaping=313.35 T=110 d_init=104.5 d_final=0.0
 Retrying in 1 seconds
[shaping_diag] success_cum_shaping=313.35 T=110 d_init=104.5 d_final=0.0
 Retrying in 1 seconds
[shaping_diag] success_cum_shaping=313.35 T=110 d_init=104.5 d_final=0.0
 Retrying in 1 seconds
[shaping_diag] success_cum_shaping=313.35 T=110 d_init=104.5 d_final=0.0
Warning: Vehicle 'ego'; junction collision with vehicle 'other', lane=':center_11_0', gap=-1.00, time=6.90 stage=move.
 Retrying in 1 seconds
 Retrying in 1 seconds
[shaping_diag] success_cum_shaping=313.35 T=110 d_init=104.5 d_final=0.0
 Retrying in 1 seconds
[shaping_diag] success_cum_shaping=313.35 T=110 d_init=104.5 d_final=0.0
 Retrying in 1 seconds
[shaping_diag] success_cum_shaping=313.35 T=110 d_init=104.5 d_final=0.0
Warning: Vehicle 'other'; junction collision with vehicle 'ego', lane=':center_8_0', gap=-1.00, time=7.10 stage=move.
Warning: Vehicle 'other' performs emergency braking on lane ':center_8_0' with decel=9.00, wished=4.00, severity=1.00, time=7.00.
Warning: Vehicle 'other'; junction collision with vehicle 'ego', lane=':center_8_0', gap=-1.00, time=7.40 stage=move.
Warning: Vehicle 'other'; junction collision with vehicle 'ego', lane=':center_8_0', gap=-1.00, time=7.00 stage=move.
Warning: Vehicle 'other'; junction collision with vehicle 'ego', lane=':center_8_0', gap=-1.00, time=7.00 stage=move.
 Retrying in 1 seconds
 Retrying in 1 seconds
 Retrying in 1 seconds
 Retrying in 1 seconds
 Retrying in 1 seconds
 Retrying in 1 seconds
[shaping_diag] success_cum_shaping=313.35 T=110 d_init=104.5 d_final=0.0
 Retrying in 1 seconds
[shaping_diag] success_cum_shaping=313.35 T=110 d_init=104.5 d_final=0.0
 Retrying in 1 seconds
[shaping_diag] success_cum_shaping=313.35 T=110 d_init=104.5 d_final=0.0
 Retrying in 1 seconds
[shaping_diag] success_cum_shaping=313.35 T=110 d_init=104.5 d_final=0.0
 Retrying in 1 seconds
[shaping_diag] success_cum_shaping=313.35 T=110 d_init=104.5 d_final=0.0
 Retrying in 1 seconds
 Retrying in 1 seconds
[shaping_diag] success_cum_shaping=313.35 T=110 d_init=104.5 d_final=0.0
 Retrying in 1 seconds
[shaping_diag] success_cum_shaping=313.35 T=110 d_init=104.5 d_final=0.0
 Retrying in 1 seconds
 Retrying in 1 seconds
[shaping_diag] success_cum_shaping=313.35 T=110 d_init=104.5 d_final=0.0
 Retrying in 1 seconds
[shaping_diag] success_cum_shaping=313.35 T=110 d_init=104.5 d_final=0.0
 Retrying in 1 seconds
[shaping_diag] success_cum_shaping=313.35 T=110 d_init=104.5 d_final=0.0
 Retrying in 1 seconds
[shaping_diag] success_cum_shaping=313.35 T=110 d_init=104.5 d_final=0.0
 Retrying in 1 seconds
[shaping_diag] success_cum_shaping=313.35 T=110 d_init=104.5 d_final=0.0
Warning: Vehicle 'other' performs emergency braking on lane 'left_in_0' with decel=9.00, wished=5.00, severity=1.00, time=6.50.
 Retrying in 1 seconds
[shaping_diag] success_cum_shaping=313.35 T=110 d_init=104.5 d_final=0.0
 Retrying in 1 seconds
[shaping_diag] success_cum_shaping=313.35 T=111 d_init=104.5 d_final=0.0
 Retrying in 1 seconds
[shaping_diag] success_cum_shaping=313.35 T=110 d_init=104.5 d_final=0.0
Warning: Vehicle 'other' performs emergency braking on lane 'left_in_0' with decel=9.00, wished=7.00, severity=1.00, time=6.50.
 Retrying in 1 seconds
[shaping_diag] success_cum_shaping=313.35 T=110 d_init=104.5 d_final=0.0
Warning: Vehicle 'other' performs emergency braking on lane 'left_in_0' with decel=9.00, wished=5.00, severity=1.00, time=6.50.
 Retrying in 1 seconds
[shaping_diag] success_cum_shaping=313.35 T=110 d_init=104.5 d_final=0.0
 Retrying in 1 seconds
[shaping_diag] success_cum_shaping=313.35 T=110 d_init=104.5 d_final=0.0
Warning: Vehicle 'ego'; junction collision with vehicle 'other', lane=':center_11_0', gap=-1.00, time=6.90 stage=move.
 Retrying in 1 seconds
 Retrying in 1 seconds
[shaping_diag] success_cum_shaping=313.35 T=110 d_init=104.5 d_final=0.0
 Retrying in 1 seconds
 Retrying in 1 seconds
[shaping_diag] success_cum_shaping=313.35 T=110 d_init=104.5 d_final=0.0
 Retrying in 1 seconds
[shaping_diag] success_cum_shaping=313.35 T=110 d_init=104.5 d_final=0.0
Warning: Vehicle 'other' performs emergency braking on lane 'left_in_0' with decel=9.00, wished=5.00, severity=1.00, time=6.50.
 Retrying in 1 seconds
[shaping_diag] success_cum_shaping=313.35 T=110 d_init=104.5 d_final=0.0
 Retrying in 1 seconds
[shaping_diag] success_cum_shaping=313.35 T=110 d_init=104.5 d_final=0.0
 Retrying in 1 seconds
[shaping_diag] success_cum_shaping=313.35 T=110 d_init=104.5 d_final=0.0
 Retrying in 1 seconds
[shaping_diag] success_cum_shaping=313.35 T=120 d_init=104.5 d_final=0.0
 Retrying in 1 seconds
[shaping_diag] success_cum_shaping=313.35 T=110 d_init=104.5 d_final=0.0
 Retrying in 1 seconds
[shaping_diag] success_cum_shaping=313.35 T=110 d_init=104.5 d_final=0.0
 Retrying in 1 seconds
[shaping_diag] success_cum_shaping=313.35 T=110 d_init=104.5 d_final=0.0
 Retrying in 1 seconds
[shaping_diag] success_cum_shaping=313.35 T=110 d_init=104.5 d_final=0.0
Warning: Vehicle 'other' performs emergency braking on lane 'left_in_0' with decel=9.00, wished=7.00, severity=1.00, time=6.50.
 Retrying in 1 seconds
[shaping_diag] success_cum_shaping=313.35 T=110 d_init=104.5 d_final=0.0
Warning: Vehicle 'other' performs emergency braking on lane ':center_8_0' with decel=9.00, wished=4.00, severity=1.00, time=7.00.
 Retrying in 1 seconds
[shaping_diag] success_cum_shaping=313.35 T=111 d_init=104.5 d_final=0.0
 Retrying in 1 seconds
[shaping_diag] success_cum_shaping=313.35 T=110 d_init=104.5 d_final=0.0
 Retrying in 1 seconds
[shaping_diag] success_cum_shaping=313.35 T=110 d_init=104.5 d_final=0.0
 Retrying in 1 seconds
[shaping_diag] success_cum_shaping=313.35 T=110 d_init=104.5 d_final=0.0
Warning: Vehicle 'other' performs emergency braking on lane 'left_in_0' with decel=9.00, wished=7.00, severity=1.00, time=6.50.
 Retrying in 1 seconds
[shaping_diag] success_cum_shaping=313.35 T=110 d_init=104.5 d_final=0.0
 Retrying in 1 seconds
[shaping_diag] success_cum_shaping=313.35 T=110 d_init=104.5 d_final=0.0
 Retrying in 1 seconds
[shaping_diag] success_cum_shaping=313.35 T=110 d_init=104.5 d_final=0.0
 Retrying in 1 seconds
[shaping_diag] success_cum_shaping=313.35 T=110 d_init=104.5 d_final=0.0
 Retrying in 1 seconds
[shaping_diag] success_cum_shaping=313.35 T=110 d_init=104.5 d_final=0.0
  return=355.33 coll=0.190 success=0.810 ttc=5.67 ent=0.08 brakes=0.8
Eval seed=4333 [stochastic]...
 Retrying in 1 seconds
[shaping_diag] success_cum_shaping=313.35 T=110 d_init=104.5 d_final=0.0
 Retrying in 1 seconds
[shaping_diag] success_cum_shaping=313.35 T=112 d_init=104.5 d_final=0.0
 Retrying in 1 seconds
[shaping_diag] success_cum_shaping=313.35 T=116 d_init=104.5 d_final=0.0
 Retrying in 1 seconds
[shaping_diag] success_cum_shaping=313.35 T=111 d_init=104.5 d_final=0.0
 Retrying in 1 seconds
[shaping_diag] success_cum_shaping=313.35 T=111 d_init=104.5 d_final=0.0
 Retrying in 1 seconds
[shaping_diag] success_cum_shaping=313.35 T=114 d_init=104.5 d_final=0.0
 Retrying in 1 seconds
[shaping_diag] success_cum_shaping=313.35 T=116 d_init=104.5 d_final=0.0
 Retrying in 1 seconds
[shaping_diag] success_cum_shaping=313.35 T=112 d_init=104.5 d_final=0.0
Warning: Vehicle 'other' performs emergency braking on lane 'left_in_0' with decel=9.00, wished=5.00, severity=1.00, time=6.50.
 Retrying in 1 seconds
[shaping_diag] success_cum_shaping=313.35 T=111 d_init=104.5 d_final=0.0
Warning: Vehicle 'other' performs emergency braking on lane ':center_8_0' with decel=9.00, wished=5.00, severity=1.00, time=7.00.
 Retrying in 1 seconds
 Retrying in 1 seconds
 Retrying in 1 seconds
[shaping_diag] success_cum_shaping=313.35 T=119 d_init=104.5 d_final=0.0
 Retrying in 1 seconds
[shaping_diag] success_cum_shaping=313.35 T=114 d_init=104.5 d_final=0.0
 Retrying in 1 seconds
[shaping_diag] success_cum_shaping=313.35 T=110 d_init=104.5 d_final=0.0
 Retrying in 1 seconds
[shaping_diag] success_cum_shaping=313.35 T=114 d_init=104.5 d_final=0.0
 Retrying in 1 seconds
[shaping_diag] success_cum_shaping=313.35 T=124 d_init=104.5 d_final=0.0
 Retrying in 1 seconds
[shaping_diag] success_cum_shaping=313.35 T=115 d_init=104.5 d_final=0.0
 Retrying in 1 seconds
[shaping_diag] success_cum_shaping=313.35 T=118 d_init=104.5 d_final=0.0
 Retrying in 1 seconds
[shaping_diag] success_cum_shaping=313.35 T=116 d_init=104.5 d_final=0.0
 Retrying in 1 seconds
[shaping_diag] success_cum_shaping=313.35 T=112 d_init=104.5 d_final=0.0
 Retrying in 1 seconds
[shaping_diag] success_cum_shaping=313.35 T=117 d_init=104.5 d_final=0.0
 Retrying in 1 seconds
[shaping_diag] success_cum_shaping=313.35 T=119 d_init=104.5 d_final=0.0
 Retrying in 1 seconds
[shaping_diag] success_cum_shaping=313.35 T=111 d_init=104.5 d_final=0.0
 Retrying in 1 seconds
[shaping_diag] success_cum_shaping=313.35 T=111 d_init=104.5 d_final=0.0
Warning: Vehicle 'ego'; collision with vehicle 'other', lane='right_in_1', gap=-0.03, time=3.50 stage=move.
 Retrying in 1 seconds
 Retrying in 1 seconds
[shaping_diag] success_cum_shaping=313.35 T=112 d_init=104.5 d_final=0.0
 Retrying in 1 seconds
[shaping_diag] success_cum_shaping=313.35 T=111 d_init=104.5 d_final=0.0
 Retrying in 1 seconds
[shaping_diag] success_cum_shaping=313.35 T=113 d_init=104.5 d_final=0.0
 Retrying in 1 seconds
[shaping_diag] success_cum_shaping=313.35 T=116 d_init=104.5 d_final=0.0
 Retrying in 1 seconds
[shaping_diag] success_cum_shaping=313.35 T=118 d_init=104.5 d_final=0.0
 Retrying in 1 seconds
[shaping_diag] success_cum_shaping=313.35 T=110 d_init=104.5 d_final=0.0
 Retrying in 1 seconds
[shaping_diag] success_cum_shaping=313.35 T=113 d_init=104.5 d_final=0.0
 Retrying in 1 seconds
[shaping_diag] success_cum_shaping=313.35 T=112 d_init=104.5 d_final=0.0
 Retrying in 1 seconds
[shaping_diag] success_cum_shaping=313.35 T=114 d_init=104.5 d_final=0.0
 Retrying in 1 seconds
[shaping_diag] success_cum_shaping=313.35 T=113 d_init=104.5 d_final=0.0
 Retrying in 1 seconds
[shaping_diag] success_cum_shaping=313.35 T=118 d_init=104.5 d_final=0.0
Warning: Vehicle 'other' performs emergency braking on lane 'left_in_0' with decel=9.00, wished=5.00, severity=1.00, time=6.60.
 Retrying in 1 seconds
[shaping_diag] success_cum_shaping=313.35 T=111 d_init=104.5 d_final=0.0
 Retrying in 1 seconds
[shaping_diag] success_cum_shaping=313.35 T=111 d_init=104.5 d_final=0.0
Warning: Vehicle 'other2' performs emergency braking on lane 'left_in_0' with decel=9.00, wished=6.00, severity=1.00, time=7.30.
 Retrying in 1 seconds
[shaping_diag] success_cum_shaping=313.35 T=119 d_init=104.5 d_final=0.0
 Retrying in 1 seconds
[shaping_diag] success_cum_shaping=313.35 T=111 d_init=104.5 d_final=0.0
 Retrying in 1 seconds
[shaping_diag] success_cum_shaping=313.35 T=111 d_init=104.5 d_final=0.0
 Retrying in 1 seconds
[shaping_diag] success_cum_shaping=313.35 T=114 d_init=104.5 d_final=0.0
Warning: Vehicle 'ego'; junction collision with vehicle 'other', lane=':center_11_0', gap=-1.00, time=7.20 stage=move.
 Retrying in 1 seconds
 Retrying in 1 seconds
[shaping_diag] success_cum_shaping=313.35 T=120 d_init=104.5 d_final=0.0
 Retrying in 1 seconds
[shaping_diag] success_cum_shaping=313.35 T=112 d_init=104.5 d_final=0.0
 Retrying in 1 seconds
[shaping_diag] success_cum_shaping=313.35 T=112 d_init=104.5 d_final=0.0
 Retrying in 1 seconds
[shaping_diag] success_cum_shaping=313.35 T=112 d_init=104.5 d_final=0.0
 Retrying in 1 seconds
[shaping_diag] success_cum_shaping=313.35 T=111 d_init=104.5 d_final=0.0
 Retrying in 1 seconds
[shaping_diag] success_cum_shaping=313.35 T=112 d_init=104.5 d_final=0.0
 Retrying in 1 seconds
[shaping_diag] success_cum_shaping=313.35 T=113 d_init=104.5 d_final=0.0
 Retrying in 1 seconds
[shaping_diag] success_cum_shaping=313.35 T=114 d_init=104.5 d_final=0.0
 Retrying in 1 seconds
[shaping_diag] success_cum_shaping=313.35 T=118 d_init=104.5 d_final=0.0
 Retrying in 1 seconds
[shaping_diag] success_cum_shaping=313.35 T=119 d_init=104.5 d_final=0.0
 Retrying in 1 seconds
[shaping_diag] success_cum_shaping=313.35 T=127 d_init=104.5 d_final=0.0
 Retrying in 1 seconds
 Retrying in 1 seconds
[shaping_diag] success_cum_shaping=313.35 T=118 d_init=104.5 d_final=0.0
 Retrying in 1 seconds
[shaping_diag] success_cum_shaping=313.35 T=116 d_init=104.5 d_final=0.0
 Retrying in 1 seconds
[shaping_diag] success_cum_shaping=313.35 T=110 d_init=104.5 d_final=0.0
 Retrying in 1 seconds
[shaping_diag] success_cum_shaping=313.35 T=112 d_init=104.5 d_final=0.0
 Retrying in 1 seconds
[shaping_diag] success_cum_shaping=313.35 T=114 d_init=104.5 d_final=0.0
 Retrying in 1 seconds
[shaping_diag] success_cum_shaping=313.35 T=113 d_init=104.5 d_final=0.0
 Retrying in 1 seconds
[shaping_diag] success_cum_shaping=313.35 T=112 d_init=104.5 d_final=0.0
 Retrying in 1 seconds
 Retrying in 1 seconds
[shaping_diag] success_cum_shaping=313.35 T=111 d_init=104.5 d_final=0.0
 Retrying in 1 seconds
[shaping_diag] success_cum_shaping=313.35 T=113 d_init=104.5 d_final=0.0
Warning: Vehicle 'ego'; junction collision with vehicle 'other', lane=':center_11_0', gap=-1.00, time=7.40 stage=move.
 Retrying in 1 seconds
 Retrying in 1 seconds
[shaping_diag] success_cum_shaping=313.35 T=115 d_init=104.5 d_final=0.0
 Retrying in 1 seconds
[shaping_diag] success_cum_shaping=313.35 T=116 d_init=104.5 d_final=0.0
 Retrying in 1 seconds
[shaping_diag] success_cum_shaping=313.35 T=121 d_init=104.5 d_final=0.0
 Retrying in 1 seconds
[shaping_diag] success_cum_shaping=313.35 T=111 d_init=104.5 d_final=0.0
 Retrying in 1 seconds
[shaping_diag] success_cum_shaping=313.35 T=110 d_init=104.5 d_final=0.0
Warning: Vehicle 'other'; junction collision with vehicle 'ego', lane=':center_8_0', gap=-1.00, time=7.30 stage=move.
 Retrying in 1 seconds
 Retrying in 1 seconds
[shaping_diag] success_cum_shaping=313.35 T=116 d_init=104.5 d_final=0.0
 Retrying in 1 seconds
[shaping_diag] success_cum_shaping=313.35 T=113 d_init=104.5 d_final=0.0
 Retrying in 1 seconds
[shaping_diag] success_cum_shaping=313.35 T=142 d_init=104.5 d_final=0.0
 Retrying in 1 seconds
 Retrying in 1 seconds
[shaping_diag] success_cum_shaping=313.35 T=119 d_init=104.5 d_final=0.0
 Retrying in 1 seconds
[shaping_diag] success_cum_shaping=313.35 T=113 d_init=104.5 d_final=0.0
Warning: Vehicle 'other' performs emergency braking on lane ':center_8_0' with decel=9.00, wished=3.00, severity=1.00, time=7.10.
 Retrying in 1 seconds
[shaping_diag] success_cum_shaping=313.35 T=111 d_init=104.5 d_final=0.0
 Retrying in 1 seconds
[shaping_diag] success_cum_shaping=313.35 T=118 d_init=104.5 d_final=0.0
 Retrying in 1 seconds
[shaping_diag] success_cum_shaping=313.35 T=116 d_init=104.5 d_final=0.0
 Retrying in 1 seconds
[shaping_diag] success_cum_shaping=313.35 T=116 d_init=104.5 d_final=0.0
 Retrying in 1 seconds
 Retrying in 1 seconds
[shaping_diag] success_cum_shaping=313.35 T=114 d_init=104.5 d_final=0.0
 Retrying in 1 seconds
[shaping_diag] success_cum_shaping=313.35 T=112 d_init=104.5 d_final=0.0
 Retrying in 1 seconds
[shaping_diag] success_cum_shaping=313.35 T=122 d_init=104.5 d_final=0.0
 Retrying in 1 seconds
[shaping_diag] success_cum_shaping=313.35 T=116 d_init=104.5 d_final=0.0
 Retrying in 1 seconds
[shaping_diag] success_cum_shaping=313.35 T=112 d_init=104.5 d_final=0.0
 Retrying in 1 seconds
[shaping_diag] success_cum_shaping=313.35 T=111 d_init=104.5 d_final=0.0
 Retrying in 1 seconds
[shaping_diag] success_cum_shaping=313.35 T=122 d_init=104.5 d_final=0.0
Warning: Vehicle 'other' performs emergency braking on lane 'left_in_0' with decel=9.00, wished=7.00, severity=1.00, time=6.60.
 Retrying in 1 seconds
[shaping_diag] success_cum_shaping=313.35 T=112 d_init=104.5 d_final=0.0
 Retrying in 1 seconds
 Retrying in 1 seconds
[shaping_diag] success_cum_shaping=313.35 T=113 d_init=104.5 d_final=0.0
 Retrying in 1 seconds
[shaping_diag] success_cum_shaping=313.35 T=113 d_init=104.5 d_final=0.0
 Retrying in 1 seconds
[shaping_diag] success_cum_shaping=313.35 T=110 d_init=104.5 d_final=0.0
 Retrying in 1 seconds
[shaping_diag] success_cum_shaping=313.35 T=133 d_init=104.5 d_final=0.0
 Retrying in 1 seconds
[shaping_diag] success_cum_shaping=313.35 T=112 d_init=104.5 d_final=0.0
 Retrying in 1 seconds
[shaping_diag] success_cum_shaping=313.35 T=116 d_init=104.5 d_final=0.0
 Retrying in 1 seconds
[shaping_diag] success_cum_shaping=313.35 T=113 d_init=104.5 d_final=0.0
 Retrying in 1 seconds
[shaping_diag] success_cum_shaping=313.35 T=112 d_init=104.5 d_final=0.0
  return=370.04 coll=0.110 success=0.890 ttc=5.76 ent=0.51 brakes=0.9
Eval seed=5333 [deterministic]...
 Retrying in 1 seconds
[shaping_diag] success_cum_shaping=313.35 T=110 d_init=104.5 d_final=0.0
 Retrying in 1 seconds
[shaping_diag] success_cum_shaping=313.35 T=110 d_init=104.5 d_final=0.0
 Retrying in 1 seconds
[shaping_diag] success_cum_shaping=313.35 T=110 d_init=104.5 d_final=0.0
 Retrying in 1 seconds
 Retrying in 1 seconds
[shaping_diag] success_cum_shaping=313.35 T=110 d_init=104.5 d_final=0.0
 Retrying in 1 seconds
[shaping_diag] success_cum_shaping=313.35 T=110 d_init=104.5 d_final=0.0
Warning: Vehicle 'other' performs emergency braking on lane 'left_in_0' with decel=9.00, wished=5.00, severity=1.00, time=6.50.
 Retrying in 1 seconds
[shaping_diag] success_cum_shaping=313.35 T=110 d_init=104.5 d_final=0.0
 Retrying in 1 seconds
[shaping_diag] success_cum_shaping=313.35 T=110 d_init=104.5 d_final=0.0
Warning: Vehicle 'other' performs emergency braking on lane 'left_in_0' with decel=9.00, wished=5.00, severity=1.00, time=6.50.
 Retrying in 1 seconds
[shaping_diag] success_cum_shaping=313.35 T=110 d_init=104.5 d_final=0.0
 Retrying in 1 seconds
[shaping_diag] success_cum_shaping=313.35 T=110 d_init=104.5 d_final=0.0
 Retrying in 1 seconds
[shaping_diag] success_cum_shaping=313.35 T=110 d_init=104.5 d_final=0.0
Warning: Vehicle 'ego'; junction collision with vehicle 'other', lane=':center_11_0', gap=-1.00, time=6.90 stage=move.
 Retrying in 1 seconds
 Retrying in 1 seconds
[shaping_diag] success_cum_shaping=313.35 T=110 d_init=104.5 d_final=0.0
 Retrying in 1 seconds
 Retrying in 1 seconds
[shaping_diag] success_cum_shaping=313.35 T=110 d_init=104.5 d_final=0.0
 Retrying in 1 seconds
[shaping_diag] success_cum_shaping=313.35 T=110 d_init=104.5 d_final=0.0
 Retrying in 1 seconds
 Retrying in 1 seconds
[shaping_diag] success_cum_shaping=313.35 T=110 d_init=104.5 d_final=0.0
 Retrying in 1 seconds
[shaping_diag] success_cum_shaping=313.35 T=110 d_init=104.5 d_final=0.0
 Retrying in 1 seconds
[shaping_diag] success_cum_shaping=313.35 T=110 d_init=104.5 d_final=0.0
Warning: Vehicle 'other' performs emergency braking on lane ':center_8_0' with decel=9.00, wished=3.00, severity=1.00, time=6.50.
 Retrying in 1 seconds
[shaping_diag] success_cum_shaping=313.35 T=110 d_init=104.5 d_final=0.0
 Retrying in 1 seconds
[shaping_diag] success_cum_shaping=313.35 T=110 d_init=104.5 d_final=0.0
 Retrying in 1 seconds
[shaping_diag] success_cum_shaping=313.35 T=110 d_init=104.5 d_final=0.0
 Retrying in 1 seconds
[shaping_diag] success_cum_shaping=313.35 T=110 d_init=104.5 d_final=0.0
 Retrying in 1 seconds
[shaping_diag] success_cum_shaping=313.35 T=110 d_init=104.5 d_final=0.0
 Retrying in 1 seconds
 Retrying in 1 seconds
[shaping_diag] success_cum_shaping=313.35 T=110 d_init=104.5 d_final=0.0
 Retrying in 1 seconds
[shaping_diag] success_cum_shaping=313.35 T=110 d_init=104.5 d_final=0.0
 Retrying in 1 seconds
[shaping_diag] success_cum_shaping=313.35 T=110 d_init=104.5 d_final=0.0
Warning: Vehicle 'other' performs emergency braking on lane 'left_in_0' with decel=9.00, wished=7.00, severity=1.00, time=6.50.
 Retrying in 1 seconds
[shaping_diag] success_cum_shaping=313.35 T=110 d_init=104.5 d_final=0.0
 Retrying in 1 seconds
[shaping_diag] success_cum_shaping=313.35 T=110 d_init=104.5 d_final=0.0
 Retrying in 1 seconds
[shaping_diag] success_cum_shaping=313.35 T=110 d_init=104.5 d_final=0.0
 Retrying in 1 seconds
[shaping_diag] success_cum_shaping=313.35 T=114 d_init=104.5 d_final=0.0
 Retrying in 1 seconds
[shaping_diag] success_cum_shaping=313.35 T=111 d_init=104.5 d_final=0.0
Warning: Vehicle 'other' performs emergency braking on lane ':center_8_0' with decel=9.00, wished=3.00, severity=1.00, time=7.00.
 Retrying in 1 seconds
 Retrying in 1 seconds
[shaping_diag] success_cum_shaping=313.35 T=110 d_init=104.5 d_final=0.0
 Retrying in 1 seconds
[shaping_diag] success_cum_shaping=313.35 T=110 d_init=104.5 d_final=0.0
 Retrying in 1 seconds
[shaping_diag] success_cum_shaping=313.35 T=110 d_init=104.5 d_final=0.0
Warning: Vehicle 'other' performs emergency braking on lane 'left_in_0' with decel=9.00, wished=7.00, severity=1.00, time=6.50.
 Retrying in 1 seconds
[shaping_diag] success_cum_shaping=313.35 T=110 d_init=104.5 d_final=0.0
 Retrying in 1 seconds
[shaping_diag] success_cum_shaping=313.35 T=110 d_init=104.5 d_final=0.0
 Retrying in 1 seconds
[shaping_diag] success_cum_shaping=313.35 T=110 d_init=104.5 d_final=0.0
 Retrying in 1 seconds
[shaping_diag] success_cum_shaping=313.35 T=110 d_init=104.5 d_final=0.0
 Retrying in 1 seconds
[shaping_diag] success_cum_shaping=313.35 T=110 d_init=104.5 d_final=0.0
Warning: Vehicle 'ego'; junction collision with vehicle 'other', lane=':center_11_0', gap=-1.00, time=7.00 stage=move.
 Retrying in 1 seconds
 Retrying in 1 seconds
 Retrying in 1 seconds
[shaping_diag] success_cum_shaping=313.35 T=115 d_init=104.5 d_final=0.0
 Retrying in 1 seconds
[shaping_diag] success_cum_shaping=313.35 T=110 d_init=104.5 d_final=0.0
 Retrying in 1 seconds
[shaping_diag] success_cum_shaping=313.35 T=110 d_init=104.5 d_final=0.0
 Retrying in 1 seconds
[shaping_diag] success_cum_shaping=313.35 T=110 d_init=104.5 d_final=0.0
 Retrying in 1 seconds
[shaping_diag] success_cum_shaping=313.35 T=110 d_init=104.5 d_final=0.0
 Retrying in 1 seconds
[shaping_diag] success_cum_shaping=313.35 T=110 d_init=104.5 d_final=0.0
Warning: Vehicle 'other' performs emergency braking on lane ':center_8_0' with decel=9.00, wished=4.00, severity=1.00, time=7.00.
 Retrying in 1 seconds
[shaping_diag] success_cum_shaping=313.35 T=110 d_init=104.5 d_final=0.0
 Retrying in 1 seconds
[shaping_diag] success_cum_shaping=313.35 T=110 d_init=104.5 d_final=0.0
Warning: Vehicle 'ego'; collision with vehicle 'other', lane='right_in_1', gap=-0.13, time=3.60 stage=move.
 Retrying in 1 seconds
 Retrying in 1 seconds
[shaping_diag] success_cum_shaping=313.35 T=110 d_init=104.5 d_final=0.0
 Retrying in 1 seconds
[shaping_diag] success_cum_shaping=313.35 T=110 d_init=104.5 d_final=0.0
 Retrying in 1 seconds
[shaping_diag] success_cum_shaping=313.35 T=110 d_init=104.5 d_final=0.0
 Retrying in 1 seconds
[shaping_diag] success_cum_shaping=313.35 T=110 d_init=104.5 d_final=0.0
Warning: Vehicle 'other'; junction collision with vehicle 'ego', lane=':center_8_0', gap=-1.00, time=7.10 stage=move.
 Retrying in 1 seconds
 Retrying in 1 seconds
[shaping_diag] success_cum_shaping=313.35 T=110 d_init=104.5 d_final=0.0
 Retrying in 1 seconds
 Retrying in 1 seconds
[shaping_diag] success_cum_shaping=313.35 T=110 d_init=104.5 d_final=0.0
 Retrying in 1 seconds
[shaping_diag] success_cum_shaping=313.35 T=110 d_init=104.5 d_final=0.0
 Retrying in 1 seconds
 Retrying in 1 seconds
[shaping_diag] success_cum_shaping=313.35 T=110 d_init=104.5 d_final=0.0
 Retrying in 1 seconds
[shaping_diag] success_cum_shaping=313.35 T=110 d_init=104.5 d_final=0.0
 Retrying in 1 seconds
[shaping_diag] success_cum_shaping=313.35 T=110 d_init=104.5 d_final=0.0
 Retrying in 1 seconds
[shaping_diag] success_cum_shaping=313.35 T=110 d_init=104.5 d_final=0.0
 Retrying in 1 seconds
[shaping_diag] success_cum_shaping=313.35 T=110 d_init=104.5 d_final=0.0
 Retrying in 1 seconds
[shaping_diag] success_cum_shaping=313.35 T=110 d_init=104.5 d_final=0.0
 Retrying in 1 seconds
[shaping_diag] success_cum_shaping=313.35 T=110 d_init=104.5 d_final=0.0
 Retrying in 1 seconds
[shaping_diag] success_cum_shaping=313.35 T=110 d_init=104.5 d_final=0.0
 Retrying in 1 seconds
[shaping_diag] success_cum_shaping=313.35 T=110 d_init=104.5 d_final=0.0
 Retrying in 1 seconds
[shaping_diag] success_cum_shaping=313.35 T=110 d_init=104.5 d_final=0.0
 Retrying in 1 seconds
 Retrying in 1 seconds
[shaping_diag] success_cum_shaping=313.35 T=111 d_init=104.5 d_final=0.0
 Retrying in 1 seconds
[shaping_diag] success_cum_shaping=313.35 T=110 d_init=104.5 d_final=0.0
 Retrying in 1 seconds
[shaping_diag] success_cum_shaping=313.35 T=116 d_init=104.5 d_final=0.0
 Retrying in 1 seconds
[shaping_diag] success_cum_shaping=313.35 T=110 d_init=104.5 d_final=0.0
 Retrying in 1 seconds
[shaping_diag] success_cum_shaping=313.35 T=110 d_init=104.5 d_final=0.0
 Retrying in 1 seconds
[shaping_diag] success_cum_shaping=313.35 T=110 d_init=104.5 d_final=0.0
 Retrying in 1 seconds
[shaping_diag] success_cum_shaping=313.35 T=110 d_init=104.5 d_final=0.0
 Retrying in 1 seconds
[shaping_diag] success_cum_shaping=313.35 T=110 d_init=104.5 d_final=0.0
 Retrying in 1 seconds
[shaping_diag] success_cum_shaping=313.35 T=110 d_init=104.5 d_final=0.0
 Retrying in 1 seconds
[shaping_diag] success_cum_shaping=313.35 T=110 d_init=104.5 d_final=0.0
 Retrying in 1 seconds
[shaping_diag] success_cum_shaping=313.35 T=110 d_init=104.5 d_final=0.0
Warning: Vehicle 'other' performs emergency braking on lane 'left_in_0' with decel=9.00, wished=7.00, severity=1.00, time=6.50.
 Retrying in 1 seconds
[shaping_diag] success_cum_shaping=313.35 T=110 d_init=104.5 d_final=0.0
 Retrying in 1 seconds
[shaping_diag] success_cum_shaping=313.35 T=110 d_init=104.5 d_final=0.0
 Retrying in 1 seconds
[shaping_diag] success_cum_shaping=313.35 T=110 d_init=104.5 d_final=0.0
 Retrying in 1 seconds
[shaping_diag] success_cum_shaping=313.35 T=110 d_init=104.5 d_final=0.0
 Retrying in 1 seconds
[shaping_diag] success_cum_shaping=313.35 T=110 d_init=104.5 d_final=0.0
Warning: Vehicle 'other' performs emergency braking on lane ':center_8_0' with decel=9.00, wished=3.00, severity=1.00, time=7.00.
 Retrying in 1 seconds
[shaping_diag] success_cum_shaping=313.35 T=111 d_init=104.5 d_final=0.0
 Retrying in 1 seconds
[shaping_diag] success_cum_shaping=313.35 T=110 d_init=104.5 d_final=0.0
Warning: Vehicle 'other'; junction collision with vehicle 'ego', lane=':center_8_0', gap=-1.00, time=7.00 stage=move.
 Retrying in 1 seconds
 Retrying in 1 seconds
[shaping_diag] success_cum_shaping=313.35 T=110 d_init=104.5 d_final=0.0
 Retrying in 1 seconds
 Retrying in 1 seconds
[shaping_diag] success_cum_shaping=313.35 T=110 d_init=104.5 d_final=0.0
 Retrying in 1 seconds
 Retrying in 1 seconds
[shaping_diag] success_cum_shaping=313.35 T=110 d_init=104.5 d_final=0.0
 Retrying in 1 seconds
[shaping_diag] success_cum_shaping=313.35 T=110 d_init=104.5 d_final=0.0
  return=367.88 coll=0.160 success=0.840 ttc=5.90 ent=0.08 brakes=0.8
Eval seed=5333 [stochastic]...
 Retrying in 1 seconds
[shaping_diag] success_cum_shaping=313.35 T=112 d_init=104.5 d_final=0.0
 Retrying in 1 seconds
[shaping_diag] success_cum_shaping=313.35 T=112 d_init=104.5 d_final=0.0
 Retrying in 1 seconds
[shaping_diag] success_cum_shaping=313.35 T=113 d_init=104.5 d_final=0.0
 Retrying in 1 seconds
[shaping_diag] success_cum_shaping=313.35 T=115 d_init=104.5 d_final=0.0
 Retrying in 1 seconds
[shaping_diag] success_cum_shaping=313.35 T=110 d_init=104.5 d_final=0.0
 Retrying in 1 seconds
[shaping_diag] success_cum_shaping=313.35 T=111 d_init=104.5 d_final=0.0
Warning: Vehicle 'other' performs emergency braking on lane 'left_in_0' with decel=9.00, wished=5.00, severity=1.00, time=6.60.
 Retrying in 1 seconds
[shaping_diag] success_cum_shaping=313.35 T=112 d_init=104.5 d_final=0.0
 Retrying in 1 seconds
[shaping_diag] success_cum_shaping=313.35 T=110 d_init=104.5 d_final=0.0
 Retrying in 1 seconds
[shaping_diag] success_cum_shaping=313.35 T=130 d_init=104.5 d_final=0.0
 Retrying in 1 seconds
[shaping_diag] success_cum_shaping=313.35 T=113 d_init=104.5 d_final=0.0
 Retrying in 1 seconds
[shaping_diag] success_cum_shaping=313.35 T=116 d_init=104.5 d_final=0.0
 Retrying in 1 seconds
[shaping_diag] success_cum_shaping=313.35 T=115 d_init=104.5 d_final=0.0
 Retrying in 1 seconds
[shaping_diag] success_cum_shaping=313.35 T=113 d_init=104.5 d_final=0.0
 Retrying in 1 seconds
[shaping_diag] success_cum_shaping=313.35 T=121 d_init=104.5 d_final=0.0
 Retrying in 1 seconds
[shaping_diag] success_cum_shaping=313.35 T=113 d_init=104.5 d_final=0.0
 Retrying in 1 seconds
[shaping_diag] success_cum_shaping=313.35 T=110 d_init=104.5 d_final=0.0
 Retrying in 1 seconds
[shaping_diag] success_cum_shaping=313.35 T=116 d_init=104.5 d_final=0.0
 Retrying in 1 seconds
[shaping_diag] success_cum_shaping=313.35 T=113 d_init=104.5 d_final=0.0
 Retrying in 1 seconds
[shaping_diag] success_cum_shaping=313.35 T=115 d_init=104.5 d_final=0.0
 Retrying in 1 seconds
[shaping_diag] success_cum_shaping=313.35 T=112 d_init=104.5 d_final=0.0
 Retrying in 1 seconds
 Retrying in 1 seconds
[shaping_diag] success_cum_shaping=313.35 T=114 d_init=104.5 d_final=0.0
 Retrying in 1 seconds
[shaping_diag] success_cum_shaping=313.35 T=112 d_init=104.5 d_final=0.0
 Retrying in 1 seconds
[shaping_diag] success_cum_shaping=313.35 T=113 d_init=104.5 d_final=0.0
 Retrying in 1 seconds
[shaping_diag] success_cum_shaping=313.35 T=111 d_init=104.5 d_final=0.0
Warning: Vehicle 'ego'; junction collision with vehicle 'other', lane=':center_11_0', gap=-1.00, time=7.00 stage=move.
 Retrying in 1 seconds
 Retrying in 1 seconds
[shaping_diag] success_cum_shaping=313.35 T=111 d_init=104.5 d_final=0.0
 Retrying in 1 seconds
[shaping_diag] success_cum_shaping=313.35 T=113 d_init=104.5 d_final=0.0
 Retrying in 1 seconds
[shaping_diag] success_cum_shaping=313.35 T=112 d_init=104.5 d_final=0.0
 Retrying in 1 seconds
[shaping_diag] success_cum_shaping=313.35 T=126 d_init=104.5 d_final=0.0
 Retrying in 1 seconds
[shaping_diag] success_cum_shaping=313.35 T=123 d_init=104.5 d_final=0.0
 Retrying in 1 seconds
[shaping_diag] success_cum_shaping=313.35 T=121 d_init=104.5 d_final=0.0
 Retrying in 1 seconds
[shaping_diag] success_cum_shaping=313.35 T=113 d_init=104.5 d_final=0.0
 Retrying in 1 seconds
[shaping_diag] success_cum_shaping=313.35 T=116 d_init=104.5 d_final=0.0
 Retrying in 1 seconds
 Retrying in 1 seconds
[shaping_diag] success_cum_shaping=313.35 T=111 d_init=104.5 d_final=0.0
 Retrying in 1 seconds
[shaping_diag] success_cum_shaping=313.35 T=112 d_init=104.5 d_final=0.0
 Retrying in 1 seconds
[shaping_diag] success_cum_shaping=313.35 T=116 d_init=104.5 d_final=0.0
 Retrying in 1 seconds
[shaping_diag] success_cum_shaping=313.35 T=125 d_init=104.5 d_final=0.0
 Retrying in 1 seconds
[shaping_diag] success_cum_shaping=313.35 T=114 d_init=104.5 d_final=0.0
 Retrying in 1 seconds
[shaping_diag] success_cum_shaping=313.35 T=111 d_init=104.5 d_final=0.0
 Retrying in 1 seconds
[shaping_diag] success_cum_shaping=313.35 T=114 d_init=104.5 d_final=0.0
 Retrying in 1 seconds
[shaping_diag] success_cum_shaping=313.35 T=110 d_init=104.5 d_final=0.0
Warning: Vehicle 'ego'; junction collision with vehicle 'other', lane=':center_11_0', gap=-1.00, time=7.20 stage=move.
 Retrying in 1 seconds
 Retrying in 1 seconds
[shaping_diag] success_cum_shaping=313.35 T=114 d_init=104.5 d_final=0.0
 Retrying in 1 seconds
[shaping_diag] success_cum_shaping=313.35 T=115 d_init=104.5 d_final=0.0
 Retrying in 1 seconds
[shaping_diag] success_cum_shaping=313.35 T=112 d_init=104.5 d_final=0.0
 Retrying in 1 seconds
[shaping_diag] success_cum_shaping=313.35 T=117 d_init=104.5 d_final=0.0
 Retrying in 1 seconds
[shaping_diag] success_cum_shaping=313.35 T=113 d_init=104.5 d_final=0.0
 Retrying in 1 seconds
[shaping_diag] success_cum_shaping=313.35 T=112 d_init=104.5 d_final=0.0
 Retrying in 1 seconds
[shaping_diag] success_cum_shaping=313.35 T=113 d_init=104.5 d_final=0.0
Warning: Vehicle 'other' performs emergency braking on lane ':center_8_0' with decel=9.00, wished=4.00, severity=1.00, time=7.10.
 Retrying in 1 seconds
 Retrying in 1 seconds
[shaping_diag] success_cum_shaping=313.35 T=111 d_init=104.5 d_final=0.0
Warning: Vehicle 'ego'; collision with vehicle 'other', lane='right_in_1', gap=-0.03, time=5.90 stage=move.
 Retrying in 1 seconds
 Retrying in 1 seconds
[shaping_diag] success_cum_shaping=313.35 T=112 d_init=104.5 d_final=0.0
Warning: Vehicle 'ego'; junction collision with vehicle 'other', lane=':center_2_0', gap=-1.97, time=6.90 stage=move.
 Retrying in 1 seconds
 Retrying in 1 seconds
[shaping_diag] success_cum_shaping=313.35 T=114 d_init=104.5 d_final=0.0
 Retrying in 1 seconds
[shaping_diag] success_cum_shaping=313.35 T=111 d_init=104.5 d_final=0.0
 Retrying in 1 seconds
[shaping_diag] success_cum_shaping=313.35 T=118 d_init=104.5 d_final=0.0
 Retrying in 1 seconds
[shaping_diag] success_cum_shaping=313.35 T=111 d_init=104.5 d_final=0.0
 Retrying in 1 seconds
[shaping_diag] success_cum_shaping=313.35 T=119 d_init=104.5 d_final=0.0
 Retrying in 1 seconds
[shaping_diag] success_cum_shaping=313.35 T=112 d_init=104.5 d_final=0.0
 Retrying in 1 seconds
[shaping_diag] success_cum_shaping=313.35 T=113 d_init=104.5 d_final=0.0
 Retrying in 1 seconds
 Retrying in 1 seconds
[shaping_diag] success_cum_shaping=313.35 T=112 d_init=104.5 d_final=0.0
 Retrying in 1 seconds
[shaping_diag] success_cum_shaping=313.35 T=115 d_init=104.5 d_final=0.0
 Retrying in 1 seconds
[shaping_diag] success_cum_shaping=313.35 T=116 d_init=104.5 d_final=0.0
 Retrying in 1 seconds
[shaping_diag] success_cum_shaping=313.35 T=112 d_init=104.5 d_final=0.0
 Retrying in 1 seconds
[shaping_diag] success_cum_shaping=313.35 T=110 d_init=104.5 d_final=0.0
 Retrying in 1 seconds
[shaping_diag] success_cum_shaping=313.35 T=113 d_init=104.5 d_final=0.0
 Retrying in 1 seconds
[shaping_diag] success_cum_shaping=313.35 T=112 d_init=104.5 d_final=0.0
 Retrying in 1 seconds
[shaping_diag] success_cum_shaping=313.35 T=112 d_init=104.5 d_final=0.0
 Retrying in 1 seconds
[shaping_diag] success_cum_shaping=313.35 T=111 d_init=104.5 d_final=0.0
 Retrying in 1 seconds
[shaping_diag] success_cum_shaping=313.35 T=110 d_init=104.5 d_final=0.0
 Retrying in 1 seconds
[shaping_diag] success_cum_shaping=313.35 T=124 d_init=104.5 d_final=0.0
 Retrying in 1 seconds
[shaping_diag] success_cum_shaping=313.35 T=114 d_init=104.5 d_final=0.0
 Retrying in 1 seconds
[shaping_diag] success_cum_shaping=313.35 T=117 d_init=104.5 d_final=0.0
 Retrying in 1 seconds
[shaping_diag] success_cum_shaping=313.35 T=118 d_init=104.5 d_final=0.0
 Retrying in 1 seconds
[shaping_diag] success_cum_shaping=313.35 T=113 d_init=104.5 d_final=0.0
 Retrying in 1 seconds
[shaping_diag] success_cum_shaping=313.35 T=117 d_init=104.5 d_final=0.0
 Retrying in 1 seconds
[shaping_diag] success_cum_shaping=313.35 T=112 d_init=104.5 d_final=0.0
 Retrying in 1 seconds
[shaping_diag] success_cum_shaping=313.35 T=110 d_init=104.5 d_final=0.0
 Retrying in 1 seconds
[shaping_diag] success_cum_shaping=313.35 T=111 d_init=104.5 d_final=0.0
 Retrying in 1 seconds
[shaping_diag] success_cum_shaping=313.35 T=112 d_init=104.5 d_final=0.0
 Retrying in 1 seconds
[shaping_diag] success_cum_shaping=313.35 T=111 d_init=104.5 d_final=0.0
 Retrying in 1 seconds
[shaping_diag] success_cum_shaping=313.35 T=113 d_init=104.5 d_final=0.0
 Retrying in 1 seconds
[shaping_diag] success_cum_shaping=313.35 T=127 d_init=104.5 d_final=0.0
 Retrying in 1 seconds
[shaping_diag] success_cum_shaping=313.35 T=115 d_init=104.5 d_final=0.0
 Retrying in 1 seconds
[shaping_diag] success_cum_shaping=313.35 T=118 d_init=104.5 d_final=0.0
 Retrying in 1 seconds
[shaping_diag] success_cum_shaping=313.35 T=114 d_init=104.5 d_final=0.0
 Retrying in 1 seconds
[shaping_diag] success_cum_shaping=313.35 T=111 d_init=104.5 d_final=0.0
 Retrying in 1 seconds
 Retrying in 1 seconds
[shaping_diag] success_cum_shaping=313.35 T=122 d_init=104.5 d_final=0.0
 Retrying in 1 seconds
[shaping_diag] success_cum_shaping=313.35 T=120 d_init=104.5 d_final=0.0
 Retrying in 1 seconds
[shaping_diag] success_cum_shaping=313.35 T=111 d_init=104.5 d_final=0.0
 Retrying in 1 seconds
[shaping_diag] success_cum_shaping=313.35 T=119 d_init=104.5 d_final=0.0
 Retrying in 1 seconds
[shaping_diag] success_cum_shaping=313.35 T=112 d_init=104.5 d_final=0.0
 Retrying in 1 seconds
[shaping_diag] success_cum_shaping=313.35 T=118 d_init=104.5 d_final=0.0
 Retrying in 1 seconds
[shaping_diag] success_cum_shaping=313.35 T=113 d_init=104.5 d_final=0.0
 Retrying in 1 seconds
[shaping_diag] success_cum_shaping=313.35 T=112 d_init=104.5 d_final=0.0
  return=382.22 coll=0.090 success=0.910 ttc=6.03 ent=0.50 brakes=0.9
Eval seed=6333 [deterministic]...
 Retrying in 1 seconds
[shaping_diag] success_cum_shaping=313.35 T=110 d_init=104.5 d_final=0.0
Warning: Vehicle 'ego'; junction collision with vehicle 'other', lane=':center_11_0', gap=-1.00, time=6.90 stage=move.
 Retrying in 1 seconds
 Retrying in 1 seconds
[shaping_diag] success_cum_shaping=313.35 T=111 d_init=104.5 d_final=0.0
Warning: Vehicle 'other' performs emergency braking on lane 'left_in_0' with decel=9.00, wished=5.00, severity=1.00, time=6.50.
 Retrying in 1 seconds
[shaping_diag] success_cum_shaping=313.35 T=110 d_init=104.5 d_final=0.0
Warning: Vehicle 'other' performs emergency braking on lane 'left_in_0' with decel=9.00, wished=5.00, severity=1.00, time=6.50.
 Retrying in 1 seconds
[shaping_diag] success_cum_shaping=313.35 T=110 d_init=104.5 d_final=0.0
 Retrying in 1 seconds
[shaping_diag] success_cum_shaping=313.35 T=110 d_init=104.5 d_final=0.0
 Retrying in 1 seconds
[shaping_diag] success_cum_shaping=313.35 T=110 d_init=104.5 d_final=0.0
 Retrying in 1 seconds
[shaping_diag] success_cum_shaping=313.35 T=110 d_init=104.5 d_final=0.0
 Retrying in 1 seconds
[shaping_diag] success_cum_shaping=313.35 T=110 d_init=104.5 d_final=0.0
 Retrying in 1 seconds
[shaping_diag] success_cum_shaping=313.35 T=110 d_init=104.5 d_final=0.0
Warning: Vehicle 'other' performs emergency braking on lane 'left_in_0' with decel=9.00, wished=5.00, severity=1.00, time=6.50.
 Retrying in 1 seconds
[shaping_diag] success_cum_shaping=313.35 T=110 d_init=104.5 d_final=0.0
 Retrying in 1 seconds
[shaping_diag] success_cum_shaping=313.35 T=110 d_init=104.5 d_final=0.0
 Retrying in 1 seconds
[shaping_diag] success_cum_shaping=313.35 T=110 d_init=104.5 d_final=0.0
 Retrying in 1 seconds
[shaping_diag] success_cum_shaping=313.35 T=110 d_init=104.5 d_final=0.0
 Retrying in 1 seconds
[shaping_diag] success_cum_shaping=313.35 T=110 d_init=104.5 d_final=0.0
 Retrying in 1 seconds
[shaping_diag] success_cum_shaping=313.35 T=110 d_init=104.5 d_final=0.0
Warning: Vehicle 'other' performs emergency braking on lane ':center_8_0' with decel=9.00, wished=4.00, severity=1.00, time=7.00.
 Retrying in 1 seconds
 Retrying in 1 seconds
[shaping_diag] success_cum_shaping=313.35 T=110 d_init=104.5 d_final=0.0
 Retrying in 1 seconds
[shaping_diag] success_cum_shaping=313.35 T=110 d_init=104.5 d_final=0.0
 Retrying in 1 seconds
[shaping_diag] success_cum_shaping=313.35 T=110 d_init=104.5 d_final=0.0
 Retrying in 1 seconds
[shaping_diag] success_cum_shaping=313.35 T=110 d_init=104.5 d_final=0.0
 Retrying in 1 seconds
[shaping_diag] success_cum_shaping=313.35 T=110 d_init=104.5 d_final=0.0
Warning: Vehicle 'other' performs emergency braking on lane ':center_8_0' with decel=9.00, wished=3.00, severity=1.00, time=7.00.
Warning: Vehicle 'other'; junction collision with vehicle 'ego', lane=':center_8_0', gap=-1.00, time=7.40 stage=move.
Warning: Vehicle 'ego'; junction collision with vehicle 'other', lane=':center_11_0', gap=-1.00, time=6.90 stage=move.
 Retrying in 1 seconds
 Retrying in 1 seconds
 Retrying in 1 seconds
[shaping_diag] success_cum_shaping=313.35 T=110 d_init=104.5 d_final=0.0
 Retrying in 1 seconds
[shaping_diag] success_cum_shaping=313.35 T=110 d_init=104.5 d_final=0.0
 Retrying in 1 seconds
[shaping_diag] success_cum_shaping=313.35 T=110 d_init=104.5 d_final=0.0
 Retrying in 1 seconds
[shaping_diag] success_cum_shaping=313.35 T=110 d_init=104.5 d_final=0.0
 Retrying in 1 seconds
 Retrying in 1 seconds
[shaping_diag] success_cum_shaping=313.35 T=110 d_init=104.5 d_final=0.0
 Retrying in 1 seconds
[shaping_diag] success_cum_shaping=313.35 T=110 d_init=104.5 d_final=0.0
Warning: Vehicle 'other' performs emergency braking on lane ':center_8_0' with decel=9.00, wished=3.00, severity=1.00, time=6.50.
 Retrying in 1 seconds
[shaping_diag] success_cum_shaping=313.35 T=110 d_init=104.5 d_final=0.0
Warning: Vehicle 'other'; junction collision with vehicle 'ego', lane=':center_8_0', gap=-1.00, time=7.00 stage=move.
 Retrying in 1 seconds
 Retrying in 1 seconds
[shaping_diag] success_cum_shaping=313.35 T=110 d_init=104.5 d_final=0.0
 Retrying in 1 seconds
[shaping_diag] success_cum_shaping=313.35 T=110 d_init=104.5 d_final=0.0
 Retrying in 1 seconds
[shaping_diag] success_cum_shaping=313.35 T=110 d_init=104.5 d_final=0.0
 Retrying in 1 seconds
[shaping_diag] success_cum_shaping=313.35 T=110 d_init=104.5 d_final=0.0
 Retrying in 1 seconds
[shaping_diag] success_cum_shaping=313.35 T=110 d_init=104.5 d_final=0.0
 Retrying in 1 seconds
[shaping_diag] success_cum_shaping=313.35 T=110 d_init=104.5 d_final=0.0
 Retrying in 1 seconds
[shaping_diag] success_cum_shaping=313.35 T=110 d_init=104.5 d_final=0.0
 Retrying in 1 seconds
[shaping_diag] success_cum_shaping=313.35 T=114 d_init=104.5 d_final=0.0
 Retrying in 1 seconds
[shaping_diag] success_cum_shaping=313.35 T=110 d_init=104.5 d_final=0.0
 Retrying in 1 seconds
[shaping_diag] success_cum_shaping=313.35 T=110 d_init=104.5 d_final=0.0
 Retrying in 1 seconds
[shaping_diag] success_cum_shaping=313.35 T=110 d_init=104.5 d_final=0.0
 Retrying in 1 seconds
[shaping_diag] success_cum_shaping=313.35 T=110 d_init=104.5 d_final=0.0
 Retrying in 1 seconds
[shaping_diag] success_cum_shaping=313.35 T=110 d_init=104.5 d_final=0.0
 Retrying in 1 seconds
[shaping_diag] success_cum_shaping=313.35 T=110 d_init=104.5 d_final=0.0
 Retrying in 1 seconds
[shaping_diag] success_cum_shaping=313.35 T=110 d_init=104.5 d_final=0.0
 Retrying in 1 seconds
[shaping_diag] success_cum_shaping=313.35 T=110 d_init=104.5 d_final=0.0
 Retrying in 1 seconds
[shaping_diag] success_cum_shaping=313.35 T=110 d_init=104.5 d_final=0.0
 Retrying in 1 seconds
[shaping_diag] success_cum_shaping=313.35 T=110 d_init=104.5 d_final=0.0
 Retrying in 1 seconds
 Retrying in 1 seconds
[shaping_diag] success_cum_shaping=313.35 T=111 d_init=104.5 d_final=0.0
Warning: Vehicle 'ego'; junction collision with vehicle 'other', lane=':center_11_0', gap=-1.00, time=7.00 stage=move.
 Retrying in 1 seconds
 Retrying in 1 seconds
[shaping_diag] success_cum_shaping=313.35 T=111 d_init=104.5 d_final=0.0
Warning: Vehicle 'ego'; junction collision with vehicle 'other', lane=':center_11_0', gap=-1.00, time=7.00 stage=move.
Warning: Vehicle 'other' performs emergency braking on lane 'left_in_0' with decel=9.00, wished=7.00, severity=1.00, time=6.50.
 Retrying in 1 seconds
 Retrying in 1 seconds
[shaping_diag] success_cum_shaping=313.35 T=110 d_init=104.5 d_final=0.0
 Retrying in 1 seconds
[shaping_diag] success_cum_shaping=313.35 T=110 d_init=104.5 d_final=0.0
 Retrying in 1 seconds
[shaping_diag] success_cum_shaping=313.35 T=110 d_init=104.5 d_final=0.0
 Retrying in 1 seconds
[shaping_diag] success_cum_shaping=313.35 T=110 d_init=104.5 d_final=0.0
 Retrying in 1 seconds
 Retrying in 1 seconds
[shaping_diag] success_cum_shaping=313.35 T=110 d_init=104.5 d_final=0.0
 Retrying in 1 seconds
[shaping_diag] success_cum_shaping=313.35 T=110 d_init=104.5 d_final=0.0
 Retrying in 1 seconds
[shaping_diag] success_cum_shaping=313.35 T=110 d_init=104.5 d_final=0.0
 Retrying in 1 seconds
[shaping_diag] success_cum_shaping=313.35 T=110 d_init=104.5 d_final=0.0
 Retrying in 1 seconds
 Retrying in 1 seconds
[shaping_diag] success_cum_shaping=313.35 T=110 d_init=104.5 d_final=0.0
 Retrying in 1 seconds
[shaping_diag] success_cum_shaping=313.35 T=110 d_init=104.5 d_final=0.0
Warning: Vehicle 'ego'; junction collision with vehicle 'other', lane=':center_11_0', gap=-1.00, time=7.00 stage=move.
 Retrying in 1 seconds
 Retrying in 1 seconds
[shaping_diag] success_cum_shaping=313.35 T=110 d_init=104.5 d_final=0.0
 Retrying in 1 seconds
[shaping_diag] success_cum_shaping=313.35 T=110 d_init=104.5 d_final=0.0
 Retrying in 1 seconds
[shaping_diag] success_cum_shaping=313.35 T=110 d_init=104.5 d_final=0.0
 Retrying in 1 seconds
[shaping_diag] success_cum_shaping=313.35 T=110 d_init=104.5 d_final=0.0
 Retrying in 1 seconds
[shaping_diag] success_cum_shaping=313.35 T=110 d_init=104.5 d_final=0.0
 Retrying in 1 seconds
[shaping_diag] success_cum_shaping=313.35 T=110 d_init=104.5 d_final=0.0
 Retrying in 1 seconds
[shaping_diag] success_cum_shaping=313.35 T=110 d_init=104.5 d_final=0.0
 Retrying in 1 seconds
[shaping_diag] success_cum_shaping=313.35 T=110 d_init=104.5 d_final=0.0
 Retrying in 1 seconds
[shaping_diag] success_cum_shaping=313.35 T=110 d_init=104.5 d_final=0.0
 Retrying in 1 seconds
[shaping_diag] success_cum_shaping=313.35 T=110 d_init=104.5 d_final=0.0
 Retrying in 1 seconds
[shaping_diag] success_cum_shaping=313.35 T=114 d_init=104.5 d_final=0.0
 Retrying in 1 seconds
 Retrying in 1 seconds
[shaping_diag] success_cum_shaping=313.35 T=110 d_init=104.5 d_final=0.0
 Retrying in 1 seconds
[shaping_diag] success_cum_shaping=313.35 T=110 d_init=104.5 d_final=0.0
 Retrying in 1 seconds
[shaping_diag] success_cum_shaping=313.35 T=110 d_init=104.5 d_final=0.0
 Retrying in 1 seconds
 Retrying in 1 seconds
 Retrying in 1 seconds
[shaping_diag] success_cum_shaping=313.35 T=110 d_init=104.5 d_final=0.0
 Retrying in 1 seconds
[shaping_diag] success_cum_shaping=313.35 T=110 d_init=104.5 d_final=0.0
 Retrying in 1 seconds
[shaping_diag] success_cum_shaping=313.35 T=110 d_init=104.5 d_final=0.0
Warning: Vehicle 'other' performs emergency braking on lane ':center_8_0' with decel=9.00, wished=7.00, severity=1.00, time=7.00.
 Retrying in 1 seconds
 Retrying in 1 seconds
[shaping_diag] success_cum_shaping=313.35 T=110 d_init=104.5 d_final=0.0
Warning: Vehicle 'other' performs emergency braking on lane 'left_in_0' with decel=9.00, wished=5.00, severity=1.00, time=6.50.
 Retrying in 1 seconds
[shaping_diag] success_cum_shaping=313.35 T=110 d_init=104.5 d_final=0.0
Warning: Vehicle 'other'; junction collision with vehicle 'ego', lane=':center_8_0', gap=-1.00, time=7.00 stage=move.
 Retrying in 1 seconds
 Retrying in 1 seconds
[shaping_diag] success_cum_shaping=313.35 T=110 d_init=104.5 d_final=0.0
 Retrying in 1 seconds
[shaping_diag] success_cum_shaping=313.35 T=110 d_init=104.5 d_final=0.0
 Retrying in 1 seconds
[shaping_diag] success_cum_shaping=313.35 T=110 d_init=104.5 d_final=0.0
 Retrying in 1 seconds
[shaping_diag] success_cum_shaping=313.35 T=110 d_init=104.5 d_final=0.0
 Retrying in 1 seconds
[shaping_diag] success_cum_shaping=313.35 T=110 d_init=104.5 d_final=0.0
 Retrying in 1 seconds
[shaping_diag] success_cum_shaping=313.35 T=110 d_init=104.5 d_final=0.0
 Retrying in 1 seconds
[shaping_diag] success_cum_shaping=313.35 T=110 d_init=104.5 d_final=0.0
  return=365.25 coll=0.170 success=0.830 ttc=5.86 ent=0.08 brakes=0.8
Eval seed=6333 [stochastic]...
 Retrying in 1 seconds
[shaping_diag] success_cum_shaping=313.35 T=115 d_init=104.5 d_final=0.0
 Retrying in 1 seconds
[shaping_diag] success_cum_shaping=313.35 T=115 d_init=104.5 d_final=0.0
 Retrying in 1 seconds
[shaping_diag] success_cum_shaping=313.35 T=118 d_init=104.5 d_final=0.0
Warning: Vehicle 'other' performs emergency braking on lane 'left_in_0' with decel=9.00, wished=5.00, severity=1.00, time=6.50.
 Retrying in 1 seconds
[shaping_diag] success_cum_shaping=313.35 T=110 d_init=104.5 d_final=0.0
 Retrying in 1 seconds
[shaping_diag] success_cum_shaping=313.35 T=134 d_init=104.5 d_final=0.0
 Retrying in 1 seconds
[shaping_diag] success_cum_shaping=313.35 T=111 d_init=104.5 d_final=0.0
 Retrying in 1 seconds
[shaping_diag] success_cum_shaping=313.35 T=111 d_init=104.5 d_final=0.0
 Retrying in 1 seconds
[shaping_diag] success_cum_shaping=313.35 T=111 d_init=104.5 d_final=0.0
 Retrying in 1 seconds
[shaping_diag] success_cum_shaping=313.35 T=112 d_init=104.5 d_final=0.0
 Retrying in 1 seconds
[shaping_diag] success_cum_shaping=313.35 T=110 d_init=104.5 d_final=0.0
Warning: Vehicle 'other' performs emergency braking on lane 'left_in_0' with decel=9.00, wished=5.00, severity=1.00, time=6.80.
 Retrying in 1 seconds
[shaping_diag] success_cum_shaping=313.35 T=115 d_init=104.5 d_final=0.0
 Retrying in 1 seconds
[shaping_diag] success_cum_shaping=313.35 T=112 d_init=104.5 d_final=0.0
 Retrying in 1 seconds
[shaping_diag] success_cum_shaping=313.35 T=114 d_init=104.5 d_final=0.0
 Retrying in 1 seconds
[shaping_diag] success_cum_shaping=313.35 T=113 d_init=104.5 d_final=0.0
 Retrying in 1 seconds
[shaping_diag] success_cum_shaping=313.35 T=114 d_init=104.5 d_final=0.0
 Retrying in 1 seconds
[shaping_diag] success_cum_shaping=313.35 T=111 d_init=104.5 d_final=0.0
 Retrying in 1 seconds
 Retrying in 1 seconds
[shaping_diag] success_cum_shaping=313.35 T=111 d_init=104.5 d_final=0.0
 Retrying in 1 seconds
[shaping_diag] success_cum_shaping=313.35 T=111 d_init=104.5 d_final=0.0
 Retrying in 1 seconds
[shaping_diag] success_cum_shaping=313.35 T=111 d_init=104.5 d_final=0.0
 Retrying in 1 seconds
[shaping_diag] success_cum_shaping=313.35 T=113 d_init=104.5 d_final=0.0
 Retrying in 1 seconds
[shaping_diag] success_cum_shaping=313.35 T=112 d_init=104.5 d_final=0.0
Warning: Vehicle 'ego'; junction collision with vehicle 'other', lane=':center_11_0', gap=-1.00, time=7.00 stage=move.
 Retrying in 1 seconds
 Retrying in 1 seconds
 Retrying in 1 seconds
[shaping_diag] success_cum_shaping=313.35 T=114 d_init=104.5 d_final=0.0
 Retrying in 1 seconds
[shaping_diag] success_cum_shaping=313.35 T=113 d_init=104.5 d_final=0.0
 Retrying in 1 seconds
[shaping_diag] success_cum_shaping=313.35 T=110 d_init=104.5 d_final=0.0
 Retrying in 1 seconds
[shaping_diag] success_cum_shaping=313.35 T=114 d_init=104.5 d_final=0.0
 Retrying in 1 seconds
 Retrying in 1 seconds
[shaping_diag] success_cum_shaping=313.35 T=110 d_init=104.5 d_final=0.0
 Retrying in 1 seconds
[shaping_diag] success_cum_shaping=313.35 T=110 d_init=104.5 d_final=0.0
Warning: Vehicle 'other'; junction collision with vehicle 'ego', lane=':center_8_0', gap=-1.00, time=7.40 stage=move.
 Retrying in 1 seconds
 Retrying in 1 seconds
[shaping_diag] success_cum_shaping=313.35 T=121 d_init=104.5 d_final=0.0
 Retrying in 1 seconds
[shaping_diag] success_cum_shaping=313.35 T=111 d_init=104.5 d_final=0.0
 Retrying in 1 seconds
[shaping_diag] success_cum_shaping=313.35 T=118 d_init=104.5 d_final=0.0
 Retrying in 1 seconds
[shaping_diag] success_cum_shaping=313.35 T=113 d_init=104.5 d_final=0.0
 Retrying in 1 seconds
[shaping_diag] success_cum_shaping=313.35 T=125 d_init=104.5 d_final=0.0
 Retrying in 1 seconds
[shaping_diag] success_cum_shaping=313.35 T=110 d_init=104.5 d_final=0.0
 Retrying in 1 seconds
[shaping_diag] success_cum_shaping=313.35 T=111 d_init=104.5 d_final=0.0
 Retrying in 1 seconds
[shaping_diag] success_cum_shaping=313.35 T=112 d_init=104.5 d_final=0.0
 Retrying in 1 seconds
[shaping_diag] success_cum_shaping=313.35 T=115 d_init=104.5 d_final=0.0
 Retrying in 1 seconds
[shaping_diag] success_cum_shaping=313.35 T=112 d_init=104.5 d_final=0.0
 Retrying in 1 seconds
[shaping_diag] success_cum_shaping=313.35 T=118 d_init=104.5 d_final=0.0
 Retrying in 1 seconds
[shaping_diag] success_cum_shaping=313.35 T=111 d_init=104.5 d_final=0.0
 Retrying in 1 seconds
[shaping_diag] success_cum_shaping=313.35 T=110 d_init=104.5 d_final=0.0
 Retrying in 1 seconds
[shaping_diag] success_cum_shaping=313.35 T=111 d_init=104.5 d_final=0.0
 Retrying in 1 seconds
[shaping_diag] success_cum_shaping=313.35 T=115 d_init=104.5 d_final=0.0
 Retrying in 1 seconds
[shaping_diag] success_cum_shaping=313.35 T=112 d_init=104.5 d_final=0.0
 Retrying in 1 seconds
[shaping_diag] success_cum_shaping=313.35 T=112 d_init=104.5 d_final=0.0
 Retrying in 1 seconds
[shaping_diag] success_cum_shaping=313.35 T=114 d_init=104.5 d_final=0.0
 Retrying in 1 seconds
[shaping_diag] success_cum_shaping=313.35 T=111 d_init=104.5 d_final=0.0
 Retrying in 1 seconds
[shaping_diag] success_cum_shaping=313.35 T=119 d_init=104.5 d_final=0.0
 Retrying in 1 seconds
[shaping_diag] success_cum_shaping=313.35 T=114 d_init=104.5 d_final=0.0
 Retrying in 1 seconds
[shaping_diag] success_cum_shaping=313.35 T=114 d_init=104.5 d_final=0.0
 Retrying in 1 seconds
[shaping_diag] success_cum_shaping=313.35 T=115 d_init=104.5 d_final=0.0
 Retrying in 1 seconds
[shaping_diag] success_cum_shaping=313.35 T=119 d_init=104.5 d_final=0.0
Warning: Vehicle 'other'; junction collision with vehicle 'ego', lane=':center_8_0', gap=-1.00, time=7.60 stage=move.
 Retrying in 1 seconds
 Retrying in 1 seconds
[shaping_diag] success_cum_shaping=313.35 T=114 d_init=104.5 d_final=0.0
 Retrying in 1 seconds
[shaping_diag] success_cum_shaping=313.35 T=111 d_init=104.5 d_final=0.0
 Retrying in 1 seconds
[shaping_diag] success_cum_shaping=313.35 T=112 d_init=104.5 d_final=0.0
 Retrying in 1 seconds
[shaping_diag] success_cum_shaping=313.35 T=122 d_init=104.5 d_final=0.0
 Retrying in 1 seconds
[shaping_diag] success_cum_shaping=313.35 T=111 d_init=104.5 d_final=0.0
 Retrying in 1 seconds
[shaping_diag] success_cum_shaping=313.35 T=117 d_init=104.5 d_final=0.0
 Retrying in 1 seconds
[shaping_diag] success_cum_shaping=313.35 T=113 d_init=104.5 d_final=0.0
 Retrying in 1 seconds
[shaping_diag] success_cum_shaping=313.35 T=120 d_init=104.5 d_final=0.0
 Retrying in 1 seconds
 Retrying in 1 seconds
[shaping_diag] success_cum_shaping=313.35 T=110 d_init=104.5 d_final=0.0
 Retrying in 1 seconds
[shaping_diag] success_cum_shaping=313.35 T=111 d_init=104.5 d_final=0.0
 Retrying in 1 seconds
[shaping_diag] success_cum_shaping=313.35 T=114 d_init=104.5 d_final=0.0
 Retrying in 1 seconds
[shaping_diag] success_cum_shaping=313.35 T=110 d_init=104.5 d_final=0.0
 Retrying in 1 seconds
[shaping_diag] success_cum_shaping=313.35 T=110 d_init=104.5 d_final=0.0
 Retrying in 1 seconds
[shaping_diag] success_cum_shaping=313.35 T=111 d_init=104.5 d_final=0.0
 Retrying in 1 seconds
[shaping_diag] success_cum_shaping=313.35 T=110 d_init=104.5 d_final=0.0
 Retrying in 1 seconds
[shaping_diag] success_cum_shaping=313.35 T=114 d_init=104.5 d_final=0.0
 Retrying in 1 seconds
[shaping_diag] success_cum_shaping=313.35 T=117 d_init=104.5 d_final=0.0
 Retrying in 1 seconds
[shaping_diag] success_cum_shaping=313.35 T=117 d_init=104.5 d_final=0.0
 Retrying in 1 seconds
[shaping_diag] success_cum_shaping=313.35 T=112 d_init=104.5 d_final=0.0
 Retrying in 1 seconds
[shaping_diag] success_cum_shaping=313.35 T=112 d_init=104.5 d_final=0.0
 Retrying in 1 seconds
[shaping_diag] success_cum_shaping=313.35 T=116 d_init=104.5 d_final=0.0
 Retrying in 1 seconds
[shaping_diag] success_cum_shaping=313.35 T=116 d_init=104.5 d_final=0.0
 Retrying in 1 seconds
 Retrying in 1 seconds
[shaping_diag] success_cum_shaping=313.35 T=110 d_init=104.5 d_final=0.0
 Retrying in 1 seconds
[shaping_diag] success_cum_shaping=313.35 T=112 d_init=104.5 d_final=0.0
Warning: Vehicle 'ego'; junction collision with vehicle 'other', lane=':center_11_0', gap=-1.00, time=7.10 stage=move.
 Retrying in 1 seconds
 Retrying in 1 seconds
 Retrying in 1 seconds
 Retrying in 1 seconds
[shaping_diag] success_cum_shaping=313.35 T=118 d_init=104.5 d_final=0.0
 Retrying in 1 seconds
[shaping_diag] success_cum_shaping=313.35 T=115 d_init=104.5 d_final=0.0
 Retrying in 1 seconds
[shaping_diag] success_cum_shaping=313.35 T=112 d_init=104.5 d_final=0.0
 Retrying in 1 seconds
[shaping_diag] success_cum_shaping=313.35 T=124 d_init=104.5 d_final=0.0
 Retrying in 1 seconds
[shaping_diag] success_cum_shaping=313.35 T=111 d_init=104.5 d_final=0.0
Warning: Vehicle 'other' performs emergency braking on lane 'left_in_0' with decel=9.00, wished=5.00, severity=1.00, time=6.50.
 Retrying in 1 seconds
[shaping_diag] success_cum_shaping=313.35 T=111 d_init=104.5 d_final=0.0
 Retrying in 1 seconds
[shaping_diag] success_cum_shaping=313.35 T=121 d_init=104.5 d_final=0.0
 Retrying in 1 seconds
[shaping_diag] success_cum_shaping=313.35 T=110 d_init=104.5 d_final=0.0
 Retrying in 1 seconds
[shaping_diag] success_cum_shaping=313.35 T=112 d_init=104.5 d_final=0.0
 Retrying in 1 seconds
[shaping_diag] success_cum_shaping=313.35 T=110 d_init=104.5 d_final=0.0
 Retrying in 1 seconds
[shaping_diag] success_cum_shaping=313.35 T=115 d_init=104.5 d_final=0.0
 Retrying in 1 seconds
[shaping_diag] success_cum_shaping=313.35 T=114 d_init=104.5 d_final=0.0
 Retrying in 1 seconds
[shaping_diag] success_cum_shaping=313.35 T=113 d_init=104.5 d_final=0.0
 Retrying in 1 seconds
[shaping_diag] success_cum_shaping=313.35 T=116 d_init=104.5 d_final=0.0
  return=376.64 coll=0.110 success=0.890 ttc=6.00 ent=0.48 brakes=0.9
Saved results/ablation/tier1/1a_right_stem_cbf_aux_nointent_s3333/eval_cbf_aux_1a_right_stem.csv
