seed,eval_mode,mean_return,std_return,collision_rate,success_rate,pothole_hits_mean,mean_ttc,min_ttc,ttc_p10_mean,action_entropy_mean,hard_brakes_per_ep_mean,row_violations_per_ep_mean,action_stop_frac,action_creep_frac,action_yield_frac,action_go_frac,action_abort_frac,switching_rate_mean,decision_latency_mean,decision_latency_frac_defined
42,deterministic,-137.5639999999992,8.134886846171746,0.0,1.0,0.0,6.724976974785602,0.0,0.8346885577400442,0.671337841681774,1.0,0.0,0.3963515754560531,0.0,0.0,0.603648424543947,0.0,0.010002020610224288,0.0,1.0
42,stochastic,-137.5639999999992,8.134886846171746,0.0,1.0,0.0,6.724976974785602,0.0,0.8346885577400442,0.671337841681774,1.0,0.0,0.3963515754560531,0.0,0.0,0.603648424543947,0.0,0.010002020610224288,0.0,1.0
