{
  "phase": "1.3",
  "inputs": [
    -0.5,
    -0.05000000074505806,
    0.0,
    0.05000000074505806,
    0.5
  ],
  "grads": [
    0.009709656238555908,
    0.27639317512512207,
    0.5,
    0.7236068248748779,
    0.9902903437614441
  ],
  "pass": true
}