{
  "phase": "1.2",
  "residuals": {
    "hjb": {
      "pass": true,
      "rho_min": -5281.9228515625,
      "rho_max": 722.107666015625,
      "rho_mean": -240.31539916992188,
      "gnorm": 203893526.8305006
    },
    "soft_hjb": {
      "pass": true,
      "rho_min": -5281.80908203125,
      "rho_max": 722.1856079101562,
      "rho_mean": -240.20584106445312,
      "gnorm": 203962885.32829857
    },
    "eikonal": {
      "pass": true,
      "rho_min": -3.99771785736084,
      "rho_max": -0.2029334306716919,
      "rho_mean": -3.6420035362243652,
      "gnorm": 1.0466127842664719
    },
    "cbf": {
      "pass": true,
      "rho_min": 0.0,
      "rho_max": 5320.29541015625,
      "rho_mean": 364.4723205566406,
      "gnorm": 205502921.4446411
    }
  },
  "pass": true
}