 Retrying in 1 seconds
 Retrying in 1 seconds
 Retrying in 1 seconds
 Retrying in 1 seconds
 Retrying in 1 seconds
 Retrying in 1 seconds
 Retrying in 1 seconds
 Retrying in 1 seconds
 Retrying in 1 seconds
 Retrying in 1 seconds
 Retrying in 1 seconds
 Retrying in 1 seconds
 Retrying in 1 seconds
 Retrying in 1 seconds
 Retrying in 1 seconds
 Retrying in 1 seconds
 Retrying in 1 seconds
 Retrying in 1 seconds
 Retrying in 1 seconds
[drppo] step=4096 ret=-185.09 coll=0 ttc=11.16
 Retrying in 1 seconds
 Retrying in 1 seconds
 Retrying in 1 seconds
 Retrying in 1 seconds
 Retrying in 1 seconds
 Retrying in 1 seconds
 Retrying in 1 seconds
 Retrying in 1 seconds
 Retrying in 1 seconds
 Retrying in 1 seconds
 Retrying in 1 seconds
 Retrying in 1 seconds
 Retrying in 1 seconds
 Retrying in 1 seconds
 Retrying in 1 seconds
 Retrying in 1 seconds
 Retrying in 1 seconds
 Retrying in 1 seconds
 Retrying in 1 seconds
 Retrying in 1 seconds
 Retrying in 1 seconds
 Retrying in 1 seconds
 Retrying in 1 seconds
 Retrying in 1 seconds
 Retrying in 1 seconds
 Retrying in 1 seconds
 Retrying in 1 seconds
 Retrying in 1 seconds
 Retrying in 1 seconds
 Retrying in 1 seconds
 Retrying in 1 seconds
 Retrying in 1 seconds
 Retrying in 1 seconds
 Retrying in 1 seconds
 Retrying in 1 seconds
 Retrying in 1 seconds
 Retrying in 1 seconds
[shaping_diag] success_cum_shaping=282.39 T=489 d_init=94.1 d_final=0.0
 Retrying in 1 seconds
 Retrying in 1 seconds
 Retrying in 1 seconds
 Retrying in 1 seconds
[shaping_diag] success_cum_shaping=282.39 T=482 d_init=94.1 d_final=0.0
 Retrying in 1 seconds
[shaping_diag] success_cum_shaping=282.39 T=375 d_init=94.1 d_final=0.0
 Retrying in 1 seconds
[shaping_diag] success_cum_shaping=282.39 T=390 d_init=94.1 d_final=0.0
 Retrying in 1 seconds
 Retrying in 1 seconds
 Retrying in 1 seconds
[shaping_diag] success_cum_shaping=282.39 T=374 d_init=94.1 d_final=0.0
 Retrying in 1 seconds
[shaping_diag] success_cum_shaping=282.39 T=388 d_init=94.1 d_final=0.0
 Retrying in 1 seconds
[shaping_diag] success_cum_shaping=282.39 T=459 d_init=94.1 d_final=0.0
 Retrying in 1 seconds
[shaping_diag] success_cum_shaping=282.39 T=380 d_init=94.1 d_final=0.0
 Retrying in 1 seconds
[shaping_diag] success_cum_shaping=282.39 T=487 d_init=94.1 d_final=0.0
 Retrying in 1 seconds
[shaping_diag] success_cum_shaping=282.39 T=415 d_init=94.1 d_final=0.0
 Retrying in 1 seconds
 Retrying in 1 seconds
 Retrying in 1 seconds
[shaping_diag] success_cum_shaping=282.39 T=428 d_init=94.1 d_final=0.0
 Retrying in 1 seconds
 Retrying in 1 seconds
 Retrying in 1 seconds
[shaping_diag] success_cum_shaping=282.39 T=434 d_init=94.1 d_final=0.0
 Retrying in 1 seconds
[shaping_diag] success_cum_shaping=282.39 T=375 d_init=94.1 d_final=0.0
 Retrying in 1 seconds
 Retrying in 1 seconds
 Retrying in 1 seconds
 Retrying in 1 seconds
 Retrying in 1 seconds
[shaping_diag] success_cum_shaping=282.39 T=457 d_init=94.1 d_final=0.0
 Retrying in 1 seconds
 Retrying in 1 seconds
[shaping_diag] success_cum_shaping=282.39 T=333 d_init=94.1 d_final=0.0
 Retrying in 1 seconds
[shaping_diag] success_cum_shaping=282.39 T=331 d_init=94.1 d_final=0.0
 Retrying in 1 seconds
[shaping_diag] success_cum_shaping=282.39 T=341 d_init=94.1 d_final=0.0
 Retrying in 1 seconds
[shaping_diag] success_cum_shaping=282.39 T=345 d_init=94.1 d_final=0.0
 Retrying in 1 seconds
[shaping_diag] success_cum_shaping=282.39 T=399 d_init=94.1 d_final=0.0
 Retrying in 1 seconds
[shaping_diag] success_cum_shaping=282.39 T=383 d_init=94.1 d_final=0.0
 Retrying in 1 seconds
[shaping_diag] success_cum_shaping=282.39 T=323 d_init=94.1 d_final=0.0
 Retrying in 1 seconds
[shaping_diag] success_cum_shaping=282.39 T=363 d_init=94.1 d_final=0.0
 Retrying in 1 seconds
[shaping_diag] success_cum_shaping=282.39 T=295 d_init=94.1 d_final=0.0
 Retrying in 1 seconds
[shaping_diag] success_cum_shaping=282.39 T=313 d_init=94.1 d_final=0.0
 Retrying in 1 seconds
[shaping_diag] success_cum_shaping=282.39 T=305 d_init=94.1 d_final=0.0
 Retrying in 1 seconds
[shaping_diag] success_cum_shaping=282.39 T=308 d_init=94.1 d_final=0.0
 Retrying in 1 seconds
 Retrying in 1 seconds
[shaping_diag] success_cum_shaping=282.39 T=401 d_init=94.1 d_final=0.0
 Retrying in 1 seconds
[shaping_diag] success_cum_shaping=282.39 T=346 d_init=94.1 d_final=0.0
 Retrying in 1 seconds
[shaping_diag] success_cum_shaping=282.39 T=365 d_init=94.1 d_final=0.0
 Retrying in 1 seconds
[shaping_diag] success_cum_shaping=282.39 T=329 d_init=94.1 d_final=0.0
 Retrying in 1 seconds
[shaping_diag] success_cum_shaping=282.39 T=337 d_init=94.1 d_final=0.0
 Retrying in 1 seconds
[shaping_diag] success_cum_shaping=282.39 T=311 d_init=94.1 d_final=0.0
 Retrying in 1 seconds
[shaping_diag] success_cum_shaping=282.39 T=394 d_init=94.1 d_final=0.0
 Retrying in 1 seconds
[shaping_diag] success_cum_shaping=282.39 T=466 d_init=94.1 d_final=0.0
 Retrying in 1 seconds
[shaping_diag] success_cum_shaping=282.39 T=375 d_init=94.1 d_final=0.0
 Retrying in 1 seconds
[shaping_diag] success_cum_shaping=282.39 T=367 d_init=94.1 d_final=0.0
 Retrying in 1 seconds
[shaping_diag] success_cum_shaping=282.39 T=288 d_init=94.1 d_final=0.0
 Retrying in 1 seconds
 Retrying in 1 seconds
[shaping_diag] success_cum_shaping=282.39 T=308 d_init=94.1 d_final=0.0
 Retrying in 1 seconds
[shaping_diag] success_cum_shaping=282.39 T=287 d_init=94.1 d_final=0.0
 Retrying in 1 seconds
[shaping_diag] success_cum_shaping=282.39 T=292 d_init=94.1 d_final=0.0
 Retrying in 1 seconds
[shaping_diag] success_cum_shaping=282.39 T=349 d_init=94.1 d_final=0.0
 Retrying in 1 seconds
[shaping_diag] success_cum_shaping=282.39 T=280 d_init=94.1 d_final=0.0
 Retrying in 1 seconds
[shaping_diag] success_cum_shaping=282.39 T=337 d_init=94.1 d_final=0.0
 Retrying in 1 seconds
[shaping_diag] success_cum_shaping=282.39 T=300 d_init=94.1 d_final=0.0
 Retrying in 1 seconds
[shaping_diag] success_cum_shaping=282.39 T=297 d_init=94.1 d_final=0.0
 Retrying in 1 seconds
[shaping_diag] success_cum_shaping=282.39 T=263 d_init=94.1 d_final=0.0
 Retrying in 1 seconds
[shaping_diag] success_cum_shaping=282.39 T=289 d_init=94.1 d_final=0.0
 Retrying in 1 seconds
[shaping_diag] success_cum_shaping=282.39 T=285 d_init=94.1 d_final=0.0
 Retrying in 1 seconds
[shaping_diag] success_cum_shaping=282.39 T=326 d_init=94.1 d_final=0.0
 Retrying in 1 seconds
[shaping_diag] success_cum_shaping=282.39 T=261 d_init=94.1 d_final=0.0
 Retrying in 1 seconds
 Retrying in 1 seconds
[shaping_diag] success_cum_shaping=282.39 T=102 d_init=94.1 d_final=0.0
 Retrying in 1 seconds
[shaping_diag] success_cum_shaping=282.39 T=103 d_init=94.1 d_final=0.0
 Retrying in 1 seconds
[shaping_diag] success_cum_shaping=282.39 T=220 d_init=94.1 d_final=0.0
 Retrying in 1 seconds
[shaping_diag] success_cum_shaping=282.39 T=104 d_init=94.1 d_final=0.0
 Retrying in 1 seconds
[shaping_diag] success_cum_shaping=282.39 T=103 d_init=94.1 d_final=0.0
 Retrying in 1 seconds
[shaping_diag] success_cum_shaping=282.39 T=103 d_init=94.1 d_final=0.0
 Retrying in 1 seconds
[shaping_diag] success_cum_shaping=282.39 T=103 d_init=94.1 d_final=0.0
 Retrying in 1 seconds
[shaping_diag] success_cum_shaping=282.39 T=102 d_init=94.1 d_final=0.0
 Retrying in 1 seconds
[shaping_diag] success_cum_shaping=282.39 T=102 d_init=94.1 d_final=0.0
 Retrying in 1 seconds
[shaping_diag] success_cum_shaping=282.39 T=103 d_init=94.1 d_final=0.0
[drppo] step=45056 ret=125.86 coll=0 ttc=6.05
 Retrying in 1 seconds
[shaping_diag] success_cum_shaping=282.39 T=287 d_init=94.1 d_final=0.0
 Retrying in 1 seconds
[shaping_diag] success_cum_shaping=282.39 T=270 d_init=94.1 d_final=0.0
 Retrying in 1 seconds
[shaping_diag] success_cum_shaping=282.39 T=284 d_init=94.1 d_final=0.0
 Retrying in 1 seconds
[shaping_diag] success_cum_shaping=282.39 T=268 d_init=94.1 d_final=0.0
 Retrying in 1 seconds
[shaping_diag] success_cum_shaping=282.39 T=280 d_init=94.1 d_final=0.0
 Retrying in 1 seconds
[shaping_diag] success_cum_shaping=282.39 T=265 d_init=94.1 d_final=0.0
 Retrying in 1 seconds
[shaping_diag] success_cum_shaping=282.39 T=268 d_init=94.1 d_final=0.0
 Retrying in 1 seconds
[shaping_diag] success_cum_shaping=282.39 T=252 d_init=94.1 d_final=0.0
 Retrying in 1 seconds
[shaping_diag] success_cum_shaping=282.39 T=295 d_init=94.1 d_final=0.0
 Retrying in 1 seconds
[shaping_diag] success_cum_shaping=282.39 T=301 d_init=94.1 d_final=0.0
 Retrying in 1 seconds
[shaping_diag] success_cum_shaping=282.39 T=299 d_init=94.1 d_final=0.0
 Retrying in 1 seconds
[shaping_diag] success_cum_shaping=282.39 T=281 d_init=94.1 d_final=0.0
 Retrying in 1 seconds
[shaping_diag] success_cum_shaping=282.39 T=257 d_init=94.1 d_final=0.0
 Retrying in 1 seconds
[shaping_diag] success_cum_shaping=282.39 T=283 d_init=94.1 d_final=0.0
 Retrying in 1 seconds
 Retrying in 1 seconds
[shaping_diag] success_cum_shaping=282.39 T=263 d_init=94.1 d_final=0.0
 Retrying in 1 seconds
[shaping_diag] success_cum_shaping=282.39 T=275 d_init=94.1 d_final=0.0
 Retrying in 1 seconds
[shaping_diag] success_cum_shaping=282.39 T=252 d_init=94.1 d_final=0.0
 Retrying in 1 seconds
[shaping_diag] success_cum_shaping=282.39 T=250 d_init=94.1 d_final=0.0
 Retrying in 1 seconds
[shaping_diag] success_cum_shaping=282.39 T=232 d_init=94.1 d_final=0.0
 Retrying in 1 seconds
[shaping_diag] success_cum_shaping=282.39 T=270 d_init=94.1 d_final=0.0
 Retrying in 1 seconds
[shaping_diag] success_cum_shaping=282.39 T=248 d_init=94.1 d_final=0.0
 Retrying in 1 seconds
[shaping_diag] success_cum_shaping=282.39 T=275 d_init=94.1 d_final=0.0
 Retrying in 1 seconds
[shaping_diag] success_cum_shaping=282.39 T=267 d_init=94.1 d_final=0.0
 Retrying in 1 seconds
[shaping_diag] success_cum_shaping=282.39 T=229 d_init=94.1 d_final=0.0
 Retrying in 1 seconds
[shaping_diag] success_cum_shaping=282.39 T=284 d_init=94.1 d_final=0.0
 Retrying in 1 seconds
[shaping_diag] success_cum_shaping=282.39 T=235 d_init=94.1 d_final=0.0
 Retrying in 1 seconds
[shaping_diag] success_cum_shaping=282.39 T=266 d_init=94.1 d_final=0.0
 Retrying in 1 seconds
[shaping_diag] success_cum_shaping=282.39 T=241 d_init=94.1 d_final=0.0
 Retrying in 1 seconds
[shaping_diag] success_cum_shaping=282.39 T=249 d_init=94.1 d_final=0.0
 Retrying in 1 seconds
[shaping_diag] success_cum_shaping=282.39 T=226 d_init=94.1 d_final=0.0
 Retrying in 1 seconds
 Retrying in 1 seconds
[shaping_diag] success_cum_shaping=282.39 T=227 d_init=94.1 d_final=0.0
 Retrying in 1 seconds
[shaping_diag] success_cum_shaping=282.39 T=254 d_init=94.1 d_final=0.0
 Retrying in 1 seconds
[shaping_diag] success_cum_shaping=282.39 T=247 d_init=94.1 d_final=0.0
 Retrying in 1 seconds
[shaping_diag] success_cum_shaping=282.39 T=278 d_init=94.1 d_final=0.0
 Retrying in 1 seconds
[shaping_diag] success_cum_shaping=282.39 T=257 d_init=94.1 d_final=0.0
 Retrying in 1 seconds
[shaping_diag] success_cum_shaping=282.39 T=229 d_init=94.1 d_final=0.0
 Retrying in 1 seconds
[shaping_diag] success_cum_shaping=282.39 T=252 d_init=94.1 d_final=0.0
 Retrying in 1 seconds
[shaping_diag] success_cum_shaping=282.39 T=262 d_init=94.1 d_final=0.0
 Retrying in 1 seconds
[shaping_diag] success_cum_shaping=282.39 T=248 d_init=94.1 d_final=0.0
 Retrying in 1 seconds
[shaping_diag] success_cum_shaping=282.39 T=257 d_init=94.1 d_final=0.0
 Retrying in 1 seconds
[shaping_diag] success_cum_shaping=282.39 T=239 d_init=94.1 d_final=0.0
 Retrying in 1 seconds
[shaping_diag] success_cum_shaping=282.39 T=231 d_init=94.1 d_final=0.0
 Retrying in 1 seconds
[shaping_diag] success_cum_shaping=282.39 T=270 d_init=94.1 d_final=0.0
 Retrying in 1 seconds
[shaping_diag] success_cum_shaping=282.39 T=269 d_init=94.1 d_final=0.0
 Retrying in 1 seconds
[shaping_diag] success_cum_shaping=282.39 T=249 d_init=94.1 d_final=0.0
 Retrying in 1 seconds
[shaping_diag] success_cum_shaping=282.39 T=250 d_init=94.1 d_final=0.0
 Retrying in 1 seconds
 Retrying in 1 seconds
[shaping_diag] success_cum_shaping=282.39 T=253 d_init=94.1 d_final=0.0
 Retrying in 1 seconds
[shaping_diag] success_cum_shaping=282.39 T=232 d_init=94.1 d_final=0.0
 Retrying in 1 seconds
[shaping_diag] success_cum_shaping=282.39 T=244 d_init=94.1 d_final=0.0
 Retrying in 1 seconds
[shaping_diag] success_cum_shaping=282.39 T=240 d_init=94.1 d_final=0.0
 Retrying in 1 seconds
[shaping_diag] success_cum_shaping=282.39 T=226 d_init=94.1 d_final=0.0
 Retrying in 1 seconds
[shaping_diag] success_cum_shaping=282.39 T=259 d_init=94.1 d_final=0.0
 Retrying in 1 seconds
[shaping_diag] success_cum_shaping=282.39 T=248 d_init=94.1 d_final=0.0
 Retrying in 1 seconds
[shaping_diag] success_cum_shaping=282.39 T=266 d_init=94.1 d_final=0.0
 Retrying in 1 seconds
[shaping_diag] success_cum_shaping=282.39 T=232 d_init=94.1 d_final=0.0
 Retrying in 1 seconds
[shaping_diag] success_cum_shaping=282.39 T=286 d_init=94.1 d_final=0.0
 Retrying in 1 seconds
[shaping_diag] success_cum_shaping=282.39 T=222 d_init=94.1 d_final=0.0
 Retrying in 1 seconds
[shaping_diag] success_cum_shaping=282.39 T=238 d_init=94.1 d_final=0.0
 Retrying in 1 seconds
[shaping_diag] success_cum_shaping=282.39 T=242 d_init=94.1 d_final=0.0
 Retrying in 1 seconds
[shaping_diag] success_cum_shaping=282.39 T=285 d_init=94.1 d_final=0.0
 Retrying in 1 seconds
[shaping_diag] success_cum_shaping=282.39 T=257 d_init=94.1 d_final=0.0
 Retrying in 1 seconds
[shaping_diag] success_cum_shaping=282.39 T=236 d_init=94.1 d_final=0.0
 Retrying in 1 seconds
 Retrying in 1 seconds
[shaping_diag] success_cum_shaping=282.39 T=263 d_init=94.1 d_final=0.0
 Retrying in 1 seconds
[shaping_diag] success_cum_shaping=282.39 T=246 d_init=94.1 d_final=0.0
 Retrying in 1 seconds
[shaping_diag] success_cum_shaping=282.39 T=245 d_init=94.1 d_final=0.0
 Retrying in 1 seconds
[shaping_diag] success_cum_shaping=282.39 T=259 d_init=94.1 d_final=0.0
 Retrying in 1 seconds
[shaping_diag] success_cum_shaping=282.39 T=228 d_init=94.1 d_final=0.0
 Retrying in 1 seconds
[shaping_diag] success_cum_shaping=282.39 T=225 d_init=94.1 d_final=0.0
 Retrying in 1 seconds
[shaping_diag] success_cum_shaping=282.39 T=241 d_init=94.1 d_final=0.0
 Retrying in 1 seconds
[shaping_diag] success_cum_shaping=282.39 T=248 d_init=94.1 d_final=0.0
 Retrying in 1 seconds
[shaping_diag] success_cum_shaping=282.39 T=248 d_init=94.1 d_final=0.0
 Retrying in 1 seconds
[shaping_diag] success_cum_shaping=282.39 T=226 d_init=94.1 d_final=0.0
 Retrying in 1 seconds
[shaping_diag] success_cum_shaping=282.39 T=259 d_init=94.1 d_final=0.0
 Retrying in 1 seconds
[shaping_diag] success_cum_shaping=282.39 T=238 d_init=94.1 d_final=0.0
 Retrying in 1 seconds
[shaping_diag] success_cum_shaping=282.39 T=264 d_init=94.1 d_final=0.0
 Retrying in 1 seconds
[shaping_diag] success_cum_shaping=282.39 T=260 d_init=94.1 d_final=0.0
 Retrying in 1 seconds
[shaping_diag] success_cum_shaping=282.39 T=264 d_init=94.1 d_final=0.0
 Retrying in 1 seconds
[shaping_diag] success_cum_shaping=282.39 T=233 d_init=94.1 d_final=0.0
 Retrying in 1 seconds
 Retrying in 1 seconds
[shaping_diag] success_cum_shaping=282.39 T=234 d_init=94.1 d_final=0.0
 Retrying in 1 seconds
[shaping_diag] success_cum_shaping=282.39 T=210 d_init=94.1 d_final=0.0
 Retrying in 1 seconds
[shaping_diag] success_cum_shaping=282.39 T=222 d_init=94.1 d_final=0.0
 Retrying in 1 seconds
[shaping_diag] success_cum_shaping=282.39 T=231 d_init=94.1 d_final=0.0
 Retrying in 1 seconds
[shaping_diag] success_cum_shaping=282.39 T=220 d_init=94.1 d_final=0.0
 Retrying in 1 seconds
[shaping_diag] success_cum_shaping=282.39 T=275 d_init=94.1 d_final=0.0
 Retrying in 1 seconds
[shaping_diag] success_cum_shaping=282.39 T=277 d_init=94.1 d_final=0.0
 Retrying in 1 seconds
[shaping_diag] success_cum_shaping=282.39 T=241 d_init=94.1 d_final=0.0
 Retrying in 1 seconds
[shaping_diag] success_cum_shaping=282.39 T=230 d_init=94.1 d_final=0.0
 Retrying in 1 seconds
[shaping_diag] success_cum_shaping=282.39 T=243 d_init=94.1 d_final=0.0
 Retrying in 1 seconds
[shaping_diag] success_cum_shaping=282.39 T=263 d_init=94.1 d_final=0.0
 Retrying in 1 seconds
[shaping_diag] success_cum_shaping=282.39 T=251 d_init=94.1 d_final=0.0
 Retrying in 1 seconds
[shaping_diag] success_cum_shaping=282.39 T=260 d_init=94.1 d_final=0.0
 Retrying in 1 seconds
[shaping_diag] success_cum_shaping=282.39 T=272 d_init=94.1 d_final=0.0
 Retrying in 1 seconds
[shaping_diag] success_cum_shaping=282.39 T=279 d_init=94.1 d_final=0.0
 Retrying in 1 seconds
[shaping_diag] success_cum_shaping=282.39 T=250 d_init=94.1 d_final=0.0
 Retrying in 1 seconds
 Retrying in 1 seconds
[shaping_diag] success_cum_shaping=282.39 T=237 d_init=94.1 d_final=0.0
 Retrying in 1 seconds
[shaping_diag] success_cum_shaping=282.39 T=265 d_init=94.1 d_final=0.0
 Retrying in 1 seconds
[shaping_diag] success_cum_shaping=282.39 T=224 d_init=94.1 d_final=0.0
 Retrying in 1 seconds
[shaping_diag] success_cum_shaping=282.39 T=218 d_init=94.1 d_final=0.0
 Retrying in 1 seconds
[shaping_diag] success_cum_shaping=282.39 T=249 d_init=94.1 d_final=0.0
 Retrying in 1 seconds
[shaping_diag] success_cum_shaping=282.39 T=201 d_init=94.1 d_final=0.0
 Retrying in 1 seconds
[shaping_diag] success_cum_shaping=282.39 T=229 d_init=94.1 d_final=0.0
 Retrying in 1 seconds
[shaping_diag] success_cum_shaping=282.39 T=239 d_init=94.1 d_final=0.0
 Retrying in 1 seconds
[shaping_diag] success_cum_shaping=282.39 T=230 d_init=94.1 d_final=0.0
 Retrying in 1 seconds
[shaping_diag] success_cum_shaping=282.39 T=232 d_init=94.1 d_final=0.0
 Retrying in 1 seconds
[shaping_diag] success_cum_shaping=282.39 T=203 d_init=94.1 d_final=0.0
 Retrying in 1 seconds
[shaping_diag] success_cum_shaping=282.39 T=247 d_init=94.1 d_final=0.0
 Retrying in 1 seconds
[shaping_diag] success_cum_shaping=282.39 T=246 d_init=94.1 d_final=0.0
 Retrying in 1 seconds
[shaping_diag] success_cum_shaping=282.39 T=250 d_init=94.1 d_final=0.0
 Retrying in 1 seconds
[shaping_diag] success_cum_shaping=282.39 T=239 d_init=94.1 d_final=0.0
 Retrying in 1 seconds
[shaping_diag] success_cum_shaping=282.39 T=253 d_init=94.1 d_final=0.0
 Retrying in 1 seconds
[shaping_diag] success_cum_shaping=282.39 T=239 d_init=94.1 d_final=0.0
 Retrying in 1 seconds
 Retrying in 1 seconds
[shaping_diag] success_cum_shaping=282.39 T=239 d_init=94.1 d_final=0.0
 Retrying in 1 seconds
[shaping_diag] success_cum_shaping=282.39 T=232 d_init=94.1 d_final=0.0
 Retrying in 1 seconds
[shaping_diag] success_cum_shaping=282.39 T=230 d_init=94.1 d_final=0.0
 Retrying in 1 seconds
[shaping_diag] success_cum_shaping=282.39 T=226 d_init=94.1 d_final=0.0
 Retrying in 1 seconds
[shaping_diag] success_cum_shaping=282.39 T=237 d_init=94.1 d_final=0.0
 Retrying in 1 seconds
[shaping_diag] success_cum_shaping=282.39 T=220 d_init=94.1 d_final=0.0
 Retrying in 1 seconds
[shaping_diag] success_cum_shaping=282.39 T=210 d_init=94.1 d_final=0.0
 Retrying in 1 seconds
[shaping_diag] success_cum_shaping=282.39 T=237 d_init=94.1 d_final=0.0
 Retrying in 1 seconds
[shaping_diag] success_cum_shaping=282.39 T=223 d_init=94.1 d_final=0.0
 Retrying in 1 seconds
[shaping_diag] success_cum_shaping=282.39 T=237 d_init=94.1 d_final=0.0
 Retrying in 1 seconds
[shaping_diag] success_cum_shaping=282.39 T=240 d_init=94.1 d_final=0.0
 Retrying in 1 seconds
[shaping_diag] success_cum_shaping=282.39 T=219 d_init=94.1 d_final=0.0
 Retrying in 1 seconds
[shaping_diag] success_cum_shaping=282.39 T=212 d_init=94.1 d_final=0.0
 Retrying in 1 seconds
[shaping_diag] success_cum_shaping=282.39 T=216 d_init=94.1 d_final=0.0
 Retrying in 1 seconds
[shaping_diag] success_cum_shaping=282.39 T=255 d_init=94.1 d_final=0.0
 Retrying in 1 seconds
[shaping_diag] success_cum_shaping=282.39 T=203 d_init=94.1 d_final=0.0
 Retrying in 1 seconds
[shaping_diag] success_cum_shaping=282.39 T=240 d_init=94.1 d_final=0.0
 Retrying in 1 seconds
 Retrying in 1 seconds
[shaping_diag] success_cum_shaping=282.39 T=233 d_init=94.1 d_final=0.0
 Retrying in 1 seconds
[shaping_diag] success_cum_shaping=282.39 T=210 d_init=94.1 d_final=0.0
 Retrying in 1 seconds
[shaping_diag] success_cum_shaping=282.39 T=225 d_init=94.1 d_final=0.0
 Retrying in 1 seconds
[shaping_diag] success_cum_shaping=282.39 T=248 d_init=94.1 d_final=0.0
 Retrying in 1 seconds
[shaping_diag] success_cum_shaping=282.39 T=192 d_init=94.1 d_final=0.0
 Retrying in 1 seconds
[shaping_diag] success_cum_shaping=282.39 T=219 d_init=94.1 d_final=0.0
 Retrying in 1 seconds
[shaping_diag] success_cum_shaping=282.39 T=236 d_init=94.1 d_final=0.0
 Retrying in 1 seconds
[shaping_diag] success_cum_shaping=282.39 T=242 d_init=94.1 d_final=0.0
 Retrying in 1 seconds
[shaping_diag] success_cum_shaping=282.39 T=201 d_init=94.1 d_final=0.0
 Retrying in 1 seconds
[shaping_diag] success_cum_shaping=282.39 T=215 d_init=94.1 d_final=0.0
 Retrying in 1 seconds
[shaping_diag] success_cum_shaping=282.39 T=221 d_init=94.1 d_final=0.0
 Retrying in 1 seconds
[shaping_diag] success_cum_shaping=282.39 T=229 d_init=94.1 d_final=0.0
 Retrying in 1 seconds
[shaping_diag] success_cum_shaping=282.39 T=239 d_init=94.1 d_final=0.0
 Retrying in 1 seconds
[shaping_diag] success_cum_shaping=282.39 T=212 d_init=94.1 d_final=0.0
 Retrying in 1 seconds
[shaping_diag] success_cum_shaping=282.39 T=193 d_init=94.1 d_final=0.0
 Retrying in 1 seconds
[shaping_diag] success_cum_shaping=282.39 T=204 d_init=94.1 d_final=0.0
 Retrying in 1 seconds
[shaping_diag] success_cum_shaping=282.39 T=254 d_init=94.1 d_final=0.0
 Retrying in 1 seconds
[shaping_diag] success_cum_shaping=282.39 T=228 d_init=94.1 d_final=0.0
 Retrying in 1 seconds
 Retrying in 1 seconds
[shaping_diag] success_cum_shaping=282.39 T=226 d_init=94.1 d_final=0.0
 Retrying in 1 seconds
[shaping_diag] success_cum_shaping=282.39 T=203 d_init=94.1 d_final=0.0
 Retrying in 1 seconds
[shaping_diag] success_cum_shaping=282.39 T=188 d_init=94.1 d_final=0.0
 Retrying in 1 seconds
[shaping_diag] success_cum_shaping=282.39 T=183 d_init=94.1 d_final=0.0
 Retrying in 1 seconds
[shaping_diag] success_cum_shaping=282.39 T=202 d_init=94.1 d_final=0.0
 Retrying in 1 seconds
[shaping_diag] success_cum_shaping=282.39 T=230 d_init=94.1 d_final=0.0
 Retrying in 1 seconds
[shaping_diag] success_cum_shaping=282.39 T=231 d_init=94.1 d_final=0.0
 Retrying in 1 seconds
[shaping_diag] success_cum_shaping=282.39 T=172 d_init=94.1 d_final=0.0
 Retrying in 1 seconds
[shaping_diag] success_cum_shaping=282.39 T=211 d_init=94.1 d_final=0.0
 Retrying in 1 seconds
[shaping_diag] success_cum_shaping=282.39 T=232 d_init=94.1 d_final=0.0
 Retrying in 1 seconds
[shaping_diag] success_cum_shaping=282.39 T=226 d_init=94.1 d_final=0.0
 Retrying in 1 seconds
[shaping_diag] success_cum_shaping=282.39 T=161 d_init=94.1 d_final=0.0
 Retrying in 1 seconds
[shaping_diag] success_cum_shaping=282.39 T=209 d_init=94.1 d_final=0.0
 Retrying in 1 seconds
[shaping_diag] success_cum_shaping=282.39 T=190 d_init=94.1 d_final=0.0
 Retrying in 1 seconds
[shaping_diag] success_cum_shaping=282.39 T=172 d_init=94.1 d_final=0.0
 Retrying in 1 seconds
[shaping_diag] success_cum_shaping=282.39 T=195 d_init=94.1 d_final=0.0
Warning: Vehicle 'ego'; collision with vehicle 'other2', lane='right_out_0', gap=-0.09, time=16.30 stage=move.
 Retrying in 1 seconds
 Retrying in 1 seconds
[shaping_diag] success_cum_shaping=282.39 T=217 d_init=94.1 d_final=0.0
 Retrying in 1 seconds
[shaping_diag] success_cum_shaping=282.39 T=237 d_init=94.1 d_final=0.0
 Retrying in 1 seconds
[shaping_diag] success_cum_shaping=282.39 T=194 d_init=94.1 d_final=0.0
 Retrying in 1 seconds
 Retrying in 1 seconds
[shaping_diag] success_cum_shaping=282.39 T=103 d_init=94.1 d_final=0.0
 Retrying in 1 seconds
[shaping_diag] success_cum_shaping=282.39 T=103 d_init=94.1 d_final=0.0
 Retrying in 1 seconds
[shaping_diag] success_cum_shaping=282.39 T=103 d_init=94.1 d_final=0.0
 Retrying in 1 seconds
[shaping_diag] success_cum_shaping=282.39 T=102 d_init=94.1 d_final=0.0
 Retrying in 1 seconds
[shaping_diag] success_cum_shaping=282.39 T=102 d_init=94.1 d_final=0.0
 Retrying in 1 seconds
[shaping_diag] success_cum_shaping=282.39 T=102 d_init=94.1 d_final=0.0
Warning: Vehicle 'other' performs emergency braking on lane ':center_8_0' with decel=9.00, wished=6.00, severity=1.00, time=7.10.
 Retrying in 1 seconds
[shaping_diag] success_cum_shaping=282.39 T=102 d_init=94.1 d_final=0.0
 Retrying in 1 seconds
[shaping_diag] success_cum_shaping=282.39 T=102 d_init=94.1 d_final=0.0
 Retrying in 1 seconds
 Retrying in 1 seconds
[shaping_diag] success_cum_shaping=282.39 T=103 d_init=94.1 d_final=0.0
[drppo] step=86016 ret=223.91 coll=1 ttc=6.93
 Retrying in 1 seconds
[shaping_diag] success_cum_shaping=282.39 T=176 d_init=94.1 d_final=0.0
 Retrying in 1 seconds
[shaping_diag] success_cum_shaping=282.39 T=198 d_init=94.1 d_final=0.0
Warning: Vehicle 'ego'; collision with vehicle 'other2', lane='right_out_0', gap=-1.01, time=12.60 stage=move.
 Retrying in 1 seconds
 Retrying in 1 seconds
[shaping_diag] success_cum_shaping=282.39 T=169 d_init=94.1 d_final=0.0
 Retrying in 1 seconds
[shaping_diag] success_cum_shaping=282.39 T=200 d_init=94.1 d_final=0.0
 Retrying in 1 seconds
 Retrying in 1 seconds
[shaping_diag] success_cum_shaping=282.39 T=204 d_init=94.1 d_final=0.0
 Retrying in 1 seconds
[shaping_diag] success_cum_shaping=282.39 T=185 d_init=94.1 d_final=0.0
 Retrying in 1 seconds
[shaping_diag] success_cum_shaping=282.39 T=231 d_init=94.1 d_final=0.0
 Retrying in 1 seconds
[shaping_diag] success_cum_shaping=282.39 T=185 d_init=94.1 d_final=0.0
 Retrying in 1 seconds
[shaping_diag] success_cum_shaping=282.39 T=210 d_init=94.1 d_final=0.0
 Retrying in 1 seconds
[shaping_diag] success_cum_shaping=282.39 T=190 d_init=94.1 d_final=0.0
 Retrying in 1 seconds
[shaping_diag] success_cum_shaping=282.39 T=143 d_init=94.1 d_final=0.0
 Retrying in 1 seconds
[shaping_diag] success_cum_shaping=282.39 T=204 d_init=94.1 d_final=0.0
Warning: Vehicle 'other2' performs emergency braking on lane ':center_8_0' with decel=9.00, wished=4.00, severity=1.00, time=11.50.
 Retrying in 1 seconds
[shaping_diag] success_cum_shaping=282.39 T=151 d_init=94.1 d_final=0.0
 Retrying in 1 seconds
[shaping_diag] success_cum_shaping=282.39 T=202 d_init=94.1 d_final=0.0
 Retrying in 1 seconds
[shaping_diag] success_cum_shaping=282.39 T=209 d_init=94.1 d_final=0.0
 Retrying in 1 seconds
[shaping_diag] success_cum_shaping=282.39 T=206 d_init=94.1 d_final=0.0
 Retrying in 1 seconds
[shaping_diag] success_cum_shaping=282.39 T=228 d_init=94.1 d_final=0.0
 Retrying in 1 seconds
[shaping_diag] success_cum_shaping=282.39 T=137 d_init=94.1 d_final=0.0
 Retrying in 1 seconds
[shaping_diag] success_cum_shaping=282.39 T=153 d_init=94.1 d_final=0.0
 Retrying in 1 seconds
[shaping_diag] success_cum_shaping=282.39 T=188 d_init=94.1 d_final=0.0
 Retrying in 1 seconds
 Retrying in 1 seconds
[shaping_diag] success_cum_shaping=282.39 T=218 d_init=94.1 d_final=0.0
 Retrying in 1 seconds
[shaping_diag] success_cum_shaping=282.39 T=159 d_init=94.1 d_final=0.0
 Retrying in 1 seconds
[shaping_diag] success_cum_shaping=282.39 T=160 d_init=94.1 d_final=0.0
 Retrying in 1 seconds
[shaping_diag] success_cum_shaping=282.39 T=188 d_init=94.1 d_final=0.0
 Retrying in 1 seconds
[shaping_diag] success_cum_shaping=282.39 T=199 d_init=94.1 d_final=0.0
 Retrying in 1 seconds
[shaping_diag] success_cum_shaping=282.39 T=203 d_init=94.1 d_final=0.0
 Retrying in 1 seconds
[shaping_diag] success_cum_shaping=282.39 T=200 d_init=94.1 d_final=0.0
 Retrying in 1 seconds
[shaping_diag] success_cum_shaping=282.39 T=168 d_init=94.1 d_final=0.0
 Retrying in 1 seconds
[shaping_diag] success_cum_shaping=282.39 T=243 d_init=94.1 d_final=0.0
 Retrying in 1 seconds
[shaping_diag] success_cum_shaping=282.39 T=149 d_init=94.1 d_final=0.0
 Retrying in 1 seconds
[shaping_diag] success_cum_shaping=282.39 T=151 d_init=94.1 d_final=0.0
 Retrying in 1 seconds
[shaping_diag] success_cum_shaping=282.39 T=138 d_init=94.1 d_final=0.0
 Retrying in 1 seconds
[shaping_diag] success_cum_shaping=282.39 T=145 d_init=94.1 d_final=0.0
 Retrying in 1 seconds
[shaping_diag] success_cum_shaping=282.39 T=170 d_init=94.1 d_final=0.0
 Retrying in 1 seconds
[shaping_diag] success_cum_shaping=282.39 T=228 d_init=94.1 d_final=0.0
 Retrying in 1 seconds
[shaping_diag] success_cum_shaping=282.39 T=186 d_init=94.1 d_final=0.0
 Retrying in 1 seconds
[shaping_diag] success_cum_shaping=282.39 T=135 d_init=94.1 d_final=0.0
 Retrying in 1 seconds
[shaping_diag] success_cum_shaping=282.39 T=172 d_init=94.1 d_final=0.0
 Retrying in 1 seconds
[shaping_diag] success_cum_shaping=282.39 T=169 d_init=94.1 d_final=0.0
 Retrying in 1 seconds
[shaping_diag] success_cum_shaping=282.39 T=210 d_init=94.1 d_final=0.0
 Retrying in 1 seconds
[shaping_diag] success_cum_shaping=282.39 T=155 d_init=94.1 d_final=0.0
 Retrying in 1 seconds
[shaping_diag] success_cum_shaping=282.39 T=156 d_init=94.1 d_final=0.0
 Retrying in 1 seconds
[shaping_diag] success_cum_shaping=282.39 T=146 d_init=94.1 d_final=0.0
 Retrying in 1 seconds
 Retrying in 1 seconds
[shaping_diag] success_cum_shaping=282.39 T=193 d_init=94.1 d_final=0.0
 Retrying in 1 seconds
[shaping_diag] success_cum_shaping=282.39 T=138 d_init=94.1 d_final=0.0
 Retrying in 1 seconds
 Retrying in 1 seconds
[shaping_diag] success_cum_shaping=282.39 T=134 d_init=94.1 d_final=0.0
 Retrying in 1 seconds
[shaping_diag] success_cum_shaping=282.39 T=167 d_init=94.1 d_final=0.0
 Retrying in 1 seconds
[shaping_diag] success_cum_shaping=282.39 T=135 d_init=94.1 d_final=0.0
 Retrying in 1 seconds
[shaping_diag] success_cum_shaping=282.39 T=180 d_init=94.1 d_final=0.0
Warning: Vehicle 'other' performs emergency braking on lane ':center_8_0' with decel=9.00, wished=4.00, severity=1.00, time=9.70.
 Retrying in 1 seconds
[shaping_diag] success_cum_shaping=282.39 T=130 d_init=94.1 d_final=0.0
 Retrying in 1 seconds
[shaping_diag] success_cum_shaping=282.39 T=144 d_init=94.1 d_final=0.0
 Retrying in 1 seconds
[shaping_diag] success_cum_shaping=282.39 T=151 d_init=94.1 d_final=0.0
 Retrying in 1 seconds
[shaping_diag] success_cum_shaping=282.39 T=178 d_init=94.1 d_final=0.0
 Retrying in 1 seconds
[shaping_diag] success_cum_shaping=282.39 T=144 d_init=94.1 d_final=0.0
 Retrying in 1 seconds
[shaping_diag] success_cum_shaping=282.39 T=169 d_init=94.1 d_final=0.0
 Retrying in 1 seconds
[shaping_diag] success_cum_shaping=282.39 T=199 d_init=94.1 d_final=0.0
 Retrying in 1 seconds
[shaping_diag] success_cum_shaping=282.39 T=144 d_init=94.1 d_final=0.0
 Retrying in 1 seconds
[shaping_diag] success_cum_shaping=282.39 T=175 d_init=94.1 d_final=0.0
 Retrying in 1 seconds
[shaping_diag] success_cum_shaping=282.39 T=143 d_init=94.1 d_final=0.0
 Retrying in 1 seconds
[shaping_diag] success_cum_shaping=282.39 T=141 d_init=94.1 d_final=0.0
 Retrying in 1 seconds
[shaping_diag] success_cum_shaping=282.39 T=137 d_init=94.1 d_final=0.0
 Retrying in 1 seconds
[shaping_diag] success_cum_shaping=282.39 T=195 d_init=94.1 d_final=0.0
 Retrying in 1 seconds
[shaping_diag] success_cum_shaping=282.39 T=201 d_init=94.1 d_final=0.0
 Retrying in 1 seconds
[shaping_diag] success_cum_shaping=282.39 T=184 d_init=94.1 d_final=0.0
 Retrying in 1 seconds
[shaping_diag] success_cum_shaping=282.39 T=152 d_init=94.1 d_final=0.0
 Retrying in 1 seconds
[shaping_diag] success_cum_shaping=282.39 T=184 d_init=94.1 d_final=0.0
 Retrying in 1 seconds
[shaping_diag] success_cum_shaping=282.39 T=206 d_init=94.1 d_final=0.0
 Retrying in 1 seconds
 Retrying in 1 seconds
 Retrying in 1 seconds
[shaping_diag] success_cum_shaping=282.39 T=144 d_init=94.1 d_final=0.0
 Retrying in 1 seconds
[shaping_diag] success_cum_shaping=282.39 T=132 d_init=94.1 d_final=0.0
 Retrying in 1 seconds
[shaping_diag] success_cum_shaping=282.39 T=131 d_init=94.1 d_final=0.0
 Retrying in 1 seconds
[shaping_diag] success_cum_shaping=282.39 T=130 d_init=94.1 d_final=0.0
 Retrying in 1 seconds
[shaping_diag] success_cum_shaping=282.39 T=127 d_init=94.1 d_final=0.0
 Retrying in 1 seconds
[shaping_diag] success_cum_shaping=282.39 T=138 d_init=94.1 d_final=0.0
 Retrying in 1 seconds
[shaping_diag] success_cum_shaping=282.39 T=147 d_init=94.1 d_final=0.0
 Retrying in 1 seconds
[shaping_diag] success_cum_shaping=282.39 T=140 d_init=94.1 d_final=0.0
 Retrying in 1 seconds
[shaping_diag] success_cum_shaping=282.39 T=186 d_init=94.1 d_final=0.0
 Retrying in 1 seconds
[shaping_diag] success_cum_shaping=282.39 T=164 d_init=94.1 d_final=0.0
Warning: Vehicle 'other2' performs emergency braking on lane ':center_8_0' with decel=9.00, wished=5.00, severity=1.00, time=10.00.
 Retrying in 1 seconds
[shaping_diag] success_cum_shaping=282.39 T=132 d_init=94.1 d_final=0.0
 Retrying in 1 seconds
[shaping_diag] success_cum_shaping=282.39 T=123 d_init=94.1 d_final=0.0
 Retrying in 1 seconds
[shaping_diag] success_cum_shaping=282.39 T=188 d_init=94.1 d_final=0.0
Warning: Vehicle 'other2' performs emergency braking on lane ':center_8_0' with decel=9.00, wished=5.00, severity=1.00, time=9.70.
 Retrying in 1 seconds
[shaping_diag] success_cum_shaping=282.39 T=130 d_init=94.1 d_final=0.0
Warning: Vehicle 'other2' performs emergency braking on lane ':center_8_0' with decel=9.00, wished=6.00, severity=1.00, time=8.40.
 Retrying in 1 seconds
 Retrying in 1 seconds
[shaping_diag] success_cum_shaping=282.39 T=165 d_init=94.1 d_final=0.0
 Retrying in 1 seconds
[shaping_diag] success_cum_shaping=282.39 T=144 d_init=94.1 d_final=0.0
 Retrying in 1 seconds
[shaping_diag] success_cum_shaping=282.39 T=138 d_init=94.1 d_final=0.0
 Retrying in 1 seconds
[shaping_diag] success_cum_shaping=282.39 T=117 d_init=94.1 d_final=0.0
 Retrying in 1 seconds
[shaping_diag] success_cum_shaping=282.39 T=119 d_init=94.1 d_final=0.0
 Retrying in 1 seconds
 Retrying in 1 seconds
[shaping_diag] success_cum_shaping=282.39 T=138 d_init=94.1 d_final=0.0
 Retrying in 1 seconds
[shaping_diag] success_cum_shaping=282.39 T=119 d_init=94.1 d_final=0.0
 Retrying in 1 seconds
[shaping_diag] success_cum_shaping=282.39 T=195 d_init=94.1 d_final=0.0
 Retrying in 1 seconds
[shaping_diag] success_cum_shaping=282.39 T=119 d_init=94.1 d_final=0.0
Warning: Vehicle 'other2' performs emergency braking on lane ':center_8_0' with decel=9.00, wished=7.00, severity=1.00, time=11.20.
Warning: Vehicle 'ego'; junction collision with vehicle 'other2', lane=':center_4_0', gap=-1.00, time=11.50 stage=move.
 Retrying in 1 seconds
 Retrying in 1 seconds
[shaping_diag] success_cum_shaping=282.39 T=136 d_init=94.1 d_final=0.0
 Retrying in 1 seconds
[shaping_diag] success_cum_shaping=282.39 T=156 d_init=94.1 d_final=0.0
 Retrying in 1 seconds
[shaping_diag] success_cum_shaping=282.39 T=135 d_init=94.1 d_final=0.0
 Retrying in 1 seconds
 Retrying in 1 seconds
[shaping_diag] success_cum_shaping=282.39 T=112 d_init=94.1 d_final=0.0
 Retrying in 1 seconds
[shaping_diag] success_cum_shaping=282.39 T=119 d_init=94.1 d_final=0.0
 Retrying in 1 seconds
 Retrying in 1 seconds
[shaping_diag] success_cum_shaping=282.39 T=119 d_init=94.1 d_final=0.0
 Retrying in 1 seconds
[shaping_diag] success_cum_shaping=282.39 T=126 d_init=94.1 d_final=0.0
Warning: Vehicle 'ego'; junction collision with vehicle 'other', lane=':center_4_0', gap=-1.00, time=8.70 stage=move.
 Retrying in 1 seconds
 Retrying in 1 seconds
[shaping_diag] success_cum_shaping=282.39 T=116 d_init=94.1 d_final=0.0
 Retrying in 1 seconds
[shaping_diag] success_cum_shaping=282.39 T=117 d_init=94.1 d_final=0.0
 Retrying in 1 seconds
[shaping_diag] success_cum_shaping=282.39 T=126 d_init=94.1 d_final=0.0
 Retrying in 1 seconds
[shaping_diag] success_cum_shaping=282.39 T=131 d_init=94.1 d_final=0.0
 Retrying in 1 seconds
[shaping_diag] success_cum_shaping=282.39 T=121 d_init=94.1 d_final=0.0
 Retrying in 1 seconds
[shaping_diag] success_cum_shaping=282.39 T=120 d_init=94.1 d_final=0.0
 Retrying in 1 seconds
[shaping_diag] success_cum_shaping=282.39 T=114 d_init=94.1 d_final=0.0
 Retrying in 1 seconds
[shaping_diag] success_cum_shaping=282.39 T=120 d_init=94.1 d_final=0.0
 Retrying in 1 seconds
[shaping_diag] success_cum_shaping=282.39 T=138 d_init=94.1 d_final=0.0
 Retrying in 1 seconds
[shaping_diag] success_cum_shaping=282.39 T=112 d_init=94.1 d_final=0.0
Warning: Vehicle 'other' performs emergency braking on lane ':center_8_0' with decel=9.00, wished=3.00, severity=1.00, time=9.50.
 Retrying in 1 seconds
[shaping_diag] success_cum_shaping=282.39 T=128 d_init=94.1 d_final=0.0
 Retrying in 1 seconds
[shaping_diag] success_cum_shaping=282.39 T=141 d_init=94.1 d_final=0.0
 Retrying in 1 seconds
[shaping_diag] success_cum_shaping=282.39 T=112 d_init=94.1 d_final=0.0
 Retrying in 1 seconds
[shaping_diag] success_cum_shaping=282.39 T=114 d_init=94.1 d_final=0.0
 Retrying in 1 seconds
[shaping_diag] success_cum_shaping=282.39 T=122 d_init=94.1 d_final=0.0
 Retrying in 1 seconds
 Retrying in 1 seconds
[shaping_diag] success_cum_shaping=282.39 T=134 d_init=94.1 d_final=0.0
Warning: Vehicle 'other' performs emergency braking on lane ':center_8_0' with decel=9.00, wished=4.00, severity=1.00, time=9.90.
 Retrying in 1 seconds
[shaping_diag] success_cum_shaping=282.39 T=132 d_init=94.1 d_final=0.0
 Retrying in 1 seconds
[shaping_diag] success_cum_shaping=282.39 T=119 d_init=94.1 d_final=0.0
 Retrying in 1 seconds
[shaping_diag] success_cum_shaping=282.39 T=120 d_init=94.1 d_final=0.0
 Retrying in 1 seconds
[shaping_diag] success_cum_shaping=282.39 T=127 d_init=94.1 d_final=0.0
 Retrying in 1 seconds
[shaping_diag] success_cum_shaping=282.39 T=115 d_init=94.1 d_final=0.0
 Retrying in 1 seconds
[shaping_diag] success_cum_shaping=282.39 T=117 d_init=94.1 d_final=0.0
 Retrying in 1 seconds
[shaping_diag] success_cum_shaping=282.39 T=140 d_init=94.1 d_final=0.0
Warning: Vehicle 'other2' performs emergency braking on lane ':center_8_0' with decel=9.00, wished=5.00, severity=1.00, time=9.10.
 Retrying in 1 seconds
[shaping_diag] success_cum_shaping=282.39 T=126 d_init=94.1 d_final=0.0
 Retrying in 1 seconds
[shaping_diag] success_cum_shaping=282.39 T=128 d_init=94.1 d_final=0.0
 Retrying in 1 seconds
[shaping_diag] success_cum_shaping=282.39 T=120 d_init=94.1 d_final=0.0
 Retrying in 1 seconds
[shaping_diag] success_cum_shaping=282.39 T=116 d_init=94.1 d_final=0.0
 Retrying in 1 seconds
 Retrying in 1 seconds
[shaping_diag] success_cum_shaping=282.39 T=109 d_init=94.1 d_final=0.0
Warning: Vehicle 'other' performs emergency braking on lane ':center_8_0' with decel=9.00, wished=7.00, severity=1.00, time=7.60.
 Retrying in 1 seconds
[shaping_diag] success_cum_shaping=282.39 T=108 d_init=94.1 d_final=0.0
 Retrying in 1 seconds
[shaping_diag] success_cum_shaping=282.39 T=108 d_init=94.1 d_final=0.0
 Retrying in 1 seconds
[shaping_diag] success_cum_shaping=282.39 T=112 d_init=94.1 d_final=0.0
 Retrying in 1 seconds
[shaping_diag] success_cum_shaping=282.39 T=111 d_init=94.1 d_final=0.0
 Retrying in 1 seconds
[shaping_diag] success_cum_shaping=282.39 T=114 d_init=94.1 d_final=0.0
 Retrying in 1 seconds
[shaping_diag] success_cum_shaping=282.39 T=112 d_init=94.1 d_final=0.0
Warning: Vehicle 'ego'; junction collision with vehicle 'other', lane=':center_4_0', gap=-1.00, time=9.00 stage=move.
 Retrying in 1 seconds
 Retrying in 1 seconds
[shaping_diag] success_cum_shaping=282.39 T=110 d_init=94.1 d_final=0.0
 Retrying in 1 seconds
[shaping_diag] success_cum_shaping=282.39 T=111 d_init=94.1 d_final=0.0
 Retrying in 1 seconds
[shaping_diag] success_cum_shaping=282.39 T=118 d_init=94.1 d_final=0.0
 Retrying in 1 seconds
[shaping_diag] success_cum_shaping=282.39 T=116 d_init=94.1 d_final=0.0
 Retrying in 1 seconds
[shaping_diag] success_cum_shaping=282.39 T=117 d_init=94.1 d_final=0.0
 Retrying in 1 seconds
[shaping_diag] success_cum_shaping=282.39 T=123 d_init=94.1 d_final=0.0
 Retrying in 1 seconds
[shaping_diag] success_cum_shaping=282.39 T=115 d_init=94.1 d_final=0.0
 Retrying in 1 seconds
[shaping_diag] success_cum_shaping=282.39 T=116 d_init=94.1 d_final=0.0
 Retrying in 1 seconds
[shaping_diag] success_cum_shaping=282.39 T=107 d_init=94.1 d_final=0.0
 Retrying in 1 seconds
[shaping_diag] success_cum_shaping=282.39 T=115 d_init=94.1 d_final=0.0
 Retrying in 1 seconds
[shaping_diag] success_cum_shaping=282.39 T=109 d_init=94.1 d_final=0.0
 Retrying in 1 seconds
[shaping_diag] success_cum_shaping=282.39 T=114 d_init=94.1 d_final=0.0
 Retrying in 1 seconds
[shaping_diag] success_cum_shaping=282.39 T=108 d_init=94.1 d_final=0.0
 Retrying in 1 seconds
[shaping_diag] success_cum_shaping=282.39 T=119 d_init=94.1 d_final=0.0
 Retrying in 1 seconds
 Retrying in 1 seconds
[shaping_diag] success_cum_shaping=282.39 T=113 d_init=94.1 d_final=0.0
 Retrying in 1 seconds
[shaping_diag] success_cum_shaping=282.39 T=120 d_init=94.1 d_final=0.0
 Retrying in 1 seconds
[shaping_diag] success_cum_shaping=282.39 T=114 d_init=94.1 d_final=0.0
 Retrying in 1 seconds
[shaping_diag] success_cum_shaping=282.39 T=114 d_init=94.1 d_final=0.0
 Retrying in 1 seconds
[shaping_diag] success_cum_shaping=282.39 T=123 d_init=94.1 d_final=0.0
 Retrying in 1 seconds
[shaping_diag] success_cum_shaping=282.39 T=118 d_init=94.1 d_final=0.0
 Retrying in 1 seconds
[shaping_diag] success_cum_shaping=282.39 T=115 d_init=94.1 d_final=0.0
 Retrying in 1 seconds
[shaping_diag] success_cum_shaping=282.39 T=110 d_init=94.1 d_final=0.0
 Retrying in 1 seconds
[shaping_diag] success_cum_shaping=282.39 T=108 d_init=94.1 d_final=0.0
 Retrying in 1 seconds
[shaping_diag] success_cum_shaping=282.39 T=116 d_init=94.1 d_final=0.0
 Retrying in 1 seconds
[shaping_diag] success_cum_shaping=282.39 T=112 d_init=94.1 d_final=0.0
 Retrying in 1 seconds
[shaping_diag] success_cum_shaping=282.39 T=111 d_init=94.1 d_final=0.0
 Retrying in 1 seconds
[shaping_diag] success_cum_shaping=282.39 T=113 d_init=94.1 d_final=0.0
 Retrying in 1 seconds
 Retrying in 1 seconds
[shaping_diag] success_cum_shaping=282.39 T=112 d_init=94.1 d_final=0.0
 Retrying in 1 seconds
[shaping_diag] success_cum_shaping=282.39 T=109 d_init=94.1 d_final=0.0
 Retrying in 1 seconds
[shaping_diag] success_cum_shaping=282.39 T=112 d_init=94.1 d_final=0.0
 Retrying in 1 seconds
[shaping_diag] success_cum_shaping=282.39 T=115 d_init=94.1 d_final=0.0
 Retrying in 1 seconds
[shaping_diag] success_cum_shaping=282.39 T=111 d_init=94.1 d_final=0.0
 Retrying in 1 seconds
[shaping_diag] success_cum_shaping=282.39 T=113 d_init=94.1 d_final=0.0
 Retrying in 1 seconds
[shaping_diag] success_cum_shaping=282.39 T=109 d_init=94.1 d_final=0.0
 Retrying in 1 seconds
[shaping_diag] success_cum_shaping=282.39 T=107 d_init=94.1 d_final=0.0
 Retrying in 1 seconds
[shaping_diag] success_cum_shaping=282.39 T=107 d_init=94.1 d_final=0.0
 Retrying in 1 seconds
[shaping_diag] success_cum_shaping=282.39 T=106 d_init=94.1 d_final=0.0
 Retrying in 1 seconds
[shaping_diag] success_cum_shaping=282.39 T=111 d_init=94.1 d_final=0.0
 Retrying in 1 seconds
 Retrying in 1 seconds
[shaping_diag] success_cum_shaping=282.39 T=117 d_init=94.1 d_final=0.0
 Retrying in 1 seconds
[shaping_diag] success_cum_shaping=282.39 T=113 d_init=94.1 d_final=0.0
 Retrying in 1 seconds
[shaping_diag] success_cum_shaping=282.39 T=112 d_init=94.1 d_final=0.0
 Retrying in 1 seconds
[shaping_diag] success_cum_shaping=282.39 T=108 d_init=94.1 d_final=0.0
 Retrying in 1 seconds
[shaping_diag] success_cum_shaping=282.39 T=117 d_init=94.1 d_final=0.0
 Retrying in 1 seconds
[shaping_diag] success_cum_shaping=282.39 T=107 d_init=94.1 d_final=0.0
 Retrying in 1 seconds
[shaping_diag] success_cum_shaping=282.39 T=111 d_init=94.1 d_final=0.0
Warning: Vehicle 'other' performs emergency braking on lane ':center_8_0' with decel=9.00, wished=4.00, severity=1.00, time=9.10.
 Retrying in 1 seconds
[shaping_diag] success_cum_shaping=282.39 T=125 d_init=94.1 d_final=0.0
Warning: Vehicle 'other2' performs emergency braking on lane ':center_8_0' with decel=9.00, wished=6.00, severity=1.00, time=7.70.
 Retrying in 1 seconds
[shaping_diag] success_cum_shaping=282.39 T=111 d_init=94.1 d_final=0.0
 Retrying in 1 seconds
[shaping_diag] success_cum_shaping=282.39 T=110 d_init=94.1 d_final=0.0
 Retrying in 1 seconds
[shaping_diag] success_cum_shaping=282.39 T=115 d_init=94.1 d_final=0.0
 Retrying in 1 seconds
[shaping_diag] success_cum_shaping=282.39 T=114 d_init=94.1 d_final=0.0
 Retrying in 1 seconds
[shaping_diag] success_cum_shaping=282.39 T=110 d_init=94.1 d_final=0.0
 Retrying in 1 seconds
[shaping_diag] success_cum_shaping=282.39 T=109 d_init=94.1 d_final=0.0
 Retrying in 1 seconds
[shaping_diag] success_cum_shaping=282.39 T=113 d_init=94.1 d_final=0.0
 Retrying in 1 seconds
[shaping_diag] success_cum_shaping=282.39 T=110 d_init=94.1 d_final=0.0
 Retrying in 1 seconds
[shaping_diag] success_cum_shaping=282.39 T=113 d_init=94.1 d_final=0.0
 Retrying in 1 seconds
[shaping_diag] success_cum_shaping=282.39 T=114 d_init=94.1 d_final=0.0
 Retrying in 1 seconds
[shaping_diag] success_cum_shaping=282.39 T=112 d_init=94.1 d_final=0.0
 Retrying in 1 seconds
[shaping_diag] success_cum_shaping=282.39 T=111 d_init=94.1 d_final=0.0
Warning: Vehicle 'other' performs emergency braking on lane ':center_8_0' with decel=9.00, wished=5.00, severity=1.00, time=8.00.
 Retrying in 1 seconds
[shaping_diag] success_cum_shaping=282.39 T=113 d_init=94.1 d_final=0.0
 Retrying in 1 seconds
[shaping_diag] success_cum_shaping=282.39 T=108 d_init=94.1 d_final=0.0
 Retrying in 1 seconds
[shaping_diag] success_cum_shaping=282.39 T=115 d_init=94.1 d_final=0.0
 Retrying in 1 seconds
[shaping_diag] success_cum_shaping=282.39 T=110 d_init=94.1 d_final=0.0
Warning: Vehicle 'ego'; junction collision with vehicle 'other', lane=':center_4_0', gap=-1.00, time=8.00 stage=move.
 Retrying in 1 seconds
 Retrying in 1 seconds
 Retrying in 1 seconds
[shaping_diag] success_cum_shaping=282.39 T=114 d_init=94.1 d_final=0.0
Warning: Vehicle 'ego'; junction collision with vehicle 'other', lane=':center_4_0', gap=-1.00, time=7.50 stage=move.
 Retrying in 1 seconds
 Retrying in 1 seconds
[shaping_diag] success_cum_shaping=282.39 T=109 d_init=94.1 d_final=0.0
 Retrying in 1 seconds
[shaping_diag] success_cum_shaping=282.39 T=116 d_init=94.1 d_final=0.0
 Retrying in 1 seconds
[shaping_diag] success_cum_shaping=282.39 T=107 d_init=94.1 d_final=0.0
 Retrying in 1 seconds
[shaping_diag] success_cum_shaping=282.39 T=108 d_init=94.1 d_final=0.0
Warning: Vehicle 'ego'; collision with vehicle 'other', lane='right_out_0', gap=-0.73, time=8.20 stage=move.
 Retrying in 1 seconds
 Retrying in 1 seconds
[shaping_diag] success_cum_shaping=282.39 T=109 d_init=94.1 d_final=0.0
 Retrying in 1 seconds
[shaping_diag] success_cum_shaping=282.39 T=112 d_init=94.1 d_final=0.0
 Retrying in 1 seconds
 Retrying in 1 seconds
[shaping_diag] success_cum_shaping=282.39 T=115 d_init=94.1 d_final=0.0
 Retrying in 1 seconds
[shaping_diag] success_cum_shaping=282.39 T=108 d_init=94.1 d_final=0.0
Warning: Vehicle 'other2' performs emergency braking on lane ':center_8_0' with decel=9.00, wished=7.00, severity=1.00, time=8.10.
 Retrying in 1 seconds
[shaping_diag] success_cum_shaping=282.39 T=116 d_init=94.1 d_final=0.0
 Retrying in 1 seconds
[shaping_diag] success_cum_shaping=282.39 T=108 d_init=94.1 d_final=0.0
 Retrying in 1 seconds
[shaping_diag] success_cum_shaping=282.39 T=108 d_init=94.1 d_final=0.0
 Retrying in 1 seconds
[shaping_diag] success_cum_shaping=282.39 T=109 d_init=94.1 d_final=0.0
 Retrying in 1 seconds
[shaping_diag] success_cum_shaping=282.39 T=109 d_init=94.1 d_final=0.0
 Retrying in 1 seconds
[shaping_diag] success_cum_shaping=282.39 T=113 d_init=94.1 d_final=0.0
 Retrying in 1 seconds
[shaping_diag] success_cum_shaping=282.39 T=109 d_init=94.1 d_final=0.0
 Retrying in 1 seconds
[shaping_diag] success_cum_shaping=282.39 T=110 d_init=94.1 d_final=0.0
Warning: Vehicle 'other' performs emergency braking on lane ':center_8_0' with decel=9.00, wished=6.00, severity=1.00, time=7.40.
Warning: Vehicle 'other2' performs emergency braking on lane ':center_8_0' with decel=9.00, wished=7.00, severity=1.00, time=8.40.
 Retrying in 1 seconds
 Retrying in 1 seconds
[shaping_diag] success_cum_shaping=282.39 T=116 d_init=94.1 d_final=0.0
 Retrying in 1 seconds
[shaping_diag] success_cum_shaping=282.39 T=108 d_init=94.1 d_final=0.0
 Retrying in 1 seconds
[shaping_diag] success_cum_shaping=282.39 T=107 d_init=94.1 d_final=0.0
 Retrying in 1 seconds
[shaping_diag] success_cum_shaping=282.39 T=114 d_init=94.1 d_final=0.0
 Retrying in 1 seconds
[shaping_diag] success_cum_shaping=282.39 T=109 d_init=94.1 d_final=0.0
 Retrying in 1 seconds
[shaping_diag] success_cum_shaping=282.39 T=113 d_init=94.1 d_final=0.0
 Retrying in 1 seconds
[shaping_diag] success_cum_shaping=282.39 T=113 d_init=94.1 d_final=0.0
 Retrying in 1 seconds
[shaping_diag] success_cum_shaping=282.39 T=113 d_init=94.1 d_final=0.0
 Retrying in 1 seconds
[shaping_diag] success_cum_shaping=282.39 T=109 d_init=94.1 d_final=0.0
Warning: Vehicle 'other' performs emergency braking on lane ':center_8_0' with decel=9.00, wished=5.00, severity=1.00, time=7.80.
 Retrying in 1 seconds
 Retrying in 1 seconds
[shaping_diag] success_cum_shaping=282.39 T=112 d_init=94.1 d_final=0.0
 Retrying in 1 seconds
 Retrying in 1 seconds
[shaping_diag] success_cum_shaping=282.39 T=106 d_init=94.1 d_final=0.0
 Retrying in 1 seconds
[shaping_diag] success_cum_shaping=282.39 T=108 d_init=94.1 d_final=0.0
 Retrying in 1 seconds
[shaping_diag] success_cum_shaping=282.39 T=116 d_init=94.1 d_final=0.0
 Retrying in 1 seconds
[shaping_diag] success_cum_shaping=282.39 T=114 d_init=94.1 d_final=0.0
 Retrying in 1 seconds
 Retrying in 1 seconds
 Retrying in 1 seconds
[shaping_diag] success_cum_shaping=282.39 T=112 d_init=94.1 d_final=0.0
 Retrying in 1 seconds
[shaping_diag] success_cum_shaping=282.39 T=106 d_init=94.1 d_final=0.0
 Retrying in 1 seconds
[shaping_diag] success_cum_shaping=282.39 T=104 d_init=94.1 d_final=0.0
 Retrying in 1 seconds
[shaping_diag] success_cum_shaping=282.39 T=108 d_init=94.1 d_final=0.0
Warning: Vehicle 'other2' performs emergency braking on lane ':center_8_0' with decel=9.00, wished=6.00, severity=1.00, time=9.00.
Warning: Vehicle 'other' performs emergency braking on lane ':center_8_0' with decel=9.00, wished=5.00, severity=1.00, time=7.80.
 Retrying in 1 seconds
 Retrying in 1 seconds
 Retrying in 1 seconds
[shaping_diag] success_cum_shaping=282.39 T=107 d_init=94.1 d_final=0.0
 Retrying in 1 seconds
 Retrying in 1 seconds
[shaping_diag] success_cum_shaping=282.39 T=108 d_init=94.1 d_final=0.0
 Retrying in 1 seconds
[shaping_diag] success_cum_shaping=282.39 T=119 d_init=94.1 d_final=0.0
 Retrying in 1 seconds
[shaping_diag] success_cum_shaping=282.39 T=111 d_init=94.1 d_final=0.0
 Retrying in 1 seconds
[shaping_diag] success_cum_shaping=282.39 T=108 d_init=94.1 d_final=0.0
 Retrying in 1 seconds
[shaping_diag] success_cum_shaping=282.39 T=109 d_init=94.1 d_final=0.0
 Retrying in 1 seconds
[shaping_diag] success_cum_shaping=282.39 T=107 d_init=94.1 d_final=0.0
 Retrying in 1 seconds
[shaping_diag] success_cum_shaping=282.39 T=108 d_init=94.1 d_final=0.0
 Retrying in 1 seconds
[shaping_diag] success_cum_shaping=282.39 T=105 d_init=94.1 d_final=0.0
 Retrying in 1 seconds
[shaping_diag] success_cum_shaping=282.39 T=110 d_init=94.1 d_final=0.0
 Retrying in 1 seconds
[shaping_diag] success_cum_shaping=282.39 T=107 d_init=94.1 d_final=0.0
 Retrying in 1 seconds
[shaping_diag] success_cum_shaping=282.39 T=108 d_init=94.1 d_final=0.0
 Retrying in 1 seconds
 Retrying in 1 seconds
[shaping_diag] success_cum_shaping=282.39 T=105 d_init=94.1 d_final=0.0
 Retrying in 1 seconds
[shaping_diag] success_cum_shaping=282.39 T=110 d_init=94.1 d_final=0.0
 Retrying in 1 seconds
[shaping_diag] success_cum_shaping=282.39 T=109 d_init=94.1 d_final=0.0
 Retrying in 1 seconds
[shaping_diag] success_cum_shaping=282.39 T=111 d_init=94.1 d_final=0.0
 Retrying in 1 seconds
[shaping_diag] success_cum_shaping=282.39 T=106 d_init=94.1 d_final=0.0
Warning: Vehicle 'ego'; collision with vehicle 'other', lane='right_out_0', gap=-1.74, time=7.70 stage=move.
 Retrying in 1 seconds
 Retrying in 1 seconds
[shaping_diag] success_cum_shaping=282.39 T=105 d_init=94.1 d_final=0.0
 Retrying in 1 seconds
[shaping_diag] success_cum_shaping=282.39 T=108 d_init=94.1 d_final=0.0
 Retrying in 1 seconds
[shaping_diag] success_cum_shaping=282.39 T=108 d_init=94.1 d_final=0.0
 Retrying in 1 seconds
[shaping_diag] success_cum_shaping=282.39 T=117 d_init=94.1 d_final=0.0
 Retrying in 1 seconds
[shaping_diag] success_cum_shaping=282.39 T=107 d_init=94.1 d_final=0.0
 Retrying in 1 seconds
[shaping_diag] success_cum_shaping=282.39 T=113 d_init=94.1 d_final=0.0
 Retrying in 1 seconds
[shaping_diag] success_cum_shaping=282.39 T=108 d_init=94.1 d_final=0.0
Warning: Vehicle 'ego'; collision with vehicle 'other', lane='right_out_0', gap=-1.12, time=8.60 stage=move.
 Retrying in 1 seconds
 Retrying in 1 seconds
[shaping_diag] success_cum_shaping=282.39 T=111 d_init=94.1 d_final=0.0
 Retrying in 1 seconds
[shaping_diag] success_cum_shaping=282.39 T=110 d_init=94.1 d_final=0.0
 Retrying in 1 seconds
[shaping_diag] success_cum_shaping=282.39 T=111 d_init=94.1 d_final=0.0
 Retrying in 1 seconds
[shaping_diag] success_cum_shaping=282.39 T=110 d_init=94.1 d_final=0.0
 Retrying in 1 seconds
[shaping_diag] success_cum_shaping=282.39 T=107 d_init=94.1 d_final=0.0
 Retrying in 1 seconds
 Retrying in 1 seconds
[shaping_diag] success_cum_shaping=282.39 T=106 d_init=94.1 d_final=0.0
 Retrying in 1 seconds
[shaping_diag] success_cum_shaping=282.39 T=106 d_init=94.1 d_final=0.0
 Retrying in 1 seconds
[shaping_diag] success_cum_shaping=282.39 T=107 d_init=94.1 d_final=0.0
 Retrying in 1 seconds
[shaping_diag] success_cum_shaping=282.39 T=112 d_init=94.1 d_final=0.0
 Retrying in 1 seconds
[shaping_diag] success_cum_shaping=282.39 T=105 d_init=94.1 d_final=0.0
 Retrying in 1 seconds
[shaping_diag] success_cum_shaping=282.39 T=108 d_init=94.1 d_final=0.0
 Retrying in 1 seconds
[shaping_diag] success_cum_shaping=282.39 T=107 d_init=94.1 d_final=0.0
 Retrying in 1 seconds
[shaping_diag] success_cum_shaping=282.39 T=108 d_init=94.1 d_final=0.0
 Retrying in 1 seconds
[shaping_diag] success_cum_shaping=282.39 T=114 d_init=94.1 d_final=0.0
 Retrying in 1 seconds
[shaping_diag] success_cum_shaping=282.39 T=114 d_init=94.1 d_final=0.0
 Retrying in 1 seconds
[shaping_diag] success_cum_shaping=282.39 T=114 d_init=94.1 d_final=0.0
 Retrying in 1 seconds
[shaping_diag] success_cum_shaping=282.39 T=106 d_init=94.1 d_final=0.0
Warning: Vehicle 'other' performs emergency braking on lane ':center_8_0' with decel=9.00, wished=5.00, severity=1.00, time=8.00.
Warning: Vehicle 'other'; junction collision with vehicle 'ego', lane=':center_8_0', gap=-1.00, time=8.30 stage=move.
 Retrying in 1 seconds
 Retrying in 1 seconds
[shaping_diag] success_cum_shaping=282.39 T=108 d_init=94.1 d_final=0.0
Warning: Vehicle 'other' performs emergency braking on lane ':center_8_0' with decel=9.00, wished=5.00, severity=1.00, time=7.40.
Warning: Vehicle 'other' performs emergency braking on lane ':center_8_0' with decel=9.00, wished=7.00, severity=1.00, time=7.40.
 Retrying in 1 seconds
 Retrying in 1 seconds
 Retrying in 1 seconds
[shaping_diag] success_cum_shaping=282.39 T=106 d_init=94.1 d_final=0.0
 Retrying in 1 seconds
[shaping_diag] success_cum_shaping=282.39 T=110 d_init=94.1 d_final=0.0
 Retrying in 1 seconds
[shaping_diag] success_cum_shaping=282.39 T=112 d_init=94.1 d_final=0.0
Warning: Vehicle 'other' performs emergency braking on lane ':center_8_0' with decel=9.00, wished=5.00, severity=1.00, time=7.70.
Warning: Vehicle 'ego'; junction collision with vehicle 'other', lane=':center_4_0', gap=-1.00, time=8.00 stage=move.
 Retrying in 1 seconds
 Retrying in 1 seconds
[shaping_diag] success_cum_shaping=282.39 T=112 d_init=94.1 d_final=0.0
 Retrying in 1 seconds
[shaping_diag] success_cum_shaping=282.39 T=107 d_init=94.1 d_final=0.0
 Retrying in 1 seconds
[shaping_diag] success_cum_shaping=282.39 T=108 d_init=94.1 d_final=0.0
Warning: Vehicle 'other' performs emergency braking on lane ':center_8_0' with decel=9.00, wished=5.00, severity=1.00, time=7.40.
 Retrying in 1 seconds
[shaping_diag] success_cum_shaping=282.39 T=106 d_init=94.1 d_final=0.0
 Retrying in 1 seconds
[shaping_diag] success_cum_shaping=282.39 T=109 d_init=94.1 d_final=0.0
Warning: Vehicle 'ego'; junction collision with vehicle 'other', lane=':center_4_0', gap=-1.00, time=7.60 stage=move.
 Retrying in 1 seconds
 Retrying in 1 seconds
[shaping_diag] success_cum_shaping=282.39 T=111 d_init=94.1 d_final=0.0
 Retrying in 1 seconds
[shaping_diag] success_cum_shaping=282.39 T=112 d_init=94.1 d_final=0.0
 Retrying in 1 seconds
[shaping_diag] success_cum_shaping=282.39 T=116 d_init=94.1 d_final=0.0
 Retrying in 1 seconds
[shaping_diag] success_cum_shaping=282.39 T=107 d_init=94.1 d_final=0.0
 Retrying in 1 seconds
[shaping_diag] success_cum_shaping=282.39 T=111 d_init=94.1 d_final=0.0
 Retrying in 1 seconds
[shaping_diag] success_cum_shaping=282.39 T=104 d_init=94.1 d_final=0.0
Warning: Vehicle 'other' performs emergency braking on lane ':center_8_0' with decel=9.00, wished=5.00, severity=1.00, time=7.60.
 Retrying in 1 seconds
 Retrying in 1 seconds
[shaping_diag] success_cum_shaping=282.39 T=106 d_init=94.1 d_final=0.0
 Retrying in 1 seconds
[shaping_diag] success_cum_shaping=282.39 T=124 d_init=94.1 d_final=0.0
 Retrying in 1 seconds
[shaping_diag] success_cum_shaping=282.39 T=114 d_init=94.1 d_final=0.0
 Retrying in 1 seconds
[shaping_diag] success_cum_shaping=282.39 T=108 d_init=94.1 d_final=0.0
 Retrying in 1 seconds
[shaping_diag] success_cum_shaping=282.39 T=106 d_init=94.1 d_final=0.0
 Retrying in 1 seconds
[shaping_diag] success_cum_shaping=282.39 T=110 d_init=94.1 d_final=0.0
 Retrying in 1 seconds
 Retrying in 1 seconds
[shaping_diag] success_cum_shaping=282.39 T=102 d_init=94.1 d_final=0.0
 Retrying in 1 seconds
[shaping_diag] success_cum_shaping=282.39 T=102 d_init=94.1 d_final=0.0
 Retrying in 1 seconds
[shaping_diag] success_cum_shaping=282.39 T=102 d_init=94.1 d_final=0.0
 Retrying in 1 seconds
[shaping_diag] success_cum_shaping=282.39 T=102 d_init=94.1 d_final=0.0
 Retrying in 1 seconds
[shaping_diag] success_cum_shaping=282.39 T=102 d_init=94.1 d_final=0.0
 Retrying in 1 seconds
[shaping_diag] success_cum_shaping=282.39 T=102 d_init=94.1 d_final=0.0
 Retrying in 1 seconds
[shaping_diag] success_cum_shaping=282.39 T=102 d_init=94.1 d_final=0.0
 Retrying in 1 seconds
[shaping_diag] success_cum_shaping=282.39 T=102 d_init=94.1 d_final=0.0
 Retrying in 1 seconds
[shaping_diag] success_cum_shaping=282.39 T=102 d_init=94.1 d_final=0.0
 Retrying in 1 seconds
[shaping_diag] success_cum_shaping=282.39 T=102 d_init=94.1 d_final=0.0
[drppo] step=126976 ret=275.53 coll=0 ttc=6.54
 Retrying in 1 seconds
[shaping_diag] success_cum_shaping=282.39 T=114 d_init=94.1 d_final=0.0
 Retrying in 1 seconds
[shaping_diag] success_cum_shaping=282.39 T=103 d_init=94.1 d_final=0.0
 Retrying in 1 seconds
[shaping_diag] success_cum_shaping=282.39 T=106 d_init=94.1 d_final=0.0
 Retrying in 1 seconds
[shaping_diag] success_cum_shaping=282.39 T=111 d_init=94.1 d_final=0.0
 Retrying in 1 seconds
[shaping_diag] success_cum_shaping=282.39 T=106 d_init=94.1 d_final=0.0
 Retrying in 1 seconds
[shaping_diag] success_cum_shaping=282.39 T=105 d_init=94.1 d_final=0.0
 Retrying in 1 seconds
[shaping_diag] success_cum_shaping=282.39 T=107 d_init=94.1 d_final=0.0
 Retrying in 1 seconds
[shaping_diag] success_cum_shaping=282.39 T=107 d_init=94.1 d_final=0.0
 Retrying in 1 seconds
[shaping_diag] success_cum_shaping=282.39 T=107 d_init=94.1 d_final=0.0
 Retrying in 1 seconds
[shaping_diag] success_cum_shaping=282.39 T=108 d_init=94.1 d_final=0.0
 Retrying in 1 seconds
[shaping_diag] success_cum_shaping=282.39 T=109 d_init=94.1 d_final=0.0
 Retrying in 1 seconds
[shaping_diag] success_cum_shaping=282.39 T=104 d_init=94.1 d_final=0.0
 Retrying in 1 seconds
[shaping_diag] success_cum_shaping=282.39 T=108 d_init=94.1 d_final=0.0
 Retrying in 1 seconds
[shaping_diag] success_cum_shaping=282.39 T=103 d_init=94.1 d_final=0.0
 Retrying in 1 seconds
[shaping_diag] success_cum_shaping=282.39 T=105 d_init=94.1 d_final=0.0
 Retrying in 1 seconds
[shaping_diag] success_cum_shaping=282.39 T=111 d_init=94.1 d_final=0.0
 Retrying in 1 seconds
[shaping_diag] success_cum_shaping=282.39 T=106 d_init=94.1 d_final=0.0
 Retrying in 1 seconds
[shaping_diag] success_cum_shaping=282.39 T=107 d_init=94.1 d_final=0.0
 Retrying in 1 seconds
[shaping_diag] success_cum_shaping=282.39 T=113 d_init=94.1 d_final=0.0
 Retrying in 1 seconds
[shaping_diag] success_cum_shaping=282.39 T=113 d_init=94.1 d_final=0.0
 Retrying in 1 seconds
[shaping_diag] success_cum_shaping=282.39 T=104 d_init=94.1 d_final=0.0
Warning: Vehicle 'other' performs emergency braking on lane ':center_8_0' with decel=9.00, wished=5.00, severity=1.00, time=7.80.
 Retrying in 1 seconds
 Retrying in 1 seconds
[shaping_diag] success_cum_shaping=282.39 T=107 d_init=94.1 d_final=0.0
 Retrying in 1 seconds
[shaping_diag] success_cum_shaping=282.39 T=107 d_init=94.1 d_final=0.0
Warning: Vehicle 'other' performs emergency braking on lane ':center_8_0' with decel=9.00, wished=7.00, severity=1.00, time=7.60.
Warning: Vehicle 'ego'; junction collision with vehicle 'other', lane=':center_4_0', gap=-1.00, time=7.90 stage=move.
 Retrying in 1 seconds
 Retrying in 1 seconds
[shaping_diag] success_cum_shaping=282.39 T=110 d_init=94.1 d_final=0.0
Warning: Vehicle 'ego'; collision with vehicle 'other', lane='right_out_0', gap=-2.02, time=7.80 stage=move.
 Retrying in 1 seconds
 Retrying in 1 seconds
[shaping_diag] success_cum_shaping=282.39 T=110 d_init=94.1 d_final=0.0
 Retrying in 1 seconds
[shaping_diag] success_cum_shaping=282.39 T=108 d_init=94.1 d_final=0.0
 Retrying in 1 seconds
[shaping_diag] success_cum_shaping=282.39 T=107 d_init=94.1 d_final=0.0
 Retrying in 1 seconds
[shaping_diag] success_cum_shaping=282.39 T=107 d_init=94.1 d_final=0.0
 Retrying in 1 seconds
[shaping_diag] success_cum_shaping=282.39 T=105 d_init=94.1 d_final=0.0
 Retrying in 1 seconds
[shaping_diag] success_cum_shaping=282.39 T=110 d_init=94.1 d_final=0.0
 Retrying in 1 seconds
[shaping_diag] success_cum_shaping=282.39 T=111 d_init=94.1 d_final=0.0
Warning: Vehicle 'other' performs emergency braking on lane ':center_8_0' with decel=9.00, wished=7.00, severity=1.00, time=7.70.
Warning: Vehicle 'other'; junction collision with vehicle 'ego', lane=':center_8_0', gap=-1.00, time=8.10 stage=move.
 Retrying in 1 seconds
 Retrying in 1 seconds
[shaping_diag] success_cum_shaping=282.39 T=107 d_init=94.1 d_final=0.0
 Retrying in 1 seconds
[shaping_diag] success_cum_shaping=282.39 T=110 d_init=94.1 d_final=0.0
 Retrying in 1 seconds
[shaping_diag] success_cum_shaping=282.39 T=104 d_init=94.1 d_final=0.0
 Retrying in 1 seconds
[shaping_diag] success_cum_shaping=282.39 T=109 d_init=94.1 d_final=0.0
 Retrying in 1 seconds
 Retrying in 1 seconds
[shaping_diag] success_cum_shaping=282.39 T=108 d_init=94.1 d_final=0.0
 Retrying in 1 seconds
[shaping_diag] success_cum_shaping=282.39 T=105 d_init=94.1 d_final=0.0
 Retrying in 1 seconds
[shaping_diag] success_cum_shaping=282.39 T=106 d_init=94.1 d_final=0.0
 Retrying in 1 seconds
[shaping_diag] success_cum_shaping=282.39 T=107 d_init=94.1 d_final=0.0
 Retrying in 1 seconds
[shaping_diag] success_cum_shaping=282.39 T=107 d_init=94.1 d_final=0.0
 Retrying in 1 seconds
[shaping_diag] success_cum_shaping=282.39 T=109 d_init=94.1 d_final=0.0
 Retrying in 1 seconds
[shaping_diag] success_cum_shaping=282.39 T=113 d_init=94.1 d_final=0.0
 Retrying in 1 seconds
[shaping_diag] success_cum_shaping=282.39 T=111 d_init=94.1 d_final=0.0
 Retrying in 1 seconds
[shaping_diag] success_cum_shaping=282.39 T=103 d_init=94.1 d_final=0.0
 Retrying in 1 seconds
[shaping_diag] success_cum_shaping=282.39 T=105 d_init=94.1 d_final=0.0
 Retrying in 1 seconds
[shaping_diag] success_cum_shaping=282.39 T=109 d_init=94.1 d_final=0.0
 Retrying in 1 seconds
[shaping_diag] success_cum_shaping=282.39 T=113 d_init=94.1 d_final=0.0
Warning: Vehicle 'other' performs emergency braking on lane ':center_8_0' with decel=9.00, wished=5.00, severity=1.00, time=7.80.
 Retrying in 1 seconds
 Retrying in 1 seconds
[shaping_diag] success_cum_shaping=282.39 T=112 d_init=94.1 d_final=0.0
 Retrying in 1 seconds
[shaping_diag] success_cum_shaping=282.39 T=108 d_init=94.1 d_final=0.0
 Retrying in 1 seconds
[shaping_diag] success_cum_shaping=282.39 T=111 d_init=94.1 d_final=0.0
 Retrying in 1 seconds
[shaping_diag] success_cum_shaping=282.39 T=108 d_init=94.1 d_final=0.0
 Retrying in 1 seconds
[shaping_diag] success_cum_shaping=282.39 T=105 d_init=94.1 d_final=0.0
 Retrying in 1 seconds
[shaping_diag] success_cum_shaping=282.39 T=104 d_init=94.1 d_final=0.0
 Retrying in 1 seconds
[shaping_diag] success_cum_shaping=282.39 T=105 d_init=94.1 d_final=0.0
 Retrying in 1 seconds
[shaping_diag] success_cum_shaping=282.39 T=104 d_init=94.1 d_final=0.0
Warning: Vehicle 'other' performs emergency braking on lane ':center_8_0' with decel=9.00, wished=5.00, severity=1.00, time=7.50.
 Retrying in 1 seconds
[shaping_diag] success_cum_shaping=282.39 T=107 d_init=94.1 d_final=0.0
 Retrying in 1 seconds
[shaping_diag] success_cum_shaping=282.39 T=104 d_init=94.1 d_final=0.0
 Retrying in 1 seconds
[shaping_diag] success_cum_shaping=282.39 T=106 d_init=94.1 d_final=0.0
 Retrying in 1 seconds
[shaping_diag] success_cum_shaping=282.39 T=106 d_init=94.1 d_final=0.0
Warning: Vehicle 'other' performs emergency braking on lane ':center_8_0' with decel=9.00, wished=7.00, severity=1.00, time=7.50.
 Retrying in 1 seconds
[shaping_diag] success_cum_shaping=282.39 T=107 d_init=94.1 d_final=0.0
 Retrying in 1 seconds
[shaping_diag] success_cum_shaping=282.39 T=108 d_init=94.1 d_final=0.0
Warning: Vehicle 'other2' performs emergency braking on lane ':center_8_0' with decel=9.00, wished=6.00, severity=1.00, time=7.60.
 Retrying in 1 seconds
[shaping_diag] success_cum_shaping=282.39 T=108 d_init=94.1 d_final=0.0
 Retrying in 1 seconds
[shaping_diag] success_cum_shaping=282.39 T=111 d_init=94.1 d_final=0.0
 Retrying in 1 seconds
[shaping_diag] success_cum_shaping=282.39 T=108 d_init=94.1 d_final=0.0
 Retrying in 1 seconds
[shaping_diag] success_cum_shaping=282.39 T=109 d_init=94.1 d_final=0.0
 Retrying in 1 seconds
[shaping_diag] success_cum_shaping=282.39 T=109 d_init=94.1 d_final=0.0
Warning: Vehicle 'ego'; junction collision with vehicle 'other', lane=':center_4_0', gap=-1.00, time=7.50 stage=move.
 Retrying in 1 seconds
 Retrying in 1 seconds
[shaping_diag] success_cum_shaping=282.39 T=110 d_init=94.1 d_final=0.0
 Retrying in 1 seconds
[shaping_diag] success_cum_shaping=282.39 T=107 d_init=94.1 d_final=0.0
 Retrying in 1 seconds
[shaping_diag] success_cum_shaping=282.39 T=111 d_init=94.1 d_final=0.0
 Retrying in 1 seconds
[shaping_diag] success_cum_shaping=282.39 T=111 d_init=94.1 d_final=0.0
Warning: Vehicle 'other' performs emergency braking on lane ':center_8_0' with decel=9.00, wished=7.00, severity=1.00, time=7.50.
 Retrying in 1 seconds
[shaping_diag] success_cum_shaping=282.39 T=108 d_init=94.1 d_final=0.0
Warning: Vehicle 'other' performs emergency braking on lane ':center_8_0' with decel=9.00, wished=5.00, severity=1.00, time=7.30.
 Retrying in 1 seconds
 Retrying in 1 seconds
[shaping_diag] success_cum_shaping=282.39 T=105 d_init=94.1 d_final=0.0
 Retrying in 1 seconds
[shaping_diag] success_cum_shaping=282.39 T=105 d_init=94.1 d_final=0.0
 Retrying in 1 seconds
[shaping_diag] success_cum_shaping=282.39 T=108 d_init=94.1 d_final=0.0
 Retrying in 1 seconds
[shaping_diag] success_cum_shaping=282.39 T=105 d_init=94.1 d_final=0.0
 Retrying in 1 seconds
[shaping_diag] success_cum_shaping=282.39 T=107 d_init=94.1 d_final=0.0
 Retrying in 1 seconds
[shaping_diag] success_cum_shaping=282.39 T=105 d_init=94.1 d_final=0.0
Warning: Vehicle 'other' performs emergency braking on lane ':center_8_0' with decel=9.00, wished=5.00, severity=1.00, time=7.50.
 Retrying in 1 seconds
[shaping_diag] success_cum_shaping=282.39 T=107 d_init=94.1 d_final=0.0
 Retrying in 1 seconds
[shaping_diag] success_cum_shaping=282.39 T=106 d_init=94.1 d_final=0.0
 Retrying in 1 seconds
[shaping_diag] success_cum_shaping=282.39 T=107 d_init=94.1 d_final=0.0
Warning: Vehicle 'ego'; collision with vehicle 'other', lane='right_out_0', gap=-1.00, time=7.90 stage=move.
 Retrying in 1 seconds
 Retrying in 1 seconds
[shaping_diag] success_cum_shaping=282.39 T=105 d_init=94.1 d_final=0.0
 Retrying in 1 seconds
[shaping_diag] success_cum_shaping=282.39 T=103 d_init=94.1 d_final=0.0
Warning: Vehicle 'ego'; collision with vehicle 'other', lane='right_out_0', gap=-0.60, time=8.00 stage=move.
 Retrying in 1 seconds
 Retrying in 1 seconds
[shaping_diag] success_cum_shaping=282.39 T=107 d_init=94.1 d_final=0.0
 Retrying in 1 seconds
[shaping_diag] success_cum_shaping=282.39 T=113 d_init=94.1 d_final=0.0
 Retrying in 1 seconds
[shaping_diag] success_cum_shaping=282.39 T=105 d_init=94.1 d_final=0.0
 Retrying in 1 seconds
[shaping_diag] success_cum_shaping=282.39 T=105 d_init=94.1 d_final=0.0
 Retrying in 1 seconds
[shaping_diag] success_cum_shaping=282.39 T=105 d_init=94.1 d_final=0.0
 Retrying in 1 seconds
[shaping_diag] success_cum_shaping=282.39 T=104 d_init=94.1 d_final=0.0
 Retrying in 1 seconds
 Retrying in 1 seconds
[shaping_diag] success_cum_shaping=282.39 T=107 d_init=94.1 d_final=0.0
 Retrying in 1 seconds
[shaping_diag] success_cum_shaping=282.39 T=107 d_init=94.1 d_final=0.0
 Retrying in 1 seconds
[shaping_diag] success_cum_shaping=282.39 T=107 d_init=94.1 d_final=0.0
 Retrying in 1 seconds
[shaping_diag] success_cum_shaping=282.39 T=106 d_init=94.1 d_final=0.0
 Retrying in 1 seconds
[shaping_diag] success_cum_shaping=282.39 T=111 d_init=94.1 d_final=0.0
 Retrying in 1 seconds
[shaping_diag] success_cum_shaping=282.39 T=104 d_init=94.1 d_final=0.0
 Retrying in 1 seconds
[shaping_diag] success_cum_shaping=282.39 T=109 d_init=94.1 d_final=0.0
 Retrying in 1 seconds
[shaping_diag] success_cum_shaping=282.39 T=108 d_init=94.1 d_final=0.0
 Retrying in 1 seconds
[shaping_diag] success_cum_shaping=282.39 T=104 d_init=94.1 d_final=0.0
 Retrying in 1 seconds
[shaping_diag] success_cum_shaping=282.39 T=109 d_init=94.1 d_final=0.0
 Retrying in 1 seconds
[shaping_diag] success_cum_shaping=282.39 T=105 d_init=94.1 d_final=0.0
 Retrying in 1 seconds
[shaping_diag] success_cum_shaping=282.39 T=110 d_init=94.1 d_final=0.0
 Retrying in 1 seconds
[shaping_diag] success_cum_shaping=282.39 T=104 d_init=94.1 d_final=0.0
 Retrying in 1 seconds
[shaping_diag] success_cum_shaping=282.39 T=107 d_init=94.1 d_final=0.0
 Retrying in 1 seconds
[shaping_diag] success_cum_shaping=282.39 T=107 d_init=94.1 d_final=0.0
 Retrying in 1 seconds
[shaping_diag] success_cum_shaping=282.39 T=108 d_init=94.1 d_final=0.0
 Retrying in 1 seconds
[shaping_diag] success_cum_shaping=282.39 T=109 d_init=94.1 d_final=0.0
Warning: Vehicle 'other' performs emergency braking on lane ':center_8_0' with decel=9.00, wished=5.00, severity=1.00, time=7.60.
 Retrying in 1 seconds
[shaping_diag] success_cum_shaping=282.39 T=108 d_init=94.1 d_final=0.0
 Retrying in 1 seconds
[shaping_diag] success_cum_shaping=282.39 T=110 d_init=94.1 d_final=0.0
 Retrying in 1 seconds
 Retrying in 1 seconds
[shaping_diag] success_cum_shaping=282.39 T=109 d_init=94.1 d_final=0.0
 Retrying in 1 seconds
[shaping_diag] success_cum_shaping=282.39 T=104 d_init=94.1 d_final=0.0
 Retrying in 1 seconds
[shaping_diag] success_cum_shaping=282.39 T=106 d_init=94.1 d_final=0.0
 Retrying in 1 seconds
[shaping_diag] success_cum_shaping=282.39 T=105 d_init=94.1 d_final=0.0
 Retrying in 1 seconds
[shaping_diag] success_cum_shaping=282.39 T=106 d_init=94.1 d_final=0.0
 Retrying in 1 seconds
[shaping_diag] success_cum_shaping=282.39 T=103 d_init=94.1 d_final=0.0
 Retrying in 1 seconds
[shaping_diag] success_cum_shaping=282.39 T=107 d_init=94.1 d_final=0.0
 Retrying in 1 seconds
[shaping_diag] success_cum_shaping=282.39 T=109 d_init=94.1 d_final=0.0
 Retrying in 1 seconds
 Retrying in 1 seconds
[shaping_diag] success_cum_shaping=282.39 T=109 d_init=94.1 d_final=0.0
 Retrying in 1 seconds
[shaping_diag] success_cum_shaping=282.39 T=105 d_init=94.1 d_final=0.0
 Retrying in 1 seconds
[shaping_diag] success_cum_shaping=282.39 T=105 d_init=94.1 d_final=0.0
 Retrying in 1 seconds
[shaping_diag] success_cum_shaping=282.39 T=107 d_init=94.1 d_final=0.0
 Retrying in 1 seconds
[shaping_diag] success_cum_shaping=282.39 T=105 d_init=94.1 d_final=0.0
 Retrying in 1 seconds
[shaping_diag] success_cum_shaping=282.39 T=107 d_init=94.1 d_final=0.0
 Retrying in 1 seconds
[shaping_diag] success_cum_shaping=282.39 T=106 d_init=94.1 d_final=0.0
 Retrying in 1 seconds
[shaping_diag] success_cum_shaping=282.39 T=111 d_init=94.1 d_final=0.0
 Retrying in 1 seconds
[shaping_diag] success_cum_shaping=282.39 T=105 d_init=94.1 d_final=0.0
 Retrying in 1 seconds
[shaping_diag] success_cum_shaping=282.39 T=107 d_init=94.1 d_final=0.0
Warning: Vehicle 'other' performs emergency braking on lane ':center_8_0' with decel=9.00, wished=5.00, severity=1.00, time=7.60.
 Retrying in 1 seconds
 Retrying in 1 seconds
[shaping_diag] success_cum_shaping=282.39 T=109 d_init=94.1 d_final=0.0
Warning: Vehicle 'other2' performs emergency braking on lane ':center_8_0' with decel=9.00, wished=7.00, severity=1.00, time=8.30.
 Retrying in 1 seconds
[shaping_diag] success_cum_shaping=282.39 T=115 d_init=94.1 d_final=0.0
 Retrying in 1 seconds
[shaping_diag] success_cum_shaping=282.39 T=106 d_init=94.1 d_final=0.0
 Retrying in 1 seconds
[shaping_diag] success_cum_shaping=282.39 T=104 d_init=94.1 d_final=0.0
 Retrying in 1 seconds
[shaping_diag] success_cum_shaping=282.39 T=111 d_init=94.1 d_final=0.0
 Retrying in 1 seconds
[shaping_diag] success_cum_shaping=282.39 T=111 d_init=94.1 d_final=0.0
 Retrying in 1 seconds
[shaping_diag] success_cum_shaping=282.39 T=105 d_init=94.1 d_final=0.0
 Retrying in 1 seconds
[shaping_diag] success_cum_shaping=282.39 T=104 d_init=94.1 d_final=0.0
 Retrying in 1 seconds
[shaping_diag] success_cum_shaping=282.39 T=111 d_init=94.1 d_final=0.0
 Retrying in 1 seconds
[shaping_diag] success_cum_shaping=282.39 T=106 d_init=94.1 d_final=0.0
 Retrying in 1 seconds
[shaping_diag] success_cum_shaping=282.39 T=108 d_init=94.1 d_final=0.0
 Retrying in 1 seconds
[shaping_diag] success_cum_shaping=282.39 T=108 d_init=94.1 d_final=0.0
 Retrying in 1 seconds
[shaping_diag] success_cum_shaping=282.39 T=104 d_init=94.1 d_final=0.0
 Retrying in 1 seconds
[shaping_diag] success_cum_shaping=282.39 T=105 d_init=94.1 d_final=0.0
 Retrying in 1 seconds
[shaping_diag] success_cum_shaping=282.39 T=112 d_init=94.1 d_final=0.0
 Retrying in 1 seconds
[shaping_diag] success_cum_shaping=282.39 T=110 d_init=94.1 d_final=0.0
Warning: Vehicle 'other' performs emergency braking on lane ':center_8_0' with decel=9.00, wished=5.00, severity=1.00, time=7.30.
 Retrying in 1 seconds
[shaping_diag] success_cum_shaping=282.39 T=104 d_init=94.1 d_final=0.0
 Retrying in 1 seconds
[shaping_diag] success_cum_shaping=282.39 T=103 d_init=94.1 d_final=0.0
Warning: Vehicle 'other' performs emergency braking on lane ':center_8_0' with decel=9.00, wished=6.00, severity=1.00, time=7.10.
 Retrying in 1 seconds
 Retrying in 1 seconds
[shaping_diag] success_cum_shaping=282.39 T=103 d_init=94.1 d_final=0.0
 Retrying in 1 seconds
[shaping_diag] success_cum_shaping=282.39 T=103 d_init=94.1 d_final=0.0
 Retrying in 1 seconds
[shaping_diag] success_cum_shaping=282.39 T=107 d_init=94.1 d_final=0.0
 Retrying in 1 seconds
[shaping_diag] success_cum_shaping=282.39 T=103 d_init=94.1 d_final=0.0
 Retrying in 1 seconds
[shaping_diag] success_cum_shaping=282.39 T=103 d_init=94.1 d_final=0.0
 Retrying in 1 seconds
[shaping_diag] success_cum_shaping=282.39 T=108 d_init=94.1 d_final=0.0
 Retrying in 1 seconds
[shaping_diag] success_cum_shaping=282.39 T=111 d_init=94.1 d_final=0.0
 Retrying in 1 seconds
[shaping_diag] success_cum_shaping=282.39 T=109 d_init=94.1 d_final=0.0
Warning: Vehicle 'other' performs emergency braking on lane ':center_8_0' with decel=9.00, wished=5.00, severity=1.00, time=7.20.
 Retrying in 1 seconds
[shaping_diag] success_cum_shaping=282.39 T=103 d_init=94.1 d_final=0.0
 Retrying in 1 seconds
[shaping_diag] success_cum_shaping=282.39 T=105 d_init=94.1 d_final=0.0
Warning: Vehicle 'ego'; collision with vehicle 'other', lane='right_out_0', gap=-1.25, time=7.90 stage=move.
 Retrying in 1 seconds
 Retrying in 1 seconds
[shaping_diag] success_cum_shaping=282.39 T=106 d_init=94.1 d_final=0.0
 Retrying in 1 seconds
[shaping_diag] success_cum_shaping=282.39 T=110 d_init=94.1 d_final=0.0
 Retrying in 1 seconds
[shaping_diag] success_cum_shaping=282.39 T=106 d_init=94.1 d_final=0.0
 Retrying in 1 seconds
[shaping_diag] success_cum_shaping=282.39 T=105 d_init=94.1 d_final=0.0
 Retrying in 1 seconds
[shaping_diag] success_cum_shaping=282.39 T=102 d_init=94.1 d_final=0.0
 Retrying in 1 seconds
[shaping_diag] success_cum_shaping=282.39 T=106 d_init=94.1 d_final=0.0
 Retrying in 1 seconds
[shaping_diag] success_cum_shaping=282.39 T=105 d_init=94.1 d_final=0.0
 Retrying in 1 seconds
[shaping_diag] success_cum_shaping=282.39 T=110 d_init=94.1 d_final=0.0
 Retrying in 1 seconds
[shaping_diag] success_cum_shaping=282.39 T=104 d_init=94.1 d_final=0.0
 Retrying in 1 seconds
[shaping_diag] success_cum_shaping=282.39 T=106 d_init=94.1 d_final=0.0
 Retrying in 1 seconds
[shaping_diag] success_cum_shaping=282.39 T=104 d_init=94.1 d_final=0.0
 Retrying in 1 seconds
[shaping_diag] success_cum_shaping=282.39 T=109 d_init=94.1 d_final=0.0
 Retrying in 1 seconds
[shaping_diag] success_cum_shaping=282.39 T=109 d_init=94.1 d_final=0.0
 Retrying in 1 seconds
[shaping_diag] success_cum_shaping=282.39 T=108 d_init=94.1 d_final=0.0
 Retrying in 1 seconds
[shaping_diag] success_cum_shaping=282.39 T=111 d_init=94.1 d_final=0.0
 Retrying in 1 seconds
[shaping_diag] success_cum_shaping=282.39 T=109 d_init=94.1 d_final=0.0
 Retrying in 1 seconds
[shaping_diag] success_cum_shaping=282.39 T=111 d_init=94.1 d_final=0.0
 Retrying in 1 seconds
[shaping_diag] success_cum_shaping=282.39 T=106 d_init=94.1 d_final=0.0
 Retrying in 1 seconds
[shaping_diag] success_cum_shaping=282.39 T=106 d_init=94.1 d_final=0.0
 Retrying in 1 seconds
[shaping_diag] success_cum_shaping=282.39 T=110 d_init=94.1 d_final=0.0
 Retrying in 1 seconds
[shaping_diag] success_cum_shaping=282.39 T=104 d_init=94.1 d_final=0.0
 Retrying in 1 seconds
[shaping_diag] success_cum_shaping=282.39 T=108 d_init=94.1 d_final=0.0
 Retrying in 1 seconds
[shaping_diag] success_cum_shaping=282.39 T=109 d_init=94.1 d_final=0.0
 Retrying in 1 seconds
[shaping_diag] success_cum_shaping=282.39 T=104 d_init=94.1 d_final=0.0
 Retrying in 1 seconds
[shaping_diag] success_cum_shaping=282.39 T=106 d_init=94.1 d_final=0.0
Warning: Vehicle 'other' performs emergency braking on lane ':center_8_0' with decel=9.00, wished=7.00, severity=1.00, time=7.50.
 Retrying in 1 seconds
[shaping_diag] success_cum_shaping=282.39 T=109 d_init=94.1 d_final=0.0
 Retrying in 1 seconds
[shaping_diag] success_cum_shaping=282.39 T=107 d_init=94.1 d_final=0.0
Warning: Vehicle 'ego'; collision with vehicle 'other', lane='right_out_0', gap=-0.69, time=8.10 stage=move.
Warning: Vehicle 'ego'; collision with vehicle 'other', lane='right_out_0', gap=-2.01, time=7.90 stage=move.
 Retrying in 1 seconds
 Retrying in 1 seconds
 Retrying in 1 seconds
 Retrying in 1 seconds
[shaping_diag] success_cum_shaping=282.39 T=113 d_init=94.1 d_final=0.0
 Retrying in 1 seconds
[shaping_diag] success_cum_shaping=282.39 T=103 d_init=94.1 d_final=0.0
 Retrying in 1 seconds
[shaping_diag] success_cum_shaping=282.39 T=107 d_init=94.1 d_final=0.0
 Retrying in 1 seconds
[shaping_diag] success_cum_shaping=282.39 T=108 d_init=94.1 d_final=0.0
 Retrying in 1 seconds
[shaping_diag] success_cum_shaping=282.39 T=106 d_init=94.1 d_final=0.0
 Retrying in 1 seconds
[shaping_diag] success_cum_shaping=282.39 T=104 d_init=94.1 d_final=0.0
 Retrying in 1 seconds
[shaping_diag] success_cum_shaping=282.39 T=106 d_init=94.1 d_final=0.0
Warning: Vehicle 'other' performs emergency braking on lane ':center_8_0' with decel=9.00, wished=5.00, severity=1.00, time=7.70.
 Retrying in 1 seconds
 Retrying in 1 seconds
[shaping_diag] success_cum_shaping=282.39 T=107 d_init=94.1 d_final=0.0
 Retrying in 1 seconds
[shaping_diag] success_cum_shaping=282.39 T=108 d_init=94.1 d_final=0.0
 Retrying in 1 seconds
[shaping_diag] success_cum_shaping=282.39 T=107 d_init=94.1 d_final=0.0
 Retrying in 1 seconds
[shaping_diag] success_cum_shaping=282.39 T=107 d_init=94.1 d_final=0.0
 Retrying in 1 seconds
[shaping_diag] success_cum_shaping=282.39 T=106 d_init=94.1 d_final=0.0
 Retrying in 1 seconds
[shaping_diag] success_cum_shaping=282.39 T=107 d_init=94.1 d_final=0.0
 Retrying in 1 seconds
[shaping_diag] success_cum_shaping=282.39 T=103 d_init=94.1 d_final=0.0
 Retrying in 1 seconds
[shaping_diag] success_cum_shaping=282.39 T=110 d_init=94.1 d_final=0.0
 Retrying in 1 seconds
[shaping_diag] success_cum_shaping=282.39 T=107 d_init=94.1 d_final=0.0
 Retrying in 1 seconds
[shaping_diag] success_cum_shaping=282.39 T=103 d_init=94.1 d_final=0.0
 Retrying in 1 seconds
[shaping_diag] success_cum_shaping=282.39 T=105 d_init=94.1 d_final=0.0
 Retrying in 1 seconds
[shaping_diag] success_cum_shaping=282.39 T=106 d_init=94.1 d_final=0.0
 Retrying in 1 seconds
[shaping_diag] success_cum_shaping=282.39 T=106 d_init=94.1 d_final=0.0
 Retrying in 1 seconds
[shaping_diag] success_cum_shaping=282.39 T=108 d_init=94.1 d_final=0.0
 Retrying in 1 seconds
[shaping_diag] success_cum_shaping=282.39 T=105 d_init=94.1 d_final=0.0
 Retrying in 1 seconds
[shaping_diag] success_cum_shaping=282.39 T=105 d_init=94.1 d_final=0.0
Warning: Vehicle 'ego'; collision with vehicle 'other', lane='right_out_0', gap=-0.68, time=7.90 stage=move.
 Retrying in 1 seconds
 Retrying in 1 seconds
[shaping_diag] success_cum_shaping=282.39 T=106 d_init=94.1 d_final=0.0
 Retrying in 1 seconds
[shaping_diag] success_cum_shaping=282.39 T=106 d_init=94.1 d_final=0.0
 Retrying in 1 seconds
[shaping_diag] success_cum_shaping=282.39 T=104 d_init=94.1 d_final=0.0
 Retrying in 1 seconds
[shaping_diag] success_cum_shaping=282.39 T=107 d_init=94.1 d_final=0.0
 Retrying in 1 seconds
[shaping_diag] success_cum_shaping=282.39 T=109 d_init=94.1 d_final=0.0
 Retrying in 1 seconds
[shaping_diag] success_cum_shaping=282.39 T=109 d_init=94.1 d_final=0.0
 Retrying in 1 seconds
[shaping_diag] success_cum_shaping=282.39 T=102 d_init=94.1 d_final=0.0
 Retrying in 1 seconds
[shaping_diag] success_cum_shaping=282.39 T=103 d_init=94.1 d_final=0.0
 Retrying in 1 seconds
[shaping_diag] success_cum_shaping=282.39 T=105 d_init=94.1 d_final=0.0
 Retrying in 1 seconds
[shaping_diag] success_cum_shaping=282.39 T=104 d_init=94.1 d_final=0.0
 Retrying in 1 seconds
[shaping_diag] success_cum_shaping=282.39 T=105 d_init=94.1 d_final=0.0
 Retrying in 1 seconds
[shaping_diag] success_cum_shaping=282.39 T=104 d_init=94.1 d_final=0.0
 Retrying in 1 seconds
 Retrying in 1 seconds
[shaping_diag] success_cum_shaping=282.39 T=105 d_init=94.1 d_final=0.0
 Retrying in 1 seconds
[shaping_diag] success_cum_shaping=282.39 T=103 d_init=94.1 d_final=0.0
 Retrying in 1 seconds
[shaping_diag] success_cum_shaping=282.39 T=102 d_init=94.1 d_final=0.0
 Retrying in 1 seconds
[shaping_diag] success_cum_shaping=282.39 T=108 d_init=94.1 d_final=0.0
 Retrying in 1 seconds
[shaping_diag] success_cum_shaping=282.39 T=104 d_init=94.1 d_final=0.0
 Retrying in 1 seconds
[shaping_diag] success_cum_shaping=282.39 T=103 d_init=94.1 d_final=0.0
 Retrying in 1 seconds
[shaping_diag] success_cum_shaping=282.39 T=102 d_init=94.1 d_final=0.0
 Retrying in 1 seconds
[shaping_diag] success_cum_shaping=282.39 T=103 d_init=94.1 d_final=0.0
 Retrying in 1 seconds
[shaping_diag] success_cum_shaping=282.39 T=106 d_init=94.1 d_final=0.0
 Retrying in 1 seconds
[shaping_diag] success_cum_shaping=282.39 T=105 d_init=94.1 d_final=0.0
 Retrying in 1 seconds
[shaping_diag] success_cum_shaping=282.39 T=102 d_init=94.1 d_final=0.0
 Retrying in 1 seconds
[shaping_diag] success_cum_shaping=282.39 T=104 d_init=94.1 d_final=0.0
 Retrying in 1 seconds
[shaping_diag] success_cum_shaping=282.39 T=104 d_init=94.1 d_final=0.0
 Retrying in 1 seconds
[shaping_diag] success_cum_shaping=282.39 T=106 d_init=94.1 d_final=0.0
 Retrying in 1 seconds
[shaping_diag] success_cum_shaping=282.39 T=103 d_init=94.1 d_final=0.0
 Retrying in 1 seconds
[shaping_diag] success_cum_shaping=282.39 T=104 d_init=94.1 d_final=0.0
 Retrying in 1 seconds
[shaping_diag] success_cum_shaping=282.39 T=103 d_init=94.1 d_final=0.0
 Retrying in 1 seconds
[shaping_diag] success_cum_shaping=282.39 T=103 d_init=94.1 d_final=0.0
 Retrying in 1 seconds
[shaping_diag] success_cum_shaping=282.39 T=104 d_init=94.1 d_final=0.0
 Retrying in 1 seconds
[shaping_diag] success_cum_shaping=282.39 T=104 d_init=94.1 d_final=0.0
 Retrying in 1 seconds
[shaping_diag] success_cum_shaping=282.39 T=105 d_init=94.1 d_final=0.0
 Retrying in 1 seconds
[shaping_diag] success_cum_shaping=282.39 T=104 d_init=94.1 d_final=0.0
 Retrying in 1 seconds
[shaping_diag] success_cum_shaping=282.39 T=106 d_init=94.1 d_final=0.0
 Retrying in 1 seconds
[shaping_diag] success_cum_shaping=282.39 T=103 d_init=94.1 d_final=0.0
 Retrying in 1 seconds
[shaping_diag] success_cum_shaping=282.39 T=106 d_init=94.1 d_final=0.0
 Retrying in 1 seconds
[shaping_diag] success_cum_shaping=282.39 T=103 d_init=94.1 d_final=0.0
Warning: Vehicle 'other' performs emergency braking on lane ':center_8_0' with decel=9.00, wished=5.00, severity=1.00, time=7.40.
Warning: Vehicle 'other'; junction collision with vehicle 'ego', lane=':center_8_0', gap=-1.00, time=7.70 stage=move.
 Retrying in 1 seconds
 Retrying in 1 seconds
[shaping_diag] success_cum_shaping=282.39 T=104 d_init=94.1 d_final=0.0
 Retrying in 1 seconds
[shaping_diag] success_cum_shaping=282.39 T=107 d_init=94.1 d_final=0.0
 Retrying in 1 seconds
[shaping_diag] success_cum_shaping=282.39 T=103 d_init=94.1 d_final=0.0
 Retrying in 1 seconds
[shaping_diag] success_cum_shaping=282.39 T=105 d_init=94.1 d_final=0.0
 Retrying in 1 seconds
[shaping_diag] success_cum_shaping=282.39 T=105 d_init=94.1 d_final=0.0
 Retrying in 1 seconds
[shaping_diag] success_cum_shaping=282.39 T=104 d_init=94.1 d_final=0.0
 Retrying in 1 seconds
[shaping_diag] success_cum_shaping=282.39 T=103 d_init=94.1 d_final=0.0
 Retrying in 1 seconds
[shaping_diag] success_cum_shaping=282.39 T=104 d_init=94.1 d_final=0.0
 Retrying in 1 seconds
[shaping_diag] success_cum_shaping=282.39 T=103 d_init=94.1 d_final=0.0
 Retrying in 1 seconds
[shaping_diag] success_cum_shaping=282.39 T=104 d_init=94.1 d_final=0.0
 Retrying in 1 seconds
[shaping_diag] success_cum_shaping=282.39 T=105 d_init=94.1 d_final=0.0
 Retrying in 1 seconds
[shaping_diag] success_cum_shaping=282.39 T=105 d_init=94.1 d_final=0.0
Warning: Vehicle 'other' performs emergency braking on lane ':center_8_0' with decel=9.00, wished=6.00, severity=1.00, time=7.20.
 Retrying in 1 seconds
 Retrying in 1 seconds
[shaping_diag] success_cum_shaping=282.39 T=103 d_init=94.1 d_final=0.0
 Retrying in 1 seconds
[shaping_diag] success_cum_shaping=282.39 T=106 d_init=94.1 d_final=0.0
 Retrying in 1 seconds
[shaping_diag] success_cum_shaping=282.39 T=105 d_init=94.1 d_final=0.0
 Retrying in 1 seconds
[shaping_diag] success_cum_shaping=282.39 T=102 d_init=94.1 d_final=0.0
 Retrying in 1 seconds
[shaping_diag] success_cum_shaping=282.39 T=106 d_init=94.1 d_final=0.0
 Retrying in 1 seconds
[shaping_diag] success_cum_shaping=282.39 T=106 d_init=94.1 d_final=0.0
 Retrying in 1 seconds
[shaping_diag] success_cum_shaping=282.39 T=109 d_init=94.1 d_final=0.0
 Retrying in 1 seconds
[shaping_diag] success_cum_shaping=282.39 T=104 d_init=94.1 d_final=0.0
 Retrying in 1 seconds
[shaping_diag] success_cum_shaping=282.39 T=103 d_init=94.1 d_final=0.0
 Retrying in 1 seconds
[shaping_diag] success_cum_shaping=282.39 T=105 d_init=94.1 d_final=0.0
 Retrying in 1 seconds
[shaping_diag] success_cum_shaping=282.39 T=103 d_init=94.1 d_final=0.0
 Retrying in 1 seconds
[shaping_diag] success_cum_shaping=282.39 T=106 d_init=94.1 d_final=0.0
 Retrying in 1 seconds
[shaping_diag] success_cum_shaping=282.39 T=103 d_init=94.1 d_final=0.0
 Retrying in 1 seconds
[shaping_diag] success_cum_shaping=282.39 T=104 d_init=94.1 d_final=0.0
 Retrying in 1 seconds
[shaping_diag] success_cum_shaping=282.39 T=104 d_init=94.1 d_final=0.0
Warning: Vehicle 'ego'; junction collision with vehicle 'other', lane=':center_4_0', gap=-1.00, time=7.50 stage=move.
 Retrying in 1 seconds
 Retrying in 1 seconds
[shaping_diag] success_cum_shaping=282.39 T=105 d_init=94.1 d_final=0.0
 Retrying in 1 seconds
[shaping_diag] success_cum_shaping=282.39 T=104 d_init=94.1 d_final=0.0
 Retrying in 1 seconds
[shaping_diag] success_cum_shaping=282.39 T=106 d_init=94.1 d_final=0.0
 Retrying in 1 seconds
[shaping_diag] success_cum_shaping=282.39 T=104 d_init=94.1 d_final=0.0
 Retrying in 1 seconds
[shaping_diag] success_cum_shaping=282.39 T=106 d_init=94.1 d_final=0.0
 Retrying in 1 seconds
[shaping_diag] success_cum_shaping=282.39 T=104 d_init=94.1 d_final=0.0
 Retrying in 1 seconds
[shaping_diag] success_cum_shaping=282.39 T=106 d_init=94.1 d_final=0.0
 Retrying in 1 seconds
[shaping_diag] success_cum_shaping=282.39 T=104 d_init=94.1 d_final=0.0
 Retrying in 1 seconds
[shaping_diag] success_cum_shaping=282.39 T=103 d_init=94.1 d_final=0.0
 Retrying in 1 seconds
[shaping_diag] success_cum_shaping=282.39 T=104 d_init=94.1 d_final=0.0
 Retrying in 1 seconds
[shaping_diag] success_cum_shaping=282.39 T=105 d_init=94.1 d_final=0.0
 Retrying in 1 seconds
[shaping_diag] success_cum_shaping=282.39 T=103 d_init=94.1 d_final=0.0
 Retrying in 1 seconds
[shaping_diag] success_cum_shaping=282.39 T=108 d_init=94.1 d_final=0.0
 Retrying in 1 seconds
[shaping_diag] success_cum_shaping=282.39 T=104 d_init=94.1 d_final=0.0
 Retrying in 1 seconds
[shaping_diag] success_cum_shaping=282.39 T=104 d_init=94.1 d_final=0.0
 Retrying in 1 seconds
[shaping_diag] success_cum_shaping=282.39 T=105 d_init=94.1 d_final=0.0
 Retrying in 1 seconds
[shaping_diag] success_cum_shaping=282.39 T=105 d_init=94.1 d_final=0.0
 Retrying in 1 seconds
[shaping_diag] success_cum_shaping=282.39 T=105 d_init=94.1 d_final=0.0
 Retrying in 1 seconds
[shaping_diag] success_cum_shaping=282.39 T=105 d_init=94.1 d_final=0.0
 Retrying in 1 seconds
[shaping_diag] success_cum_shaping=282.39 T=103 d_init=94.1 d_final=0.0
 Retrying in 1 seconds
[shaping_diag] success_cum_shaping=282.39 T=105 d_init=94.1 d_final=0.0
 Retrying in 1 seconds
[shaping_diag] success_cum_shaping=282.39 T=105 d_init=94.1 d_final=0.0
 Retrying in 1 seconds
[shaping_diag] success_cum_shaping=282.39 T=106 d_init=94.1 d_final=0.0
 Retrying in 1 seconds
 Retrying in 1 seconds
[shaping_diag] success_cum_shaping=282.39 T=102 d_init=94.1 d_final=0.0
 Retrying in 1 seconds
[shaping_diag] success_cum_shaping=282.39 T=104 d_init=94.1 d_final=0.0
 Retrying in 1 seconds
[shaping_diag] success_cum_shaping=282.39 T=104 d_init=94.1 d_final=0.0
 Retrying in 1 seconds
[shaping_diag] success_cum_shaping=282.39 T=102 d_init=94.1 d_final=0.0
 Retrying in 1 seconds
[shaping_diag] success_cum_shaping=282.39 T=105 d_init=94.1 d_final=0.0
 Retrying in 1 seconds
[shaping_diag] success_cum_shaping=282.39 T=103 d_init=94.1 d_final=0.0
 Retrying in 1 seconds
[shaping_diag] success_cum_shaping=282.39 T=102 d_init=94.1 d_final=0.0
 Retrying in 1 seconds
[shaping_diag] success_cum_shaping=282.39 T=102 d_init=94.1 d_final=0.0
 Retrying in 1 seconds
[shaping_diag] success_cum_shaping=282.39 T=104 d_init=94.1 d_final=0.0
 Retrying in 1 seconds
[shaping_diag] success_cum_shaping=282.39 T=104 d_init=94.1 d_final=0.0
 Retrying in 1 seconds
[shaping_diag] success_cum_shaping=282.39 T=104 d_init=94.1 d_final=0.0
 Retrying in 1 seconds
[shaping_diag] success_cum_shaping=282.39 T=103 d_init=94.1 d_final=0.0
 Retrying in 1 seconds
[shaping_diag] success_cum_shaping=282.39 T=105 d_init=94.1 d_final=0.0
 Retrying in 1 seconds
[shaping_diag] success_cum_shaping=282.39 T=105 d_init=94.1 d_final=0.0
 Retrying in 1 seconds
[shaping_diag] success_cum_shaping=282.39 T=108 d_init=94.1 d_final=0.0
 Retrying in 1 seconds
[shaping_diag] success_cum_shaping=282.39 T=103 d_init=94.1 d_final=0.0
 Retrying in 1 seconds
[shaping_diag] success_cum_shaping=282.39 T=104 d_init=94.1 d_final=0.0
 Retrying in 1 seconds
[shaping_diag] success_cum_shaping=282.39 T=102 d_init=94.1 d_final=0.0
 Retrying in 1 seconds
 Retrying in 1 seconds
[shaping_diag] success_cum_shaping=282.39 T=104 d_init=94.1 d_final=0.0
 Retrying in 1 seconds
[shaping_diag] success_cum_shaping=282.39 T=106 d_init=94.1 d_final=0.0
 Retrying in 1 seconds
[shaping_diag] success_cum_shaping=282.39 T=105 d_init=94.1 d_final=0.0
 Retrying in 1 seconds
[shaping_diag] success_cum_shaping=282.39 T=105 d_init=94.1 d_final=0.0
 Retrying in 1 seconds
[shaping_diag] success_cum_shaping=282.39 T=105 d_init=94.1 d_final=0.0
 Retrying in 1 seconds
[shaping_diag] success_cum_shaping=282.39 T=104 d_init=94.1 d_final=0.0
 Retrying in 1 seconds
[shaping_diag] success_cum_shaping=282.39 T=104 d_init=94.1 d_final=0.0
 Retrying in 1 seconds
[shaping_diag] success_cum_shaping=282.39 T=104 d_init=94.1 d_final=0.0
 Retrying in 1 seconds
[shaping_diag] success_cum_shaping=282.39 T=102 d_init=94.1 d_final=0.0
 Retrying in 1 seconds
[shaping_diag] success_cum_shaping=282.39 T=102 d_init=94.1 d_final=0.0
 Retrying in 1 seconds
[shaping_diag] success_cum_shaping=282.39 T=106 d_init=94.1 d_final=0.0
Warning: Vehicle 'ego'; collision with vehicle 'other', lane='right_out_0', gap=-0.79, time=7.70 stage=move.
Warning: Vehicle 'ego'; junction collision with vehicle 'other', lane=':center_4_0', gap=-1.00, time=7.10 stage=move.
 Retrying in 1 seconds
 Retrying in 1 seconds
 Retrying in 1 seconds
[shaping_diag] success_cum_shaping=282.39 T=104 d_init=94.1 d_final=0.0
 Retrying in 1 seconds
[shaping_diag] success_cum_shaping=282.39 T=104 d_init=94.1 d_final=0.0
 Retrying in 1 seconds
[shaping_diag] success_cum_shaping=282.39 T=103 d_init=94.1 d_final=0.0
 Retrying in 1 seconds
[shaping_diag] success_cum_shaping=282.39 T=103 d_init=94.1 d_final=0.0
 Retrying in 1 seconds
[shaping_diag] success_cum_shaping=282.39 T=104 d_init=94.1 d_final=0.0
 Retrying in 1 seconds
[shaping_diag] success_cum_shaping=282.39 T=104 d_init=94.1 d_final=0.0
 Retrying in 1 seconds
[shaping_diag] success_cum_shaping=282.39 T=104 d_init=94.1 d_final=0.0
 Retrying in 1 seconds
[shaping_diag] success_cum_shaping=282.39 T=103 d_init=94.1 d_final=0.0
 Retrying in 1 seconds
 Retrying in 1 seconds
[shaping_diag] success_cum_shaping=282.39 T=103 d_init=94.1 d_final=0.0
 Retrying in 1 seconds
[shaping_diag] success_cum_shaping=282.39 T=105 d_init=94.1 d_final=0.0
Warning: Vehicle 'ego'; collision with vehicle 'other', lane='right_out_0', gap=-0.01, time=7.50 stage=move.
 Retrying in 1 seconds
 Retrying in 1 seconds
[shaping_diag] success_cum_shaping=282.39 T=102 d_init=94.1 d_final=0.0
 Retrying in 1 seconds
[shaping_diag] success_cum_shaping=282.39 T=103 d_init=94.1 d_final=0.0
 Retrying in 1 seconds
[shaping_diag] success_cum_shaping=282.39 T=103 d_init=94.1 d_final=0.0
 Retrying in 1 seconds
[shaping_diag] success_cum_shaping=282.39 T=102 d_init=94.1 d_final=0.0
 Retrying in 1 seconds
[shaping_diag] success_cum_shaping=282.39 T=103 d_init=94.1 d_final=0.0
 Retrying in 1 seconds
[shaping_diag] success_cum_shaping=282.39 T=103 d_init=94.1 d_final=0.0
 Retrying in 1 seconds
[shaping_diag] success_cum_shaping=282.39 T=104 d_init=94.1 d_final=0.0
 Retrying in 1 seconds
[shaping_diag] success_cum_shaping=282.39 T=103 d_init=94.1 d_final=0.0
 Retrying in 1 seconds
[shaping_diag] success_cum_shaping=282.39 T=104 d_init=94.1 d_final=0.0
 Retrying in 1 seconds
[shaping_diag] success_cum_shaping=282.39 T=105 d_init=94.1 d_final=0.0
 Retrying in 1 seconds
[shaping_diag] success_cum_shaping=282.39 T=105 d_init=94.1 d_final=0.0
Warning: Vehicle 'other' performs emergency braking on lane ':center_8_0' with decel=9.00, wished=5.00, severity=1.00, time=7.20.
 Retrying in 1 seconds
[shaping_diag] success_cum_shaping=282.39 T=104 d_init=94.1 d_final=0.0
 Retrying in 1 seconds
[shaping_diag] success_cum_shaping=282.39 T=107 d_init=94.1 d_final=0.0
 Retrying in 1 seconds
[shaping_diag] success_cum_shaping=282.39 T=103 d_init=94.1 d_final=0.0
 Retrying in 1 seconds
[shaping_diag] success_cum_shaping=282.39 T=103 d_init=94.1 d_final=0.0
 Retrying in 1 seconds
[shaping_diag] success_cum_shaping=282.39 T=103 d_init=94.1 d_final=0.0
 Retrying in 1 seconds
[shaping_diag] success_cum_shaping=282.39 T=102 d_init=94.1 d_final=0.0
 Retrying in 1 seconds
[shaping_diag] success_cum_shaping=282.39 T=102 d_init=94.1 d_final=0.0
 Retrying in 1 seconds
[shaping_diag] success_cum_shaping=282.39 T=103 d_init=94.1 d_final=0.0
 Retrying in 1 seconds
[shaping_diag] success_cum_shaping=282.39 T=102 d_init=94.1 d_final=0.0
 Retrying in 1 seconds
[shaping_diag] success_cum_shaping=282.39 T=103 d_init=94.1 d_final=0.0
 Retrying in 1 seconds
[shaping_diag] success_cum_shaping=282.39 T=104 d_init=94.1 d_final=0.0
 Retrying in 1 seconds
[shaping_diag] success_cum_shaping=282.39 T=103 d_init=94.1 d_final=0.0
 Retrying in 1 seconds
[shaping_diag] success_cum_shaping=282.39 T=103 d_init=94.1 d_final=0.0
 Retrying in 1 seconds
[shaping_diag] success_cum_shaping=282.39 T=105 d_init=94.1 d_final=0.0
 Retrying in 1 seconds
[shaping_diag] success_cum_shaping=282.39 T=103 d_init=94.1 d_final=0.0
 Retrying in 1 seconds
[shaping_diag] success_cum_shaping=282.39 T=103 d_init=94.1 d_final=0.0
 Retrying in 1 seconds
[shaping_diag] success_cum_shaping=282.39 T=104 d_init=94.1 d_final=0.0
 Retrying in 1 seconds
[shaping_diag] success_cum_shaping=282.39 T=102 d_init=94.1 d_final=0.0
 Retrying in 1 seconds
[shaping_diag] success_cum_shaping=282.39 T=105 d_init=94.1 d_final=0.0
 Retrying in 1 seconds
[shaping_diag] success_cum_shaping=282.39 T=105 d_init=94.1 d_final=0.0
 Retrying in 1 seconds
[shaping_diag] success_cum_shaping=282.39 T=103 d_init=94.1 d_final=0.0
 Retrying in 1 seconds
[shaping_diag] success_cum_shaping=282.39 T=103 d_init=94.1 d_final=0.0
 Retrying in 1 seconds
[shaping_diag] success_cum_shaping=282.39 T=104 d_init=94.1 d_final=0.0
 Retrying in 1 seconds
[shaping_diag] success_cum_shaping=282.39 T=103 d_init=94.1 d_final=0.0
 Retrying in 1 seconds
[shaping_diag] success_cum_shaping=282.39 T=102 d_init=94.1 d_final=0.0
Warning: Vehicle 'ego'; junction collision with vehicle 'other', lane=':center_4_0', gap=-1.00, time=7.20 stage=move.
 Retrying in 1 seconds
 Retrying in 1 seconds
 Retrying in 1 seconds
[shaping_diag] success_cum_shaping=282.39 T=102 d_init=94.1 d_final=0.0
Warning: Vehicle 'ego'; junction collision with vehicle 'other', lane=':center_4_0', gap=-1.00, time=7.20 stage=move.
 Retrying in 1 seconds
 Retrying in 1 seconds
[shaping_diag] success_cum_shaping=282.39 T=102 d_init=94.1 d_final=0.0
 Retrying in 1 seconds
[shaping_diag] success_cum_shaping=282.39 T=102 d_init=94.1 d_final=0.0
 Retrying in 1 seconds
[shaping_diag] success_cum_shaping=282.39 T=102 d_init=94.1 d_final=0.0
 Retrying in 1 seconds
[shaping_diag] success_cum_shaping=282.39 T=102 d_init=94.1 d_final=0.0
 Retrying in 1 seconds
[shaping_diag] success_cum_shaping=282.39 T=102 d_init=94.1 d_final=0.0
 Retrying in 1 seconds
[shaping_diag] success_cum_shaping=282.39 T=102 d_init=94.1 d_final=0.0
 Retrying in 1 seconds
[shaping_diag] success_cum_shaping=282.39 T=102 d_init=94.1 d_final=0.0
 Retrying in 1 seconds
[shaping_diag] success_cum_shaping=282.39 T=102 d_init=94.1 d_final=0.0
[drppo] step=167936 ret=297.47 coll=1 ttc=6.10
 Retrying in 1 seconds
[shaping_diag] success_cum_shaping=282.39 T=104 d_init=94.1 d_final=0.0
 Retrying in 1 seconds
[shaping_diag] success_cum_shaping=282.39 T=103 d_init=94.1 d_final=0.0
 Retrying in 1 seconds
[shaping_diag] success_cum_shaping=282.39 T=103 d_init=94.1 d_final=0.0
 Retrying in 1 seconds
[shaping_diag] success_cum_shaping=282.39 T=103 d_init=94.1 d_final=0.0
 Retrying in 1 seconds
[shaping_diag] success_cum_shaping=282.39 T=102 d_init=94.1 d_final=0.0
 Retrying in 1 seconds
[shaping_diag] success_cum_shaping=282.39 T=104 d_init=94.1 d_final=0.0
 Retrying in 1 seconds
[shaping_diag] success_cum_shaping=282.39 T=103 d_init=94.1 d_final=0.0
 Retrying in 1 seconds
[shaping_diag] success_cum_shaping=282.39 T=103 d_init=94.1 d_final=0.0
 Retrying in 1 seconds
[shaping_diag] success_cum_shaping=282.39 T=103 d_init=94.1 d_final=0.0
 Retrying in 1 seconds
[shaping_diag] success_cum_shaping=282.39 T=104 d_init=94.1 d_final=0.0
 Retrying in 1 seconds
[shaping_diag] success_cum_shaping=282.39 T=104 d_init=94.1 d_final=0.0
 Retrying in 1 seconds
[shaping_diag] success_cum_shaping=282.39 T=103 d_init=94.1 d_final=0.0
 Retrying in 1 seconds
[shaping_diag] success_cum_shaping=282.39 T=103 d_init=94.1 d_final=0.0
 Retrying in 1 seconds
[shaping_diag] success_cum_shaping=282.39 T=103 d_init=94.1 d_final=0.0
 Retrying in 1 seconds
[shaping_diag] success_cum_shaping=282.39 T=104 d_init=94.1 d_final=0.0
 Retrying in 1 seconds
[shaping_diag] success_cum_shaping=282.39 T=104 d_init=94.1 d_final=0.0
 Retrying in 1 seconds
[shaping_diag] success_cum_shaping=282.39 T=102 d_init=94.1 d_final=0.0
 Retrying in 1 seconds
[shaping_diag] success_cum_shaping=282.39 T=104 d_init=94.1 d_final=0.0
 Retrying in 1 seconds
[shaping_diag] success_cum_shaping=282.39 T=102 d_init=94.1 d_final=0.0
 Retrying in 1 seconds
[shaping_diag] success_cum_shaping=282.39 T=102 d_init=94.1 d_final=0.0
 Retrying in 1 seconds
[shaping_diag] success_cum_shaping=282.39 T=103 d_init=94.1 d_final=0.0
 Retrying in 1 seconds
[shaping_diag] success_cum_shaping=282.39 T=102 d_init=94.1 d_final=0.0
 Retrying in 1 seconds
[shaping_diag] success_cum_shaping=282.39 T=102 d_init=94.1 d_final=0.0
 Retrying in 1 seconds
[shaping_diag] success_cum_shaping=282.39 T=102 d_init=94.1 d_final=0.0
 Retrying in 1 seconds
[shaping_diag] success_cum_shaping=282.39 T=103 d_init=94.1 d_final=0.0
 Retrying in 1 seconds
[shaping_diag] success_cum_shaping=282.39 T=103 d_init=94.1 d_final=0.0
 Retrying in 1 seconds
[shaping_diag] success_cum_shaping=282.39 T=103 d_init=94.1 d_final=0.0
 Retrying in 1 seconds
[shaping_diag] success_cum_shaping=282.39 T=102 d_init=94.1 d_final=0.0
 Retrying in 1 seconds
[shaping_diag] success_cum_shaping=282.39 T=104 d_init=94.1 d_final=0.0
 Retrying in 1 seconds
[shaping_diag] success_cum_shaping=282.39 T=102 d_init=94.1 d_final=0.0
 Retrying in 1 seconds
[shaping_diag] success_cum_shaping=282.39 T=102 d_init=94.1 d_final=0.0
 Retrying in 1 seconds
[shaping_diag] success_cum_shaping=282.39 T=102 d_init=94.1 d_final=0.0
 Retrying in 1 seconds
[shaping_diag] success_cum_shaping=282.39 T=104 d_init=94.1 d_final=0.0
 Retrying in 1 seconds
[shaping_diag] success_cum_shaping=282.39 T=102 d_init=94.1 d_final=0.0
Warning: Vehicle 'ego'; junction collision with vehicle 'other', lane=':center_4_0', gap=-1.00, time=7.30 stage=move.
 Retrying in 1 seconds
 Retrying in 1 seconds
 Retrying in 1 seconds
[shaping_diag] success_cum_shaping=282.39 T=102 d_init=94.1 d_final=0.0
 Retrying in 1 seconds
[shaping_diag] success_cum_shaping=282.39 T=104 d_init=94.1 d_final=0.0
 Retrying in 1 seconds
[shaping_diag] success_cum_shaping=282.39 T=104 d_init=94.1 d_final=0.0
Warning: Vehicle 'other' performs emergency braking on lane ':center_8_0' with decel=9.00, wished=6.00, severity=1.00, time=7.10.
 Retrying in 1 seconds
[shaping_diag] success_cum_shaping=282.39 T=102 d_init=94.1 d_final=0.0
 Retrying in 1 seconds
 Retrying in 1 seconds
[shaping_diag] success_cum_shaping=282.39 T=103 d_init=94.1 d_final=0.0
 Retrying in 1 seconds
[shaping_diag] success_cum_shaping=282.39 T=103 d_init=94.1 d_final=0.0
 Retrying in 1 seconds
[shaping_diag] success_cum_shaping=282.39 T=103 d_init=94.1 d_final=0.0
 Retrying in 1 seconds
[shaping_diag] success_cum_shaping=282.39 T=102 d_init=94.1 d_final=0.0
 Retrying in 1 seconds
[shaping_diag] success_cum_shaping=282.39 T=102 d_init=94.1 d_final=0.0
 Retrying in 1 seconds
[shaping_diag] success_cum_shaping=282.39 T=103 d_init=94.1 d_final=0.0
 Retrying in 1 seconds
[shaping_diag] success_cum_shaping=282.39 T=103 d_init=94.1 d_final=0.0
 Retrying in 1 seconds
[shaping_diag] success_cum_shaping=282.39 T=103 d_init=94.1 d_final=0.0
 Retrying in 1 seconds
[shaping_diag] success_cum_shaping=282.39 T=103 d_init=94.1 d_final=0.0
 Retrying in 1 seconds
[shaping_diag] success_cum_shaping=282.39 T=103 d_init=94.1 d_final=0.0
 Retrying in 1 seconds
[shaping_diag] success_cum_shaping=282.39 T=102 d_init=94.1 d_final=0.0
 Retrying in 1 seconds
[shaping_diag] success_cum_shaping=282.39 T=103 d_init=94.1 d_final=0.0
 Retrying in 1 seconds
[shaping_diag] success_cum_shaping=282.39 T=102 d_init=94.1 d_final=0.0
 Retrying in 1 seconds
[shaping_diag] success_cum_shaping=282.39 T=104 d_init=94.1 d_final=0.0
 Retrying in 1 seconds
[shaping_diag] success_cum_shaping=282.39 T=103 d_init=94.1 d_final=0.0
 Retrying in 1 seconds
[shaping_diag] success_cum_shaping=282.39 T=103 d_init=94.1 d_final=0.0
 Retrying in 1 seconds
[shaping_diag] success_cum_shaping=282.39 T=103 d_init=94.1 d_final=0.0
 Retrying in 1 seconds
[shaping_diag] success_cum_shaping=282.39 T=103 d_init=94.1 d_final=0.0
 Retrying in 1 seconds
[shaping_diag] success_cum_shaping=282.39 T=103 d_init=94.1 d_final=0.0
 Retrying in 1 seconds
[shaping_diag] success_cum_shaping=282.39 T=102 d_init=94.1 d_final=0.0
 Retrying in 1 seconds
[shaping_diag] success_cum_shaping=282.39 T=103 d_init=94.1 d_final=0.0
Warning: Vehicle 'other' performs emergency braking on lane ':center_8_0' with decel=9.00, wished=6.00, severity=1.00, time=7.10.
 Retrying in 1 seconds
[shaping_diag] success_cum_shaping=282.39 T=102 d_init=94.1 d_final=0.0
 Retrying in 1 seconds
[shaping_diag] success_cum_shaping=282.39 T=102 d_init=94.1 d_final=0.0
 Retrying in 1 seconds
[shaping_diag] success_cum_shaping=282.39 T=102 d_init=94.1 d_final=0.0
 Retrying in 1 seconds
[shaping_diag] success_cum_shaping=282.39 T=104 d_init=94.1 d_final=0.0
 Retrying in 1 seconds
[shaping_diag] success_cum_shaping=282.39 T=104 d_init=94.1 d_final=0.0
 Retrying in 1 seconds
[shaping_diag] success_cum_shaping=282.39 T=102 d_init=94.1 d_final=0.0
 Retrying in 1 seconds
[shaping_diag] success_cum_shaping=282.39 T=102 d_init=94.1 d_final=0.0
 Retrying in 1 seconds
[shaping_diag] success_cum_shaping=282.39 T=106 d_init=94.1 d_final=0.0
 Retrying in 1 seconds
[shaping_diag] success_cum_shaping=282.39 T=102 d_init=94.1 d_final=0.0
 Retrying in 1 seconds
[shaping_diag] success_cum_shaping=282.39 T=103 d_init=94.1 d_final=0.0
 Retrying in 1 seconds
[shaping_diag] success_cum_shaping=282.39 T=104 d_init=94.1 d_final=0.0
 Retrying in 1 seconds
[shaping_diag] success_cum_shaping=282.39 T=102 d_init=94.1 d_final=0.0
Warning: Vehicle 'other' performs emergency braking on lane ':center_8_0' with decel=9.00, wished=5.00, severity=1.00, time=7.10.
 Retrying in 1 seconds
 Retrying in 1 seconds
[shaping_diag] success_cum_shaping=282.39 T=102 d_init=94.1 d_final=0.0
 Retrying in 1 seconds
[shaping_diag] success_cum_shaping=282.39 T=103 d_init=94.1 d_final=0.0
 Retrying in 1 seconds
[shaping_diag] success_cum_shaping=282.39 T=103 d_init=94.1 d_final=0.0
 Retrying in 1 seconds
[shaping_diag] success_cum_shaping=282.39 T=103 d_init=94.1 d_final=0.0
Warning: Vehicle 'other' performs emergency braking on lane ':center_8_0' with decel=9.00, wished=5.00, severity=1.00, time=7.10.
 Retrying in 1 seconds
 Retrying in 1 seconds
[shaping_diag] success_cum_shaping=282.39 T=105 d_init=94.1 d_final=0.0
 Retrying in 1 seconds
 Retrying in 1 seconds
[shaping_diag] success_cum_shaping=282.39 T=103 d_init=94.1 d_final=0.0
 Retrying in 1 seconds
[shaping_diag] success_cum_shaping=282.39 T=102 d_init=94.1 d_final=0.0
 Retrying in 1 seconds
[shaping_diag] success_cum_shaping=282.39 T=103 d_init=94.1 d_final=0.0
 Retrying in 1 seconds
[shaping_diag] success_cum_shaping=282.39 T=103 d_init=94.1 d_final=0.0
 Retrying in 1 seconds
[shaping_diag] success_cum_shaping=282.39 T=106 d_init=94.1 d_final=0.0
 Retrying in 1 seconds
[shaping_diag] success_cum_shaping=282.39 T=102 d_init=94.1 d_final=0.0
 Retrying in 1 seconds
[shaping_diag] success_cum_shaping=282.39 T=102 d_init=94.1 d_final=0.0
 Retrying in 1 seconds
[shaping_diag] success_cum_shaping=282.39 T=102 d_init=94.1 d_final=0.0
 Retrying in 1 seconds
[shaping_diag] success_cum_shaping=282.39 T=102 d_init=94.1 d_final=0.0
 Retrying in 1 seconds
[shaping_diag] success_cum_shaping=282.39 T=103 d_init=94.1 d_final=0.0
 Retrying in 1 seconds
[shaping_diag] success_cum_shaping=282.39 T=102 d_init=94.1 d_final=0.0
 Retrying in 1 seconds
[shaping_diag] success_cum_shaping=282.39 T=102 d_init=94.1 d_final=0.0
 Retrying in 1 seconds
[shaping_diag] success_cum_shaping=282.39 T=103 d_init=94.1 d_final=0.0
 Retrying in 1 seconds
[shaping_diag] success_cum_shaping=282.39 T=104 d_init=94.1 d_final=0.0
 Retrying in 1 seconds
[shaping_diag] success_cum_shaping=282.39 T=102 d_init=94.1 d_final=0.0
 Retrying in 1 seconds
[shaping_diag] success_cum_shaping=282.39 T=102 d_init=94.1 d_final=0.0
 Retrying in 1 seconds
[shaping_diag] success_cum_shaping=282.39 T=102 d_init=94.1 d_final=0.0
 Retrying in 1 seconds
[shaping_diag] success_cum_shaping=282.39 T=103 d_init=94.1 d_final=0.0
 Retrying in 1 seconds
[shaping_diag] success_cum_shaping=282.39 T=104 d_init=94.1 d_final=0.0
 Retrying in 1 seconds
[shaping_diag] success_cum_shaping=282.39 T=103 d_init=94.1 d_final=0.0
 Retrying in 1 seconds
[shaping_diag] success_cum_shaping=282.39 T=104 d_init=94.1 d_final=0.0
 Retrying in 1 seconds
[shaping_diag] success_cum_shaping=282.39 T=103 d_init=94.1 d_final=0.0
 Retrying in 1 seconds
[shaping_diag] success_cum_shaping=282.39 T=102 d_init=94.1 d_final=0.0
 Retrying in 1 seconds
[shaping_diag] success_cum_shaping=282.39 T=103 d_init=94.1 d_final=0.0
 Retrying in 1 seconds
[shaping_diag] success_cum_shaping=282.39 T=104 d_init=94.1 d_final=0.0
 Retrying in 1 seconds
[shaping_diag] success_cum_shaping=282.39 T=102 d_init=94.1 d_final=0.0
 Retrying in 1 seconds
[shaping_diag] success_cum_shaping=282.39 T=104 d_init=94.1 d_final=0.0
 Retrying in 1 seconds
[shaping_diag] success_cum_shaping=282.39 T=103 d_init=94.1 d_final=0.0
 Retrying in 1 seconds
[shaping_diag] success_cum_shaping=282.39 T=103 d_init=94.1 d_final=0.0
 Retrying in 1 seconds
[shaping_diag] success_cum_shaping=282.39 T=102 d_init=94.1 d_final=0.0
Warning: Vehicle 'ego'; junction collision with vehicle 'other', lane=':center_4_0', gap=-1.00, time=7.20 stage=move.
 Retrying in 1 seconds
 Retrying in 1 seconds
 Retrying in 1 seconds
[shaping_diag] success_cum_shaping=282.39 T=102 d_init=94.1 d_final=0.0
 Retrying in 1 seconds
[shaping_diag] success_cum_shaping=282.39 T=102 d_init=94.1 d_final=0.0
 Retrying in 1 seconds
[shaping_diag] success_cum_shaping=282.39 T=102 d_init=94.1 d_final=0.0
 Retrying in 1 seconds
[shaping_diag] success_cum_shaping=282.39 T=103 d_init=94.1 d_final=0.0
 Retrying in 1 seconds
[shaping_diag] success_cum_shaping=282.39 T=102 d_init=94.1 d_final=0.0
 Retrying in 1 seconds
[shaping_diag] success_cum_shaping=282.39 T=102 d_init=94.1 d_final=0.0
 Retrying in 1 seconds
[shaping_diag] success_cum_shaping=282.39 T=102 d_init=94.1 d_final=0.0
 Retrying in 1 seconds
[shaping_diag] success_cum_shaping=282.39 T=102 d_init=94.1 d_final=0.0
 Retrying in 1 seconds
 Retrying in 1 seconds
[shaping_diag] success_cum_shaping=282.39 T=103 d_init=94.1 d_final=0.0
 Retrying in 1 seconds
[shaping_diag] success_cum_shaping=282.39 T=104 d_init=94.1 d_final=0.0
 Retrying in 1 seconds
[shaping_diag] success_cum_shaping=282.39 T=103 d_init=94.1 d_final=0.0
 Retrying in 1 seconds
 Retrying in 1 seconds
[shaping_diag] success_cum_shaping=282.39 T=104 d_init=94.1 d_final=0.0
 Retrying in 1 seconds
[shaping_diag] success_cum_shaping=282.39 T=102 d_init=94.1 d_final=0.0
 Retrying in 1 seconds
[shaping_diag] success_cum_shaping=282.39 T=102 d_init=94.1 d_final=0.0
 Retrying in 1 seconds
[shaping_diag] success_cum_shaping=282.39 T=104 d_init=94.1 d_final=0.0
 Retrying in 1 seconds
[shaping_diag] success_cum_shaping=282.39 T=102 d_init=94.1 d_final=0.0
 Retrying in 1 seconds
[shaping_diag] success_cum_shaping=282.39 T=102 d_init=94.1 d_final=0.0
 Retrying in 1 seconds
[shaping_diag] success_cum_shaping=282.39 T=102 d_init=94.1 d_final=0.0
 Retrying in 1 seconds
[shaping_diag] success_cum_shaping=282.39 T=103 d_init=94.1 d_final=0.0
 Retrying in 1 seconds
[shaping_diag] success_cum_shaping=282.39 T=103 d_init=94.1 d_final=0.0
 Retrying in 1 seconds
[shaping_diag] success_cum_shaping=282.39 T=103 d_init=94.1 d_final=0.0
 Retrying in 1 seconds
[shaping_diag] success_cum_shaping=282.39 T=104 d_init=94.1 d_final=0.0
 Retrying in 1 seconds
[shaping_diag] success_cum_shaping=282.39 T=103 d_init=94.1 d_final=0.0
 Retrying in 1 seconds
[shaping_diag] success_cum_shaping=282.39 T=102 d_init=94.1 d_final=0.0
 Retrying in 1 seconds
[shaping_diag] success_cum_shaping=282.39 T=104 d_init=94.1 d_final=0.0
 Retrying in 1 seconds
[shaping_diag] success_cum_shaping=282.39 T=103 d_init=94.1 d_final=0.0
Warning: Vehicle 'other' performs emergency braking on lane ':center_8_0' with decel=9.00, wished=5.00, severity=1.00, time=7.30.
 Retrying in 1 seconds
 Retrying in 1 seconds
[shaping_diag] success_cum_shaping=282.39 T=102 d_init=94.1 d_final=0.0
 Retrying in 1 seconds
[shaping_diag] success_cum_shaping=282.39 T=103 d_init=94.1 d_final=0.0
 Retrying in 1 seconds
[shaping_diag] success_cum_shaping=282.39 T=102 d_init=94.1 d_final=0.0
 Retrying in 1 seconds
[shaping_diag] success_cum_shaping=282.39 T=102 d_init=94.1 d_final=0.0
 Retrying in 1 seconds
[shaping_diag] success_cum_shaping=282.39 T=106 d_init=94.1 d_final=0.0
 Retrying in 1 seconds
[shaping_diag] success_cum_shaping=282.39 T=102 d_init=94.1 d_final=0.0
Warning: Vehicle 'ego'; junction collision with vehicle 'other', lane=':center_4_0', gap=-1.00, time=7.30 stage=move.
 Retrying in 1 seconds
 Retrying in 1 seconds
[shaping_diag] success_cum_shaping=282.39 T=103 d_init=94.1 d_final=0.0
 Retrying in 1 seconds
[shaping_diag] success_cum_shaping=282.39 T=106 d_init=94.1 d_final=0.0
 Retrying in 1 seconds
[shaping_diag] success_cum_shaping=282.39 T=102 d_init=94.1 d_final=0.0
 Retrying in 1 seconds
[shaping_diag] success_cum_shaping=282.39 T=102 d_init=94.1 d_final=0.0
Warning: Vehicle 'ego'; junction collision with vehicle 'other', lane=':center_4_0', gap=-1.00, time=7.20 stage=move.
 Retrying in 1 seconds
 Retrying in 1 seconds
[shaping_diag] success_cum_shaping=282.39 T=102 d_init=94.1 d_final=0.0
 Retrying in 1 seconds
 Retrying in 1 seconds
[shaping_diag] success_cum_shaping=282.39 T=103 d_init=94.1 d_final=0.0
 Retrying in 1 seconds
[shaping_diag] success_cum_shaping=282.39 T=103 d_init=94.1 d_final=0.0
 Retrying in 1 seconds
[shaping_diag] success_cum_shaping=282.39 T=103 d_init=94.1 d_final=0.0
 Retrying in 1 seconds
[shaping_diag] success_cum_shaping=282.39 T=104 d_init=94.1 d_final=0.0
 Retrying in 1 seconds
[shaping_diag] success_cum_shaping=282.39 T=105 d_init=94.1 d_final=0.0
Warning: Vehicle 'other' performs emergency braking on lane ':center_8_0' with decel=9.00, wished=5.00, severity=1.00, time=7.30.
 Retrying in 1 seconds
 Retrying in 1 seconds
[shaping_diag] success_cum_shaping=282.39 T=102 d_init=94.1 d_final=0.0
 Retrying in 1 seconds
 Retrying in 1 seconds
[shaping_diag] success_cum_shaping=282.39 T=102 d_init=94.1 d_final=0.0
 Retrying in 1 seconds
[shaping_diag] success_cum_shaping=282.39 T=102 d_init=94.1 d_final=0.0
 Retrying in 1 seconds
[shaping_diag] success_cum_shaping=282.39 T=105 d_init=94.1 d_final=0.0
 Retrying in 1 seconds
[shaping_diag] success_cum_shaping=282.39 T=103 d_init=94.1 d_final=0.0
 Retrying in 1 seconds
[shaping_diag] success_cum_shaping=282.39 T=102 d_init=94.1 d_final=0.0
Warning: Vehicle 'other' performs emergency braking on lane ':center_8_0' with decel=9.00, wished=6.00, severity=1.00, time=7.10.
 Retrying in 1 seconds
[shaping_diag] success_cum_shaping=282.39 T=103 d_init=94.1 d_final=0.0
 Retrying in 1 seconds
[shaping_diag] success_cum_shaping=282.39 T=103 d_init=94.1 d_final=0.0
 Retrying in 1 seconds
[shaping_diag] success_cum_shaping=282.39 T=103 d_init=94.1 d_final=0.0
 Retrying in 1 seconds
[shaping_diag] success_cum_shaping=282.39 T=103 d_init=94.1 d_final=0.0
 Retrying in 1 seconds
[shaping_diag] success_cum_shaping=282.39 T=102 d_init=94.1 d_final=0.0
 Retrying in 1 seconds
[shaping_diag] success_cum_shaping=282.39 T=103 d_init=94.1 d_final=0.0
 Retrying in 1 seconds
[shaping_diag] success_cum_shaping=282.39 T=104 d_init=94.1 d_final=0.0
 Retrying in 1 seconds
[shaping_diag] success_cum_shaping=282.39 T=105 d_init=94.1 d_final=0.0
 Retrying in 1 seconds
[shaping_diag] success_cum_shaping=282.39 T=103 d_init=94.1 d_final=0.0
 Retrying in 1 seconds
[shaping_diag] success_cum_shaping=282.39 T=104 d_init=94.1 d_final=0.0
 Retrying in 1 seconds
[shaping_diag] success_cum_shaping=282.39 T=104 d_init=94.1 d_final=0.0
 Retrying in 1 seconds
[shaping_diag] success_cum_shaping=282.39 T=105 d_init=94.1 d_final=0.0
 Retrying in 1 seconds
[shaping_diag] success_cum_shaping=282.39 T=102 d_init=94.1 d_final=0.0
 Retrying in 1 seconds
[shaping_diag] success_cum_shaping=282.39 T=102 d_init=94.1 d_final=0.0
 Retrying in 1 seconds
[shaping_diag] success_cum_shaping=282.39 T=103 d_init=94.1 d_final=0.0
 Retrying in 1 seconds
[shaping_diag] success_cum_shaping=282.39 T=103 d_init=94.1 d_final=0.0
 Retrying in 1 seconds
[shaping_diag] success_cum_shaping=282.39 T=102 d_init=94.1 d_final=0.0
 Retrying in 1 seconds
[shaping_diag] success_cum_shaping=282.39 T=102 d_init=94.1 d_final=0.0
 Retrying in 1 seconds
[shaping_diag] success_cum_shaping=282.39 T=103 d_init=94.1 d_final=0.0
 Retrying in 1 seconds
[shaping_diag] success_cum_shaping=282.39 T=103 d_init=94.1 d_final=0.0
 Retrying in 1 seconds
[shaping_diag] success_cum_shaping=282.39 T=103 d_init=94.1 d_final=0.0
 Retrying in 1 seconds
[shaping_diag] success_cum_shaping=282.39 T=103 d_init=94.1 d_final=0.0
 Retrying in 1 seconds
[shaping_diag] success_cum_shaping=282.39 T=102 d_init=94.1 d_final=0.0
 Retrying in 1 seconds
[shaping_diag] success_cum_shaping=282.39 T=105 d_init=94.1 d_final=0.0
 Retrying in 1 seconds
[shaping_diag] success_cum_shaping=282.39 T=103 d_init=94.1 d_final=0.0
 Retrying in 1 seconds
[shaping_diag] success_cum_shaping=282.39 T=103 d_init=94.1 d_final=0.0
 Retrying in 1 seconds
[shaping_diag] success_cum_shaping=282.39 T=102 d_init=94.1 d_final=0.0
Warning: Vehicle 'other' performs emergency braking on lane ':center_8_0' with decel=9.00, wished=5.00, severity=1.00, time=7.20.
 Retrying in 1 seconds
[shaping_diag] success_cum_shaping=282.39 T=103 d_init=94.1 d_final=0.0
 Retrying in 1 seconds
[shaping_diag] success_cum_shaping=282.39 T=103 d_init=94.1 d_final=0.0
 Retrying in 1 seconds
[shaping_diag] success_cum_shaping=282.39 T=102 d_init=94.1 d_final=0.0
 Retrying in 1 seconds
[shaping_diag] success_cum_shaping=282.39 T=103 d_init=94.1 d_final=0.0
Warning: Vehicle 'other' performs emergency braking on lane ':center_8_0' with decel=9.00, wished=6.00, severity=1.00, time=7.20.
 Retrying in 1 seconds
 Retrying in 1 seconds
[shaping_diag] success_cum_shaping=282.39 T=102 d_init=94.1 d_final=0.0
 Retrying in 1 seconds
[shaping_diag] success_cum_shaping=282.39 T=102 d_init=94.1 d_final=0.0
Warning: Vehicle 'other' performs emergency braking on lane ':center_8_0' with decel=9.00, wished=7.00, severity=1.00, time=7.10.
Warning: Vehicle 'ego'; junction collision with vehicle 'other', lane=':center_4_0', gap=-1.00, time=7.30 stage=move.
 Retrying in 1 seconds
 Retrying in 1 seconds
 Retrying in 1 seconds
[shaping_diag] success_cum_shaping=282.39 T=104 d_init=94.1 d_final=0.0
Warning: Vehicle 'other' performs emergency braking on lane ':center_8_0' with decel=9.00, wished=6.00, severity=1.00, time=7.20.
 Retrying in 1 seconds
[shaping_diag] success_cum_shaping=282.39 T=103 d_init=94.1 d_final=0.0
 Retrying in 1 seconds
[shaping_diag] success_cum_shaping=282.39 T=102 d_init=94.1 d_final=0.0
Warning: Vehicle 'other' performs emergency braking on lane ':center_8_0' with decel=9.00, wished=7.00, severity=1.00, time=7.20.
 Retrying in 1 seconds
[shaping_diag] success_cum_shaping=282.39 T=103 d_init=94.1 d_final=0.0
 Retrying in 1 seconds
[shaping_diag] success_cum_shaping=282.39 T=103 d_init=94.1 d_final=0.0
 Retrying in 1 seconds
[shaping_diag] success_cum_shaping=282.39 T=103 d_init=94.1 d_final=0.0
 Retrying in 1 seconds
[shaping_diag] success_cum_shaping=282.39 T=106 d_init=94.1 d_final=0.0
 Retrying in 1 seconds
[shaping_diag] success_cum_shaping=282.39 T=104 d_init=94.1 d_final=0.0
 Retrying in 1 seconds
[shaping_diag] success_cum_shaping=282.39 T=105 d_init=94.1 d_final=0.0
 Retrying in 1 seconds
[shaping_diag] success_cum_shaping=282.39 T=103 d_init=94.1 d_final=0.0
 Retrying in 1 seconds
[shaping_diag] success_cum_shaping=282.39 T=103 d_init=94.1 d_final=0.0
 Retrying in 1 seconds
[shaping_diag] success_cum_shaping=282.39 T=104 d_init=94.1 d_final=0.0
 Retrying in 1 seconds
[shaping_diag] success_cum_shaping=282.39 T=102 d_init=94.1 d_final=0.0
 Retrying in 1 seconds
[shaping_diag] success_cum_shaping=282.39 T=103 d_init=94.1 d_final=0.0
 Retrying in 1 seconds
[shaping_diag] success_cum_shaping=282.39 T=105 d_init=94.1 d_final=0.0
 Retrying in 1 seconds
[shaping_diag] success_cum_shaping=282.39 T=104 d_init=94.1 d_final=0.0
 Retrying in 1 seconds
[shaping_diag] success_cum_shaping=282.39 T=104 d_init=94.1 d_final=0.0
 Retrying in 1 seconds
[shaping_diag] success_cum_shaping=282.39 T=103 d_init=94.1 d_final=0.0
 Retrying in 1 seconds
[shaping_diag] success_cum_shaping=282.39 T=102 d_init=94.1 d_final=0.0
 Retrying in 1 seconds
 Retrying in 1 seconds
[shaping_diag] success_cum_shaping=282.39 T=105 d_init=94.1 d_final=0.0
 Retrying in 1 seconds
[shaping_diag] success_cum_shaping=282.39 T=105 d_init=94.1 d_final=0.0
 Retrying in 1 seconds
[shaping_diag] success_cum_shaping=282.39 T=102 d_init=94.1 d_final=0.0
 Retrying in 1 seconds
[shaping_diag] success_cum_shaping=282.39 T=103 d_init=94.1 d_final=0.0
 Retrying in 1 seconds
[shaping_diag] success_cum_shaping=282.39 T=104 d_init=94.1 d_final=0.0
 Retrying in 1 seconds
[shaping_diag] success_cum_shaping=282.39 T=103 d_init=94.1 d_final=0.0
 Retrying in 1 seconds
[shaping_diag] success_cum_shaping=282.39 T=103 d_init=94.1 d_final=0.0
 Retrying in 1 seconds
[shaping_diag] success_cum_shaping=282.39 T=102 d_init=94.1 d_final=0.0
 Retrying in 1 seconds
[shaping_diag] success_cum_shaping=282.39 T=103 d_init=94.1 d_final=0.0
 Retrying in 1 seconds
[shaping_diag] success_cum_shaping=282.39 T=102 d_init=94.1 d_final=0.0
 Retrying in 1 seconds
[shaping_diag] success_cum_shaping=282.39 T=105 d_init=94.1 d_final=0.0
 Retrying in 1 seconds
[shaping_diag] success_cum_shaping=282.39 T=102 d_init=94.1 d_final=0.0
 Retrying in 1 seconds
[shaping_diag] success_cum_shaping=282.39 T=104 d_init=94.1 d_final=0.0
 Retrying in 1 seconds
 Retrying in 1 seconds
[shaping_diag] success_cum_shaping=282.39 T=103 d_init=94.1 d_final=0.0
 Retrying in 1 seconds
[shaping_diag] success_cum_shaping=282.39 T=103 d_init=94.1 d_final=0.0
 Retrying in 1 seconds
[shaping_diag] success_cum_shaping=282.39 T=103 d_init=94.1 d_final=0.0
 Retrying in 1 seconds
[shaping_diag] success_cum_shaping=282.39 T=103 d_init=94.1 d_final=0.0
 Retrying in 1 seconds
[shaping_diag] success_cum_shaping=282.39 T=102 d_init=94.1 d_final=0.0
 Retrying in 1 seconds
[shaping_diag] success_cum_shaping=282.39 T=103 d_init=94.1 d_final=0.0
 Retrying in 1 seconds
 Retrying in 1 seconds
[shaping_diag] success_cum_shaping=282.39 T=104 d_init=94.1 d_final=0.0
 Retrying in 1 seconds
[shaping_diag] success_cum_shaping=282.39 T=104 d_init=94.1 d_final=0.0
 Retrying in 1 seconds
[shaping_diag] success_cum_shaping=282.39 T=105 d_init=94.1 d_final=0.0
 Retrying in 1 seconds
[shaping_diag] success_cum_shaping=282.39 T=104 d_init=94.1 d_final=0.0
Warning: Vehicle 'other' performs emergency braking on lane ':center_8_0' with decel=9.00, wished=5.00, severity=1.00, time=7.10.
 Retrying in 1 seconds
[shaping_diag] success_cum_shaping=282.39 T=102 d_init=94.1 d_final=0.0
 Retrying in 1 seconds
[shaping_diag] success_cum_shaping=282.39 T=103 d_init=94.1 d_final=0.0
 Retrying in 1 seconds
[shaping_diag] success_cum_shaping=282.39 T=102 d_init=94.1 d_final=0.0
 Retrying in 1 seconds
[shaping_diag] success_cum_shaping=282.39 T=104 d_init=94.1 d_final=0.0
 Retrying in 1 seconds
[shaping_diag] success_cum_shaping=282.39 T=103 d_init=94.1 d_final=0.0
 Retrying in 1 seconds
[shaping_diag] success_cum_shaping=282.39 T=102 d_init=94.1 d_final=0.0
 Retrying in 1 seconds
[shaping_diag] success_cum_shaping=282.39 T=102 d_init=94.1 d_final=0.0
 Retrying in 1 seconds
[shaping_diag] success_cum_shaping=282.39 T=103 d_init=94.1 d_final=0.0
 Retrying in 1 seconds
[shaping_diag] success_cum_shaping=282.39 T=103 d_init=94.1 d_final=0.0
 Retrying in 1 seconds
[shaping_diag] success_cum_shaping=282.39 T=103 d_init=94.1 d_final=0.0
 Retrying in 1 seconds
[shaping_diag] success_cum_shaping=282.39 T=104 d_init=94.1 d_final=0.0
 Retrying in 1 seconds
[shaping_diag] success_cum_shaping=282.39 T=108 d_init=94.1 d_final=0.0
 Retrying in 1 seconds
[shaping_diag] success_cum_shaping=282.39 T=105 d_init=94.1 d_final=0.0
 Retrying in 1 seconds
[shaping_diag] success_cum_shaping=282.39 T=104 d_init=94.1 d_final=0.0
 Retrying in 1 seconds
[shaping_diag] success_cum_shaping=282.39 T=104 d_init=94.1 d_final=0.0
 Retrying in 1 seconds
[shaping_diag] success_cum_shaping=282.39 T=103 d_init=94.1 d_final=0.0
Warning: Vehicle 'other' performs emergency braking on lane ':center_8_0' with decel=9.00, wished=7.00, severity=1.00, time=7.20.
 Retrying in 1 seconds
[shaping_diag] success_cum_shaping=282.39 T=103 d_init=94.1 d_final=0.0
 Retrying in 1 seconds
[shaping_diag] success_cum_shaping=282.39 T=104 d_init=94.1 d_final=0.0
 Retrying in 1 seconds
[shaping_diag] success_cum_shaping=282.39 T=103 d_init=94.1 d_final=0.0
 Retrying in 1 seconds
[shaping_diag] success_cum_shaping=282.39 T=103 d_init=94.1 d_final=0.0
 Retrying in 1 seconds
[shaping_diag] success_cum_shaping=282.39 T=102 d_init=94.1 d_final=0.0
 Retrying in 1 seconds
[shaping_diag] success_cum_shaping=282.39 T=106 d_init=94.1 d_final=0.0
 Retrying in 1 seconds
[shaping_diag] success_cum_shaping=282.39 T=104 d_init=94.1 d_final=0.0
 Retrying in 1 seconds
[shaping_diag] success_cum_shaping=282.39 T=103 d_init=94.1 d_final=0.0
 Retrying in 1 seconds
[shaping_diag] success_cum_shaping=282.39 T=103 d_init=94.1 d_final=0.0
Warning: Vehicle 'other' performs emergency braking on lane ':center_8_0' with decel=9.00, wished=7.00, severity=1.00, time=7.50.
 Retrying in 1 seconds
 Retrying in 1 seconds
[shaping_diag] success_cum_shaping=282.39 T=103 d_init=94.1 d_final=0.0
 Retrying in 1 seconds
[shaping_diag] success_cum_shaping=282.39 T=108 d_init=94.1 d_final=0.0
 Retrying in 1 seconds
[shaping_diag] success_cum_shaping=282.39 T=103 d_init=94.1 d_final=0.0
 Retrying in 1 seconds
[shaping_diag] success_cum_shaping=282.39 T=103 d_init=94.1 d_final=0.0
Warning: Vehicle 'other' performs emergency braking on lane ':center_8_0' with decel=9.00, wished=5.00, severity=1.00, time=7.50.
Warning: Vehicle 'ego'; junction collision with vehicle 'other', lane=':center_4_0', gap=-1.00, time=7.70 stage=move.
Warning: Vehicle 'ego'; junction collision with vehicle 'other', lane=':center_4_0', gap=-1.00, time=7.40 stage=move.
 Retrying in 1 seconds
 Retrying in 1 seconds
 Retrying in 1 seconds
[shaping_diag] success_cum_shaping=282.39 T=104 d_init=94.1 d_final=0.0
 Retrying in 1 seconds
[shaping_diag] success_cum_shaping=282.39 T=102 d_init=94.1 d_final=0.0
 Retrying in 1 seconds
[shaping_diag] success_cum_shaping=282.39 T=103 d_init=94.1 d_final=0.0
 Retrying in 1 seconds
[shaping_diag] success_cum_shaping=282.39 T=105 d_init=94.1 d_final=0.0
 Retrying in 1 seconds
 Retrying in 1 seconds
[shaping_diag] success_cum_shaping=282.39 T=105 d_init=94.1 d_final=0.0
 Retrying in 1 seconds
[shaping_diag] success_cum_shaping=282.39 T=105 d_init=94.1 d_final=0.0
 Retrying in 1 seconds
[shaping_diag] success_cum_shaping=282.39 T=106 d_init=94.1 d_final=0.0
 Retrying in 1 seconds
[shaping_diag] success_cum_shaping=282.39 T=105 d_init=94.1 d_final=0.0
 Retrying in 1 seconds
[shaping_diag] success_cum_shaping=282.39 T=105 d_init=94.1 d_final=0.0
 Retrying in 1 seconds
[shaping_diag] success_cum_shaping=282.39 T=103 d_init=94.1 d_final=0.0
 Retrying in 1 seconds
[shaping_diag] success_cum_shaping=282.39 T=104 d_init=94.1 d_final=0.0
 Retrying in 1 seconds
[shaping_diag] success_cum_shaping=282.39 T=103 d_init=94.1 d_final=0.0
 Retrying in 1 seconds
[shaping_diag] success_cum_shaping=282.39 T=104 d_init=94.1 d_final=0.0
 Retrying in 1 seconds
[shaping_diag] success_cum_shaping=282.39 T=107 d_init=94.1 d_final=0.0
 Retrying in 1 seconds
[shaping_diag] success_cum_shaping=282.39 T=103 d_init=94.1 d_final=0.0
 Retrying in 1 seconds
[shaping_diag] success_cum_shaping=282.39 T=102 d_init=94.1 d_final=0.0
 Retrying in 1 seconds
[shaping_diag] success_cum_shaping=282.39 T=106 d_init=94.1 d_final=0.0
 Retrying in 1 seconds
[shaping_diag] success_cum_shaping=282.39 T=106 d_init=94.1 d_final=0.0
 Retrying in 1 seconds
[shaping_diag] success_cum_shaping=282.39 T=104 d_init=94.1 d_final=0.0
 Retrying in 1 seconds
[shaping_diag] success_cum_shaping=282.39 T=102 d_init=94.1 d_final=0.0
Warning: Vehicle 'ego'; collision with vehicle 'other', lane='right_out_0', gap=-1.74, time=7.50 stage=move.
 Retrying in 1 seconds
 Retrying in 1 seconds
[shaping_diag] success_cum_shaping=282.39 T=102 d_init=94.1 d_final=0.0
 Retrying in 1 seconds
[shaping_diag] success_cum_shaping=282.39 T=103 d_init=94.1 d_final=0.0
 Retrying in 1 seconds
[shaping_diag] success_cum_shaping=282.39 T=102 d_init=94.1 d_final=0.0
 Retrying in 1 seconds
[shaping_diag] success_cum_shaping=282.39 T=102 d_init=94.1 d_final=0.0
 Retrying in 1 seconds
[shaping_diag] success_cum_shaping=282.39 T=102 d_init=94.1 d_final=0.0
 Retrying in 1 seconds
[shaping_diag] success_cum_shaping=282.39 T=105 d_init=94.1 d_final=0.0
 Retrying in 1 seconds
[shaping_diag] success_cum_shaping=282.39 T=102 d_init=94.1 d_final=0.0
 Retrying in 1 seconds
[shaping_diag] success_cum_shaping=282.39 T=103 d_init=94.1 d_final=0.0
 Retrying in 1 seconds
[shaping_diag] success_cum_shaping=282.39 T=106 d_init=94.1 d_final=0.0
 Retrying in 1 seconds
[shaping_diag] success_cum_shaping=282.39 T=103 d_init=94.1 d_final=0.0
 Retrying in 1 seconds
[shaping_diag] success_cum_shaping=282.39 T=102 d_init=94.1 d_final=0.0
 Retrying in 1 seconds
[shaping_diag] success_cum_shaping=282.39 T=105 d_init=94.1 d_final=0.0
 Retrying in 1 seconds
[shaping_diag] success_cum_shaping=282.39 T=102 d_init=94.1 d_final=0.0
 Retrying in 1 seconds
[shaping_diag] success_cum_shaping=282.39 T=105 d_init=94.1 d_final=0.0
 Retrying in 1 seconds
[shaping_diag] success_cum_shaping=282.39 T=103 d_init=94.1 d_final=0.0
 Retrying in 1 seconds
[shaping_diag] success_cum_shaping=282.39 T=105 d_init=94.1 d_final=0.0
Warning: Vehicle 'other' performs emergency braking on lane ':center_8_0' with decel=9.00, wished=5.00, severity=1.00, time=7.50.
 Retrying in 1 seconds
[shaping_diag] success_cum_shaping=282.39 T=107 d_init=94.1 d_final=0.0
 Retrying in 1 seconds
[shaping_diag] success_cum_shaping=282.39 T=104 d_init=94.1 d_final=0.0
 Retrying in 1 seconds
[shaping_diag] success_cum_shaping=282.39 T=105 d_init=94.1 d_final=0.0
 Retrying in 1 seconds
[shaping_diag] success_cum_shaping=282.39 T=103 d_init=94.1 d_final=0.0
 Retrying in 1 seconds
[shaping_diag] success_cum_shaping=282.39 T=103 d_init=94.1 d_final=0.0
 Retrying in 1 seconds
[shaping_diag] success_cum_shaping=282.39 T=104 d_init=94.1 d_final=0.0
Warning: Vehicle 'other' performs emergency braking on lane ':center_8_0' with decel=9.00, wished=5.00, severity=1.00, time=7.30.
 Retrying in 1 seconds
 Retrying in 1 seconds
[shaping_diag] success_cum_shaping=282.39 T=112 d_init=94.1 d_final=0.0
 Retrying in 1 seconds
[shaping_diag] success_cum_shaping=282.39 T=105 d_init=94.1 d_final=0.0
 Retrying in 1 seconds
[shaping_diag] success_cum_shaping=282.39 T=112 d_init=94.1 d_final=0.0
 Retrying in 1 seconds
[shaping_diag] success_cum_shaping=282.39 T=104 d_init=94.1 d_final=0.0
 Retrying in 1 seconds
[shaping_diag] success_cum_shaping=282.39 T=104 d_init=94.1 d_final=0.0
 Retrying in 1 seconds
[shaping_diag] success_cum_shaping=282.39 T=105 d_init=94.1 d_final=0.0
 Retrying in 1 seconds
[shaping_diag] success_cum_shaping=282.39 T=104 d_init=94.1 d_final=0.0
 Retrying in 1 seconds
[shaping_diag] success_cum_shaping=282.39 T=103 d_init=94.1 d_final=0.0
 Retrying in 1 seconds
[shaping_diag] success_cum_shaping=282.39 T=108 d_init=94.1 d_final=0.0
 Retrying in 1 seconds
[shaping_diag] success_cum_shaping=282.39 T=108 d_init=94.1 d_final=0.0
 Retrying in 1 seconds
[shaping_diag] success_cum_shaping=282.39 T=103 d_init=94.1 d_final=0.0
 Retrying in 1 seconds
[shaping_diag] success_cum_shaping=282.39 T=117 d_init=94.1 d_final=0.0
 Retrying in 1 seconds
[shaping_diag] success_cum_shaping=282.39 T=104 d_init=94.1 d_final=0.0
 Retrying in 1 seconds
[shaping_diag] success_cum_shaping=282.39 T=106 d_init=94.1 d_final=0.0
 Retrying in 1 seconds
 Retrying in 1 seconds
[shaping_diag] success_cum_shaping=282.39 T=106 d_init=94.1 d_final=0.0
 Retrying in 1 seconds
[shaping_diag] success_cum_shaping=282.39 T=104 d_init=94.1 d_final=0.0
 Retrying in 1 seconds
[shaping_diag] success_cum_shaping=282.39 T=102 d_init=94.1 d_final=0.0
 Retrying in 1 seconds
[shaping_diag] success_cum_shaping=282.39 T=103 d_init=94.1 d_final=0.0
 Retrying in 1 seconds
[shaping_diag] success_cum_shaping=282.39 T=103 d_init=94.1 d_final=0.0
 Retrying in 1 seconds
[shaping_diag] success_cum_shaping=282.39 T=110 d_init=94.1 d_final=0.0
Warning: Vehicle 'ego'; collision with vehicle 'other', lane='right_out_0', gap=-0.82, time=7.80 stage=move.
 Retrying in 1 seconds
 Retrying in 1 seconds
[shaping_diag] success_cum_shaping=282.39 T=112 d_init=94.1 d_final=0.0
Warning: Vehicle 'other' performs emergency braking on lane ':center_8_0' with decel=9.00, wished=6.00, severity=1.00, time=7.30.
 Retrying in 1 seconds
 Retrying in 1 seconds
[shaping_diag] success_cum_shaping=282.39 T=106 d_init=94.1 d_final=0.0
 Retrying in 1 seconds
[shaping_diag] success_cum_shaping=282.39 T=105 d_init=94.1 d_final=0.0
 Retrying in 1 seconds
[shaping_diag] success_cum_shaping=282.39 T=102 d_init=94.1 d_final=0.0
 Retrying in 1 seconds
[shaping_diag] success_cum_shaping=282.39 T=104 d_init=94.1 d_final=0.0
 Retrying in 1 seconds
[shaping_diag] success_cum_shaping=282.39 T=103 d_init=94.1 d_final=0.0
 Retrying in 1 seconds
[shaping_diag] success_cum_shaping=282.39 T=103 d_init=94.1 d_final=0.0
 Retrying in 1 seconds
[shaping_diag] success_cum_shaping=282.39 T=119 d_init=94.1 d_final=0.0
 Retrying in 1 seconds
[shaping_diag] success_cum_shaping=282.39 T=104 d_init=94.1 d_final=0.0
 Retrying in 1 seconds
[shaping_diag] success_cum_shaping=282.39 T=104 d_init=94.1 d_final=0.0
 Retrying in 1 seconds
[shaping_diag] success_cum_shaping=282.39 T=103 d_init=94.1 d_final=0.0
 Retrying in 1 seconds
[shaping_diag] success_cum_shaping=282.39 T=103 d_init=94.1 d_final=0.0
 Retrying in 1 seconds
[shaping_diag] success_cum_shaping=282.39 T=104 d_init=94.1 d_final=0.0
 Retrying in 1 seconds
[shaping_diag] success_cum_shaping=282.39 T=103 d_init=94.1 d_final=0.0
 Retrying in 1 seconds
[shaping_diag] success_cum_shaping=282.39 T=102 d_init=94.1 d_final=0.0
 Retrying in 1 seconds
[shaping_diag] success_cum_shaping=282.39 T=110 d_init=94.1 d_final=0.0
 Retrying in 1 seconds
 Retrying in 1 seconds
[shaping_diag] success_cum_shaping=282.39 T=104 d_init=94.1 d_final=0.0
 Retrying in 1 seconds
[shaping_diag] success_cum_shaping=282.39 T=104 d_init=94.1 d_final=0.0
 Retrying in 1 seconds
[shaping_diag] success_cum_shaping=282.39 T=105 d_init=94.1 d_final=0.0
 Retrying in 1 seconds
[shaping_diag] success_cum_shaping=282.39 T=103 d_init=94.1 d_final=0.0
 Retrying in 1 seconds
[shaping_diag] success_cum_shaping=282.39 T=103 d_init=94.1 d_final=0.0
 Retrying in 1 seconds
[shaping_diag] success_cum_shaping=282.39 T=102 d_init=94.1 d_final=0.0
 Retrying in 1 seconds
[shaping_diag] success_cum_shaping=282.39 T=103 d_init=94.1 d_final=0.0
 Retrying in 1 seconds
[shaping_diag] success_cum_shaping=282.39 T=103 d_init=94.1 d_final=0.0
 Retrying in 1 seconds
[shaping_diag] success_cum_shaping=282.39 T=104 d_init=94.1 d_final=0.0
 Retrying in 1 seconds
[shaping_diag] success_cum_shaping=282.39 T=103 d_init=94.1 d_final=0.0
 Retrying in 1 seconds
[shaping_diag] success_cum_shaping=282.39 T=103 d_init=94.1 d_final=0.0
Warning: Vehicle 'other' performs emergency braking on lane ':center_8_0' with decel=9.00, wished=7.00, severity=1.00, time=7.40.
 Retrying in 1 seconds
[shaping_diag] success_cum_shaping=282.39 T=106 d_init=94.1 d_final=0.0
 Retrying in 1 seconds
[shaping_diag] success_cum_shaping=282.39 T=104 d_init=94.1 d_final=0.0
 Retrying in 1 seconds
[shaping_diag] success_cum_shaping=282.39 T=103 d_init=94.1 d_final=0.0
 Retrying in 1 seconds
[shaping_diag] success_cum_shaping=282.39 T=103 d_init=94.1 d_final=0.0
 Retrying in 1 seconds
[shaping_diag] success_cum_shaping=282.39 T=104 d_init=94.1 d_final=0.0
 Retrying in 1 seconds
[shaping_diag] success_cum_shaping=282.39 T=102 d_init=94.1 d_final=0.0
 Retrying in 1 seconds
[shaping_diag] success_cum_shaping=282.39 T=105 d_init=94.1 d_final=0.0
 Retrying in 1 seconds
[shaping_diag] success_cum_shaping=282.39 T=105 d_init=94.1 d_final=0.0
 Retrying in 1 seconds
[shaping_diag] success_cum_shaping=282.39 T=103 d_init=94.1 d_final=0.0
 Retrying in 1 seconds
[shaping_diag] success_cum_shaping=282.39 T=114 d_init=94.1 d_final=0.0
 Retrying in 1 seconds
[shaping_diag] success_cum_shaping=282.39 T=103 d_init=94.1 d_final=0.0
 Retrying in 1 seconds
[shaping_diag] success_cum_shaping=282.39 T=104 d_init=94.1 d_final=0.0
 Retrying in 1 seconds
[shaping_diag] success_cum_shaping=282.39 T=103 d_init=94.1 d_final=0.0
 Retrying in 1 seconds
[shaping_diag] success_cum_shaping=282.39 T=103 d_init=94.1 d_final=0.0
 Retrying in 1 seconds
[shaping_diag] success_cum_shaping=282.39 T=103 d_init=94.1 d_final=0.0
 Retrying in 1 seconds
[shaping_diag] success_cum_shaping=282.39 T=102 d_init=94.1 d_final=0.0
 Retrying in 1 seconds
[shaping_diag] success_cum_shaping=282.39 T=104 d_init=94.1 d_final=0.0
 Retrying in 1 seconds
[shaping_diag] success_cum_shaping=282.39 T=103 d_init=94.1 d_final=0.0
 Retrying in 1 seconds
[shaping_diag] success_cum_shaping=282.39 T=105 d_init=94.1 d_final=0.0
 Retrying in 1 seconds
[shaping_diag] success_cum_shaping=282.39 T=103 d_init=94.1 d_final=0.0
 Retrying in 1 seconds
[shaping_diag] success_cum_shaping=282.39 T=104 d_init=94.1 d_final=0.0
 Retrying in 1 seconds
[shaping_diag] success_cum_shaping=282.39 T=102 d_init=94.1 d_final=0.0
 Retrying in 1 seconds
[shaping_diag] success_cum_shaping=282.39 T=103 d_init=94.1 d_final=0.0
 Retrying in 1 seconds
 Retrying in 1 seconds
[shaping_diag] success_cum_shaping=282.39 T=103 d_init=94.1 d_final=0.0
 Retrying in 1 seconds
[shaping_diag] success_cum_shaping=282.39 T=104 d_init=94.1 d_final=0.0
 Retrying in 1 seconds
[shaping_diag] success_cum_shaping=282.39 T=105 d_init=94.1 d_final=0.0
 Retrying in 1 seconds
[shaping_diag] success_cum_shaping=282.39 T=103 d_init=94.1 d_final=0.0
 Retrying in 1 seconds
 Retrying in 1 seconds
[shaping_diag] success_cum_shaping=282.39 T=102 d_init=94.1 d_final=0.0
 Retrying in 1 seconds
[shaping_diag] success_cum_shaping=282.39 T=102 d_init=94.1 d_final=0.0
Warning: Vehicle 'other' performs emergency braking on lane ':center_8_0' with decel=9.00, wished=5.00, severity=1.00, time=7.10.
Warning: Vehicle 'ego'; junction collision with vehicle 'other', lane=':center_4_0', gap=-1.00, time=7.30 stage=move.
 Retrying in 1 seconds
 Retrying in 1 seconds
[shaping_diag] success_cum_shaping=282.39 T=102 d_init=94.1 d_final=0.0
 Retrying in 1 seconds
[shaping_diag] success_cum_shaping=282.39 T=102 d_init=94.1 d_final=0.0
 Retrying in 1 seconds
[shaping_diag] success_cum_shaping=282.39 T=102 d_init=94.1 d_final=0.0
 Retrying in 1 seconds
[shaping_diag] success_cum_shaping=282.39 T=102 d_init=94.1 d_final=0.0
 Retrying in 1 seconds
[shaping_diag] success_cum_shaping=282.39 T=102 d_init=94.1 d_final=0.0
 Retrying in 1 seconds
[shaping_diag] success_cum_shaping=282.39 T=102 d_init=94.1 d_final=0.0
 Retrying in 1 seconds
[shaping_diag] success_cum_shaping=282.39 T=102 d_init=94.1 d_final=0.0
[drppo] step=208896 ret=314.24 coll=1 ttc=6.35
 Retrying in 1 seconds
[shaping_diag] success_cum_shaping=282.39 T=117 d_init=94.1 d_final=0.0
 Retrying in 1 seconds
[shaping_diag] success_cum_shaping=282.39 T=104 d_init=94.1 d_final=0.0
 Retrying in 1 seconds
[shaping_diag] success_cum_shaping=282.39 T=107 d_init=94.1 d_final=0.0
 Retrying in 1 seconds
[shaping_diag] success_cum_shaping=282.39 T=104 d_init=94.1 d_final=0.0
 Retrying in 1 seconds
[shaping_diag] success_cum_shaping=282.39 T=105 d_init=94.1 d_final=0.0
 Retrying in 1 seconds
[shaping_diag] success_cum_shaping=282.39 T=104 d_init=94.1 d_final=0.0
 Retrying in 1 seconds
[shaping_diag] success_cum_shaping=282.39 T=103 d_init=94.1 d_final=0.0
 Retrying in 1 seconds
[shaping_diag] success_cum_shaping=282.39 T=105 d_init=94.1 d_final=0.0
 Retrying in 1 seconds
[shaping_diag] success_cum_shaping=282.39 T=103 d_init=94.1 d_final=0.0
 Retrying in 1 seconds
[shaping_diag] success_cum_shaping=282.39 T=104 d_init=94.1 d_final=0.0
Warning: Vehicle 'other' performs emergency braking on lane ':center_8_0' with decel=9.00, wished=6.00, severity=1.00, time=7.20.
 Retrying in 1 seconds
[shaping_diag] success_cum_shaping=282.39 T=104 d_init=94.1 d_final=0.0
 Retrying in 1 seconds
[shaping_diag] success_cum_shaping=282.39 T=110 d_init=94.1 d_final=0.0
 Retrying in 1 seconds
[shaping_diag] success_cum_shaping=282.39 T=102 d_init=94.1 d_final=0.0
 Retrying in 1 seconds
[shaping_diag] success_cum_shaping=282.39 T=107 d_init=94.1 d_final=0.0
 Retrying in 1 seconds
[shaping_diag] success_cum_shaping=282.39 T=103 d_init=94.1 d_final=0.0
 Retrying in 1 seconds
[shaping_diag] success_cum_shaping=282.39 T=105 d_init=94.1 d_final=0.0
 Retrying in 1 seconds
[shaping_diag] success_cum_shaping=282.39 T=105 d_init=94.1 d_final=0.0
 Retrying in 1 seconds
[shaping_diag] success_cum_shaping=282.39 T=103 d_init=94.1 d_final=0.0
 Retrying in 1 seconds
[shaping_diag] success_cum_shaping=282.39 T=109 d_init=94.1 d_final=0.0
Warning: Vehicle 'other2' performs emergency braking on lane ':center_8_0' with decel=9.00, wished=6.00, severity=1.00, time=7.60.
 Retrying in 1 seconds
[shaping_diag] success_cum_shaping=282.39 T=109 d_init=94.1 d_final=0.0
 Retrying in 1 seconds
[shaping_diag] success_cum_shaping=282.39 T=115 d_init=94.1 d_final=0.0
 Retrying in 1 seconds
[shaping_diag] success_cum_shaping=282.39 T=105 d_init=94.1 d_final=0.0
 Retrying in 1 seconds
[shaping_diag] success_cum_shaping=282.39 T=114 d_init=94.1 d_final=0.0
 Retrying in 1 seconds
[shaping_diag] success_cum_shaping=282.39 T=103 d_init=94.1 d_final=0.0
 Retrying in 1 seconds
[shaping_diag] success_cum_shaping=282.39 T=103 d_init=94.1 d_final=0.0
 Retrying in 1 seconds
[shaping_diag] success_cum_shaping=282.39 T=105 d_init=94.1 d_final=0.0
 Retrying in 1 seconds
[shaping_diag] success_cum_shaping=282.39 T=104 d_init=94.1 d_final=0.0
Warning: Vehicle 'other' performs emergency braking on lane ':center_8_0' with decel=9.00, wished=7.00, severity=1.00, time=7.60.
 Retrying in 1 seconds
[shaping_diag] success_cum_shaping=282.39 T=109 d_init=94.1 d_final=0.0
 Retrying in 1 seconds
[shaping_diag] success_cum_shaping=282.39 T=105 d_init=94.1 d_final=0.0
 Retrying in 1 seconds
[shaping_diag] success_cum_shaping=282.39 T=104 d_init=94.1 d_final=0.0
 Retrying in 1 seconds
[shaping_diag] success_cum_shaping=282.39 T=102 d_init=94.1 d_final=0.0
Warning: Vehicle 'ego'; junction collision with vehicle 'other', lane=':center_4_0', gap=-1.00, time=7.50 stage=move.
 Retrying in 1 seconds
 Retrying in 1 seconds
[shaping_diag] success_cum_shaping=282.39 T=103 d_init=94.1 d_final=0.0
 Retrying in 1 seconds
[shaping_diag] success_cum_shaping=282.39 T=107 d_init=94.1 d_final=0.0
 Retrying in 1 seconds
[shaping_diag] success_cum_shaping=282.39 T=103 d_init=94.1 d_final=0.0
 Retrying in 1 seconds
[shaping_diag] success_cum_shaping=282.39 T=103 d_init=94.1 d_final=0.0
 Retrying in 1 seconds
[shaping_diag] success_cum_shaping=282.39 T=104 d_init=94.1 d_final=0.0
 Retrying in 1 seconds
[shaping_diag] success_cum_shaping=282.39 T=104 d_init=94.1 d_final=0.0
 Retrying in 1 seconds
[shaping_diag] success_cum_shaping=282.39 T=102 d_init=94.1 d_final=0.0
 Retrying in 1 seconds
 Retrying in 1 seconds
[shaping_diag] success_cum_shaping=282.39 T=111 d_init=94.1 d_final=0.0
 Retrying in 1 seconds
[shaping_diag] success_cum_shaping=282.39 T=104 d_init=94.1 d_final=0.0
 Retrying in 1 seconds
[shaping_diag] success_cum_shaping=282.39 T=105 d_init=94.1 d_final=0.0
 Retrying in 1 seconds
[shaping_diag] success_cum_shaping=282.39 T=106 d_init=94.1 d_final=0.0
 Retrying in 1 seconds
[shaping_diag] success_cum_shaping=282.39 T=107 d_init=94.1 d_final=0.0
 Retrying in 1 seconds
[shaping_diag] success_cum_shaping=282.39 T=106 d_init=94.1 d_final=0.0
 Retrying in 1 seconds
[shaping_diag] success_cum_shaping=282.39 T=105 d_init=94.1 d_final=0.0
 Retrying in 1 seconds
[shaping_diag] success_cum_shaping=282.39 T=109 d_init=94.1 d_final=0.0
 Retrying in 1 seconds
[shaping_diag] success_cum_shaping=282.39 T=103 d_init=94.1 d_final=0.0
 Retrying in 1 seconds
[shaping_diag] success_cum_shaping=282.39 T=103 d_init=94.1 d_final=0.0
 Retrying in 1 seconds
[shaping_diag] success_cum_shaping=282.39 T=103 d_init=94.1 d_final=0.0
 Retrying in 1 seconds
[shaping_diag] success_cum_shaping=282.39 T=107 d_init=94.1 d_final=0.0
 Retrying in 1 seconds
[shaping_diag] success_cum_shaping=282.39 T=105 d_init=94.1 d_final=0.0
 Retrying in 1 seconds
[shaping_diag] success_cum_shaping=282.39 T=105 d_init=94.1 d_final=0.0
 Retrying in 1 seconds
[shaping_diag] success_cum_shaping=282.39 T=107 d_init=94.1 d_final=0.0
 Retrying in 1 seconds
[shaping_diag] success_cum_shaping=282.39 T=102 d_init=94.1 d_final=0.0
 Retrying in 1 seconds
[shaping_diag] success_cum_shaping=282.39 T=103 d_init=94.1 d_final=0.0
 Retrying in 1 seconds
[shaping_diag] success_cum_shaping=282.39 T=106 d_init=94.1 d_final=0.0
 Retrying in 1 seconds
[shaping_diag] success_cum_shaping=282.39 T=104 d_init=94.1 d_final=0.0
 Retrying in 1 seconds
[shaping_diag] success_cum_shaping=282.39 T=102 d_init=94.1 d_final=0.0
 Retrying in 1 seconds
[shaping_diag] success_cum_shaping=282.39 T=103 d_init=94.1 d_final=0.0
 Retrying in 1 seconds
[shaping_diag] success_cum_shaping=282.39 T=104 d_init=94.1 d_final=0.0
 Retrying in 1 seconds
[shaping_diag] success_cum_shaping=282.39 T=105 d_init=94.1 d_final=0.0
 Retrying in 1 seconds
[shaping_diag] success_cum_shaping=282.39 T=106 d_init=94.1 d_final=0.0
 Retrying in 1 seconds
[shaping_diag] success_cum_shaping=282.39 T=104 d_init=94.1 d_final=0.0
 Retrying in 1 seconds
[shaping_diag] success_cum_shaping=282.39 T=102 d_init=94.1 d_final=0.0
 Retrying in 1 seconds
[shaping_diag] success_cum_shaping=282.39 T=106 d_init=94.1 d_final=0.0
 Retrying in 1 seconds
[shaping_diag] success_cum_shaping=282.39 T=103 d_init=94.1 d_final=0.0
 Retrying in 1 seconds
[shaping_diag] success_cum_shaping=282.39 T=103 d_init=94.1 d_final=0.0
 Retrying in 1 seconds
[shaping_diag] success_cum_shaping=282.39 T=104 d_init=94.1 d_final=0.0
 Retrying in 1 seconds
[shaping_diag] success_cum_shaping=282.39 T=104 d_init=94.1 d_final=0.0
 Retrying in 1 seconds
[shaping_diag] success_cum_shaping=282.39 T=103 d_init=94.1 d_final=0.0
 Retrying in 1 seconds
[shaping_diag] success_cum_shaping=282.39 T=104 d_init=94.1 d_final=0.0
 Retrying in 1 seconds
[shaping_diag] success_cum_shaping=282.39 T=103 d_init=94.1 d_final=0.0
 Retrying in 1 seconds
[shaping_diag] success_cum_shaping=282.39 T=104 d_init=94.1 d_final=0.0
 Retrying in 1 seconds
[shaping_diag] success_cum_shaping=282.39 T=107 d_init=94.1 d_final=0.0
Warning: Vehicle 'other' performs emergency braking on lane ':center_8_0' with decel=9.00, wished=5.00, severity=1.00, time=7.20.
 Retrying in 1 seconds
[shaping_diag] success_cum_shaping=282.39 T=105 d_init=94.1 d_final=0.0
 Retrying in 1 seconds
[shaping_diag] success_cum_shaping=282.39 T=103 d_init=94.1 d_final=0.0
 Retrying in 1 seconds
[shaping_diag] success_cum_shaping=282.39 T=105 d_init=94.1 d_final=0.0
 Retrying in 1 seconds
 Retrying in 1 seconds
[shaping_diag] success_cum_shaping=282.39 T=103 d_init=94.1 d_final=0.0
 Retrying in 1 seconds
[shaping_diag] success_cum_shaping=282.39 T=105 d_init=94.1 d_final=0.0
 Retrying in 1 seconds
[shaping_diag] success_cum_shaping=282.39 T=105 d_init=94.1 d_final=0.0
 Retrying in 1 seconds
[shaping_diag] success_cum_shaping=282.39 T=103 d_init=94.1 d_final=0.0
 Retrying in 1 seconds
[shaping_diag] success_cum_shaping=282.39 T=107 d_init=94.1 d_final=0.0
 Retrying in 1 seconds
[shaping_diag] success_cum_shaping=282.39 T=106 d_init=94.1 d_final=0.0
 Retrying in 1 seconds
[shaping_diag] success_cum_shaping=282.39 T=104 d_init=94.1 d_final=0.0
 Retrying in 1 seconds
[shaping_diag] success_cum_shaping=282.39 T=106 d_init=94.1 d_final=0.0
 Retrying in 1 seconds
[shaping_diag] success_cum_shaping=282.39 T=104 d_init=94.1 d_final=0.0
Warning: Vehicle 'other' performs emergency braking on lane ':center_8_0' with decel=9.00, wished=5.00, severity=1.00, time=7.10.
 Retrying in 1 seconds
[shaping_diag] success_cum_shaping=282.39 T=103 d_init=94.1 d_final=0.0
 Retrying in 1 seconds
[shaping_diag] success_cum_shaping=282.39 T=104 d_init=94.1 d_final=0.0
 Retrying in 1 seconds
[shaping_diag] success_cum_shaping=282.39 T=103 d_init=94.1 d_final=0.0
 Retrying in 1 seconds
[shaping_diag] success_cum_shaping=282.39 T=107 d_init=94.1 d_final=0.0
 Retrying in 1 seconds
[shaping_diag] success_cum_shaping=282.39 T=106 d_init=94.1 d_final=0.0
 Retrying in 1 seconds
[shaping_diag] success_cum_shaping=282.39 T=104 d_init=94.1 d_final=0.0
 Retrying in 1 seconds
[shaping_diag] success_cum_shaping=282.39 T=103 d_init=94.1 d_final=0.0
 Retrying in 1 seconds
[shaping_diag] success_cum_shaping=282.39 T=106 d_init=94.1 d_final=0.0
 Retrying in 1 seconds
[shaping_diag] success_cum_shaping=282.39 T=106 d_init=94.1 d_final=0.0
 Retrying in 1 seconds
[shaping_diag] success_cum_shaping=282.39 T=103 d_init=94.1 d_final=0.0
 Retrying in 1 seconds
[shaping_diag] success_cum_shaping=282.39 T=103 d_init=94.1 d_final=0.0
 Retrying in 1 seconds
[shaping_diag] success_cum_shaping=282.39 T=103 d_init=94.1 d_final=0.0
 Retrying in 1 seconds
[shaping_diag] success_cum_shaping=282.39 T=104 d_init=94.1 d_final=0.0
 Retrying in 1 seconds
[shaping_diag] success_cum_shaping=282.39 T=106 d_init=94.1 d_final=0.0
 Retrying in 1 seconds
[shaping_diag] success_cum_shaping=282.39 T=103 d_init=94.1 d_final=0.0
 Retrying in 1 seconds
[shaping_diag] success_cum_shaping=282.39 T=103 d_init=94.1 d_final=0.0
 Retrying in 1 seconds
[shaping_diag] success_cum_shaping=282.39 T=106 d_init=94.1 d_final=0.0
 Retrying in 1 seconds
[shaping_diag] success_cum_shaping=282.39 T=103 d_init=94.1 d_final=0.0
 Retrying in 1 seconds
[shaping_diag] success_cum_shaping=282.39 T=105 d_init=94.1 d_final=0.0
Warning: Vehicle 'other' performs emergency braking on lane ':center_8_0' with decel=9.00, wished=5.00, severity=1.00, time=7.60.
 Retrying in 1 seconds
 Retrying in 1 seconds
[shaping_diag] success_cum_shaping=282.39 T=104 d_init=94.1 d_final=0.0
 Retrying in 1 seconds
[shaping_diag] success_cum_shaping=282.39 T=105 d_init=94.1 d_final=0.0
 Retrying in 1 seconds
[shaping_diag] success_cum_shaping=282.39 T=103 d_init=94.1 d_final=0.0
 Retrying in 1 seconds
[shaping_diag] success_cum_shaping=282.39 T=103 d_init=94.1 d_final=0.0
 Retrying in 1 seconds
[shaping_diag] success_cum_shaping=282.39 T=105 d_init=94.1 d_final=0.0
 Retrying in 1 seconds
[shaping_diag] success_cum_shaping=282.39 T=105 d_init=94.1 d_final=0.0
 Retrying in 1 seconds
[shaping_diag] success_cum_shaping=282.39 T=104 d_init=94.1 d_final=0.0
 Retrying in 1 seconds
[shaping_diag] success_cum_shaping=282.39 T=104 d_init=94.1 d_final=0.0
 Retrying in 1 seconds
[shaping_diag] success_cum_shaping=282.39 T=103 d_init=94.1 d_final=0.0
 Retrying in 1 seconds
[shaping_diag] success_cum_shaping=282.39 T=108 d_init=94.1 d_final=0.0
 Retrying in 1 seconds
 Retrying in 1 seconds
[shaping_diag] success_cum_shaping=282.39 T=103 d_init=94.1 d_final=0.0
 Retrying in 1 seconds
[shaping_diag] success_cum_shaping=282.39 T=103 d_init=94.1 d_final=0.0
 Retrying in 1 seconds
[shaping_diag] success_cum_shaping=282.39 T=104 d_init=94.1 d_final=0.0
 Retrying in 1 seconds
[shaping_diag] success_cum_shaping=282.39 T=103 d_init=94.1 d_final=0.0
Warning: Vehicle 'other' performs emergency braking on lane ':center_8_0' with decel=9.00, wished=7.00, severity=1.00, time=7.20.
Warning: Vehicle 'ego'; junction collision with vehicle 'other', lane=':center_4_0', gap=-1.00, time=7.50 stage=move.
 Retrying in 1 seconds
 Retrying in 1 seconds
[shaping_diag] success_cum_shaping=282.39 T=104 d_init=94.1 d_final=0.0
 Retrying in 1 seconds
[shaping_diag] success_cum_shaping=282.39 T=106 d_init=94.1 d_final=0.0
 Retrying in 1 seconds
[shaping_diag] success_cum_shaping=282.39 T=102 d_init=94.1 d_final=0.0
 Retrying in 1 seconds
[shaping_diag] success_cum_shaping=282.39 T=105 d_init=94.1 d_final=0.0
 Retrying in 1 seconds
[shaping_diag] success_cum_shaping=282.39 T=102 d_init=94.1 d_final=0.0
 Retrying in 1 seconds
[shaping_diag] success_cum_shaping=282.39 T=104 d_init=94.1 d_final=0.0
 Retrying in 1 seconds
[shaping_diag] success_cum_shaping=282.39 T=104 d_init=94.1 d_final=0.0
Warning: Vehicle 'other' performs emergency braking on lane ':center_8_0' with decel=9.00, wished=5.00, severity=1.00, time=7.40.
 Retrying in 1 seconds
 Retrying in 1 seconds
[shaping_diag] success_cum_shaping=282.39 T=105 d_init=94.1 d_final=0.0
 Retrying in 1 seconds
[shaping_diag] success_cum_shaping=282.39 T=102 d_init=94.1 d_final=0.0
 Retrying in 1 seconds
[shaping_diag] success_cum_shaping=282.39 T=103 d_init=94.1 d_final=0.0
 Retrying in 1 seconds
[shaping_diag] success_cum_shaping=282.39 T=102 d_init=94.1 d_final=0.0
 Retrying in 1 seconds
[shaping_diag] success_cum_shaping=282.39 T=103 d_init=94.1 d_final=0.0
 Retrying in 1 seconds
[shaping_diag] success_cum_shaping=282.39 T=103 d_init=94.1 d_final=0.0
 Retrying in 1 seconds
[shaping_diag] success_cum_shaping=282.39 T=102 d_init=94.1 d_final=0.0
 Retrying in 1 seconds
[shaping_diag] success_cum_shaping=282.39 T=104 d_init=94.1 d_final=0.0
 Retrying in 1 seconds
[shaping_diag] success_cum_shaping=282.39 T=103 d_init=94.1 d_final=0.0
 Retrying in 1 seconds
[shaping_diag] success_cum_shaping=282.39 T=103 d_init=94.1 d_final=0.0
Warning: Vehicle 'other' performs emergency braking on lane ':center_8_0' with decel=9.00, wished=5.00, severity=1.00, time=7.20.
 Retrying in 1 seconds
[shaping_diag] success_cum_shaping=282.39 T=104 d_init=94.1 d_final=0.0
 Retrying in 1 seconds
[shaping_diag] success_cum_shaping=282.39 T=103 d_init=94.1 d_final=0.0
 Retrying in 1 seconds
[shaping_diag] success_cum_shaping=282.39 T=103 d_init=94.1 d_final=0.0
 Retrying in 1 seconds
[shaping_diag] success_cum_shaping=282.39 T=104 d_init=94.1 d_final=0.0
 Retrying in 1 seconds
[shaping_diag] success_cum_shaping=282.39 T=106 d_init=94.1 d_final=0.0
Warning: Vehicle 'other' performs emergency braking on lane ':center_8_0' with decel=9.00, wished=5.00, severity=1.00, time=7.20.
 Retrying in 1 seconds
[shaping_diag] success_cum_shaping=282.39 T=104 d_init=94.1 d_final=0.0
 Retrying in 1 seconds
[shaping_diag] success_cum_shaping=282.39 T=103 d_init=94.1 d_final=0.0
Warning: Vehicle 'other' performs emergency braking on lane ':center_8_0' with decel=9.00, wished=5.00, severity=1.00, time=7.30.
 Retrying in 1 seconds
[shaping_diag] success_cum_shaping=282.39 T=105 d_init=94.1 d_final=0.0
 Retrying in 1 seconds
[shaping_diag] success_cum_shaping=282.39 T=104 d_init=94.1 d_final=0.0
 Retrying in 1 seconds
[shaping_diag] success_cum_shaping=282.39 T=103 d_init=94.1 d_final=0.0
 Retrying in 1 seconds
[shaping_diag] success_cum_shaping=282.39 T=103 d_init=94.1 d_final=0.0
 Retrying in 1 seconds
[shaping_diag] success_cum_shaping=282.39 T=104 d_init=94.1 d_final=0.0
 Retrying in 1 seconds
[shaping_diag] success_cum_shaping=282.39 T=104 d_init=94.1 d_final=0.0
 Retrying in 1 seconds
[shaping_diag] success_cum_shaping=282.39 T=103 d_init=94.1 d_final=0.0
 Retrying in 1 seconds
[shaping_diag] success_cum_shaping=282.39 T=103 d_init=94.1 d_final=0.0
 Retrying in 1 seconds
[shaping_diag] success_cum_shaping=282.39 T=105 d_init=94.1 d_final=0.0
 Retrying in 1 seconds
[shaping_diag] success_cum_shaping=282.39 T=104 d_init=94.1 d_final=0.0
 Retrying in 1 seconds
 Retrying in 1 seconds
[shaping_diag] success_cum_shaping=282.39 T=103 d_init=94.1 d_final=0.0
 Retrying in 1 seconds
[shaping_diag] success_cum_shaping=282.39 T=104 d_init=94.1 d_final=0.0
Warning: Vehicle 'other' performs emergency braking on lane ':center_8_0' with decel=9.00, wished=5.00, severity=1.00, time=7.20.
 Retrying in 1 seconds
[shaping_diag] success_cum_shaping=282.39 T=104 d_init=94.1 d_final=0.0
 Retrying in 1 seconds
[shaping_diag] success_cum_shaping=282.39 T=104 d_init=94.1 d_final=0.0
 Retrying in 1 seconds
[shaping_diag] success_cum_shaping=282.39 T=102 d_init=94.1 d_final=0.0
 Retrying in 1 seconds
[shaping_diag] success_cum_shaping=282.39 T=105 d_init=94.1 d_final=0.0
 Retrying in 1 seconds
[shaping_diag] success_cum_shaping=282.39 T=103 d_init=94.1 d_final=0.0
 Retrying in 1 seconds
[shaping_diag] success_cum_shaping=282.39 T=105 d_init=94.1 d_final=0.0
 Retrying in 1 seconds
[shaping_diag] success_cum_shaping=282.39 T=107 d_init=94.1 d_final=0.0
Warning: Vehicle 'other' performs emergency braking on lane ':center_8_0' with decel=9.00, wished=5.00, severity=1.00, time=7.10.
 Retrying in 1 seconds
[shaping_diag] success_cum_shaping=282.39 T=103 d_init=94.1 d_final=0.0
 Retrying in 1 seconds
[shaping_diag] success_cum_shaping=282.39 T=104 d_init=94.1 d_final=0.0
 Retrying in 1 seconds
[shaping_diag] success_cum_shaping=282.39 T=105 d_init=94.1 d_final=0.0
 Retrying in 1 seconds
[shaping_diag] success_cum_shaping=282.39 T=103 d_init=94.1 d_final=0.0
 Retrying in 1 seconds
[shaping_diag] success_cum_shaping=282.39 T=104 d_init=94.1 d_final=0.0
 Retrying in 1 seconds
[shaping_diag] success_cum_shaping=282.39 T=103 d_init=94.1 d_final=0.0
 Retrying in 1 seconds
[shaping_diag] success_cum_shaping=282.39 T=104 d_init=94.1 d_final=0.0
 Retrying in 1 seconds
[shaping_diag] success_cum_shaping=282.39 T=102 d_init=94.1 d_final=0.0
 Retrying in 1 seconds
[shaping_diag] success_cum_shaping=282.39 T=105 d_init=94.1 d_final=0.0
Warning: Vehicle 'other' performs emergency braking on lane ':center_8_0' with decel=9.00, wished=6.00, severity=1.00, time=7.30.
Warning: Vehicle 'ego'; junction collision with vehicle 'other', lane=':center_4_0', gap=-1.00, time=7.50 stage=move.
 Retrying in 1 seconds
 Retrying in 1 seconds
[shaping_diag] success_cum_shaping=282.39 T=104 d_init=94.1 d_final=0.0
 Retrying in 1 seconds
[shaping_diag] success_cum_shaping=282.39 T=104 d_init=94.1 d_final=0.0
 Retrying in 1 seconds
[shaping_diag] success_cum_shaping=282.39 T=103 d_init=94.1 d_final=0.0
 Retrying in 1 seconds
[shaping_diag] success_cum_shaping=282.39 T=104 d_init=94.1 d_final=0.0
 Retrying in 1 seconds
[shaping_diag] success_cum_shaping=282.39 T=104 d_init=94.1 d_final=0.0
 Retrying in 1 seconds
[shaping_diag] success_cum_shaping=282.39 T=105 d_init=94.1 d_final=0.0
 Retrying in 1 seconds
[shaping_diag] success_cum_shaping=282.39 T=104 d_init=94.1 d_final=0.0
 Retrying in 1 seconds
[shaping_diag] success_cum_shaping=282.39 T=103 d_init=94.1 d_final=0.0
 Retrying in 1 seconds
[shaping_diag] success_cum_shaping=282.39 T=104 d_init=94.1 d_final=0.0
Warning: Vehicle 'other' performs emergency braking on lane ':center_8_0' with decel=9.00, wished=7.00, severity=1.00, time=7.40.
 Retrying in 1 seconds
[shaping_diag] success_cum_shaping=282.39 T=108 d_init=94.1 d_final=0.0
 Retrying in 1 seconds
[shaping_diag] success_cum_shaping=282.39 T=106 d_init=94.1 d_final=0.0
Warning: Vehicle 'other' performs emergency braking on lane ':center_8_0' with decel=9.00, wished=7.00, severity=1.00, time=7.30.
 Retrying in 1 seconds
[shaping_diag] success_cum_shaping=282.39 T=105 d_init=94.1 d_final=0.0
 Retrying in 1 seconds
[shaping_diag] success_cum_shaping=282.39 T=105 d_init=94.1 d_final=0.0
 Retrying in 1 seconds
[shaping_diag] success_cum_shaping=282.39 T=104 d_init=94.1 d_final=0.0
 Retrying in 1 seconds
[shaping_diag] success_cum_shaping=282.39 T=106 d_init=94.1 d_final=0.0
 Retrying in 1 seconds
[shaping_diag] success_cum_shaping=282.39 T=102 d_init=94.1 d_final=0.0
 Retrying in 1 seconds
[shaping_diag] success_cum_shaping=282.39 T=104 d_init=94.1 d_final=0.0
Warning: Vehicle 'other' performs emergency braking on lane ':center_8_0' with decel=9.00, wished=5.00, severity=1.00, time=7.20.
Warning: Vehicle 'ego'; junction collision with vehicle 'other', lane=':center_4_0', gap=-1.00, time=7.40 stage=move.
 Retrying in 1 seconds
 Retrying in 1 seconds
[shaping_diag] success_cum_shaping=282.39 T=104 d_init=94.1 d_final=0.0
 Retrying in 1 seconds
[shaping_diag] success_cum_shaping=282.39 T=103 d_init=94.1 d_final=0.0
Warning: Vehicle 'ego'; junction collision with vehicle 'other', lane=':center_4_0', gap=-1.00, time=7.40 stage=move.
 Retrying in 1 seconds
 Retrying in 1 seconds
 Retrying in 1 seconds
[shaping_diag] success_cum_shaping=282.39 T=113 d_init=94.1 d_final=0.0
 Retrying in 1 seconds
[shaping_diag] success_cum_shaping=282.39 T=104 d_init=94.1 d_final=0.0
 Retrying in 1 seconds
[shaping_diag] success_cum_shaping=282.39 T=104 d_init=94.1 d_final=0.0
Warning: Vehicle 'other' performs emergency braking on lane ':center_8_0' with decel=9.00, wished=7.00, severity=1.00, time=7.20.
 Retrying in 1 seconds
[shaping_diag] success_cum_shaping=282.39 T=104 d_init=94.1 d_final=0.0
Warning: Vehicle 'ego'; collision with vehicle 'other', lane='right_out_0', gap=-1.12, time=8.00 stage=move.
 Retrying in 1 seconds
 Retrying in 1 seconds
[shaping_diag] success_cum_shaping=282.39 T=107 d_init=94.1 d_final=0.0
 Retrying in 1 seconds
[shaping_diag] success_cum_shaping=282.39 T=107 d_init=94.1 d_final=0.0
 Retrying in 1 seconds
[shaping_diag] success_cum_shaping=282.39 T=103 d_init=94.1 d_final=0.0
 Retrying in 1 seconds
[shaping_diag] success_cum_shaping=282.39 T=102 d_init=94.1 d_final=0.0
 Retrying in 1 seconds
[shaping_diag] success_cum_shaping=282.39 T=105 d_init=94.1 d_final=0.0
 Retrying in 1 seconds
[shaping_diag] success_cum_shaping=282.39 T=105 d_init=94.1 d_final=0.0
 Retrying in 1 seconds
[shaping_diag] success_cum_shaping=282.39 T=108 d_init=94.1 d_final=0.0
 Retrying in 1 seconds
[shaping_diag] success_cum_shaping=282.39 T=105 d_init=94.1 d_final=0.0
 Retrying in 1 seconds
[shaping_diag] success_cum_shaping=282.39 T=105 d_init=94.1 d_final=0.0
 Retrying in 1 seconds
[shaping_diag] success_cum_shaping=282.39 T=102 d_init=94.1 d_final=0.0
 Retrying in 1 seconds
[shaping_diag] success_cum_shaping=282.39 T=103 d_init=94.1 d_final=0.0
 Retrying in 1 seconds
[shaping_diag] success_cum_shaping=282.39 T=107 d_init=94.1 d_final=0.0
 Retrying in 1 seconds
[shaping_diag] success_cum_shaping=282.39 T=103 d_init=94.1 d_final=0.0
 Retrying in 1 seconds
[shaping_diag] success_cum_shaping=282.39 T=108 d_init=94.1 d_final=0.0
 Retrying in 1 seconds
[shaping_diag] success_cum_shaping=282.39 T=103 d_init=94.1 d_final=0.0
 Retrying in 1 seconds
[shaping_diag] success_cum_shaping=282.39 T=111 d_init=94.1 d_final=0.0
Warning: Vehicle 'other' performs emergency braking on lane ':center_8_0' with decel=9.00, wished=7.00, severity=1.00, time=7.60.
Warning: Vehicle 'other'; junction collision with vehicle 'ego', lane=':center_8_0', gap=-1.00, time=7.90 stage=move.
 Retrying in 1 seconds
 Retrying in 1 seconds
[shaping_diag] success_cum_shaping=282.39 T=105 d_init=94.1 d_final=0.0
Warning: Vehicle 'other' performs emergency braking on lane ':center_8_0' with decel=9.00, wished=5.00, severity=1.00, time=7.30.
 Retrying in 1 seconds
[shaping_diag] success_cum_shaping=282.39 T=105 d_init=94.1 d_final=0.0
 Retrying in 1 seconds
[shaping_diag] success_cum_shaping=282.39 T=104 d_init=94.1 d_final=0.0
 Retrying in 1 seconds
[shaping_diag] success_cum_shaping=282.39 T=106 d_init=94.1 d_final=0.0
 Retrying in 1 seconds
[shaping_diag] success_cum_shaping=282.39 T=112 d_init=94.1 d_final=0.0
 Retrying in 1 seconds
[shaping_diag] success_cum_shaping=282.39 T=105 d_init=94.1 d_final=0.0
 Retrying in 1 seconds
[shaping_diag] success_cum_shaping=282.39 T=104 d_init=94.1 d_final=0.0
 Retrying in 1 seconds
[shaping_diag] success_cum_shaping=282.39 T=110 d_init=94.1 d_final=0.0
 Retrying in 1 seconds
[shaping_diag] success_cum_shaping=282.39 T=106 d_init=94.1 d_final=0.0
 Retrying in 1 seconds
[shaping_diag] success_cum_shaping=282.39 T=104 d_init=94.1 d_final=0.0
 Retrying in 1 seconds
[shaping_diag] success_cum_shaping=282.39 T=104 d_init=94.1 d_final=0.0
 Retrying in 1 seconds
[shaping_diag] success_cum_shaping=282.39 T=103 d_init=94.1 d_final=0.0
 Retrying in 1 seconds
[shaping_diag] success_cum_shaping=282.39 T=103 d_init=94.1 d_final=0.0
 Retrying in 1 seconds
[shaping_diag] success_cum_shaping=282.39 T=106 d_init=94.1 d_final=0.0
 Retrying in 1 seconds
[shaping_diag] success_cum_shaping=282.39 T=103 d_init=94.1 d_final=0.0
 Retrying in 1 seconds
[shaping_diag] success_cum_shaping=282.39 T=103 d_init=94.1 d_final=0.0
 Retrying in 1 seconds
 Retrying in 1 seconds
[shaping_diag] success_cum_shaping=282.39 T=102 d_init=94.1 d_final=0.0
 Retrying in 1 seconds
[shaping_diag] success_cum_shaping=282.39 T=105 d_init=94.1 d_final=0.0
 Retrying in 1 seconds
[shaping_diag] success_cum_shaping=282.39 T=104 d_init=94.1 d_final=0.0
 Retrying in 1 seconds
[shaping_diag] success_cum_shaping=282.39 T=102 d_init=94.1 d_final=0.0
 Retrying in 1 seconds
[shaping_diag] success_cum_shaping=282.39 T=103 d_init=94.1 d_final=0.0
 Retrying in 1 seconds
[shaping_diag] success_cum_shaping=282.39 T=104 d_init=94.1 d_final=0.0
 Retrying in 1 seconds
[shaping_diag] success_cum_shaping=282.39 T=103 d_init=94.1 d_final=0.0
Warning: Vehicle 'ego'; collision with vehicle 'other', lane='right_out_0', gap=-0.46, time=7.70 stage=move.
 Retrying in 1 seconds
 Retrying in 1 seconds
[shaping_diag] success_cum_shaping=282.39 T=105 d_init=94.1 d_final=0.0
 Retrying in 1 seconds
[shaping_diag] success_cum_shaping=282.39 T=102 d_init=94.1 d_final=0.0
 Retrying in 1 seconds
[shaping_diag] success_cum_shaping=282.39 T=104 d_init=94.1 d_final=0.0
 Retrying in 1 seconds
[shaping_diag] success_cum_shaping=282.39 T=102 d_init=94.1 d_final=0.0
 Retrying in 1 seconds
[shaping_diag] success_cum_shaping=282.39 T=104 d_init=94.1 d_final=0.0
 Retrying in 1 seconds
[shaping_diag] success_cum_shaping=282.39 T=102 d_init=94.1 d_final=0.0
 Retrying in 1 seconds
[shaping_diag] success_cum_shaping=282.39 T=105 d_init=94.1 d_final=0.0
Warning: Vehicle 'ego'; collision with vehicle 'other', lane='right_out_0', gap=-1.08, time=7.60 stage=move.
 Retrying in 1 seconds
 Retrying in 1 seconds
[shaping_diag] success_cum_shaping=282.39 T=103 d_init=94.1 d_final=0.0
 Retrying in 1 seconds
[shaping_diag] success_cum_shaping=282.39 T=102 d_init=94.1 d_final=0.0
 Retrying in 1 seconds
[shaping_diag] success_cum_shaping=282.39 T=105 d_init=94.1 d_final=0.0
 Retrying in 1 seconds
[shaping_diag] success_cum_shaping=282.39 T=104 d_init=94.1 d_final=0.0
 Retrying in 1 seconds
 Retrying in 1 seconds
[shaping_diag] success_cum_shaping=282.39 T=103 d_init=94.1 d_final=0.0
 Retrying in 1 seconds
[shaping_diag] success_cum_shaping=282.39 T=103 d_init=94.1 d_final=0.0
 Retrying in 1 seconds
[shaping_diag] success_cum_shaping=282.39 T=104 d_init=94.1 d_final=0.0
 Retrying in 1 seconds
[shaping_diag] success_cum_shaping=282.39 T=103 d_init=94.1 d_final=0.0
Warning: Vehicle 'other' performs emergency braking on lane ':center_8_0' with decel=9.00, wished=5.00, severity=1.00, time=7.20.
 Retrying in 1 seconds
 Retrying in 1 seconds
[shaping_diag] success_cum_shaping=282.39 T=105 d_init=94.1 d_final=0.0
 Retrying in 1 seconds
[shaping_diag] success_cum_shaping=282.39 T=103 d_init=94.1 d_final=0.0
 Retrying in 1 seconds
[shaping_diag] success_cum_shaping=282.39 T=103 d_init=94.1 d_final=0.0
 Retrying in 1 seconds
[shaping_diag] success_cum_shaping=282.39 T=104 d_init=94.1 d_final=0.0
 Retrying in 1 seconds
[shaping_diag] success_cum_shaping=282.39 T=104 d_init=94.1 d_final=0.0
 Retrying in 1 seconds
[shaping_diag] success_cum_shaping=282.39 T=103 d_init=94.1 d_final=0.0
 Retrying in 1 seconds
[shaping_diag] success_cum_shaping=282.39 T=105 d_init=94.1 d_final=0.0
 Retrying in 1 seconds
[shaping_diag] success_cum_shaping=282.39 T=102 d_init=94.1 d_final=0.0
 Retrying in 1 seconds
[shaping_diag] success_cum_shaping=282.39 T=104 d_init=94.1 d_final=0.0
 Retrying in 1 seconds
[shaping_diag] success_cum_shaping=282.39 T=103 d_init=94.1 d_final=0.0
 Retrying in 1 seconds
[shaping_diag] success_cum_shaping=282.39 T=103 d_init=94.1 d_final=0.0
 Retrying in 1 seconds
 Retrying in 1 seconds
[shaping_diag] success_cum_shaping=282.39 T=102 d_init=94.1 d_final=0.0
 Retrying in 1 seconds
[shaping_diag] success_cum_shaping=282.39 T=102 d_init=94.1 d_final=0.0
 Retrying in 1 seconds
[shaping_diag] success_cum_shaping=282.39 T=102 d_init=94.1 d_final=0.0
 Retrying in 1 seconds
 Retrying in 1 seconds
[shaping_diag] success_cum_shaping=282.39 T=102 d_init=94.1 d_final=0.0
 Retrying in 1 seconds
[shaping_diag] success_cum_shaping=282.39 T=106 d_init=94.1 d_final=0.0
 Retrying in 1 seconds
[shaping_diag] success_cum_shaping=282.39 T=102 d_init=94.1 d_final=0.0
 Retrying in 1 seconds
[shaping_diag] success_cum_shaping=282.39 T=102 d_init=94.1 d_final=0.0
 Retrying in 1 seconds
[shaping_diag] success_cum_shaping=282.39 T=103 d_init=94.1 d_final=0.0
 Retrying in 1 seconds
[shaping_diag] success_cum_shaping=282.39 T=103 d_init=94.1 d_final=0.0
 Retrying in 1 seconds
[shaping_diag] success_cum_shaping=282.39 T=103 d_init=94.1 d_final=0.0
 Retrying in 1 seconds
[shaping_diag] success_cum_shaping=282.39 T=103 d_init=94.1 d_final=0.0
 Retrying in 1 seconds
[shaping_diag] success_cum_shaping=282.39 T=103 d_init=94.1 d_final=0.0
 Retrying in 1 seconds
[shaping_diag] success_cum_shaping=282.39 T=103 d_init=94.1 d_final=0.0
 Retrying in 1 seconds
[shaping_diag] success_cum_shaping=282.39 T=104 d_init=94.1 d_final=0.0
 Retrying in 1 seconds
[shaping_diag] success_cum_shaping=282.39 T=104 d_init=94.1 d_final=0.0
 Retrying in 1 seconds
[shaping_diag] success_cum_shaping=282.39 T=102 d_init=94.1 d_final=0.0
 Retrying in 1 seconds
[shaping_diag] success_cum_shaping=282.39 T=102 d_init=94.1 d_final=0.0
 Retrying in 1 seconds
[shaping_diag] success_cum_shaping=282.39 T=104 d_init=94.1 d_final=0.0
 Retrying in 1 seconds
[shaping_diag] success_cum_shaping=282.39 T=104 d_init=94.1 d_final=0.0
 Retrying in 1 seconds
[shaping_diag] success_cum_shaping=282.39 T=102 d_init=94.1 d_final=0.0
 Retrying in 1 seconds
[shaping_diag] success_cum_shaping=282.39 T=103 d_init=94.1 d_final=0.0
 Retrying in 1 seconds
[shaping_diag] success_cum_shaping=282.39 T=104 d_init=94.1 d_final=0.0
 Retrying in 1 seconds
[shaping_diag] success_cum_shaping=282.39 T=106 d_init=94.1 d_final=0.0
 Retrying in 1 seconds
[shaping_diag] success_cum_shaping=282.39 T=104 d_init=94.1 d_final=0.0
 Retrying in 1 seconds
[shaping_diag] success_cum_shaping=282.39 T=103 d_init=94.1 d_final=0.0
 Retrying in 1 seconds
[shaping_diag] success_cum_shaping=282.39 T=103 d_init=94.1 d_final=0.0
 Retrying in 1 seconds
[shaping_diag] success_cum_shaping=282.39 T=104 d_init=94.1 d_final=0.0
 Retrying in 1 seconds
[shaping_diag] success_cum_shaping=282.39 T=105 d_init=94.1 d_final=0.0
 Retrying in 1 seconds
[shaping_diag] success_cum_shaping=282.39 T=103 d_init=94.1 d_final=0.0
 Retrying in 1 seconds
[shaping_diag] success_cum_shaping=282.39 T=103 d_init=94.1 d_final=0.0
 Retrying in 1 seconds
[shaping_diag] success_cum_shaping=282.39 T=102 d_init=94.1 d_final=0.0
 Retrying in 1 seconds
[shaping_diag] success_cum_shaping=282.39 T=107 d_init=94.1 d_final=0.0
 Retrying in 1 seconds
[shaping_diag] success_cum_shaping=282.39 T=103 d_init=94.1 d_final=0.0
 Retrying in 1 seconds
[shaping_diag] success_cum_shaping=282.39 T=104 d_init=94.1 d_final=0.0
 Retrying in 1 seconds
[shaping_diag] success_cum_shaping=282.39 T=102 d_init=94.1 d_final=0.0
Warning: Vehicle 'other' performs emergency braking on lane ':center_8_0' with decel=9.00, wished=5.00, severity=1.00, time=7.30.
 Retrying in 1 seconds
 Retrying in 1 seconds
[shaping_diag] success_cum_shaping=282.39 T=103 d_init=94.1 d_final=0.0
 Retrying in 1 seconds
[shaping_diag] success_cum_shaping=282.39 T=104 d_init=94.1 d_final=0.0
 Retrying in 1 seconds
[shaping_diag] success_cum_shaping=282.39 T=102 d_init=94.1 d_final=0.0
 Retrying in 1 seconds
[shaping_diag] success_cum_shaping=282.39 T=103 d_init=94.1 d_final=0.0
 Retrying in 1 seconds
[shaping_diag] success_cum_shaping=282.39 T=102 d_init=94.1 d_final=0.0
 Retrying in 1 seconds
[shaping_diag] success_cum_shaping=282.39 T=102 d_init=94.1 d_final=0.0
 Retrying in 1 seconds
 Retrying in 1 seconds
[shaping_diag] success_cum_shaping=282.39 T=103 d_init=94.1 d_final=0.0
 Retrying in 1 seconds
[shaping_diag] success_cum_shaping=282.39 T=102 d_init=94.1 d_final=0.0
 Retrying in 1 seconds
[shaping_diag] success_cum_shaping=282.39 T=103 d_init=94.1 d_final=0.0
 Retrying in 1 seconds
[shaping_diag] success_cum_shaping=282.39 T=113 d_init=94.1 d_final=0.0
 Retrying in 1 seconds
[shaping_diag] success_cum_shaping=282.39 T=102 d_init=94.1 d_final=0.0
 Retrying in 1 seconds
[shaping_diag] success_cum_shaping=282.39 T=103 d_init=94.1 d_final=0.0
 Retrying in 1 seconds
[shaping_diag] success_cum_shaping=282.39 T=105 d_init=94.1 d_final=0.0
 Retrying in 1 seconds
[shaping_diag] success_cum_shaping=282.39 T=104 d_init=94.1 d_final=0.0
 Retrying in 1 seconds
[shaping_diag] success_cum_shaping=282.39 T=107 d_init=94.1 d_final=0.0
 Retrying in 1 seconds
[shaping_diag] success_cum_shaping=282.39 T=105 d_init=94.1 d_final=0.0
 Retrying in 1 seconds
[shaping_diag] success_cum_shaping=282.39 T=112 d_init=94.1 d_final=0.0
 Retrying in 1 seconds
[shaping_diag] success_cum_shaping=282.39 T=106 d_init=94.1 d_final=0.0
 Retrying in 1 seconds
[shaping_diag] success_cum_shaping=282.39 T=102 d_init=94.1 d_final=0.0
 Retrying in 1 seconds
[shaping_diag] success_cum_shaping=282.39 T=104 d_init=94.1 d_final=0.0
 Retrying in 1 seconds
[shaping_diag] success_cum_shaping=282.39 T=103 d_init=94.1 d_final=0.0
 Retrying in 1 seconds
[shaping_diag] success_cum_shaping=282.39 T=104 d_init=94.1 d_final=0.0
 Retrying in 1 seconds
[shaping_diag] success_cum_shaping=282.39 T=109 d_init=94.1 d_final=0.0
 Retrying in 1 seconds
[shaping_diag] success_cum_shaping=282.39 T=103 d_init=94.1 d_final=0.0
 Retrying in 1 seconds
[shaping_diag] success_cum_shaping=282.39 T=104 d_init=94.1 d_final=0.0
 Retrying in 1 seconds
[shaping_diag] success_cum_shaping=282.39 T=104 d_init=94.1 d_final=0.0
 Retrying in 1 seconds
[shaping_diag] success_cum_shaping=282.39 T=102 d_init=94.1 d_final=0.0
 Retrying in 1 seconds
[shaping_diag] success_cum_shaping=282.39 T=105 d_init=94.1 d_final=0.0
 Retrying in 1 seconds
[shaping_diag] success_cum_shaping=282.39 T=102 d_init=94.1 d_final=0.0
 Retrying in 1 seconds
[shaping_diag] success_cum_shaping=282.39 T=104 d_init=94.1 d_final=0.0
 Retrying in 1 seconds
[shaping_diag] success_cum_shaping=282.39 T=104 d_init=94.1 d_final=0.0
 Retrying in 1 seconds
[shaping_diag] success_cum_shaping=282.39 T=105 d_init=94.1 d_final=0.0
 Retrying in 1 seconds
[shaping_diag] success_cum_shaping=282.39 T=106 d_init=94.1 d_final=0.0
 Retrying in 1 seconds
[shaping_diag] success_cum_shaping=282.39 T=104 d_init=94.1 d_final=0.0
 Retrying in 1 seconds
[shaping_diag] success_cum_shaping=282.39 T=102 d_init=94.1 d_final=0.0
 Retrying in 1 seconds
[shaping_diag] success_cum_shaping=282.39 T=103 d_init=94.1 d_final=0.0
 Retrying in 1 seconds
[shaping_diag] success_cum_shaping=282.39 T=103 d_init=94.1 d_final=0.0
Warning: Vehicle 'ego'; junction collision with vehicle 'other', lane=':center_4_0', gap=-1.00, time=7.50 stage=move.
 Retrying in 1 seconds
 Retrying in 1 seconds
[shaping_diag] success_cum_shaping=282.39 T=104 d_init=94.1 d_final=0.0
 Retrying in 1 seconds
[shaping_diag] success_cum_shaping=282.39 T=102 d_init=94.1 d_final=0.0
 Retrying in 1 seconds
[shaping_diag] success_cum_shaping=282.39 T=104 d_init=94.1 d_final=0.0
 Retrying in 1 seconds
[shaping_diag] success_cum_shaping=282.39 T=118 d_init=94.1 d_final=0.0
Warning: Vehicle 'ego'; junction collision with vehicle 'other', lane=':center_4_0', gap=-1.00, time=7.50 stage=move.
 Retrying in 1 seconds
 Retrying in 1 seconds
[shaping_diag] success_cum_shaping=282.39 T=103 d_init=94.1 d_final=0.0
 Retrying in 1 seconds
[shaping_diag] success_cum_shaping=282.39 T=103 d_init=94.1 d_final=0.0
 Retrying in 1 seconds
 Retrying in 1 seconds
[shaping_diag] success_cum_shaping=282.39 T=104 d_init=94.1 d_final=0.0
 Retrying in 1 seconds
[shaping_diag] success_cum_shaping=282.39 T=104 d_init=94.1 d_final=0.0
 Retrying in 1 seconds
[shaping_diag] success_cum_shaping=282.39 T=109 d_init=94.1 d_final=0.0
 Retrying in 1 seconds
[shaping_diag] success_cum_shaping=282.39 T=109 d_init=94.1 d_final=0.0
 Retrying in 1 seconds
[shaping_diag] success_cum_shaping=282.39 T=105 d_init=94.1 d_final=0.0
 Retrying in 1 seconds
[shaping_diag] success_cum_shaping=282.39 T=112 d_init=94.1 d_final=0.0
 Retrying in 1 seconds
[shaping_diag] success_cum_shaping=282.39 T=104 d_init=94.1 d_final=0.0
 Retrying in 1 seconds
[shaping_diag] success_cum_shaping=282.39 T=102 d_init=94.1 d_final=0.0
 Retrying in 1 seconds
[shaping_diag] success_cum_shaping=282.39 T=105 d_init=94.1 d_final=0.0
 Retrying in 1 seconds
[shaping_diag] success_cum_shaping=282.39 T=110 d_init=94.1 d_final=0.0
 Retrying in 1 seconds
[shaping_diag] success_cum_shaping=282.39 T=105 d_init=94.1 d_final=0.0
 Retrying in 1 seconds
[shaping_diag] success_cum_shaping=282.39 T=105 d_init=94.1 d_final=0.0
 Retrying in 1 seconds
[shaping_diag] success_cum_shaping=282.39 T=107 d_init=94.1 d_final=0.0
 Retrying in 1 seconds
[shaping_diag] success_cum_shaping=282.39 T=105 d_init=94.1 d_final=0.0
 Retrying in 1 seconds
[shaping_diag] success_cum_shaping=282.39 T=103 d_init=94.1 d_final=0.0
 Retrying in 1 seconds
[shaping_diag] success_cum_shaping=282.39 T=106 d_init=94.1 d_final=0.0
 Retrying in 1 seconds
[shaping_diag] success_cum_shaping=282.39 T=105 d_init=94.1 d_final=0.0
 Retrying in 1 seconds
[shaping_diag] success_cum_shaping=282.39 T=106 d_init=94.1 d_final=0.0
 Retrying in 1 seconds
[shaping_diag] success_cum_shaping=282.39 T=117 d_init=94.1 d_final=0.0
 Retrying in 1 seconds
[shaping_diag] success_cum_shaping=282.39 T=104 d_init=94.1 d_final=0.0
 Retrying in 1 seconds
[shaping_diag] success_cum_shaping=282.39 T=107 d_init=94.1 d_final=0.0
 Retrying in 1 seconds
[shaping_diag] success_cum_shaping=282.39 T=106 d_init=94.1 d_final=0.0
 Retrying in 1 seconds
[shaping_diag] success_cum_shaping=282.39 T=107 d_init=94.1 d_final=0.0
 Retrying in 1 seconds
[shaping_diag] success_cum_shaping=282.39 T=102 d_init=94.1 d_final=0.0
 Retrying in 1 seconds
[shaping_diag] success_cum_shaping=282.39 T=103 d_init=94.1 d_final=0.0
 Retrying in 1 seconds
[shaping_diag] success_cum_shaping=282.39 T=105 d_init=94.1 d_final=0.0
 Retrying in 1 seconds
[shaping_diag] success_cum_shaping=282.39 T=103 d_init=94.1 d_final=0.0
 Retrying in 1 seconds
[shaping_diag] success_cum_shaping=282.39 T=106 d_init=94.1 d_final=0.0
 Retrying in 1 seconds
[shaping_diag] success_cum_shaping=282.39 T=108 d_init=94.1 d_final=0.0
 Retrying in 1 seconds
[shaping_diag] success_cum_shaping=282.39 T=103 d_init=94.1 d_final=0.0
Warning: Vehicle 'other' performs emergency braking on lane ':center_8_0' with decel=9.00, wished=5.00, severity=1.00, time=7.40.
 Retrying in 1 seconds
[shaping_diag] success_cum_shaping=282.39 T=105 d_init=94.1 d_final=0.0
 Retrying in 1 seconds
[shaping_diag] success_cum_shaping=282.39 T=105 d_init=94.1 d_final=0.0
 Retrying in 1 seconds
[shaping_diag] success_cum_shaping=282.39 T=104 d_init=94.1 d_final=0.0
 Retrying in 1 seconds
[shaping_diag] success_cum_shaping=282.39 T=103 d_init=94.1 d_final=0.0
 Retrying in 1 seconds
[shaping_diag] success_cum_shaping=282.39 T=102 d_init=94.1 d_final=0.0
 Retrying in 1 seconds
[shaping_diag] success_cum_shaping=282.39 T=103 d_init=94.1 d_final=0.0
 Retrying in 1 seconds
[shaping_diag] success_cum_shaping=282.39 T=108 d_init=94.1 d_final=0.0
 Retrying in 1 seconds
[shaping_diag] success_cum_shaping=282.39 T=103 d_init=94.1 d_final=0.0
 Retrying in 1 seconds
 Retrying in 1 seconds
[shaping_diag] success_cum_shaping=282.39 T=102 d_init=94.1 d_final=0.0
 Retrying in 1 seconds
[shaping_diag] success_cum_shaping=282.39 T=102 d_init=94.1 d_final=0.0
 Retrying in 1 seconds
[shaping_diag] success_cum_shaping=282.39 T=102 d_init=94.1 d_final=0.0
 Retrying in 1 seconds
 Retrying in 1 seconds
[shaping_diag] success_cum_shaping=282.39 T=102 d_init=94.1 d_final=0.0
 Retrying in 1 seconds
[shaping_diag] success_cum_shaping=282.39 T=102 d_init=94.1 d_final=0.0
 Retrying in 1 seconds
[shaping_diag] success_cum_shaping=282.39 T=102 d_init=94.1 d_final=0.0
 Retrying in 1 seconds
[shaping_diag] success_cum_shaping=282.39 T=102 d_init=94.1 d_final=0.0
 Retrying in 1 seconds
[shaping_diag] success_cum_shaping=282.39 T=102 d_init=94.1 d_final=0.0
 Retrying in 1 seconds
[shaping_diag] success_cum_shaping=282.39 T=102 d_init=94.1 d_final=0.0
[drppo] step=249856 ret=323.15 coll=1 ttc=5.85
 Retrying in 1 seconds
[shaping_diag] success_cum_shaping=282.39 T=104 d_init=94.1 d_final=0.0
 Retrying in 1 seconds
[shaping_diag] success_cum_shaping=282.39 T=103 d_init=94.1 d_final=0.0
 Retrying in 1 seconds
[shaping_diag] success_cum_shaping=282.39 T=106 d_init=94.1 d_final=0.0
 Retrying in 1 seconds
[shaping_diag] success_cum_shaping=282.39 T=102 d_init=94.1 d_final=0.0
 Retrying in 1 seconds
[shaping_diag] success_cum_shaping=282.39 T=104 d_init=94.1 d_final=0.0
 Retrying in 1 seconds
[shaping_diag] success_cum_shaping=282.39 T=105 d_init=94.1 d_final=0.0
 Retrying in 1 seconds
[shaping_diag] success_cum_shaping=282.39 T=102 d_init=94.1 d_final=0.0
 Retrying in 1 seconds
[shaping_diag] success_cum_shaping=282.39 T=108 d_init=94.1 d_final=0.0
 Retrying in 1 seconds
[shaping_diag] success_cum_shaping=282.39 T=104 d_init=94.1 d_final=0.0
 Retrying in 1 seconds
[shaping_diag] success_cum_shaping=282.39 T=103 d_init=94.1 d_final=0.0
 Retrying in 1 seconds
[shaping_diag] success_cum_shaping=282.39 T=104 d_init=94.1 d_final=0.0
Warning: Vehicle 'other' performs emergency braking on lane ':center_8_0' with decel=9.00, wished=5.00, severity=1.00, time=7.30.
 Retrying in 1 seconds
[shaping_diag] success_cum_shaping=282.39 T=105 d_init=94.1 d_final=0.0
 Retrying in 1 seconds
[shaping_diag] success_cum_shaping=282.39 T=108 d_init=94.1 d_final=0.0
 Retrying in 1 seconds
[shaping_diag] success_cum_shaping=282.39 T=104 d_init=94.1 d_final=0.0
 Retrying in 1 seconds
[shaping_diag] success_cum_shaping=282.39 T=103 d_init=94.1 d_final=0.0
 Retrying in 1 seconds
[shaping_diag] success_cum_shaping=282.39 T=104 d_init=94.1 d_final=0.0
 Retrying in 1 seconds
[shaping_diag] success_cum_shaping=282.39 T=104 d_init=94.1 d_final=0.0
Warning: Vehicle 'other' performs emergency braking on lane ':center_8_0' with decel=9.00, wished=6.00, severity=1.00, time=7.10.
 Retrying in 1 seconds
[shaping_diag] success_cum_shaping=282.39 T=103 d_init=94.1 d_final=0.0
 Retrying in 1 seconds
[shaping_diag] success_cum_shaping=282.39 T=106 d_init=94.1 d_final=0.0
 Retrying in 1 seconds
[shaping_diag] success_cum_shaping=282.39 T=105 d_init=94.1 d_final=0.0
 Retrying in 1 seconds
[shaping_diag] success_cum_shaping=282.39 T=103 d_init=94.1 d_final=0.0
 Retrying in 1 seconds
 Retrying in 1 seconds
[shaping_diag] success_cum_shaping=282.39 T=108 d_init=94.1 d_final=0.0
 Retrying in 1 seconds
[shaping_diag] success_cum_shaping=282.39 T=103 d_init=94.1 d_final=0.0
 Retrying in 1 seconds
[shaping_diag] success_cum_shaping=282.39 T=103 d_init=94.1 d_final=0.0
 Retrying in 1 seconds
[shaping_diag] success_cum_shaping=282.39 T=103 d_init=94.1 d_final=0.0
 Retrying in 1 seconds
[shaping_diag] success_cum_shaping=282.39 T=107 d_init=94.1 d_final=0.0
 Retrying in 1 seconds
[shaping_diag] success_cum_shaping=282.39 T=104 d_init=94.1 d_final=0.0
 Retrying in 1 seconds
[shaping_diag] success_cum_shaping=282.39 T=103 d_init=94.1 d_final=0.0
 Retrying in 1 seconds
[shaping_diag] success_cum_shaping=282.39 T=104 d_init=94.1 d_final=0.0
 Retrying in 1 seconds
[shaping_diag] success_cum_shaping=282.39 T=103 d_init=94.1 d_final=0.0
 Retrying in 1 seconds
[shaping_diag] success_cum_shaping=282.39 T=103 d_init=94.1 d_final=0.0
 Retrying in 1 seconds
[shaping_diag] success_cum_shaping=282.39 T=104 d_init=94.1 d_final=0.0
 Retrying in 1 seconds
[shaping_diag] success_cum_shaping=282.39 T=107 d_init=94.1 d_final=0.0
 Retrying in 1 seconds
[shaping_diag] success_cum_shaping=282.39 T=104 d_init=94.1 d_final=0.0
 Retrying in 1 seconds
[shaping_diag] success_cum_shaping=282.39 T=104 d_init=94.1 d_final=0.0
 Retrying in 1 seconds
[shaping_diag] success_cum_shaping=282.39 T=106 d_init=94.1 d_final=0.0
Warning: Vehicle 'other' performs emergency braking on lane ':center_8_0' with decel=9.00, wished=7.00, severity=1.00, time=7.30.
 Retrying in 1 seconds
[shaping_diag] success_cum_shaping=282.39 T=105 d_init=94.1 d_final=0.0
 Retrying in 1 seconds
[shaping_diag] success_cum_shaping=282.39 T=103 d_init=94.1 d_final=0.0
 Retrying in 1 seconds
 Retrying in 1 seconds
[shaping_diag] success_cum_shaping=282.39 T=103 d_init=94.1 d_final=0.0
 Retrying in 1 seconds
[shaping_diag] success_cum_shaping=282.39 T=105 d_init=94.1 d_final=0.0
 Retrying in 1 seconds
[shaping_diag] success_cum_shaping=282.39 T=103 d_init=94.1 d_final=0.0
 Retrying in 1 seconds
[shaping_diag] success_cum_shaping=282.39 T=102 d_init=94.1 d_final=0.0
 Retrying in 1 seconds
[shaping_diag] success_cum_shaping=282.39 T=103 d_init=94.1 d_final=0.0
 Retrying in 1 seconds
[shaping_diag] success_cum_shaping=282.39 T=104 d_init=94.1 d_final=0.0
 Retrying in 1 seconds
[shaping_diag] success_cum_shaping=282.39 T=104 d_init=94.1 d_final=0.0
 Retrying in 1 seconds
[shaping_diag] success_cum_shaping=282.39 T=105 d_init=94.1 d_final=0.0
 Retrying in 1 seconds
[shaping_diag] success_cum_shaping=282.39 T=103 d_init=94.1 d_final=0.0
 Retrying in 1 seconds
[shaping_diag] success_cum_shaping=282.39 T=103 d_init=94.1 d_final=0.0
 Retrying in 1 seconds
[shaping_diag] success_cum_shaping=282.39 T=103 d_init=94.1 d_final=0.0
 Retrying in 1 seconds
[shaping_diag] success_cum_shaping=282.39 T=103 d_init=94.1 d_final=0.0
 Retrying in 1 seconds
[shaping_diag] success_cum_shaping=282.39 T=103 d_init=94.1 d_final=0.0
 Retrying in 1 seconds
[shaping_diag] success_cum_shaping=282.39 T=102 d_init=94.1 d_final=0.0
 Retrying in 1 seconds
[shaping_diag] success_cum_shaping=282.39 T=102 d_init=94.1 d_final=0.0
 Retrying in 1 seconds
[shaping_diag] success_cum_shaping=282.39 T=103 d_init=94.1 d_final=0.0
 Retrying in 1 seconds
[shaping_diag] success_cum_shaping=282.39 T=103 d_init=94.1 d_final=0.0
 Retrying in 1 seconds
[shaping_diag] success_cum_shaping=282.39 T=104 d_init=94.1 d_final=0.0
 Retrying in 1 seconds
[shaping_diag] success_cum_shaping=282.39 T=103 d_init=94.1 d_final=0.0
 Retrying in 1 seconds
[shaping_diag] success_cum_shaping=282.39 T=103 d_init=94.1 d_final=0.0
 Retrying in 1 seconds
[shaping_diag] success_cum_shaping=282.39 T=103 d_init=94.1 d_final=0.0
 Retrying in 1 seconds
[shaping_diag] success_cum_shaping=282.39 T=103 d_init=94.1 d_final=0.0
 Retrying in 1 seconds
[shaping_diag] success_cum_shaping=282.39 T=103 d_init=94.1 d_final=0.0
 Retrying in 1 seconds
[shaping_diag] success_cum_shaping=282.39 T=103 d_init=94.1 d_final=0.0
 Retrying in 1 seconds
[shaping_diag] success_cum_shaping=282.39 T=105 d_init=94.1 d_final=0.0
Warning: Vehicle 'other' performs emergency braking on lane ':center_8_0' with decel=9.00, wished=7.00, severity=1.00, time=7.10.
 Retrying in 1 seconds
[shaping_diag] success_cum_shaping=282.39 T=103 d_init=94.1 d_final=0.0
 Retrying in 1 seconds
[shaping_diag] success_cum_shaping=282.39 T=104 d_init=94.1 d_final=0.0
 Retrying in 1 seconds
[shaping_diag] success_cum_shaping=282.39 T=103 d_init=94.1 d_final=0.0
 Retrying in 1 seconds
[shaping_diag] success_cum_shaping=282.39 T=103 d_init=94.1 d_final=0.0
 Retrying in 1 seconds
[shaping_diag] success_cum_shaping=282.39 T=103 d_init=94.1 d_final=0.0
 Retrying in 1 seconds
[shaping_diag] success_cum_shaping=282.39 T=105 d_init=94.1 d_final=0.0
Warning: Vehicle 'other' performs emergency braking on lane ':center_8_0' with decel=9.00, wished=6.00, severity=1.00, time=7.10.
 Retrying in 1 seconds
 Retrying in 1 seconds
[shaping_diag] success_cum_shaping=282.39 T=104 d_init=94.1 d_final=0.0
 Retrying in 1 seconds
[shaping_diag] success_cum_shaping=282.39 T=103 d_init=94.1 d_final=0.0
 Retrying in 1 seconds
[shaping_diag] success_cum_shaping=282.39 T=105 d_init=94.1 d_final=0.0
 Retrying in 1 seconds
[shaping_diag] success_cum_shaping=282.39 T=104 d_init=94.1 d_final=0.0
 Retrying in 1 seconds
[shaping_diag] success_cum_shaping=282.39 T=103 d_init=94.1 d_final=0.0
 Retrying in 1 seconds
[shaping_diag] success_cum_shaping=282.39 T=106 d_init=94.1 d_final=0.0
Warning: Vehicle 'other' performs emergency braking on lane ':center_8_0' with decel=9.00, wished=7.00, severity=1.00, time=7.10.
Warning: Vehicle 'ego'; junction collision with vehicle 'other', lane=':center_4_0', gap=-1.00, time=7.30 stage=move.
 Retrying in 1 seconds
 Retrying in 1 seconds
 Retrying in 1 seconds
 Retrying in 1 seconds
[shaping_diag] success_cum_shaping=282.39 T=104 d_init=94.1 d_final=0.0
 Retrying in 1 seconds
[shaping_diag] success_cum_shaping=282.39 T=103 d_init=94.1 d_final=0.0
 Retrying in 1 seconds
[shaping_diag] success_cum_shaping=282.39 T=106 d_init=94.1 d_final=0.0
 Retrying in 1 seconds
[shaping_diag] success_cum_shaping=282.39 T=104 d_init=94.1 d_final=0.0
 Retrying in 1 seconds
[shaping_diag] success_cum_shaping=282.39 T=103 d_init=94.1 d_final=0.0
 Retrying in 1 seconds
[shaping_diag] success_cum_shaping=282.39 T=102 d_init=94.1 d_final=0.0
 Retrying in 1 seconds
[shaping_diag] success_cum_shaping=282.39 T=105 d_init=94.1 d_final=0.0
 Retrying in 1 seconds
[shaping_diag] success_cum_shaping=282.39 T=103 d_init=94.1 d_final=0.0
 Retrying in 1 seconds
[shaping_diag] success_cum_shaping=282.39 T=103 d_init=94.1 d_final=0.0
 Retrying in 1 seconds
[shaping_diag] success_cum_shaping=282.39 T=103 d_init=94.1 d_final=0.0
 Retrying in 1 seconds
[shaping_diag] success_cum_shaping=282.39 T=106 d_init=94.1 d_final=0.0
 Retrying in 1 seconds
[shaping_diag] success_cum_shaping=282.39 T=103 d_init=94.1 d_final=0.0
 Retrying in 1 seconds
[shaping_diag] success_cum_shaping=282.39 T=112 d_init=94.1 d_final=0.0
 Retrying in 1 seconds
[shaping_diag] success_cum_shaping=282.39 T=103 d_init=94.1 d_final=0.0
 Retrying in 1 seconds
[shaping_diag] success_cum_shaping=282.39 T=104 d_init=94.1 d_final=0.0
 Retrying in 1 seconds
[shaping_diag] success_cum_shaping=282.39 T=113 d_init=94.1 d_final=0.0
 Retrying in 1 seconds
[shaping_diag] success_cum_shaping=282.39 T=109 d_init=94.1 d_final=0.0
 Retrying in 1 seconds
[shaping_diag] success_cum_shaping=282.39 T=102 d_init=94.1 d_final=0.0
 Retrying in 1 seconds
[shaping_diag] success_cum_shaping=282.39 T=102 d_init=94.1 d_final=0.0
 Retrying in 1 seconds
[shaping_diag] success_cum_shaping=282.39 T=102 d_init=94.1 d_final=0.0
 Retrying in 1 seconds
[shaping_diag] success_cum_shaping=282.39 T=103 d_init=94.1 d_final=0.0
 Retrying in 1 seconds
[shaping_diag] success_cum_shaping=282.39 T=113 d_init=94.1 d_final=0.0
 Retrying in 1 seconds
[shaping_diag] success_cum_shaping=282.39 T=107 d_init=94.1 d_final=0.0
 Retrying in 1 seconds
[shaping_diag] success_cum_shaping=282.39 T=103 d_init=94.1 d_final=0.0
 Retrying in 1 seconds
[shaping_diag] success_cum_shaping=282.39 T=103 d_init=94.1 d_final=0.0
 Retrying in 1 seconds
[shaping_diag] success_cum_shaping=282.39 T=102 d_init=94.1 d_final=0.0
 Retrying in 1 seconds
[shaping_diag] success_cum_shaping=282.39 T=103 d_init=94.1 d_final=0.0
 Retrying in 1 seconds
[shaping_diag] success_cum_shaping=282.39 T=105 d_init=94.1 d_final=0.0
 Retrying in 1 seconds
[shaping_diag] success_cum_shaping=282.39 T=103 d_init=94.1 d_final=0.0
 Retrying in 1 seconds
[shaping_diag] success_cum_shaping=282.39 T=104 d_init=94.1 d_final=0.0
 Retrying in 1 seconds
 Retrying in 1 seconds
[shaping_diag] success_cum_shaping=282.39 T=103 d_init=94.1 d_final=0.0
 Retrying in 1 seconds
[shaping_diag] success_cum_shaping=282.39 T=109 d_init=94.1 d_final=0.0
 Retrying in 1 seconds
[shaping_diag] success_cum_shaping=282.39 T=105 d_init=94.1 d_final=0.0
 Retrying in 1 seconds
[shaping_diag] success_cum_shaping=282.39 T=104 d_init=94.1 d_final=0.0
 Retrying in 1 seconds
[shaping_diag] success_cum_shaping=282.39 T=103 d_init=94.1 d_final=0.0
 Retrying in 1 seconds
[shaping_diag] success_cum_shaping=282.39 T=104 d_init=94.1 d_final=0.0
Warning: Vehicle 'other' performs emergency braking on lane ':center_8_0' with decel=9.00, wished=7.00, severity=1.00, time=7.50.
 Retrying in 1 seconds
[shaping_diag] success_cum_shaping=282.39 T=107 d_init=94.1 d_final=0.0
 Retrying in 1 seconds
[shaping_diag] success_cum_shaping=282.39 T=103 d_init=94.1 d_final=0.0
 Retrying in 1 seconds
 Retrying in 1 seconds
[shaping_diag] success_cum_shaping=282.39 T=104 d_init=94.1 d_final=0.0
 Retrying in 1 seconds
[shaping_diag] success_cum_shaping=282.39 T=107 d_init=94.1 d_final=0.0
 Retrying in 1 seconds
[shaping_diag] success_cum_shaping=282.39 T=111 d_init=94.1 d_final=0.0
 Retrying in 1 seconds
[shaping_diag] success_cum_shaping=282.39 T=105 d_init=94.1 d_final=0.0
 Retrying in 1 seconds
[shaping_diag] success_cum_shaping=282.39 T=106 d_init=94.1 d_final=0.0
 Retrying in 1 seconds
[shaping_diag] success_cum_shaping=282.39 T=115 d_init=94.1 d_final=0.0
 Retrying in 1 seconds
[shaping_diag] success_cum_shaping=282.39 T=106 d_init=94.1 d_final=0.0
 Retrying in 1 seconds
[shaping_diag] success_cum_shaping=282.39 T=103 d_init=94.1 d_final=0.0
 Retrying in 1 seconds
[shaping_diag] success_cum_shaping=282.39 T=113 d_init=94.1 d_final=0.0
 Retrying in 1 seconds
[shaping_diag] success_cum_shaping=282.39 T=106 d_init=94.1 d_final=0.0
 Retrying in 1 seconds
[shaping_diag] success_cum_shaping=282.39 T=124 d_init=94.1 d_final=0.0
 Retrying in 1 seconds
[shaping_diag] success_cum_shaping=282.39 T=108 d_init=94.1 d_final=0.0
Warning: Vehicle 'other' performs emergency braking on lane ':center_8_0' with decel=9.00, wished=7.00, severity=1.00, time=7.50.
Warning: Vehicle 'ego'; junction collision with vehicle 'other', lane=':center_4_0', gap=-1.00, time=7.90 stage=move.
 Retrying in 1 seconds
 Retrying in 1 seconds
[shaping_diag] success_cum_shaping=282.39 T=105 d_init=94.1 d_final=0.0
 Retrying in 1 seconds
[shaping_diag] success_cum_shaping=282.39 T=103 d_init=94.1 d_final=0.0
 Retrying in 1 seconds
[shaping_diag] success_cum_shaping=282.39 T=108 d_init=94.1 d_final=0.0
 Retrying in 1 seconds
[shaping_diag] success_cum_shaping=282.39 T=104 d_init=94.1 d_final=0.0
 Retrying in 1 seconds
[shaping_diag] success_cum_shaping=282.39 T=104 d_init=94.1 d_final=0.0
 Retrying in 1 seconds
[shaping_diag] success_cum_shaping=282.39 T=105 d_init=94.1 d_final=0.0
 Retrying in 1 seconds
[shaping_diag] success_cum_shaping=282.39 T=139 d_init=94.1 d_final=0.0
 Retrying in 1 seconds
[shaping_diag] success_cum_shaping=282.39 T=103 d_init=94.1 d_final=0.0
Warning: Vehicle 'ego'; collision with vehicle 'other', lane='right_out_0', gap=-1.39, time=8.00 stage=move.
 Retrying in 1 seconds
 Retrying in 1 seconds
[shaping_diag] success_cum_shaping=282.39 T=109 d_init=94.1 d_final=0.0
 Retrying in 1 seconds
[shaping_diag] success_cum_shaping=282.39 T=119 d_init=94.1 d_final=0.0
Warning: Vehicle 'ego'; collision with vehicle 'other', lane='right_out_0', gap=-0.10, time=8.50 stage=move.
 Retrying in 1 seconds
 Retrying in 1 seconds
[shaping_diag] success_cum_shaping=282.39 T=104 d_init=94.1 d_final=0.0
 Retrying in 1 seconds
[shaping_diag] success_cum_shaping=282.39 T=104 d_init=94.1 d_final=0.0
 Retrying in 1 seconds
[shaping_diag] success_cum_shaping=282.39 T=108 d_init=94.1 d_final=0.0
 Retrying in 1 seconds
[shaping_diag] success_cum_shaping=282.39 T=104 d_init=94.1 d_final=0.0
 Retrying in 1 seconds
[shaping_diag] success_cum_shaping=282.39 T=104 d_init=94.1 d_final=0.0
 Retrying in 1 seconds
[shaping_diag] success_cum_shaping=282.39 T=105 d_init=94.1 d_final=0.0
 Retrying in 1 seconds
[shaping_diag] success_cum_shaping=282.39 T=104 d_init=94.1 d_final=0.0
 Retrying in 1 seconds
[shaping_diag] success_cum_shaping=282.39 T=107 d_init=94.1 d_final=0.0
 Retrying in 1 seconds
[shaping_diag] success_cum_shaping=282.39 T=106 d_init=94.1 d_final=0.0
 Retrying in 1 seconds
[shaping_diag] success_cum_shaping=282.39 T=109 d_init=94.1 d_final=0.0
 Retrying in 1 seconds
[shaping_diag] success_cum_shaping=282.39 T=107 d_init=94.1 d_final=0.0
 Retrying in 1 seconds
[shaping_diag] success_cum_shaping=282.39 T=108 d_init=94.1 d_final=0.0
 Retrying in 1 seconds
[shaping_diag] success_cum_shaping=282.39 T=104 d_init=94.1 d_final=0.0
 Retrying in 1 seconds
 Retrying in 1 seconds
[shaping_diag] success_cum_shaping=282.39 T=103 d_init=94.1 d_final=0.0
 Retrying in 1 seconds
[shaping_diag] success_cum_shaping=282.39 T=104 d_init=94.1 d_final=0.0
 Retrying in 1 seconds
[shaping_diag] success_cum_shaping=282.39 T=113 d_init=94.1 d_final=0.0
 Retrying in 1 seconds
[shaping_diag] success_cum_shaping=282.39 T=103 d_init=94.1 d_final=0.0
 Retrying in 1 seconds
[shaping_diag] success_cum_shaping=282.39 T=103 d_init=94.1 d_final=0.0
 Retrying in 1 seconds
[shaping_diag] success_cum_shaping=282.39 T=106 d_init=94.1 d_final=0.0
 Retrying in 1 seconds
[shaping_diag] success_cum_shaping=282.39 T=103 d_init=94.1 d_final=0.0
 Retrying in 1 seconds
[shaping_diag] success_cum_shaping=282.39 T=103 d_init=94.1 d_final=0.0
 Retrying in 1 seconds
[shaping_diag] success_cum_shaping=282.39 T=109 d_init=94.1 d_final=0.0
Warning: Vehicle 'other' performs emergency braking on lane ':center_8_0' with decel=9.00, wished=7.00, severity=1.00, time=7.80.
Warning: Vehicle 'ego'; junction collision with vehicle 'other', lane=':center_4_0', gap=-1.00, time=8.10 stage=move.
 Retrying in 1 seconds
 Retrying in 1 seconds
[shaping_diag] success_cum_shaping=282.39 T=105 d_init=94.1 d_final=0.0
Warning: Vehicle 'ego'; collision with vehicle 'other', lane='right_out_0', gap=-0.96, time=8.10 stage=move.
 Retrying in 1 seconds
 Retrying in 1 seconds
[shaping_diag] success_cum_shaping=282.39 T=108 d_init=94.1 d_final=0.0
 Retrying in 1 seconds
[shaping_diag] success_cum_shaping=282.39 T=104 d_init=94.1 d_final=0.0
 Retrying in 1 seconds
[shaping_diag] success_cum_shaping=282.39 T=106 d_init=94.1 d_final=0.0
Warning: Vehicle 'ego'; collision with vehicle 'other', lane='right_out_0', gap=-0.71, time=8.30 stage=move.
 Retrying in 1 seconds
 Retrying in 1 seconds
[shaping_diag] success_cum_shaping=282.39 T=102 d_init=94.1 d_final=0.0
 Retrying in 1 seconds
[shaping_diag] success_cum_shaping=282.39 T=108 d_init=94.1 d_final=0.0
Warning: Vehicle 'other2' performs emergency braking on lane ':center_8_0' with decel=9.00, wished=6.00, severity=1.00, time=8.40.
 Retrying in 1 seconds
[shaping_diag] success_cum_shaping=282.39 T=118 d_init=94.1 d_final=0.0
 Retrying in 1 seconds
[shaping_diag] success_cum_shaping=282.39 T=103 d_init=94.1 d_final=0.0
 Retrying in 1 seconds
[shaping_diag] success_cum_shaping=282.39 T=108 d_init=94.1 d_final=0.0
 Retrying in 1 seconds
[shaping_diag] success_cum_shaping=282.39 T=105 d_init=94.1 d_final=0.0
 Retrying in 1 seconds
[shaping_diag] success_cum_shaping=282.39 T=113 d_init=94.1 d_final=0.0
 Retrying in 1 seconds
[shaping_diag] success_cum_shaping=282.39 T=108 d_init=94.1 d_final=0.0
 Retrying in 1 seconds
[shaping_diag] success_cum_shaping=282.39 T=103 d_init=94.1 d_final=0.0
 Retrying in 1 seconds
[shaping_diag] success_cum_shaping=282.39 T=104 d_init=94.1 d_final=0.0
 Retrying in 1 seconds
[shaping_diag] success_cum_shaping=282.39 T=107 d_init=94.1 d_final=0.0
 Retrying in 1 seconds
[shaping_diag] success_cum_shaping=282.39 T=104 d_init=94.1 d_final=0.0
 Retrying in 1 seconds
[shaping_diag] success_cum_shaping=282.39 T=103 d_init=94.1 d_final=0.0
 Retrying in 1 seconds
[shaping_diag] success_cum_shaping=282.39 T=107 d_init=94.1 d_final=0.0
 Retrying in 1 seconds
[shaping_diag] success_cum_shaping=282.39 T=109 d_init=94.1 d_final=0.0
 Retrying in 1 seconds
[shaping_diag] success_cum_shaping=282.39 T=118 d_init=94.1 d_final=0.0
 Retrying in 1 seconds
[shaping_diag] success_cum_shaping=282.39 T=104 d_init=94.1 d_final=0.0
 Retrying in 1 seconds
[shaping_diag] success_cum_shaping=282.39 T=106 d_init=94.1 d_final=0.0
 Retrying in 1 seconds
[shaping_diag] success_cum_shaping=282.39 T=105 d_init=94.1 d_final=0.0
 Retrying in 1 seconds
[shaping_diag] success_cum_shaping=282.39 T=115 d_init=94.1 d_final=0.0
 Retrying in 1 seconds
[shaping_diag] success_cum_shaping=282.39 T=105 d_init=94.1 d_final=0.0
 Retrying in 1 seconds
[shaping_diag] success_cum_shaping=282.39 T=104 d_init=94.1 d_final=0.0
 Retrying in 1 seconds
[shaping_diag] success_cum_shaping=282.39 T=105 d_init=94.1 d_final=0.0
 Retrying in 1 seconds
 Retrying in 1 seconds
[shaping_diag] success_cum_shaping=282.39 T=116 d_init=94.1 d_final=0.0
Warning: Vehicle 'ego'; junction collision with vehicle 'other', lane=':center_4_0', gap=-1.00, time=7.30 stage=move.
 Retrying in 1 seconds
 Retrying in 1 seconds
[shaping_diag] success_cum_shaping=282.39 T=102 d_init=94.1 d_final=0.0
 Retrying in 1 seconds
[shaping_diag] success_cum_shaping=282.39 T=106 d_init=94.1 d_final=0.0
 Retrying in 1 seconds
[shaping_diag] success_cum_shaping=282.39 T=105 d_init=94.1 d_final=0.0
 Retrying in 1 seconds
[shaping_diag] success_cum_shaping=282.39 T=102 d_init=94.1 d_final=0.0
 Retrying in 1 seconds
[shaping_diag] success_cum_shaping=282.39 T=111 d_init=94.1 d_final=0.0
 Retrying in 1 seconds
[shaping_diag] success_cum_shaping=282.39 T=106 d_init=94.1 d_final=0.0
 Retrying in 1 seconds
[shaping_diag] success_cum_shaping=282.39 T=103 d_init=94.1 d_final=0.0
 Retrying in 1 seconds
[shaping_diag] success_cum_shaping=282.39 T=104 d_init=94.1 d_final=0.0
 Retrying in 1 seconds
[shaping_diag] success_cum_shaping=282.39 T=104 d_init=94.1 d_final=0.0
 Retrying in 1 seconds
[shaping_diag] success_cum_shaping=282.39 T=107 d_init=94.1 d_final=0.0
 Retrying in 1 seconds
[shaping_diag] success_cum_shaping=282.39 T=104 d_init=94.1 d_final=0.0
 Retrying in 1 seconds
[shaping_diag] success_cum_shaping=282.39 T=105 d_init=94.1 d_final=0.0
 Retrying in 1 seconds
[shaping_diag] success_cum_shaping=282.39 T=103 d_init=94.1 d_final=0.0
 Retrying in 1 seconds
[shaping_diag] success_cum_shaping=282.39 T=102 d_init=94.1 d_final=0.0
 Retrying in 1 seconds
[shaping_diag] success_cum_shaping=282.39 T=105 d_init=94.1 d_final=0.0
 Retrying in 1 seconds
[shaping_diag] success_cum_shaping=282.39 T=105 d_init=94.1 d_final=0.0
 Retrying in 1 seconds
[shaping_diag] success_cum_shaping=282.39 T=102 d_init=94.1 d_final=0.0
 Retrying in 1 seconds
[shaping_diag] success_cum_shaping=282.39 T=102 d_init=94.1 d_final=0.0
 Retrying in 1 seconds
[shaping_diag] success_cum_shaping=282.39 T=106 d_init=94.1 d_final=0.0
 Retrying in 1 seconds
[shaping_diag] success_cum_shaping=282.39 T=106 d_init=94.1 d_final=0.0
 Retrying in 1 seconds
[shaping_diag] success_cum_shaping=282.39 T=108 d_init=94.1 d_final=0.0
 Retrying in 1 seconds
[shaping_diag] success_cum_shaping=282.39 T=109 d_init=94.1 d_final=0.0
 Retrying in 1 seconds
[shaping_diag] success_cum_shaping=282.39 T=104 d_init=94.1 d_final=0.0
 Retrying in 1 seconds
[shaping_diag] success_cum_shaping=282.39 T=103 d_init=94.1 d_final=0.0
 Retrying in 1 seconds
[shaping_diag] success_cum_shaping=282.39 T=104 d_init=94.1 d_final=0.0
 Retrying in 1 seconds
[shaping_diag] success_cum_shaping=282.39 T=102 d_init=94.1 d_final=0.0
 Retrying in 1 seconds
[shaping_diag] success_cum_shaping=282.39 T=119 d_init=94.1 d_final=0.0
 Retrying in 1 seconds
[shaping_diag] success_cum_shaping=282.39 T=108 d_init=94.1 d_final=0.0
 Retrying in 1 seconds
[shaping_diag] success_cum_shaping=282.39 T=113 d_init=94.1 d_final=0.0
 Retrying in 1 seconds
[shaping_diag] success_cum_shaping=282.39 T=103 d_init=94.1 d_final=0.0
 Retrying in 1 seconds
[shaping_diag] success_cum_shaping=282.39 T=104 d_init=94.1 d_final=0.0
 Retrying in 1 seconds
[shaping_diag] success_cum_shaping=282.39 T=107 d_init=94.1 d_final=0.0
 Retrying in 1 seconds
[shaping_diag] success_cum_shaping=282.39 T=109 d_init=94.1 d_final=0.0
 Retrying in 1 seconds
[shaping_diag] success_cum_shaping=282.39 T=103 d_init=94.1 d_final=0.0
 Retrying in 1 seconds
[shaping_diag] success_cum_shaping=282.39 T=105 d_init=94.1 d_final=0.0
 Retrying in 1 seconds
[shaping_diag] success_cum_shaping=282.39 T=103 d_init=94.1 d_final=0.0
 Retrying in 1 seconds
[shaping_diag] success_cum_shaping=282.39 T=102 d_init=94.1 d_final=0.0
 Retrying in 1 seconds
 Retrying in 1 seconds
[shaping_diag] success_cum_shaping=282.39 T=118 d_init=94.1 d_final=0.0
 Retrying in 1 seconds
[shaping_diag] success_cum_shaping=282.39 T=105 d_init=94.1 d_final=0.0
 Retrying in 1 seconds
[shaping_diag] success_cum_shaping=282.39 T=109 d_init=94.1 d_final=0.0
 Retrying in 1 seconds
[shaping_diag] success_cum_shaping=282.39 T=113 d_init=94.1 d_final=0.0
 Retrying in 1 seconds
[shaping_diag] success_cum_shaping=282.39 T=141 d_init=94.1 d_final=0.0
Warning: Vehicle 'other' performs emergency braking on lane ':center_8_0' with decel=9.00, wished=7.00, severity=1.00, time=7.10.
 Retrying in 1 seconds
[shaping_diag] success_cum_shaping=282.39 T=103 d_init=94.1 d_final=0.0
 Retrying in 1 seconds
[shaping_diag] success_cum_shaping=282.39 T=106 d_init=94.1 d_final=0.0
 Retrying in 1 seconds
[shaping_diag] success_cum_shaping=282.39 T=105 d_init=94.1 d_final=0.0
 Retrying in 1 seconds
[shaping_diag] success_cum_shaping=282.39 T=103 d_init=94.1 d_final=0.0
 Retrying in 1 seconds
[shaping_diag] success_cum_shaping=282.39 T=105 d_init=94.1 d_final=0.0
 Retrying in 1 seconds
[shaping_diag] success_cum_shaping=282.39 T=103 d_init=94.1 d_final=0.0
 Retrying in 1 seconds
[shaping_diag] success_cum_shaping=282.39 T=132 d_init=94.1 d_final=0.0
 Retrying in 1 seconds
[shaping_diag] success_cum_shaping=282.39 T=105 d_init=94.1 d_final=0.0
 Retrying in 1 seconds
[shaping_diag] success_cum_shaping=282.39 T=106 d_init=94.1 d_final=0.0
 Retrying in 1 seconds
[shaping_diag] success_cum_shaping=282.39 T=103 d_init=94.1 d_final=0.0
 Retrying in 1 seconds
[shaping_diag] success_cum_shaping=282.39 T=104 d_init=94.1 d_final=0.0
 Retrying in 1 seconds
[shaping_diag] success_cum_shaping=282.39 T=105 d_init=94.1 d_final=0.0
 Retrying in 1 seconds
[shaping_diag] success_cum_shaping=282.39 T=104 d_init=94.1 d_final=0.0
 Retrying in 1 seconds
[shaping_diag] success_cum_shaping=282.39 T=105 d_init=94.1 d_final=0.0
 Retrying in 1 seconds
[shaping_diag] success_cum_shaping=282.39 T=103 d_init=94.1 d_final=0.0
 Retrying in 1 seconds
[shaping_diag] success_cum_shaping=282.39 T=104 d_init=94.1 d_final=0.0
 Retrying in 1 seconds
[shaping_diag] success_cum_shaping=282.39 T=104 d_init=94.1 d_final=0.0
 Retrying in 1 seconds
[shaping_diag] success_cum_shaping=282.39 T=136 d_init=94.1 d_final=0.0
 Retrying in 1 seconds
[shaping_diag] success_cum_shaping=282.39 T=109 d_init=94.1 d_final=0.0
 Retrying in 1 seconds
[shaping_diag] success_cum_shaping=282.39 T=104 d_init=94.1 d_final=0.0
 Retrying in 1 seconds
[shaping_diag] success_cum_shaping=282.39 T=137 d_init=94.1 d_final=0.0
 Retrying in 1 seconds
[shaping_diag] success_cum_shaping=282.39 T=108 d_init=94.1 d_final=0.0
 Retrying in 1 seconds
[shaping_diag] success_cum_shaping=282.39 T=104 d_init=94.1 d_final=0.0
 Retrying in 1 seconds
[shaping_diag] success_cum_shaping=282.39 T=104 d_init=94.1 d_final=0.0
 Retrying in 1 seconds
[shaping_diag] success_cum_shaping=282.39 T=106 d_init=94.1 d_final=0.0
Warning: Vehicle 'ego'; collision with vehicle 'other', lane='right_out_0', gap=-1.78, time=8.30 stage=move.
 Retrying in 1 seconds
 Retrying in 1 seconds
[shaping_diag] success_cum_shaping=282.39 T=103 d_init=94.1 d_final=0.0
 Retrying in 1 seconds
[shaping_diag] success_cum_shaping=282.39 T=104 d_init=94.1 d_final=0.0
 Retrying in 1 seconds
[shaping_diag] success_cum_shaping=282.39 T=103 d_init=94.1 d_final=0.0
 Retrying in 1 seconds
[shaping_diag] success_cum_shaping=282.39 T=103 d_init=94.1 d_final=0.0
 Retrying in 1 seconds
[shaping_diag] success_cum_shaping=282.39 T=115 d_init=94.1 d_final=0.0
 Retrying in 1 seconds
[shaping_diag] success_cum_shaping=282.39 T=102 d_init=94.1 d_final=0.0
 Retrying in 1 seconds
 Retrying in 1 seconds
[shaping_diag] success_cum_shaping=282.39 T=108 d_init=94.1 d_final=0.0
 Retrying in 1 seconds
[shaping_diag] success_cum_shaping=282.39 T=103 d_init=94.1 d_final=0.0
 Retrying in 1 seconds
[shaping_diag] success_cum_shaping=282.39 T=103 d_init=94.1 d_final=0.0
Warning: Vehicle 'other' performs emergency braking on lane ':center_8_0' with decel=9.00, wished=5.00, severity=1.00, time=7.30.
 Retrying in 1 seconds
[shaping_diag] success_cum_shaping=282.39 T=105 d_init=94.1 d_final=0.0
 Retrying in 1 seconds
[shaping_diag] success_cum_shaping=282.39 T=110 d_init=94.1 d_final=0.0
 Retrying in 1 seconds
[shaping_diag] success_cum_shaping=282.39 T=105 d_init=94.1 d_final=0.0
 Retrying in 1 seconds
[shaping_diag] success_cum_shaping=282.39 T=117 d_init=94.1 d_final=0.0
 Retrying in 1 seconds
[shaping_diag] success_cum_shaping=282.39 T=102 d_init=94.1 d_final=0.0
 Retrying in 1 seconds
[shaping_diag] success_cum_shaping=282.39 T=103 d_init=94.1 d_final=0.0
 Retrying in 1 seconds
[shaping_diag] success_cum_shaping=282.39 T=105 d_init=94.1 d_final=0.0
Warning: Vehicle 'other' performs emergency braking on lane ':center_8_0' with decel=9.00, wished=7.00, severity=1.00, time=7.40.
 Retrying in 1 seconds
[shaping_diag] success_cum_shaping=282.39 T=106 d_init=94.1 d_final=0.0
 Retrying in 1 seconds
[shaping_diag] success_cum_shaping=282.39 T=117 d_init=94.1 d_final=0.0
 Retrying in 1 seconds
[shaping_diag] success_cum_shaping=282.39 T=103 d_init=94.1 d_final=0.0
 Retrying in 1 seconds
[shaping_diag] success_cum_shaping=282.39 T=103 d_init=94.1 d_final=0.0
 Retrying in 1 seconds
[shaping_diag] success_cum_shaping=282.39 T=104 d_init=94.1 d_final=0.0
 Retrying in 1 seconds
[shaping_diag] success_cum_shaping=282.39 T=106 d_init=94.1 d_final=0.0
 Retrying in 1 seconds
[shaping_diag] success_cum_shaping=282.39 T=113 d_init=94.1 d_final=0.0
 Retrying in 1 seconds
[shaping_diag] success_cum_shaping=282.39 T=103 d_init=94.1 d_final=0.0
 Retrying in 1 seconds
[shaping_diag] success_cum_shaping=282.39 T=105 d_init=94.1 d_final=0.0
 Retrying in 1 seconds
[shaping_diag] success_cum_shaping=282.39 T=121 d_init=94.1 d_final=0.0
 Retrying in 1 seconds
[shaping_diag] success_cum_shaping=282.39 T=104 d_init=94.1 d_final=0.0
 Retrying in 1 seconds
[shaping_diag] success_cum_shaping=282.39 T=103 d_init=94.1 d_final=0.0
 Retrying in 1 seconds
[shaping_diag] success_cum_shaping=282.39 T=112 d_init=94.1 d_final=0.0
 Retrying in 1 seconds
[shaping_diag] success_cum_shaping=282.39 T=102 d_init=94.1 d_final=0.0
 Retrying in 1 seconds
[shaping_diag] success_cum_shaping=282.39 T=103 d_init=94.1 d_final=0.0
 Retrying in 1 seconds
[shaping_diag] success_cum_shaping=282.39 T=107 d_init=94.1 d_final=0.0
 Retrying in 1 seconds
[shaping_diag] success_cum_shaping=282.39 T=118 d_init=94.1 d_final=0.0
 Retrying in 1 seconds
[shaping_diag] success_cum_shaping=282.39 T=105 d_init=94.1 d_final=0.0
Warning: Vehicle 'other' performs emergency braking on lane ':center_8_0' with decel=9.00, wished=5.00, severity=1.00, time=7.50.
 Retrying in 1 seconds
[shaping_diag] success_cum_shaping=282.39 T=107 d_init=94.1 d_final=0.0
 Retrying in 1 seconds
[shaping_diag] success_cum_shaping=282.39 T=113 d_init=94.1 d_final=0.0
 Retrying in 1 seconds
[shaping_diag] success_cum_shaping=282.39 T=104 d_init=94.1 d_final=0.0
 Retrying in 1 seconds
[shaping_diag] success_cum_shaping=282.39 T=111 d_init=94.1 d_final=0.0
 Retrying in 1 seconds
[shaping_diag] success_cum_shaping=282.39 T=117 d_init=94.1 d_final=0.0
 Retrying in 1 seconds
[shaping_diag] success_cum_shaping=282.39 T=103 d_init=94.1 d_final=0.0
 Retrying in 1 seconds
[shaping_diag] success_cum_shaping=282.39 T=104 d_init=94.1 d_final=0.0
 Retrying in 1 seconds
[shaping_diag] success_cum_shaping=282.39 T=112 d_init=94.1 d_final=0.0
 Retrying in 1 seconds
[shaping_diag] success_cum_shaping=282.39 T=106 d_init=94.1 d_final=0.0
 Retrying in 1 seconds
 Retrying in 1 seconds
 Retrying in 1 seconds
[shaping_diag] success_cum_shaping=282.39 T=104 d_init=94.1 d_final=0.0
 Retrying in 1 seconds
[shaping_diag] success_cum_shaping=282.39 T=103 d_init=94.1 d_final=0.0
 Retrying in 1 seconds
[shaping_diag] success_cum_shaping=282.39 T=105 d_init=94.1 d_final=0.0
 Retrying in 1 seconds
[shaping_diag] success_cum_shaping=282.39 T=103 d_init=94.1 d_final=0.0
 Retrying in 1 seconds
[shaping_diag] success_cum_shaping=282.39 T=103 d_init=94.1 d_final=0.0
 Retrying in 1 seconds
[shaping_diag] success_cum_shaping=282.39 T=103 d_init=94.1 d_final=0.0
 Retrying in 1 seconds
[shaping_diag] success_cum_shaping=282.39 T=112 d_init=94.1 d_final=0.0
 Retrying in 1 seconds
[shaping_diag] success_cum_shaping=282.39 T=107 d_init=94.1 d_final=0.0
 Retrying in 1 seconds
[shaping_diag] success_cum_shaping=282.39 T=106 d_init=94.1 d_final=0.0
Warning: Vehicle 'ego'; junction collision with vehicle 'other', lane=':center_4_0', gap=-1.00, time=7.50 stage=move.
 Retrying in 1 seconds
 Retrying in 1 seconds
[shaping_diag] success_cum_shaping=282.39 T=104 d_init=94.1 d_final=0.0
 Retrying in 1 seconds
[shaping_diag] success_cum_shaping=282.39 T=103 d_init=94.1 d_final=0.0
 Retrying in 1 seconds
[shaping_diag] success_cum_shaping=282.39 T=103 d_init=94.1 d_final=0.0
 Retrying in 1 seconds
[shaping_diag] success_cum_shaping=282.39 T=103 d_init=94.1 d_final=0.0
 Retrying in 1 seconds
[shaping_diag] success_cum_shaping=282.39 T=102 d_init=94.1 d_final=0.0
 Retrying in 1 seconds
[shaping_diag] success_cum_shaping=282.39 T=109 d_init=94.1 d_final=0.0
 Retrying in 1 seconds
[shaping_diag] success_cum_shaping=282.39 T=113 d_init=94.1 d_final=0.0
 Retrying in 1 seconds
[shaping_diag] success_cum_shaping=282.39 T=103 d_init=94.1 d_final=0.0
 Retrying in 1 seconds
[shaping_diag] success_cum_shaping=282.39 T=114 d_init=94.1 d_final=0.0
 Retrying in 1 seconds
[shaping_diag] success_cum_shaping=282.39 T=119 d_init=94.1 d_final=0.0
 Retrying in 1 seconds
[shaping_diag] success_cum_shaping=282.39 T=128 d_init=94.1 d_final=0.0
 Retrying in 1 seconds
[shaping_diag] success_cum_shaping=282.39 T=103 d_init=94.1 d_final=0.0
 Retrying in 1 seconds
[shaping_diag] success_cum_shaping=282.39 T=103 d_init=94.1 d_final=0.0
 Retrying in 1 seconds
[shaping_diag] success_cum_shaping=282.39 T=102 d_init=94.1 d_final=0.0
 Retrying in 1 seconds
[shaping_diag] success_cum_shaping=282.39 T=104 d_init=94.1 d_final=0.0
 Retrying in 1 seconds
[shaping_diag] success_cum_shaping=282.39 T=105 d_init=94.1 d_final=0.0
 Retrying in 1 seconds
[shaping_diag] success_cum_shaping=282.39 T=112 d_init=94.1 d_final=0.0
 Retrying in 1 seconds
[shaping_diag] success_cum_shaping=282.39 T=102 d_init=94.1 d_final=0.0
 Retrying in 1 seconds
[shaping_diag] success_cum_shaping=282.39 T=104 d_init=94.1 d_final=0.0
 Retrying in 1 seconds
[shaping_diag] success_cum_shaping=282.39 T=102 d_init=94.1 d_final=0.0
 Retrying in 1 seconds
[shaping_diag] success_cum_shaping=282.39 T=102 d_init=94.1 d_final=0.0
 Retrying in 1 seconds
[shaping_diag] success_cum_shaping=282.39 T=102 d_init=94.1 d_final=0.0
 Retrying in 1 seconds
[shaping_diag] success_cum_shaping=282.39 T=116 d_init=94.1 d_final=0.0
 Retrying in 1 seconds
[shaping_diag] success_cum_shaping=282.39 T=103 d_init=94.1 d_final=0.0
 Retrying in 1 seconds
[shaping_diag] success_cum_shaping=282.39 T=111 d_init=94.1 d_final=0.0
 Retrying in 1 seconds
[shaping_diag] success_cum_shaping=282.39 T=104 d_init=94.1 d_final=0.0
 Retrying in 1 seconds
[shaping_diag] success_cum_shaping=282.39 T=102 d_init=94.1 d_final=0.0
 Retrying in 1 seconds
[shaping_diag] success_cum_shaping=282.39 T=107 d_init=94.1 d_final=0.0
 Retrying in 1 seconds
 Retrying in 1 seconds
[shaping_diag] success_cum_shaping=282.39 T=108 d_init=94.1 d_final=0.0
 Retrying in 1 seconds
[shaping_diag] success_cum_shaping=282.39 T=105 d_init=94.1 d_final=0.0
 Retrying in 1 seconds
[shaping_diag] success_cum_shaping=282.39 T=105 d_init=94.1 d_final=0.0
 Retrying in 1 seconds
[shaping_diag] success_cum_shaping=282.39 T=109 d_init=94.1 d_final=0.0
 Retrying in 1 seconds
[shaping_diag] success_cum_shaping=282.39 T=103 d_init=94.1 d_final=0.0
 Retrying in 1 seconds
[shaping_diag] success_cum_shaping=282.39 T=102 d_init=94.1 d_final=0.0
 Retrying in 1 seconds
[shaping_diag] success_cum_shaping=282.39 T=104 d_init=94.1 d_final=0.0
 Retrying in 1 seconds
[shaping_diag] success_cum_shaping=282.39 T=110 d_init=94.1 d_final=0.0
 Retrying in 1 seconds
[shaping_diag] success_cum_shaping=282.39 T=111 d_init=94.1 d_final=0.0
 Retrying in 1 seconds
[shaping_diag] success_cum_shaping=282.39 T=103 d_init=94.1 d_final=0.0
 Retrying in 1 seconds
[shaping_diag] success_cum_shaping=282.39 T=104 d_init=94.1 d_final=0.0
 Retrying in 1 seconds
[shaping_diag] success_cum_shaping=282.39 T=105 d_init=94.1 d_final=0.0
 Retrying in 1 seconds
[shaping_diag] success_cum_shaping=282.39 T=106 d_init=94.1 d_final=0.0
 Retrying in 1 seconds
[shaping_diag] success_cum_shaping=282.39 T=104 d_init=94.1 d_final=0.0
 Retrying in 1 seconds
[shaping_diag] success_cum_shaping=282.39 T=110 d_init=94.1 d_final=0.0
 Retrying in 1 seconds
[shaping_diag] success_cum_shaping=282.39 T=104 d_init=94.1 d_final=0.0
 Retrying in 1 seconds
[shaping_diag] success_cum_shaping=282.39 T=108 d_init=94.1 d_final=0.0
Warning: Vehicle 'ego'; collision with vehicle 'other', lane='right_out_0', gap=-1.20, time=8.30 stage=move.
 Retrying in 1 seconds
 Retrying in 1 seconds
[shaping_diag] success_cum_shaping=282.39 T=122 d_init=94.1 d_final=0.0
 Retrying in 1 seconds
[shaping_diag] success_cum_shaping=282.39 T=104 d_init=94.1 d_final=0.0
 Retrying in 1 seconds
[shaping_diag] success_cum_shaping=282.39 T=109 d_init=94.1 d_final=0.0
 Retrying in 1 seconds
[shaping_diag] success_cum_shaping=282.39 T=114 d_init=94.1 d_final=0.0
 Retrying in 1 seconds
[shaping_diag] success_cum_shaping=282.39 T=104 d_init=94.1 d_final=0.0
 Retrying in 1 seconds
[shaping_diag] success_cum_shaping=282.39 T=104 d_init=94.1 d_final=0.0
 Retrying in 1 seconds
[shaping_diag] success_cum_shaping=282.39 T=102 d_init=94.1 d_final=0.0
 Retrying in 1 seconds
[shaping_diag] success_cum_shaping=282.39 T=104 d_init=94.1 d_final=0.0
 Retrying in 1 seconds
[shaping_diag] success_cum_shaping=282.39 T=103 d_init=94.1 d_final=0.0
 Retrying in 1 seconds
[shaping_diag] success_cum_shaping=282.39 T=116 d_init=94.1 d_final=0.0
 Retrying in 1 seconds
[shaping_diag] success_cum_shaping=282.39 T=103 d_init=94.1 d_final=0.0
 Retrying in 1 seconds
[shaping_diag] success_cum_shaping=282.39 T=133 d_init=94.1 d_final=0.0
 Retrying in 1 seconds
[shaping_diag] success_cum_shaping=282.39 T=112 d_init=94.1 d_final=0.0
 Retrying in 1 seconds
[shaping_diag] success_cum_shaping=282.39 T=104 d_init=94.1 d_final=0.0
 Retrying in 1 seconds
[shaping_diag] success_cum_shaping=282.39 T=104 d_init=94.1 d_final=0.0
 Retrying in 1 seconds
[shaping_diag] success_cum_shaping=282.39 T=103 d_init=94.1 d_final=0.0
 Retrying in 1 seconds
[shaping_diag] success_cum_shaping=282.39 T=104 d_init=94.1 d_final=0.0
 Retrying in 1 seconds
[shaping_diag] success_cum_shaping=282.39 T=104 d_init=94.1 d_final=0.0
 Retrying in 1 seconds
[shaping_diag] success_cum_shaping=282.39 T=103 d_init=94.1 d_final=0.0
 Retrying in 1 seconds
[shaping_diag] success_cum_shaping=282.39 T=105 d_init=94.1 d_final=0.0
 Retrying in 1 seconds
 Retrying in 1 seconds
[shaping_diag] success_cum_shaping=282.39 T=102 d_init=94.1 d_final=0.0
Warning: Vehicle 'other' performs emergency braking on lane ':center_8_0' with decel=9.00, wished=5.00, severity=1.00, time=7.10.
 Retrying in 1 seconds
[shaping_diag] success_cum_shaping=282.39 T=102 d_init=94.1 d_final=0.0
 Retrying in 1 seconds
[shaping_diag] success_cum_shaping=282.39 T=102 d_init=94.1 d_final=0.0
 Retrying in 1 seconds
[shaping_diag] success_cum_shaping=282.39 T=102 d_init=94.1 d_final=0.0
 Retrying in 1 seconds
[shaping_diag] success_cum_shaping=282.39 T=102 d_init=94.1 d_final=0.0
 Retrying in 1 seconds
[shaping_diag] success_cum_shaping=282.39 T=102 d_init=94.1 d_final=0.0
 Retrying in 1 seconds
[shaping_diag] success_cum_shaping=282.39 T=102 d_init=94.1 d_final=0.0
 Retrying in 1 seconds
[shaping_diag] success_cum_shaping=282.39 T=102 d_init=94.1 d_final=0.0
 Retrying in 1 seconds
[shaping_diag] success_cum_shaping=282.39 T=102 d_init=94.1 d_final=0.0
 Retrying in 1 seconds
[shaping_diag] success_cum_shaping=282.39 T=102 d_init=94.1 d_final=0.0
[drppo] step=290816 ret=332.53 coll=0 ttc=5.60
 Retrying in 1 seconds
[shaping_diag] success_cum_shaping=282.39 T=104 d_init=94.1 d_final=0.0
 Retrying in 1 seconds
[shaping_diag] success_cum_shaping=282.39 T=104 d_init=94.1 d_final=0.0
 Retrying in 1 seconds
[shaping_diag] success_cum_shaping=282.39 T=103 d_init=94.1 d_final=0.0
 Retrying in 1 seconds
[shaping_diag] success_cum_shaping=282.39 T=120 d_init=94.1 d_final=0.0
 Retrying in 1 seconds
[shaping_diag] success_cum_shaping=282.39 T=105 d_init=94.1 d_final=0.0
 Retrying in 1 seconds
[shaping_diag] success_cum_shaping=282.39 T=105 d_init=94.1 d_final=0.0
 Retrying in 1 seconds
[shaping_diag] success_cum_shaping=282.39 T=105 d_init=94.1 d_final=0.0
 Retrying in 1 seconds
[shaping_diag] success_cum_shaping=282.39 T=105 d_init=94.1 d_final=0.0
 Retrying in 1 seconds
[shaping_diag] success_cum_shaping=282.39 T=104 d_init=94.1 d_final=0.0
 Retrying in 1 seconds
[shaping_diag] success_cum_shaping=282.39 T=104 d_init=94.1 d_final=0.0
 Retrying in 1 seconds
[shaping_diag] success_cum_shaping=282.39 T=108 d_init=94.1 d_final=0.0
 Retrying in 1 seconds
[shaping_diag] success_cum_shaping=282.39 T=105 d_init=94.1 d_final=0.0
 Retrying in 1 seconds
[shaping_diag] success_cum_shaping=282.39 T=104 d_init=94.1 d_final=0.0
 Retrying in 1 seconds
[shaping_diag] success_cum_shaping=282.39 T=104 d_init=94.1 d_final=0.0
 Retrying in 1 seconds
[shaping_diag] success_cum_shaping=282.39 T=108 d_init=94.1 d_final=0.0
 Retrying in 1 seconds
[shaping_diag] success_cum_shaping=282.39 T=104 d_init=94.1 d_final=0.0
 Retrying in 1 seconds
[shaping_diag] success_cum_shaping=282.39 T=105 d_init=94.1 d_final=0.0
 Retrying in 1 seconds
[shaping_diag] success_cum_shaping=282.39 T=103 d_init=94.1 d_final=0.0
 Retrying in 1 seconds
[shaping_diag] success_cum_shaping=282.39 T=104 d_init=94.1 d_final=0.0
 Retrying in 1 seconds
[shaping_diag] success_cum_shaping=282.39 T=104 d_init=94.1 d_final=0.0
 Retrying in 1 seconds
[shaping_diag] success_cum_shaping=282.39 T=104 d_init=94.1 d_final=0.0
 Retrying in 1 seconds
[shaping_diag] success_cum_shaping=282.39 T=104 d_init=94.1 d_final=0.0
 Retrying in 1 seconds
[shaping_diag] success_cum_shaping=282.39 T=106 d_init=94.1 d_final=0.0
 Retrying in 1 seconds
[shaping_diag] success_cum_shaping=282.39 T=103 d_init=94.1 d_final=0.0
Warning: Vehicle 'other' performs emergency braking on lane ':center_8_0' with decel=9.00, wished=7.00, severity=1.00, time=7.40.
 Retrying in 1 seconds
[shaping_diag] success_cum_shaping=282.39 T=106 d_init=94.1 d_final=0.0
 Retrying in 1 seconds
[shaping_diag] success_cum_shaping=282.39 T=104 d_init=94.1 d_final=0.0
 Retrying in 1 seconds
[shaping_diag] success_cum_shaping=282.39 T=126 d_init=94.1 d_final=0.0
 Retrying in 1 seconds
[shaping_diag] success_cum_shaping=282.39 T=108 d_init=94.1 d_final=0.0
 Retrying in 1 seconds
[shaping_diag] success_cum_shaping=282.39 T=105 d_init=94.1 d_final=0.0
 Retrying in 1 seconds
[shaping_diag] success_cum_shaping=282.39 T=105 d_init=94.1 d_final=0.0
 Retrying in 1 seconds
[shaping_diag] success_cum_shaping=282.39 T=103 d_init=94.1 d_final=0.0
 Retrying in 1 seconds
[shaping_diag] success_cum_shaping=282.39 T=105 d_init=94.1 d_final=0.0
 Retrying in 1 seconds
[shaping_diag] success_cum_shaping=282.39 T=103 d_init=94.1 d_final=0.0
 Retrying in 1 seconds
[shaping_diag] success_cum_shaping=282.39 T=117 d_init=94.1 d_final=0.0
 Retrying in 1 seconds
[shaping_diag] success_cum_shaping=282.39 T=107 d_init=94.1 d_final=0.0
 Retrying in 1 seconds
[shaping_diag] success_cum_shaping=282.39 T=105 d_init=94.1 d_final=0.0
 Retrying in 1 seconds
[shaping_diag] success_cum_shaping=282.39 T=106 d_init=94.1 d_final=0.0
 Retrying in 1 seconds
[shaping_diag] success_cum_shaping=282.39 T=102 d_init=94.1 d_final=0.0
 Retrying in 1 seconds
 Retrying in 1 seconds
[shaping_diag] success_cum_shaping=282.39 T=103 d_init=94.1 d_final=0.0
Warning: Vehicle 'other' performs emergency braking on lane ':center_8_0' with decel=9.00, wished=5.00, severity=1.00, time=7.10.
 Retrying in 1 seconds
[shaping_diag] success_cum_shaping=282.39 T=103 d_init=94.1 d_final=0.0
 Retrying in 1 seconds
[shaping_diag] success_cum_shaping=282.39 T=126 d_init=94.1 d_final=0.0
Warning: Vehicle 'other' performs emergency braking on lane ':center_8_0' with decel=9.00, wished=7.00, severity=1.00, time=7.10.
Warning: Vehicle 'other'; junction collision with vehicle 'ego', lane=':center_8_0', gap=-1.00, time=7.40 stage=move.
 Retrying in 1 seconds
 Retrying in 1 seconds
[shaping_diag] success_cum_shaping=282.39 T=106 d_init=94.1 d_final=0.0
 Retrying in 1 seconds
[shaping_diag] success_cum_shaping=282.39 T=104 d_init=94.1 d_final=0.0
 Retrying in 1 seconds
[shaping_diag] success_cum_shaping=282.39 T=104 d_init=94.1 d_final=0.0
 Retrying in 1 seconds
[shaping_diag] success_cum_shaping=282.39 T=104 d_init=94.1 d_final=0.0
 Retrying in 1 seconds
[shaping_diag] success_cum_shaping=282.39 T=102 d_init=94.1 d_final=0.0
 Retrying in 1 seconds
[shaping_diag] success_cum_shaping=282.39 T=120 d_init=94.1 d_final=0.0
Warning: Vehicle 'other' performs emergency braking on lane ':center_8_0' with decel=9.00, wished=6.00, severity=1.00, time=7.30.
 Retrying in 1 seconds
 Retrying in 1 seconds
[shaping_diag] success_cum_shaping=282.39 T=104 d_init=94.1 d_final=0.0
 Retrying in 1 seconds
[shaping_diag] success_cum_shaping=282.39 T=103 d_init=94.1 d_final=0.0
 Retrying in 1 seconds
[shaping_diag] success_cum_shaping=282.39 T=103 d_init=94.1 d_final=0.0
 Retrying in 1 seconds
[shaping_diag] success_cum_shaping=282.39 T=103 d_init=94.1 d_final=0.0
 Retrying in 1 seconds
[shaping_diag] success_cum_shaping=282.39 T=102 d_init=94.1 d_final=0.0
 Retrying in 1 seconds
[shaping_diag] success_cum_shaping=282.39 T=102 d_init=94.1 d_final=0.0
 Retrying in 1 seconds
[shaping_diag] success_cum_shaping=282.39 T=105 d_init=94.1 d_final=0.0
 Retrying in 1 seconds
[shaping_diag] success_cum_shaping=282.39 T=103 d_init=94.1 d_final=0.0
 Retrying in 1 seconds
[shaping_diag] success_cum_shaping=282.39 T=104 d_init=94.1 d_final=0.0
 Retrying in 1 seconds
[shaping_diag] success_cum_shaping=282.39 T=104 d_init=94.1 d_final=0.0
Warning: Vehicle 'other' performs emergency braking on lane ':center_8_0' with decel=9.00, wished=5.00, severity=1.00, time=7.50.
 Retrying in 1 seconds
 Retrying in 1 seconds
[shaping_diag] success_cum_shaping=282.39 T=104 d_init=94.1 d_final=0.0
 Retrying in 1 seconds
[shaping_diag] success_cum_shaping=282.39 T=105 d_init=94.1 d_final=0.0
 Retrying in 1 seconds
[shaping_diag] success_cum_shaping=282.39 T=105 d_init=94.1 d_final=0.0
 Retrying in 1 seconds
[shaping_diag] success_cum_shaping=282.39 T=104 d_init=94.1 d_final=0.0
 Retrying in 1 seconds
[shaping_diag] success_cum_shaping=282.39 T=105 d_init=94.1 d_final=0.0
 Retrying in 1 seconds
[shaping_diag] success_cum_shaping=282.39 T=103 d_init=94.1 d_final=0.0
 Retrying in 1 seconds
[shaping_diag] success_cum_shaping=282.39 T=103 d_init=94.1 d_final=0.0
 Retrying in 1 seconds
[shaping_diag] success_cum_shaping=282.39 T=103 d_init=94.1 d_final=0.0
 Retrying in 1 seconds
[shaping_diag] success_cum_shaping=282.39 T=104 d_init=94.1 d_final=0.0
 Retrying in 1 seconds
[shaping_diag] success_cum_shaping=282.39 T=102 d_init=94.1 d_final=0.0
 Retrying in 1 seconds
[shaping_diag] success_cum_shaping=282.39 T=104 d_init=94.1 d_final=0.0
 Retrying in 1 seconds
[shaping_diag] success_cum_shaping=282.39 T=103 d_init=94.1 d_final=0.0
Warning: Vehicle 'other' performs emergency braking on lane ':center_8_0' with decel=9.00, wished=5.00, severity=1.00, time=7.30.
 Retrying in 1 seconds
[shaping_diag] success_cum_shaping=282.39 T=105 d_init=94.1 d_final=0.0
 Retrying in 1 seconds
[shaping_diag] success_cum_shaping=282.39 T=103 d_init=94.1 d_final=0.0
 Retrying in 1 seconds
[shaping_diag] success_cum_shaping=282.39 T=109 d_init=94.1 d_final=0.0
 Retrying in 1 seconds
[shaping_diag] success_cum_shaping=282.39 T=105 d_init=94.1 d_final=0.0
Warning: Vehicle 'ego'; collision with vehicle 'other', lane='right_out_0', gap=-1.65, time=7.90 stage=move.
 Retrying in 1 seconds
 Retrying in 1 seconds
[shaping_diag] success_cum_shaping=282.39 T=102 d_init=94.1 d_final=0.0
 Retrying in 1 seconds
 Retrying in 1 seconds
[shaping_diag] success_cum_shaping=282.39 T=159 d_init=94.1 d_final=0.0
 Retrying in 1 seconds
[shaping_diag] success_cum_shaping=282.39 T=103 d_init=94.1 d_final=0.0
 Retrying in 1 seconds
[shaping_diag] success_cum_shaping=282.39 T=102 d_init=94.1 d_final=0.0
 Retrying in 1 seconds
[shaping_diag] success_cum_shaping=282.39 T=103 d_init=94.1 d_final=0.0
 Retrying in 1 seconds
[shaping_diag] success_cum_shaping=282.39 T=102 d_init=94.1 d_final=0.0
 Retrying in 1 seconds
[shaping_diag] success_cum_shaping=282.39 T=103 d_init=94.1 d_final=0.0
 Retrying in 1 seconds
[shaping_diag] success_cum_shaping=282.39 T=102 d_init=94.1 d_final=0.0
 Retrying in 1 seconds
[shaping_diag] success_cum_shaping=282.39 T=102 d_init=94.1 d_final=0.0
 Retrying in 1 seconds
[shaping_diag] success_cum_shaping=282.39 T=103 d_init=94.1 d_final=0.0
 Retrying in 1 seconds
[shaping_diag] success_cum_shaping=282.39 T=104 d_init=94.1 d_final=0.0
 Retrying in 1 seconds
[shaping_diag] success_cum_shaping=282.39 T=158 d_init=94.1 d_final=0.0
 Retrying in 1 seconds
[shaping_diag] success_cum_shaping=282.39 T=103 d_init=94.1 d_final=0.0
 Retrying in 1 seconds
[shaping_diag] success_cum_shaping=282.39 T=103 d_init=94.1 d_final=0.0
 Retrying in 1 seconds
[shaping_diag] success_cum_shaping=282.39 T=105 d_init=94.1 d_final=0.0
 Retrying in 1 seconds
[shaping_diag] success_cum_shaping=282.39 T=102 d_init=94.1 d_final=0.0
 Retrying in 1 seconds
[shaping_diag] success_cum_shaping=282.39 T=103 d_init=94.1 d_final=0.0
 Retrying in 1 seconds
[shaping_diag] success_cum_shaping=282.39 T=104 d_init=94.1 d_final=0.0
Warning: Vehicle 'other' performs emergency braking on lane ':center_8_0' with decel=9.00, wished=6.00, severity=1.00, time=7.30.
 Retrying in 1 seconds
 Retrying in 1 seconds
[shaping_diag] success_cum_shaping=282.39 T=102 d_init=94.1 d_final=0.0
 Retrying in 1 seconds
[shaping_diag] success_cum_shaping=282.39 T=105 d_init=94.1 d_final=0.0
 Retrying in 1 seconds
[shaping_diag] success_cum_shaping=282.39 T=103 d_init=94.1 d_final=0.0
 Retrying in 1 seconds
[shaping_diag] success_cum_shaping=282.39 T=106 d_init=94.1 d_final=0.0
 Retrying in 1 seconds
[shaping_diag] success_cum_shaping=282.39 T=102 d_init=94.1 d_final=0.0
 Retrying in 1 seconds
[shaping_diag] success_cum_shaping=282.39 T=103 d_init=94.1 d_final=0.0
 Retrying in 1 seconds
[shaping_diag] success_cum_shaping=282.39 T=102 d_init=94.1 d_final=0.0
 Retrying in 1 seconds
[shaping_diag] success_cum_shaping=282.39 T=105 d_init=94.1 d_final=0.0
 Retrying in 1 seconds
[shaping_diag] success_cum_shaping=282.39 T=104 d_init=94.1 d_final=0.0
 Retrying in 1 seconds
[shaping_diag] success_cum_shaping=282.39 T=129 d_init=94.1 d_final=0.0
 Retrying in 1 seconds
[shaping_diag] success_cum_shaping=282.39 T=104 d_init=94.1 d_final=0.0
 Retrying in 1 seconds
[shaping_diag] success_cum_shaping=282.39 T=146 d_init=94.1 d_final=0.0
 Retrying in 1 seconds
[shaping_diag] success_cum_shaping=282.39 T=102 d_init=94.1 d_final=0.0
 Retrying in 1 seconds
[shaping_diag] success_cum_shaping=282.39 T=102 d_init=94.1 d_final=0.0
 Retrying in 1 seconds
[shaping_diag] success_cum_shaping=282.39 T=103 d_init=94.1 d_final=0.0
 Retrying in 1 seconds
[shaping_diag] success_cum_shaping=282.39 T=108 d_init=94.1 d_final=0.0
 Retrying in 1 seconds
[shaping_diag] success_cum_shaping=282.39 T=103 d_init=94.1 d_final=0.0
 Retrying in 1 seconds
[shaping_diag] success_cum_shaping=282.39 T=102 d_init=94.1 d_final=0.0
 Retrying in 1 seconds
[shaping_diag] success_cum_shaping=282.39 T=104 d_init=94.1 d_final=0.0
 Retrying in 1 seconds
[shaping_diag] success_cum_shaping=282.39 T=102 d_init=94.1 d_final=0.0
 Retrying in 1 seconds
 Retrying in 1 seconds
[shaping_diag] success_cum_shaping=282.39 T=106 d_init=94.1 d_final=0.0
 Retrying in 1 seconds
[shaping_diag] success_cum_shaping=282.39 T=153 d_init=94.1 d_final=0.0
 Retrying in 1 seconds
[shaping_diag] success_cum_shaping=282.39 T=103 d_init=94.1 d_final=0.0
 Retrying in 1 seconds
[shaping_diag] success_cum_shaping=282.39 T=104 d_init=94.1 d_final=0.0
 Retrying in 1 seconds
[shaping_diag] success_cum_shaping=282.39 T=103 d_init=94.1 d_final=0.0
 Retrying in 1 seconds
[shaping_diag] success_cum_shaping=282.39 T=102 d_init=94.1 d_final=0.0
 Retrying in 1 seconds
[shaping_diag] success_cum_shaping=282.39 T=103 d_init=94.1 d_final=0.0
 Retrying in 1 seconds
[shaping_diag] success_cum_shaping=282.39 T=102 d_init=94.1 d_final=0.0
 Retrying in 1 seconds
[shaping_diag] success_cum_shaping=282.39 T=103 d_init=94.1 d_final=0.0
 Retrying in 1 seconds
[shaping_diag] success_cum_shaping=282.39 T=102 d_init=94.1 d_final=0.0
 Retrying in 1 seconds
[shaping_diag] success_cum_shaping=282.39 T=102 d_init=94.1 d_final=0.0
 Retrying in 1 seconds
[shaping_diag] success_cum_shaping=282.39 T=104 d_init=94.1 d_final=0.0
 Retrying in 1 seconds
[shaping_diag] success_cum_shaping=282.39 T=102 d_init=94.1 d_final=0.0
 Retrying in 1 seconds
[shaping_diag] success_cum_shaping=282.39 T=102 d_init=94.1 d_final=0.0
 Retrying in 1 seconds
[shaping_diag] success_cum_shaping=282.39 T=106 d_init=94.1 d_final=0.0
 Retrying in 1 seconds
[shaping_diag] success_cum_shaping=282.39 T=104 d_init=94.1 d_final=0.0
 Retrying in 1 seconds
[shaping_diag] success_cum_shaping=282.39 T=102 d_init=94.1 d_final=0.0
 Retrying in 1 seconds
[shaping_diag] success_cum_shaping=282.39 T=102 d_init=94.1 d_final=0.0
 Retrying in 1 seconds
[shaping_diag] success_cum_shaping=282.39 T=104 d_init=94.1 d_final=0.0
 Retrying in 1 seconds
[shaping_diag] success_cum_shaping=282.39 T=103 d_init=94.1 d_final=0.0
Warning: Vehicle 'other' performs emergency braking on lane ':center_8_0' with decel=9.00, wished=5.00, severity=1.00, time=7.30.
 Retrying in 1 seconds
[shaping_diag] success_cum_shaping=282.39 T=105 d_init=94.1 d_final=0.0
 Retrying in 1 seconds
[shaping_diag] success_cum_shaping=282.39 T=103 d_init=94.1 d_final=0.0
 Retrying in 1 seconds
[shaping_diag] success_cum_shaping=282.39 T=103 d_init=94.1 d_final=0.0
 Retrying in 1 seconds
[shaping_diag] success_cum_shaping=282.39 T=102 d_init=94.1 d_final=0.0
 Retrying in 1 seconds
[shaping_diag] success_cum_shaping=282.39 T=104 d_init=94.1 d_final=0.0
 Retrying in 1 seconds
[shaping_diag] success_cum_shaping=282.39 T=102 d_init=94.1 d_final=0.0
 Retrying in 1 seconds
[shaping_diag] success_cum_shaping=282.39 T=103 d_init=94.1 d_final=0.0
 Retrying in 1 seconds
[shaping_diag] success_cum_shaping=282.39 T=104 d_init=94.1 d_final=0.0
 Retrying in 1 seconds
[shaping_diag] success_cum_shaping=282.39 T=104 d_init=94.1 d_final=0.0
 Retrying in 1 seconds
[shaping_diag] success_cum_shaping=282.39 T=102 d_init=94.1 d_final=0.0
 Retrying in 1 seconds
[shaping_diag] success_cum_shaping=282.39 T=103 d_init=94.1 d_final=0.0
 Retrying in 1 seconds
[shaping_diag] success_cum_shaping=282.39 T=103 d_init=94.1 d_final=0.0
 Retrying in 1 seconds
[shaping_diag] success_cum_shaping=282.39 T=102 d_init=94.1 d_final=0.0
 Retrying in 1 seconds
[shaping_diag] success_cum_shaping=282.39 T=103 d_init=94.1 d_final=0.0
 Retrying in 1 seconds
[shaping_diag] success_cum_shaping=282.39 T=104 d_init=94.1 d_final=0.0
 Retrying in 1 seconds
[shaping_diag] success_cum_shaping=282.39 T=102 d_init=94.1 d_final=0.0
 Retrying in 1 seconds
[shaping_diag] success_cum_shaping=282.39 T=107 d_init=94.1 d_final=0.0
 Retrying in 1 seconds
[shaping_diag] success_cum_shaping=282.39 T=139 d_init=94.1 d_final=0.0
 Retrying in 1 seconds
 Retrying in 1 seconds
[shaping_diag] success_cum_shaping=282.39 T=103 d_init=94.1 d_final=0.0
 Retrying in 1 seconds
[shaping_diag] success_cum_shaping=282.39 T=102 d_init=94.1 d_final=0.0
 Retrying in 1 seconds
[shaping_diag] success_cum_shaping=282.39 T=102 d_init=94.1 d_final=0.0
 Retrying in 1 seconds
[shaping_diag] success_cum_shaping=282.39 T=103 d_init=94.1 d_final=0.0
 Retrying in 1 seconds
[shaping_diag] success_cum_shaping=282.39 T=105 d_init=94.1 d_final=0.0
 Retrying in 1 seconds
[shaping_diag] success_cum_shaping=282.39 T=103 d_init=94.1 d_final=0.0
 Retrying in 1 seconds
[shaping_diag] success_cum_shaping=282.39 T=102 d_init=94.1 d_final=0.0
 Retrying in 1 seconds
[shaping_diag] success_cum_shaping=282.39 T=103 d_init=94.1 d_final=0.0
 Retrying in 1 seconds
 Retrying in 1 seconds
[shaping_diag] success_cum_shaping=282.39 T=103 d_init=94.1 d_final=0.0
 Retrying in 1 seconds
[shaping_diag] success_cum_shaping=282.39 T=109 d_init=94.1 d_final=0.0
 Retrying in 1 seconds
[shaping_diag] success_cum_shaping=282.39 T=103 d_init=94.1 d_final=0.0
 Retrying in 1 seconds
[shaping_diag] success_cum_shaping=282.39 T=103 d_init=94.1 d_final=0.0
 Retrying in 1 seconds
[shaping_diag] success_cum_shaping=282.39 T=103 d_init=94.1 d_final=0.0
 Retrying in 1 seconds
[shaping_diag] success_cum_shaping=282.39 T=104 d_init=94.1 d_final=0.0
 Retrying in 1 seconds
[shaping_diag] success_cum_shaping=282.39 T=103 d_init=94.1 d_final=0.0
 Retrying in 1 seconds
[shaping_diag] success_cum_shaping=282.39 T=104 d_init=94.1 d_final=0.0
 Retrying in 1 seconds
[shaping_diag] success_cum_shaping=282.39 T=103 d_init=94.1 d_final=0.0
 Retrying in 1 seconds
[shaping_diag] success_cum_shaping=282.39 T=105 d_init=94.1 d_final=0.0
 Retrying in 1 seconds
[shaping_diag] success_cum_shaping=282.39 T=103 d_init=94.1 d_final=0.0
 Retrying in 1 seconds
[shaping_diag] success_cum_shaping=282.39 T=102 d_init=94.1 d_final=0.0
 Retrying in 1 seconds
[shaping_diag] success_cum_shaping=282.39 T=116 d_init=94.1 d_final=0.0
 Retrying in 1 seconds
[shaping_diag] success_cum_shaping=282.39 T=118 d_init=94.1 d_final=0.0
 Retrying in 1 seconds
[shaping_diag] success_cum_shaping=282.39 T=102 d_init=94.1 d_final=0.0
 Retrying in 1 seconds
[shaping_diag] success_cum_shaping=282.39 T=102 d_init=94.1 d_final=0.0
 Retrying in 1 seconds
[shaping_diag] success_cum_shaping=282.39 T=102 d_init=94.1 d_final=0.0
 Retrying in 1 seconds
[shaping_diag] success_cum_shaping=282.39 T=102 d_init=94.1 d_final=0.0
 Retrying in 1 seconds
[shaping_diag] success_cum_shaping=282.39 T=104 d_init=94.1 d_final=0.0
 Retrying in 1 seconds
[shaping_diag] success_cum_shaping=282.39 T=103 d_init=94.1 d_final=0.0
 Retrying in 1 seconds
[shaping_diag] success_cum_shaping=282.39 T=103 d_init=94.1 d_final=0.0
Warning: Vehicle 'ego'; collision with vehicle 'other', lane='right_out_0', gap=-0.38, time=8.00 stage=move.
 Retrying in 1 seconds
 Retrying in 1 seconds
[shaping_diag] success_cum_shaping=282.39 T=103 d_init=94.1 d_final=0.0
 Retrying in 1 seconds
[shaping_diag] success_cum_shaping=282.39 T=104 d_init=94.1 d_final=0.0
 Retrying in 1 seconds
[shaping_diag] success_cum_shaping=282.39 T=103 d_init=94.1 d_final=0.0
 Retrying in 1 seconds
[shaping_diag] success_cum_shaping=282.39 T=102 d_init=94.1 d_final=0.0
 Retrying in 1 seconds
[shaping_diag] success_cum_shaping=282.39 T=102 d_init=94.1 d_final=0.0
 Retrying in 1 seconds
[shaping_diag] success_cum_shaping=282.39 T=102 d_init=94.1 d_final=0.0
 Retrying in 1 seconds
[shaping_diag] success_cum_shaping=282.39 T=106 d_init=94.1 d_final=0.0
 Retrying in 1 seconds
[shaping_diag] success_cum_shaping=282.39 T=103 d_init=94.1 d_final=0.0
 Retrying in 1 seconds
 Retrying in 1 seconds
[shaping_diag] success_cum_shaping=282.39 T=102 d_init=94.1 d_final=0.0
 Retrying in 1 seconds
[shaping_diag] success_cum_shaping=282.39 T=103 d_init=94.1 d_final=0.0
 Retrying in 1 seconds
[shaping_diag] success_cum_shaping=282.39 T=102 d_init=94.1 d_final=0.0
 Retrying in 1 seconds
[shaping_diag] success_cum_shaping=282.39 T=103 d_init=94.1 d_final=0.0
 Retrying in 1 seconds
[shaping_diag] success_cum_shaping=282.39 T=102 d_init=94.1 d_final=0.0
 Retrying in 1 seconds
[shaping_diag] success_cum_shaping=282.39 T=103 d_init=94.1 d_final=0.0
 Retrying in 1 seconds
[shaping_diag] success_cum_shaping=282.39 T=102 d_init=94.1 d_final=0.0
 Retrying in 1 seconds
[shaping_diag] success_cum_shaping=282.39 T=103 d_init=94.1 d_final=0.0
 Retrying in 1 seconds
[shaping_diag] success_cum_shaping=282.39 T=102 d_init=94.1 d_final=0.0
 Retrying in 1 seconds
[shaping_diag] success_cum_shaping=282.39 T=102 d_init=94.1 d_final=0.0
 Retrying in 1 seconds
[shaping_diag] success_cum_shaping=282.39 T=103 d_init=94.1 d_final=0.0
 Retrying in 1 seconds
[shaping_diag] success_cum_shaping=282.39 T=103 d_init=94.1 d_final=0.0
 Retrying in 1 seconds
[shaping_diag] success_cum_shaping=282.39 T=103 d_init=94.1 d_final=0.0
 Retrying in 1 seconds
[shaping_diag] success_cum_shaping=282.39 T=102 d_init=94.1 d_final=0.0
 Retrying in 1 seconds
[shaping_diag] success_cum_shaping=282.39 T=102 d_init=94.1 d_final=0.0
 Retrying in 1 seconds
[shaping_diag] success_cum_shaping=282.39 T=103 d_init=94.1 d_final=0.0
 Retrying in 1 seconds
[shaping_diag] success_cum_shaping=282.39 T=122 d_init=94.1 d_final=0.0
 Retrying in 1 seconds
[shaping_diag] success_cum_shaping=282.39 T=106 d_init=94.1 d_final=0.0
 Retrying in 1 seconds
[shaping_diag] success_cum_shaping=282.39 T=103 d_init=94.1 d_final=0.0
 Retrying in 1 seconds
[shaping_diag] success_cum_shaping=282.39 T=102 d_init=94.1 d_final=0.0
 Retrying in 1 seconds
[shaping_diag] success_cum_shaping=282.39 T=102 d_init=94.1 d_final=0.0
 Retrying in 1 seconds
[shaping_diag] success_cum_shaping=282.39 T=126 d_init=94.1 d_final=0.0
 Retrying in 1 seconds
[shaping_diag] success_cum_shaping=282.39 T=102 d_init=94.1 d_final=0.0
 Retrying in 1 seconds
[shaping_diag] success_cum_shaping=282.39 T=102 d_init=94.1 d_final=0.0
 Retrying in 1 seconds
[shaping_diag] success_cum_shaping=282.39 T=104 d_init=94.1 d_final=0.0
 Retrying in 1 seconds
[shaping_diag] success_cum_shaping=282.39 T=102 d_init=94.1 d_final=0.0
 Retrying in 1 seconds
[shaping_diag] success_cum_shaping=282.39 T=102 d_init=94.1 d_final=0.0
 Retrying in 1 seconds
[shaping_diag] success_cum_shaping=282.39 T=105 d_init=94.1 d_final=0.0
 Retrying in 1 seconds
[shaping_diag] success_cum_shaping=282.39 T=103 d_init=94.1 d_final=0.0
 Retrying in 1 seconds
[shaping_diag] success_cum_shaping=282.39 T=104 d_init=94.1 d_final=0.0
 Retrying in 1 seconds
[shaping_diag] success_cum_shaping=282.39 T=112 d_init=94.1 d_final=0.0
 Retrying in 1 seconds
[shaping_diag] success_cum_shaping=282.39 T=143 d_init=94.1 d_final=0.0
 Retrying in 1 seconds
[shaping_diag] success_cum_shaping=282.39 T=102 d_init=94.1 d_final=0.0
 Retrying in 1 seconds
[shaping_diag] success_cum_shaping=282.39 T=103 d_init=94.1 d_final=0.0
 Retrying in 1 seconds
[shaping_diag] success_cum_shaping=282.39 T=103 d_init=94.1 d_final=0.0
 Retrying in 1 seconds
[shaping_diag] success_cum_shaping=282.39 T=102 d_init=94.1 d_final=0.0
 Retrying in 1 seconds
[shaping_diag] success_cum_shaping=282.39 T=102 d_init=94.1 d_final=0.0
 Retrying in 1 seconds
[shaping_diag] success_cum_shaping=282.39 T=102 d_init=94.1 d_final=0.0
 Retrying in 1 seconds
[shaping_diag] success_cum_shaping=282.39 T=102 d_init=94.1 d_final=0.0
 Retrying in 1 seconds
 Retrying in 1 seconds
[shaping_diag] success_cum_shaping=282.39 T=102 d_init=94.1 d_final=0.0
Warning: Vehicle 'other' performs emergency braking on lane ':center_8_0' with decel=9.00, wished=5.00, severity=1.00, time=7.50.
 Retrying in 1 seconds
 Retrying in 1 seconds
[shaping_diag] success_cum_shaping=282.39 T=102 d_init=94.1 d_final=0.0
 Retrying in 1 seconds
[shaping_diag] success_cum_shaping=282.39 T=103 d_init=94.1 d_final=0.0
 Retrying in 1 seconds
[shaping_diag] success_cum_shaping=282.39 T=103 d_init=94.1 d_final=0.0
 Retrying in 1 seconds
[shaping_diag] success_cum_shaping=282.39 T=102 d_init=94.1 d_final=0.0
 Retrying in 1 seconds
[shaping_diag] success_cum_shaping=282.39 T=126 d_init=94.1 d_final=0.0
 Retrying in 1 seconds
[shaping_diag] success_cum_shaping=282.39 T=102 d_init=94.1 d_final=0.0
 Retrying in 1 seconds
[shaping_diag] success_cum_shaping=282.39 T=105 d_init=94.1 d_final=0.0
 Retrying in 1 seconds
[shaping_diag] success_cum_shaping=282.39 T=106 d_init=94.1 d_final=0.0
 Retrying in 1 seconds
[shaping_diag] success_cum_shaping=282.39 T=106 d_init=94.1 d_final=0.0
 Retrying in 1 seconds
[shaping_diag] success_cum_shaping=282.39 T=102 d_init=94.1 d_final=0.0
 Retrying in 1 seconds
[shaping_diag] success_cum_shaping=282.39 T=102 d_init=94.1 d_final=0.0
 Retrying in 1 seconds
[shaping_diag] success_cum_shaping=282.39 T=103 d_init=94.1 d_final=0.0
 Retrying in 1 seconds
[shaping_diag] success_cum_shaping=282.39 T=104 d_init=94.1 d_final=0.0
 Retrying in 1 seconds
[shaping_diag] success_cum_shaping=282.39 T=103 d_init=94.1 d_final=0.0
 Retrying in 1 seconds
[shaping_diag] success_cum_shaping=282.39 T=103 d_init=94.1 d_final=0.0
 Retrying in 1 seconds
[shaping_diag] success_cum_shaping=282.39 T=105 d_init=94.1 d_final=0.0
 Retrying in 1 seconds
[shaping_diag] success_cum_shaping=282.39 T=102 d_init=94.1 d_final=0.0
 Retrying in 1 seconds
[shaping_diag] success_cum_shaping=282.39 T=103 d_init=94.1 d_final=0.0
 Retrying in 1 seconds
[shaping_diag] success_cum_shaping=282.39 T=102 d_init=94.1 d_final=0.0
 Retrying in 1 seconds
[shaping_diag] success_cum_shaping=282.39 T=103 d_init=94.1 d_final=0.0
 Retrying in 1 seconds
[shaping_diag] success_cum_shaping=282.39 T=103 d_init=94.1 d_final=0.0
 Retrying in 1 seconds
[shaping_diag] success_cum_shaping=282.39 T=103 d_init=94.1 d_final=0.0
 Retrying in 1 seconds
[shaping_diag] success_cum_shaping=282.39 T=104 d_init=94.1 d_final=0.0
 Retrying in 1 seconds
[shaping_diag] success_cum_shaping=282.39 T=103 d_init=94.1 d_final=0.0
 Retrying in 1 seconds
[shaping_diag] success_cum_shaping=282.39 T=105 d_init=94.1 d_final=0.0
 Retrying in 1 seconds
[shaping_diag] success_cum_shaping=282.39 T=103 d_init=94.1 d_final=0.0
 Retrying in 1 seconds
[shaping_diag] success_cum_shaping=282.39 T=104 d_init=94.1 d_final=0.0
 Retrying in 1 seconds
[shaping_diag] success_cum_shaping=282.39 T=106 d_init=94.1 d_final=0.0
 Retrying in 1 seconds
[shaping_diag] success_cum_shaping=282.39 T=102 d_init=94.1 d_final=0.0
 Retrying in 1 seconds
[shaping_diag] success_cum_shaping=282.39 T=103 d_init=94.1 d_final=0.0
 Retrying in 1 seconds
[shaping_diag] success_cum_shaping=282.39 T=102 d_init=94.1 d_final=0.0
 Retrying in 1 seconds
[shaping_diag] success_cum_shaping=282.39 T=103 d_init=94.1 d_final=0.0
 Retrying in 1 seconds
[shaping_diag] success_cum_shaping=282.39 T=102 d_init=94.1 d_final=0.0
 Retrying in 1 seconds
[shaping_diag] success_cum_shaping=282.39 T=104 d_init=94.1 d_final=0.0
 Retrying in 1 seconds
[shaping_diag] success_cum_shaping=282.39 T=102 d_init=94.1 d_final=0.0
 Retrying in 1 seconds
[shaping_diag] success_cum_shaping=282.39 T=102 d_init=94.1 d_final=0.0
 Retrying in 1 seconds
[shaping_diag] success_cum_shaping=282.39 T=102 d_init=94.1 d_final=0.0
Warning: Vehicle 'other' performs emergency braking on lane ':center_8_0' with decel=9.00, wished=5.00, severity=1.00, time=7.50.
 Retrying in 1 seconds
 Retrying in 1 seconds
[shaping_diag] success_cum_shaping=282.39 T=103 d_init=94.1 d_final=0.0
 Retrying in 1 seconds
[shaping_diag] success_cum_shaping=282.39 T=103 d_init=94.1 d_final=0.0
 Retrying in 1 seconds
[shaping_diag] success_cum_shaping=282.39 T=104 d_init=94.1 d_final=0.0
 Retrying in 1 seconds
[shaping_diag] success_cum_shaping=282.39 T=106 d_init=94.1 d_final=0.0
Warning: Vehicle 'ego'; junction collision with vehicle 'other', lane=':center_4_0', gap=-1.00, time=7.40 stage=move.
 Retrying in 1 seconds
 Retrying in 1 seconds
[shaping_diag] success_cum_shaping=282.39 T=103 d_init=94.1 d_final=0.0
 Retrying in 1 seconds
[shaping_diag] success_cum_shaping=282.39 T=102 d_init=94.1 d_final=0.0
 Retrying in 1 seconds
[shaping_diag] success_cum_shaping=282.39 T=102 d_init=94.1 d_final=0.0
Warning: Vehicle 'other' performs emergency braking on lane ':center_8_0' with decel=9.00, wished=7.00, severity=1.00, time=7.10.
 Retrying in 1 seconds
[shaping_diag] success_cum_shaping=282.39 T=103 d_init=94.1 d_final=0.0
 Retrying in 1 seconds
[shaping_diag] success_cum_shaping=282.39 T=102 d_init=94.1 d_final=0.0
 Retrying in 1 seconds
[shaping_diag] success_cum_shaping=282.39 T=103 d_init=94.1 d_final=0.0
 Retrying in 1 seconds
[shaping_diag] success_cum_shaping=282.39 T=103 d_init=94.1 d_final=0.0
Warning: Vehicle 'other' performs emergency braking on lane ':center_8_0' with decel=9.00, wished=5.00, severity=1.00, time=7.20.
 Retrying in 1 seconds
[shaping_diag] success_cum_shaping=282.39 T=104 d_init=94.1 d_final=0.0
 Retrying in 1 seconds
[shaping_diag] success_cum_shaping=282.39 T=102 d_init=94.1 d_final=0.0
 Retrying in 1 seconds
[shaping_diag] success_cum_shaping=282.39 T=103 d_init=94.1 d_final=0.0
 Retrying in 1 seconds
[shaping_diag] success_cum_shaping=282.39 T=102 d_init=94.1 d_final=0.0
 Retrying in 1 seconds
[shaping_diag] success_cum_shaping=282.39 T=103 d_init=94.1 d_final=0.0
 Retrying in 1 seconds
[shaping_diag] success_cum_shaping=282.39 T=102 d_init=94.1 d_final=0.0
 Retrying in 1 seconds
[shaping_diag] success_cum_shaping=282.39 T=103 d_init=94.1 d_final=0.0
 Retrying in 1 seconds
[shaping_diag] success_cum_shaping=282.39 T=104 d_init=94.1 d_final=0.0
Warning: Vehicle 'other' performs emergency braking on lane ':center_8_0' with decel=9.00, wished=5.00, severity=1.00, time=7.10.
 Retrying in 1 seconds
[shaping_diag] success_cum_shaping=282.39 T=102 d_init=94.1 d_final=0.0
 Retrying in 1 seconds
[shaping_diag] success_cum_shaping=282.39 T=104 d_init=94.1 d_final=0.0
 Retrying in 1 seconds
 Retrying in 1 seconds
[shaping_diag] success_cum_shaping=282.39 T=116 d_init=94.1 d_final=0.0
 Retrying in 1 seconds
[shaping_diag] success_cum_shaping=282.39 T=102 d_init=94.1 d_final=0.0
 Retrying in 1 seconds
[shaping_diag] success_cum_shaping=282.39 T=104 d_init=94.1 d_final=0.0
 Retrying in 1 seconds
[shaping_diag] success_cum_shaping=282.39 T=102 d_init=94.1 d_final=0.0
 Retrying in 1 seconds
[shaping_diag] success_cum_shaping=282.39 T=102 d_init=94.1 d_final=0.0
 Retrying in 1 seconds
[shaping_diag] success_cum_shaping=282.39 T=102 d_init=94.1 d_final=0.0
 Retrying in 1 seconds
[shaping_diag] success_cum_shaping=282.39 T=102 d_init=94.1 d_final=0.0
 Retrying in 1 seconds
[shaping_diag] success_cum_shaping=282.39 T=102 d_init=94.1 d_final=0.0
 Retrying in 1 seconds
[shaping_diag] success_cum_shaping=282.39 T=105 d_init=94.1 d_final=0.0
 Retrying in 1 seconds
[shaping_diag] success_cum_shaping=282.39 T=102 d_init=94.1 d_final=0.0
 Retrying in 1 seconds
[shaping_diag] success_cum_shaping=282.39 T=103 d_init=94.1 d_final=0.0
 Retrying in 1 seconds
[shaping_diag] success_cum_shaping=282.39 T=105 d_init=94.1 d_final=0.0
Warning: Vehicle 'other' performs emergency braking on lane ':center_8_0' with decel=9.00, wished=5.00, severity=1.00, time=7.40.
 Retrying in 1 seconds
 Retrying in 1 seconds
[shaping_diag] success_cum_shaping=282.39 T=103 d_init=94.1 d_final=0.0
 Retrying in 1 seconds
[shaping_diag] success_cum_shaping=282.39 T=102 d_init=94.1 d_final=0.0
 Retrying in 1 seconds
[shaping_diag] success_cum_shaping=282.39 T=102 d_init=94.1 d_final=0.0
 Retrying in 1 seconds
[shaping_diag] success_cum_shaping=282.39 T=102 d_init=94.1 d_final=0.0
 Retrying in 1 seconds
 Retrying in 1 seconds
[shaping_diag] success_cum_shaping=282.39 T=102 d_init=94.1 d_final=0.0
 Retrying in 1 seconds
[shaping_diag] success_cum_shaping=282.39 T=104 d_init=94.1 d_final=0.0
 Retrying in 1 seconds
[shaping_diag] success_cum_shaping=282.39 T=103 d_init=94.1 d_final=0.0
 Retrying in 1 seconds
 Retrying in 1 seconds
[shaping_diag] success_cum_shaping=282.39 T=103 d_init=94.1 d_final=0.0
 Retrying in 1 seconds
[shaping_diag] success_cum_shaping=282.39 T=103 d_init=94.1 d_final=0.0
 Retrying in 1 seconds
[shaping_diag] success_cum_shaping=282.39 T=104 d_init=94.1 d_final=0.0
 Retrying in 1 seconds
[shaping_diag] success_cum_shaping=282.39 T=102 d_init=94.1 d_final=0.0
 Retrying in 1 seconds
[shaping_diag] success_cum_shaping=282.39 T=103 d_init=94.1 d_final=0.0
 Retrying in 1 seconds
[shaping_diag] success_cum_shaping=282.39 T=103 d_init=94.1 d_final=0.0
 Retrying in 1 seconds
[shaping_diag] success_cum_shaping=282.39 T=102 d_init=94.1 d_final=0.0
 Retrying in 1 seconds
[shaping_diag] success_cum_shaping=282.39 T=103 d_init=94.1 d_final=0.0
 Retrying in 1 seconds
[shaping_diag] success_cum_shaping=282.39 T=102 d_init=94.1 d_final=0.0
 Retrying in 1 seconds
[shaping_diag] success_cum_shaping=282.39 T=102 d_init=94.1 d_final=0.0
 Retrying in 1 seconds
[shaping_diag] success_cum_shaping=282.39 T=107 d_init=94.1 d_final=0.0
 Retrying in 1 seconds
[shaping_diag] success_cum_shaping=282.39 T=102 d_init=94.1 d_final=0.0
 Retrying in 1 seconds
[shaping_diag] success_cum_shaping=282.39 T=103 d_init=94.1 d_final=0.0
 Retrying in 1 seconds
[shaping_diag] success_cum_shaping=282.39 T=104 d_init=94.1 d_final=0.0
 Retrying in 1 seconds
[shaping_diag] success_cum_shaping=282.39 T=102 d_init=94.1 d_final=0.0
 Retrying in 1 seconds
[shaping_diag] success_cum_shaping=282.39 T=104 d_init=94.1 d_final=0.0
 Retrying in 1 seconds
[shaping_diag] success_cum_shaping=282.39 T=103 d_init=94.1 d_final=0.0
 Retrying in 1 seconds
[shaping_diag] success_cum_shaping=282.39 T=105 d_init=94.1 d_final=0.0
 Retrying in 1 seconds
[shaping_diag] success_cum_shaping=282.39 T=103 d_init=94.1 d_final=0.0
 Retrying in 1 seconds
[shaping_diag] success_cum_shaping=282.39 T=102 d_init=94.1 d_final=0.0
 Retrying in 1 seconds
[shaping_diag] success_cum_shaping=282.39 T=103 d_init=94.1 d_final=0.0
 Retrying in 1 seconds
[shaping_diag] success_cum_shaping=282.39 T=103 d_init=94.1 d_final=0.0
 Retrying in 1 seconds
[shaping_diag] success_cum_shaping=282.39 T=102 d_init=94.1 d_final=0.0
 Retrying in 1 seconds
[shaping_diag] success_cum_shaping=282.39 T=102 d_init=94.1 d_final=0.0
 Retrying in 1 seconds
[shaping_diag] success_cum_shaping=282.39 T=104 d_init=94.1 d_final=0.0
 Retrying in 1 seconds
[shaping_diag] success_cum_shaping=282.39 T=103 d_init=94.1 d_final=0.0
 Retrying in 1 seconds
[shaping_diag] success_cum_shaping=282.39 T=102 d_init=94.1 d_final=0.0
 Retrying in 1 seconds
[shaping_diag] success_cum_shaping=282.39 T=106 d_init=94.1 d_final=0.0
 Retrying in 1 seconds
[shaping_diag] success_cum_shaping=282.39 T=103 d_init=94.1 d_final=0.0
 Retrying in 1 seconds
[shaping_diag] success_cum_shaping=282.39 T=103 d_init=94.1 d_final=0.0
Warning: Vehicle 'other' performs emergency braking on lane ':center_8_0' with decel=9.00, wished=6.00, severity=1.00, time=7.10.
 Retrying in 1 seconds
[shaping_diag] success_cum_shaping=282.39 T=103 d_init=94.1 d_final=0.0
 Retrying in 1 seconds
[shaping_diag] success_cum_shaping=282.39 T=102 d_init=94.1 d_final=0.0
 Retrying in 1 seconds
[shaping_diag] success_cum_shaping=282.39 T=104 d_init=94.1 d_final=0.0
 Retrying in 1 seconds
[shaping_diag] success_cum_shaping=282.39 T=103 d_init=94.1 d_final=0.0
 Retrying in 1 seconds
[shaping_diag] success_cum_shaping=282.39 T=103 d_init=94.1 d_final=0.0
 Retrying in 1 seconds
[shaping_diag] success_cum_shaping=282.39 T=103 d_init=94.1 d_final=0.0
 Retrying in 1 seconds
 Retrying in 1 seconds
[shaping_diag] success_cum_shaping=282.39 T=104 d_init=94.1 d_final=0.0
 Retrying in 1 seconds
[shaping_diag] success_cum_shaping=282.39 T=102 d_init=94.1 d_final=0.0
 Retrying in 1 seconds
[shaping_diag] success_cum_shaping=282.39 T=104 d_init=94.1 d_final=0.0
 Retrying in 1 seconds
[shaping_diag] success_cum_shaping=282.39 T=102 d_init=94.1 d_final=0.0
 Retrying in 1 seconds
[shaping_diag] success_cum_shaping=282.39 T=103 d_init=94.1 d_final=0.0
 Retrying in 1 seconds
[shaping_diag] success_cum_shaping=282.39 T=106 d_init=94.1 d_final=0.0
 Retrying in 1 seconds
[shaping_diag] success_cum_shaping=282.39 T=102 d_init=94.1 d_final=0.0
 Retrying in 1 seconds
[shaping_diag] success_cum_shaping=282.39 T=102 d_init=94.1 d_final=0.0
 Retrying in 1 seconds
[shaping_diag] success_cum_shaping=282.39 T=102 d_init=94.1 d_final=0.0
 Retrying in 1 seconds
[shaping_diag] success_cum_shaping=282.39 T=109 d_init=94.1 d_final=0.0
 Retrying in 1 seconds
[shaping_diag] success_cum_shaping=282.39 T=102 d_init=94.1 d_final=0.0
 Retrying in 1 seconds
[shaping_diag] success_cum_shaping=282.39 T=102 d_init=94.1 d_final=0.0
 Retrying in 1 seconds
[shaping_diag] success_cum_shaping=282.39 T=102 d_init=94.1 d_final=0.0
 Retrying in 1 seconds
[shaping_diag] success_cum_shaping=282.39 T=104 d_init=94.1 d_final=0.0
 Retrying in 1 seconds
[shaping_diag] success_cum_shaping=282.39 T=105 d_init=94.1 d_final=0.0
 Retrying in 1 seconds
[shaping_diag] success_cum_shaping=282.39 T=104 d_init=94.1 d_final=0.0
 Retrying in 1 seconds
[shaping_diag] success_cum_shaping=282.39 T=102 d_init=94.1 d_final=0.0
 Retrying in 1 seconds
 Retrying in 1 seconds
[shaping_diag] success_cum_shaping=282.39 T=103 d_init=94.1 d_final=0.0
 Retrying in 1 seconds
[shaping_diag] success_cum_shaping=282.39 T=116 d_init=94.1 d_final=0.0
 Retrying in 1 seconds
[shaping_diag] success_cum_shaping=282.39 T=103 d_init=94.1 d_final=0.0
 Retrying in 1 seconds
[shaping_diag] success_cum_shaping=282.39 T=102 d_init=94.1 d_final=0.0
 Retrying in 1 seconds
[shaping_diag] success_cum_shaping=282.39 T=102 d_init=94.1 d_final=0.0
 Retrying in 1 seconds
[shaping_diag] success_cum_shaping=282.39 T=102 d_init=94.1 d_final=0.0
 Retrying in 1 seconds
[shaping_diag] success_cum_shaping=282.39 T=102 d_init=94.1 d_final=0.0
 Retrying in 1 seconds
[shaping_diag] success_cum_shaping=282.39 T=102 d_init=94.1 d_final=0.0
 Retrying in 1 seconds
[shaping_diag] success_cum_shaping=282.39 T=102 d_init=94.1 d_final=0.0
 Retrying in 1 seconds
[shaping_diag] success_cum_shaping=282.39 T=103 d_init=94.1 d_final=0.0
 Retrying in 1 seconds
[shaping_diag] success_cum_shaping=282.39 T=102 d_init=94.1 d_final=0.0
 Retrying in 1 seconds
[shaping_diag] success_cum_shaping=282.39 T=102 d_init=94.1 d_final=0.0
 Retrying in 1 seconds
[shaping_diag] success_cum_shaping=282.39 T=102 d_init=94.1 d_final=0.0
 Retrying in 1 seconds
[shaping_diag] success_cum_shaping=282.39 T=104 d_init=94.1 d_final=0.0
 Retrying in 1 seconds
[shaping_diag] success_cum_shaping=282.39 T=103 d_init=94.1 d_final=0.0
 Retrying in 1 seconds
[shaping_diag] success_cum_shaping=282.39 T=103 d_init=94.1 d_final=0.0
 Retrying in 1 seconds
[shaping_diag] success_cum_shaping=282.39 T=103 d_init=94.1 d_final=0.0
 Retrying in 1 seconds
[shaping_diag] success_cum_shaping=282.39 T=102 d_init=94.1 d_final=0.0
 Retrying in 1 seconds
[shaping_diag] success_cum_shaping=282.39 T=102 d_init=94.1 d_final=0.0
Warning: Vehicle 'other' performs emergency braking on lane ':center_8_0' with decel=9.00, wished=7.00, severity=1.00, time=7.20.
Warning: Vehicle 'ego'; junction collision with vehicle 'other', lane=':center_4_0', gap=-1.00, time=7.50 stage=move.
 Retrying in 1 seconds
 Retrying in 1 seconds
[shaping_diag] success_cum_shaping=282.39 T=103 d_init=94.1 d_final=0.0
 Retrying in 1 seconds
[shaping_diag] success_cum_shaping=282.39 T=102 d_init=94.1 d_final=0.0
 Retrying in 1 seconds
 Retrying in 1 seconds
[shaping_diag] success_cum_shaping=282.39 T=102 d_init=94.1 d_final=0.0
 Retrying in 1 seconds
[shaping_diag] success_cum_shaping=282.39 T=102 d_init=94.1 d_final=0.0
 Retrying in 1 seconds
[shaping_diag] success_cum_shaping=282.39 T=102 d_init=94.1 d_final=0.0
 Retrying in 1 seconds
[shaping_diag] success_cum_shaping=282.39 T=102 d_init=94.1 d_final=0.0
Warning: Vehicle 'other' performs emergency braking on lane ':center_8_0' with decel=9.00, wished=5.00, severity=1.00, time=7.10.
 Retrying in 1 seconds
[shaping_diag] success_cum_shaping=282.39 T=102 d_init=94.1 d_final=0.0
 Retrying in 1 seconds
[shaping_diag] success_cum_shaping=282.39 T=102 d_init=94.1 d_final=0.0
 Retrying in 1 seconds
[shaping_diag] success_cum_shaping=282.39 T=102 d_init=94.1 d_final=0.0
 Retrying in 1 seconds
[shaping_diag] success_cum_shaping=282.39 T=102 d_init=94.1 d_final=0.0
Warning: Vehicle 'other' performs emergency braking on lane ':center_8_0' with decel=9.00, wished=7.00, severity=1.00, time=7.10.
 Retrying in 1 seconds
 Retrying in 1 seconds
[shaping_diag] success_cum_shaping=282.39 T=102 d_init=94.1 d_final=0.0
[drppo] step=331776 ret=336.83 coll=1 ttc=5.84
 Retrying in 1 seconds
[shaping_diag] success_cum_shaping=282.39 T=103 d_init=94.1 d_final=0.0
 Retrying in 1 seconds
[shaping_diag] success_cum_shaping=282.39 T=103 d_init=94.1 d_final=0.0
 Retrying in 1 seconds
[shaping_diag] success_cum_shaping=282.39 T=102 d_init=94.1 d_final=0.0
 Retrying in 1 seconds
[shaping_diag] success_cum_shaping=282.39 T=102 d_init=94.1 d_final=0.0
 Retrying in 1 seconds
[shaping_diag] success_cum_shaping=282.39 T=103 d_init=94.1 d_final=0.0
 Retrying in 1 seconds
[shaping_diag] success_cum_shaping=282.39 T=102 d_init=94.1 d_final=0.0
 Retrying in 1 seconds
[shaping_diag] success_cum_shaping=282.39 T=106 d_init=94.1 d_final=0.0
 Retrying in 1 seconds
[shaping_diag] success_cum_shaping=282.39 T=102 d_init=94.1 d_final=0.0
Warning: Vehicle 'other' performs emergency braking on lane ':center_8_0' with decel=9.00, wished=5.00, severity=1.00, time=7.20.
 Retrying in 1 seconds
[shaping_diag] success_cum_shaping=282.39 T=105 d_init=94.1 d_final=0.0
Warning: Vehicle 'other' performs emergency braking on lane ':center_8_0' with decel=9.00, wished=7.00, severity=1.00, time=7.10.
 Retrying in 1 seconds
[shaping_diag] success_cum_shaping=282.39 T=103 d_init=94.1 d_final=0.0
Warning: Vehicle 'ego'; junction collision with vehicle 'other', lane=':center_4_0', gap=-1.00, time=7.40 stage=move.
 Retrying in 1 seconds
 Retrying in 1 seconds
[shaping_diag] success_cum_shaping=282.39 T=102 d_init=94.1 d_final=0.0
 Retrying in 1 seconds
[shaping_diag] success_cum_shaping=282.39 T=104 d_init=94.1 d_final=0.0
 Retrying in 1 seconds
[shaping_diag] success_cum_shaping=282.39 T=102 d_init=94.1 d_final=0.0
 Retrying in 1 seconds
[shaping_diag] success_cum_shaping=282.39 T=104 d_init=94.1 d_final=0.0
 Retrying in 1 seconds
[shaping_diag] success_cum_shaping=282.39 T=103 d_init=94.1 d_final=0.0
 Retrying in 1 seconds
[shaping_diag] success_cum_shaping=282.39 T=102 d_init=94.1 d_final=0.0
 Retrying in 1 seconds
[shaping_diag] success_cum_shaping=282.39 T=104 d_init=94.1 d_final=0.0
 Retrying in 1 seconds
[shaping_diag] success_cum_shaping=282.39 T=103 d_init=94.1 d_final=0.0
 Retrying in 1 seconds
[shaping_diag] success_cum_shaping=282.39 T=102 d_init=94.1 d_final=0.0
 Retrying in 1 seconds
[shaping_diag] success_cum_shaping=282.39 T=103 d_init=94.1 d_final=0.0
 Retrying in 1 seconds
[shaping_diag] success_cum_shaping=282.39 T=102 d_init=94.1 d_final=0.0
 Retrying in 1 seconds
[shaping_diag] success_cum_shaping=282.39 T=102 d_init=94.1 d_final=0.0
 Retrying in 1 seconds
[shaping_diag] success_cum_shaping=282.39 T=102 d_init=94.1 d_final=0.0
 Retrying in 1 seconds
[shaping_diag] success_cum_shaping=282.39 T=103 d_init=94.1 d_final=0.0
 Retrying in 1 seconds
[shaping_diag] success_cum_shaping=282.39 T=102 d_init=94.1 d_final=0.0
Warning: Vehicle 'other' performs emergency braking on lane ':center_8_0' with decel=9.00, wished=5.00, severity=1.00, time=7.10.
Warning: Vehicle 'ego'; junction collision with vehicle 'other', lane=':center_4_0', gap=-1.00, time=7.40 stage=move.
 Retrying in 1 seconds
 Retrying in 1 seconds
[shaping_diag] success_cum_shaping=282.39 T=102 d_init=94.1 d_final=0.0
 Retrying in 1 seconds
[shaping_diag] success_cum_shaping=282.39 T=103 d_init=94.1 d_final=0.0
 Retrying in 1 seconds
[shaping_diag] success_cum_shaping=282.39 T=103 d_init=94.1 d_final=0.0
 Retrying in 1 seconds
[shaping_diag] success_cum_shaping=282.39 T=102 d_init=94.1 d_final=0.0
 Retrying in 1 seconds
[shaping_diag] success_cum_shaping=282.39 T=104 d_init=94.1 d_final=0.0
 Retrying in 1 seconds
[shaping_diag] success_cum_shaping=282.39 T=103 d_init=94.1 d_final=0.0
 Retrying in 1 seconds
[shaping_diag] success_cum_shaping=282.39 T=102 d_init=94.1 d_final=0.0
 Retrying in 1 seconds
[shaping_diag] success_cum_shaping=282.39 T=104 d_init=94.1 d_final=0.0
 Retrying in 1 seconds
[shaping_diag] success_cum_shaping=282.39 T=103 d_init=94.1 d_final=0.0
 Retrying in 1 seconds
[shaping_diag] success_cum_shaping=282.39 T=104 d_init=94.1 d_final=0.0
 Retrying in 1 seconds
[shaping_diag] success_cum_shaping=282.39 T=103 d_init=94.1 d_final=0.0
 Retrying in 1 seconds
[shaping_diag] success_cum_shaping=282.39 T=105 d_init=94.1 d_final=0.0
 Retrying in 1 seconds
[shaping_diag] success_cum_shaping=282.39 T=102 d_init=94.1 d_final=0.0
 Retrying in 1 seconds
 Retrying in 1 seconds
[shaping_diag] success_cum_shaping=282.39 T=109 d_init=94.1 d_final=0.0
 Retrying in 1 seconds
[shaping_diag] success_cum_shaping=282.39 T=104 d_init=94.1 d_final=0.0
 Retrying in 1 seconds
[shaping_diag] success_cum_shaping=282.39 T=102 d_init=94.1 d_final=0.0
 Retrying in 1 seconds
[shaping_diag] success_cum_shaping=282.39 T=103 d_init=94.1 d_final=0.0
 Retrying in 1 seconds
[shaping_diag] success_cum_shaping=282.39 T=102 d_init=94.1 d_final=0.0
 Retrying in 1 seconds
[shaping_diag] success_cum_shaping=282.39 T=103 d_init=94.1 d_final=0.0
Warning: Vehicle 'other' performs emergency braking on lane ':center_8_0' with decel=9.00, wished=5.00, severity=1.00, time=7.50.
Warning: Vehicle 'ego'; junction collision with vehicle 'other', lane=':center_4_0', gap=-1.00, time=7.90 stage=move.
 Retrying in 1 seconds
 Retrying in 1 seconds
[shaping_diag] success_cum_shaping=282.39 T=104 d_init=94.1 d_final=0.0
 Retrying in 1 seconds
[shaping_diag] success_cum_shaping=282.39 T=103 d_init=94.1 d_final=0.0
 Retrying in 1 seconds
[shaping_diag] success_cum_shaping=282.39 T=102 d_init=94.1 d_final=0.0
 Retrying in 1 seconds
[shaping_diag] success_cum_shaping=282.39 T=102 d_init=94.1 d_final=0.0
 Retrying in 1 seconds
[shaping_diag] success_cum_shaping=282.39 T=102 d_init=94.1 d_final=0.0
 Retrying in 1 seconds
[shaping_diag] success_cum_shaping=282.39 T=102 d_init=94.1 d_final=0.0
 Retrying in 1 seconds
[shaping_diag] success_cum_shaping=282.39 T=102 d_init=94.1 d_final=0.0
 Retrying in 1 seconds
[shaping_diag] success_cum_shaping=282.39 T=103 d_init=94.1 d_final=0.0
 Retrying in 1 seconds
[shaping_diag] success_cum_shaping=282.39 T=104 d_init=94.1 d_final=0.0
 Retrying in 1 seconds
[shaping_diag] success_cum_shaping=282.39 T=110 d_init=94.1 d_final=0.0
 Retrying in 1 seconds
[shaping_diag] success_cum_shaping=282.39 T=103 d_init=94.1 d_final=0.0
 Retrying in 1 seconds
[shaping_diag] success_cum_shaping=282.39 T=103 d_init=94.1 d_final=0.0
 Retrying in 1 seconds
[shaping_diag] success_cum_shaping=282.39 T=121 d_init=94.1 d_final=0.0
 Retrying in 1 seconds
[shaping_diag] success_cum_shaping=282.39 T=102 d_init=94.1 d_final=0.0
 Retrying in 1 seconds
[shaping_diag] success_cum_shaping=282.39 T=103 d_init=94.1 d_final=0.0
 Retrying in 1 seconds
[shaping_diag] success_cum_shaping=282.39 T=102 d_init=94.1 d_final=0.0
 Retrying in 1 seconds
[shaping_diag] success_cum_shaping=282.39 T=102 d_init=94.1 d_final=0.0
 Retrying in 1 seconds
[shaping_diag] success_cum_shaping=282.39 T=102 d_init=94.1 d_final=0.0
 Retrying in 1 seconds
[shaping_diag] success_cum_shaping=282.39 T=102 d_init=94.1 d_final=0.0
 Retrying in 1 seconds
[shaping_diag] success_cum_shaping=282.39 T=103 d_init=94.1 d_final=0.0
 Retrying in 1 seconds
[shaping_diag] success_cum_shaping=282.39 T=103 d_init=94.1 d_final=0.0
 Retrying in 1 seconds
[shaping_diag] success_cum_shaping=282.39 T=103 d_init=94.1 d_final=0.0
 Retrying in 1 seconds
[shaping_diag] success_cum_shaping=282.39 T=102 d_init=94.1 d_final=0.0
 Retrying in 1 seconds
[shaping_diag] success_cum_shaping=282.39 T=104 d_init=94.1 d_final=0.0
 Retrying in 1 seconds
[shaping_diag] success_cum_shaping=282.39 T=103 d_init=94.1 d_final=0.0
 Retrying in 1 seconds
[shaping_diag] success_cum_shaping=282.39 T=102 d_init=94.1 d_final=0.0
 Retrying in 1 seconds
[shaping_diag] success_cum_shaping=282.39 T=104 d_init=94.1 d_final=0.0
 Retrying in 1 seconds
[shaping_diag] success_cum_shaping=282.39 T=103 d_init=94.1 d_final=0.0
 Retrying in 1 seconds
[shaping_diag] success_cum_shaping=282.39 T=105 d_init=94.1 d_final=0.0
 Retrying in 1 seconds
[shaping_diag] success_cum_shaping=282.39 T=104 d_init=94.1 d_final=0.0
 Retrying in 1 seconds
[shaping_diag] success_cum_shaping=282.39 T=103 d_init=94.1 d_final=0.0
 Retrying in 1 seconds
[shaping_diag] success_cum_shaping=282.39 T=102 d_init=94.1 d_final=0.0
 Retrying in 1 seconds
 Retrying in 1 seconds
[shaping_diag] success_cum_shaping=282.39 T=102 d_init=94.1 d_final=0.0
 Retrying in 1 seconds
[shaping_diag] success_cum_shaping=282.39 T=102 d_init=94.1 d_final=0.0
 Retrying in 1 seconds
[shaping_diag] success_cum_shaping=282.39 T=103 d_init=94.1 d_final=0.0
 Retrying in 1 seconds
[shaping_diag] success_cum_shaping=282.39 T=102 d_init=94.1 d_final=0.0
 Retrying in 1 seconds
[shaping_diag] success_cum_shaping=282.39 T=102 d_init=94.1 d_final=0.0
 Retrying in 1 seconds
[shaping_diag] success_cum_shaping=282.39 T=102 d_init=94.1 d_final=0.0
 Retrying in 1 seconds
[shaping_diag] success_cum_shaping=282.39 T=102 d_init=94.1 d_final=0.0
 Retrying in 1 seconds
[shaping_diag] success_cum_shaping=282.39 T=102 d_init=94.1 d_final=0.0
 Retrying in 1 seconds
[shaping_diag] success_cum_shaping=282.39 T=104 d_init=94.1 d_final=0.0
 Retrying in 1 seconds
[shaping_diag] success_cum_shaping=282.39 T=102 d_init=94.1 d_final=0.0
 Retrying in 1 seconds
[shaping_diag] success_cum_shaping=282.39 T=131 d_init=94.1 d_final=0.0
 Retrying in 1 seconds
[shaping_diag] success_cum_shaping=282.39 T=102 d_init=94.1 d_final=0.0
 Retrying in 1 seconds
[shaping_diag] success_cum_shaping=282.39 T=103 d_init=94.1 d_final=0.0
 Retrying in 1 seconds
[shaping_diag] success_cum_shaping=282.39 T=102 d_init=94.1 d_final=0.0
 Retrying in 1 seconds
[shaping_diag] success_cum_shaping=282.39 T=104 d_init=94.1 d_final=0.0
 Retrying in 1 seconds
[shaping_diag] success_cum_shaping=282.39 T=102 d_init=94.1 d_final=0.0
 Retrying in 1 seconds
[shaping_diag] success_cum_shaping=282.39 T=105 d_init=94.1 d_final=0.0
 Retrying in 1 seconds
[shaping_diag] success_cum_shaping=282.39 T=103 d_init=94.1 d_final=0.0
 Retrying in 1 seconds
[shaping_diag] success_cum_shaping=282.39 T=104 d_init=94.1 d_final=0.0
 Retrying in 1 seconds
[shaping_diag] success_cum_shaping=282.39 T=102 d_init=94.1 d_final=0.0
 Retrying in 1 seconds
[shaping_diag] success_cum_shaping=282.39 T=103 d_init=94.1 d_final=0.0
 Retrying in 1 seconds
[shaping_diag] success_cum_shaping=282.39 T=102 d_init=94.1 d_final=0.0
 Retrying in 1 seconds
[shaping_diag] success_cum_shaping=282.39 T=102 d_init=94.1 d_final=0.0
 Retrying in 1 seconds
[shaping_diag] success_cum_shaping=282.39 T=102 d_init=94.1 d_final=0.0
 Retrying in 1 seconds
[shaping_diag] success_cum_shaping=282.39 T=127 d_init=94.1 d_final=0.0
 Retrying in 1 seconds
[shaping_diag] success_cum_shaping=282.39 T=102 d_init=94.1 d_final=0.0
 Retrying in 1 seconds
[shaping_diag] success_cum_shaping=282.39 T=102 d_init=94.1 d_final=0.0
 Retrying in 1 seconds
[shaping_diag] success_cum_shaping=282.39 T=105 d_init=94.1 d_final=0.0
 Retrying in 1 seconds
[shaping_diag] success_cum_shaping=282.39 T=103 d_init=94.1 d_final=0.0
 Retrying in 1 seconds
[shaping_diag] success_cum_shaping=282.39 T=103 d_init=94.1 d_final=0.0
 Retrying in 1 seconds
[shaping_diag] success_cum_shaping=282.39 T=103 d_init=94.1 d_final=0.0
 Retrying in 1 seconds
 Retrying in 1 seconds
[shaping_diag] success_cum_shaping=282.39 T=103 d_init=94.1 d_final=0.0
 Retrying in 1 seconds
[shaping_diag] success_cum_shaping=282.39 T=102 d_init=94.1 d_final=0.0
 Retrying in 1 seconds
[shaping_diag] success_cum_shaping=282.39 T=103 d_init=94.1 d_final=0.0
 Retrying in 1 seconds
[shaping_diag] success_cum_shaping=282.39 T=102 d_init=94.1 d_final=0.0
 Retrying in 1 seconds
[shaping_diag] success_cum_shaping=282.39 T=103 d_init=94.1 d_final=0.0
 Retrying in 1 seconds
[shaping_diag] success_cum_shaping=282.39 T=104 d_init=94.1 d_final=0.0
 Retrying in 1 seconds
[shaping_diag] success_cum_shaping=282.39 T=102 d_init=94.1 d_final=0.0
 Retrying in 1 seconds
 Retrying in 1 seconds
[shaping_diag] success_cum_shaping=282.39 T=102 d_init=94.1 d_final=0.0
 Retrying in 1 seconds
[shaping_diag] success_cum_shaping=282.39 T=102 d_init=94.1 d_final=0.0
 Retrying in 1 seconds
[shaping_diag] success_cum_shaping=282.39 T=102 d_init=94.1 d_final=0.0
Warning: Vehicle 'other' performs emergency braking on lane ':center_8_0' with decel=9.00, wished=7.00, severity=1.00, time=7.10.
 Retrying in 1 seconds
[shaping_diag] success_cum_shaping=282.39 T=102 d_init=94.1 d_final=0.0
 Retrying in 1 seconds
[shaping_diag] success_cum_shaping=282.39 T=103 d_init=94.1 d_final=0.0
Warning: Vehicle 'other' performs emergency braking on lane ':center_8_0' with decel=9.00, wished=7.00, severity=1.00, time=7.10.
 Retrying in 1 seconds
[shaping_diag] success_cum_shaping=282.39 T=103 d_init=94.1 d_final=0.0
 Retrying in 1 seconds
[shaping_diag] success_cum_shaping=282.39 T=109 d_init=94.1 d_final=0.0
 Retrying in 1 seconds
[shaping_diag] success_cum_shaping=282.39 T=102 d_init=94.1 d_final=0.0
 Retrying in 1 seconds
[shaping_diag] success_cum_shaping=282.39 T=104 d_init=94.1 d_final=0.0
 Retrying in 1 seconds
[shaping_diag] success_cum_shaping=282.39 T=103 d_init=94.1 d_final=0.0
Warning: Vehicle 'other' performs emergency braking on lane ':center_8_0' with decel=9.00, wished=5.00, severity=1.00, time=7.10.
 Retrying in 1 seconds
[shaping_diag] success_cum_shaping=282.39 T=102 d_init=94.1 d_final=0.0
 Retrying in 1 seconds
[shaping_diag] success_cum_shaping=282.39 T=103 d_init=94.1 d_final=0.0
 Retrying in 1 seconds
[shaping_diag] success_cum_shaping=282.39 T=103 d_init=94.1 d_final=0.0
 Retrying in 1 seconds
[shaping_diag] success_cum_shaping=282.39 T=104 d_init=94.1 d_final=0.0
 Retrying in 1 seconds
[shaping_diag] success_cum_shaping=282.39 T=103 d_init=94.1 d_final=0.0
 Retrying in 1 seconds
[shaping_diag] success_cum_shaping=282.39 T=103 d_init=94.1 d_final=0.0
 Retrying in 1 seconds
[shaping_diag] success_cum_shaping=282.39 T=103 d_init=94.1 d_final=0.0
 Retrying in 1 seconds
[shaping_diag] success_cum_shaping=282.39 T=102 d_init=94.1 d_final=0.0
 Retrying in 1 seconds
[shaping_diag] success_cum_shaping=282.39 T=102 d_init=94.1 d_final=0.0
 Retrying in 1 seconds
[shaping_diag] success_cum_shaping=282.39 T=102 d_init=94.1 d_final=0.0
 Retrying in 1 seconds
[shaping_diag] success_cum_shaping=282.39 T=104 d_init=94.1 d_final=0.0
 Retrying in 1 seconds
[shaping_diag] success_cum_shaping=282.39 T=103 d_init=94.1 d_final=0.0
 Retrying in 1 seconds
[shaping_diag] success_cum_shaping=282.39 T=102 d_init=94.1 d_final=0.0
 Retrying in 1 seconds
[shaping_diag] success_cum_shaping=282.39 T=103 d_init=94.1 d_final=0.0
 Retrying in 1 seconds
[shaping_diag] success_cum_shaping=282.39 T=103 d_init=94.1 d_final=0.0
 Retrying in 1 seconds
[shaping_diag] success_cum_shaping=282.39 T=102 d_init=94.1 d_final=0.0
 Retrying in 1 seconds
[shaping_diag] success_cum_shaping=282.39 T=104 d_init=94.1 d_final=0.0
 Retrying in 1 seconds
[shaping_diag] success_cum_shaping=282.39 T=102 d_init=94.1 d_final=0.0
 Retrying in 1 seconds
[shaping_diag] success_cum_shaping=282.39 T=102 d_init=94.1 d_final=0.0
 Retrying in 1 seconds
[shaping_diag] success_cum_shaping=282.39 T=111 d_init=94.1 d_final=0.0
 Retrying in 1 seconds
[shaping_diag] success_cum_shaping=282.39 T=102 d_init=94.1 d_final=0.0
 Retrying in 1 seconds
[shaping_diag] success_cum_shaping=282.39 T=103 d_init=94.1 d_final=0.0
 Retrying in 1 seconds
[shaping_diag] success_cum_shaping=282.39 T=102 d_init=94.1 d_final=0.0
 Retrying in 1 seconds
[shaping_diag] success_cum_shaping=282.39 T=104 d_init=94.1 d_final=0.0
 Retrying in 1 seconds
[shaping_diag] success_cum_shaping=282.39 T=102 d_init=94.1 d_final=0.0
 Retrying in 1 seconds
[shaping_diag] success_cum_shaping=282.39 T=104 d_init=94.1 d_final=0.0
 Retrying in 1 seconds
[shaping_diag] success_cum_shaping=282.39 T=104 d_init=94.1 d_final=0.0
 Retrying in 1 seconds
[shaping_diag] success_cum_shaping=282.39 T=103 d_init=94.1 d_final=0.0
 Retrying in 1 seconds
[shaping_diag] success_cum_shaping=282.39 T=105 d_init=94.1 d_final=0.0
Warning: Vehicle 'other' performs emergency braking on lane ':center_8_0' with decel=9.00, wished=6.00, severity=1.00, time=7.20.
 Retrying in 1 seconds
 Retrying in 1 seconds
[shaping_diag] success_cum_shaping=282.39 T=104 d_init=94.1 d_final=0.0
 Retrying in 1 seconds
[shaping_diag] success_cum_shaping=282.39 T=103 d_init=94.1 d_final=0.0
 Retrying in 1 seconds
[shaping_diag] success_cum_shaping=282.39 T=103 d_init=94.1 d_final=0.0
 Retrying in 1 seconds
[shaping_diag] success_cum_shaping=282.39 T=103 d_init=94.1 d_final=0.0
 Retrying in 1 seconds
[shaping_diag] success_cum_shaping=282.39 T=107 d_init=94.1 d_final=0.0
 Retrying in 1 seconds
[shaping_diag] success_cum_shaping=282.39 T=104 d_init=94.1 d_final=0.0
 Retrying in 1 seconds
[shaping_diag] success_cum_shaping=282.39 T=103 d_init=94.1 d_final=0.0
 Retrying in 1 seconds
[shaping_diag] success_cum_shaping=282.39 T=103 d_init=94.1 d_final=0.0
 Retrying in 1 seconds
[shaping_diag] success_cum_shaping=282.39 T=104 d_init=94.1 d_final=0.0
 Retrying in 1 seconds
[shaping_diag] success_cum_shaping=282.39 T=104 d_init=94.1 d_final=0.0
 Retrying in 1 seconds
[shaping_diag] success_cum_shaping=282.39 T=104 d_init=94.1 d_final=0.0
 Retrying in 1 seconds
[shaping_diag] success_cum_shaping=282.39 T=103 d_init=94.1 d_final=0.0
 Retrying in 1 seconds
[shaping_diag] success_cum_shaping=282.39 T=102 d_init=94.1 d_final=0.0
 Retrying in 1 seconds
[shaping_diag] success_cum_shaping=282.39 T=102 d_init=94.1 d_final=0.0
 Retrying in 1 seconds
[shaping_diag] success_cum_shaping=282.39 T=103 d_init=94.1 d_final=0.0
 Retrying in 1 seconds
[shaping_diag] success_cum_shaping=282.39 T=102 d_init=94.1 d_final=0.0
 Retrying in 1 seconds
[shaping_diag] success_cum_shaping=282.39 T=105 d_init=94.1 d_final=0.0
 Retrying in 1 seconds
[shaping_diag] success_cum_shaping=282.39 T=103 d_init=94.1 d_final=0.0
 Retrying in 1 seconds
[shaping_diag] success_cum_shaping=282.39 T=104 d_init=94.1 d_final=0.0
Warning: Vehicle 'other' performs emergency braking on lane ':center_8_0' with decel=9.00, wished=6.00, severity=1.00, time=7.10.
 Retrying in 1 seconds
[shaping_diag] success_cum_shaping=282.39 T=102 d_init=94.1 d_final=0.0
 Retrying in 1 seconds
[shaping_diag] success_cum_shaping=282.39 T=107 d_init=94.1 d_final=0.0
 Retrying in 1 seconds
[shaping_diag] success_cum_shaping=282.39 T=106 d_init=94.1 d_final=0.0
 Retrying in 1 seconds
[shaping_diag] success_cum_shaping=282.39 T=103 d_init=94.1 d_final=0.0
Warning: Vehicle 'other' performs emergency braking on lane ':center_8_0' with decel=9.00, wished=7.00, severity=1.00, time=7.80.
 Retrying in 1 seconds
 Retrying in 1 seconds
[shaping_diag] success_cum_shaping=282.39 T=102 d_init=94.1 d_final=0.0
Warning: Vehicle 'other' performs emergency braking on lane ':center_8_0' with decel=9.00, wished=5.00, severity=1.00, time=7.10.
 Retrying in 1 seconds
[shaping_diag] success_cum_shaping=282.39 T=102 d_init=94.1 d_final=0.0
 Retrying in 1 seconds
[shaping_diag] success_cum_shaping=282.39 T=110 d_init=94.1 d_final=0.0
 Retrying in 1 seconds
[shaping_diag] success_cum_shaping=282.39 T=111 d_init=94.1 d_final=0.0
 Retrying in 1 seconds
[shaping_diag] success_cum_shaping=282.39 T=103 d_init=94.1 d_final=0.0
 Retrying in 1 seconds
[shaping_diag] success_cum_shaping=282.39 T=103 d_init=94.1 d_final=0.0
 Retrying in 1 seconds
[shaping_diag] success_cum_shaping=282.39 T=103 d_init=94.1 d_final=0.0
 Retrying in 1 seconds
[shaping_diag] success_cum_shaping=282.39 T=105 d_init=94.1 d_final=0.0
 Retrying in 1 seconds
[shaping_diag] success_cum_shaping=282.39 T=103 d_init=94.1 d_final=0.0
Warning: Vehicle 'ego'; collision with vehicle 'other', lane='right_out_0', gap=-2.03, time=8.00 stage=move.
 Retrying in 1 seconds
 Retrying in 1 seconds
[shaping_diag] success_cum_shaping=282.39 T=105 d_init=94.1 d_final=0.0
 Retrying in 1 seconds
[shaping_diag] success_cum_shaping=282.39 T=103 d_init=94.1 d_final=0.0
 Retrying in 1 seconds
[shaping_diag] success_cum_shaping=282.39 T=102 d_init=94.1 d_final=0.0
 Retrying in 1 seconds
[shaping_diag] success_cum_shaping=282.39 T=104 d_init=94.1 d_final=0.0
 Retrying in 1 seconds
[shaping_diag] success_cum_shaping=282.39 T=103 d_init=94.1 d_final=0.0
 Retrying in 1 seconds
 Retrying in 1 seconds
[shaping_diag] success_cum_shaping=282.39 T=103 d_init=94.1 d_final=0.0
 Retrying in 1 seconds
[shaping_diag] success_cum_shaping=282.39 T=102 d_init=94.1 d_final=0.0
 Retrying in 1 seconds
[shaping_diag] success_cum_shaping=282.39 T=103 d_init=94.1 d_final=0.0
 Retrying in 1 seconds
[shaping_diag] success_cum_shaping=282.39 T=102 d_init=94.1 d_final=0.0
 Retrying in 1 seconds
[shaping_diag] success_cum_shaping=282.39 T=104 d_init=94.1 d_final=0.0
 Retrying in 1 seconds
[shaping_diag] success_cum_shaping=282.39 T=116 d_init=94.1 d_final=0.0
 Retrying in 1 seconds
[shaping_diag] success_cum_shaping=282.39 T=103 d_init=94.1 d_final=0.0
 Retrying in 1 seconds
[shaping_diag] success_cum_shaping=282.39 T=105 d_init=94.1 d_final=0.0
 Retrying in 1 seconds
[shaping_diag] success_cum_shaping=282.39 T=105 d_init=94.1 d_final=0.0
 Retrying in 1 seconds
[shaping_diag] success_cum_shaping=282.39 T=104 d_init=94.1 d_final=0.0
 Retrying in 1 seconds
[shaping_diag] success_cum_shaping=282.39 T=102 d_init=94.1 d_final=0.0
 Retrying in 1 seconds
[shaping_diag] success_cum_shaping=282.39 T=102 d_init=94.1 d_final=0.0
 Retrying in 1 seconds
[shaping_diag] success_cum_shaping=282.39 T=104 d_init=94.1 d_final=0.0
Warning: Vehicle 'other' performs emergency braking on lane ':center_8_0' with decel=9.00, wished=7.00, severity=1.00, time=7.10.
 Retrying in 1 seconds
 Retrying in 1 seconds
[shaping_diag] success_cum_shaping=282.39 T=103 d_init=94.1 d_final=0.0
 Retrying in 1 seconds
[shaping_diag] success_cum_shaping=282.39 T=102 d_init=94.1 d_final=0.0
 Retrying in 1 seconds
[shaping_diag] success_cum_shaping=282.39 T=103 d_init=94.1 d_final=0.0
Warning: Vehicle 'other' performs emergency braking on lane ':center_8_0' with decel=9.00, wished=6.00, severity=1.00, time=7.20.
 Retrying in 1 seconds
 Retrying in 1 seconds
[shaping_diag] success_cum_shaping=282.39 T=102 d_init=94.1 d_final=0.0
 Retrying in 1 seconds
[shaping_diag] success_cum_shaping=282.39 T=104 d_init=94.1 d_final=0.0
 Retrying in 1 seconds
[shaping_diag] success_cum_shaping=282.39 T=112 d_init=94.1 d_final=0.0
 Retrying in 1 seconds
[shaping_diag] success_cum_shaping=282.39 T=102 d_init=94.1 d_final=0.0
 Retrying in 1 seconds
[shaping_diag] success_cum_shaping=282.39 T=103 d_init=94.1 d_final=0.0
 Retrying in 1 seconds
[shaping_diag] success_cum_shaping=282.39 T=105 d_init=94.1 d_final=0.0
 Retrying in 1 seconds
[shaping_diag] success_cum_shaping=282.39 T=103 d_init=94.1 d_final=0.0
 Retrying in 1 seconds
[shaping_diag] success_cum_shaping=282.39 T=103 d_init=94.1 d_final=0.0
 Retrying in 1 seconds
[shaping_diag] success_cum_shaping=282.39 T=102 d_init=94.1 d_final=0.0
 Retrying in 1 seconds
[shaping_diag] success_cum_shaping=282.39 T=103 d_init=94.1 d_final=0.0
 Retrying in 1 seconds
[shaping_diag] success_cum_shaping=282.39 T=105 d_init=94.1 d_final=0.0
 Retrying in 1 seconds
[shaping_diag] success_cum_shaping=282.39 T=103 d_init=94.1 d_final=0.0
 Retrying in 1 seconds
[shaping_diag] success_cum_shaping=282.39 T=102 d_init=94.1 d_final=0.0
 Retrying in 1 seconds
[shaping_diag] success_cum_shaping=282.39 T=105 d_init=94.1 d_final=0.0
 Retrying in 1 seconds
[shaping_diag] success_cum_shaping=282.39 T=102 d_init=94.1 d_final=0.0
 Retrying in 1 seconds
[shaping_diag] success_cum_shaping=282.39 T=103 d_init=94.1 d_final=0.0
 Retrying in 1 seconds
[shaping_diag] success_cum_shaping=282.39 T=102 d_init=94.1 d_final=0.0
 Retrying in 1 seconds
[shaping_diag] success_cum_shaping=282.39 T=103 d_init=94.1 d_final=0.0
 Retrying in 1 seconds
[shaping_diag] success_cum_shaping=282.39 T=102 d_init=94.1 d_final=0.0
 Retrying in 1 seconds
[shaping_diag] success_cum_shaping=282.39 T=103 d_init=94.1 d_final=0.0
 Retrying in 1 seconds
[shaping_diag] success_cum_shaping=282.39 T=102 d_init=94.1 d_final=0.0
 Retrying in 1 seconds
[shaping_diag] success_cum_shaping=282.39 T=104 d_init=94.1 d_final=0.0
 Retrying in 1 seconds
 Retrying in 1 seconds
[shaping_diag] success_cum_shaping=282.39 T=103 d_init=94.1 d_final=0.0
 Retrying in 1 seconds
[shaping_diag] success_cum_shaping=282.39 T=102 d_init=94.1 d_final=0.0
 Retrying in 1 seconds
[shaping_diag] success_cum_shaping=282.39 T=103 d_init=94.1 d_final=0.0
 Retrying in 1 seconds
[shaping_diag] success_cum_shaping=282.39 T=102 d_init=94.1 d_final=0.0
Warning: Vehicle 'other' performs emergency braking on lane ':center_8_0' with decel=9.00, wished=5.00, severity=1.00, time=7.30.
 Retrying in 1 seconds
 Retrying in 1 seconds
[shaping_diag] success_cum_shaping=282.39 T=102 d_init=94.1 d_final=0.0
Warning: Vehicle 'other' performs emergency braking on lane ':center_8_0' with decel=9.00, wished=7.00, severity=1.00, time=7.40.
Warning: Vehicle 'ego'; junction collision with vehicle 'other', lane=':center_4_0', gap=-1.00, time=7.70 stage=move.
 Retrying in 1 seconds
 Retrying in 1 seconds
[shaping_diag] success_cum_shaping=282.39 T=102 d_init=94.1 d_final=0.0
 Retrying in 1 seconds
[shaping_diag] success_cum_shaping=282.39 T=103 d_init=94.1 d_final=0.0
 Retrying in 1 seconds
[shaping_diag] success_cum_shaping=282.39 T=103 d_init=94.1 d_final=0.0
 Retrying in 1 seconds
[shaping_diag] success_cum_shaping=282.39 T=102 d_init=94.1 d_final=0.0
 Retrying in 1 seconds
[shaping_diag] success_cum_shaping=282.39 T=102 d_init=94.1 d_final=0.0
 Retrying in 1 seconds
[shaping_diag] success_cum_shaping=282.39 T=103 d_init=94.1 d_final=0.0
 Retrying in 1 seconds
[shaping_diag] success_cum_shaping=282.39 T=103 d_init=94.1 d_final=0.0
 Retrying in 1 seconds
[shaping_diag] success_cum_shaping=282.39 T=102 d_init=94.1 d_final=0.0
 Retrying in 1 seconds
[shaping_diag] success_cum_shaping=282.39 T=104 d_init=94.1 d_final=0.0
 Retrying in 1 seconds
[shaping_diag] success_cum_shaping=282.39 T=102 d_init=94.1 d_final=0.0
 Retrying in 1 seconds
[shaping_diag] success_cum_shaping=282.39 T=102 d_init=94.1 d_final=0.0
 Retrying in 1 seconds
[shaping_diag] success_cum_shaping=282.39 T=104 d_init=94.1 d_final=0.0
 Retrying in 1 seconds
[shaping_diag] success_cum_shaping=282.39 T=103 d_init=94.1 d_final=0.0
 Retrying in 1 seconds
[shaping_diag] success_cum_shaping=282.39 T=102 d_init=94.1 d_final=0.0
 Retrying in 1 seconds
[shaping_diag] success_cum_shaping=282.39 T=103 d_init=94.1 d_final=0.0
 Retrying in 1 seconds
[shaping_diag] success_cum_shaping=282.39 T=102 d_init=94.1 d_final=0.0
 Retrying in 1 seconds
[shaping_diag] success_cum_shaping=282.39 T=104 d_init=94.1 d_final=0.0
 Retrying in 1 seconds
[shaping_diag] success_cum_shaping=282.39 T=102 d_init=94.1 d_final=0.0
 Retrying in 1 seconds
[shaping_diag] success_cum_shaping=282.39 T=102 d_init=94.1 d_final=0.0
 Retrying in 1 seconds
[shaping_diag] success_cum_shaping=282.39 T=104 d_init=94.1 d_final=0.0
 Retrying in 1 seconds
[shaping_diag] success_cum_shaping=282.39 T=103 d_init=94.1 d_final=0.0
Warning: Vehicle 'other' performs emergency braking on lane ':center_8_0' with decel=9.00, wished=6.00, severity=1.00, time=7.30.
Warning: Vehicle 'other' performs emergency braking on lane ':center_8_0' with decel=9.00, wished=5.00, severity=1.00, time=7.20.
 Retrying in 1 seconds
 Retrying in 1 seconds
[shaping_diag] success_cum_shaping=282.39 T=106 d_init=94.1 d_final=0.0
 Retrying in 1 seconds
[shaping_diag] success_cum_shaping=282.39 T=103 d_init=94.1 d_final=0.0
 Retrying in 1 seconds
[shaping_diag] success_cum_shaping=282.39 T=102 d_init=94.1 d_final=0.0
 Retrying in 1 seconds
[shaping_diag] success_cum_shaping=282.39 T=103 d_init=94.1 d_final=0.0
 Retrying in 1 seconds
[shaping_diag] success_cum_shaping=282.39 T=102 d_init=94.1 d_final=0.0
Warning: Vehicle 'other' performs emergency braking on lane ':center_8_0' with decel=9.00, wished=5.00, severity=1.00, time=7.20.
 Retrying in 1 seconds
[shaping_diag] success_cum_shaping=282.39 T=104 d_init=94.1 d_final=0.0
 Retrying in 1 seconds
[shaping_diag] success_cum_shaping=282.39 T=103 d_init=94.1 d_final=0.0
 Retrying in 1 seconds
[shaping_diag] success_cum_shaping=282.39 T=103 d_init=94.1 d_final=0.0
 Retrying in 1 seconds
[shaping_diag] success_cum_shaping=282.39 T=103 d_init=94.1 d_final=0.0
 Retrying in 1 seconds
[shaping_diag] success_cum_shaping=282.39 T=102 d_init=94.1 d_final=0.0
 Retrying in 1 seconds
[shaping_diag] success_cum_shaping=282.39 T=106 d_init=94.1 d_final=0.0
 Retrying in 1 seconds
 Retrying in 1 seconds
[shaping_diag] success_cum_shaping=282.39 T=102 d_init=94.1 d_final=0.0
 Retrying in 1 seconds
[shaping_diag] success_cum_shaping=282.39 T=107 d_init=94.1 d_final=0.0
 Retrying in 1 seconds
[shaping_diag] success_cum_shaping=282.39 T=102 d_init=94.1 d_final=0.0
 Retrying in 1 seconds
 Retrying in 1 seconds
[shaping_diag] success_cum_shaping=282.39 T=102 d_init=94.1 d_final=0.0
 Retrying in 1 seconds
[shaping_diag] success_cum_shaping=282.39 T=104 d_init=94.1 d_final=0.0
 Retrying in 1 seconds
[shaping_diag] success_cum_shaping=282.39 T=103 d_init=94.1 d_final=0.0
 Retrying in 1 seconds
[shaping_diag] success_cum_shaping=282.39 T=103 d_init=94.1 d_final=0.0
 Retrying in 1 seconds
[shaping_diag] success_cum_shaping=282.39 T=102 d_init=94.1 d_final=0.0
 Retrying in 1 seconds
[shaping_diag] success_cum_shaping=282.39 T=104 d_init=94.1 d_final=0.0
 Retrying in 1 seconds
[shaping_diag] success_cum_shaping=282.39 T=102 d_init=94.1 d_final=0.0
 Retrying in 1 seconds
[shaping_diag] success_cum_shaping=282.39 T=102 d_init=94.1 d_final=0.0
 Retrying in 1 seconds
[shaping_diag] success_cum_shaping=282.39 T=102 d_init=94.1 d_final=0.0
 Retrying in 1 seconds
[shaping_diag] success_cum_shaping=282.39 T=102 d_init=94.1 d_final=0.0
 Retrying in 1 seconds
[shaping_diag] success_cum_shaping=282.39 T=103 d_init=94.1 d_final=0.0
 Retrying in 1 seconds
[shaping_diag] success_cum_shaping=282.39 T=102 d_init=94.1 d_final=0.0
 Retrying in 1 seconds
[shaping_diag] success_cum_shaping=282.39 T=102 d_init=94.1 d_final=0.0
 Retrying in 1 seconds
[shaping_diag] success_cum_shaping=282.39 T=103 d_init=94.1 d_final=0.0
Warning: Vehicle 'other' performs emergency braking on lane ':center_8_0' with decel=9.00, wished=5.00, severity=1.00, time=7.10.
 Retrying in 1 seconds
[shaping_diag] success_cum_shaping=282.39 T=103 d_init=94.1 d_final=0.0
 Retrying in 1 seconds
[shaping_diag] success_cum_shaping=282.39 T=105 d_init=94.1 d_final=0.0
 Retrying in 1 seconds
[shaping_diag] success_cum_shaping=282.39 T=103 d_init=94.1 d_final=0.0
 Retrying in 1 seconds
[shaping_diag] success_cum_shaping=282.39 T=102 d_init=94.1 d_final=0.0
 Retrying in 1 seconds
[shaping_diag] success_cum_shaping=282.39 T=102 d_init=94.1 d_final=0.0
 Retrying in 1 seconds
 Retrying in 1 seconds
[shaping_diag] success_cum_shaping=282.39 T=102 d_init=94.1 d_final=0.0
 Retrying in 1 seconds
[shaping_diag] success_cum_shaping=282.39 T=103 d_init=94.1 d_final=0.0
 Retrying in 1 seconds
[shaping_diag] success_cum_shaping=282.39 T=103 d_init=94.1 d_final=0.0
 Retrying in 1 seconds
[shaping_diag] success_cum_shaping=282.39 T=102 d_init=94.1 d_final=0.0
 Retrying in 1 seconds
[shaping_diag] success_cum_shaping=282.39 T=103 d_init=94.1 d_final=0.0
 Retrying in 1 seconds
[shaping_diag] success_cum_shaping=282.39 T=102 d_init=94.1 d_final=0.0
 Retrying in 1 seconds
[shaping_diag] success_cum_shaping=282.39 T=102 d_init=94.1 d_final=0.0
 Retrying in 1 seconds
[shaping_diag] success_cum_shaping=282.39 T=103 d_init=94.1 d_final=0.0
 Retrying in 1 seconds
[shaping_diag] success_cum_shaping=282.39 T=102 d_init=94.1 d_final=0.0
 Retrying in 1 seconds
[shaping_diag] success_cum_shaping=282.39 T=102 d_init=94.1 d_final=0.0
 Retrying in 1 seconds
[shaping_diag] success_cum_shaping=282.39 T=103 d_init=94.1 d_final=0.0
 Retrying in 1 seconds
[shaping_diag] success_cum_shaping=282.39 T=104 d_init=94.1 d_final=0.0
 Retrying in 1 seconds
[shaping_diag] success_cum_shaping=282.39 T=102 d_init=94.1 d_final=0.0
 Retrying in 1 seconds
[shaping_diag] success_cum_shaping=282.39 T=102 d_init=94.1 d_final=0.0
Warning: Vehicle 'other' performs emergency braking on lane ':center_8_0' with decel=9.00, wished=5.00, severity=1.00, time=7.10.
Warning: Vehicle 'ego'; junction collision with vehicle 'other', lane=':center_4_0', gap=-1.00, time=7.30 stage=move.
 Retrying in 1 seconds
 Retrying in 1 seconds
[shaping_diag] success_cum_shaping=282.39 T=104 d_init=94.1 d_final=0.0
 Retrying in 1 seconds
 Retrying in 1 seconds
[shaping_diag] success_cum_shaping=282.39 T=106 d_init=94.1 d_final=0.0
 Retrying in 1 seconds
[shaping_diag] success_cum_shaping=282.39 T=104 d_init=94.1 d_final=0.0
 Retrying in 1 seconds
[shaping_diag] success_cum_shaping=282.39 T=103 d_init=94.1 d_final=0.0
 Retrying in 1 seconds
[shaping_diag] success_cum_shaping=282.39 T=102 d_init=94.1 d_final=0.0
 Retrying in 1 seconds
[shaping_diag] success_cum_shaping=282.39 T=104 d_init=94.1 d_final=0.0
 Retrying in 1 seconds
[shaping_diag] success_cum_shaping=282.39 T=103 d_init=94.1 d_final=0.0
 Retrying in 1 seconds
[shaping_diag] success_cum_shaping=282.39 T=103 d_init=94.1 d_final=0.0
 Retrying in 1 seconds
[shaping_diag] success_cum_shaping=282.39 T=103 d_init=94.1 d_final=0.0
 Retrying in 1 seconds
[shaping_diag] success_cum_shaping=282.39 T=200 d_init=94.1 d_final=0.0
 Retrying in 1 seconds
[shaping_diag] success_cum_shaping=282.39 T=106 d_init=94.1 d_final=0.0
 Retrying in 1 seconds
[shaping_diag] success_cum_shaping=282.39 T=103 d_init=94.1 d_final=0.0
 Retrying in 1 seconds
[shaping_diag] success_cum_shaping=282.39 T=103 d_init=94.1 d_final=0.0
 Retrying in 1 seconds
[shaping_diag] success_cum_shaping=282.39 T=103 d_init=94.1 d_final=0.0
 Retrying in 1 seconds
[shaping_diag] success_cum_shaping=282.39 T=103 d_init=94.1 d_final=0.0
Warning: Vehicle 'ego'; junction collision with vehicle 'other', lane=':center_4_0', gap=-1.00, time=7.30 stage=move.
 Retrying in 1 seconds
 Retrying in 1 seconds
[shaping_diag] success_cum_shaping=282.39 T=103 d_init=94.1 d_final=0.0
 Retrying in 1 seconds
[shaping_diag] success_cum_shaping=282.39 T=201 d_init=94.1 d_final=0.0
 Retrying in 1 seconds
[shaping_diag] success_cum_shaping=282.39 T=105 d_init=94.1 d_final=0.0
 Retrying in 1 seconds
[shaping_diag] success_cum_shaping=282.39 T=106 d_init=94.1 d_final=0.0
 Retrying in 1 seconds
[shaping_diag] success_cum_shaping=282.39 T=103 d_init=94.1 d_final=0.0
Warning: Vehicle 'other' performs emergency braking on lane ':center_8_0' with decel=9.00, wished=7.00, severity=1.00, time=7.20.
 Retrying in 1 seconds
 Retrying in 1 seconds
[shaping_diag] success_cum_shaping=282.39 T=103 d_init=94.1 d_final=0.0
 Retrying in 1 seconds
[shaping_diag] success_cum_shaping=282.39 T=103 d_init=94.1 d_final=0.0
 Retrying in 1 seconds
[shaping_diag] success_cum_shaping=282.39 T=107 d_init=94.1 d_final=0.0
 Retrying in 1 seconds
[shaping_diag] success_cum_shaping=282.39 T=102 d_init=94.1 d_final=0.0
 Retrying in 1 seconds
[shaping_diag] success_cum_shaping=282.39 T=130 d_init=94.1 d_final=0.0
 Retrying in 1 seconds
[shaping_diag] success_cum_shaping=282.39 T=103 d_init=94.1 d_final=0.0
 Retrying in 1 seconds
[shaping_diag] success_cum_shaping=282.39 T=104 d_init=94.1 d_final=0.0
 Retrying in 1 seconds
[shaping_diag] success_cum_shaping=282.39 T=102 d_init=94.1 d_final=0.0
 Retrying in 1 seconds
[shaping_diag] success_cum_shaping=282.39 T=103 d_init=94.1 d_final=0.0
 Retrying in 1 seconds
[shaping_diag] success_cum_shaping=282.39 T=102 d_init=94.1 d_final=0.0
 Retrying in 1 seconds
[shaping_diag] success_cum_shaping=282.39 T=103 d_init=94.1 d_final=0.0
 Retrying in 1 seconds
[shaping_diag] success_cum_shaping=282.39 T=102 d_init=94.1 d_final=0.0
 Retrying in 1 seconds
[shaping_diag] success_cum_shaping=282.39 T=102 d_init=94.1 d_final=0.0
 Retrying in 1 seconds
[shaping_diag] success_cum_shaping=282.39 T=102 d_init=94.1 d_final=0.0
 Retrying in 1 seconds
[shaping_diag] success_cum_shaping=282.39 T=103 d_init=94.1 d_final=0.0
 Retrying in 1 seconds
[shaping_diag] success_cum_shaping=282.39 T=105 d_init=94.1 d_final=0.0
Warning: Vehicle 'other' performs emergency braking on lane ':center_8_0' with decel=9.00, wished=6.00, severity=1.00, time=7.20.
 Retrying in 1 seconds
 Retrying in 1 seconds
 Retrying in 1 seconds
[shaping_diag] success_cum_shaping=282.39 T=102 d_init=94.1 d_final=0.0
 Retrying in 1 seconds
[shaping_diag] success_cum_shaping=282.39 T=104 d_init=94.1 d_final=0.0
 Retrying in 1 seconds
[shaping_diag] success_cum_shaping=282.39 T=104 d_init=94.1 d_final=0.0
 Retrying in 1 seconds
[shaping_diag] success_cum_shaping=282.39 T=103 d_init=94.1 d_final=0.0
 Retrying in 1 seconds
[shaping_diag] success_cum_shaping=282.39 T=105 d_init=94.1 d_final=0.0
 Retrying in 1 seconds
[shaping_diag] success_cum_shaping=282.39 T=103 d_init=94.1 d_final=0.0
 Retrying in 1 seconds
[shaping_diag] success_cum_shaping=282.39 T=106 d_init=94.1 d_final=0.0
Warning: Vehicle 'other' performs emergency braking on lane ':center_8_0' with decel=9.00, wished=6.00, severity=1.00, time=7.10.
 Retrying in 1 seconds
[shaping_diag] success_cum_shaping=282.39 T=103 d_init=94.1 d_final=0.0
 Retrying in 1 seconds
[shaping_diag] success_cum_shaping=282.39 T=104 d_init=94.1 d_final=0.0
 Retrying in 1 seconds
[shaping_diag] success_cum_shaping=282.39 T=104 d_init=94.1 d_final=0.0
 Retrying in 1 seconds
[shaping_diag] success_cum_shaping=282.39 T=104 d_init=94.1 d_final=0.0
 Retrying in 1 seconds
[shaping_diag] success_cum_shaping=282.39 T=104 d_init=94.1 d_final=0.0
 Retrying in 1 seconds
[shaping_diag] success_cum_shaping=282.39 T=103 d_init=94.1 d_final=0.0
 Retrying in 1 seconds
[shaping_diag] success_cum_shaping=282.39 T=105 d_init=94.1 d_final=0.0
 Retrying in 1 seconds
[shaping_diag] success_cum_shaping=282.39 T=103 d_init=94.1 d_final=0.0
 Retrying in 1 seconds
[shaping_diag] success_cum_shaping=282.39 T=103 d_init=94.1 d_final=0.0
 Retrying in 1 seconds
[shaping_diag] success_cum_shaping=282.39 T=102 d_init=94.1 d_final=0.0
Warning: Vehicle 'other' performs emergency braking on lane ':center_8_0' with decel=9.00, wished=6.00, severity=1.00, time=7.10.
 Retrying in 1 seconds
[shaping_diag] success_cum_shaping=282.39 T=103 d_init=94.1 d_final=0.0
 Retrying in 1 seconds
[shaping_diag] success_cum_shaping=282.39 T=104 d_init=94.1 d_final=0.0
 Retrying in 1 seconds
[shaping_diag] success_cum_shaping=282.39 T=104 d_init=94.1 d_final=0.0
Warning: Vehicle 'other' performs emergency braking on lane ':center_8_0' with decel=9.00, wished=5.00, severity=1.00, time=7.20.
 Retrying in 1 seconds
[shaping_diag] success_cum_shaping=282.39 T=104 d_init=94.1 d_final=0.0
 Retrying in 1 seconds
[shaping_diag] success_cum_shaping=282.39 T=103 d_init=94.1 d_final=0.0
 Retrying in 1 seconds
[shaping_diag] success_cum_shaping=282.39 T=102 d_init=94.1 d_final=0.0
 Retrying in 1 seconds
[shaping_diag] success_cum_shaping=282.39 T=103 d_init=94.1 d_final=0.0
 Retrying in 1 seconds
[shaping_diag] success_cum_shaping=282.39 T=103 d_init=94.1 d_final=0.0
 Retrying in 1 seconds
[shaping_diag] success_cum_shaping=282.39 T=102 d_init=94.1 d_final=0.0
 Retrying in 1 seconds
[shaping_diag] success_cum_shaping=282.39 T=105 d_init=94.1 d_final=0.0
 Retrying in 1 seconds
[shaping_diag] success_cum_shaping=282.39 T=102 d_init=94.1 d_final=0.0
 Retrying in 1 seconds
[shaping_diag] success_cum_shaping=282.39 T=102 d_init=94.1 d_final=0.0
 Retrying in 1 seconds
[shaping_diag] success_cum_shaping=282.39 T=148 d_init=94.1 d_final=0.0
 Retrying in 1 seconds
[shaping_diag] success_cum_shaping=282.39 T=109 d_init=94.1 d_final=0.0
 Retrying in 1 seconds
[shaping_diag] success_cum_shaping=282.39 T=105 d_init=94.1 d_final=0.0
 Retrying in 1 seconds
[shaping_diag] success_cum_shaping=282.39 T=104 d_init=94.1 d_final=0.0
 Retrying in 1 seconds
[shaping_diag] success_cum_shaping=282.39 T=104 d_init=94.1 d_final=0.0
 Retrying in 1 seconds
[shaping_diag] success_cum_shaping=282.39 T=102 d_init=94.1 d_final=0.0
 Retrying in 1 seconds
[shaping_diag] success_cum_shaping=282.39 T=106 d_init=94.1 d_final=0.0
 Retrying in 1 seconds
[shaping_diag] success_cum_shaping=282.39 T=104 d_init=94.1 d_final=0.0
 Retrying in 1 seconds
[shaping_diag] success_cum_shaping=282.39 T=104 d_init=94.1 d_final=0.0
 Retrying in 1 seconds
[shaping_diag] success_cum_shaping=282.39 T=104 d_init=94.1 d_final=0.0
 Retrying in 1 seconds
 Retrying in 1 seconds
[shaping_diag] success_cum_shaping=282.39 T=102 d_init=94.1 d_final=0.0
 Retrying in 1 seconds
[shaping_diag] success_cum_shaping=282.39 T=102 d_init=94.1 d_final=0.0
 Retrying in 1 seconds
[shaping_diag] success_cum_shaping=282.39 T=102 d_init=94.1 d_final=0.0
 Retrying in 1 seconds
[shaping_diag] success_cum_shaping=282.39 T=102 d_init=94.1 d_final=0.0
 Retrying in 1 seconds
[shaping_diag] success_cum_shaping=282.39 T=102 d_init=94.1 d_final=0.0
 Retrying in 1 seconds
[shaping_diag] success_cum_shaping=282.39 T=102 d_init=94.1 d_final=0.0
 Retrying in 1 seconds
[shaping_diag] success_cum_shaping=282.39 T=102 d_init=94.1 d_final=0.0
 Retrying in 1 seconds
[shaping_diag] success_cum_shaping=282.39 T=102 d_init=94.1 d_final=0.0
 Retrying in 1 seconds
[shaping_diag] success_cum_shaping=282.39 T=102 d_init=94.1 d_final=0.0
 Retrying in 1 seconds
[shaping_diag] success_cum_shaping=282.39 T=102 d_init=94.1 d_final=0.0
[drppo] step=372736 ret=344.51 coll=0 ttc=5.90
 Retrying in 1 seconds
[shaping_diag] success_cum_shaping=282.39 T=104 d_init=94.1 d_final=0.0
 Retrying in 1 seconds
[shaping_diag] success_cum_shaping=282.39 T=104 d_init=94.1 d_final=0.0
 Retrying in 1 seconds
 Retrying in 1 seconds
[shaping_diag] success_cum_shaping=282.39 T=106 d_init=94.1 d_final=0.0
 Retrying in 1 seconds
[shaping_diag] success_cum_shaping=282.39 T=128 d_init=94.1 d_final=0.0
 Retrying in 1 seconds
[shaping_diag] success_cum_shaping=282.39 T=103 d_init=94.1 d_final=0.0
 Retrying in 1 seconds
[shaping_diag] success_cum_shaping=282.39 T=106 d_init=94.1 d_final=0.0
 Retrying in 1 seconds
[shaping_diag] success_cum_shaping=282.39 T=106 d_init=94.1 d_final=0.0
 Retrying in 1 seconds
[shaping_diag] success_cum_shaping=282.39 T=104 d_init=94.1 d_final=0.0
 Retrying in 1 seconds
[shaping_diag] success_cum_shaping=282.39 T=113 d_init=94.1 d_final=0.0
 Retrying in 1 seconds
[shaping_diag] success_cum_shaping=282.39 T=102 d_init=94.1 d_final=0.0
 Retrying in 1 seconds
[shaping_diag] success_cum_shaping=282.39 T=102 d_init=94.1 d_final=0.0
 Retrying in 1 seconds
[shaping_diag] success_cum_shaping=282.39 T=104 d_init=94.1 d_final=0.0
 Retrying in 1 seconds
[shaping_diag] success_cum_shaping=282.39 T=104 d_init=94.1 d_final=0.0
 Retrying in 1 seconds
[shaping_diag] success_cum_shaping=282.39 T=107 d_init=94.1 d_final=0.0
 Retrying in 1 seconds
[shaping_diag] success_cum_shaping=282.39 T=103 d_init=94.1 d_final=0.0
 Retrying in 1 seconds
[shaping_diag] success_cum_shaping=282.39 T=143 d_init=94.1 d_final=0.0
 Retrying in 1 seconds
[shaping_diag] success_cum_shaping=282.39 T=105 d_init=94.1 d_final=0.0
 Retrying in 1 seconds
 Retrying in 1 seconds
[shaping_diag] success_cum_shaping=282.39 T=104 d_init=94.1 d_final=0.0
 Retrying in 1 seconds
[shaping_diag] success_cum_shaping=282.39 T=103 d_init=94.1 d_final=0.0
 Retrying in 1 seconds
[shaping_diag] success_cum_shaping=282.39 T=104 d_init=94.1 d_final=0.0
 Retrying in 1 seconds
[shaping_diag] success_cum_shaping=282.39 T=103 d_init=94.1 d_final=0.0
Warning: Vehicle 'other' performs emergency braking on lane ':center_8_0' with decel=9.00, wished=7.00, severity=1.00, time=7.10.
Warning: Vehicle 'ego'; junction collision with vehicle 'other', lane=':center_4_0', gap=-1.00, time=7.40 stage=move.
 Retrying in 1 seconds
 Retrying in 1 seconds
[shaping_diag] success_cum_shaping=282.39 T=105 d_init=94.1 d_final=0.0
 Retrying in 1 seconds
[shaping_diag] success_cum_shaping=282.39 T=110 d_init=94.1 d_final=0.0
Warning: Vehicle 'ego'; junction collision with vehicle 'other', lane=':center_4_0', gap=-1.00, time=7.60 stage=move.
 Retrying in 1 seconds
 Retrying in 1 seconds
[shaping_diag] success_cum_shaping=282.39 T=105 d_init=94.1 d_final=0.0
 Retrying in 1 seconds
[shaping_diag] success_cum_shaping=282.39 T=105 d_init=94.1 d_final=0.0
 Retrying in 1 seconds
[shaping_diag] success_cum_shaping=282.39 T=103 d_init=94.1 d_final=0.0
 Retrying in 1 seconds
[shaping_diag] success_cum_shaping=282.39 T=102 d_init=94.1 d_final=0.0
 Retrying in 1 seconds
[shaping_diag] success_cum_shaping=282.39 T=107 d_init=94.1 d_final=0.0
 Retrying in 1 seconds
[shaping_diag] success_cum_shaping=282.39 T=103 d_init=94.1 d_final=0.0
 Retrying in 1 seconds
[shaping_diag] success_cum_shaping=282.39 T=103 d_init=94.1 d_final=0.0
 Retrying in 1 seconds
[shaping_diag] success_cum_shaping=282.39 T=108 d_init=94.1 d_final=0.0
 Retrying in 1 seconds
[shaping_diag] success_cum_shaping=282.39 T=105 d_init=94.1 d_final=0.0
 Retrying in 1 seconds
[shaping_diag] success_cum_shaping=282.39 T=103 d_init=94.1 d_final=0.0
 Retrying in 1 seconds
[shaping_diag] success_cum_shaping=282.39 T=105 d_init=94.1 d_final=0.0
 Retrying in 1 seconds
[shaping_diag] success_cum_shaping=282.39 T=105 d_init=94.1 d_final=0.0
 Retrying in 1 seconds
 Retrying in 1 seconds
[shaping_diag] success_cum_shaping=282.39 T=102 d_init=94.1 d_final=0.0
 Retrying in 1 seconds
[shaping_diag] success_cum_shaping=282.39 T=122 d_init=94.1 d_final=0.0
 Retrying in 1 seconds
[shaping_diag] success_cum_shaping=282.39 T=103 d_init=94.1 d_final=0.0
 Retrying in 1 seconds
[shaping_diag] success_cum_shaping=282.39 T=109 d_init=94.1 d_final=0.0
 Retrying in 1 seconds
[shaping_diag] success_cum_shaping=282.39 T=106 d_init=94.1 d_final=0.0
 Retrying in 1 seconds
[shaping_diag] success_cum_shaping=282.39 T=104 d_init=94.1 d_final=0.0
 Retrying in 1 seconds
[shaping_diag] success_cum_shaping=282.39 T=104 d_init=94.1 d_final=0.0
 Retrying in 1 seconds
[shaping_diag] success_cum_shaping=282.39 T=104 d_init=94.1 d_final=0.0
 Retrying in 1 seconds
[shaping_diag] success_cum_shaping=282.39 T=103 d_init=94.1 d_final=0.0
 Retrying in 1 seconds
[shaping_diag] success_cum_shaping=282.39 T=111 d_init=94.1 d_final=0.0
 Retrying in 1 seconds
[shaping_diag] success_cum_shaping=282.39 T=133 d_init=94.1 d_final=0.0
 Retrying in 1 seconds
[shaping_diag] success_cum_shaping=282.39 T=103 d_init=94.1 d_final=0.0
 Retrying in 1 seconds
[shaping_diag] success_cum_shaping=282.39 T=105 d_init=94.1 d_final=0.0
Warning: Vehicle 'ego'; collision with vehicle 'other', lane='right_out_0', gap=-1.54, time=8.20 stage=move.
 Retrying in 1 seconds
 Retrying in 1 seconds
[shaping_diag] success_cum_shaping=282.39 T=103 d_init=94.1 d_final=0.0
 Retrying in 1 seconds
[shaping_diag] success_cum_shaping=282.39 T=102 d_init=94.1 d_final=0.0
 Retrying in 1 seconds
[shaping_diag] success_cum_shaping=282.39 T=102 d_init=94.1 d_final=0.0
 Retrying in 1 seconds
[shaping_diag] success_cum_shaping=282.39 T=104 d_init=94.1 d_final=0.0
 Retrying in 1 seconds
[shaping_diag] success_cum_shaping=282.39 T=105 d_init=94.1 d_final=0.0
Warning: Vehicle 'ego'; collision with vehicle 'other', lane='right_out_0', gap=-0.11, time=7.90 stage=move.
 Retrying in 1 seconds
 Retrying in 1 seconds
[shaping_diag] success_cum_shaping=282.39 T=102 d_init=94.1 d_final=0.0
 Retrying in 1 seconds
[shaping_diag] success_cum_shaping=282.39 T=103 d_init=94.1 d_final=0.0
 Retrying in 1 seconds
[shaping_diag] success_cum_shaping=282.39 T=104 d_init=94.1 d_final=0.0
 Retrying in 1 seconds
[shaping_diag] success_cum_shaping=282.39 T=103 d_init=94.1 d_final=0.0
 Retrying in 1 seconds
[shaping_diag] success_cum_shaping=282.39 T=103 d_init=94.1 d_final=0.0
 Retrying in 1 seconds
[shaping_diag] success_cum_shaping=282.39 T=103 d_init=94.1 d_final=0.0
 Retrying in 1 seconds
[shaping_diag] success_cum_shaping=282.39 T=109 d_init=94.1 d_final=0.0
 Retrying in 1 seconds
[shaping_diag] success_cum_shaping=282.39 T=102 d_init=94.1 d_final=0.0
 Retrying in 1 seconds
[shaping_diag] success_cum_shaping=282.39 T=166 d_init=94.1 d_final=0.0
Warning: Vehicle 'ego'; collision with vehicle 'other', lane='right_out_0', gap=-1.38, time=7.70 stage=move.
 Retrying in 1 seconds
 Retrying in 1 seconds
[shaping_diag] success_cum_shaping=282.39 T=107 d_init=94.1 d_final=0.0
 Retrying in 1 seconds
[shaping_diag] success_cum_shaping=282.39 T=104 d_init=94.1 d_final=0.0
 Retrying in 1 seconds
[shaping_diag] success_cum_shaping=282.39 T=105 d_init=94.1 d_final=0.0
 Retrying in 1 seconds
[shaping_diag] success_cum_shaping=282.39 T=104 d_init=94.1 d_final=0.0
 Retrying in 1 seconds
[shaping_diag] success_cum_shaping=282.39 T=104 d_init=94.1 d_final=0.0
 Retrying in 1 seconds
[shaping_diag] success_cum_shaping=282.39 T=108 d_init=94.1 d_final=0.0
 Retrying in 1 seconds
[shaping_diag] success_cum_shaping=282.39 T=103 d_init=94.1 d_final=0.0
 Retrying in 1 seconds
[shaping_diag] success_cum_shaping=282.39 T=102 d_init=94.1 d_final=0.0
 Retrying in 1 seconds
 Retrying in 1 seconds
[shaping_diag] success_cum_shaping=282.39 T=103 d_init=94.1 d_final=0.0
 Retrying in 1 seconds
[shaping_diag] success_cum_shaping=282.39 T=103 d_init=94.1 d_final=0.0
 Retrying in 1 seconds
[shaping_diag] success_cum_shaping=282.39 T=105 d_init=94.1 d_final=0.0
 Retrying in 1 seconds
[shaping_diag] success_cum_shaping=282.39 T=106 d_init=94.1 d_final=0.0
 Retrying in 1 seconds
[shaping_diag] success_cum_shaping=282.39 T=111 d_init=94.1 d_final=0.0
 Retrying in 1 seconds
[shaping_diag] success_cum_shaping=282.39 T=104 d_init=94.1 d_final=0.0
Warning: Vehicle 'other' performs emergency braking on lane ':center_8_0' with decel=9.00, wished=7.00, severity=1.00, time=7.40.
 Retrying in 1 seconds
[shaping_diag] success_cum_shaping=282.39 T=106 d_init=94.1 d_final=0.0
 Retrying in 1 seconds
[shaping_diag] success_cum_shaping=282.39 T=102 d_init=94.1 d_final=0.0
 Retrying in 1 seconds
[shaping_diag] success_cum_shaping=282.39 T=104 d_init=94.1 d_final=0.0
 Retrying in 1 seconds
[shaping_diag] success_cum_shaping=282.39 T=103 d_init=94.1 d_final=0.0
 Retrying in 1 seconds
[shaping_diag] success_cum_shaping=282.39 T=102 d_init=94.1 d_final=0.0
 Retrying in 1 seconds
[shaping_diag] success_cum_shaping=282.39 T=104 d_init=94.1 d_final=0.0
 Retrying in 1 seconds
[shaping_diag] success_cum_shaping=282.39 T=106 d_init=94.1 d_final=0.0
 Retrying in 1 seconds
[shaping_diag] success_cum_shaping=282.39 T=104 d_init=94.1 d_final=0.0
 Retrying in 1 seconds
[shaping_diag] success_cum_shaping=282.39 T=106 d_init=94.1 d_final=0.0
 Retrying in 1 seconds
[shaping_diag] success_cum_shaping=282.39 T=103 d_init=94.1 d_final=0.0
 Retrying in 1 seconds
[shaping_diag] success_cum_shaping=282.39 T=103 d_init=94.1 d_final=0.0
 Retrying in 1 seconds
[shaping_diag] success_cum_shaping=282.39 T=103 d_init=94.1 d_final=0.0
 Retrying in 1 seconds
[shaping_diag] success_cum_shaping=282.39 T=105 d_init=94.1 d_final=0.0
 Retrying in 1 seconds
[shaping_diag] success_cum_shaping=282.39 T=104 d_init=94.1 d_final=0.0
 Retrying in 1 seconds
[shaping_diag] success_cum_shaping=282.39 T=102 d_init=94.1 d_final=0.0
 Retrying in 1 seconds
[shaping_diag] success_cum_shaping=282.39 T=115 d_init=94.1 d_final=0.0
 Retrying in 1 seconds
[shaping_diag] success_cum_shaping=282.39 T=104 d_init=94.1 d_final=0.0
 Retrying in 1 seconds
[shaping_diag] success_cum_shaping=282.39 T=103 d_init=94.1 d_final=0.0
 Retrying in 1 seconds
[shaping_diag] success_cum_shaping=282.39 T=102 d_init=94.1 d_final=0.0
 Retrying in 1 seconds
[shaping_diag] success_cum_shaping=282.39 T=102 d_init=94.1 d_final=0.0
 Retrying in 1 seconds
[shaping_diag] success_cum_shaping=282.39 T=107 d_init=94.1 d_final=0.0
 Retrying in 1 seconds
[shaping_diag] success_cum_shaping=282.39 T=104 d_init=94.1 d_final=0.0
 Retrying in 1 seconds
[shaping_diag] success_cum_shaping=282.39 T=105 d_init=94.1 d_final=0.0
 Retrying in 1 seconds
[shaping_diag] success_cum_shaping=282.39 T=105 d_init=94.1 d_final=0.0
 Retrying in 1 seconds
[shaping_diag] success_cum_shaping=282.39 T=104 d_init=94.1 d_final=0.0
 Retrying in 1 seconds
[shaping_diag] success_cum_shaping=282.39 T=103 d_init=94.1 d_final=0.0
 Retrying in 1 seconds
[shaping_diag] success_cum_shaping=282.39 T=110 d_init=94.1 d_final=0.0
 Retrying in 1 seconds
[shaping_diag] success_cum_shaping=282.39 T=103 d_init=94.1 d_final=0.0
 Retrying in 1 seconds
[shaping_diag] success_cum_shaping=282.39 T=107 d_init=94.1 d_final=0.0
 Retrying in 1 seconds
[shaping_diag] success_cum_shaping=282.39 T=104 d_init=94.1 d_final=0.0
 Retrying in 1 seconds
[shaping_diag] success_cum_shaping=282.39 T=105 d_init=94.1 d_final=0.0
 Retrying in 1 seconds
[shaping_diag] success_cum_shaping=282.39 T=103 d_init=94.1 d_final=0.0
 Retrying in 1 seconds
[shaping_diag] success_cum_shaping=282.39 T=103 d_init=94.1 d_final=0.0
 Retrying in 1 seconds
 Retrying in 1 seconds
[shaping_diag] success_cum_shaping=282.39 T=104 d_init=94.1 d_final=0.0
 Retrying in 1 seconds
[shaping_diag] success_cum_shaping=282.39 T=103 d_init=94.1 d_final=0.0
Warning: Vehicle 'other' performs emergency braking on lane ':center_8_0' with decel=9.00, wished=5.00, severity=1.00, time=7.10.
 Retrying in 1 seconds
[shaping_diag] success_cum_shaping=282.39 T=102 d_init=94.1 d_final=0.0
 Retrying in 1 seconds
[shaping_diag] success_cum_shaping=282.39 T=103 d_init=94.1 d_final=0.0
 Retrying in 1 seconds
[shaping_diag] success_cum_shaping=282.39 T=102 d_init=94.1 d_final=0.0
 Retrying in 1 seconds
[shaping_diag] success_cum_shaping=282.39 T=107 d_init=94.1 d_final=0.0
 Retrying in 1 seconds
[shaping_diag] success_cum_shaping=282.39 T=104 d_init=94.1 d_final=0.0
 Retrying in 1 seconds
[shaping_diag] success_cum_shaping=282.39 T=124 d_init=94.1 d_final=0.0
 Retrying in 1 seconds
[shaping_diag] success_cum_shaping=282.39 T=102 d_init=94.1 d_final=0.0
 Retrying in 1 seconds
[shaping_diag] success_cum_shaping=282.39 T=104 d_init=94.1 d_final=0.0
 Retrying in 1 seconds
[shaping_diag] success_cum_shaping=282.39 T=104 d_init=94.1 d_final=0.0
 Retrying in 1 seconds
[shaping_diag] success_cum_shaping=282.39 T=104 d_init=94.1 d_final=0.0
 Retrying in 1 seconds
[shaping_diag] success_cum_shaping=282.39 T=102 d_init=94.1 d_final=0.0
 Retrying in 1 seconds
[shaping_diag] success_cum_shaping=282.39 T=102 d_init=94.1 d_final=0.0
 Retrying in 1 seconds
[shaping_diag] success_cum_shaping=282.39 T=103 d_init=94.1 d_final=0.0
 Retrying in 1 seconds
[shaping_diag] success_cum_shaping=282.39 T=102 d_init=94.1 d_final=0.0
 Retrying in 1 seconds
[shaping_diag] success_cum_shaping=282.39 T=102 d_init=94.1 d_final=0.0
 Retrying in 1 seconds
[shaping_diag] success_cum_shaping=282.39 T=105 d_init=94.1 d_final=0.0
 Retrying in 1 seconds
[shaping_diag] success_cum_shaping=282.39 T=104 d_init=94.1 d_final=0.0
 Retrying in 1 seconds
[shaping_diag] success_cum_shaping=282.39 T=105 d_init=94.1 d_final=0.0
 Retrying in 1 seconds
[shaping_diag] success_cum_shaping=282.39 T=102 d_init=94.1 d_final=0.0
 Retrying in 1 seconds
[shaping_diag] success_cum_shaping=282.39 T=107 d_init=94.1 d_final=0.0
 Retrying in 1 seconds
[shaping_diag] success_cum_shaping=282.39 T=102 d_init=94.1 d_final=0.0
 Retrying in 1 seconds
[shaping_diag] success_cum_shaping=282.39 T=102 d_init=94.1 d_final=0.0
 Retrying in 1 seconds
[shaping_diag] success_cum_shaping=282.39 T=103 d_init=94.1 d_final=0.0
 Retrying in 1 seconds
[shaping_diag] success_cum_shaping=282.39 T=103 d_init=94.1 d_final=0.0
 Retrying in 1 seconds
[shaping_diag] success_cum_shaping=282.39 T=104 d_init=94.1 d_final=0.0
 Retrying in 1 seconds
[shaping_diag] success_cum_shaping=282.39 T=102 d_init=94.1 d_final=0.0
 Retrying in 1 seconds
[shaping_diag] success_cum_shaping=282.39 T=102 d_init=94.1 d_final=0.0
 Retrying in 1 seconds
[shaping_diag] success_cum_shaping=282.39 T=104 d_init=94.1 d_final=0.0
 Retrying in 1 seconds
[shaping_diag] success_cum_shaping=282.39 T=102 d_init=94.1 d_final=0.0
 Retrying in 1 seconds
[shaping_diag] success_cum_shaping=282.39 T=102 d_init=94.1 d_final=0.0
 Retrying in 1 seconds
[shaping_diag] success_cum_shaping=282.39 T=109 d_init=94.1 d_final=0.0
 Retrying in 1 seconds
[shaping_diag] success_cum_shaping=282.39 T=102 d_init=94.1 d_final=0.0
 Retrying in 1 seconds
[shaping_diag] success_cum_shaping=282.39 T=102 d_init=94.1 d_final=0.0
 Retrying in 1 seconds
[shaping_diag] success_cum_shaping=282.39 T=103 d_init=94.1 d_final=0.0
 Retrying in 1 seconds
[shaping_diag] success_cum_shaping=282.39 T=104 d_init=94.1 d_final=0.0
 Retrying in 1 seconds
[shaping_diag] success_cum_shaping=282.39 T=103 d_init=94.1 d_final=0.0
 Retrying in 1 seconds
[shaping_diag] success_cum_shaping=282.39 T=104 d_init=94.1 d_final=0.0
 Retrying in 1 seconds
 Retrying in 1 seconds
[shaping_diag] success_cum_shaping=282.39 T=102 d_init=94.1 d_final=0.0
 Retrying in 1 seconds
[shaping_diag] success_cum_shaping=282.39 T=103 d_init=94.1 d_final=0.0
 Retrying in 1 seconds
[shaping_diag] success_cum_shaping=282.39 T=103 d_init=94.1 d_final=0.0
 Retrying in 1 seconds
[shaping_diag] success_cum_shaping=282.39 T=103 d_init=94.1 d_final=0.0
 Retrying in 1 seconds
[shaping_diag] success_cum_shaping=282.39 T=103 d_init=94.1 d_final=0.0
 Retrying in 1 seconds
[shaping_diag] success_cum_shaping=282.39 T=103 d_init=94.1 d_final=0.0
 Retrying in 1 seconds
[shaping_diag] success_cum_shaping=282.39 T=103 d_init=94.1 d_final=0.0
 Retrying in 1 seconds
[shaping_diag] success_cum_shaping=282.39 T=104 d_init=94.1 d_final=0.0
 Retrying in 1 seconds
[shaping_diag] success_cum_shaping=282.39 T=102 d_init=94.1 d_final=0.0
 Retrying in 1 seconds
[shaping_diag] success_cum_shaping=282.39 T=102 d_init=94.1 d_final=0.0
 Retrying in 1 seconds
[shaping_diag] success_cum_shaping=282.39 T=103 d_init=94.1 d_final=0.0
 Retrying in 1 seconds
[shaping_diag] success_cum_shaping=282.39 T=105 d_init=94.1 d_final=0.0
 Retrying in 1 seconds
[shaping_diag] success_cum_shaping=282.39 T=103 d_init=94.1 d_final=0.0
 Retrying in 1 seconds
[shaping_diag] success_cum_shaping=282.39 T=103 d_init=94.1 d_final=0.0
 Retrying in 1 seconds
[shaping_diag] success_cum_shaping=282.39 T=102 d_init=94.1 d_final=0.0
 Retrying in 1 seconds
[shaping_diag] success_cum_shaping=282.39 T=102 d_init=94.1 d_final=0.0
 Retrying in 1 seconds
[shaping_diag] success_cum_shaping=282.39 T=102 d_init=94.1 d_final=0.0
 Retrying in 1 seconds
[shaping_diag] success_cum_shaping=282.39 T=103 d_init=94.1 d_final=0.0
 Retrying in 1 seconds
[shaping_diag] success_cum_shaping=282.39 T=103 d_init=94.1 d_final=0.0
 Retrying in 1 seconds
[shaping_diag] success_cum_shaping=282.39 T=102 d_init=94.1 d_final=0.0
 Retrying in 1 seconds
[shaping_diag] success_cum_shaping=282.39 T=104 d_init=94.1 d_final=0.0
 Retrying in 1 seconds
[shaping_diag] success_cum_shaping=282.39 T=103 d_init=94.1 d_final=0.0
Warning: Vehicle 'other' performs emergency braking on lane ':center_8_0' with decel=9.00, wished=5.00, severity=1.00, time=7.10.
 Retrying in 1 seconds
[shaping_diag] success_cum_shaping=282.39 T=103 d_init=94.1 d_final=0.0
 Retrying in 1 seconds
[shaping_diag] success_cum_shaping=282.39 T=102 d_init=94.1 d_final=0.0
 Retrying in 1 seconds
[shaping_diag] success_cum_shaping=282.39 T=104 d_init=94.1 d_final=0.0
 Retrying in 1 seconds
[shaping_diag] success_cum_shaping=282.39 T=104 d_init=94.1 d_final=0.0
 Retrying in 1 seconds
[shaping_diag] success_cum_shaping=282.39 T=103 d_init=94.1 d_final=0.0
 Retrying in 1 seconds
[shaping_diag] success_cum_shaping=282.39 T=103 d_init=94.1 d_final=0.0
 Retrying in 1 seconds
[shaping_diag] success_cum_shaping=282.39 T=102 d_init=94.1 d_final=0.0
 Retrying in 1 seconds
[shaping_diag] success_cum_shaping=282.39 T=103 d_init=94.1 d_final=0.0
 Retrying in 1 seconds
[shaping_diag] success_cum_shaping=282.39 T=103 d_init=94.1 d_final=0.0
 Retrying in 1 seconds
[shaping_diag] success_cum_shaping=282.39 T=103 d_init=94.1 d_final=0.0
 Retrying in 1 seconds
[shaping_diag] success_cum_shaping=282.39 T=104 d_init=94.1 d_final=0.0
Warning: Vehicle 'ego'; collision with vehicle 'other', lane='right_out_0', gap=-1.69, time=7.80 stage=move.
Warning: Vehicle 'other' performs emergency braking on lane ':center_8_0' with decel=9.00, wished=6.00, severity=1.00, time=7.10.
 Retrying in 1 seconds
 Retrying in 1 seconds
[shaping_diag] success_cum_shaping=282.39 T=103 d_init=94.1 d_final=0.0
 Retrying in 1 seconds
[shaping_diag] success_cum_shaping=282.39 T=102 d_init=94.1 d_final=0.0
 Retrying in 1 seconds
[shaping_diag] success_cum_shaping=282.39 T=104 d_init=94.1 d_final=0.0
 Retrying in 1 seconds
[shaping_diag] success_cum_shaping=282.39 T=104 d_init=94.1 d_final=0.0
 Retrying in 1 seconds
[shaping_diag] success_cum_shaping=282.39 T=104 d_init=94.1 d_final=0.0
 Retrying in 1 seconds
[shaping_diag] success_cum_shaping=282.39 T=102 d_init=94.1 d_final=0.0
 Retrying in 1 seconds
 Retrying in 1 seconds
[shaping_diag] success_cum_shaping=282.39 T=103 d_init=94.1 d_final=0.0
 Retrying in 1 seconds
[shaping_diag] success_cum_shaping=282.39 T=102 d_init=94.1 d_final=0.0
 Retrying in 1 seconds
[shaping_diag] success_cum_shaping=282.39 T=103 d_init=94.1 d_final=0.0
 Retrying in 1 seconds
[shaping_diag] success_cum_shaping=282.39 T=103 d_init=94.1 d_final=0.0
 Retrying in 1 seconds
[shaping_diag] success_cum_shaping=282.39 T=104 d_init=94.1 d_final=0.0
 Retrying in 1 seconds
[shaping_diag] success_cum_shaping=282.39 T=104 d_init=94.1 d_final=0.0
 Retrying in 1 seconds
[shaping_diag] success_cum_shaping=282.39 T=103 d_init=94.1 d_final=0.0
 Retrying in 1 seconds
[shaping_diag] success_cum_shaping=282.39 T=102 d_init=94.1 d_final=0.0
 Retrying in 1 seconds
[shaping_diag] success_cum_shaping=282.39 T=103 d_init=94.1 d_final=0.0
 Retrying in 1 seconds
[shaping_diag] success_cum_shaping=282.39 T=102 d_init=94.1 d_final=0.0
 Retrying in 1 seconds
[shaping_diag] success_cum_shaping=282.39 T=104 d_init=94.1 d_final=0.0
Warning: Vehicle 'other' performs emergency braking on lane ':center_8_0' with decel=9.00, wished=5.00, severity=1.00, time=7.20.
 Retrying in 1 seconds
[shaping_diag] success_cum_shaping=282.39 T=104 d_init=94.1 d_final=0.0
 Retrying in 1 seconds
[shaping_diag] success_cum_shaping=282.39 T=103 d_init=94.1 d_final=0.0
 Retrying in 1 seconds
[shaping_diag] success_cum_shaping=282.39 T=104 d_init=94.1 d_final=0.0
 Retrying in 1 seconds
[shaping_diag] success_cum_shaping=282.39 T=103 d_init=94.1 d_final=0.0
 Retrying in 1 seconds
[shaping_diag] success_cum_shaping=282.39 T=104 d_init=94.1 d_final=0.0
 Retrying in 1 seconds
[shaping_diag] success_cum_shaping=282.39 T=103 d_init=94.1 d_final=0.0
 Retrying in 1 seconds
[shaping_diag] success_cum_shaping=282.39 T=103 d_init=94.1 d_final=0.0
 Retrying in 1 seconds
[shaping_diag] success_cum_shaping=282.39 T=103 d_init=94.1 d_final=0.0
 Retrying in 1 seconds
[shaping_diag] success_cum_shaping=282.39 T=103 d_init=94.1 d_final=0.0
 Retrying in 1 seconds
[shaping_diag] success_cum_shaping=282.39 T=102 d_init=94.1 d_final=0.0
 Retrying in 1 seconds
[shaping_diag] success_cum_shaping=282.39 T=104 d_init=94.1 d_final=0.0
 Retrying in 1 seconds
[shaping_diag] success_cum_shaping=282.39 T=103 d_init=94.1 d_final=0.0
Warning: Vehicle 'other' performs emergency braking on lane ':center_8_0' with decel=9.00, wished=5.00, severity=1.00, time=7.20.
Warning: Vehicle 'ego'; junction collision with vehicle 'other', lane=':center_4_0', gap=-1.00, time=7.40 stage=move.
 Retrying in 1 seconds
 Retrying in 1 seconds
[shaping_diag] success_cum_shaping=282.39 T=103 d_init=94.1 d_final=0.0
 Retrying in 1 seconds
[shaping_diag] success_cum_shaping=282.39 T=102 d_init=94.1 d_final=0.0
 Retrying in 1 seconds
[shaping_diag] success_cum_shaping=282.39 T=102 d_init=94.1 d_final=0.0
 Retrying in 1 seconds
[shaping_diag] success_cum_shaping=282.39 T=103 d_init=94.1 d_final=0.0
 Retrying in 1 seconds
[shaping_diag] success_cum_shaping=282.39 T=103 d_init=94.1 d_final=0.0
 Retrying in 1 seconds
[shaping_diag] success_cum_shaping=282.39 T=103 d_init=94.1 d_final=0.0
 Retrying in 1 seconds
[shaping_diag] success_cum_shaping=282.39 T=104 d_init=94.1 d_final=0.0
 Retrying in 1 seconds
[shaping_diag] success_cum_shaping=282.39 T=103 d_init=94.1 d_final=0.0
 Retrying in 1 seconds
[shaping_diag] success_cum_shaping=282.39 T=103 d_init=94.1 d_final=0.0
 Retrying in 1 seconds
[shaping_diag] success_cum_shaping=282.39 T=104 d_init=94.1 d_final=0.0
 Retrying in 1 seconds
[shaping_diag] success_cum_shaping=282.39 T=104 d_init=94.1 d_final=0.0
 Retrying in 1 seconds
[shaping_diag] success_cum_shaping=282.39 T=102 d_init=94.1 d_final=0.0
 Retrying in 1 seconds
[shaping_diag] success_cum_shaping=282.39 T=103 d_init=94.1 d_final=0.0
 Retrying in 1 seconds
[shaping_diag] success_cum_shaping=282.39 T=103 d_init=94.1 d_final=0.0
 Retrying in 1 seconds
[shaping_diag] success_cum_shaping=282.39 T=103 d_init=94.1 d_final=0.0
 Retrying in 1 seconds
[shaping_diag] success_cum_shaping=282.39 T=102 d_init=94.1 d_final=0.0
 Retrying in 1 seconds
 Retrying in 1 seconds
[shaping_diag] success_cum_shaping=282.39 T=104 d_init=94.1 d_final=0.0
 Retrying in 1 seconds
[shaping_diag] success_cum_shaping=282.39 T=103 d_init=94.1 d_final=0.0
 Retrying in 1 seconds
[shaping_diag] success_cum_shaping=282.39 T=111 d_init=94.1 d_final=0.0
 Retrying in 1 seconds
[shaping_diag] success_cum_shaping=282.39 T=103 d_init=94.1 d_final=0.0
 Retrying in 1 seconds
[shaping_diag] success_cum_shaping=282.39 T=103 d_init=94.1 d_final=0.0
 Retrying in 1 seconds
[shaping_diag] success_cum_shaping=282.39 T=103 d_init=94.1 d_final=0.0
 Retrying in 1 seconds
[shaping_diag] success_cum_shaping=282.39 T=105 d_init=94.1 d_final=0.0
 Retrying in 1 seconds
[shaping_diag] success_cum_shaping=282.39 T=108 d_init=94.1 d_final=0.0
 Retrying in 1 seconds
[shaping_diag] success_cum_shaping=282.39 T=102 d_init=94.1 d_final=0.0
 Retrying in 1 seconds
[shaping_diag] success_cum_shaping=282.39 T=104 d_init=94.1 d_final=0.0
 Retrying in 1 seconds
[shaping_diag] success_cum_shaping=282.39 T=103 d_init=94.1 d_final=0.0
 Retrying in 1 seconds
[shaping_diag] success_cum_shaping=282.39 T=104 d_init=94.1 d_final=0.0
 Retrying in 1 seconds
[shaping_diag] success_cum_shaping=282.39 T=104 d_init=94.1 d_final=0.0
 Retrying in 1 seconds
[shaping_diag] success_cum_shaping=282.39 T=104 d_init=94.1 d_final=0.0
 Retrying in 1 seconds
[shaping_diag] success_cum_shaping=282.39 T=104 d_init=94.1 d_final=0.0
 Retrying in 1 seconds
[shaping_diag] success_cum_shaping=282.39 T=103 d_init=94.1 d_final=0.0
 Retrying in 1 seconds
 Retrying in 1 seconds
[shaping_diag] success_cum_shaping=282.39 T=104 d_init=94.1 d_final=0.0
 Retrying in 1 seconds
[shaping_diag] success_cum_shaping=282.39 T=104 d_init=94.1 d_final=0.0
 Retrying in 1 seconds
[shaping_diag] success_cum_shaping=282.39 T=104 d_init=94.1 d_final=0.0
 Retrying in 1 seconds
[shaping_diag] success_cum_shaping=282.39 T=103 d_init=94.1 d_final=0.0
 Retrying in 1 seconds
[shaping_diag] success_cum_shaping=282.39 T=103 d_init=94.1 d_final=0.0
 Retrying in 1 seconds
[shaping_diag] success_cum_shaping=282.39 T=103 d_init=94.1 d_final=0.0
 Retrying in 1 seconds
[shaping_diag] success_cum_shaping=282.39 T=102 d_init=94.1 d_final=0.0
 Retrying in 1 seconds
[shaping_diag] success_cum_shaping=282.39 T=103 d_init=94.1 d_final=0.0
 Retrying in 1 seconds
[shaping_diag] success_cum_shaping=282.39 T=103 d_init=94.1 d_final=0.0
 Retrying in 1 seconds
[shaping_diag] success_cum_shaping=282.39 T=103 d_init=94.1 d_final=0.0
Warning: Vehicle 'other' performs emergency braking on lane ':center_8_0' with decel=9.00, wished=5.00, severity=1.00, time=7.40.
Warning: Vehicle 'ego'; junction collision with vehicle 'other', lane=':center_4_0', gap=-1.00, time=7.80 stage=move.
 Retrying in 1 seconds
 Retrying in 1 seconds
[shaping_diag] success_cum_shaping=282.39 T=106 d_init=94.1 d_final=0.0
 Retrying in 1 seconds
[shaping_diag] success_cum_shaping=282.39 T=104 d_init=94.1 d_final=0.0
 Retrying in 1 seconds
[shaping_diag] success_cum_shaping=282.39 T=103 d_init=94.1 d_final=0.0
 Retrying in 1 seconds
[shaping_diag] success_cum_shaping=282.39 T=103 d_init=94.1 d_final=0.0
 Retrying in 1 seconds
[shaping_diag] success_cum_shaping=282.39 T=102 d_init=94.1 d_final=0.0
 Retrying in 1 seconds
[shaping_diag] success_cum_shaping=282.39 T=104 d_init=94.1 d_final=0.0
 Retrying in 1 seconds
[shaping_diag] success_cum_shaping=282.39 T=102 d_init=94.1 d_final=0.0
 Retrying in 1 seconds
[shaping_diag] success_cum_shaping=282.39 T=103 d_init=94.1 d_final=0.0
 Retrying in 1 seconds
[shaping_diag] success_cum_shaping=282.39 T=103 d_init=94.1 d_final=0.0
 Retrying in 1 seconds
[shaping_diag] success_cum_shaping=282.39 T=104 d_init=94.1 d_final=0.0
 Retrying in 1 seconds
[shaping_diag] success_cum_shaping=282.39 T=103 d_init=94.1 d_final=0.0
 Retrying in 1 seconds
[shaping_diag] success_cum_shaping=282.39 T=103 d_init=94.1 d_final=0.0
 Retrying in 1 seconds
Saved drppo to results/ablation/tier1/1a_stem_right_drppo_nointent_s42/model_drppo_1a_stem_right.pt

Running post-training checkpoint selection (30 eps each)...
 Retrying in 1 seconds
[shaping_diag] success_cum_shaping=282.39 T=102 d_init=94.1 d_final=0.0
 Retrying in 1 seconds
[shaping_diag] success_cum_shaping=282.39 T=102 d_init=94.1 d_final=0.0
 Retrying in 1 seconds
[shaping_diag] success_cum_shaping=282.39 T=102 d_init=94.1 d_final=0.0
 Retrying in 1 seconds
[shaping_diag] success_cum_shaping=282.39 T=102 d_init=94.1 d_final=0.0
 Retrying in 1 seconds
[shaping_diag] success_cum_shaping=282.39 T=102 d_init=94.1 d_final=0.0
 Retrying in 1 seconds
[shaping_diag] success_cum_shaping=282.39 T=102 d_init=94.1 d_final=0.0
 Retrying in 1 seconds
[shaping_diag] success_cum_shaping=282.39 T=102 d_init=94.1 d_final=0.0
 Retrying in 1 seconds
[shaping_diag] success_cum_shaping=282.39 T=102 d_init=94.1 d_final=0.0
 Retrying in 1 seconds
[shaping_diag] success_cum_shaping=282.39 T=102 d_init=94.1 d_final=0.0
Warning: Vehicle 'other' performs emergency braking on lane ':center_8_0' with decel=9.00, wished=5.00, severity=1.00, time=7.10.
 Retrying in 1 seconds
 Retrying in 1 seconds
[shaping_diag] success_cum_shaping=282.39 T=102 d_init=94.1 d_final=0.0
 Retrying in 1 seconds
[shaping_diag] success_cum_shaping=282.39 T=102 d_init=94.1 d_final=0.0
 Retrying in 1 seconds
[shaping_diag] success_cum_shaping=282.39 T=102 d_init=94.1 d_final=0.0
 Retrying in 1 seconds
[shaping_diag] success_cum_shaping=282.39 T=102 d_init=94.1 d_final=0.0
 Retrying in 1 seconds
[shaping_diag] success_cum_shaping=282.39 T=102 d_init=94.1 d_final=0.0
 Retrying in 1 seconds
[shaping_diag] success_cum_shaping=282.39 T=102 d_init=94.1 d_final=0.0
 Retrying in 1 seconds
[shaping_diag] success_cum_shaping=282.39 T=102 d_init=94.1 d_final=0.0
 Retrying in 1 seconds
[shaping_diag] success_cum_shaping=282.39 T=102 d_init=94.1 d_final=0.0
 Retrying in 1 seconds
[shaping_diag] success_cum_shaping=282.39 T=102 d_init=94.1 d_final=0.0
 Retrying in 1 seconds
[shaping_diag] success_cum_shaping=282.39 T=102 d_init=94.1 d_final=0.0
 Retrying in 1 seconds
[shaping_diag] success_cum_shaping=282.39 T=102 d_init=94.1 d_final=0.0
 Retrying in 1 seconds
[shaping_diag] success_cum_shaping=282.39 T=102 d_init=94.1 d_final=0.0
 Retrying in 1 seconds
[shaping_diag] success_cum_shaping=282.39 T=102 d_init=94.1 d_final=0.0
 Retrying in 1 seconds
[shaping_diag] success_cum_shaping=282.39 T=102 d_init=94.1 d_final=0.0
 Retrying in 1 seconds
[shaping_diag] success_cum_shaping=282.39 T=102 d_init=94.1 d_final=0.0
 Retrying in 1 seconds
[shaping_diag] success_cum_shaping=282.39 T=102 d_init=94.1 d_final=0.0
 Retrying in 1 seconds
[shaping_diag] success_cum_shaping=282.39 T=102 d_init=94.1 d_final=0.0
 Retrying in 1 seconds
[shaping_diag] success_cum_shaping=282.39 T=102 d_init=94.1 d_final=0.0
 Retrying in 1 seconds
[shaping_diag] success_cum_shaping=282.39 T=102 d_init=94.1 d_final=0.0
 Retrying in 1 seconds
[shaping_diag] success_cum_shaping=282.39 T=102 d_init=94.1 d_final=0.0
  step=200000: return=+404.83, coll=0.03, score=401.50
 Retrying in 1 seconds
[shaping_diag] success_cum_shaping=282.39 T=102 d_init=94.1 d_final=0.0
 Retrying in 1 seconds
[shaping_diag] success_cum_shaping=282.39 T=102 d_init=94.1 d_final=0.0
 Retrying in 1 seconds
[shaping_diag] success_cum_shaping=282.39 T=102 d_init=94.1 d_final=0.0
 Retrying in 1 seconds
[shaping_diag] success_cum_shaping=282.39 T=102 d_init=94.1 d_final=0.0
 Retrying in 1 seconds
[shaping_diag] success_cum_shaping=282.39 T=102 d_init=94.1 d_final=0.0
 Retrying in 1 seconds
[shaping_diag] success_cum_shaping=282.39 T=102 d_init=94.1 d_final=0.0
 Retrying in 1 seconds
[shaping_diag] success_cum_shaping=282.39 T=102 d_init=94.1 d_final=0.0
 Retrying in 1 seconds
[shaping_diag] success_cum_shaping=282.39 T=102 d_init=94.1 d_final=0.0
 Retrying in 1 seconds
[shaping_diag] success_cum_shaping=282.39 T=102 d_init=94.1 d_final=0.0
Warning: Vehicle 'other' performs emergency braking on lane ':center_8_0' with decel=9.00, wished=5.00, severity=1.00, time=7.10.
 Retrying in 1 seconds
 Retrying in 1 seconds
[shaping_diag] success_cum_shaping=282.39 T=102 d_init=94.1 d_final=0.0
 Retrying in 1 seconds
[shaping_diag] success_cum_shaping=282.39 T=102 d_init=94.1 d_final=0.0
 Retrying in 1 seconds
[shaping_diag] success_cum_shaping=282.39 T=102 d_init=94.1 d_final=0.0
 Retrying in 1 seconds
[shaping_diag] success_cum_shaping=282.39 T=102 d_init=94.1 d_final=0.0
 Retrying in 1 seconds
[shaping_diag] success_cum_shaping=282.39 T=102 d_init=94.1 d_final=0.0
 Retrying in 1 seconds
[shaping_diag] success_cum_shaping=282.39 T=102 d_init=94.1 d_final=0.0
 Retrying in 1 seconds
[shaping_diag] success_cum_shaping=282.39 T=102 d_init=94.1 d_final=0.0
 Retrying in 1 seconds
[shaping_diag] success_cum_shaping=282.39 T=102 d_init=94.1 d_final=0.0
 Retrying in 1 seconds
[shaping_diag] success_cum_shaping=282.39 T=102 d_init=94.1 d_final=0.0
 Retrying in 1 seconds
[shaping_diag] success_cum_shaping=282.39 T=102 d_init=94.1 d_final=0.0
 Retrying in 1 seconds
[shaping_diag] success_cum_shaping=282.39 T=102 d_init=94.1 d_final=0.0
 Retrying in 1 seconds
[shaping_diag] success_cum_shaping=282.39 T=102 d_init=94.1 d_final=0.0
 Retrying in 1 seconds
[shaping_diag] success_cum_shaping=282.39 T=102 d_init=94.1 d_final=0.0
 Retrying in 1 seconds
[shaping_diag] success_cum_shaping=282.39 T=102 d_init=94.1 d_final=0.0
 Retrying in 1 seconds
[shaping_diag] success_cum_shaping=282.39 T=102 d_init=94.1 d_final=0.0
 Retrying in 1 seconds
[shaping_diag] success_cum_shaping=282.39 T=102 d_init=94.1 d_final=0.0
 Retrying in 1 seconds
[shaping_diag] success_cum_shaping=282.39 T=102 d_init=94.1 d_final=0.0
 Retrying in 1 seconds
[shaping_diag] success_cum_shaping=282.39 T=102 d_init=94.1 d_final=0.0
 Retrying in 1 seconds
[shaping_diag] success_cum_shaping=282.39 T=102 d_init=94.1 d_final=0.0
 Retrying in 1 seconds
[shaping_diag] success_cum_shaping=282.39 T=102 d_init=94.1 d_final=0.0
  step=300000: return=+404.84, coll=0.03, score=401.51
 Retrying in 1 seconds
[shaping_diag] success_cum_shaping=282.39 T=102 d_init=94.1 d_final=0.0
 Retrying in 1 seconds
[shaping_diag] success_cum_shaping=282.39 T=102 d_init=94.1 d_final=0.0
 Retrying in 1 seconds
[shaping_diag] success_cum_shaping=282.39 T=102 d_init=94.1 d_final=0.0
 Retrying in 1 seconds
[shaping_diag] success_cum_shaping=282.39 T=102 d_init=94.1 d_final=0.0
 Retrying in 1 seconds
[shaping_diag] success_cum_shaping=282.39 T=102 d_init=94.1 d_final=0.0
 Retrying in 1 seconds
[shaping_diag] success_cum_shaping=282.39 T=102 d_init=94.1 d_final=0.0
 Retrying in 1 seconds
[shaping_diag] success_cum_shaping=282.39 T=102 d_init=94.1 d_final=0.0
 Retrying in 1 seconds
[shaping_diag] success_cum_shaping=282.39 T=102 d_init=94.1 d_final=0.0
 Retrying in 1 seconds
[shaping_diag] success_cum_shaping=282.39 T=102 d_init=94.1 d_final=0.0
 Retrying in 1 seconds
 Retrying in 1 seconds
[shaping_diag] success_cum_shaping=282.39 T=102 d_init=94.1 d_final=0.0
 Retrying in 1 seconds
[shaping_diag] success_cum_shaping=282.39 T=102 d_init=94.1 d_final=0.0
 Retrying in 1 seconds
[shaping_diag] success_cum_shaping=282.39 T=102 d_init=94.1 d_final=0.0
 Retrying in 1 seconds
[shaping_diag] success_cum_shaping=282.39 T=102 d_init=94.1 d_final=0.0
 Retrying in 1 seconds
[shaping_diag] success_cum_shaping=282.39 T=102 d_init=94.1 d_final=0.0
 Retrying in 1 seconds
[shaping_diag] success_cum_shaping=282.39 T=102 d_init=94.1 d_final=0.0
 Retrying in 1 seconds
[shaping_diag] success_cum_shaping=282.39 T=102 d_init=94.1 d_final=0.0
 Retrying in 1 seconds
[shaping_diag] success_cum_shaping=282.39 T=102 d_init=94.1 d_final=0.0
 Retrying in 1 seconds
[shaping_diag] success_cum_shaping=282.39 T=102 d_init=94.1 d_final=0.0
 Retrying in 1 seconds
[shaping_diag] success_cum_shaping=282.39 T=102 d_init=94.1 d_final=0.0
 Retrying in 1 seconds
[shaping_diag] success_cum_shaping=282.39 T=102 d_init=94.1 d_final=0.0
 Retrying in 1 seconds
[shaping_diag] success_cum_shaping=282.39 T=102 d_init=94.1 d_final=0.0
 Retrying in 1 seconds
[shaping_diag] success_cum_shaping=282.39 T=102 d_init=94.1 d_final=0.0
 Retrying in 1 seconds
[shaping_diag] success_cum_shaping=282.39 T=102 d_init=94.1 d_final=0.0
 Retrying in 1 seconds
[shaping_diag] success_cum_shaping=282.39 T=102 d_init=94.1 d_final=0.0
 Retrying in 1 seconds
[shaping_diag] success_cum_shaping=282.39 T=102 d_init=94.1 d_final=0.0
 Retrying in 1 seconds
[shaping_diag] success_cum_shaping=282.39 T=102 d_init=94.1 d_final=0.0
 Retrying in 1 seconds
[shaping_diag] success_cum_shaping=282.39 T=102 d_init=94.1 d_final=0.0
 Retrying in 1 seconds
[shaping_diag] success_cum_shaping=282.39 T=102 d_init=94.1 d_final=0.0
 Retrying in 1 seconds
[shaping_diag] success_cum_shaping=282.39 T=102 d_init=94.1 d_final=0.0
  step=400000: return=+404.87, coll=0.03, score=401.53
 Retrying in 1 seconds
[shaping_diag] success_cum_shaping=282.39 T=102 d_init=94.1 d_final=0.0
 Retrying in 1 seconds
[shaping_diag] success_cum_shaping=282.39 T=102 d_init=94.1 d_final=0.0
 Retrying in 1 seconds
[shaping_diag] success_cum_shaping=282.39 T=102 d_init=94.1 d_final=0.0
 Retrying in 1 seconds
[shaping_diag] success_cum_shaping=282.39 T=102 d_init=94.1 d_final=0.0
 Retrying in 1 seconds
[shaping_diag] success_cum_shaping=282.39 T=102 d_init=94.1 d_final=0.0
 Retrying in 1 seconds
[shaping_diag] success_cum_shaping=282.39 T=102 d_init=94.1 d_final=0.0
 Retrying in 1 seconds
[shaping_diag] success_cum_shaping=282.39 T=102 d_init=94.1 d_final=0.0
 Retrying in 1 seconds
[shaping_diag] success_cum_shaping=282.39 T=102 d_init=94.1 d_final=0.0
 Retrying in 1 seconds
[shaping_diag] success_cum_shaping=282.39 T=102 d_init=94.1 d_final=0.0
 Retrying in 1 seconds
 Retrying in 1 seconds
[shaping_diag] success_cum_shaping=282.39 T=102 d_init=94.1 d_final=0.0
 Retrying in 1 seconds
[shaping_diag] success_cum_shaping=282.39 T=102 d_init=94.1 d_final=0.0
 Retrying in 1 seconds
[shaping_diag] success_cum_shaping=282.39 T=102 d_init=94.1 d_final=0.0
 Retrying in 1 seconds
[shaping_diag] success_cum_shaping=282.39 T=102 d_init=94.1 d_final=0.0
 Retrying in 1 seconds
[shaping_diag] success_cum_shaping=282.39 T=102 d_init=94.1 d_final=0.0
 Retrying in 1 seconds
[shaping_diag] success_cum_shaping=282.39 T=102 d_init=94.1 d_final=0.0
 Retrying in 1 seconds
[shaping_diag] success_cum_shaping=282.39 T=102 d_init=94.1 d_final=0.0
 Retrying in 1 seconds
[shaping_diag] success_cum_shaping=282.39 T=102 d_init=94.1 d_final=0.0
 Retrying in 1 seconds
[shaping_diag] success_cum_shaping=282.39 T=102 d_init=94.1 d_final=0.0
 Retrying in 1 seconds
[shaping_diag] success_cum_shaping=282.39 T=102 d_init=94.1 d_final=0.0
 Retrying in 1 seconds
[shaping_diag] success_cum_shaping=282.39 T=102 d_init=94.1 d_final=0.0
 Retrying in 1 seconds
[shaping_diag] success_cum_shaping=282.39 T=102 d_init=94.1 d_final=0.0
 Retrying in 1 seconds
[shaping_diag] success_cum_shaping=282.39 T=102 d_init=94.1 d_final=0.0
 Retrying in 1 seconds
[shaping_diag] success_cum_shaping=282.39 T=102 d_init=94.1 d_final=0.0
 Retrying in 1 seconds
[shaping_diag] success_cum_shaping=282.39 T=102 d_init=94.1 d_final=0.0
 Retrying in 1 seconds
[shaping_diag] success_cum_shaping=282.39 T=102 d_init=94.1 d_final=0.0
 Retrying in 1 seconds
[shaping_diag] success_cum_shaping=282.39 T=102 d_init=94.1 d_final=0.0
 Retrying in 1 seconds
[shaping_diag] success_cum_shaping=282.39 T=102 d_init=94.1 d_final=0.0
 Retrying in 1 seconds
[shaping_diag] success_cum_shaping=282.39 T=102 d_init=94.1 d_final=0.0
 Retrying in 1 seconds
[shaping_diag] success_cum_shaping=282.39 T=102 d_init=94.1 d_final=0.0
  step=final: return=+404.87, coll=0.03, score=401.53
  Keeping final checkpoint (best_step=400000, margin=0.00)
Training complete. Metrics in results/ablation/tier1/1a_stem_right_drppo_nointent_s42/train_drppo_1a_stem_right.csv
=== EVAL ===
Eval seed=1042 [deterministic]...
 Retrying in 1 seconds
[shaping_diag] success_cum_shaping=282.39 T=102 d_init=94.1 d_final=0.0
 Retrying in 1 seconds
[shaping_diag] success_cum_shaping=282.39 T=102 d_init=94.1 d_final=0.0
 Retrying in 1 seconds
[shaping_diag] success_cum_shaping=282.39 T=102 d_init=94.1 d_final=0.0
Warning: Vehicle 'other' performs emergency braking on lane ':center_8_0' with decel=9.00, wished=6.00, severity=1.00, time=7.10.
Warning: Vehicle 'ego'; junction collision with vehicle 'other', lane=':center_4_0', gap=-1.00, time=7.40 stage=move.
 Retrying in 1 seconds
 Retrying in 1 seconds
[shaping_diag] success_cum_shaping=282.39 T=102 d_init=94.1 d_final=0.0
 Retrying in 1 seconds
[shaping_diag] success_cum_shaping=282.39 T=102 d_init=94.1 d_final=0.0
 Retrying in 1 seconds
[shaping_diag] success_cum_shaping=282.39 T=102 d_init=94.1 d_final=0.0
 Retrying in 1 seconds
[shaping_diag] success_cum_shaping=282.39 T=102 d_init=94.1 d_final=0.0
 Retrying in 1 seconds
[shaping_diag] success_cum_shaping=282.39 T=102 d_init=94.1 d_final=0.0
 Retrying in 1 seconds
[shaping_diag] success_cum_shaping=282.39 T=102 d_init=94.1 d_final=0.0
 Retrying in 1 seconds
[shaping_diag] success_cum_shaping=282.39 T=102 d_init=94.1 d_final=0.0
 Retrying in 1 seconds
[shaping_diag] success_cum_shaping=282.39 T=102 d_init=94.1 d_final=0.0
 Retrying in 1 seconds
[shaping_diag] success_cum_shaping=282.39 T=102 d_init=94.1 d_final=0.0
 Retrying in 1 seconds
[shaping_diag] success_cum_shaping=282.39 T=102 d_init=94.1 d_final=0.0
 Retrying in 1 seconds
[shaping_diag] success_cum_shaping=282.39 T=102 d_init=94.1 d_final=0.0
 Retrying in 1 seconds
[shaping_diag] success_cum_shaping=282.39 T=102 d_init=94.1 d_final=0.0
 Retrying in 1 seconds
[shaping_diag] success_cum_shaping=282.39 T=102 d_init=94.1 d_final=0.0
 Retrying in 1 seconds
[shaping_diag] success_cum_shaping=282.39 T=102 d_init=94.1 d_final=0.0
 Retrying in 1 seconds
[shaping_diag] success_cum_shaping=282.39 T=102 d_init=94.1 d_final=0.0
 Retrying in 1 seconds
[shaping_diag] success_cum_shaping=282.39 T=102 d_init=94.1 d_final=0.0
 Retrying in 1 seconds
[shaping_diag] success_cum_shaping=282.39 T=102 d_init=94.1 d_final=0.0
 Retrying in 1 seconds
[shaping_diag] success_cum_shaping=282.39 T=102 d_init=94.1 d_final=0.0
 Retrying in 1 seconds
[shaping_diag] success_cum_shaping=282.39 T=102 d_init=94.1 d_final=0.0
 Retrying in 1 seconds
[shaping_diag] success_cum_shaping=282.39 T=102 d_init=94.1 d_final=0.0
 Retrying in 1 seconds
[shaping_diag] success_cum_shaping=282.39 T=102 d_init=94.1 d_final=0.0
 Retrying in 1 seconds
[shaping_diag] success_cum_shaping=282.39 T=102 d_init=94.1 d_final=0.0
 Retrying in 1 seconds
[shaping_diag] success_cum_shaping=282.39 T=102 d_init=94.1 d_final=0.0
 Retrying in 1 seconds
[shaping_diag] success_cum_shaping=282.39 T=102 d_init=94.1 d_final=0.0
 Retrying in 1 seconds
[shaping_diag] success_cum_shaping=282.39 T=102 d_init=94.1 d_final=0.0
 Retrying in 1 seconds
[shaping_diag] success_cum_shaping=282.39 T=102 d_init=94.1 d_final=0.0
 Retrying in 1 seconds
[shaping_diag] success_cum_shaping=282.39 T=102 d_init=94.1 d_final=0.0
 Retrying in 1 seconds
[shaping_diag] success_cum_shaping=282.39 T=102 d_init=94.1 d_final=0.0
 Retrying in 1 seconds
[shaping_diag] success_cum_shaping=282.39 T=102 d_init=94.1 d_final=0.0
 Retrying in 1 seconds
[shaping_diag] success_cum_shaping=282.39 T=102 d_init=94.1 d_final=0.0
 Retrying in 1 seconds
[shaping_diag] success_cum_shaping=282.39 T=102 d_init=94.1 d_final=0.0
 Retrying in 1 seconds
 Retrying in 1 seconds
[shaping_diag] success_cum_shaping=282.39 T=102 d_init=94.1 d_final=0.0
 Retrying in 1 seconds
[shaping_diag] success_cum_shaping=282.39 T=102 d_init=94.1 d_final=0.0
 Retrying in 1 seconds
[shaping_diag] success_cum_shaping=282.39 T=102 d_init=94.1 d_final=0.0
 Retrying in 1 seconds
[shaping_diag] success_cum_shaping=282.39 T=102 d_init=94.1 d_final=0.0
 Retrying in 1 seconds
[shaping_diag] success_cum_shaping=282.39 T=102 d_init=94.1 d_final=0.0
 Retrying in 1 seconds
[shaping_diag] success_cum_shaping=282.39 T=102 d_init=94.1 d_final=0.0
 Retrying in 1 seconds
[shaping_diag] success_cum_shaping=282.39 T=102 d_init=94.1 d_final=0.0
 Retrying in 1 seconds
[shaping_diag] success_cum_shaping=282.39 T=102 d_init=94.1 d_final=0.0
 Retrying in 1 seconds
[shaping_diag] success_cum_shaping=282.39 T=102 d_init=94.1 d_final=0.0
 Retrying in 1 seconds
[shaping_diag] success_cum_shaping=282.39 T=102 d_init=94.1 d_final=0.0
 Retrying in 1 seconds
[shaping_diag] success_cum_shaping=282.39 T=102 d_init=94.1 d_final=0.0
 Retrying in 1 seconds
[shaping_diag] success_cum_shaping=282.39 T=102 d_init=94.1 d_final=0.0
 Retrying in 1 seconds
[shaping_diag] success_cum_shaping=282.39 T=102 d_init=94.1 d_final=0.0
 Retrying in 1 seconds
[shaping_diag] success_cum_shaping=282.39 T=102 d_init=94.1 d_final=0.0
 Retrying in 1 seconds
[shaping_diag] success_cum_shaping=282.39 T=102 d_init=94.1 d_final=0.0
 Retrying in 1 seconds
[shaping_diag] success_cum_shaping=282.39 T=102 d_init=94.1 d_final=0.0
 Retrying in 1 seconds
[shaping_diag] success_cum_shaping=282.39 T=102 d_init=94.1 d_final=0.0
 Retrying in 1 seconds
[shaping_diag] success_cum_shaping=282.39 T=102 d_init=94.1 d_final=0.0
 Retrying in 1 seconds
[shaping_diag] success_cum_shaping=282.39 T=102 d_init=94.1 d_final=0.0
 Retrying in 1 seconds
[shaping_diag] success_cum_shaping=282.39 T=102 d_init=94.1 d_final=0.0
 Retrying in 1 seconds
 Retrying in 1 seconds
[shaping_diag] success_cum_shaping=282.39 T=102 d_init=94.1 d_final=0.0
 Retrying in 1 seconds
[shaping_diag] success_cum_shaping=282.39 T=102 d_init=94.1 d_final=0.0
 Retrying in 1 seconds
[shaping_diag] success_cum_shaping=282.39 T=102 d_init=94.1 d_final=0.0
 Retrying in 1 seconds
[shaping_diag] success_cum_shaping=282.39 T=102 d_init=94.1 d_final=0.0
 Retrying in 1 seconds
[shaping_diag] success_cum_shaping=282.39 T=102 d_init=94.1 d_final=0.0
 Retrying in 1 seconds
[shaping_diag] success_cum_shaping=282.39 T=102 d_init=94.1 d_final=0.0
 Retrying in 1 seconds
[shaping_diag] success_cum_shaping=282.39 T=102 d_init=94.1 d_final=0.0
 Retrying in 1 seconds
[shaping_diag] success_cum_shaping=282.39 T=102 d_init=94.1 d_final=0.0
 Retrying in 1 seconds
[shaping_diag] success_cum_shaping=282.39 T=102 d_init=94.1 d_final=0.0
 Retrying in 1 seconds
[shaping_diag] success_cum_shaping=282.39 T=102 d_init=94.1 d_final=0.0
 Retrying in 1 seconds
[shaping_diag] success_cum_shaping=282.39 T=102 d_init=94.1 d_final=0.0
 Retrying in 1 seconds
[shaping_diag] success_cum_shaping=282.39 T=102 d_init=94.1 d_final=0.0
 Retrying in 1 seconds
[shaping_diag] success_cum_shaping=282.39 T=102 d_init=94.1 d_final=0.0
 Retrying in 1 seconds
[shaping_diag] success_cum_shaping=282.39 T=102 d_init=94.1 d_final=0.0
 Retrying in 1 seconds
[shaping_diag] success_cum_shaping=282.39 T=102 d_init=94.1 d_final=0.0
Warning: Vehicle 'other' performs emergency braking on lane ':center_8_0' with decel=9.00, wished=6.00, severity=1.00, time=7.10.
 Retrying in 1 seconds
[shaping_diag] success_cum_shaping=282.39 T=102 d_init=94.1 d_final=0.0
 Retrying in 1 seconds
[shaping_diag] success_cum_shaping=282.39 T=102 d_init=94.1 d_final=0.0
 Retrying in 1 seconds
[shaping_diag] success_cum_shaping=282.39 T=102 d_init=94.1 d_final=0.0
 Retrying in 1 seconds
[shaping_diag] success_cum_shaping=282.39 T=102 d_init=94.1 d_final=0.0
 Retrying in 1 seconds
[shaping_diag] success_cum_shaping=282.39 T=102 d_init=94.1 d_final=0.0
 Retrying in 1 seconds
[shaping_diag] success_cum_shaping=282.39 T=102 d_init=94.1 d_final=0.0
 Retrying in 1 seconds
[shaping_diag] success_cum_shaping=282.39 T=102 d_init=94.1 d_final=0.0
 Retrying in 1 seconds
[shaping_diag] success_cum_shaping=282.39 T=102 d_init=94.1 d_final=0.0
 Retrying in 1 seconds
[shaping_diag] success_cum_shaping=282.39 T=102 d_init=94.1 d_final=0.0
Warning: Vehicle 'other' performs emergency braking on lane ':center_8_0' with decel=9.00, wished=7.00, severity=1.00, time=7.10.
 Retrying in 1 seconds
[shaping_diag] success_cum_shaping=282.39 T=102 d_init=94.1 d_final=0.0
 Retrying in 1 seconds
[shaping_diag] success_cum_shaping=282.39 T=102 d_init=94.1 d_final=0.0
 Retrying in 1 seconds
[shaping_diag] success_cum_shaping=282.39 T=102 d_init=94.1 d_final=0.0
 Retrying in 1 seconds
[shaping_diag] success_cum_shaping=282.39 T=102 d_init=94.1 d_final=0.0
 Retrying in 1 seconds
[shaping_diag] success_cum_shaping=282.39 T=102 d_init=94.1 d_final=0.0
Warning: Vehicle 'other' performs emergency braking on lane ':center_8_0' with decel=9.00, wished=6.00, severity=1.00, time=7.10.
 Retrying in 1 seconds
[shaping_diag] success_cum_shaping=282.39 T=102 d_init=94.1 d_final=0.0
 Retrying in 1 seconds
[shaping_diag] success_cum_shaping=282.39 T=102 d_init=94.1 d_final=0.0
 Retrying in 1 seconds
[shaping_diag] success_cum_shaping=282.39 T=102 d_init=94.1 d_final=0.0
 Retrying in 1 seconds
[shaping_diag] success_cum_shaping=282.39 T=102 d_init=94.1 d_final=0.0
 Retrying in 1 seconds
[shaping_diag] success_cum_shaping=282.39 T=102 d_init=94.1 d_final=0.0
 Retrying in 1 seconds
[shaping_diag] success_cum_shaping=282.39 T=102 d_init=94.1 d_final=0.0
 Retrying in 1 seconds
[shaping_diag] success_cum_shaping=282.39 T=102 d_init=94.1 d_final=0.0
 Retrying in 1 seconds
[shaping_diag] success_cum_shaping=282.39 T=102 d_init=94.1 d_final=0.0
 Retrying in 1 seconds
[shaping_diag] success_cum_shaping=282.39 T=102 d_init=94.1 d_final=0.0
 Retrying in 1 seconds
[shaping_diag] success_cum_shaping=282.39 T=102 d_init=94.1 d_final=0.0
Warning: Vehicle 'other' performs emergency braking on lane ':center_8_0' with decel=9.00, wished=6.00, severity=1.00, time=7.10.
 Retrying in 1 seconds
[shaping_diag] success_cum_shaping=282.39 T=102 d_init=94.1 d_final=0.0
 Retrying in 1 seconds
[shaping_diag] success_cum_shaping=282.39 T=102 d_init=94.1 d_final=0.0
Warning: Vehicle 'ego'; junction collision with vehicle 'other', lane=':center_4_0', gap=-1.00, time=7.10 stage=move.
 Retrying in 1 seconds
 Retrying in 1 seconds
[shaping_diag] success_cum_shaping=282.39 T=102 d_init=94.1 d_final=0.0
  return=396.66 coll=0.040 success=0.960 ttc=5.98 ent=0.01 brakes=1.0
Eval seed=1042 [stochastic]...
 Retrying in 1 seconds
[shaping_diag] success_cum_shaping=282.39 T=103 d_init=94.1 d_final=0.0
 Retrying in 1 seconds
[shaping_diag] success_cum_shaping=282.39 T=103 d_init=94.1 d_final=0.0
 Retrying in 1 seconds
[shaping_diag] success_cum_shaping=282.39 T=107 d_init=94.1 d_final=0.0
 Retrying in 1 seconds
[shaping_diag] success_cum_shaping=282.39 T=115 d_init=94.1 d_final=0.0
 Retrying in 1 seconds
[shaping_diag] success_cum_shaping=282.39 T=104 d_init=94.1 d_final=0.0
 Retrying in 1 seconds
[shaping_diag] success_cum_shaping=282.39 T=107 d_init=94.1 d_final=0.0
 Retrying in 1 seconds
[shaping_diag] success_cum_shaping=282.39 T=103 d_init=94.1 d_final=0.0
 Retrying in 1 seconds
[shaping_diag] success_cum_shaping=282.39 T=103 d_init=94.1 d_final=0.0
 Retrying in 1 seconds
[shaping_diag] success_cum_shaping=282.39 T=103 d_init=94.1 d_final=0.0
 Retrying in 1 seconds
[shaping_diag] success_cum_shaping=282.39 T=103 d_init=94.1 d_final=0.0
 Retrying in 1 seconds
[shaping_diag] success_cum_shaping=282.39 T=105 d_init=94.1 d_final=0.0
 Retrying in 1 seconds
[shaping_diag] success_cum_shaping=282.39 T=102 d_init=94.1 d_final=0.0
 Retrying in 1 seconds
[shaping_diag] success_cum_shaping=282.39 T=102 d_init=94.1 d_final=0.0
 Retrying in 1 seconds
[shaping_diag] success_cum_shaping=282.39 T=103 d_init=94.1 d_final=0.0
 Retrying in 1 seconds
[shaping_diag] success_cum_shaping=282.39 T=102 d_init=94.1 d_final=0.0
 Retrying in 1 seconds
[shaping_diag] success_cum_shaping=282.39 T=103 d_init=94.1 d_final=0.0
 Retrying in 1 seconds
[shaping_diag] success_cum_shaping=282.39 T=103 d_init=94.1 d_final=0.0
 Retrying in 1 seconds
[shaping_diag] success_cum_shaping=282.39 T=102 d_init=94.1 d_final=0.0
 Retrying in 1 seconds
[shaping_diag] success_cum_shaping=282.39 T=103 d_init=94.1 d_final=0.0
 Retrying in 1 seconds
[shaping_diag] success_cum_shaping=282.39 T=103 d_init=94.1 d_final=0.0
 Retrying in 1 seconds
[shaping_diag] success_cum_shaping=282.39 T=103 d_init=94.1 d_final=0.0
 Retrying in 1 seconds
[shaping_diag] success_cum_shaping=282.39 T=103 d_init=94.1 d_final=0.0
 Retrying in 1 seconds
[shaping_diag] success_cum_shaping=282.39 T=102 d_init=94.1 d_final=0.0
 Retrying in 1 seconds
[shaping_diag] success_cum_shaping=282.39 T=104 d_init=94.1 d_final=0.0
 Retrying in 1 seconds
[shaping_diag] success_cum_shaping=282.39 T=103 d_init=94.1 d_final=0.0
 Retrying in 1 seconds
[shaping_diag] success_cum_shaping=282.39 T=102 d_init=94.1 d_final=0.0
 Retrying in 1 seconds
[shaping_diag] success_cum_shaping=282.39 T=103 d_init=94.1 d_final=0.0
 Retrying in 1 seconds
[shaping_diag] success_cum_shaping=282.39 T=102 d_init=94.1 d_final=0.0
 Retrying in 1 seconds
[shaping_diag] success_cum_shaping=282.39 T=104 d_init=94.1 d_final=0.0
 Retrying in 1 seconds
[shaping_diag] success_cum_shaping=282.39 T=104 d_init=94.1 d_final=0.0
 Retrying in 1 seconds
[shaping_diag] success_cum_shaping=282.39 T=102 d_init=94.1 d_final=0.0
 Retrying in 1 seconds
[shaping_diag] success_cum_shaping=282.39 T=103 d_init=94.1 d_final=0.0
 Retrying in 1 seconds
[shaping_diag] success_cum_shaping=282.39 T=103 d_init=94.1 d_final=0.0
 Retrying in 1 seconds
[shaping_diag] success_cum_shaping=282.39 T=103 d_init=94.1 d_final=0.0
 Retrying in 1 seconds
[shaping_diag] success_cum_shaping=282.39 T=104 d_init=94.1 d_final=0.0
 Retrying in 1 seconds
[shaping_diag] success_cum_shaping=282.39 T=110 d_init=94.1 d_final=0.0
 Retrying in 1 seconds
[shaping_diag] success_cum_shaping=282.39 T=104 d_init=94.1 d_final=0.0
 Retrying in 1 seconds
[shaping_diag] success_cum_shaping=282.39 T=111 d_init=94.1 d_final=0.0
 Retrying in 1 seconds
[shaping_diag] success_cum_shaping=282.39 T=103 d_init=94.1 d_final=0.0
 Retrying in 1 seconds
[shaping_diag] success_cum_shaping=282.39 T=103 d_init=94.1 d_final=0.0
 Retrying in 1 seconds
[shaping_diag] success_cum_shaping=282.39 T=103 d_init=94.1 d_final=0.0
 Retrying in 1 seconds
[shaping_diag] success_cum_shaping=282.39 T=103 d_init=94.1 d_final=0.0
 Retrying in 1 seconds
[shaping_diag] success_cum_shaping=282.39 T=105 d_init=94.1 d_final=0.0
Warning: Vehicle 'other' performs emergency braking on lane ':center_8_0' with decel=9.00, wished=7.00, severity=1.00, time=7.40.
Warning: Vehicle 'ego'; junction collision with vehicle 'other', lane=':center_4_0', gap=-1.00, time=7.70 stage=move.
 Retrying in 1 seconds
 Retrying in 1 seconds
[shaping_diag] success_cum_shaping=282.39 T=103 d_init=94.1 d_final=0.0
 Retrying in 1 seconds
[shaping_diag] success_cum_shaping=282.39 T=106 d_init=94.1 d_final=0.0
 Retrying in 1 seconds
[shaping_diag] success_cum_shaping=282.39 T=103 d_init=94.1 d_final=0.0
 Retrying in 1 seconds
[shaping_diag] success_cum_shaping=282.39 T=102 d_init=94.1 d_final=0.0
 Retrying in 1 seconds
[shaping_diag] success_cum_shaping=282.39 T=102 d_init=94.1 d_final=0.0
 Retrying in 1 seconds
[shaping_diag] success_cum_shaping=282.39 T=102 d_init=94.1 d_final=0.0
 Retrying in 1 seconds
[shaping_diag] success_cum_shaping=282.39 T=103 d_init=94.1 d_final=0.0
 Retrying in 1 seconds
[shaping_diag] success_cum_shaping=282.39 T=102 d_init=94.1 d_final=0.0
 Retrying in 1 seconds
[shaping_diag] success_cum_shaping=282.39 T=111 d_init=94.1 d_final=0.0
 Retrying in 1 seconds
[shaping_diag] success_cum_shaping=282.39 T=105 d_init=94.1 d_final=0.0
 Retrying in 1 seconds
[shaping_diag] success_cum_shaping=282.39 T=105 d_init=94.1 d_final=0.0
 Retrying in 1 seconds
[shaping_diag] success_cum_shaping=282.39 T=108 d_init=94.1 d_final=0.0
Warning: Vehicle 'ego'; junction collision with vehicle 'other', lane=':center_4_0', gap=-1.00, time=7.40 stage=move.
 Retrying in 1 seconds
 Retrying in 1 seconds
[shaping_diag] success_cum_shaping=282.39 T=103 d_init=94.1 d_final=0.0
 Retrying in 1 seconds
[shaping_diag] success_cum_shaping=282.39 T=103 d_init=94.1 d_final=0.0
 Retrying in 1 seconds
[shaping_diag] success_cum_shaping=282.39 T=103 d_init=94.1 d_final=0.0
 Retrying in 1 seconds
[shaping_diag] success_cum_shaping=282.39 T=104 d_init=94.1 d_final=0.0
 Retrying in 1 seconds
[shaping_diag] success_cum_shaping=282.39 T=103 d_init=94.1 d_final=0.0
 Retrying in 1 seconds
[shaping_diag] success_cum_shaping=282.39 T=102 d_init=94.1 d_final=0.0
 Retrying in 1 seconds
[shaping_diag] success_cum_shaping=282.39 T=103 d_init=94.1 d_final=0.0
 Retrying in 1 seconds
[shaping_diag] success_cum_shaping=282.39 T=102 d_init=94.1 d_final=0.0
 Retrying in 1 seconds
[shaping_diag] success_cum_shaping=282.39 T=103 d_init=94.1 d_final=0.0
 Retrying in 1 seconds
[shaping_diag] success_cum_shaping=282.39 T=103 d_init=94.1 d_final=0.0
 Retrying in 1 seconds
[shaping_diag] success_cum_shaping=282.39 T=102 d_init=94.1 d_final=0.0
 Retrying in 1 seconds
[shaping_diag] success_cum_shaping=282.39 T=103 d_init=94.1 d_final=0.0
 Retrying in 1 seconds
[shaping_diag] success_cum_shaping=282.39 T=102 d_init=94.1 d_final=0.0
 Retrying in 1 seconds
[shaping_diag] success_cum_shaping=282.39 T=104 d_init=94.1 d_final=0.0
 Retrying in 1 seconds
[shaping_diag] success_cum_shaping=282.39 T=103 d_init=94.1 d_final=0.0
Warning: Vehicle 'other' performs emergency braking on lane ':center_8_0' with decel=9.00, wished=6.00, severity=1.00, time=7.20.
Warning: Vehicle 'other'; junction collision with vehicle 'ego', lane=':center_8_0', gap=-1.00, time=7.60 stage=move.
 Retrying in 1 seconds
 Retrying in 1 seconds
[shaping_diag] success_cum_shaping=282.39 T=103 d_init=94.1 d_final=0.0
Warning: Vehicle 'other' performs emergency braking on lane ':center_8_0' with decel=9.00, wished=7.00, severity=1.00, time=7.20.
 Retrying in 1 seconds
[shaping_diag] success_cum_shaping=282.39 T=105 d_init=94.1 d_final=0.0
 Retrying in 1 seconds
[shaping_diag] success_cum_shaping=282.39 T=103 d_init=94.1 d_final=0.0
 Retrying in 1 seconds
[shaping_diag] success_cum_shaping=282.39 T=104 d_init=94.1 d_final=0.0
 Retrying in 1 seconds
[shaping_diag] success_cum_shaping=282.39 T=102 d_init=94.1 d_final=0.0
 Retrying in 1 seconds
[shaping_diag] success_cum_shaping=282.39 T=103 d_init=94.1 d_final=0.0
 Retrying in 1 seconds
[shaping_diag] success_cum_shaping=282.39 T=103 d_init=94.1 d_final=0.0
 Retrying in 1 seconds
[shaping_diag] success_cum_shaping=282.39 T=102 d_init=94.1 d_final=0.0
Warning: Vehicle 'other' performs emergency braking on lane ':center_8_0' with decel=9.00, wished=7.00, severity=1.00, time=7.10.
 Retrying in 1 seconds
[shaping_diag] success_cum_shaping=282.39 T=103 d_init=94.1 d_final=0.0
 Retrying in 1 seconds
[shaping_diag] success_cum_shaping=282.39 T=103 d_init=94.1 d_final=0.0
 Retrying in 1 seconds
[shaping_diag] success_cum_shaping=282.39 T=102 d_init=94.1 d_final=0.0
 Retrying in 1 seconds
[shaping_diag] success_cum_shaping=282.39 T=104 d_init=94.1 d_final=0.0
 Retrying in 1 seconds
[shaping_diag] success_cum_shaping=282.39 T=103 d_init=94.1 d_final=0.0
Warning: Vehicle 'other' performs emergency braking on lane ':center_8_0' with decel=9.00, wished=6.00, severity=1.00, time=7.40.
 Retrying in 1 seconds
 Retrying in 1 seconds
[shaping_diag] success_cum_shaping=282.39 T=102 d_init=94.1 d_final=0.0
 Retrying in 1 seconds
[shaping_diag] success_cum_shaping=282.39 T=103 d_init=94.1 d_final=0.0
 Retrying in 1 seconds
[shaping_diag] success_cum_shaping=282.39 T=103 d_init=94.1 d_final=0.0
 Retrying in 1 seconds
[shaping_diag] success_cum_shaping=282.39 T=104 d_init=94.1 d_final=0.0
 Retrying in 1 seconds
[shaping_diag] success_cum_shaping=282.39 T=105 d_init=94.1 d_final=0.0
 Retrying in 1 seconds
[shaping_diag] success_cum_shaping=282.39 T=104 d_init=94.1 d_final=0.0
 Retrying in 1 seconds
[shaping_diag] success_cum_shaping=282.39 T=102 d_init=94.1 d_final=0.0
 Retrying in 1 seconds
[shaping_diag] success_cum_shaping=282.39 T=105 d_init=94.1 d_final=0.0
 Retrying in 1 seconds
[shaping_diag] success_cum_shaping=282.39 T=103 d_init=94.1 d_final=0.0
Warning: Vehicle 'other' performs emergency braking on lane ':center_8_0' with decel=9.00, wished=6.00, severity=1.00, time=7.20.
Warning: Vehicle 'ego'; junction collision with vehicle 'other', lane=':center_4_0', gap=-1.00, time=7.50 stage=move.
 Retrying in 1 seconds
 Retrying in 1 seconds
[shaping_diag] success_cum_shaping=282.39 T=104 d_init=94.1 d_final=0.0
 Retrying in 1 seconds
[shaping_diag] success_cum_shaping=282.39 T=112 d_init=94.1 d_final=0.0
 Retrying in 1 seconds
[shaping_diag] success_cum_shaping=282.39 T=110 d_init=94.1 d_final=0.0
  return=389.42 coll=0.050 success=0.950 ttc=5.96 ent=0.31 brakes=0.9
Eval seed=2042 [deterministic]...
 Retrying in 1 seconds
[shaping_diag] success_cum_shaping=282.39 T=102 d_init=94.1 d_final=0.0
Warning: Vehicle 'ego'; junction collision with vehicle 'other', lane=':center_4_0', gap=-1.00, time=7.30 stage=move.
 Retrying in 1 seconds
 Retrying in 1 seconds
[shaping_diag] success_cum_shaping=282.39 T=102 d_init=94.1 d_final=0.0
 Retrying in 1 seconds
[shaping_diag] success_cum_shaping=282.39 T=102 d_init=94.1 d_final=0.0
 Retrying in 1 seconds
[shaping_diag] success_cum_shaping=282.39 T=102 d_init=94.1 d_final=0.0
 Retrying in 1 seconds
[shaping_diag] success_cum_shaping=282.39 T=102 d_init=94.1 d_final=0.0
 Retrying in 1 seconds
[shaping_diag] success_cum_shaping=282.39 T=102 d_init=94.1 d_final=0.0
 Retrying in 1 seconds
[shaping_diag] success_cum_shaping=282.39 T=102 d_init=94.1 d_final=0.0
 Retrying in 1 seconds
[shaping_diag] success_cum_shaping=282.39 T=102 d_init=94.1 d_final=0.0
 Retrying in 1 seconds
[shaping_diag] success_cum_shaping=282.39 T=102 d_init=94.1 d_final=0.0
 Retrying in 1 seconds
[shaping_diag] success_cum_shaping=282.39 T=102 d_init=94.1 d_final=0.0
 Retrying in 1 seconds
[shaping_diag] success_cum_shaping=282.39 T=102 d_init=94.1 d_final=0.0
Warning: Vehicle 'other' performs emergency braking on lane ':center_8_0' with decel=9.00, wished=6.00, severity=1.00, time=7.10.
 Retrying in 1 seconds
[shaping_diag] success_cum_shaping=282.39 T=102 d_init=94.1 d_final=0.0
 Retrying in 1 seconds
[shaping_diag] success_cum_shaping=282.39 T=102 d_init=94.1 d_final=0.0
 Retrying in 1 seconds
[shaping_diag] success_cum_shaping=282.39 T=102 d_init=94.1 d_final=0.0
 Retrying in 1 seconds
[shaping_diag] success_cum_shaping=282.39 T=102 d_init=94.1 d_final=0.0
 Retrying in 1 seconds
[shaping_diag] success_cum_shaping=282.39 T=102 d_init=94.1 d_final=0.0
 Retrying in 1 seconds
[shaping_diag] success_cum_shaping=282.39 T=102 d_init=94.1 d_final=0.0
 Retrying in 1 seconds
[shaping_diag] success_cum_shaping=282.39 T=102 d_init=94.1 d_final=0.0
 Retrying in 1 seconds
[shaping_diag] success_cum_shaping=282.39 T=102 d_init=94.1 d_final=0.0
 Retrying in 1 seconds
[shaping_diag] success_cum_shaping=282.39 T=102 d_init=94.1 d_final=0.0
 Retrying in 1 seconds
[shaping_diag] success_cum_shaping=282.39 T=102 d_init=94.1 d_final=0.0
 Retrying in 1 seconds
[shaping_diag] success_cum_shaping=282.39 T=102 d_init=94.1 d_final=0.0
 Retrying in 1 seconds
[shaping_diag] success_cum_shaping=282.39 T=102 d_init=94.1 d_final=0.0
 Retrying in 1 seconds
[shaping_diag] success_cum_shaping=282.39 T=102 d_init=94.1 d_final=0.0
 Retrying in 1 seconds
[shaping_diag] success_cum_shaping=282.39 T=102 d_init=94.1 d_final=0.0
 Retrying in 1 seconds
[shaping_diag] success_cum_shaping=282.39 T=102 d_init=94.1 d_final=0.0
 Retrying in 1 seconds
[shaping_diag] success_cum_shaping=282.39 T=104 d_init=94.1 d_final=0.0
 Retrying in 1 seconds
[shaping_diag] success_cum_shaping=282.39 T=102 d_init=94.1 d_final=0.0
 Retrying in 1 seconds
[shaping_diag] success_cum_shaping=282.39 T=102 d_init=94.1 d_final=0.0
 Retrying in 1 seconds
[shaping_diag] success_cum_shaping=282.39 T=102 d_init=94.1 d_final=0.0
 Retrying in 1 seconds
[shaping_diag] success_cum_shaping=282.39 T=102 d_init=94.1 d_final=0.0
 Retrying in 1 seconds
[shaping_diag] success_cum_shaping=282.39 T=102 d_init=94.1 d_final=0.0
 Retrying in 1 seconds
[shaping_diag] success_cum_shaping=282.39 T=102 d_init=94.1 d_final=0.0
Warning: Vehicle 'ego'; junction collision with vehicle 'other', lane=':center_4_0', gap=-1.00, time=7.20 stage=move.
 Retrying in 1 seconds
 Retrying in 1 seconds
[shaping_diag] success_cum_shaping=282.39 T=102 d_init=94.1 d_final=0.0
 Retrying in 1 seconds
[shaping_diag] success_cum_shaping=282.39 T=102 d_init=94.1 d_final=0.0
 Retrying in 1 seconds
[shaping_diag] success_cum_shaping=282.39 T=102 d_init=94.1 d_final=0.0
 Retrying in 1 seconds
[shaping_diag] success_cum_shaping=282.39 T=102 d_init=94.1 d_final=0.0
 Retrying in 1 seconds
[shaping_diag] success_cum_shaping=282.39 T=102 d_init=94.1 d_final=0.0
 Retrying in 1 seconds
[shaping_diag] success_cum_shaping=282.39 T=102 d_init=94.1 d_final=0.0
 Retrying in 1 seconds
[shaping_diag] success_cum_shaping=282.39 T=102 d_init=94.1 d_final=0.0
 Retrying in 1 seconds
[shaping_diag] success_cum_shaping=282.39 T=102 d_init=94.1 d_final=0.0
 Retrying in 1 seconds
[shaping_diag] success_cum_shaping=282.39 T=102 d_init=94.1 d_final=0.0
Warning: Vehicle 'other' performs emergency braking on lane ':center_8_0' with decel=9.00, wished=6.00, severity=1.00, time=7.10.
Warning: Vehicle 'ego'; junction collision with vehicle 'other', lane=':center_4_0', gap=-1.00, time=7.30 stage=move.
 Retrying in 1 seconds
 Retrying in 1 seconds
[shaping_diag] success_cum_shaping=282.39 T=102 d_init=94.1 d_final=0.0
 Retrying in 1 seconds
[shaping_diag] success_cum_shaping=282.39 T=102 d_init=94.1 d_final=0.0
 Retrying in 1 seconds
[shaping_diag] success_cum_shaping=282.39 T=102 d_init=94.1 d_final=0.0
 Retrying in 1 seconds
[shaping_diag] success_cum_shaping=282.39 T=102 d_init=94.1 d_final=0.0
 Retrying in 1 seconds
[shaping_diag] success_cum_shaping=282.39 T=102 d_init=94.1 d_final=0.0
 Retrying in 1 seconds
[shaping_diag] success_cum_shaping=282.39 T=102 d_init=94.1 d_final=0.0
 Retrying in 1 seconds
[shaping_diag] success_cum_shaping=282.39 T=102 d_init=94.1 d_final=0.0
 Retrying in 1 seconds
[shaping_diag] success_cum_shaping=282.39 T=102 d_init=94.1 d_final=0.0
 Retrying in 1 seconds
[shaping_diag] success_cum_shaping=282.39 T=102 d_init=94.1 d_final=0.0
 Retrying in 1 seconds
[shaping_diag] success_cum_shaping=282.39 T=102 d_init=94.1 d_final=0.0
Warning: Vehicle 'ego'; junction collision with vehicle 'other', lane=':center_4_0', gap=-1.00, time=7.20 stage=move.
 Retrying in 1 seconds
 Retrying in 1 seconds
[shaping_diag] success_cum_shaping=282.39 T=102 d_init=94.1 d_final=0.0
 Retrying in 1 seconds
[shaping_diag] success_cum_shaping=282.39 T=102 d_init=94.1 d_final=0.0
 Retrying in 1 seconds
[shaping_diag] success_cum_shaping=282.39 T=102 d_init=94.1 d_final=0.0
Warning: Vehicle 'ego'; collision with vehicle 'other', lane='right_out_0', gap=-0.38, time=7.40 stage=move.
 Retrying in 1 seconds
 Retrying in 1 seconds
[shaping_diag] success_cum_shaping=282.39 T=102 d_init=94.1 d_final=0.0
 Retrying in 1 seconds
[shaping_diag] success_cum_shaping=282.39 T=102 d_init=94.1 d_final=0.0
 Retrying in 1 seconds
[shaping_diag] success_cum_shaping=282.39 T=102 d_init=94.1 d_final=0.0
 Retrying in 1 seconds
[shaping_diag] success_cum_shaping=282.39 T=102 d_init=94.1 d_final=0.0
 Retrying in 1 seconds
[shaping_diag] success_cum_shaping=282.39 T=102 d_init=94.1 d_final=0.0
 Retrying in 1 seconds
[shaping_diag] success_cum_shaping=282.39 T=102 d_init=94.1 d_final=0.0
Warning: Vehicle 'other' performs emergency braking on lane ':center_8_0' with decel=9.00, wished=6.00, severity=1.00, time=7.10.
 Retrying in 1 seconds
 Retrying in 1 seconds
[shaping_diag] success_cum_shaping=282.39 T=102 d_init=94.1 d_final=0.0
 Retrying in 1 seconds
[shaping_diag] success_cum_shaping=282.39 T=102 d_init=94.1 d_final=0.0
 Retrying in 1 seconds
[shaping_diag] success_cum_shaping=282.39 T=102 d_init=94.1 d_final=0.0
 Retrying in 1 seconds
[shaping_diag] success_cum_shaping=282.39 T=102 d_init=94.1 d_final=0.0
 Retrying in 1 seconds
[shaping_diag] success_cum_shaping=282.39 T=102 d_init=94.1 d_final=0.0
 Retrying in 1 seconds
[shaping_diag] success_cum_shaping=282.39 T=102 d_init=94.1 d_final=0.0
 Retrying in 1 seconds
[shaping_diag] success_cum_shaping=282.39 T=102 d_init=94.1 d_final=0.0
 Retrying in 1 seconds
[shaping_diag] success_cum_shaping=282.39 T=102 d_init=94.1 d_final=0.0
 Retrying in 1 seconds
[shaping_diag] success_cum_shaping=282.39 T=102 d_init=94.1 d_final=0.0
 Retrying in 1 seconds
[shaping_diag] success_cum_shaping=282.39 T=102 d_init=94.1 d_final=0.0
 Retrying in 1 seconds
[shaping_diag] success_cum_shaping=282.39 T=102 d_init=94.1 d_final=0.0
 Retrying in 1 seconds
[shaping_diag] success_cum_shaping=282.39 T=102 d_init=94.1 d_final=0.0
 Retrying in 1 seconds
[shaping_diag] success_cum_shaping=282.39 T=102 d_init=94.1 d_final=0.0
 Retrying in 1 seconds
[shaping_diag] success_cum_shaping=282.39 T=102 d_init=94.1 d_final=0.0
 Retrying in 1 seconds
[shaping_diag] success_cum_shaping=282.39 T=102 d_init=94.1 d_final=0.0
Warning: Vehicle 'other' performs emergency braking on lane ':center_8_0' with decel=9.00, wished=5.00, severity=1.00, time=7.10.
 Retrying in 1 seconds
[shaping_diag] success_cum_shaping=282.39 T=102 d_init=94.1 d_final=0.0
 Retrying in 1 seconds
[shaping_diag] success_cum_shaping=282.39 T=102 d_init=94.1 d_final=0.0
 Retrying in 1 seconds
 Retrying in 1 seconds
[shaping_diag] success_cum_shaping=282.39 T=102 d_init=94.1 d_final=0.0
 Retrying in 1 seconds
[shaping_diag] success_cum_shaping=282.39 T=102 d_init=94.1 d_final=0.0
 Retrying in 1 seconds
[shaping_diag] success_cum_shaping=282.39 T=102 d_init=94.1 d_final=0.0
 Retrying in 1 seconds
[shaping_diag] success_cum_shaping=282.39 T=102 d_init=94.1 d_final=0.0
 Retrying in 1 seconds
[shaping_diag] success_cum_shaping=282.39 T=102 d_init=94.1 d_final=0.0
Warning: Vehicle 'other' performs emergency braking on lane ':center_8_0' with decel=9.00, wished=5.00, severity=1.00, time=7.10.
 Retrying in 1 seconds
[shaping_diag] success_cum_shaping=282.39 T=102 d_init=94.1 d_final=0.0
 Retrying in 1 seconds
[shaping_diag] success_cum_shaping=282.39 T=102 d_init=94.1 d_final=0.0
Warning: Vehicle 'ego'; junction collision with vehicle 'other', lane=':center_4_0', gap=-1.00, time=7.10 stage=move.
 Retrying in 1 seconds
 Retrying in 1 seconds
[shaping_diag] success_cum_shaping=282.39 T=102 d_init=94.1 d_final=0.0
 Retrying in 1 seconds
[shaping_diag] success_cum_shaping=282.39 T=104 d_init=94.1 d_final=0.0
 Retrying in 1 seconds
[shaping_diag] success_cum_shaping=282.39 T=102 d_init=94.1 d_final=0.0
 Retrying in 1 seconds
[shaping_diag] success_cum_shaping=282.39 T=102 d_init=94.1 d_final=0.0
 Retrying in 1 seconds
[shaping_diag] success_cum_shaping=282.39 T=102 d_init=94.1 d_final=0.0
 Retrying in 1 seconds
[shaping_diag] success_cum_shaping=282.39 T=102 d_init=94.1 d_final=0.0
 Retrying in 1 seconds
[shaping_diag] success_cum_shaping=282.39 T=102 d_init=94.1 d_final=0.0
  return=389.36 coll=0.080 success=0.920 ttc=6.16 ent=0.03 brakes=0.9
Eval seed=2042 [stochastic]...
 Retrying in 1 seconds
[shaping_diag] success_cum_shaping=282.39 T=102 d_init=94.1 d_final=0.0
 Retrying in 1 seconds
[shaping_diag] success_cum_shaping=282.39 T=113 d_init=94.1 d_final=0.0
 Retrying in 1 seconds
[shaping_diag] success_cum_shaping=282.39 T=105 d_init=94.1 d_final=0.0
 Retrying in 1 seconds
[shaping_diag] success_cum_shaping=282.39 T=107 d_init=94.1 d_final=0.0
 Retrying in 1 seconds
[shaping_diag] success_cum_shaping=282.39 T=104 d_init=94.1 d_final=0.0
 Retrying in 1 seconds
[shaping_diag] success_cum_shaping=282.39 T=102 d_init=94.1 d_final=0.0
 Retrying in 1 seconds
[shaping_diag] success_cum_shaping=282.39 T=102 d_init=94.1 d_final=0.0
 Retrying in 1 seconds
[shaping_diag] success_cum_shaping=282.39 T=102 d_init=94.1 d_final=0.0
 Retrying in 1 seconds
[shaping_diag] success_cum_shaping=282.39 T=107 d_init=94.1 d_final=0.0
 Retrying in 1 seconds
[shaping_diag] success_cum_shaping=282.39 T=102 d_init=94.1 d_final=0.0
 Retrying in 1 seconds
[shaping_diag] success_cum_shaping=282.39 T=102 d_init=94.1 d_final=0.0
 Retrying in 1 seconds
[shaping_diag] success_cum_shaping=282.39 T=103 d_init=94.1 d_final=0.0
Warning: Vehicle 'other' performs emergency braking on lane ':center_8_0' with decel=9.00, wished=6.00, severity=1.00, time=7.10.
 Retrying in 1 seconds
[shaping_diag] success_cum_shaping=282.39 T=103 d_init=94.1 d_final=0.0
 Retrying in 1 seconds
[shaping_diag] success_cum_shaping=282.39 T=105 d_init=94.1 d_final=0.0
 Retrying in 1 seconds
[shaping_diag] success_cum_shaping=282.39 T=106 d_init=94.1 d_final=0.0
 Retrying in 1 seconds
[shaping_diag] success_cum_shaping=282.39 T=103 d_init=94.1 d_final=0.0
 Retrying in 1 seconds
[shaping_diag] success_cum_shaping=282.39 T=103 d_init=94.1 d_final=0.0
 Retrying in 1 seconds
[shaping_diag] success_cum_shaping=282.39 T=106 d_init=94.1 d_final=0.0
 Retrying in 1 seconds
[shaping_diag] success_cum_shaping=282.39 T=103 d_init=94.1 d_final=0.0
 Retrying in 1 seconds
[shaping_diag] success_cum_shaping=282.39 T=102 d_init=94.1 d_final=0.0
 Retrying in 1 seconds
[shaping_diag] success_cum_shaping=282.39 T=104 d_init=94.1 d_final=0.0
 Retrying in 1 seconds
[shaping_diag] success_cum_shaping=282.39 T=102 d_init=94.1 d_final=0.0
 Retrying in 1 seconds
[shaping_diag] success_cum_shaping=282.39 T=103 d_init=94.1 d_final=0.0
 Retrying in 1 seconds
[shaping_diag] success_cum_shaping=282.39 T=102 d_init=94.1 d_final=0.0
 Retrying in 1 seconds
[shaping_diag] success_cum_shaping=282.39 T=103 d_init=94.1 d_final=0.0
 Retrying in 1 seconds
[shaping_diag] success_cum_shaping=282.39 T=102 d_init=94.1 d_final=0.0
 Retrying in 1 seconds
[shaping_diag] success_cum_shaping=282.39 T=103 d_init=94.1 d_final=0.0
 Retrying in 1 seconds
[shaping_diag] success_cum_shaping=282.39 T=122 d_init=94.1 d_final=0.0
 Retrying in 1 seconds
[shaping_diag] success_cum_shaping=282.39 T=103 d_init=94.1 d_final=0.0
 Retrying in 1 seconds
[shaping_diag] success_cum_shaping=282.39 T=102 d_init=94.1 d_final=0.0
 Retrying in 1 seconds
[shaping_diag] success_cum_shaping=282.39 T=102 d_init=94.1 d_final=0.0
 Retrying in 1 seconds
[shaping_diag] success_cum_shaping=282.39 T=104 d_init=94.1 d_final=0.0
 Retrying in 1 seconds
[shaping_diag] success_cum_shaping=282.39 T=102 d_init=94.1 d_final=0.0
 Retrying in 1 seconds
[shaping_diag] success_cum_shaping=282.39 T=103 d_init=94.1 d_final=0.0
 Retrying in 1 seconds
[shaping_diag] success_cum_shaping=282.39 T=110 d_init=94.1 d_final=0.0
 Retrying in 1 seconds
[shaping_diag] success_cum_shaping=282.39 T=103 d_init=94.1 d_final=0.0
 Retrying in 1 seconds
[shaping_diag] success_cum_shaping=282.39 T=104 d_init=94.1 d_final=0.0
 Retrying in 1 seconds
[shaping_diag] success_cum_shaping=282.39 T=102 d_init=94.1 d_final=0.0
 Retrying in 1 seconds
[shaping_diag] success_cum_shaping=282.39 T=104 d_init=94.1 d_final=0.0
 Retrying in 1 seconds
[shaping_diag] success_cum_shaping=282.39 T=103 d_init=94.1 d_final=0.0
 Retrying in 1 seconds
[shaping_diag] success_cum_shaping=282.39 T=102 d_init=94.1 d_final=0.0
 Retrying in 1 seconds
[shaping_diag] success_cum_shaping=282.39 T=103 d_init=94.1 d_final=0.0
 Retrying in 1 seconds
[shaping_diag] success_cum_shaping=282.39 T=104 d_init=94.1 d_final=0.0
 Retrying in 1 seconds
[shaping_diag] success_cum_shaping=282.39 T=102 d_init=94.1 d_final=0.0
Warning: Vehicle 'other' performs emergency braking on lane ':center_8_0' with decel=9.00, wished=6.00, severity=1.00, time=7.20.
 Retrying in 1 seconds
 Retrying in 1 seconds
[shaping_diag] success_cum_shaping=282.39 T=105 d_init=94.1 d_final=0.0
 Retrying in 1 seconds
[shaping_diag] success_cum_shaping=282.39 T=103 d_init=94.1 d_final=0.0
 Retrying in 1 seconds
[shaping_diag] success_cum_shaping=282.39 T=105 d_init=94.1 d_final=0.0
 Retrying in 1 seconds
[shaping_diag] success_cum_shaping=282.39 T=102 d_init=94.1 d_final=0.0
 Retrying in 1 seconds
[shaping_diag] success_cum_shaping=282.39 T=105 d_init=94.1 d_final=0.0
 Retrying in 1 seconds
[shaping_diag] success_cum_shaping=282.39 T=103 d_init=94.1 d_final=0.0
 Retrying in 1 seconds
[shaping_diag] success_cum_shaping=282.39 T=104 d_init=94.1 d_final=0.0
 Retrying in 1 seconds
[shaping_diag] success_cum_shaping=282.39 T=104 d_init=94.1 d_final=0.0
 Retrying in 1 seconds
[shaping_diag] success_cum_shaping=282.39 T=105 d_init=94.1 d_final=0.0
 Retrying in 1 seconds
[shaping_diag] success_cum_shaping=282.39 T=103 d_init=94.1 d_final=0.0
 Retrying in 1 seconds
[shaping_diag] success_cum_shaping=282.39 T=114 d_init=94.1 d_final=0.0
 Retrying in 1 seconds
[shaping_diag] success_cum_shaping=282.39 T=103 d_init=94.1 d_final=0.0
 Retrying in 1 seconds
[shaping_diag] success_cum_shaping=282.39 T=102 d_init=94.1 d_final=0.0
 Retrying in 1 seconds
[shaping_diag] success_cum_shaping=282.39 T=102 d_init=94.1 d_final=0.0
 Retrying in 1 seconds
[shaping_diag] success_cum_shaping=282.39 T=111 d_init=94.1 d_final=0.0
 Retrying in 1 seconds
[shaping_diag] success_cum_shaping=282.39 T=103 d_init=94.1 d_final=0.0
 Retrying in 1 seconds
[shaping_diag] success_cum_shaping=282.39 T=103 d_init=94.1 d_final=0.0
 Retrying in 1 seconds
[shaping_diag] success_cum_shaping=282.39 T=103 d_init=94.1 d_final=0.0
 Retrying in 1 seconds
[shaping_diag] success_cum_shaping=282.39 T=102 d_init=94.1 d_final=0.0
 Retrying in 1 seconds
[shaping_diag] success_cum_shaping=282.39 T=104 d_init=94.1 d_final=0.0
 Retrying in 1 seconds
[shaping_diag] success_cum_shaping=282.39 T=103 d_init=94.1 d_final=0.0
 Retrying in 1 seconds
[shaping_diag] success_cum_shaping=282.39 T=120 d_init=94.1 d_final=0.0
 Retrying in 1 seconds
[shaping_diag] success_cum_shaping=282.39 T=102 d_init=94.1 d_final=0.0
 Retrying in 1 seconds
[shaping_diag] success_cum_shaping=282.39 T=104 d_init=94.1 d_final=0.0
 Retrying in 1 seconds
[shaping_diag] success_cum_shaping=282.39 T=103 d_init=94.1 d_final=0.0
 Retrying in 1 seconds
[shaping_diag] success_cum_shaping=282.39 T=106 d_init=94.1 d_final=0.0
 Retrying in 1 seconds
[shaping_diag] success_cum_shaping=282.39 T=102 d_init=94.1 d_final=0.0
 Retrying in 1 seconds
[shaping_diag] success_cum_shaping=282.39 T=102 d_init=94.1 d_final=0.0
 Retrying in 1 seconds
[shaping_diag] success_cum_shaping=282.39 T=102 d_init=94.1 d_final=0.0
 Retrying in 1 seconds
[shaping_diag] success_cum_shaping=282.39 T=104 d_init=94.1 d_final=0.0
 Retrying in 1 seconds
[shaping_diag] success_cum_shaping=282.39 T=103 d_init=94.1 d_final=0.0
 Retrying in 1 seconds
[shaping_diag] success_cum_shaping=282.39 T=103 d_init=94.1 d_final=0.0
 Retrying in 1 seconds
[shaping_diag] success_cum_shaping=282.39 T=103 d_init=94.1 d_final=0.0
 Retrying in 1 seconds
[shaping_diag] success_cum_shaping=282.39 T=105 d_init=94.1 d_final=0.0
 Retrying in 1 seconds
[shaping_diag] success_cum_shaping=282.39 T=102 d_init=94.1 d_final=0.0
 Retrying in 1 seconds
[shaping_diag] success_cum_shaping=282.39 T=102 d_init=94.1 d_final=0.0
 Retrying in 1 seconds
[shaping_diag] success_cum_shaping=282.39 T=102 d_init=94.1 d_final=0.0
Warning: Vehicle 'other' performs emergency braking on lane ':center_8_0' with decel=9.00, wished=5.00, severity=1.00, time=7.50.
 Retrying in 1 seconds
 Retrying in 1 seconds
[shaping_diag] success_cum_shaping=282.39 T=103 d_init=94.1 d_final=0.0
 Retrying in 1 seconds
[shaping_diag] success_cum_shaping=282.39 T=111 d_init=94.1 d_final=0.0
 Retrying in 1 seconds
[shaping_diag] success_cum_shaping=282.39 T=102 d_init=94.1 d_final=0.0
 Retrying in 1 seconds
[shaping_diag] success_cum_shaping=282.39 T=104 d_init=94.1 d_final=0.0
 Retrying in 1 seconds
[shaping_diag] success_cum_shaping=282.39 T=105 d_init=94.1 d_final=0.0
 Retrying in 1 seconds
[shaping_diag] success_cum_shaping=282.39 T=102 d_init=94.1 d_final=0.0
 Retrying in 1 seconds
[shaping_diag] success_cum_shaping=282.39 T=103 d_init=94.1 d_final=0.0
Warning: Vehicle 'other' performs emergency braking on lane ':center_8_0' with decel=9.00, wished=5.00, severity=1.00, time=7.40.
 Retrying in 1 seconds
 Retrying in 1 seconds
[shaping_diag] success_cum_shaping=282.39 T=103 d_init=94.1 d_final=0.0
 Retrying in 1 seconds
[shaping_diag] success_cum_shaping=282.39 T=108 d_init=94.1 d_final=0.0
 Retrying in 1 seconds
[shaping_diag] success_cum_shaping=282.39 T=103 d_init=94.1 d_final=0.0
 Retrying in 1 seconds
[shaping_diag] success_cum_shaping=282.39 T=111 d_init=94.1 d_final=0.0
 Retrying in 1 seconds
[shaping_diag] success_cum_shaping=282.39 T=104 d_init=94.1 d_final=0.0
 Retrying in 1 seconds
[shaping_diag] success_cum_shaping=282.39 T=104 d_init=94.1 d_final=0.0
 Retrying in 1 seconds
[shaping_diag] success_cum_shaping=282.39 T=105 d_init=94.1 d_final=0.0
 Retrying in 1 seconds
[shaping_diag] success_cum_shaping=282.39 T=103 d_init=94.1 d_final=0.0
 Retrying in 1 seconds
[shaping_diag] success_cum_shaping=282.39 T=103 d_init=94.1 d_final=0.0
  return=400.52 coll=0.030 success=0.970 ttc=6.09 ent=0.33 brakes=1.0
Eval seed=3042 [deterministic]...
 Retrying in 1 seconds
[shaping_diag] success_cum_shaping=282.39 T=102 d_init=94.1 d_final=0.0
 Retrying in 1 seconds
[shaping_diag] success_cum_shaping=282.39 T=102 d_init=94.1 d_final=0.0
 Retrying in 1 seconds
[shaping_diag] success_cum_shaping=282.39 T=102 d_init=94.1 d_final=0.0
 Retrying in 1 seconds
[shaping_diag] success_cum_shaping=282.39 T=103 d_init=94.1 d_final=0.0
 Retrying in 1 seconds
[shaping_diag] success_cum_shaping=282.39 T=102 d_init=94.1 d_final=0.0
 Retrying in 1 seconds
[shaping_diag] success_cum_shaping=282.39 T=103 d_init=94.1 d_final=0.0
 Retrying in 1 seconds
[shaping_diag] success_cum_shaping=282.39 T=102 d_init=94.1 d_final=0.0
Warning: Vehicle 'other' performs emergency braking on lane ':center_8_0' with decel=9.00, wished=5.00, severity=1.00, time=7.10.
 Retrying in 1 seconds
 Retrying in 1 seconds
[shaping_diag] success_cum_shaping=282.39 T=102 d_init=94.1 d_final=0.0
 Retrying in 1 seconds
[shaping_diag] success_cum_shaping=282.39 T=102 d_init=94.1 d_final=0.0
 Retrying in 1 seconds
[shaping_diag] success_cum_shaping=282.39 T=102 d_init=94.1 d_final=0.0
 Retrying in 1 seconds
[shaping_diag] success_cum_shaping=282.39 T=102 d_init=94.1 d_final=0.0
 Retrying in 1 seconds
[shaping_diag] success_cum_shaping=282.39 T=102 d_init=94.1 d_final=0.0
 Retrying in 1 seconds
[shaping_diag] success_cum_shaping=282.39 T=102 d_init=94.1 d_final=0.0
 Retrying in 1 seconds
[shaping_diag] success_cum_shaping=282.39 T=102 d_init=94.1 d_final=0.0
Warning: Vehicle 'other' performs emergency braking on lane ':center_8_0' with decel=9.00, wished=7.00, severity=1.00, time=7.10.
 Retrying in 1 seconds
 Retrying in 1 seconds
[shaping_diag] success_cum_shaping=282.39 T=102 d_init=94.1 d_final=0.0
 Retrying in 1 seconds
[shaping_diag] success_cum_shaping=282.39 T=102 d_init=94.1 d_final=0.0
 Retrying in 1 seconds
[shaping_diag] success_cum_shaping=282.39 T=102 d_init=94.1 d_final=0.0
 Retrying in 1 seconds
[shaping_diag] success_cum_shaping=282.39 T=102 d_init=94.1 d_final=0.0
 Retrying in 1 seconds
[shaping_diag] success_cum_shaping=282.39 T=102 d_init=94.1 d_final=0.0
 Retrying in 1 seconds
[shaping_diag] success_cum_shaping=282.39 T=102 d_init=94.1 d_final=0.0
 Retrying in 1 seconds
[shaping_diag] success_cum_shaping=282.39 T=102 d_init=94.1 d_final=0.0
 Retrying in 1 seconds
[shaping_diag] success_cum_shaping=282.39 T=102 d_init=94.1 d_final=0.0
 Retrying in 1 seconds
[shaping_diag] success_cum_shaping=282.39 T=102 d_init=94.1 d_final=0.0
 Retrying in 1 seconds
[shaping_diag] success_cum_shaping=282.39 T=102 d_init=94.1 d_final=0.0
 Retrying in 1 seconds
[shaping_diag] success_cum_shaping=282.39 T=102 d_init=94.1 d_final=0.0
 Retrying in 1 seconds
[shaping_diag] success_cum_shaping=282.39 T=102 d_init=94.1 d_final=0.0
 Retrying in 1 seconds
[shaping_diag] success_cum_shaping=282.39 T=102 d_init=94.1 d_final=0.0
 Retrying in 1 seconds
[shaping_diag] success_cum_shaping=282.39 T=102 d_init=94.1 d_final=0.0
 Retrying in 1 seconds
[shaping_diag] success_cum_shaping=282.39 T=102 d_init=94.1 d_final=0.0
 Retrying in 1 seconds
[shaping_diag] success_cum_shaping=282.39 T=102 d_init=94.1 d_final=0.0
 Retrying in 1 seconds
[shaping_diag] success_cum_shaping=282.39 T=102 d_init=94.1 d_final=0.0
 Retrying in 1 seconds
[shaping_diag] success_cum_shaping=282.39 T=102 d_init=94.1 d_final=0.0
 Retrying in 1 seconds
[shaping_diag] success_cum_shaping=282.39 T=102 d_init=94.1 d_final=0.0
 Retrying in 1 seconds
[shaping_diag] success_cum_shaping=282.39 T=102 d_init=94.1 d_final=0.0
 Retrying in 1 seconds
[shaping_diag] success_cum_shaping=282.39 T=102 d_init=94.1 d_final=0.0
 Retrying in 1 seconds
[shaping_diag] success_cum_shaping=282.39 T=102 d_init=94.1 d_final=0.0
 Retrying in 1 seconds
[shaping_diag] success_cum_shaping=282.39 T=102 d_init=94.1 d_final=0.0
 Retrying in 1 seconds
[shaping_diag] success_cum_shaping=282.39 T=102 d_init=94.1 d_final=0.0
 Retrying in 1 seconds
[shaping_diag] success_cum_shaping=282.39 T=102 d_init=94.1 d_final=0.0
 Retrying in 1 seconds
[shaping_diag] success_cum_shaping=282.39 T=102 d_init=94.1 d_final=0.0
Warning: Vehicle 'other' performs emergency braking on lane ':center_8_0' with decel=9.00, wished=7.00, severity=1.00, time=7.10.
 Retrying in 1 seconds
[shaping_diag] success_cum_shaping=282.39 T=102 d_init=94.1 d_final=0.0
 Retrying in 1 seconds
[shaping_diag] success_cum_shaping=282.39 T=102 d_init=94.1 d_final=0.0
 Retrying in 1 seconds
[shaping_diag] success_cum_shaping=282.39 T=102 d_init=94.1 d_final=0.0
 Retrying in 1 seconds
[shaping_diag] success_cum_shaping=282.39 T=102 d_init=94.1 d_final=0.0
 Retrying in 1 seconds
[shaping_diag] success_cum_shaping=282.39 T=102 d_init=94.1 d_final=0.0
 Retrying in 1 seconds
[shaping_diag] success_cum_shaping=282.39 T=102 d_init=94.1 d_final=0.0
 Retrying in 1 seconds
[shaping_diag] success_cum_shaping=282.39 T=102 d_init=94.1 d_final=0.0
 Retrying in 1 seconds
[shaping_diag] success_cum_shaping=282.39 T=102 d_init=94.1 d_final=0.0
 Retrying in 1 seconds
[shaping_diag] success_cum_shaping=282.39 T=102 d_init=94.1 d_final=0.0
 Retrying in 1 seconds
[shaping_diag] success_cum_shaping=282.39 T=102 d_init=94.1 d_final=0.0
 Retrying in 1 seconds
[shaping_diag] success_cum_shaping=282.39 T=102 d_init=94.1 d_final=0.0
 Retrying in 1 seconds
[shaping_diag] success_cum_shaping=282.39 T=102 d_init=94.1 d_final=0.0
Warning: Vehicle 'other' performs emergency braking on lane ':center_8_0' with decel=9.00, wished=5.00, severity=1.00, time=7.10.
 Retrying in 1 seconds
[shaping_diag] success_cum_shaping=282.39 T=102 d_init=94.1 d_final=0.0
 Retrying in 1 seconds
[shaping_diag] success_cum_shaping=282.39 T=102 d_init=94.1 d_final=0.0
 Retrying in 1 seconds
[shaping_diag] success_cum_shaping=282.39 T=102 d_init=94.1 d_final=0.0
 Retrying in 1 seconds
[shaping_diag] success_cum_shaping=282.39 T=102 d_init=94.1 d_final=0.0
 Retrying in 1 seconds
[shaping_diag] success_cum_shaping=282.39 T=102 d_init=94.1 d_final=0.0
 Retrying in 1 seconds
[shaping_diag] success_cum_shaping=282.39 T=102 d_init=94.1 d_final=0.0
 Retrying in 1 seconds
[shaping_diag] success_cum_shaping=282.39 T=102 d_init=94.1 d_final=0.0
 Retrying in 1 seconds
[shaping_diag] success_cum_shaping=282.39 T=102 d_init=94.1 d_final=0.0
 Retrying in 1 seconds
[shaping_diag] success_cum_shaping=282.39 T=102 d_init=94.1 d_final=0.0
 Retrying in 1 seconds
[shaping_diag] success_cum_shaping=282.39 T=102 d_init=94.1 d_final=0.0
 Retrying in 1 seconds
[shaping_diag] success_cum_shaping=282.39 T=102 d_init=94.1 d_final=0.0
 Retrying in 1 seconds
[shaping_diag] success_cum_shaping=282.39 T=102 d_init=94.1 d_final=0.0
Warning: Vehicle 'other' performs emergency braking on lane ':center_8_0' with decel=9.00, wished=7.00, severity=1.00, time=7.10.
 Retrying in 1 seconds
[shaping_diag] success_cum_shaping=282.39 T=102 d_init=94.1 d_final=0.0
 Retrying in 1 seconds
[shaping_diag] success_cum_shaping=282.39 T=102 d_init=94.1 d_final=0.0
 Retrying in 1 seconds
[shaping_diag] success_cum_shaping=282.39 T=102 d_init=94.1 d_final=0.0
 Retrying in 1 seconds
[shaping_diag] success_cum_shaping=282.39 T=102 d_init=94.1 d_final=0.0
 Retrying in 1 seconds
[shaping_diag] success_cum_shaping=282.39 T=102 d_init=94.1 d_final=0.0
 Retrying in 1 seconds
[shaping_diag] success_cum_shaping=282.39 T=102 d_init=94.1 d_final=0.0
 Retrying in 1 seconds
[shaping_diag] success_cum_shaping=282.39 T=102 d_init=94.1 d_final=0.0
 Retrying in 1 seconds
[shaping_diag] success_cum_shaping=282.39 T=102 d_init=94.1 d_final=0.0
 Retrying in 1 seconds
[shaping_diag] success_cum_shaping=282.39 T=102 d_init=94.1 d_final=0.0
 Retrying in 1 seconds
[shaping_diag] success_cum_shaping=282.39 T=102 d_init=94.1 d_final=0.0
 Retrying in 1 seconds
[shaping_diag] success_cum_shaping=282.39 T=102 d_init=94.1 d_final=0.0
 Retrying in 1 seconds
[shaping_diag] success_cum_shaping=282.39 T=102 d_init=94.1 d_final=0.0
 Retrying in 1 seconds
[shaping_diag] success_cum_shaping=282.39 T=102 d_init=94.1 d_final=0.0
 Retrying in 1 seconds
[shaping_diag] success_cum_shaping=282.39 T=102 d_init=94.1 d_final=0.0
 Retrying in 1 seconds
[shaping_diag] success_cum_shaping=282.39 T=102 d_init=94.1 d_final=0.0
 Retrying in 1 seconds
[shaping_diag] success_cum_shaping=282.39 T=102 d_init=94.1 d_final=0.0
 Retrying in 1 seconds
[shaping_diag] success_cum_shaping=282.39 T=102 d_init=94.1 d_final=0.0
Warning: Vehicle 'other' performs emergency braking on lane ':center_8_0' with decel=9.00, wished=7.00, severity=1.00, time=7.10.
 Retrying in 1 seconds
[shaping_diag] success_cum_shaping=282.39 T=102 d_init=94.1 d_final=0.0
 Retrying in 1 seconds
[shaping_diag] success_cum_shaping=282.39 T=102 d_init=94.1 d_final=0.0
 Retrying in 1 seconds
[shaping_diag] success_cum_shaping=282.39 T=102 d_init=94.1 d_final=0.0
 Retrying in 1 seconds
[shaping_diag] success_cum_shaping=282.39 T=102 d_init=94.1 d_final=0.0
 Retrying in 1 seconds
[shaping_diag] success_cum_shaping=282.39 T=102 d_init=94.1 d_final=0.0
 Retrying in 1 seconds
 Retrying in 1 seconds
[shaping_diag] success_cum_shaping=282.39 T=102 d_init=94.1 d_final=0.0
 Retrying in 1 seconds
[shaping_diag] success_cum_shaping=282.39 T=102 d_init=94.1 d_final=0.0
 Retrying in 1 seconds
[shaping_diag] success_cum_shaping=282.39 T=102 d_init=94.1 d_final=0.0
 Retrying in 1 seconds
[shaping_diag] success_cum_shaping=282.39 T=102 d_init=94.1 d_final=0.0
Warning: Vehicle 'other' performs emergency braking on lane ':center_8_0' with decel=9.00, wished=7.00, severity=1.00, time=7.10.
 Retrying in 1 seconds
[shaping_diag] success_cum_shaping=282.39 T=102 d_init=94.1 d_final=0.0
 Retrying in 1 seconds
[shaping_diag] success_cum_shaping=282.39 T=102 d_init=94.1 d_final=0.0
 Retrying in 1 seconds
[shaping_diag] success_cum_shaping=282.39 T=102 d_init=94.1 d_final=0.0
 Retrying in 1 seconds
[shaping_diag] success_cum_shaping=282.39 T=102 d_init=94.1 d_final=0.0
 Retrying in 1 seconds
[shaping_diag] success_cum_shaping=282.39 T=102 d_init=94.1 d_final=0.0
 Retrying in 1 seconds
[shaping_diag] success_cum_shaping=282.39 T=105 d_init=94.1 d_final=0.0
 Retrying in 1 seconds
[shaping_diag] success_cum_shaping=282.39 T=102 d_init=94.1 d_final=0.0
  return=410.53 coll=0.030 success=0.970 ttc=6.15 ent=0.01 brakes=1.0
Eval seed=3042 [stochastic]...
 Retrying in 1 seconds
[shaping_diag] success_cum_shaping=282.39 T=104 d_init=94.1 d_final=0.0
 Retrying in 1 seconds
[shaping_diag] success_cum_shaping=282.39 T=105 d_init=94.1 d_final=0.0
 Retrying in 1 seconds
[shaping_diag] success_cum_shaping=282.39 T=103 d_init=94.1 d_final=0.0
 Retrying in 1 seconds
[shaping_diag] success_cum_shaping=282.39 T=111 d_init=94.1 d_final=0.0
 Retrying in 1 seconds
[shaping_diag] success_cum_shaping=282.39 T=102 d_init=94.1 d_final=0.0
 Retrying in 1 seconds
[shaping_diag] success_cum_shaping=282.39 T=116 d_init=94.1 d_final=0.0
 Retrying in 1 seconds
[shaping_diag] success_cum_shaping=282.39 T=103 d_init=94.1 d_final=0.0
 Retrying in 1 seconds
[shaping_diag] success_cum_shaping=282.39 T=113 d_init=94.1 d_final=0.0
 Retrying in 1 seconds
[shaping_diag] success_cum_shaping=282.39 T=103 d_init=94.1 d_final=0.0
 Retrying in 1 seconds
[shaping_diag] success_cum_shaping=282.39 T=103 d_init=94.1 d_final=0.0
 Retrying in 1 seconds
[shaping_diag] success_cum_shaping=282.39 T=102 d_init=94.1 d_final=0.0
 Retrying in 1 seconds
[shaping_diag] success_cum_shaping=282.39 T=103 d_init=94.1 d_final=0.0
 Retrying in 1 seconds
[shaping_diag] success_cum_shaping=282.39 T=103 d_init=94.1 d_final=0.0
 Retrying in 1 seconds
[shaping_diag] success_cum_shaping=282.39 T=102 d_init=94.1 d_final=0.0
 Retrying in 1 seconds
[shaping_diag] success_cum_shaping=282.39 T=103 d_init=94.1 d_final=0.0
 Retrying in 1 seconds
[shaping_diag] success_cum_shaping=282.39 T=115 d_init=94.1 d_final=0.0
 Retrying in 1 seconds
[shaping_diag] success_cum_shaping=282.39 T=104 d_init=94.1 d_final=0.0
 Retrying in 1 seconds
[shaping_diag] success_cum_shaping=282.39 T=103 d_init=94.1 d_final=0.0
 Retrying in 1 seconds
[shaping_diag] success_cum_shaping=282.39 T=102 d_init=94.1 d_final=0.0
 Retrying in 1 seconds
[shaping_diag] success_cum_shaping=282.39 T=104 d_init=94.1 d_final=0.0
 Retrying in 1 seconds
[shaping_diag] success_cum_shaping=282.39 T=102 d_init=94.1 d_final=0.0
 Retrying in 1 seconds
[shaping_diag] success_cum_shaping=282.39 T=103 d_init=94.1 d_final=0.0
 Retrying in 1 seconds
[shaping_diag] success_cum_shaping=282.39 T=102 d_init=94.1 d_final=0.0
 Retrying in 1 seconds
[shaping_diag] success_cum_shaping=282.39 T=103 d_init=94.1 d_final=0.0
 Retrying in 1 seconds
[shaping_diag] success_cum_shaping=282.39 T=102 d_init=94.1 d_final=0.0
 Retrying in 1 seconds
[shaping_diag] success_cum_shaping=282.39 T=102 d_init=94.1 d_final=0.0
 Retrying in 1 seconds
[shaping_diag] success_cum_shaping=282.39 T=103 d_init=94.1 d_final=0.0
 Retrying in 1 seconds
[shaping_diag] success_cum_shaping=282.39 T=102 d_init=94.1 d_final=0.0
 Retrying in 1 seconds
[shaping_diag] success_cum_shaping=282.39 T=105 d_init=94.1 d_final=0.0
 Retrying in 1 seconds
[shaping_diag] success_cum_shaping=282.39 T=109 d_init=94.1 d_final=0.0
 Retrying in 1 seconds
[shaping_diag] success_cum_shaping=282.39 T=102 d_init=94.1 d_final=0.0
 Retrying in 1 seconds
[shaping_diag] success_cum_shaping=282.39 T=103 d_init=94.1 d_final=0.0
 Retrying in 1 seconds
[shaping_diag] success_cum_shaping=282.39 T=104 d_init=94.1 d_final=0.0
 Retrying in 1 seconds
[shaping_diag] success_cum_shaping=282.39 T=104 d_init=94.1 d_final=0.0
 Retrying in 1 seconds
[shaping_diag] success_cum_shaping=282.39 T=102 d_init=94.1 d_final=0.0
 Retrying in 1 seconds
[shaping_diag] success_cum_shaping=282.39 T=104 d_init=94.1 d_final=0.0
 Retrying in 1 seconds
[shaping_diag] success_cum_shaping=282.39 T=103 d_init=94.1 d_final=0.0
 Retrying in 1 seconds
[shaping_diag] success_cum_shaping=282.39 T=105 d_init=94.1 d_final=0.0
 Retrying in 1 seconds
[shaping_diag] success_cum_shaping=282.39 T=102 d_init=94.1 d_final=0.0
 Retrying in 1 seconds
[shaping_diag] success_cum_shaping=282.39 T=104 d_init=94.1 d_final=0.0
 Retrying in 1 seconds
[shaping_diag] success_cum_shaping=282.39 T=103 d_init=94.1 d_final=0.0
 Retrying in 1 seconds
[shaping_diag] success_cum_shaping=282.39 T=103 d_init=94.1 d_final=0.0
 Retrying in 1 seconds
 Retrying in 1 seconds
[shaping_diag] success_cum_shaping=282.39 T=102 d_init=94.1 d_final=0.0
 Retrying in 1 seconds
[shaping_diag] success_cum_shaping=282.39 T=102 d_init=94.1 d_final=0.0
 Retrying in 1 seconds
[shaping_diag] success_cum_shaping=282.39 T=105 d_init=94.1 d_final=0.0
 Retrying in 1 seconds
[shaping_diag] success_cum_shaping=282.39 T=104 d_init=94.1 d_final=0.0
 Retrying in 1 seconds
[shaping_diag] success_cum_shaping=282.39 T=102 d_init=94.1 d_final=0.0
Warning: Vehicle 'ego'; junction collision with vehicle 'other', lane=':center_4_0', gap=-1.00, time=7.80 stage=move.
 Retrying in 1 seconds
 Retrying in 1 seconds
[shaping_diag] success_cum_shaping=282.39 T=102 d_init=94.1 d_final=0.0
 Retrying in 1 seconds
[shaping_diag] success_cum_shaping=282.39 T=103 d_init=94.1 d_final=0.0
 Retrying in 1 seconds
[shaping_diag] success_cum_shaping=282.39 T=102 d_init=94.1 d_final=0.0
 Retrying in 1 seconds
[shaping_diag] success_cum_shaping=282.39 T=103 d_init=94.1 d_final=0.0
 Retrying in 1 seconds
[shaping_diag] success_cum_shaping=282.39 T=103 d_init=94.1 d_final=0.0
Warning: Vehicle 'other' performs emergency braking on lane ':center_8_0' with decel=9.00, wished=5.00, severity=1.00, time=7.20.
 Retrying in 1 seconds
[shaping_diag] success_cum_shaping=282.39 T=103 d_init=94.1 d_final=0.0
Warning: Vehicle 'other' performs emergency braking on lane ':center_8_0' with decel=9.00, wished=5.00, severity=1.00, time=7.30.
 Retrying in 1 seconds
[shaping_diag] success_cum_shaping=282.39 T=106 d_init=94.1 d_final=0.0
 Retrying in 1 seconds
[shaping_diag] success_cum_shaping=282.39 T=102 d_init=94.1 d_final=0.0
 Retrying in 1 seconds
[shaping_diag] success_cum_shaping=282.39 T=103 d_init=94.1 d_final=0.0
 Retrying in 1 seconds
[shaping_diag] success_cum_shaping=282.39 T=103 d_init=94.1 d_final=0.0
 Retrying in 1 seconds
[shaping_diag] success_cum_shaping=282.39 T=103 d_init=94.1 d_final=0.0
 Retrying in 1 seconds
[shaping_diag] success_cum_shaping=282.39 T=102 d_init=94.1 d_final=0.0
 Retrying in 1 seconds
[shaping_diag] success_cum_shaping=282.39 T=102 d_init=94.1 d_final=0.0
 Retrying in 1 seconds
[shaping_diag] success_cum_shaping=282.39 T=110 d_init=94.1 d_final=0.0
 Retrying in 1 seconds
[shaping_diag] success_cum_shaping=282.39 T=104 d_init=94.1 d_final=0.0
 Retrying in 1 seconds
[shaping_diag] success_cum_shaping=282.39 T=103 d_init=94.1 d_final=0.0
 Retrying in 1 seconds
[shaping_diag] success_cum_shaping=282.39 T=102 d_init=94.1 d_final=0.0
Warning: Vehicle 'other' performs emergency braking on lane ':center_8_0' with decel=9.00, wished=7.00, severity=1.00, time=7.40.
 Retrying in 1 seconds
 Retrying in 1 seconds
[shaping_diag] success_cum_shaping=282.39 T=103 d_init=94.1 d_final=0.0
 Retrying in 1 seconds
[shaping_diag] success_cum_shaping=282.39 T=104 d_init=94.1 d_final=0.0
 Retrying in 1 seconds
[shaping_diag] success_cum_shaping=282.39 T=104 d_init=94.1 d_final=0.0
 Retrying in 1 seconds
[shaping_diag] success_cum_shaping=282.39 T=104 d_init=94.1 d_final=0.0
 Retrying in 1 seconds
[shaping_diag] success_cum_shaping=282.39 T=105 d_init=94.1 d_final=0.0
 Retrying in 1 seconds
[shaping_diag] success_cum_shaping=282.39 T=103 d_init=94.1 d_final=0.0
 Retrying in 1 seconds
[shaping_diag] success_cum_shaping=282.39 T=104 d_init=94.1 d_final=0.0
 Retrying in 1 seconds
[shaping_diag] success_cum_shaping=282.39 T=102 d_init=94.1 d_final=0.0
 Retrying in 1 seconds
[shaping_diag] success_cum_shaping=282.39 T=106 d_init=94.1 d_final=0.0
 Retrying in 1 seconds
[shaping_diag] success_cum_shaping=282.39 T=103 d_init=94.1 d_final=0.0
 Retrying in 1 seconds
[shaping_diag] success_cum_shaping=282.39 T=102 d_init=94.1 d_final=0.0
 Retrying in 1 seconds
[shaping_diag] success_cum_shaping=282.39 T=105 d_init=94.1 d_final=0.0
 Retrying in 1 seconds
[shaping_diag] success_cum_shaping=282.39 T=103 d_init=94.1 d_final=0.0
 Retrying in 1 seconds
[shaping_diag] success_cum_shaping=282.39 T=102 d_init=94.1 d_final=0.0
 Retrying in 1 seconds
[shaping_diag] success_cum_shaping=282.39 T=103 d_init=94.1 d_final=0.0
 Retrying in 1 seconds
[shaping_diag] success_cum_shaping=282.39 T=103 d_init=94.1 d_final=0.0
Warning: Vehicle 'ego'; junction collision with vehicle 'other', lane=':center_4_0', gap=-1.00, time=7.60 stage=move.
 Retrying in 1 seconds
 Retrying in 1 seconds
[shaping_diag] success_cum_shaping=282.39 T=102 d_init=94.1 d_final=0.0
 Retrying in 1 seconds
[shaping_diag] success_cum_shaping=282.39 T=102 d_init=94.1 d_final=0.0
 Retrying in 1 seconds
[shaping_diag] success_cum_shaping=282.39 T=103 d_init=94.1 d_final=0.0
 Retrying in 1 seconds
[shaping_diag] success_cum_shaping=282.39 T=105 d_init=94.1 d_final=0.0
 Retrying in 1 seconds
[shaping_diag] success_cum_shaping=282.39 T=111 d_init=94.1 d_final=0.0
 Retrying in 1 seconds
[shaping_diag] success_cum_shaping=282.39 T=103 d_init=94.1 d_final=0.0
 Retrying in 1 seconds
[shaping_diag] success_cum_shaping=282.39 T=103 d_init=94.1 d_final=0.0
 Retrying in 1 seconds
[shaping_diag] success_cum_shaping=282.39 T=104 d_init=94.1 d_final=0.0
 Retrying in 1 seconds
[shaping_diag] success_cum_shaping=282.39 T=102 d_init=94.1 d_final=0.0
Warning: Vehicle 'other' performs emergency braking on lane ':center_8_0' with decel=9.00, wished=7.00, severity=1.00, time=7.40.
 Retrying in 1 seconds
 Retrying in 1 seconds
[shaping_diag] success_cum_shaping=282.39 T=102 d_init=94.1 d_final=0.0
 Retrying in 1 seconds
[shaping_diag] success_cum_shaping=282.39 T=104 d_init=94.1 d_final=0.0
 Retrying in 1 seconds
[shaping_diag] success_cum_shaping=282.39 T=103 d_init=94.1 d_final=0.0
 Retrying in 1 seconds
[shaping_diag] success_cum_shaping=282.39 T=105 d_init=94.1 d_final=0.0
 Retrying in 1 seconds
[shaping_diag] success_cum_shaping=282.39 T=112 d_init=94.1 d_final=0.0
 Retrying in 1 seconds
[shaping_diag] success_cum_shaping=282.39 T=104 d_init=94.1 d_final=0.0
  return=400.17 coll=0.050 success=0.950 ttc=6.14 ent=0.32 brakes=0.9
Saved results/ablation/tier1/1a_stem_right_drppo_nointent_s42/eval_drppo_1a_stem_right.csv
