 Retrying in 1 seconds
 Retrying in 1 seconds
 Retrying in 1 seconds
 Retrying in 1 seconds
 Retrying in 1 seconds
 Retrying in 1 seconds
 Retrying in 1 seconds
 Retrying in 1 seconds
 Retrying in 1 seconds
 Retrying in 1 seconds
 Retrying in 1 seconds
 Retrying in 1 seconds
[shaping_diag] success_cum_shaping=282.39 T=112 d_init=94.1 d_final=0.0
 Retrying in 1 seconds
[shaping_diag] success_cum_shaping=282.39 T=108 d_init=94.1 d_final=0.0
 Retrying in 1 seconds
[shaping_diag] success_cum_shaping=282.39 T=110 d_init=94.1 d_final=0.0
 Retrying in 1 seconds
 Retrying in 1 seconds
 Retrying in 1 seconds
 Retrying in 1 seconds
 Retrying in 1 seconds
[shaping_diag] success_cum_shaping=282.39 T=108 d_init=94.1 d_final=0.0
[drppo] step=4096 ret=143.40 coll=0 ttc=8.48
 Retrying in 1 seconds
 Retrying in 1 seconds
 Retrying in 1 seconds
 Retrying in 1 seconds
 Retrying in 1 seconds
 Retrying in 1 seconds
 Retrying in 1 seconds
 Retrying in 1 seconds
 Retrying in 1 seconds
 Retrying in 1 seconds
[shaping_diag] success_cum_shaping=282.39 T=411 d_init=94.1 d_final=0.0
 Retrying in 1 seconds
 Retrying in 1 seconds
 Retrying in 1 seconds
 Retrying in 1 seconds
 Retrying in 1 seconds
 Retrying in 1 seconds
 Retrying in 1 seconds
 Retrying in 1 seconds
 Retrying in 1 seconds
[shaping_diag] success_cum_shaping=282.39 T=414 d_init=94.1 d_final=0.0
 Retrying in 1 seconds
 Retrying in 1 seconds
[shaping_diag] success_cum_shaping=282.39 T=389 d_init=94.1 d_final=0.0
 Retrying in 1 seconds
[shaping_diag] success_cum_shaping=282.39 T=411 d_init=94.1 d_final=0.0
 Retrying in 1 seconds
[shaping_diag] success_cum_shaping=282.39 T=412 d_init=94.1 d_final=0.0
 Retrying in 1 seconds
[shaping_diag] success_cum_shaping=282.39 T=449 d_init=94.1 d_final=0.0
 Retrying in 1 seconds
 Retrying in 1 seconds
[shaping_diag] success_cum_shaping=282.39 T=303 d_init=94.1 d_final=0.0
 Retrying in 1 seconds
[shaping_diag] success_cum_shaping=282.39 T=415 d_init=94.1 d_final=0.0
 Retrying in 1 seconds
 Retrying in 1 seconds
[shaping_diag] success_cum_shaping=282.39 T=430 d_init=94.1 d_final=0.0
 Retrying in 1 seconds
 Retrying in 1 seconds
[shaping_diag] success_cum_shaping=282.39 T=351 d_init=94.1 d_final=0.0
 Retrying in 1 seconds
[shaping_diag] success_cum_shaping=282.39 T=429 d_init=94.1 d_final=0.0
 Retrying in 1 seconds
[shaping_diag] success_cum_shaping=282.39 T=426 d_init=94.1 d_final=0.0
 Retrying in 1 seconds
 Retrying in 1 seconds
 Retrying in 1 seconds
[shaping_diag] success_cum_shaping=282.39 T=431 d_init=94.1 d_final=0.0
 Retrying in 1 seconds
[shaping_diag] success_cum_shaping=282.39 T=460 d_init=94.1 d_final=0.0
 Retrying in 1 seconds
 Retrying in 1 seconds
 Retrying in 1 seconds
 Retrying in 1 seconds
 Retrying in 1 seconds
 Retrying in 1 seconds
[shaping_diag] success_cum_shaping=282.39 T=392 d_init=94.1 d_final=0.0
 Retrying in 1 seconds
[shaping_diag] success_cum_shaping=282.39 T=379 d_init=94.1 d_final=0.0
 Retrying in 1 seconds
 Retrying in 1 seconds
[shaping_diag] success_cum_shaping=282.39 T=371 d_init=94.1 d_final=0.0
 Retrying in 1 seconds
 Retrying in 1 seconds
[shaping_diag] success_cum_shaping=282.39 T=344 d_init=94.1 d_final=0.0
 Retrying in 1 seconds
[shaping_diag] success_cum_shaping=282.39 T=318 d_init=94.1 d_final=0.0
 Retrying in 1 seconds
[shaping_diag] success_cum_shaping=282.39 T=439 d_init=94.1 d_final=0.0
 Retrying in 1 seconds
[shaping_diag] success_cum_shaping=282.39 T=364 d_init=94.1 d_final=0.0
 Retrying in 1 seconds
[shaping_diag] success_cum_shaping=282.39 T=444 d_init=94.1 d_final=0.0
 Retrying in 1 seconds
[shaping_diag] success_cum_shaping=282.39 T=322 d_init=94.1 d_final=0.0
 Retrying in 1 seconds
[shaping_diag] success_cum_shaping=282.39 T=346 d_init=94.1 d_final=0.0
 Retrying in 1 seconds
[shaping_diag] success_cum_shaping=282.39 T=351 d_init=94.1 d_final=0.0
 Retrying in 1 seconds
[shaping_diag] success_cum_shaping=282.39 T=306 d_init=94.1 d_final=0.0
 Retrying in 1 seconds
[shaping_diag] success_cum_shaping=282.39 T=353 d_init=94.1 d_final=0.0
 Retrying in 1 seconds
[shaping_diag] success_cum_shaping=282.39 T=301 d_init=94.1 d_final=0.0
 Retrying in 1 seconds
 Retrying in 1 seconds
[shaping_diag] success_cum_shaping=282.39 T=260 d_init=94.1 d_final=0.0
 Retrying in 1 seconds
[shaping_diag] success_cum_shaping=282.39 T=342 d_init=94.1 d_final=0.0
 Retrying in 1 seconds
[shaping_diag] success_cum_shaping=282.39 T=309 d_init=94.1 d_final=0.0
 Retrying in 1 seconds
[shaping_diag] success_cum_shaping=282.39 T=324 d_init=94.1 d_final=0.0
 Retrying in 1 seconds
[shaping_diag] success_cum_shaping=282.39 T=337 d_init=94.1 d_final=0.0
 Retrying in 1 seconds
[shaping_diag] success_cum_shaping=282.39 T=302 d_init=94.1 d_final=0.0
 Retrying in 1 seconds
[shaping_diag] success_cum_shaping=282.39 T=373 d_init=94.1 d_final=0.0
 Retrying in 1 seconds
[shaping_diag] success_cum_shaping=282.39 T=311 d_init=94.1 d_final=0.0
 Retrying in 1 seconds
[shaping_diag] success_cum_shaping=282.39 T=314 d_init=94.1 d_final=0.0
 Retrying in 1 seconds
[shaping_diag] success_cum_shaping=282.39 T=343 d_init=94.1 d_final=0.0
 Retrying in 1 seconds
[shaping_diag] success_cum_shaping=282.39 T=311 d_init=94.1 d_final=0.0
 Retrying in 1 seconds
[shaping_diag] success_cum_shaping=282.39 T=327 d_init=94.1 d_final=0.0
 Retrying in 1 seconds
 Retrying in 1 seconds
[shaping_diag] success_cum_shaping=282.39 T=294 d_init=94.1 d_final=0.0
 Retrying in 1 seconds
[shaping_diag] success_cum_shaping=282.39 T=263 d_init=94.1 d_final=0.0
 Retrying in 1 seconds
[shaping_diag] success_cum_shaping=282.39 T=268 d_init=94.1 d_final=0.0
 Retrying in 1 seconds
[shaping_diag] success_cum_shaping=282.39 T=280 d_init=94.1 d_final=0.0
 Retrying in 1 seconds
[shaping_diag] success_cum_shaping=282.39 T=268 d_init=94.1 d_final=0.0
 Retrying in 1 seconds
[shaping_diag] success_cum_shaping=282.39 T=270 d_init=94.1 d_final=0.0
 Retrying in 1 seconds
[shaping_diag] success_cum_shaping=282.39 T=317 d_init=94.1 d_final=0.0
 Retrying in 1 seconds
[shaping_diag] success_cum_shaping=282.39 T=271 d_init=94.1 d_final=0.0
 Retrying in 1 seconds
[shaping_diag] success_cum_shaping=282.39 T=276 d_init=94.1 d_final=0.0
 Retrying in 1 seconds
[shaping_diag] success_cum_shaping=282.39 T=256 d_init=94.1 d_final=0.0
 Retrying in 1 seconds
[shaping_diag] success_cum_shaping=282.39 T=278 d_init=94.1 d_final=0.0
 Retrying in 1 seconds
[shaping_diag] success_cum_shaping=282.39 T=300 d_init=94.1 d_final=0.0
 Retrying in 1 seconds
[shaping_diag] success_cum_shaping=282.39 T=285 d_init=94.1 d_final=0.0
 Retrying in 1 seconds
[shaping_diag] success_cum_shaping=282.39 T=308 d_init=94.1 d_final=0.0
 Retrying in 1 seconds
 Retrying in 1 seconds
[shaping_diag] success_cum_shaping=282.39 T=263 d_init=94.1 d_final=0.0
 Retrying in 1 seconds
[shaping_diag] success_cum_shaping=282.39 T=302 d_init=94.1 d_final=0.0
 Retrying in 1 seconds
[shaping_diag] success_cum_shaping=282.39 T=273 d_init=94.1 d_final=0.0
 Retrying in 1 seconds
[shaping_diag] success_cum_shaping=282.39 T=266 d_init=94.1 d_final=0.0
 Retrying in 1 seconds
[shaping_diag] success_cum_shaping=282.39 T=333 d_init=94.1 d_final=0.0
 Retrying in 1 seconds
[shaping_diag] success_cum_shaping=282.39 T=262 d_init=94.1 d_final=0.0
 Retrying in 1 seconds
[shaping_diag] success_cum_shaping=282.39 T=294 d_init=94.1 d_final=0.0
 Retrying in 1 seconds
[shaping_diag] success_cum_shaping=282.39 T=278 d_init=94.1 d_final=0.0
 Retrying in 1 seconds
[shaping_diag] success_cum_shaping=282.39 T=250 d_init=94.1 d_final=0.0
 Retrying in 1 seconds
[shaping_diag] success_cum_shaping=282.39 T=280 d_init=94.1 d_final=0.0
 Retrying in 1 seconds
[shaping_diag] success_cum_shaping=282.39 T=261 d_init=94.1 d_final=0.0
 Retrying in 1 seconds
[shaping_diag] success_cum_shaping=282.39 T=258 d_init=94.1 d_final=0.0
 Retrying in 1 seconds
[shaping_diag] success_cum_shaping=282.39 T=284 d_init=94.1 d_final=0.0
 Retrying in 1 seconds
[shaping_diag] success_cum_shaping=282.39 T=266 d_init=94.1 d_final=0.0
 Retrying in 1 seconds
 Retrying in 1 seconds
[shaping_diag] success_cum_shaping=282.39 T=232 d_init=94.1 d_final=0.0
 Retrying in 1 seconds
[shaping_diag] success_cum_shaping=282.39 T=279 d_init=94.1 d_final=0.0
 Retrying in 1 seconds
[shaping_diag] success_cum_shaping=282.39 T=283 d_init=94.1 d_final=0.0
 Retrying in 1 seconds
[shaping_diag] success_cum_shaping=282.39 T=256 d_init=94.1 d_final=0.0
 Retrying in 1 seconds
[shaping_diag] success_cum_shaping=282.39 T=270 d_init=94.1 d_final=0.0
 Retrying in 1 seconds
[shaping_diag] success_cum_shaping=282.39 T=264 d_init=94.1 d_final=0.0
 Retrying in 1 seconds
[shaping_diag] success_cum_shaping=282.39 T=249 d_init=94.1 d_final=0.0
 Retrying in 1 seconds
[shaping_diag] success_cum_shaping=282.39 T=259 d_init=94.1 d_final=0.0
 Retrying in 1 seconds
[shaping_diag] success_cum_shaping=282.39 T=256 d_init=94.1 d_final=0.0
 Retrying in 1 seconds
[shaping_diag] success_cum_shaping=282.39 T=255 d_init=94.1 d_final=0.0
 Retrying in 1 seconds
[shaping_diag] success_cum_shaping=282.39 T=269 d_init=94.1 d_final=0.0
 Retrying in 1 seconds
[shaping_diag] success_cum_shaping=282.39 T=276 d_init=94.1 d_final=0.0
 Retrying in 1 seconds
[shaping_diag] success_cum_shaping=282.39 T=235 d_init=94.1 d_final=0.0
 Retrying in 1 seconds
[shaping_diag] success_cum_shaping=282.39 T=256 d_init=94.1 d_final=0.0
 Retrying in 1 seconds
[shaping_diag] success_cum_shaping=282.39 T=289 d_init=94.1 d_final=0.0
 Retrying in 1 seconds
 Retrying in 1 seconds
 Retrying in 1 seconds
[shaping_diag] success_cum_shaping=282.39 T=140 d_init=94.1 d_final=0.0
 Retrying in 1 seconds
[shaping_diag] success_cum_shaping=282.39 T=143 d_init=94.1 d_final=0.0
 Retrying in 1 seconds
[shaping_diag] success_cum_shaping=282.39 T=104 d_init=94.1 d_final=0.0
 Retrying in 1 seconds
[shaping_diag] success_cum_shaping=282.39 T=104 d_init=94.1 d_final=0.0
 Retrying in 1 seconds
[shaping_diag] success_cum_shaping=282.39 T=104 d_init=94.1 d_final=0.0
 Retrying in 1 seconds
[shaping_diag] success_cum_shaping=282.39 T=116 d_init=94.1 d_final=0.0
 Retrying in 1 seconds
[shaping_diag] success_cum_shaping=282.39 T=111 d_init=94.1 d_final=0.0
 Retrying in 1 seconds
[shaping_diag] success_cum_shaping=282.39 T=110 d_init=94.1 d_final=0.0
 Retrying in 1 seconds
[shaping_diag] success_cum_shaping=282.39 T=141 d_init=94.1 d_final=0.0
[drppo] step=45056 ret=246.91 coll=1 ttc=5.48
 Retrying in 1 seconds
[shaping_diag] success_cum_shaping=282.39 T=264 d_init=94.1 d_final=0.0
 Retrying in 1 seconds
[shaping_diag] success_cum_shaping=282.39 T=274 d_init=94.1 d_final=0.0
 Retrying in 1 seconds
[shaping_diag] success_cum_shaping=282.39 T=245 d_init=94.1 d_final=0.0
 Retrying in 1 seconds
[shaping_diag] success_cum_shaping=282.39 T=249 d_init=94.1 d_final=0.0
 Retrying in 1 seconds
[shaping_diag] success_cum_shaping=282.39 T=201 d_init=94.1 d_final=0.0
 Retrying in 1 seconds
[shaping_diag] success_cum_shaping=282.39 T=230 d_init=94.1 d_final=0.0
 Retrying in 1 seconds
[shaping_diag] success_cum_shaping=282.39 T=280 d_init=94.1 d_final=0.0
 Retrying in 1 seconds
[shaping_diag] success_cum_shaping=282.39 T=258 d_init=94.1 d_final=0.0
 Retrying in 1 seconds
[shaping_diag] success_cum_shaping=282.39 T=249 d_init=94.1 d_final=0.0
 Retrying in 1 seconds
[shaping_diag] success_cum_shaping=282.39 T=272 d_init=94.1 d_final=0.0
 Retrying in 1 seconds
[shaping_diag] success_cum_shaping=282.39 T=270 d_init=94.1 d_final=0.0
 Retrying in 1 seconds
[shaping_diag] success_cum_shaping=282.39 T=274 d_init=94.1 d_final=0.0
 Retrying in 1 seconds
[shaping_diag] success_cum_shaping=282.39 T=249 d_init=94.1 d_final=0.0
 Retrying in 1 seconds
[shaping_diag] success_cum_shaping=282.39 T=257 d_init=94.1 d_final=0.0
 Retrying in 1 seconds
[shaping_diag] success_cum_shaping=282.39 T=268 d_init=94.1 d_final=0.0
 Retrying in 1 seconds
 Retrying in 1 seconds
[shaping_diag] success_cum_shaping=282.39 T=259 d_init=94.1 d_final=0.0
 Retrying in 1 seconds
[shaping_diag] success_cum_shaping=282.39 T=217 d_init=94.1 d_final=0.0
 Retrying in 1 seconds
[shaping_diag] success_cum_shaping=282.39 T=286 d_init=94.1 d_final=0.0
 Retrying in 1 seconds
[shaping_diag] success_cum_shaping=282.39 T=271 d_init=94.1 d_final=0.0
 Retrying in 1 seconds
[shaping_diag] success_cum_shaping=282.39 T=250 d_init=94.1 d_final=0.0
 Retrying in 1 seconds
[shaping_diag] success_cum_shaping=282.39 T=247 d_init=94.1 d_final=0.0
 Retrying in 1 seconds
[shaping_diag] success_cum_shaping=282.39 T=243 d_init=94.1 d_final=0.0
 Retrying in 1 seconds
[shaping_diag] success_cum_shaping=282.39 T=268 d_init=94.1 d_final=0.0
 Retrying in 1 seconds
[shaping_diag] success_cum_shaping=282.39 T=247 d_init=94.1 d_final=0.0
 Retrying in 1 seconds
[shaping_diag] success_cum_shaping=282.39 T=239 d_init=94.1 d_final=0.0
 Retrying in 1 seconds
[shaping_diag] success_cum_shaping=282.39 T=221 d_init=94.1 d_final=0.0
 Retrying in 1 seconds
[shaping_diag] success_cum_shaping=282.39 T=258 d_init=94.1 d_final=0.0
 Retrying in 1 seconds
[shaping_diag] success_cum_shaping=282.39 T=239 d_init=94.1 d_final=0.0
 Retrying in 1 seconds
[shaping_diag] success_cum_shaping=282.39 T=260 d_init=94.1 d_final=0.0
 Retrying in 1 seconds
[shaping_diag] success_cum_shaping=282.39 T=261 d_init=94.1 d_final=0.0
 Retrying in 1 seconds
[shaping_diag] success_cum_shaping=282.39 T=232 d_init=94.1 d_final=0.0
 Retrying in 1 seconds
 Retrying in 1 seconds
[shaping_diag] success_cum_shaping=282.39 T=247 d_init=94.1 d_final=0.0
 Retrying in 1 seconds
[shaping_diag] success_cum_shaping=282.39 T=222 d_init=94.1 d_final=0.0
 Retrying in 1 seconds
[shaping_diag] success_cum_shaping=282.39 T=267 d_init=94.1 d_final=0.0
 Retrying in 1 seconds
[shaping_diag] success_cum_shaping=282.39 T=250 d_init=94.1 d_final=0.0
 Retrying in 1 seconds
[shaping_diag] success_cum_shaping=282.39 T=250 d_init=94.1 d_final=0.0
 Retrying in 1 seconds
[shaping_diag] success_cum_shaping=282.39 T=235 d_init=94.1 d_final=0.0
 Retrying in 1 seconds
[shaping_diag] success_cum_shaping=282.39 T=243 d_init=94.1 d_final=0.0
 Retrying in 1 seconds
[shaping_diag] success_cum_shaping=282.39 T=251 d_init=94.1 d_final=0.0
 Retrying in 1 seconds
[shaping_diag] success_cum_shaping=282.39 T=197 d_init=94.1 d_final=0.0
 Retrying in 1 seconds
[shaping_diag] success_cum_shaping=282.39 T=210 d_init=94.1 d_final=0.0
 Retrying in 1 seconds
[shaping_diag] success_cum_shaping=282.39 T=274 d_init=94.1 d_final=0.0
 Retrying in 1 seconds
[shaping_diag] success_cum_shaping=282.39 T=258 d_init=94.1 d_final=0.0
 Retrying in 1 seconds
[shaping_diag] success_cum_shaping=282.39 T=224 d_init=94.1 d_final=0.0
 Retrying in 1 seconds
[shaping_diag] success_cum_shaping=282.39 T=245 d_init=94.1 d_final=0.0
 Retrying in 1 seconds
[shaping_diag] success_cum_shaping=282.39 T=252 d_init=94.1 d_final=0.0
 Retrying in 1 seconds
[shaping_diag] success_cum_shaping=282.39 T=211 d_init=94.1 d_final=0.0
 Retrying in 1 seconds
[shaping_diag] success_cum_shaping=282.39 T=245 d_init=94.1 d_final=0.0
 Retrying in 1 seconds
 Retrying in 1 seconds
[shaping_diag] success_cum_shaping=282.39 T=274 d_init=94.1 d_final=0.0
 Retrying in 1 seconds
[shaping_diag] success_cum_shaping=282.39 T=235 d_init=94.1 d_final=0.0
 Retrying in 1 seconds
[shaping_diag] success_cum_shaping=282.39 T=217 d_init=94.1 d_final=0.0
 Retrying in 1 seconds
[shaping_diag] success_cum_shaping=282.39 T=248 d_init=94.1 d_final=0.0
 Retrying in 1 seconds
[shaping_diag] success_cum_shaping=282.39 T=238 d_init=94.1 d_final=0.0
 Retrying in 1 seconds
[shaping_diag] success_cum_shaping=282.39 T=250 d_init=94.1 d_final=0.0
 Retrying in 1 seconds
[shaping_diag] success_cum_shaping=282.39 T=218 d_init=94.1 d_final=0.0
 Retrying in 1 seconds
[shaping_diag] success_cum_shaping=282.39 T=226 d_init=94.1 d_final=0.0
 Retrying in 1 seconds
[shaping_diag] success_cum_shaping=282.39 T=246 d_init=94.1 d_final=0.0
 Retrying in 1 seconds
[shaping_diag] success_cum_shaping=282.39 T=247 d_init=94.1 d_final=0.0
 Retrying in 1 seconds
[shaping_diag] success_cum_shaping=282.39 T=216 d_init=94.1 d_final=0.0
 Retrying in 1 seconds
[shaping_diag] success_cum_shaping=282.39 T=232 d_init=94.1 d_final=0.0
 Retrying in 1 seconds
[shaping_diag] success_cum_shaping=282.39 T=247 d_init=94.1 d_final=0.0
 Retrying in 1 seconds
[shaping_diag] success_cum_shaping=282.39 T=239 d_init=94.1 d_final=0.0
 Retrying in 1 seconds
[shaping_diag] success_cum_shaping=282.39 T=225 d_init=94.1 d_final=0.0
 Retrying in 1 seconds
[shaping_diag] success_cum_shaping=282.39 T=213 d_init=94.1 d_final=0.0
 Retrying in 1 seconds
[shaping_diag] success_cum_shaping=282.39 T=210 d_init=94.1 d_final=0.0
 Retrying in 1 seconds
 Retrying in 1 seconds
[shaping_diag] success_cum_shaping=282.39 T=195 d_init=94.1 d_final=0.0
 Retrying in 1 seconds
[shaping_diag] success_cum_shaping=282.39 T=211 d_init=94.1 d_final=0.0
 Retrying in 1 seconds
[shaping_diag] success_cum_shaping=282.39 T=213 d_init=94.1 d_final=0.0
 Retrying in 1 seconds
[shaping_diag] success_cum_shaping=282.39 T=243 d_init=94.1 d_final=0.0
 Retrying in 1 seconds
[shaping_diag] success_cum_shaping=282.39 T=225 d_init=94.1 d_final=0.0
 Retrying in 1 seconds
[shaping_diag] success_cum_shaping=282.39 T=242 d_init=94.1 d_final=0.0
 Retrying in 1 seconds
[shaping_diag] success_cum_shaping=282.39 T=232 d_init=94.1 d_final=0.0
 Retrying in 1 seconds
[shaping_diag] success_cum_shaping=282.39 T=211 d_init=94.1 d_final=0.0
 Retrying in 1 seconds
[shaping_diag] success_cum_shaping=282.39 T=207 d_init=94.1 d_final=0.0
 Retrying in 1 seconds
[shaping_diag] success_cum_shaping=282.39 T=234 d_init=94.1 d_final=0.0
 Retrying in 1 seconds
[shaping_diag] success_cum_shaping=282.39 T=208 d_init=94.1 d_final=0.0
 Retrying in 1 seconds
[shaping_diag] success_cum_shaping=282.39 T=222 d_init=94.1 d_final=0.0
 Retrying in 1 seconds
[shaping_diag] success_cum_shaping=282.39 T=194 d_init=94.1 d_final=0.0
 Retrying in 1 seconds
[shaping_diag] success_cum_shaping=282.39 T=215 d_init=94.1 d_final=0.0
 Retrying in 1 seconds
[shaping_diag] success_cum_shaping=282.39 T=230 d_init=94.1 d_final=0.0
 Retrying in 1 seconds
[shaping_diag] success_cum_shaping=282.39 T=241 d_init=94.1 d_final=0.0
 Retrying in 1 seconds
[shaping_diag] success_cum_shaping=282.39 T=230 d_init=94.1 d_final=0.0
 Retrying in 1 seconds
[shaping_diag] success_cum_shaping=282.39 T=223 d_init=94.1 d_final=0.0
 Retrying in 1 seconds
 Retrying in 1 seconds
[shaping_diag] success_cum_shaping=282.39 T=195 d_init=94.1 d_final=0.0
 Retrying in 1 seconds
[shaping_diag] success_cum_shaping=282.39 T=213 d_init=94.1 d_final=0.0
 Retrying in 1 seconds
[shaping_diag] success_cum_shaping=282.39 T=242 d_init=94.1 d_final=0.0
 Retrying in 1 seconds
[shaping_diag] success_cum_shaping=282.39 T=203 d_init=94.1 d_final=0.0
 Retrying in 1 seconds
[shaping_diag] success_cum_shaping=282.39 T=155 d_init=94.1 d_final=0.0
 Retrying in 1 seconds
[shaping_diag] success_cum_shaping=282.39 T=214 d_init=94.1 d_final=0.0
 Retrying in 1 seconds
[shaping_diag] success_cum_shaping=282.39 T=199 d_init=94.1 d_final=0.0
 Retrying in 1 seconds
[shaping_diag] success_cum_shaping=282.39 T=219 d_init=94.1 d_final=0.0
 Retrying in 1 seconds
[shaping_diag] success_cum_shaping=282.39 T=212 d_init=94.1 d_final=0.0
 Retrying in 1 seconds
[shaping_diag] success_cum_shaping=282.39 T=215 d_init=94.1 d_final=0.0
 Retrying in 1 seconds
[shaping_diag] success_cum_shaping=282.39 T=241 d_init=94.1 d_final=0.0
 Retrying in 1 seconds
[shaping_diag] success_cum_shaping=282.39 T=216 d_init=94.1 d_final=0.0
 Retrying in 1 seconds
[shaping_diag] success_cum_shaping=282.39 T=227 d_init=94.1 d_final=0.0
 Retrying in 1 seconds
[shaping_diag] success_cum_shaping=282.39 T=225 d_init=94.1 d_final=0.0
 Retrying in 1 seconds
[shaping_diag] success_cum_shaping=282.39 T=181 d_init=94.1 d_final=0.0
 Retrying in 1 seconds
[shaping_diag] success_cum_shaping=282.39 T=189 d_init=94.1 d_final=0.0
 Retrying in 1 seconds
[shaping_diag] success_cum_shaping=282.39 T=206 d_init=94.1 d_final=0.0
 Retrying in 1 seconds
[shaping_diag] success_cum_shaping=282.39 T=224 d_init=94.1 d_final=0.0
 Retrying in 1 seconds
[shaping_diag] success_cum_shaping=282.39 T=204 d_init=94.1 d_final=0.0
 Retrying in 1 seconds
 Retrying in 1 seconds
[shaping_diag] success_cum_shaping=282.39 T=192 d_init=94.1 d_final=0.0
 Retrying in 1 seconds
[shaping_diag] success_cum_shaping=282.39 T=230 d_init=94.1 d_final=0.0
 Retrying in 1 seconds
[shaping_diag] success_cum_shaping=282.39 T=227 d_init=94.1 d_final=0.0
 Retrying in 1 seconds
[shaping_diag] success_cum_shaping=282.39 T=203 d_init=94.1 d_final=0.0
 Retrying in 1 seconds
[shaping_diag] success_cum_shaping=282.39 T=199 d_init=94.1 d_final=0.0
 Retrying in 1 seconds
[shaping_diag] success_cum_shaping=282.39 T=224 d_init=94.1 d_final=0.0
 Retrying in 1 seconds
[shaping_diag] success_cum_shaping=282.39 T=196 d_init=94.1 d_final=0.0
 Retrying in 1 seconds
[shaping_diag] success_cum_shaping=282.39 T=232 d_init=94.1 d_final=0.0
 Retrying in 1 seconds
[shaping_diag] success_cum_shaping=282.39 T=217 d_init=94.1 d_final=0.0
 Retrying in 1 seconds
[shaping_diag] success_cum_shaping=282.39 T=205 d_init=94.1 d_final=0.0
 Retrying in 1 seconds
[shaping_diag] success_cum_shaping=282.39 T=157 d_init=94.1 d_final=0.0
 Retrying in 1 seconds
[shaping_diag] success_cum_shaping=282.39 T=188 d_init=94.1 d_final=0.0
 Retrying in 1 seconds
[shaping_diag] success_cum_shaping=282.39 T=173 d_init=94.1 d_final=0.0
 Retrying in 1 seconds
[shaping_diag] success_cum_shaping=282.39 T=193 d_init=94.1 d_final=0.0
 Retrying in 1 seconds
[shaping_diag] success_cum_shaping=282.39 T=226 d_init=94.1 d_final=0.0
 Retrying in 1 seconds
[shaping_diag] success_cum_shaping=282.39 T=188 d_init=94.1 d_final=0.0
 Retrying in 1 seconds
[shaping_diag] success_cum_shaping=282.39 T=213 d_init=94.1 d_final=0.0
 Retrying in 1 seconds
[shaping_diag] success_cum_shaping=282.39 T=220 d_init=94.1 d_final=0.0
 Retrying in 1 seconds
[shaping_diag] success_cum_shaping=282.39 T=211 d_init=94.1 d_final=0.0
 Retrying in 1 seconds
 Retrying in 1 seconds
[shaping_diag] success_cum_shaping=282.39 T=215 d_init=94.1 d_final=0.0
 Retrying in 1 seconds
[shaping_diag] success_cum_shaping=282.39 T=181 d_init=94.1 d_final=0.0
 Retrying in 1 seconds
[shaping_diag] success_cum_shaping=282.39 T=215 d_init=94.1 d_final=0.0
 Retrying in 1 seconds
[shaping_diag] success_cum_shaping=282.39 T=148 d_init=94.1 d_final=0.0
Warning: Vehicle 'other2' performs emergency braking on lane ':center_8_0' with decel=9.00, wished=4.00, severity=1.00, time=11.10.
 Retrying in 1 seconds
 Retrying in 1 seconds
[shaping_diag] success_cum_shaping=282.39 T=147 d_init=94.1 d_final=0.0
 Retrying in 1 seconds
[shaping_diag] success_cum_shaping=282.39 T=190 d_init=94.1 d_final=0.0
 Retrying in 1 seconds
[shaping_diag] success_cum_shaping=282.39 T=168 d_init=94.1 d_final=0.0
 Retrying in 1 seconds
[shaping_diag] success_cum_shaping=282.39 T=219 d_init=94.1 d_final=0.0
 Retrying in 1 seconds
[shaping_diag] success_cum_shaping=282.39 T=139 d_init=94.1 d_final=0.0
 Retrying in 1 seconds
[shaping_diag] success_cum_shaping=282.39 T=174 d_init=94.1 d_final=0.0
 Retrying in 1 seconds
[shaping_diag] success_cum_shaping=282.39 T=172 d_init=94.1 d_final=0.0
 Retrying in 1 seconds
[shaping_diag] success_cum_shaping=282.39 T=206 d_init=94.1 d_final=0.0
 Retrying in 1 seconds
[shaping_diag] success_cum_shaping=282.39 T=189 d_init=94.1 d_final=0.0
Warning: Vehicle 'other2' performs emergency braking on lane ':center_8_0' with decel=9.00, wished=4.00, severity=1.00, time=12.50.
 Retrying in 1 seconds
[shaping_diag] success_cum_shaping=282.39 T=159 d_init=94.1 d_final=0.0
 Retrying in 1 seconds
[shaping_diag] success_cum_shaping=282.39 T=235 d_init=94.1 d_final=0.0
 Retrying in 1 seconds
[shaping_diag] success_cum_shaping=282.39 T=146 d_init=94.1 d_final=0.0
 Retrying in 1 seconds
[shaping_diag] success_cum_shaping=282.39 T=222 d_init=94.1 d_final=0.0
 Retrying in 1 seconds
[shaping_diag] success_cum_shaping=282.39 T=144 d_init=94.1 d_final=0.0
 Retrying in 1 seconds
[shaping_diag] success_cum_shaping=282.39 T=250 d_init=94.1 d_final=0.0
 Retrying in 1 seconds
[shaping_diag] success_cum_shaping=282.39 T=205 d_init=94.1 d_final=0.0
 Retrying in 1 seconds
[shaping_diag] success_cum_shaping=282.39 T=215 d_init=94.1 d_final=0.0
 Retrying in 1 seconds
 Retrying in 1 seconds
[shaping_diag] success_cum_shaping=282.39 T=205 d_init=94.1 d_final=0.0
 Retrying in 1 seconds
[shaping_diag] success_cum_shaping=282.39 T=203 d_init=94.1 d_final=0.0
 Retrying in 1 seconds
[shaping_diag] success_cum_shaping=282.39 T=212 d_init=94.1 d_final=0.0
 Retrying in 1 seconds
[shaping_diag] success_cum_shaping=282.39 T=186 d_init=94.1 d_final=0.0
 Retrying in 1 seconds
[shaping_diag] success_cum_shaping=282.39 T=120 d_init=94.1 d_final=0.0
 Retrying in 1 seconds
[shaping_diag] success_cum_shaping=282.39 T=209 d_init=94.1 d_final=0.0
 Retrying in 1 seconds
[shaping_diag] success_cum_shaping=282.39 T=142 d_init=94.1 d_final=0.0
 Retrying in 1 seconds
[shaping_diag] success_cum_shaping=282.39 T=261 d_init=94.1 d_final=0.0
 Retrying in 1 seconds
[shaping_diag] success_cum_shaping=282.39 T=134 d_init=94.1 d_final=0.0
 Retrying in 1 seconds
[shaping_diag] success_cum_shaping=282.39 T=146 d_init=94.1 d_final=0.0
 Retrying in 1 seconds
[shaping_diag] success_cum_shaping=282.39 T=201 d_init=94.1 d_final=0.0
 Retrying in 1 seconds
[shaping_diag] success_cum_shaping=282.39 T=171 d_init=94.1 d_final=0.0
 Retrying in 1 seconds
[shaping_diag] success_cum_shaping=282.39 T=147 d_init=94.1 d_final=0.0
 Retrying in 1 seconds
[shaping_diag] success_cum_shaping=282.39 T=204 d_init=94.1 d_final=0.0
 Retrying in 1 seconds
[shaping_diag] success_cum_shaping=282.39 T=160 d_init=94.1 d_final=0.0
 Retrying in 1 seconds
[shaping_diag] success_cum_shaping=282.39 T=185 d_init=94.1 d_final=0.0
 Retrying in 1 seconds
[shaping_diag] success_cum_shaping=282.39 T=187 d_init=94.1 d_final=0.0
 Retrying in 1 seconds
[shaping_diag] success_cum_shaping=282.39 T=211 d_init=94.1 d_final=0.0
 Retrying in 1 seconds
[shaping_diag] success_cum_shaping=282.39 T=228 d_init=94.1 d_final=0.0
 Retrying in 1 seconds
[shaping_diag] success_cum_shaping=282.39 T=235 d_init=94.1 d_final=0.0
 Retrying in 1 seconds
[shaping_diag] success_cum_shaping=282.39 T=217 d_init=94.1 d_final=0.0
 Retrying in 1 seconds
 Retrying in 1 seconds
[shaping_diag] success_cum_shaping=282.39 T=186 d_init=94.1 d_final=0.0
 Retrying in 1 seconds
[shaping_diag] success_cum_shaping=282.39 T=174 d_init=94.1 d_final=0.0
 Retrying in 1 seconds
[shaping_diag] success_cum_shaping=282.39 T=191 d_init=94.1 d_final=0.0
 Retrying in 1 seconds
[shaping_diag] success_cum_shaping=282.39 T=215 d_init=94.1 d_final=0.0
 Retrying in 1 seconds
[shaping_diag] success_cum_shaping=282.39 T=213 d_init=94.1 d_final=0.0
 Retrying in 1 seconds
[shaping_diag] success_cum_shaping=282.39 T=190 d_init=94.1 d_final=0.0
 Retrying in 1 seconds
[shaping_diag] success_cum_shaping=282.39 T=201 d_init=94.1 d_final=0.0
Warning: Vehicle 'other2' performs emergency braking on lane ':center_8_0' with decel=9.00, wished=6.00, severity=1.00, time=9.80.
Warning: Vehicle 'ego'; junction collision with vehicle 'other2', lane=':center_4_0', gap=-1.00, time=10.10 stage=move.
Warning: Vehicle 'other' performs emergency braking on lane ':center_8_0' with decel=9.00, wished=4.00, severity=1.00, time=9.80.
 Retrying in 1 seconds
 Retrying in 1 seconds
[shaping_diag] success_cum_shaping=282.39 T=131 d_init=94.1 d_final=0.0
 Retrying in 1 seconds
[shaping_diag] success_cum_shaping=282.39 T=137 d_init=94.1 d_final=0.0
 Retrying in 1 seconds
[shaping_diag] success_cum_shaping=282.39 T=199 d_init=94.1 d_final=0.0
 Retrying in 1 seconds
[shaping_diag] success_cum_shaping=282.39 T=196 d_init=94.1 d_final=0.0
 Retrying in 1 seconds
[shaping_diag] success_cum_shaping=282.39 T=205 d_init=94.1 d_final=0.0
 Retrying in 1 seconds
[shaping_diag] success_cum_shaping=282.39 T=120 d_init=94.1 d_final=0.0
 Retrying in 1 seconds
[shaping_diag] success_cum_shaping=282.39 T=193 d_init=94.1 d_final=0.0
 Retrying in 1 seconds
[shaping_diag] success_cum_shaping=282.39 T=162 d_init=94.1 d_final=0.0
 Retrying in 1 seconds
[shaping_diag] success_cum_shaping=282.39 T=120 d_init=94.1 d_final=0.0
 Retrying in 1 seconds
[shaping_diag] success_cum_shaping=282.39 T=205 d_init=94.1 d_final=0.0
 Retrying in 1 seconds
[shaping_diag] success_cum_shaping=282.39 T=119 d_init=94.1 d_final=0.0
 Retrying in 1 seconds
[shaping_diag] success_cum_shaping=282.39 T=226 d_init=94.1 d_final=0.0
 Retrying in 1 seconds
[shaping_diag] success_cum_shaping=282.39 T=143 d_init=94.1 d_final=0.0
 Retrying in 1 seconds
[shaping_diag] success_cum_shaping=282.39 T=225 d_init=94.1 d_final=0.0
 Retrying in 1 seconds
[shaping_diag] success_cum_shaping=282.39 T=171 d_init=94.1 d_final=0.0
 Retrying in 1 seconds
 Retrying in 1 seconds
[shaping_diag] success_cum_shaping=282.39 T=102 d_init=94.1 d_final=0.0
 Retrying in 1 seconds
[shaping_diag] success_cum_shaping=282.39 T=102 d_init=94.1 d_final=0.0
 Retrying in 1 seconds
[shaping_diag] success_cum_shaping=282.39 T=102 d_init=94.1 d_final=0.0
 Retrying in 1 seconds
[shaping_diag] success_cum_shaping=282.39 T=102 d_init=94.1 d_final=0.0
 Retrying in 1 seconds
[shaping_diag] success_cum_shaping=282.39 T=102 d_init=94.1 d_final=0.0
 Retrying in 1 seconds
[shaping_diag] success_cum_shaping=282.39 T=102 d_init=94.1 d_final=0.0
 Retrying in 1 seconds
[shaping_diag] success_cum_shaping=282.39 T=102 d_init=94.1 d_final=0.0
 Retrying in 1 seconds
[shaping_diag] success_cum_shaping=282.39 T=102 d_init=94.1 d_final=0.0
 Retrying in 1 seconds
[shaping_diag] success_cum_shaping=282.39 T=102 d_init=94.1 d_final=0.0
 Retrying in 1 seconds
[shaping_diag] success_cum_shaping=282.39 T=102 d_init=94.1 d_final=0.0
[drppo] step=86016 ret=314.48 coll=0 ttc=6.59
 Retrying in 1 seconds
[shaping_diag] success_cum_shaping=282.39 T=220 d_init=94.1 d_final=0.0
 Retrying in 1 seconds
[shaping_diag] success_cum_shaping=282.39 T=172 d_init=94.1 d_final=0.0
 Retrying in 1 seconds
[shaping_diag] success_cum_shaping=282.39 T=144 d_init=94.1 d_final=0.0
 Retrying in 1 seconds
[shaping_diag] success_cum_shaping=282.39 T=139 d_init=94.1 d_final=0.0
 Retrying in 1 seconds
[shaping_diag] success_cum_shaping=282.39 T=200 d_init=94.1 d_final=0.0
 Retrying in 1 seconds
[shaping_diag] success_cum_shaping=282.39 T=189 d_init=94.1 d_final=0.0
 Retrying in 1 seconds
[shaping_diag] success_cum_shaping=282.39 T=219 d_init=94.1 d_final=0.0
Warning: Vehicle 'other' performs emergency braking on lane ':center_8_0' with decel=9.00, wished=4.00, severity=1.00, time=9.60.
 Retrying in 1 seconds
[shaping_diag] success_cum_shaping=282.39 T=132 d_init=94.1 d_final=0.0
 Retrying in 1 seconds
[shaping_diag] success_cum_shaping=282.39 T=116 d_init=94.1 d_final=0.0
Warning: Vehicle 'ego'; junction collision with vehicle 'other', lane=':center_4_0', gap=-1.00, time=8.20 stage=move.
 Retrying in 1 seconds
 Retrying in 1 seconds
[shaping_diag] success_cum_shaping=282.39 T=172 d_init=94.1 d_final=0.0
 Retrying in 1 seconds
[shaping_diag] success_cum_shaping=282.39 T=131 d_init=94.1 d_final=0.0
 Retrying in 1 seconds
[shaping_diag] success_cum_shaping=282.39 T=181 d_init=94.1 d_final=0.0
 Retrying in 1 seconds
[shaping_diag] success_cum_shaping=282.39 T=200 d_init=94.1 d_final=0.0
 Retrying in 1 seconds
[shaping_diag] success_cum_shaping=282.39 T=130 d_init=94.1 d_final=0.0
 Retrying in 1 seconds
[shaping_diag] success_cum_shaping=282.39 T=182 d_init=94.1 d_final=0.0
 Retrying in 1 seconds
[shaping_diag] success_cum_shaping=282.39 T=130 d_init=94.1 d_final=0.0
 Retrying in 1 seconds
[shaping_diag] success_cum_shaping=282.39 T=179 d_init=94.1 d_final=0.0
 Retrying in 1 seconds
[shaping_diag] success_cum_shaping=282.39 T=203 d_init=94.1 d_final=0.0
 Retrying in 1 seconds
[shaping_diag] success_cum_shaping=282.39 T=117 d_init=94.1 d_final=0.0
 Retrying in 1 seconds
[shaping_diag] success_cum_shaping=282.39 T=145 d_init=94.1 d_final=0.0
 Retrying in 1 seconds
[shaping_diag] success_cum_shaping=282.39 T=115 d_init=94.1 d_final=0.0
 Retrying in 1 seconds
[shaping_diag] success_cum_shaping=282.39 T=224 d_init=94.1 d_final=0.0
 Retrying in 1 seconds
[shaping_diag] success_cum_shaping=282.39 T=196 d_init=94.1 d_final=0.0
Warning: Vehicle 'other' performs emergency braking on lane ':center_8_0' with decel=9.00, wished=4.00, severity=1.00, time=8.80.
 Retrying in 1 seconds
 Retrying in 1 seconds
[shaping_diag] success_cum_shaping=282.39 T=122 d_init=94.1 d_final=0.0
 Retrying in 1 seconds
[shaping_diag] success_cum_shaping=282.39 T=124 d_init=94.1 d_final=0.0
 Retrying in 1 seconds
[shaping_diag] success_cum_shaping=282.39 T=121 d_init=94.1 d_final=0.0
 Retrying in 1 seconds
[shaping_diag] success_cum_shaping=282.39 T=121 d_init=94.1 d_final=0.0
 Retrying in 1 seconds
[shaping_diag] success_cum_shaping=282.39 T=192 d_init=94.1 d_final=0.0
 Retrying in 1 seconds
[shaping_diag] success_cum_shaping=282.39 T=141 d_init=94.1 d_final=0.0
 Retrying in 1 seconds
[shaping_diag] success_cum_shaping=282.39 T=126 d_init=94.1 d_final=0.0
 Retrying in 1 seconds
[shaping_diag] success_cum_shaping=282.39 T=121 d_init=94.1 d_final=0.0
 Retrying in 1 seconds
[shaping_diag] success_cum_shaping=282.39 T=143 d_init=94.1 d_final=0.0
 Retrying in 1 seconds
[shaping_diag] success_cum_shaping=282.39 T=162 d_init=94.1 d_final=0.0
 Retrying in 1 seconds
[shaping_diag] success_cum_shaping=282.39 T=115 d_init=94.1 d_final=0.0
 Retrying in 1 seconds
[shaping_diag] success_cum_shaping=282.39 T=112 d_init=94.1 d_final=0.0
 Retrying in 1 seconds
[shaping_diag] success_cum_shaping=282.39 T=214 d_init=94.1 d_final=0.0
 Retrying in 1 seconds
[shaping_diag] success_cum_shaping=282.39 T=123 d_init=94.1 d_final=0.0
 Retrying in 1 seconds
[shaping_diag] success_cum_shaping=282.39 T=203 d_init=94.1 d_final=0.0
 Retrying in 1 seconds
[shaping_diag] success_cum_shaping=282.39 T=129 d_init=94.1 d_final=0.0
 Retrying in 1 seconds
[shaping_diag] success_cum_shaping=282.39 T=185 d_init=94.1 d_final=0.0
 Retrying in 1 seconds
[shaping_diag] success_cum_shaping=282.39 T=118 d_init=94.1 d_final=0.0
 Retrying in 1 seconds
[shaping_diag] success_cum_shaping=282.39 T=183 d_init=94.1 d_final=0.0
 Retrying in 1 seconds
[shaping_diag] success_cum_shaping=282.39 T=120 d_init=94.1 d_final=0.0
 Retrying in 1 seconds
[shaping_diag] success_cum_shaping=282.39 T=159 d_init=94.1 d_final=0.0
 Retrying in 1 seconds
[shaping_diag] success_cum_shaping=282.39 T=116 d_init=94.1 d_final=0.0
 Retrying in 1 seconds
[shaping_diag] success_cum_shaping=282.39 T=131 d_init=94.1 d_final=0.0
 Retrying in 1 seconds
[shaping_diag] success_cum_shaping=282.39 T=158 d_init=94.1 d_final=0.0
 Retrying in 1 seconds
[shaping_diag] success_cum_shaping=282.39 T=108 d_init=94.1 d_final=0.0
 Retrying in 1 seconds
[shaping_diag] success_cum_shaping=282.39 T=222 d_init=94.1 d_final=0.0
 Retrying in 1 seconds
[shaping_diag] success_cum_shaping=282.39 T=123 d_init=94.1 d_final=0.0
 Retrying in 1 seconds
[shaping_diag] success_cum_shaping=282.39 T=114 d_init=94.1 d_final=0.0
 Retrying in 1 seconds
 Retrying in 1 seconds
[shaping_diag] success_cum_shaping=282.39 T=109 d_init=94.1 d_final=0.0
Warning: Vehicle 'other2' performs emergency braking on lane ':center_8_0' with decel=9.00, wished=4.00, severity=1.00, time=11.40.
 Retrying in 1 seconds
 Retrying in 1 seconds
[shaping_diag] success_cum_shaping=282.39 T=170 d_init=94.1 d_final=0.0
 Retrying in 1 seconds
[shaping_diag] success_cum_shaping=282.39 T=127 d_init=94.1 d_final=0.0
 Retrying in 1 seconds
[shaping_diag] success_cum_shaping=282.39 T=160 d_init=94.1 d_final=0.0
 Retrying in 1 seconds
[shaping_diag] success_cum_shaping=282.39 T=166 d_init=94.1 d_final=0.0
 Retrying in 1 seconds
[shaping_diag] success_cum_shaping=282.39 T=120 d_init=94.1 d_final=0.0
 Retrying in 1 seconds
[shaping_diag] success_cum_shaping=282.39 T=118 d_init=94.1 d_final=0.0
 Retrying in 1 seconds
[shaping_diag] success_cum_shaping=282.39 T=208 d_init=94.1 d_final=0.0
Warning: Vehicle 'ego'; collision with vehicle 'other', lane='right_out_0', gap=-1.56, time=8.70 stage=move.
 Retrying in 1 seconds
 Retrying in 1 seconds
[shaping_diag] success_cum_shaping=282.39 T=138 d_init=94.1 d_final=0.0
 Retrying in 1 seconds
[shaping_diag] success_cum_shaping=282.39 T=110 d_init=94.1 d_final=0.0
 Retrying in 1 seconds
[shaping_diag] success_cum_shaping=282.39 T=110 d_init=94.1 d_final=0.0
 Retrying in 1 seconds
[shaping_diag] success_cum_shaping=282.39 T=115 d_init=94.1 d_final=0.0
 Retrying in 1 seconds
[shaping_diag] success_cum_shaping=282.39 T=151 d_init=94.1 d_final=0.0
 Retrying in 1 seconds
[shaping_diag] success_cum_shaping=282.39 T=120 d_init=94.1 d_final=0.0
 Retrying in 1 seconds
[shaping_diag] success_cum_shaping=282.39 T=114 d_init=94.1 d_final=0.0
 Retrying in 1 seconds
[shaping_diag] success_cum_shaping=282.39 T=182 d_init=94.1 d_final=0.0
 Retrying in 1 seconds
[shaping_diag] success_cum_shaping=282.39 T=125 d_init=94.1 d_final=0.0
 Retrying in 1 seconds
[shaping_diag] success_cum_shaping=282.39 T=112 d_init=94.1 d_final=0.0
 Retrying in 1 seconds
[shaping_diag] success_cum_shaping=282.39 T=111 d_init=94.1 d_final=0.0
 Retrying in 1 seconds
[shaping_diag] success_cum_shaping=282.39 T=198 d_init=94.1 d_final=0.0
 Retrying in 1 seconds
[shaping_diag] success_cum_shaping=282.39 T=108 d_init=94.1 d_final=0.0
 Retrying in 1 seconds
[shaping_diag] success_cum_shaping=282.39 T=113 d_init=94.1 d_final=0.0
 Retrying in 1 seconds
[shaping_diag] success_cum_shaping=282.39 T=114 d_init=94.1 d_final=0.0
 Retrying in 1 seconds
[shaping_diag] success_cum_shaping=282.39 T=131 d_init=94.1 d_final=0.0
 Retrying in 1 seconds
[shaping_diag] success_cum_shaping=282.39 T=107 d_init=94.1 d_final=0.0
 Retrying in 1 seconds
[shaping_diag] success_cum_shaping=282.39 T=111 d_init=94.1 d_final=0.0
 Retrying in 1 seconds
[shaping_diag] success_cum_shaping=282.39 T=142 d_init=94.1 d_final=0.0
 Retrying in 1 seconds
[shaping_diag] success_cum_shaping=282.39 T=113 d_init=94.1 d_final=0.0
 Retrying in 1 seconds
[shaping_diag] success_cum_shaping=282.39 T=112 d_init=94.1 d_final=0.0
 Retrying in 1 seconds
 Retrying in 1 seconds
[shaping_diag] success_cum_shaping=282.39 T=109 d_init=94.1 d_final=0.0
 Retrying in 1 seconds
[shaping_diag] success_cum_shaping=282.39 T=106 d_init=94.1 d_final=0.0
 Retrying in 1 seconds
[shaping_diag] success_cum_shaping=282.39 T=118 d_init=94.1 d_final=0.0
 Retrying in 1 seconds
[shaping_diag] success_cum_shaping=282.39 T=107 d_init=94.1 d_final=0.0
 Retrying in 1 seconds
[shaping_diag] success_cum_shaping=282.39 T=125 d_init=94.1 d_final=0.0
 Retrying in 1 seconds
[shaping_diag] success_cum_shaping=282.39 T=152 d_init=94.1 d_final=0.0
 Retrying in 1 seconds
[shaping_diag] success_cum_shaping=282.39 T=143 d_init=94.1 d_final=0.0
Warning: Vehicle 'other2' performs emergency braking on lane ':center_8_0' with decel=9.00, wished=5.00, severity=1.00, time=8.10.
 Retrying in 1 seconds
[shaping_diag] success_cum_shaping=282.39 T=114 d_init=94.1 d_final=0.0
 Retrying in 1 seconds
[shaping_diag] success_cum_shaping=282.39 T=108 d_init=94.1 d_final=0.0
 Retrying in 1 seconds
 Retrying in 1 seconds
[shaping_diag] success_cum_shaping=282.39 T=120 d_init=94.1 d_final=0.0
 Retrying in 1 seconds
[shaping_diag] success_cum_shaping=282.39 T=112 d_init=94.1 d_final=0.0
 Retrying in 1 seconds
[shaping_diag] success_cum_shaping=282.39 T=122 d_init=94.1 d_final=0.0
 Retrying in 1 seconds
[shaping_diag] success_cum_shaping=282.39 T=110 d_init=94.1 d_final=0.0
 Retrying in 1 seconds
[shaping_diag] success_cum_shaping=282.39 T=110 d_init=94.1 d_final=0.0
 Retrying in 1 seconds
[shaping_diag] success_cum_shaping=282.39 T=115 d_init=94.1 d_final=0.0
 Retrying in 1 seconds
[shaping_diag] success_cum_shaping=282.39 T=110 d_init=94.1 d_final=0.0
 Retrying in 1 seconds
[shaping_diag] success_cum_shaping=282.39 T=110 d_init=94.1 d_final=0.0
 Retrying in 1 seconds
[shaping_diag] success_cum_shaping=282.39 T=112 d_init=94.1 d_final=0.0
Warning: Vehicle 'other2' performs emergency braking on lane ':center_8_0' with decel=9.00, wished=7.00, severity=1.00, time=8.50.
 Retrying in 1 seconds
[shaping_diag] success_cum_shaping=282.39 T=119 d_init=94.1 d_final=0.0
 Retrying in 1 seconds
[shaping_diag] success_cum_shaping=282.39 T=154 d_init=94.1 d_final=0.0
 Retrying in 1 seconds
[shaping_diag] success_cum_shaping=282.39 T=127 d_init=94.1 d_final=0.0
 Retrying in 1 seconds
[shaping_diag] success_cum_shaping=282.39 T=123 d_init=94.1 d_final=0.0
 Retrying in 1 seconds
[shaping_diag] success_cum_shaping=282.39 T=120 d_init=94.1 d_final=0.0
 Retrying in 1 seconds
[shaping_diag] success_cum_shaping=282.39 T=112 d_init=94.1 d_final=0.0
 Retrying in 1 seconds
[shaping_diag] success_cum_shaping=282.39 T=110 d_init=94.1 d_final=0.0
 Retrying in 1 seconds
[shaping_diag] success_cum_shaping=282.39 T=142 d_init=94.1 d_final=0.0
 Retrying in 1 seconds
[shaping_diag] success_cum_shaping=282.39 T=129 d_init=94.1 d_final=0.0
 Retrying in 1 seconds
[shaping_diag] success_cum_shaping=282.39 T=118 d_init=94.1 d_final=0.0
 Retrying in 1 seconds
[shaping_diag] success_cum_shaping=282.39 T=128 d_init=94.1 d_final=0.0
Warning: Vehicle 'other' performs emergency braking on lane ':center_8_0' with decel=9.00, wished=5.00, severity=1.00, time=7.60.
Warning: Vehicle 'ego'; junction collision with vehicle 'other', lane=':center_4_0', gap=-1.00, time=7.90 stage=move.
 Retrying in 1 seconds
 Retrying in 1 seconds
[shaping_diag] success_cum_shaping=282.39 T=130 d_init=94.1 d_final=0.0
 Retrying in 1 seconds
[shaping_diag] success_cum_shaping=282.39 T=143 d_init=94.1 d_final=0.0
 Retrying in 1 seconds
[shaping_diag] success_cum_shaping=282.39 T=119 d_init=94.1 d_final=0.0
Warning: Vehicle 'other2' performs emergency braking on lane ':center_8_0' with decel=9.00, wished=5.00, severity=1.00, time=8.70.
 Retrying in 1 seconds
 Retrying in 1 seconds
[shaping_diag] success_cum_shaping=282.39 T=121 d_init=94.1 d_final=0.0
 Retrying in 1 seconds
[shaping_diag] success_cum_shaping=282.39 T=111 d_init=94.1 d_final=0.0
 Retrying in 1 seconds
[shaping_diag] success_cum_shaping=282.39 T=107 d_init=94.1 d_final=0.0
 Retrying in 1 seconds
[shaping_diag] success_cum_shaping=282.39 T=116 d_init=94.1 d_final=0.0
 Retrying in 1 seconds
[shaping_diag] success_cum_shaping=282.39 T=112 d_init=94.1 d_final=0.0
 Retrying in 1 seconds
[shaping_diag] success_cum_shaping=282.39 T=105 d_init=94.1 d_final=0.0
 Retrying in 1 seconds
[shaping_diag] success_cum_shaping=282.39 T=112 d_init=94.1 d_final=0.0
 Retrying in 1 seconds
[shaping_diag] success_cum_shaping=282.39 T=110 d_init=94.1 d_final=0.0
 Retrying in 1 seconds
[shaping_diag] success_cum_shaping=282.39 T=114 d_init=94.1 d_final=0.0
 Retrying in 1 seconds
[shaping_diag] success_cum_shaping=282.39 T=121 d_init=94.1 d_final=0.0
 Retrying in 1 seconds
[shaping_diag] success_cum_shaping=282.39 T=116 d_init=94.1 d_final=0.0
Warning: Vehicle 'ego'; junction collision with vehicle 'other', lane=':center_4_0', gap=-1.00, time=7.50 stage=move.
 Retrying in 1 seconds
 Retrying in 1 seconds
[shaping_diag] success_cum_shaping=282.39 T=127 d_init=94.1 d_final=0.0
 Retrying in 1 seconds
[shaping_diag] success_cum_shaping=282.39 T=107 d_init=94.1 d_final=0.0
 Retrying in 1 seconds
[shaping_diag] success_cum_shaping=282.39 T=113 d_init=94.1 d_final=0.0
 Retrying in 1 seconds
[shaping_diag] success_cum_shaping=282.39 T=105 d_init=94.1 d_final=0.0
 Retrying in 1 seconds
[shaping_diag] success_cum_shaping=282.39 T=113 d_init=94.1 d_final=0.0
 Retrying in 1 seconds
[shaping_diag] success_cum_shaping=282.39 T=104 d_init=94.1 d_final=0.0
 Retrying in 1 seconds
[shaping_diag] success_cum_shaping=282.39 T=107 d_init=94.1 d_final=0.0
 Retrying in 1 seconds
[shaping_diag] success_cum_shaping=282.39 T=112 d_init=94.1 d_final=0.0
 Retrying in 1 seconds
[shaping_diag] success_cum_shaping=282.39 T=111 d_init=94.1 d_final=0.0
Warning: Vehicle 'ego'; junction collision with vehicle 'other', lane=':center_4_0', gap=-1.00, time=7.80 stage=move.
 Retrying in 1 seconds
 Retrying in 1 seconds
[shaping_diag] success_cum_shaping=282.39 T=125 d_init=94.1 d_final=0.0
 Retrying in 1 seconds
[shaping_diag] success_cum_shaping=282.39 T=112 d_init=94.1 d_final=0.0
 Retrying in 1 seconds
[shaping_diag] success_cum_shaping=282.39 T=106 d_init=94.1 d_final=0.0
 Retrying in 1 seconds
[shaping_diag] success_cum_shaping=282.39 T=108 d_init=94.1 d_final=0.0
 Retrying in 1 seconds
[shaping_diag] success_cum_shaping=282.39 T=124 d_init=94.1 d_final=0.0
 Retrying in 1 seconds
[shaping_diag] success_cum_shaping=282.39 T=108 d_init=94.1 d_final=0.0
 Retrying in 1 seconds
[shaping_diag] success_cum_shaping=282.39 T=110 d_init=94.1 d_final=0.0
 Retrying in 1 seconds
[shaping_diag] success_cum_shaping=282.39 T=124 d_init=94.1 d_final=0.0
 Retrying in 1 seconds
[shaping_diag] success_cum_shaping=282.39 T=119 d_init=94.1 d_final=0.0
 Retrying in 1 seconds
[shaping_diag] success_cum_shaping=282.39 T=106 d_init=94.1 d_final=0.0
 Retrying in 1 seconds
[shaping_diag] success_cum_shaping=282.39 T=143 d_init=94.1 d_final=0.0
 Retrying in 1 seconds
[shaping_diag] success_cum_shaping=282.39 T=111 d_init=94.1 d_final=0.0
 Retrying in 1 seconds
[shaping_diag] success_cum_shaping=282.39 T=107 d_init=94.1 d_final=0.0
 Retrying in 1 seconds
[shaping_diag] success_cum_shaping=282.39 T=129 d_init=94.1 d_final=0.0
 Retrying in 1 seconds
 Retrying in 1 seconds
[shaping_diag] success_cum_shaping=282.39 T=109 d_init=94.1 d_final=0.0
 Retrying in 1 seconds
[shaping_diag] success_cum_shaping=282.39 T=108 d_init=94.1 d_final=0.0
 Retrying in 1 seconds
[shaping_diag] success_cum_shaping=282.39 T=105 d_init=94.1 d_final=0.0
 Retrying in 1 seconds
[shaping_diag] success_cum_shaping=282.39 T=107 d_init=94.1 d_final=0.0
 Retrying in 1 seconds
[shaping_diag] success_cum_shaping=282.39 T=104 d_init=94.1 d_final=0.0
 Retrying in 1 seconds
[shaping_diag] success_cum_shaping=282.39 T=112 d_init=94.1 d_final=0.0
 Retrying in 1 seconds
[shaping_diag] success_cum_shaping=282.39 T=108 d_init=94.1 d_final=0.0
 Retrying in 1 seconds
[shaping_diag] success_cum_shaping=282.39 T=109 d_init=94.1 d_final=0.0
 Retrying in 1 seconds
[shaping_diag] success_cum_shaping=282.39 T=106 d_init=94.1 d_final=0.0
 Retrying in 1 seconds
[shaping_diag] success_cum_shaping=282.39 T=104 d_init=94.1 d_final=0.0
 Retrying in 1 seconds
[shaping_diag] success_cum_shaping=282.39 T=109 d_init=94.1 d_final=0.0
 Retrying in 1 seconds
[shaping_diag] success_cum_shaping=282.39 T=109 d_init=94.1 d_final=0.0
 Retrying in 1 seconds
[shaping_diag] success_cum_shaping=282.39 T=126 d_init=94.1 d_final=0.0
Warning: Vehicle 'ego'; junction collision with vehicle 'other', lane=':center_4_0', gap=-1.00, time=7.40 stage=move.
 Retrying in 1 seconds
 Retrying in 1 seconds
[shaping_diag] success_cum_shaping=282.39 T=109 d_init=94.1 d_final=0.0
 Retrying in 1 seconds
[shaping_diag] success_cum_shaping=282.39 T=113 d_init=94.1 d_final=0.0
 Retrying in 1 seconds
[shaping_diag] success_cum_shaping=282.39 T=105 d_init=94.1 d_final=0.0
 Retrying in 1 seconds
[shaping_diag] success_cum_shaping=282.39 T=111 d_init=94.1 d_final=0.0
 Retrying in 1 seconds
[shaping_diag] success_cum_shaping=282.39 T=109 d_init=94.1 d_final=0.0
 Retrying in 1 seconds
[shaping_diag] success_cum_shaping=282.39 T=109 d_init=94.1 d_final=0.0
Warning: Vehicle 'ego'; junction collision with vehicle 'other', lane=':center_4_0', gap=-1.00, time=7.50 stage=move.
 Retrying in 1 seconds
 Retrying in 1 seconds
[shaping_diag] success_cum_shaping=282.39 T=110 d_init=94.1 d_final=0.0
 Retrying in 1 seconds
[shaping_diag] success_cum_shaping=282.39 T=106 d_init=94.1 d_final=0.0
 Retrying in 1 seconds
[shaping_diag] success_cum_shaping=282.39 T=111 d_init=94.1 d_final=0.0
 Retrying in 1 seconds
[shaping_diag] success_cum_shaping=282.39 T=119 d_init=94.1 d_final=0.0
 Retrying in 1 seconds
[shaping_diag] success_cum_shaping=282.39 T=113 d_init=94.1 d_final=0.0
Warning: Vehicle 'other' performs emergency braking on lane ':center_8_0' with decel=9.00, wished=7.00, severity=1.00, time=7.40.
 Retrying in 1 seconds
[shaping_diag] success_cum_shaping=282.39 T=106 d_init=94.1 d_final=0.0
 Retrying in 1 seconds
[shaping_diag] success_cum_shaping=282.39 T=106 d_init=94.1 d_final=0.0
 Retrying in 1 seconds
[shaping_diag] success_cum_shaping=282.39 T=104 d_init=94.1 d_final=0.0
 Retrying in 1 seconds
[shaping_diag] success_cum_shaping=282.39 T=111 d_init=94.1 d_final=0.0
 Retrying in 1 seconds
[shaping_diag] success_cum_shaping=282.39 T=120 d_init=94.1 d_final=0.0
 Retrying in 1 seconds
[shaping_diag] success_cum_shaping=282.39 T=103 d_init=94.1 d_final=0.0
 Retrying in 1 seconds
[shaping_diag] success_cum_shaping=282.39 T=113 d_init=94.1 d_final=0.0
 Retrying in 1 seconds
[shaping_diag] success_cum_shaping=282.39 T=112 d_init=94.1 d_final=0.0
 Retrying in 1 seconds
[shaping_diag] success_cum_shaping=282.39 T=115 d_init=94.1 d_final=0.0
 Retrying in 1 seconds
[shaping_diag] success_cum_shaping=282.39 T=103 d_init=94.1 d_final=0.0
 Retrying in 1 seconds
[shaping_diag] success_cum_shaping=282.39 T=110 d_init=94.1 d_final=0.0
 Retrying in 1 seconds
[shaping_diag] success_cum_shaping=282.39 T=108 d_init=94.1 d_final=0.0
 Retrying in 1 seconds
 Retrying in 1 seconds
[shaping_diag] success_cum_shaping=282.39 T=112 d_init=94.1 d_final=0.0
 Retrying in 1 seconds
[shaping_diag] success_cum_shaping=282.39 T=108 d_init=94.1 d_final=0.0
Warning: Vehicle 'ego'; collision with vehicle 'other', lane='right_out_0', gap=-0.58, time=7.80 stage=move.
Warning: Vehicle 'other' performs emergency braking on lane ':center_8_0' with decel=9.00, wished=5.00, severity=1.00, time=7.60.
 Retrying in 1 seconds
 Retrying in 1 seconds
[shaping_diag] success_cum_shaping=282.39 T=108 d_init=94.1 d_final=0.0
 Retrying in 1 seconds
[shaping_diag] success_cum_shaping=282.39 T=105 d_init=94.1 d_final=0.0
 Retrying in 1 seconds
[shaping_diag] success_cum_shaping=282.39 T=110 d_init=94.1 d_final=0.0
 Retrying in 1 seconds
[shaping_diag] success_cum_shaping=282.39 T=111 d_init=94.1 d_final=0.0
 Retrying in 1 seconds
[shaping_diag] success_cum_shaping=282.39 T=117 d_init=94.1 d_final=0.0
 Retrying in 1 seconds
[shaping_diag] success_cum_shaping=282.39 T=106 d_init=94.1 d_final=0.0
 Retrying in 1 seconds
 Retrying in 1 seconds
[shaping_diag] success_cum_shaping=282.39 T=110 d_init=94.1 d_final=0.0
Warning: Vehicle 'other' performs emergency braking on lane ':center_8_0' with decel=9.00, wished=5.00, severity=1.00, time=7.70.
 Retrying in 1 seconds
[shaping_diag] success_cum_shaping=282.39 T=109 d_init=94.1 d_final=0.0
 Retrying in 1 seconds
[shaping_diag] success_cum_shaping=282.39 T=114 d_init=94.1 d_final=0.0
 Retrying in 1 seconds
[shaping_diag] success_cum_shaping=282.39 T=117 d_init=94.1 d_final=0.0
 Retrying in 1 seconds
[shaping_diag] success_cum_shaping=282.39 T=103 d_init=94.1 d_final=0.0
 Retrying in 1 seconds
[shaping_diag] success_cum_shaping=282.39 T=108 d_init=94.1 d_final=0.0
 Retrying in 1 seconds
[shaping_diag] success_cum_shaping=282.39 T=106 d_init=94.1 d_final=0.0
 Retrying in 1 seconds
[shaping_diag] success_cum_shaping=282.39 T=114 d_init=94.1 d_final=0.0
Warning: Vehicle 'ego'; collision with vehicle 'other', lane='right_out_0', gap=-0.01, time=7.90 stage=move.
 Retrying in 1 seconds
 Retrying in 1 seconds
 Retrying in 1 seconds
[shaping_diag] success_cum_shaping=282.39 T=104 d_init=94.1 d_final=0.0
 Retrying in 1 seconds
[shaping_diag] success_cum_shaping=282.39 T=105 d_init=94.1 d_final=0.0
 Retrying in 1 seconds
[shaping_diag] success_cum_shaping=282.39 T=107 d_init=94.1 d_final=0.0
 Retrying in 1 seconds
[shaping_diag] success_cum_shaping=282.39 T=107 d_init=94.1 d_final=0.0
 Retrying in 1 seconds
[shaping_diag] success_cum_shaping=282.39 T=109 d_init=94.1 d_final=0.0
Warning: Vehicle 'other' performs emergency braking on lane ':center_8_0' with decel=9.00, wished=7.00, severity=1.00, time=7.40.
 Retrying in 1 seconds
[shaping_diag] success_cum_shaping=282.39 T=106 d_init=94.1 d_final=0.0
 Retrying in 1 seconds
[shaping_diag] success_cum_shaping=282.39 T=106 d_init=94.1 d_final=0.0
 Retrying in 1 seconds
[shaping_diag] success_cum_shaping=282.39 T=106 d_init=94.1 d_final=0.0
Warning: Vehicle 'other' performs emergency braking on lane ':center_8_0' with decel=9.00, wished=5.00, severity=1.00, time=7.30.
Warning: Vehicle 'ego'; junction collision with vehicle 'other', lane=':center_4_0', gap=-1.00, time=7.50 stage=move.
 Retrying in 1 seconds
 Retrying in 1 seconds
[shaping_diag] success_cum_shaping=282.39 T=112 d_init=94.1 d_final=0.0
Warning: Vehicle 'other' performs emergency braking on lane ':center_8_0' with decel=9.00, wished=5.00, severity=1.00, time=7.40.
Warning: Vehicle 'ego'; junction collision with vehicle 'other', lane=':center_4_0', gap=-1.00, time=7.70 stage=move.
 Retrying in 1 seconds
 Retrying in 1 seconds
[shaping_diag] success_cum_shaping=282.39 T=114 d_init=94.1 d_final=0.0
 Retrying in 1 seconds
 Retrying in 1 seconds
[shaping_diag] success_cum_shaping=282.39 T=107 d_init=94.1 d_final=0.0
 Retrying in 1 seconds
[shaping_diag] success_cum_shaping=282.39 T=109 d_init=94.1 d_final=0.0
 Retrying in 1 seconds
[shaping_diag] success_cum_shaping=282.39 T=113 d_init=94.1 d_final=0.0
 Retrying in 1 seconds
[shaping_diag] success_cum_shaping=282.39 T=108 d_init=94.1 d_final=0.0
 Retrying in 1 seconds
[shaping_diag] success_cum_shaping=282.39 T=106 d_init=94.1 d_final=0.0
 Retrying in 1 seconds
[shaping_diag] success_cum_shaping=282.39 T=103 d_init=94.1 d_final=0.0
 Retrying in 1 seconds
 Retrying in 1 seconds
[shaping_diag] success_cum_shaping=282.39 T=106 d_init=94.1 d_final=0.0
Warning: Vehicle 'other' performs emergency braking on lane ':center_8_0' with decel=9.00, wished=5.00, severity=1.00, time=7.10.
 Retrying in 1 seconds
[shaping_diag] success_cum_shaping=282.39 T=103 d_init=94.1 d_final=0.0
 Retrying in 1 seconds
[shaping_diag] success_cum_shaping=282.39 T=109 d_init=94.1 d_final=0.0
 Retrying in 1 seconds
[shaping_diag] success_cum_shaping=282.39 T=106 d_init=94.1 d_final=0.0
 Retrying in 1 seconds
[shaping_diag] success_cum_shaping=282.39 T=110 d_init=94.1 d_final=0.0
 Retrying in 1 seconds
[shaping_diag] success_cum_shaping=282.39 T=111 d_init=94.1 d_final=0.0
 Retrying in 1 seconds
[shaping_diag] success_cum_shaping=282.39 T=106 d_init=94.1 d_final=0.0
 Retrying in 1 seconds
[shaping_diag] success_cum_shaping=282.39 T=102 d_init=94.1 d_final=0.0
Warning: Vehicle 'other' performs emergency braking on lane ':center_8_0' with decel=9.00, wished=5.00, severity=1.00, time=7.40.
Warning: Vehicle 'ego'; junction collision with vehicle 'other', lane=':center_4_0', gap=-1.00, time=7.70 stage=move.
Warning: Vehicle 'ego'; junction collision with vehicle 'other', lane=':center_4_0', gap=-1.00, time=7.40 stage=move.
 Retrying in 1 seconds
 Retrying in 1 seconds
 Retrying in 1 seconds
[shaping_diag] success_cum_shaping=282.39 T=109 d_init=94.1 d_final=0.0
 Retrying in 1 seconds
[shaping_diag] success_cum_shaping=282.39 T=108 d_init=94.1 d_final=0.0
 Retrying in 1 seconds
[shaping_diag] success_cum_shaping=282.39 T=106 d_init=94.1 d_final=0.0
 Retrying in 1 seconds
[shaping_diag] success_cum_shaping=282.39 T=110 d_init=94.1 d_final=0.0
 Retrying in 1 seconds
[shaping_diag] success_cum_shaping=282.39 T=106 d_init=94.1 d_final=0.0
Warning: Vehicle 'other' performs emergency braking on lane ':center_8_0' with decel=9.00, wished=5.00, severity=1.00, time=7.50.
 Retrying in 1 seconds
[shaping_diag] success_cum_shaping=282.39 T=107 d_init=94.1 d_final=0.0
 Retrying in 1 seconds
[shaping_diag] success_cum_shaping=282.39 T=107 d_init=94.1 d_final=0.0
Warning: Vehicle 'other' performs emergency braking on lane ':center_8_0' with decel=9.00, wished=5.00, severity=1.00, time=7.30.
 Retrying in 1 seconds
[shaping_diag] success_cum_shaping=282.39 T=105 d_init=94.1 d_final=0.0
 Retrying in 1 seconds
[shaping_diag] success_cum_shaping=282.39 T=105 d_init=94.1 d_final=0.0
 Retrying in 1 seconds
[shaping_diag] success_cum_shaping=282.39 T=104 d_init=94.1 d_final=0.0
 Retrying in 1 seconds
[shaping_diag] success_cum_shaping=282.39 T=109 d_init=94.1 d_final=0.0
 Retrying in 1 seconds
[shaping_diag] success_cum_shaping=282.39 T=105 d_init=94.1 d_final=0.0
 Retrying in 1 seconds
[shaping_diag] success_cum_shaping=282.39 T=105 d_init=94.1 d_final=0.0
 Retrying in 1 seconds
[shaping_diag] success_cum_shaping=282.39 T=106 d_init=94.1 d_final=0.0
 Retrying in 1 seconds
[shaping_diag] success_cum_shaping=282.39 T=116 d_init=94.1 d_final=0.0
Warning: Vehicle 'ego'; junction collision with vehicle 'other', lane=':center_4_0', gap=-1.00, time=7.80 stage=move.
 Retrying in 1 seconds
 Retrying in 1 seconds
[shaping_diag] success_cum_shaping=282.39 T=103 d_init=94.1 d_final=0.0
Warning: Vehicle 'other' performs emergency braking on lane ':center_8_0' with decel=9.00, wished=5.00, severity=1.00, time=7.60.
 Retrying in 1 seconds
[shaping_diag] success_cum_shaping=282.39 T=108 d_init=94.1 d_final=0.0
 Retrying in 1 seconds
[shaping_diag] success_cum_shaping=282.39 T=110 d_init=94.1 d_final=0.0
 Retrying in 1 seconds
[shaping_diag] success_cum_shaping=282.39 T=103 d_init=94.1 d_final=0.0
 Retrying in 1 seconds
 Retrying in 1 seconds
[shaping_diag] success_cum_shaping=282.39 T=106 d_init=94.1 d_final=0.0
 Retrying in 1 seconds
[shaping_diag] success_cum_shaping=282.39 T=105 d_init=94.1 d_final=0.0
 Retrying in 1 seconds
[shaping_diag] success_cum_shaping=282.39 T=106 d_init=94.1 d_final=0.0
 Retrying in 1 seconds
[shaping_diag] success_cum_shaping=282.39 T=113 d_init=94.1 d_final=0.0
 Retrying in 1 seconds
[shaping_diag] success_cum_shaping=282.39 T=105 d_init=94.1 d_final=0.0
 Retrying in 1 seconds
[shaping_diag] success_cum_shaping=282.39 T=114 d_init=94.1 d_final=0.0
Warning: Vehicle 'other' performs emergency braking on lane ':center_8_0' with decel=9.00, wished=7.00, severity=1.00, time=7.30.
 Retrying in 1 seconds
[shaping_diag] success_cum_shaping=282.39 T=106 d_init=94.1 d_final=0.0
 Retrying in 1 seconds
[shaping_diag] success_cum_shaping=282.39 T=106 d_init=94.1 d_final=0.0
 Retrying in 1 seconds
 Retrying in 1 seconds
[shaping_diag] success_cum_shaping=282.39 T=104 d_init=94.1 d_final=0.0
Warning: Vehicle 'ego'; junction collision with vehicle 'other', lane=':center_4_0', gap=-1.00, time=7.70 stage=move.
 Retrying in 1 seconds
 Retrying in 1 seconds
[shaping_diag] success_cum_shaping=282.39 T=105 d_init=94.1 d_final=0.0
 Retrying in 1 seconds
[shaping_diag] success_cum_shaping=282.39 T=105 d_init=94.1 d_final=0.0
 Retrying in 1 seconds
[shaping_diag] success_cum_shaping=282.39 T=107 d_init=94.1 d_final=0.0
 Retrying in 1 seconds
[shaping_diag] success_cum_shaping=282.39 T=113 d_init=94.1 d_final=0.0
 Retrying in 1 seconds
[shaping_diag] success_cum_shaping=282.39 T=106 d_init=94.1 d_final=0.0
 Retrying in 1 seconds
[shaping_diag] success_cum_shaping=282.39 T=106 d_init=94.1 d_final=0.0
 Retrying in 1 seconds
[shaping_diag] success_cum_shaping=282.39 T=109 d_init=94.1 d_final=0.0
 Retrying in 1 seconds
[shaping_diag] success_cum_shaping=282.39 T=106 d_init=94.1 d_final=0.0
 Retrying in 1 seconds
[shaping_diag] success_cum_shaping=282.39 T=104 d_init=94.1 d_final=0.0
 Retrying in 1 seconds
[shaping_diag] success_cum_shaping=282.39 T=107 d_init=94.1 d_final=0.0
 Retrying in 1 seconds
[shaping_diag] success_cum_shaping=282.39 T=107 d_init=94.1 d_final=0.0
 Retrying in 1 seconds
[shaping_diag] success_cum_shaping=282.39 T=105 d_init=94.1 d_final=0.0
 Retrying in 1 seconds
[shaping_diag] success_cum_shaping=282.39 T=104 d_init=94.1 d_final=0.0
 Retrying in 1 seconds
[shaping_diag] success_cum_shaping=282.39 T=108 d_init=94.1 d_final=0.0
Warning: Vehicle 'ego'; junction collision with vehicle 'other', lane=':center_4_0', gap=-1.00, time=7.30 stage=move.
 Retrying in 1 seconds
 Retrying in 1 seconds
[shaping_diag] success_cum_shaping=282.39 T=105 d_init=94.1 d_final=0.0
 Retrying in 1 seconds
[shaping_diag] success_cum_shaping=282.39 T=112 d_init=94.1 d_final=0.0
 Retrying in 1 seconds
[shaping_diag] success_cum_shaping=282.39 T=106 d_init=94.1 d_final=0.0
Warning: Vehicle 'other' performs emergency braking on lane ':center_8_0' with decel=9.00, wished=6.00, severity=1.00, time=7.30.
 Retrying in 1 seconds
 Retrying in 1 seconds
[shaping_diag] success_cum_shaping=282.39 T=103 d_init=94.1 d_final=0.0
 Retrying in 1 seconds
[shaping_diag] success_cum_shaping=282.39 T=105 d_init=94.1 d_final=0.0
 Retrying in 1 seconds
[shaping_diag] success_cum_shaping=282.39 T=109 d_init=94.1 d_final=0.0
Warning: Vehicle 'other' performs emergency braking on lane ':center_8_0' with decel=9.00, wished=5.00, severity=1.00, time=7.60.
Warning: Vehicle 'ego'; junction collision with vehicle 'other', lane=':center_4_0', gap=-1.00, time=7.90 stage=move.
 Retrying in 1 seconds
 Retrying in 1 seconds
[shaping_diag] success_cum_shaping=282.39 T=103 d_init=94.1 d_final=0.0
 Retrying in 1 seconds
[shaping_diag] success_cum_shaping=282.39 T=103 d_init=94.1 d_final=0.0
 Retrying in 1 seconds
[shaping_diag] success_cum_shaping=282.39 T=104 d_init=94.1 d_final=0.0
 Retrying in 1 seconds
[shaping_diag] success_cum_shaping=282.39 T=110 d_init=94.1 d_final=0.0
 Retrying in 1 seconds
[shaping_diag] success_cum_shaping=282.39 T=107 d_init=94.1 d_final=0.0
 Retrying in 1 seconds
[shaping_diag] success_cum_shaping=282.39 T=104 d_init=94.1 d_final=0.0
 Retrying in 1 seconds
[shaping_diag] success_cum_shaping=282.39 T=111 d_init=94.1 d_final=0.0
 Retrying in 1 seconds
[shaping_diag] success_cum_shaping=282.39 T=105 d_init=94.1 d_final=0.0
 Retrying in 1 seconds
[shaping_diag] success_cum_shaping=282.39 T=113 d_init=94.1 d_final=0.0
 Retrying in 1 seconds
[shaping_diag] success_cum_shaping=282.39 T=106 d_init=94.1 d_final=0.0
 Retrying in 1 seconds
[shaping_diag] success_cum_shaping=282.39 T=106 d_init=94.1 d_final=0.0
 Retrying in 1 seconds
[shaping_diag] success_cum_shaping=282.39 T=105 d_init=94.1 d_final=0.0
 Retrying in 1 seconds
[shaping_diag] success_cum_shaping=282.39 T=103 d_init=94.1 d_final=0.0
 Retrying in 1 seconds
[shaping_diag] success_cum_shaping=282.39 T=104 d_init=94.1 d_final=0.0
Warning: Vehicle 'other' performs emergency braking on lane ':center_8_0' with decel=9.00, wished=7.00, severity=1.00, time=7.50.
Warning: Vehicle 'ego'; junction collision with vehicle 'other', lane=':center_4_0', gap=-1.00, time=7.70 stage=move.
 Retrying in 1 seconds
 Retrying in 1 seconds
 Retrying in 1 seconds
[shaping_diag] success_cum_shaping=282.39 T=104 d_init=94.1 d_final=0.0
 Retrying in 1 seconds
[shaping_diag] success_cum_shaping=282.39 T=105 d_init=94.1 d_final=0.0
 Retrying in 1 seconds
[shaping_diag] success_cum_shaping=282.39 T=105 d_init=94.1 d_final=0.0
 Retrying in 1 seconds
[shaping_diag] success_cum_shaping=282.39 T=115 d_init=94.1 d_final=0.0
 Retrying in 1 seconds
[shaping_diag] success_cum_shaping=282.39 T=107 d_init=94.1 d_final=0.0
 Retrying in 1 seconds
[shaping_diag] success_cum_shaping=282.39 T=104 d_init=94.1 d_final=0.0
 Retrying in 1 seconds
[shaping_diag] success_cum_shaping=282.39 T=104 d_init=94.1 d_final=0.0
 Retrying in 1 seconds
[shaping_diag] success_cum_shaping=282.39 T=104 d_init=94.1 d_final=0.0
 Retrying in 1 seconds
[shaping_diag] success_cum_shaping=282.39 T=105 d_init=94.1 d_final=0.0
 Retrying in 1 seconds
[shaping_diag] success_cum_shaping=282.39 T=106 d_init=94.1 d_final=0.0
 Retrying in 1 seconds
[shaping_diag] success_cum_shaping=282.39 T=104 d_init=94.1 d_final=0.0
 Retrying in 1 seconds
[shaping_diag] success_cum_shaping=282.39 T=104 d_init=94.1 d_final=0.0
 Retrying in 1 seconds
[shaping_diag] success_cum_shaping=282.39 T=109 d_init=94.1 d_final=0.0
 Retrying in 1 seconds
[shaping_diag] success_cum_shaping=282.39 T=106 d_init=94.1 d_final=0.0
 Retrying in 1 seconds
[shaping_diag] success_cum_shaping=282.39 T=104 d_init=94.1 d_final=0.0
 Retrying in 1 seconds
[shaping_diag] success_cum_shaping=282.39 T=123 d_init=94.1 d_final=0.0
 Retrying in 1 seconds
[shaping_diag] success_cum_shaping=282.39 T=104 d_init=94.1 d_final=0.0
 Retrying in 1 seconds
[shaping_diag] success_cum_shaping=282.39 T=104 d_init=94.1 d_final=0.0
 Retrying in 1 seconds
[shaping_diag] success_cum_shaping=282.39 T=122 d_init=94.1 d_final=0.0
 Retrying in 1 seconds
[shaping_diag] success_cum_shaping=282.39 T=105 d_init=94.1 d_final=0.0
Warning: Vehicle 'other' performs emergency braking on lane ':center_8_0' with decel=9.00, wished=7.00, severity=1.00, time=7.20.
Warning: Vehicle 'other'; collision with vehicle 'ego', lane='right_out_0', gap=-0.07, time=7.90 stage=move.
 Retrying in 1 seconds
 Retrying in 1 seconds
[shaping_diag] success_cum_shaping=282.39 T=105 d_init=94.1 d_final=0.0
 Retrying in 1 seconds
[shaping_diag] success_cum_shaping=282.39 T=111 d_init=94.1 d_final=0.0
 Retrying in 1 seconds
[shaping_diag] success_cum_shaping=282.39 T=114 d_init=94.1 d_final=0.0
 Retrying in 1 seconds
 Retrying in 1 seconds
[shaping_diag] success_cum_shaping=282.39 T=105 d_init=94.1 d_final=0.0
 Retrying in 1 seconds
[shaping_diag] success_cum_shaping=282.39 T=107 d_init=94.1 d_final=0.0
 Retrying in 1 seconds
[shaping_diag] success_cum_shaping=282.39 T=107 d_init=94.1 d_final=0.0
Warning: Vehicle 'ego'; junction collision with vehicle 'other', lane=':center_4_0', gap=-1.00, time=7.50 stage=move.
 Retrying in 1 seconds
 Retrying in 1 seconds
[shaping_diag] success_cum_shaping=282.39 T=102 d_init=94.1 d_final=0.0
 Retrying in 1 seconds
[shaping_diag] success_cum_shaping=282.39 T=104 d_init=94.1 d_final=0.0
 Retrying in 1 seconds
[shaping_diag] success_cum_shaping=282.39 T=103 d_init=94.1 d_final=0.0
 Retrying in 1 seconds
[shaping_diag] success_cum_shaping=282.39 T=105 d_init=94.1 d_final=0.0
Warning: Vehicle 'ego'; collision with vehicle 'other', lane='right_out_0', gap=-0.50, time=8.60 stage=move.
 Retrying in 1 seconds
 Retrying in 1 seconds
[shaping_diag] success_cum_shaping=282.39 T=108 d_init=94.1 d_final=0.0
 Retrying in 1 seconds
[shaping_diag] success_cum_shaping=282.39 T=103 d_init=94.1 d_final=0.0
 Retrying in 1 seconds
[shaping_diag] success_cum_shaping=282.39 T=107 d_init=94.1 d_final=0.0
 Retrying in 1 seconds
[shaping_diag] success_cum_shaping=282.39 T=110 d_init=94.1 d_final=0.0
 Retrying in 1 seconds
 Retrying in 1 seconds
[shaping_diag] success_cum_shaping=282.39 T=102 d_init=94.1 d_final=0.0
 Retrying in 1 seconds
[shaping_diag] success_cum_shaping=282.39 T=102 d_init=94.1 d_final=0.0
 Retrying in 1 seconds
[shaping_diag] success_cum_shaping=282.39 T=102 d_init=94.1 d_final=0.0
 Retrying in 1 seconds
[shaping_diag] success_cum_shaping=282.39 T=102 d_init=94.1 d_final=0.0
 Retrying in 1 seconds
[shaping_diag] success_cum_shaping=282.39 T=102 d_init=94.1 d_final=0.0
 Retrying in 1 seconds
[shaping_diag] success_cum_shaping=282.39 T=102 d_init=94.1 d_final=0.0
 Retrying in 1 seconds
[shaping_diag] success_cum_shaping=282.39 T=102 d_init=94.1 d_final=0.0
 Retrying in 1 seconds
[shaping_diag] success_cum_shaping=282.39 T=102 d_init=94.1 d_final=0.0
Warning: Vehicle 'other' performs emergency braking on lane ':center_8_0' with decel=9.00, wished=5.00, severity=1.00, time=7.10.
 Retrying in 1 seconds
[shaping_diag] success_cum_shaping=282.39 T=102 d_init=94.1 d_final=0.0
 Retrying in 1 seconds
[shaping_diag] success_cum_shaping=282.39 T=102 d_init=94.1 d_final=0.0
[drppo] step=126976 ret=333.64 coll=0 ttc=5.36
 Retrying in 1 seconds
[shaping_diag] success_cum_shaping=282.39 T=108 d_init=94.1 d_final=0.0
 Retrying in 1 seconds
[shaping_diag] success_cum_shaping=282.39 T=105 d_init=94.1 d_final=0.0
 Retrying in 1 seconds
 Retrying in 1 seconds
 Retrying in 1 seconds
[shaping_diag] success_cum_shaping=282.39 T=103 d_init=94.1 d_final=0.0
 Retrying in 1 seconds
[shaping_diag] success_cum_shaping=282.39 T=110 d_init=94.1 d_final=0.0
 Retrying in 1 seconds
[shaping_diag] success_cum_shaping=282.39 T=107 d_init=94.1 d_final=0.0
 Retrying in 1 seconds
[shaping_diag] success_cum_shaping=282.39 T=107 d_init=94.1 d_final=0.0
 Retrying in 1 seconds
[shaping_diag] success_cum_shaping=282.39 T=105 d_init=94.1 d_final=0.0
 Retrying in 1 seconds
[shaping_diag] success_cum_shaping=282.39 T=108 d_init=94.1 d_final=0.0
 Retrying in 1 seconds
[shaping_diag] success_cum_shaping=282.39 T=103 d_init=94.1 d_final=0.0
 Retrying in 1 seconds
[shaping_diag] success_cum_shaping=282.39 T=103 d_init=94.1 d_final=0.0
 Retrying in 1 seconds
[shaping_diag] success_cum_shaping=282.39 T=114 d_init=94.1 d_final=0.0
 Retrying in 1 seconds
[shaping_diag] success_cum_shaping=282.39 T=104 d_init=94.1 d_final=0.0
 Retrying in 1 seconds
[shaping_diag] success_cum_shaping=282.39 T=108 d_init=94.1 d_final=0.0
 Retrying in 1 seconds
[shaping_diag] success_cum_shaping=282.39 T=103 d_init=94.1 d_final=0.0
 Retrying in 1 seconds
[shaping_diag] success_cum_shaping=282.39 T=103 d_init=94.1 d_final=0.0
 Retrying in 1 seconds
[shaping_diag] success_cum_shaping=282.39 T=109 d_init=94.1 d_final=0.0
 Retrying in 1 seconds
[shaping_diag] success_cum_shaping=282.39 T=110 d_init=94.1 d_final=0.0
 Retrying in 1 seconds
[shaping_diag] success_cum_shaping=282.39 T=106 d_init=94.1 d_final=0.0
 Retrying in 1 seconds
[shaping_diag] success_cum_shaping=282.39 T=103 d_init=94.1 d_final=0.0
 Retrying in 1 seconds
[shaping_diag] success_cum_shaping=282.39 T=120 d_init=94.1 d_final=0.0
 Retrying in 1 seconds
[shaping_diag] success_cum_shaping=282.39 T=104 d_init=94.1 d_final=0.0
 Retrying in 1 seconds
[shaping_diag] success_cum_shaping=282.39 T=103 d_init=94.1 d_final=0.0
 Retrying in 1 seconds
[shaping_diag] success_cum_shaping=282.39 T=107 d_init=94.1 d_final=0.0
 Retrying in 1 seconds
[shaping_diag] success_cum_shaping=282.39 T=107 d_init=94.1 d_final=0.0
 Retrying in 1 seconds
[shaping_diag] success_cum_shaping=282.39 T=112 d_init=94.1 d_final=0.0
 Retrying in 1 seconds
[shaping_diag] success_cum_shaping=282.39 T=113 d_init=94.1 d_final=0.0
 Retrying in 1 seconds
[shaping_diag] success_cum_shaping=282.39 T=103 d_init=94.1 d_final=0.0
 Retrying in 1 seconds
[shaping_diag] success_cum_shaping=282.39 T=107 d_init=94.1 d_final=0.0
 Retrying in 1 seconds
[shaping_diag] success_cum_shaping=282.39 T=105 d_init=94.1 d_final=0.0
 Retrying in 1 seconds
[shaping_diag] success_cum_shaping=282.39 T=103 d_init=94.1 d_final=0.0
 Retrying in 1 seconds
[shaping_diag] success_cum_shaping=282.39 T=112 d_init=94.1 d_final=0.0
 Retrying in 1 seconds
[shaping_diag] success_cum_shaping=282.39 T=109 d_init=94.1 d_final=0.0
 Retrying in 1 seconds
[shaping_diag] success_cum_shaping=282.39 T=115 d_init=94.1 d_final=0.0
 Retrying in 1 seconds
[shaping_diag] success_cum_shaping=282.39 T=106 d_init=94.1 d_final=0.0
 Retrying in 1 seconds
[shaping_diag] success_cum_shaping=282.39 T=108 d_init=94.1 d_final=0.0
 Retrying in 1 seconds
[shaping_diag] success_cum_shaping=282.39 T=105 d_init=94.1 d_final=0.0
 Retrying in 1 seconds
 Retrying in 1 seconds
[shaping_diag] success_cum_shaping=282.39 T=104 d_init=94.1 d_final=0.0
 Retrying in 1 seconds
[shaping_diag] success_cum_shaping=282.39 T=105 d_init=94.1 d_final=0.0
 Retrying in 1 seconds
[shaping_diag] success_cum_shaping=282.39 T=105 d_init=94.1 d_final=0.0
 Retrying in 1 seconds
[shaping_diag] success_cum_shaping=282.39 T=104 d_init=94.1 d_final=0.0
 Retrying in 1 seconds
[shaping_diag] success_cum_shaping=282.39 T=102 d_init=94.1 d_final=0.0
Warning: Vehicle 'ego'; junction collision with vehicle 'other', lane=':center_4_0', gap=-1.00, time=7.80 stage=move.
 Retrying in 1 seconds
 Retrying in 1 seconds
[shaping_diag] success_cum_shaping=282.39 T=105 d_init=94.1 d_final=0.0
 Retrying in 1 seconds
[shaping_diag] success_cum_shaping=282.39 T=112 d_init=94.1 d_final=0.0
 Retrying in 1 seconds
[shaping_diag] success_cum_shaping=282.39 T=115 d_init=94.1 d_final=0.0
 Retrying in 1 seconds
[shaping_diag] success_cum_shaping=282.39 T=104 d_init=94.1 d_final=0.0
Warning: Vehicle 'ego'; junction collision with vehicle 'other', lane=':center_4_0', gap=-1.00, time=8.00 stage=move.
 Retrying in 1 seconds
 Retrying in 1 seconds
[shaping_diag] success_cum_shaping=282.39 T=110 d_init=94.1 d_final=0.0
 Retrying in 1 seconds
[shaping_diag] success_cum_shaping=282.39 T=104 d_init=94.1 d_final=0.0
Warning: Vehicle 'other' performs emergency braking on lane ':center_8_0' with decel=9.00, wished=5.00, severity=1.00, time=7.50.
 Retrying in 1 seconds
[shaping_diag] success_cum_shaping=282.39 T=107 d_init=94.1 d_final=0.0
 Retrying in 1 seconds
[shaping_diag] success_cum_shaping=282.39 T=107 d_init=94.1 d_final=0.0
 Retrying in 1 seconds
[shaping_diag] success_cum_shaping=282.39 T=109 d_init=94.1 d_final=0.0
 Retrying in 1 seconds
[shaping_diag] success_cum_shaping=282.39 T=111 d_init=94.1 d_final=0.0
 Retrying in 1 seconds
[shaping_diag] success_cum_shaping=282.39 T=103 d_init=94.1 d_final=0.0
 Retrying in 1 seconds
[shaping_diag] success_cum_shaping=282.39 T=108 d_init=94.1 d_final=0.0
 Retrying in 1 seconds
[shaping_diag] success_cum_shaping=282.39 T=106 d_init=94.1 d_final=0.0
 Retrying in 1 seconds
[shaping_diag] success_cum_shaping=282.39 T=104 d_init=94.1 d_final=0.0
 Retrying in 1 seconds
[shaping_diag] success_cum_shaping=282.39 T=117 d_init=94.1 d_final=0.0
 Retrying in 1 seconds
[shaping_diag] success_cum_shaping=282.39 T=102 d_init=94.1 d_final=0.0
 Retrying in 1 seconds
[shaping_diag] success_cum_shaping=282.39 T=105 d_init=94.1 d_final=0.0
 Retrying in 1 seconds
[shaping_diag] success_cum_shaping=282.39 T=115 d_init=94.1 d_final=0.0
 Retrying in 1 seconds
[shaping_diag] success_cum_shaping=282.39 T=106 d_init=94.1 d_final=0.0
 Retrying in 1 seconds
[shaping_diag] success_cum_shaping=282.39 T=104 d_init=94.1 d_final=0.0
 Retrying in 1 seconds
[shaping_diag] success_cum_shaping=282.39 T=103 d_init=94.1 d_final=0.0
 Retrying in 1 seconds
[shaping_diag] success_cum_shaping=282.39 T=103 d_init=94.1 d_final=0.0
 Retrying in 1 seconds
[shaping_diag] success_cum_shaping=282.39 T=107 d_init=94.1 d_final=0.0
 Retrying in 1 seconds
[shaping_diag] success_cum_shaping=282.39 T=104 d_init=94.1 d_final=0.0
 Retrying in 1 seconds
[shaping_diag] success_cum_shaping=282.39 T=103 d_init=94.1 d_final=0.0
 Retrying in 1 seconds
[shaping_diag] success_cum_shaping=282.39 T=111 d_init=94.1 d_final=0.0
 Retrying in 1 seconds
[shaping_diag] success_cum_shaping=282.39 T=105 d_init=94.1 d_final=0.0
 Retrying in 1 seconds
[shaping_diag] success_cum_shaping=282.39 T=105 d_init=94.1 d_final=0.0
 Retrying in 1 seconds
[shaping_diag] success_cum_shaping=282.39 T=103 d_init=94.1 d_final=0.0
 Retrying in 1 seconds
[shaping_diag] success_cum_shaping=282.39 T=106 d_init=94.1 d_final=0.0
 Retrying in 1 seconds
[shaping_diag] success_cum_shaping=282.39 T=103 d_init=94.1 d_final=0.0
 Retrying in 1 seconds
[shaping_diag] success_cum_shaping=282.39 T=103 d_init=94.1 d_final=0.0
 Retrying in 1 seconds
 Retrying in 1 seconds
[shaping_diag] success_cum_shaping=282.39 T=114 d_init=94.1 d_final=0.0
 Retrying in 1 seconds
[shaping_diag] success_cum_shaping=282.39 T=105 d_init=94.1 d_final=0.0
Warning: Vehicle 'other' performs emergency braking on lane ':center_8_0' with decel=9.00, wished=5.00, severity=1.00, time=7.80.
 Retrying in 1 seconds
[shaping_diag] success_cum_shaping=282.39 T=110 d_init=94.1 d_final=0.0
 Retrying in 1 seconds
[shaping_diag] success_cum_shaping=282.39 T=108 d_init=94.1 d_final=0.0
 Retrying in 1 seconds
[shaping_diag] success_cum_shaping=282.39 T=108 d_init=94.1 d_final=0.0
 Retrying in 1 seconds
[shaping_diag] success_cum_shaping=282.39 T=105 d_init=94.1 d_final=0.0
 Retrying in 1 seconds
[shaping_diag] success_cum_shaping=282.39 T=123 d_init=94.1 d_final=0.0
 Retrying in 1 seconds
[shaping_diag] success_cum_shaping=282.39 T=113 d_init=94.1 d_final=0.0
 Retrying in 1 seconds
[shaping_diag] success_cum_shaping=282.39 T=103 d_init=94.1 d_final=0.0
Warning: Vehicle 'other' performs emergency braking on lane ':center_8_0' with decel=9.00, wished=5.00, severity=1.00, time=7.40.
 Retrying in 1 seconds
[shaping_diag] success_cum_shaping=282.39 T=106 d_init=94.1 d_final=0.0
 Retrying in 1 seconds
[shaping_diag] success_cum_shaping=282.39 T=105 d_init=94.1 d_final=0.0
 Retrying in 1 seconds
[shaping_diag] success_cum_shaping=282.39 T=106 d_init=94.1 d_final=0.0
 Retrying in 1 seconds
[shaping_diag] success_cum_shaping=282.39 T=104 d_init=94.1 d_final=0.0
 Retrying in 1 seconds
[shaping_diag] success_cum_shaping=282.39 T=105 d_init=94.1 d_final=0.0
 Retrying in 1 seconds
[shaping_diag] success_cum_shaping=282.39 T=103 d_init=94.1 d_final=0.0
 Retrying in 1 seconds
[shaping_diag] success_cum_shaping=282.39 T=110 d_init=94.1 d_final=0.0
Warning: Vehicle 'other' performs emergency braking on lane ':center_8_0' with decel=9.00, wished=5.00, severity=1.00, time=7.30.
 Retrying in 1 seconds
 Retrying in 1 seconds
[shaping_diag] success_cum_shaping=282.39 T=105 d_init=94.1 d_final=0.0
 Retrying in 1 seconds
[shaping_diag] success_cum_shaping=282.39 T=106 d_init=94.1 d_final=0.0
 Retrying in 1 seconds
[shaping_diag] success_cum_shaping=282.39 T=104 d_init=94.1 d_final=0.0
 Retrying in 1 seconds
[shaping_diag] success_cum_shaping=282.39 T=112 d_init=94.1 d_final=0.0
 Retrying in 1 seconds
[shaping_diag] success_cum_shaping=282.39 T=108 d_init=94.1 d_final=0.0
Warning: Vehicle 'ego'; junction collision with vehicle 'other', lane=':center_4_0', gap=-1.00, time=8.40 stage=move.
 Retrying in 1 seconds
 Retrying in 1 seconds
[shaping_diag] success_cum_shaping=282.39 T=108 d_init=94.1 d_final=0.0
 Retrying in 1 seconds
[shaping_diag] success_cum_shaping=282.39 T=103 d_init=94.1 d_final=0.0
 Retrying in 1 seconds
[shaping_diag] success_cum_shaping=282.39 T=109 d_init=94.1 d_final=0.0
 Retrying in 1 seconds
[shaping_diag] success_cum_shaping=282.39 T=104 d_init=94.1 d_final=0.0
 Retrying in 1 seconds
[shaping_diag] success_cum_shaping=282.39 T=104 d_init=94.1 d_final=0.0
 Retrying in 1 seconds
[shaping_diag] success_cum_shaping=282.39 T=120 d_init=94.1 d_final=0.0
 Retrying in 1 seconds
[shaping_diag] success_cum_shaping=282.39 T=103 d_init=94.1 d_final=0.0
 Retrying in 1 seconds
[shaping_diag] success_cum_shaping=282.39 T=105 d_init=94.1 d_final=0.0
 Retrying in 1 seconds
[shaping_diag] success_cum_shaping=282.39 T=107 d_init=94.1 d_final=0.0
 Retrying in 1 seconds
[shaping_diag] success_cum_shaping=282.39 T=109 d_init=94.1 d_final=0.0
 Retrying in 1 seconds
[shaping_diag] success_cum_shaping=282.39 T=104 d_init=94.1 d_final=0.0
Warning: Vehicle 'other' performs emergency braking on lane ':center_8_0' with decel=9.00, wished=5.00, severity=1.00, time=7.80.
 Retrying in 1 seconds
 Retrying in 1 seconds
[shaping_diag] success_cum_shaping=282.39 T=105 d_init=94.1 d_final=0.0
 Retrying in 1 seconds
[shaping_diag] success_cum_shaping=282.39 T=130 d_init=94.1 d_final=0.0
Warning: Vehicle 'other' performs emergency braking on lane ':center_8_0' with decel=9.00, wished=5.00, severity=1.00, time=7.40.
Warning: Vehicle 'ego'; junction collision with vehicle 'other', lane=':center_4_0', gap=-1.00, time=7.60 stage=move.
Warning: Vehicle 'ego'; junction collision with vehicle 'other', lane=':center_4_0', gap=-1.00, time=8.00 stage=move.
 Retrying in 1 seconds
 Retrying in 1 seconds
 Retrying in 1 seconds
 Retrying in 1 seconds
[shaping_diag] success_cum_shaping=282.39 T=104 d_init=94.1 d_final=0.0
 Retrying in 1 seconds
[shaping_diag] success_cum_shaping=282.39 T=106 d_init=94.1 d_final=0.0
 Retrying in 1 seconds
[shaping_diag] success_cum_shaping=282.39 T=104 d_init=94.1 d_final=0.0
 Retrying in 1 seconds
[shaping_diag] success_cum_shaping=282.39 T=104 d_init=94.1 d_final=0.0
 Retrying in 1 seconds
[shaping_diag] success_cum_shaping=282.39 T=103 d_init=94.1 d_final=0.0
 Retrying in 1 seconds
[shaping_diag] success_cum_shaping=282.39 T=104 d_init=94.1 d_final=0.0
 Retrying in 1 seconds
[shaping_diag] success_cum_shaping=282.39 T=107 d_init=94.1 d_final=0.0
 Retrying in 1 seconds
[shaping_diag] success_cum_shaping=282.39 T=116 d_init=94.1 d_final=0.0
 Retrying in 1 seconds
[shaping_diag] success_cum_shaping=282.39 T=103 d_init=94.1 d_final=0.0
 Retrying in 1 seconds
[shaping_diag] success_cum_shaping=282.39 T=105 d_init=94.1 d_final=0.0
 Retrying in 1 seconds
[shaping_diag] success_cum_shaping=282.39 T=110 d_init=94.1 d_final=0.0
 Retrying in 1 seconds
[shaping_diag] success_cum_shaping=282.39 T=104 d_init=94.1 d_final=0.0
 Retrying in 1 seconds
[shaping_diag] success_cum_shaping=282.39 T=115 d_init=94.1 d_final=0.0
 Retrying in 1 seconds
[shaping_diag] success_cum_shaping=282.39 T=104 d_init=94.1 d_final=0.0
 Retrying in 1 seconds
[shaping_diag] success_cum_shaping=282.39 T=104 d_init=94.1 d_final=0.0
 Retrying in 1 seconds
[shaping_diag] success_cum_shaping=282.39 T=105 d_init=94.1 d_final=0.0
 Retrying in 1 seconds
[shaping_diag] success_cum_shaping=282.39 T=110 d_init=94.1 d_final=0.0
 Retrying in 1 seconds
[shaping_diag] success_cum_shaping=282.39 T=104 d_init=94.1 d_final=0.0
 Retrying in 1 seconds
[shaping_diag] success_cum_shaping=282.39 T=105 d_init=94.1 d_final=0.0
 Retrying in 1 seconds
[shaping_diag] success_cum_shaping=282.39 T=104 d_init=94.1 d_final=0.0
 Retrying in 1 seconds
[shaping_diag] success_cum_shaping=282.39 T=109 d_init=94.1 d_final=0.0
 Retrying in 1 seconds
[shaping_diag] success_cum_shaping=282.39 T=116 d_init=94.1 d_final=0.0
 Retrying in 1 seconds
[shaping_diag] success_cum_shaping=282.39 T=105 d_init=94.1 d_final=0.0
 Retrying in 1 seconds
[shaping_diag] success_cum_shaping=282.39 T=105 d_init=94.1 d_final=0.0
 Retrying in 1 seconds
[shaping_diag] success_cum_shaping=282.39 T=115 d_init=94.1 d_final=0.0
 Retrying in 1 seconds
[shaping_diag] success_cum_shaping=282.39 T=103 d_init=94.1 d_final=0.0
 Retrying in 1 seconds
[shaping_diag] success_cum_shaping=282.39 T=104 d_init=94.1 d_final=0.0
 Retrying in 1 seconds
[shaping_diag] success_cum_shaping=282.39 T=106 d_init=94.1 d_final=0.0
 Retrying in 1 seconds
[shaping_diag] success_cum_shaping=282.39 T=106 d_init=94.1 d_final=0.0
Warning: Vehicle 'other' performs emergency braking on lane ':center_8_0' with decel=9.00, wished=5.00, severity=1.00, time=7.70.
 Retrying in 1 seconds
 Retrying in 1 seconds
 Retrying in 1 seconds
[shaping_diag] success_cum_shaping=282.39 T=104 d_init=94.1 d_final=0.0
 Retrying in 1 seconds
[shaping_diag] success_cum_shaping=282.39 T=103 d_init=94.1 d_final=0.0
 Retrying in 1 seconds
[shaping_diag] success_cum_shaping=282.39 T=107 d_init=94.1 d_final=0.0
 Retrying in 1 seconds
[shaping_diag] success_cum_shaping=282.39 T=104 d_init=94.1 d_final=0.0
 Retrying in 1 seconds
[shaping_diag] success_cum_shaping=282.39 T=103 d_init=94.1 d_final=0.0
 Retrying in 1 seconds
[shaping_diag] success_cum_shaping=282.39 T=106 d_init=94.1 d_final=0.0
 Retrying in 1 seconds
[shaping_diag] success_cum_shaping=282.39 T=104 d_init=94.1 d_final=0.0
 Retrying in 1 seconds
[shaping_diag] success_cum_shaping=282.39 T=108 d_init=94.1 d_final=0.0
 Retrying in 1 seconds
 Retrying in 1 seconds
[shaping_diag] success_cum_shaping=282.39 T=109 d_init=94.1 d_final=0.0
 Retrying in 1 seconds
[shaping_diag] success_cum_shaping=282.39 T=109 d_init=94.1 d_final=0.0
 Retrying in 1 seconds
[shaping_diag] success_cum_shaping=282.39 T=103 d_init=94.1 d_final=0.0
 Retrying in 1 seconds
[shaping_diag] success_cum_shaping=282.39 T=103 d_init=94.1 d_final=0.0
 Retrying in 1 seconds
[shaping_diag] success_cum_shaping=282.39 T=103 d_init=94.1 d_final=0.0
 Retrying in 1 seconds
[shaping_diag] success_cum_shaping=282.39 T=103 d_init=94.1 d_final=0.0
 Retrying in 1 seconds
[shaping_diag] success_cum_shaping=282.39 T=105 d_init=94.1 d_final=0.0
 Retrying in 1 seconds
[shaping_diag] success_cum_shaping=282.39 T=104 d_init=94.1 d_final=0.0
 Retrying in 1 seconds
[shaping_diag] success_cum_shaping=282.39 T=104 d_init=94.1 d_final=0.0
 Retrying in 1 seconds
[shaping_diag] success_cum_shaping=282.39 T=108 d_init=94.1 d_final=0.0
 Retrying in 1 seconds
[shaping_diag] success_cum_shaping=282.39 T=103 d_init=94.1 d_final=0.0
 Retrying in 1 seconds
[shaping_diag] success_cum_shaping=282.39 T=104 d_init=94.1 d_final=0.0
 Retrying in 1 seconds
[shaping_diag] success_cum_shaping=282.39 T=106 d_init=94.1 d_final=0.0
 Retrying in 1 seconds
[shaping_diag] success_cum_shaping=282.39 T=103 d_init=94.1 d_final=0.0
 Retrying in 1 seconds
[shaping_diag] success_cum_shaping=282.39 T=105 d_init=94.1 d_final=0.0
 Retrying in 1 seconds
[shaping_diag] success_cum_shaping=282.39 T=109 d_init=94.1 d_final=0.0
 Retrying in 1 seconds
[shaping_diag] success_cum_shaping=282.39 T=105 d_init=94.1 d_final=0.0
 Retrying in 1 seconds
[shaping_diag] success_cum_shaping=282.39 T=107 d_init=94.1 d_final=0.0
 Retrying in 1 seconds
[shaping_diag] success_cum_shaping=282.39 T=105 d_init=94.1 d_final=0.0
 Retrying in 1 seconds
[shaping_diag] success_cum_shaping=282.39 T=102 d_init=94.1 d_final=0.0
 Retrying in 1 seconds
[shaping_diag] success_cum_shaping=282.39 T=103 d_init=94.1 d_final=0.0
 Retrying in 1 seconds
[shaping_diag] success_cum_shaping=282.39 T=105 d_init=94.1 d_final=0.0
 Retrying in 1 seconds
[shaping_diag] success_cum_shaping=282.39 T=105 d_init=94.1 d_final=0.0
Warning: Vehicle 'other' performs emergency braking on lane ':center_8_0' with decel=9.00, wished=7.00, severity=1.00, time=7.50.
 Retrying in 1 seconds
 Retrying in 1 seconds
[shaping_diag] success_cum_shaping=282.39 T=108 d_init=94.1 d_final=0.0
 Retrying in 1 seconds
[shaping_diag] success_cum_shaping=282.39 T=107 d_init=94.1 d_final=0.0
 Retrying in 1 seconds
[shaping_diag] success_cum_shaping=282.39 T=109 d_init=94.1 d_final=0.0
 Retrying in 1 seconds
[shaping_diag] success_cum_shaping=282.39 T=104 d_init=94.1 d_final=0.0
 Retrying in 1 seconds
[shaping_diag] success_cum_shaping=282.39 T=105 d_init=94.1 d_final=0.0
 Retrying in 1 seconds
[shaping_diag] success_cum_shaping=282.39 T=103 d_init=94.1 d_final=0.0
 Retrying in 1 seconds
[shaping_diag] success_cum_shaping=282.39 T=104 d_init=94.1 d_final=0.0
 Retrying in 1 seconds
[shaping_diag] success_cum_shaping=282.39 T=112 d_init=94.1 d_final=0.0
 Retrying in 1 seconds
[shaping_diag] success_cum_shaping=282.39 T=108 d_init=94.1 d_final=0.0
Warning: Vehicle 'other' performs emergency braking on lane ':center_8_0' with decel=9.00, wished=7.00, severity=1.00, time=7.30.
Warning: Vehicle 'ego'; junction collision with vehicle 'other', lane=':center_4_0', gap=-1.00, time=7.60 stage=move.
 Retrying in 1 seconds
 Retrying in 1 seconds
[shaping_diag] success_cum_shaping=282.39 T=104 d_init=94.1 d_final=0.0
 Retrying in 1 seconds
[shaping_diag] success_cum_shaping=282.39 T=104 d_init=94.1 d_final=0.0
 Retrying in 1 seconds
[shaping_diag] success_cum_shaping=282.39 T=104 d_init=94.1 d_final=0.0
Warning: Vehicle 'other' performs emergency braking on lane ':center_8_0' with decel=9.00, wished=5.00, severity=1.00, time=7.70.
 Retrying in 1 seconds
 Retrying in 1 seconds
[shaping_diag] success_cum_shaping=282.39 T=104 d_init=94.1 d_final=0.0
 Retrying in 1 seconds
 Retrying in 1 seconds
[shaping_diag] success_cum_shaping=282.39 T=105 d_init=94.1 d_final=0.0
 Retrying in 1 seconds
[shaping_diag] success_cum_shaping=282.39 T=102 d_init=94.1 d_final=0.0
 Retrying in 1 seconds
[shaping_diag] success_cum_shaping=282.39 T=104 d_init=94.1 d_final=0.0
 Retrying in 1 seconds
[shaping_diag] success_cum_shaping=282.39 T=107 d_init=94.1 d_final=0.0
 Retrying in 1 seconds
[shaping_diag] success_cum_shaping=282.39 T=106 d_init=94.1 d_final=0.0
 Retrying in 1 seconds
[shaping_diag] success_cum_shaping=282.39 T=105 d_init=94.1 d_final=0.0
 Retrying in 1 seconds
[shaping_diag] success_cum_shaping=282.39 T=103 d_init=94.1 d_final=0.0
 Retrying in 1 seconds
[shaping_diag] success_cum_shaping=282.39 T=105 d_init=94.1 d_final=0.0
 Retrying in 1 seconds
[shaping_diag] success_cum_shaping=282.39 T=104 d_init=94.1 d_final=0.0
 Retrying in 1 seconds
[shaping_diag] success_cum_shaping=282.39 T=106 d_init=94.1 d_final=0.0
 Retrying in 1 seconds
[shaping_diag] success_cum_shaping=282.39 T=110 d_init=94.1 d_final=0.0
Warning: Vehicle 'other' performs emergency braking on lane ':center_8_0' with decel=9.00, wished=6.00, severity=1.00, time=7.30.
 Retrying in 1 seconds
 Retrying in 1 seconds
[shaping_diag] success_cum_shaping=282.39 T=106 d_init=94.1 d_final=0.0
 Retrying in 1 seconds
[shaping_diag] success_cum_shaping=282.39 T=108 d_init=94.1 d_final=0.0
 Retrying in 1 seconds
[shaping_diag] success_cum_shaping=282.39 T=104 d_init=94.1 d_final=0.0
 Retrying in 1 seconds
[shaping_diag] success_cum_shaping=282.39 T=104 d_init=94.1 d_final=0.0
 Retrying in 1 seconds
[shaping_diag] success_cum_shaping=282.39 T=103 d_init=94.1 d_final=0.0
 Retrying in 1 seconds
[shaping_diag] success_cum_shaping=282.39 T=107 d_init=94.1 d_final=0.0
Warning: Vehicle 'ego'; junction collision with vehicle 'other', lane=':center_4_0', gap=-1.00, time=7.40 stage=move.
 Retrying in 1 seconds
 Retrying in 1 seconds
[shaping_diag] success_cum_shaping=282.39 T=113 d_init=94.1 d_final=0.0
 Retrying in 1 seconds
[shaping_diag] success_cum_shaping=282.39 T=104 d_init=94.1 d_final=0.0
 Retrying in 1 seconds
[shaping_diag] success_cum_shaping=282.39 T=103 d_init=94.1 d_final=0.0
 Retrying in 1 seconds
[shaping_diag] success_cum_shaping=282.39 T=104 d_init=94.1 d_final=0.0
 Retrying in 1 seconds
[shaping_diag] success_cum_shaping=282.39 T=104 d_init=94.1 d_final=0.0
 Retrying in 1 seconds
[shaping_diag] success_cum_shaping=282.39 T=106 d_init=94.1 d_final=0.0
 Retrying in 1 seconds
[shaping_diag] success_cum_shaping=282.39 T=102 d_init=94.1 d_final=0.0
 Retrying in 1 seconds
[shaping_diag] success_cum_shaping=282.39 T=112 d_init=94.1 d_final=0.0
 Retrying in 1 seconds
[shaping_diag] success_cum_shaping=282.39 T=104 d_init=94.1 d_final=0.0
 Retrying in 1 seconds
[shaping_diag] success_cum_shaping=282.39 T=104 d_init=94.1 d_final=0.0
 Retrying in 1 seconds
[shaping_diag] success_cum_shaping=282.39 T=103 d_init=94.1 d_final=0.0
 Retrying in 1 seconds
[shaping_diag] success_cum_shaping=282.39 T=103 d_init=94.1 d_final=0.0
 Retrying in 1 seconds
[shaping_diag] success_cum_shaping=282.39 T=104 d_init=94.1 d_final=0.0
 Retrying in 1 seconds
[shaping_diag] success_cum_shaping=282.39 T=104 d_init=94.1 d_final=0.0
 Retrying in 1 seconds
[shaping_diag] success_cum_shaping=282.39 T=103 d_init=94.1 d_final=0.0
 Retrying in 1 seconds
[shaping_diag] success_cum_shaping=282.39 T=107 d_init=94.1 d_final=0.0
 Retrying in 1 seconds
[shaping_diag] success_cum_shaping=282.39 T=103 d_init=94.1 d_final=0.0
 Retrying in 1 seconds
[shaping_diag] success_cum_shaping=282.39 T=103 d_init=94.1 d_final=0.0
 Retrying in 1 seconds
[shaping_diag] success_cum_shaping=282.39 T=104 d_init=94.1 d_final=0.0
Warning: Vehicle 'other' performs emergency braking on lane ':center_8_0' with decel=9.00, wished=5.00, severity=1.00, time=7.60.
 Retrying in 1 seconds
 Retrying in 1 seconds
 Retrying in 1 seconds
[shaping_diag] success_cum_shaping=282.39 T=107 d_init=94.1 d_final=0.0
Warning: Vehicle 'other' performs emergency braking on lane ':center_8_0' with decel=9.00, wished=5.00, severity=1.00, time=7.20.
 Retrying in 1 seconds
[shaping_diag] success_cum_shaping=282.39 T=104 d_init=94.1 d_final=0.0
 Retrying in 1 seconds
[shaping_diag] success_cum_shaping=282.39 T=102 d_init=94.1 d_final=0.0
 Retrying in 1 seconds
[shaping_diag] success_cum_shaping=282.39 T=103 d_init=94.1 d_final=0.0
 Retrying in 1 seconds
 Retrying in 1 seconds
[shaping_diag] success_cum_shaping=282.39 T=102 d_init=94.1 d_final=0.0
 Retrying in 1 seconds
[shaping_diag] success_cum_shaping=282.39 T=104 d_init=94.1 d_final=0.0
 Retrying in 1 seconds
[shaping_diag] success_cum_shaping=282.39 T=102 d_init=94.1 d_final=0.0
 Retrying in 1 seconds
[shaping_diag] success_cum_shaping=282.39 T=102 d_init=94.1 d_final=0.0
 Retrying in 1 seconds
[shaping_diag] success_cum_shaping=282.39 T=102 d_init=94.1 d_final=0.0
 Retrying in 1 seconds
[shaping_diag] success_cum_shaping=282.39 T=105 d_init=94.1 d_final=0.0
 Retrying in 1 seconds
[shaping_diag] success_cum_shaping=282.39 T=103 d_init=94.1 d_final=0.0
 Retrying in 1 seconds
[shaping_diag] success_cum_shaping=282.39 T=103 d_init=94.1 d_final=0.0
 Retrying in 1 seconds
[shaping_diag] success_cum_shaping=282.39 T=103 d_init=94.1 d_final=0.0
 Retrying in 1 seconds
[shaping_diag] success_cum_shaping=282.39 T=104 d_init=94.1 d_final=0.0
 Retrying in 1 seconds
[shaping_diag] success_cum_shaping=282.39 T=102 d_init=94.1 d_final=0.0
 Retrying in 1 seconds
[shaping_diag] success_cum_shaping=282.39 T=103 d_init=94.1 d_final=0.0
 Retrying in 1 seconds
[shaping_diag] success_cum_shaping=282.39 T=103 d_init=94.1 d_final=0.0
Warning: Vehicle 'other' performs emergency braking on lane ':center_8_0' with decel=9.00, wished=5.00, severity=1.00, time=7.30.
 Retrying in 1 seconds
[shaping_diag] success_cum_shaping=282.39 T=106 d_init=94.1 d_final=0.0
 Retrying in 1 seconds
[shaping_diag] success_cum_shaping=282.39 T=104 d_init=94.1 d_final=0.0
 Retrying in 1 seconds
[shaping_diag] success_cum_shaping=282.39 T=104 d_init=94.1 d_final=0.0
Warning: Vehicle 'other' performs emergency braking on lane ':center_8_0' with decel=9.00, wished=7.00, severity=1.00, time=7.30.
 Retrying in 1 seconds
 Retrying in 1 seconds
[shaping_diag] success_cum_shaping=282.39 T=104 d_init=94.1 d_final=0.0
 Retrying in 1 seconds
[shaping_diag] success_cum_shaping=282.39 T=102 d_init=94.1 d_final=0.0
 Retrying in 1 seconds
[shaping_diag] success_cum_shaping=282.39 T=103 d_init=94.1 d_final=0.0
 Retrying in 1 seconds
[shaping_diag] success_cum_shaping=282.39 T=105 d_init=94.1 d_final=0.0
 Retrying in 1 seconds
[shaping_diag] success_cum_shaping=282.39 T=103 d_init=94.1 d_final=0.0
Warning: Vehicle 'ego'; collision with vehicle 'other', lane='right_out_0', gap=-0.57, time=7.70 stage=move.
Warning: Vehicle 'other' performs emergency braking on lane ':center_8_0' with decel=9.00, wished=7.00, severity=1.00, time=7.50.
 Retrying in 1 seconds
 Retrying in 1 seconds
 Retrying in 1 seconds
[shaping_diag] success_cum_shaping=282.39 T=103 d_init=94.1 d_final=0.0
 Retrying in 1 seconds
[shaping_diag] success_cum_shaping=282.39 T=106 d_init=94.1 d_final=0.0
 Retrying in 1 seconds
[shaping_diag] success_cum_shaping=282.39 T=103 d_init=94.1 d_final=0.0
 Retrying in 1 seconds
[shaping_diag] success_cum_shaping=282.39 T=105 d_init=94.1 d_final=0.0
 Retrying in 1 seconds
[shaping_diag] success_cum_shaping=282.39 T=105 d_init=94.1 d_final=0.0
 Retrying in 1 seconds
[shaping_diag] success_cum_shaping=282.39 T=104 d_init=94.1 d_final=0.0
 Retrying in 1 seconds
[shaping_diag] success_cum_shaping=282.39 T=106 d_init=94.1 d_final=0.0
 Retrying in 1 seconds
[shaping_diag] success_cum_shaping=282.39 T=103 d_init=94.1 d_final=0.0
 Retrying in 1 seconds
 Retrying in 1 seconds
[shaping_diag] success_cum_shaping=282.39 T=106 d_init=94.1 d_final=0.0
Warning: Vehicle 'other' performs emergency braking on lane ':center_8_0' with decel=9.00, wished=5.00, severity=1.00, time=7.30.
 Retrying in 1 seconds
[shaping_diag] success_cum_shaping=282.39 T=105 d_init=94.1 d_final=0.0
 Retrying in 1 seconds
 Retrying in 1 seconds
[shaping_diag] success_cum_shaping=282.39 T=106 d_init=94.1 d_final=0.0
Warning: Vehicle 'ego'; collision with vehicle 'other', lane='right_out_0', gap=-0.03, time=10.30 stage=move.
 Retrying in 1 seconds
 Retrying in 1 seconds
[shaping_diag] success_cum_shaping=282.39 T=106 d_init=94.1 d_final=0.0
 Retrying in 1 seconds
[shaping_diag] success_cum_shaping=282.39 T=107 d_init=94.1 d_final=0.0
 Retrying in 1 seconds
[shaping_diag] success_cum_shaping=282.39 T=103 d_init=94.1 d_final=0.0
 Retrying in 1 seconds
[shaping_diag] success_cum_shaping=282.39 T=104 d_init=94.1 d_final=0.0
Warning: Vehicle 'other' performs emergency braking on lane ':center_8_0' with decel=9.00, wished=5.00, severity=1.00, time=7.50.
 Retrying in 1 seconds
 Retrying in 1 seconds
[shaping_diag] success_cum_shaping=282.39 T=104 d_init=94.1 d_final=0.0
 Retrying in 1 seconds
[shaping_diag] success_cum_shaping=282.39 T=103 d_init=94.1 d_final=0.0
 Retrying in 1 seconds
[shaping_diag] success_cum_shaping=282.39 T=103 d_init=94.1 d_final=0.0
 Retrying in 1 seconds
[shaping_diag] success_cum_shaping=282.39 T=102 d_init=94.1 d_final=0.0
 Retrying in 1 seconds
[shaping_diag] success_cum_shaping=282.39 T=103 d_init=94.1 d_final=0.0
 Retrying in 1 seconds
[shaping_diag] success_cum_shaping=282.39 T=104 d_init=94.1 d_final=0.0
 Retrying in 1 seconds
[shaping_diag] success_cum_shaping=282.39 T=105 d_init=94.1 d_final=0.0
 Retrying in 1 seconds
[shaping_diag] success_cum_shaping=282.39 T=109 d_init=94.1 d_final=0.0
 Retrying in 1 seconds
[shaping_diag] success_cum_shaping=282.39 T=105 d_init=94.1 d_final=0.0
 Retrying in 1 seconds
[shaping_diag] success_cum_shaping=282.39 T=105 d_init=94.1 d_final=0.0
 Retrying in 1 seconds
[shaping_diag] success_cum_shaping=282.39 T=106 d_init=94.1 d_final=0.0
 Retrying in 1 seconds
[shaping_diag] success_cum_shaping=282.39 T=105 d_init=94.1 d_final=0.0
 Retrying in 1 seconds
[shaping_diag] success_cum_shaping=282.39 T=105 d_init=94.1 d_final=0.0
 Retrying in 1 seconds
[shaping_diag] success_cum_shaping=282.39 T=105 d_init=94.1 d_final=0.0
 Retrying in 1 seconds
[shaping_diag] success_cum_shaping=282.39 T=104 d_init=94.1 d_final=0.0
 Retrying in 1 seconds
[shaping_diag] success_cum_shaping=282.39 T=105 d_init=94.1 d_final=0.0
 Retrying in 1 seconds
[shaping_diag] success_cum_shaping=282.39 T=103 d_init=94.1 d_final=0.0
 Retrying in 1 seconds
[shaping_diag] success_cum_shaping=282.39 T=103 d_init=94.1 d_final=0.0
 Retrying in 1 seconds
[shaping_diag] success_cum_shaping=282.39 T=104 d_init=94.1 d_final=0.0
 Retrying in 1 seconds
[shaping_diag] success_cum_shaping=282.39 T=104 d_init=94.1 d_final=0.0
 Retrying in 1 seconds
[shaping_diag] success_cum_shaping=282.39 T=103 d_init=94.1 d_final=0.0
Warning: Vehicle 'other' performs emergency braking on lane ':center_8_0' with decel=9.00, wished=5.00, severity=1.00, time=7.30.
 Retrying in 1 seconds
[shaping_diag] success_cum_shaping=282.39 T=106 d_init=94.1 d_final=0.0
 Retrying in 1 seconds
[shaping_diag] success_cum_shaping=282.39 T=106 d_init=94.1 d_final=0.0
 Retrying in 1 seconds
[shaping_diag] success_cum_shaping=282.39 T=103 d_init=94.1 d_final=0.0
 Retrying in 1 seconds
[shaping_diag] success_cum_shaping=282.39 T=103 d_init=94.1 d_final=0.0
Warning: Vehicle 'other' performs emergency braking on lane ':center_8_0' with decel=9.00, wished=5.00, severity=1.00, time=7.20.
 Retrying in 1 seconds
[shaping_diag] success_cum_shaping=282.39 T=104 d_init=94.1 d_final=0.0
 Retrying in 1 seconds
[shaping_diag] success_cum_shaping=282.39 T=104 d_init=94.1 d_final=0.0
Warning: Vehicle 'other' performs emergency braking on lane ':center_8_0' with decel=9.00, wished=7.00, severity=1.00, time=7.50.
 Retrying in 1 seconds
[shaping_diag] success_cum_shaping=282.39 T=107 d_init=94.1 d_final=0.0
 Retrying in 1 seconds
[shaping_diag] success_cum_shaping=282.39 T=103 d_init=94.1 d_final=0.0
 Retrying in 1 seconds
[shaping_diag] success_cum_shaping=282.39 T=102 d_init=94.1 d_final=0.0
 Retrying in 1 seconds
[shaping_diag] success_cum_shaping=282.39 T=102 d_init=94.1 d_final=0.0
 Retrying in 1 seconds
[shaping_diag] success_cum_shaping=282.39 T=103 d_init=94.1 d_final=0.0
 Retrying in 1 seconds
 Retrying in 1 seconds
[shaping_diag] success_cum_shaping=282.39 T=103 d_init=94.1 d_final=0.0
 Retrying in 1 seconds
[shaping_diag] success_cum_shaping=282.39 T=104 d_init=94.1 d_final=0.0
 Retrying in 1 seconds
[shaping_diag] success_cum_shaping=282.39 T=105 d_init=94.1 d_final=0.0
 Retrying in 1 seconds
[shaping_diag] success_cum_shaping=282.39 T=102 d_init=94.1 d_final=0.0
 Retrying in 1 seconds
[shaping_diag] success_cum_shaping=282.39 T=103 d_init=94.1 d_final=0.0
 Retrying in 1 seconds
[shaping_diag] success_cum_shaping=282.39 T=104 d_init=94.1 d_final=0.0
Warning: Vehicle 'other' performs emergency braking on lane ':center_8_0' with decel=9.00, wished=5.00, severity=1.00, time=7.30.
 Retrying in 1 seconds
[shaping_diag] success_cum_shaping=282.39 T=105 d_init=94.1 d_final=0.0
Warning: Vehicle 'other' performs emergency braking on lane ':center_8_0' with decel=9.00, wished=5.00, severity=1.00, time=7.70.
 Retrying in 1 seconds
 Retrying in 1 seconds
[shaping_diag] success_cum_shaping=282.39 T=105 d_init=94.1 d_final=0.0
Warning: Vehicle 'other' performs emergency braking on lane ':center_8_0' with decel=9.00, wished=5.00, severity=1.00, time=7.50.
 Retrying in 1 seconds
[shaping_diag] success_cum_shaping=282.39 T=107 d_init=94.1 d_final=0.0
 Retrying in 1 seconds
[shaping_diag] success_cum_shaping=282.39 T=103 d_init=94.1 d_final=0.0
Warning: Vehicle 'ego'; junction collision with vehicle 'other', lane=':center_4_0', gap=-1.00, time=7.50 stage=move.
 Retrying in 1 seconds
 Retrying in 1 seconds
[shaping_diag] success_cum_shaping=282.39 T=105 d_init=94.1 d_final=0.0
 Retrying in 1 seconds
[shaping_diag] success_cum_shaping=282.39 T=103 d_init=94.1 d_final=0.0
 Retrying in 1 seconds
[shaping_diag] success_cum_shaping=282.39 T=102 d_init=94.1 d_final=0.0
Warning: Vehicle 'ego'; junction collision with vehicle 'other', lane=':center_4_0', gap=-1.00, time=7.70 stage=move.
 Retrying in 1 seconds
 Retrying in 1 seconds
[shaping_diag] success_cum_shaping=282.39 T=102 d_init=94.1 d_final=0.0
 Retrying in 1 seconds
[shaping_diag] success_cum_shaping=282.39 T=103 d_init=94.1 d_final=0.0
 Retrying in 1 seconds
[shaping_diag] success_cum_shaping=282.39 T=105 d_init=94.1 d_final=0.0
 Retrying in 1 seconds
[shaping_diag] success_cum_shaping=282.39 T=109 d_init=94.1 d_final=0.0
 Retrying in 1 seconds
 Retrying in 1 seconds
[shaping_diag] success_cum_shaping=282.39 T=106 d_init=94.1 d_final=0.0
 Retrying in 1 seconds
[shaping_diag] success_cum_shaping=282.39 T=103 d_init=94.1 d_final=0.0
 Retrying in 1 seconds
[shaping_diag] success_cum_shaping=282.39 T=103 d_init=94.1 d_final=0.0
 Retrying in 1 seconds
[shaping_diag] success_cum_shaping=282.39 T=103 d_init=94.1 d_final=0.0
 Retrying in 1 seconds
[shaping_diag] success_cum_shaping=282.39 T=103 d_init=94.1 d_final=0.0
 Retrying in 1 seconds
[shaping_diag] success_cum_shaping=282.39 T=103 d_init=94.1 d_final=0.0
 Retrying in 1 seconds
[shaping_diag] success_cum_shaping=282.39 T=103 d_init=94.1 d_final=0.0
 Retrying in 1 seconds
[shaping_diag] success_cum_shaping=282.39 T=102 d_init=94.1 d_final=0.0
 Retrying in 1 seconds
[shaping_diag] success_cum_shaping=282.39 T=104 d_init=94.1 d_final=0.0
Warning: Vehicle 'other' performs emergency braking on lane ':center_8_0' with decel=9.00, wished=5.00, severity=1.00, time=7.20.
 Retrying in 1 seconds
[shaping_diag] success_cum_shaping=282.39 T=103 d_init=94.1 d_final=0.0
 Retrying in 1 seconds
[shaping_diag] success_cum_shaping=282.39 T=103 d_init=94.1 d_final=0.0
 Retrying in 1 seconds
[shaping_diag] success_cum_shaping=282.39 T=103 d_init=94.1 d_final=0.0
Warning: Vehicle 'other' performs emergency braking on lane ':center_8_0' with decel=9.00, wished=5.00, severity=1.00, time=7.40.
 Retrying in 1 seconds
[shaping_diag] success_cum_shaping=282.39 T=106 d_init=94.1 d_final=0.0
 Retrying in 1 seconds
[shaping_diag] success_cum_shaping=282.39 T=104 d_init=94.1 d_final=0.0
 Retrying in 1 seconds
[shaping_diag] success_cum_shaping=282.39 T=102 d_init=94.1 d_final=0.0
 Retrying in 1 seconds
[shaping_diag] success_cum_shaping=282.39 T=104 d_init=94.1 d_final=0.0
 Retrying in 1 seconds
[shaping_diag] success_cum_shaping=282.39 T=103 d_init=94.1 d_final=0.0
 Retrying in 1 seconds
[shaping_diag] success_cum_shaping=282.39 T=103 d_init=94.1 d_final=0.0
 Retrying in 1 seconds
[shaping_diag] success_cum_shaping=282.39 T=102 d_init=94.1 d_final=0.0
 Retrying in 1 seconds
 Retrying in 1 seconds
[shaping_diag] success_cum_shaping=282.39 T=107 d_init=94.1 d_final=0.0
 Retrying in 1 seconds
[shaping_diag] success_cum_shaping=282.39 T=103 d_init=94.1 d_final=0.0
Warning: Vehicle 'other' performs emergency braking on lane ':center_8_0' with decel=9.00, wished=6.00, severity=1.00, time=7.20.
 Retrying in 1 seconds
[shaping_diag] success_cum_shaping=282.39 T=103 d_init=94.1 d_final=0.0
 Retrying in 1 seconds
[shaping_diag] success_cum_shaping=282.39 T=103 d_init=94.1 d_final=0.0
 Retrying in 1 seconds
[shaping_diag] success_cum_shaping=282.39 T=102 d_init=94.1 d_final=0.0
 Retrying in 1 seconds
[shaping_diag] success_cum_shaping=282.39 T=106 d_init=94.1 d_final=0.0
 Retrying in 1 seconds
[shaping_diag] success_cum_shaping=282.39 T=104 d_init=94.1 d_final=0.0
 Retrying in 1 seconds
[shaping_diag] success_cum_shaping=282.39 T=102 d_init=94.1 d_final=0.0
 Retrying in 1 seconds
[shaping_diag] success_cum_shaping=282.39 T=102 d_init=94.1 d_final=0.0
 Retrying in 1 seconds
[shaping_diag] success_cum_shaping=282.39 T=104 d_init=94.1 d_final=0.0
 Retrying in 1 seconds
[shaping_diag] success_cum_shaping=282.39 T=103 d_init=94.1 d_final=0.0
 Retrying in 1 seconds
[shaping_diag] success_cum_shaping=282.39 T=105 d_init=94.1 d_final=0.0
 Retrying in 1 seconds
[shaping_diag] success_cum_shaping=282.39 T=106 d_init=94.1 d_final=0.0
 Retrying in 1 seconds
[shaping_diag] success_cum_shaping=282.39 T=105 d_init=94.1 d_final=0.0
 Retrying in 1 seconds
[shaping_diag] success_cum_shaping=282.39 T=106 d_init=94.1 d_final=0.0
Warning: Vehicle 'ego'; junction collision with vehicle 'other', lane=':center_4_0', gap=-1.00, time=7.40 stage=move.
 Retrying in 1 seconds
 Retrying in 1 seconds
[shaping_diag] success_cum_shaping=282.39 T=102 d_init=94.1 d_final=0.0
 Retrying in 1 seconds
[shaping_diag] success_cum_shaping=282.39 T=102 d_init=94.1 d_final=0.0
 Retrying in 1 seconds
[shaping_diag] success_cum_shaping=282.39 T=106 d_init=94.1 d_final=0.0
 Retrying in 1 seconds
[shaping_diag] success_cum_shaping=282.39 T=105 d_init=94.1 d_final=0.0
 Retrying in 1 seconds
[shaping_diag] success_cum_shaping=282.39 T=103 d_init=94.1 d_final=0.0
 Retrying in 1 seconds
[shaping_diag] success_cum_shaping=282.39 T=107 d_init=94.1 d_final=0.0
 Retrying in 1 seconds
[shaping_diag] success_cum_shaping=282.39 T=104 d_init=94.1 d_final=0.0
 Retrying in 1 seconds
[shaping_diag] success_cum_shaping=282.39 T=103 d_init=94.1 d_final=0.0
 Retrying in 1 seconds
[shaping_diag] success_cum_shaping=282.39 T=103 d_init=94.1 d_final=0.0
 Retrying in 1 seconds
[shaping_diag] success_cum_shaping=282.39 T=103 d_init=94.1 d_final=0.0
 Retrying in 1 seconds
[shaping_diag] success_cum_shaping=282.39 T=105 d_init=94.1 d_final=0.0
 Retrying in 1 seconds
[shaping_diag] success_cum_shaping=282.39 T=103 d_init=94.1 d_final=0.0
 Retrying in 1 seconds
[shaping_diag] success_cum_shaping=282.39 T=104 d_init=94.1 d_final=0.0
 Retrying in 1 seconds
[shaping_diag] success_cum_shaping=282.39 T=102 d_init=94.1 d_final=0.0
 Retrying in 1 seconds
[shaping_diag] success_cum_shaping=282.39 T=105 d_init=94.1 d_final=0.0
 Retrying in 1 seconds
[shaping_diag] success_cum_shaping=282.39 T=103 d_init=94.1 d_final=0.0
 Retrying in 1 seconds
[shaping_diag] success_cum_shaping=282.39 T=103 d_init=94.1 d_final=0.0
 Retrying in 1 seconds
[shaping_diag] success_cum_shaping=282.39 T=108 d_init=94.1 d_final=0.0
 Retrying in 1 seconds
[shaping_diag] success_cum_shaping=282.39 T=104 d_init=94.1 d_final=0.0
 Retrying in 1 seconds
[shaping_diag] success_cum_shaping=282.39 T=106 d_init=94.1 d_final=0.0
 Retrying in 1 seconds
[shaping_diag] success_cum_shaping=282.39 T=103 d_init=94.1 d_final=0.0
 Retrying in 1 seconds
[shaping_diag] success_cum_shaping=282.39 T=103 d_init=94.1 d_final=0.0
Warning: Vehicle 'other' performs emergency braking on lane ':center_8_0' with decel=9.00, wished=7.00, severity=1.00, time=7.30.
 Retrying in 1 seconds
 Retrying in 1 seconds
 Retrying in 1 seconds
[shaping_diag] success_cum_shaping=282.39 T=102 d_init=94.1 d_final=0.0
 Retrying in 1 seconds
[shaping_diag] success_cum_shaping=282.39 T=102 d_init=94.1 d_final=0.0
Warning: Vehicle 'other' performs emergency braking on lane ':center_8_0' with decel=9.00, wished=7.00, severity=1.00, time=7.10.
 Retrying in 1 seconds
[shaping_diag] success_cum_shaping=282.39 T=102 d_init=94.1 d_final=0.0
 Retrying in 1 seconds
[shaping_diag] success_cum_shaping=282.39 T=102 d_init=94.1 d_final=0.0
 Retrying in 1 seconds
[shaping_diag] success_cum_shaping=282.39 T=102 d_init=94.1 d_final=0.0
 Retrying in 1 seconds
[shaping_diag] success_cum_shaping=282.39 T=102 d_init=94.1 d_final=0.0
 Retrying in 1 seconds
[shaping_diag] success_cum_shaping=282.39 T=102 d_init=94.1 d_final=0.0
 Retrying in 1 seconds
[shaping_diag] success_cum_shaping=282.39 T=102 d_init=94.1 d_final=0.0
Warning: Vehicle 'other' performs emergency braking on lane ':center_8_0' with decel=9.00, wished=5.00, severity=1.00, time=7.10.
 Retrying in 1 seconds
[shaping_diag] success_cum_shaping=282.39 T=102 d_init=94.1 d_final=0.0
 Retrying in 1 seconds
[shaping_diag] success_cum_shaping=282.39 T=102 d_init=94.1 d_final=0.0
[drppo] step=167936 ret=352.93 coll=0 ttc=6.11
 Retrying in 1 seconds
[shaping_diag] success_cum_shaping=282.39 T=103 d_init=94.1 d_final=0.0
 Retrying in 1 seconds
[shaping_diag] success_cum_shaping=282.39 T=110 d_init=94.1 d_final=0.0
 Retrying in 1 seconds
[shaping_diag] success_cum_shaping=282.39 T=106 d_init=94.1 d_final=0.0
 Retrying in 1 seconds
[shaping_diag] success_cum_shaping=282.39 T=104 d_init=94.1 d_final=0.0
 Retrying in 1 seconds
[shaping_diag] success_cum_shaping=282.39 T=104 d_init=94.1 d_final=0.0
 Retrying in 1 seconds
[shaping_diag] success_cum_shaping=282.39 T=112 d_init=94.1 d_final=0.0
 Retrying in 1 seconds
[shaping_diag] success_cum_shaping=282.39 T=106 d_init=94.1 d_final=0.0
 Retrying in 1 seconds
[shaping_diag] success_cum_shaping=282.39 T=105 d_init=94.1 d_final=0.0
 Retrying in 1 seconds
[shaping_diag] success_cum_shaping=282.39 T=104 d_init=94.1 d_final=0.0
 Retrying in 1 seconds
[shaping_diag] success_cum_shaping=282.39 T=108 d_init=94.1 d_final=0.0
 Retrying in 1 seconds
[shaping_diag] success_cum_shaping=282.39 T=104 d_init=94.1 d_final=0.0
 Retrying in 1 seconds
[shaping_diag] success_cum_shaping=282.39 T=106 d_init=94.1 d_final=0.0
 Retrying in 1 seconds
[shaping_diag] success_cum_shaping=282.39 T=103 d_init=94.1 d_final=0.0
 Retrying in 1 seconds
[shaping_diag] success_cum_shaping=282.39 T=103 d_init=94.1 d_final=0.0
Warning: Vehicle 'other' performs emergency braking on lane ':center_8_0' with decel=9.00, wished=5.00, severity=1.00, time=7.50.
 Retrying in 1 seconds
 Retrying in 1 seconds
[shaping_diag] success_cum_shaping=282.39 T=103 d_init=94.1 d_final=0.0
 Retrying in 1 seconds
[shaping_diag] success_cum_shaping=282.39 T=107 d_init=94.1 d_final=0.0
 Retrying in 1 seconds
[shaping_diag] success_cum_shaping=282.39 T=105 d_init=94.1 d_final=0.0
 Retrying in 1 seconds
[shaping_diag] success_cum_shaping=282.39 T=105 d_init=94.1 d_final=0.0
 Retrying in 1 seconds
[shaping_diag] success_cum_shaping=282.39 T=103 d_init=94.1 d_final=0.0
 Retrying in 1 seconds
[shaping_diag] success_cum_shaping=282.39 T=105 d_init=94.1 d_final=0.0
 Retrying in 1 seconds
[shaping_diag] success_cum_shaping=282.39 T=108 d_init=94.1 d_final=0.0
 Retrying in 1 seconds
[shaping_diag] success_cum_shaping=282.39 T=106 d_init=94.1 d_final=0.0
 Retrying in 1 seconds
[shaping_diag] success_cum_shaping=282.39 T=104 d_init=94.1 d_final=0.0
 Retrying in 1 seconds
[shaping_diag] success_cum_shaping=282.39 T=106 d_init=94.1 d_final=0.0
 Retrying in 1 seconds
[shaping_diag] success_cum_shaping=282.39 T=105 d_init=94.1 d_final=0.0
 Retrying in 1 seconds
[shaping_diag] success_cum_shaping=282.39 T=105 d_init=94.1 d_final=0.0
 Retrying in 1 seconds
[shaping_diag] success_cum_shaping=282.39 T=107 d_init=94.1 d_final=0.0
 Retrying in 1 seconds
[shaping_diag] success_cum_shaping=282.39 T=103 d_init=94.1 d_final=0.0
 Retrying in 1 seconds
[shaping_diag] success_cum_shaping=282.39 T=104 d_init=94.1 d_final=0.0
 Retrying in 1 seconds
[shaping_diag] success_cum_shaping=282.39 T=103 d_init=94.1 d_final=0.0
 Retrying in 1 seconds
[shaping_diag] success_cum_shaping=282.39 T=106 d_init=94.1 d_final=0.0
 Retrying in 1 seconds
[shaping_diag] success_cum_shaping=282.39 T=104 d_init=94.1 d_final=0.0
 Retrying in 1 seconds
[shaping_diag] success_cum_shaping=282.39 T=104 d_init=94.1 d_final=0.0
 Retrying in 1 seconds
[shaping_diag] success_cum_shaping=282.39 T=102 d_init=94.1 d_final=0.0
 Retrying in 1 seconds
[shaping_diag] success_cum_shaping=282.39 T=103 d_init=94.1 d_final=0.0
 Retrying in 1 seconds
[shaping_diag] success_cum_shaping=282.39 T=105 d_init=94.1 d_final=0.0
 Retrying in 1 seconds
[shaping_diag] success_cum_shaping=282.39 T=103 d_init=94.1 d_final=0.0
 Retrying in 1 seconds
[shaping_diag] success_cum_shaping=282.39 T=103 d_init=94.1 d_final=0.0
 Retrying in 1 seconds
 Retrying in 1 seconds
[shaping_diag] success_cum_shaping=282.39 T=103 d_init=94.1 d_final=0.0
 Retrying in 1 seconds
[shaping_diag] success_cum_shaping=282.39 T=106 d_init=94.1 d_final=0.0
 Retrying in 1 seconds
[shaping_diag] success_cum_shaping=282.39 T=119 d_init=94.1 d_final=0.0
 Retrying in 1 seconds
[shaping_diag] success_cum_shaping=282.39 T=126 d_init=94.1 d_final=0.0
 Retrying in 1 seconds
[shaping_diag] success_cum_shaping=282.39 T=104 d_init=94.1 d_final=0.0
Warning: Vehicle 'ego'; junction collision with vehicle 'other', lane=':center_4_0', gap=-1.00, time=7.80 stage=move.
 Retrying in 1 seconds
 Retrying in 1 seconds
[shaping_diag] success_cum_shaping=282.39 T=103 d_init=94.1 d_final=0.0
 Retrying in 1 seconds
[shaping_diag] success_cum_shaping=282.39 T=106 d_init=94.1 d_final=0.0
 Retrying in 1 seconds
[shaping_diag] success_cum_shaping=282.39 T=107 d_init=94.1 d_final=0.0
 Retrying in 1 seconds
[shaping_diag] success_cum_shaping=282.39 T=104 d_init=94.1 d_final=0.0
 Retrying in 1 seconds
[shaping_diag] success_cum_shaping=282.39 T=103 d_init=94.1 d_final=0.0
 Retrying in 1 seconds
[shaping_diag] success_cum_shaping=282.39 T=103 d_init=94.1 d_final=0.0
 Retrying in 1 seconds
[shaping_diag] success_cum_shaping=282.39 T=123 d_init=94.1 d_final=0.0
 Retrying in 1 seconds
[shaping_diag] success_cum_shaping=282.39 T=104 d_init=94.1 d_final=0.0
Warning: Vehicle 'ego'; collision with vehicle 'other', lane='right_out_0', gap=-1.48, time=7.90 stage=move.
 Retrying in 1 seconds
 Retrying in 1 seconds
[shaping_diag] success_cum_shaping=282.39 T=105 d_init=94.1 d_final=0.0
 Retrying in 1 seconds
[shaping_diag] success_cum_shaping=282.39 T=103 d_init=94.1 d_final=0.0
 Retrying in 1 seconds
[shaping_diag] success_cum_shaping=282.39 T=105 d_init=94.1 d_final=0.0
 Retrying in 1 seconds
[shaping_diag] success_cum_shaping=282.39 T=129 d_init=94.1 d_final=0.0
 Retrying in 1 seconds
[shaping_diag] success_cum_shaping=282.39 T=105 d_init=94.1 d_final=0.0
 Retrying in 1 seconds
[shaping_diag] success_cum_shaping=282.39 T=106 d_init=94.1 d_final=0.0
 Retrying in 1 seconds
[shaping_diag] success_cum_shaping=282.39 T=104 d_init=94.1 d_final=0.0
 Retrying in 1 seconds
[shaping_diag] success_cum_shaping=282.39 T=104 d_init=94.1 d_final=0.0
Warning: Vehicle 'other' performs emergency braking on lane ':center_8_0' with decel=9.00, wished=6.00, severity=1.00, time=7.20.
 Retrying in 1 seconds
[shaping_diag] success_cum_shaping=282.39 T=103 d_init=94.1 d_final=0.0
 Retrying in 1 seconds
[shaping_diag] success_cum_shaping=282.39 T=103 d_init=94.1 d_final=0.0
 Retrying in 1 seconds
[shaping_diag] success_cum_shaping=282.39 T=103 d_init=94.1 d_final=0.0
 Retrying in 1 seconds
[shaping_diag] success_cum_shaping=282.39 T=103 d_init=94.1 d_final=0.0
Warning: Vehicle 'other' performs emergency braking on lane ':center_8_0' with decel=9.00, wished=6.00, severity=1.00, time=7.10.
 Retrying in 1 seconds
[shaping_diag] success_cum_shaping=282.39 T=103 d_init=94.1 d_final=0.0
 Retrying in 1 seconds
[shaping_diag] success_cum_shaping=282.39 T=103 d_init=94.1 d_final=0.0
 Retrying in 1 seconds
[shaping_diag] success_cum_shaping=282.39 T=105 d_init=94.1 d_final=0.0
 Retrying in 1 seconds
[shaping_diag] success_cum_shaping=282.39 T=104 d_init=94.1 d_final=0.0
 Retrying in 1 seconds
[shaping_diag] success_cum_shaping=282.39 T=104 d_init=94.1 d_final=0.0
 Retrying in 1 seconds
[shaping_diag] success_cum_shaping=282.39 T=104 d_init=94.1 d_final=0.0
Warning: Vehicle 'other' performs emergency braking on lane ':center_8_0' with decel=9.00, wished=7.00, severity=1.00, time=7.70.
Warning: Vehicle 'other2' performs emergency braking on lane ':center_8_0' with decel=9.00, wished=5.00, severity=1.00, time=8.20.
 Retrying in 1 seconds
 Retrying in 1 seconds
[shaping_diag] success_cum_shaping=282.39 T=114 d_init=94.1 d_final=0.0
 Retrying in 1 seconds
[shaping_diag] success_cum_shaping=282.39 T=146 d_init=94.1 d_final=0.0
 Retrying in 1 seconds
[shaping_diag] success_cum_shaping=282.39 T=110 d_init=94.1 d_final=0.0
 Retrying in 1 seconds
[shaping_diag] success_cum_shaping=282.39 T=102 d_init=94.1 d_final=0.0
 Retrying in 1 seconds
 Retrying in 1 seconds
[shaping_diag] success_cum_shaping=282.39 T=107 d_init=94.1 d_final=0.0
 Retrying in 1 seconds
[shaping_diag] success_cum_shaping=282.39 T=126 d_init=94.1 d_final=0.0
 Retrying in 1 seconds
[shaping_diag] success_cum_shaping=282.39 T=108 d_init=94.1 d_final=0.0
 Retrying in 1 seconds
[shaping_diag] success_cum_shaping=282.39 T=105 d_init=94.1 d_final=0.0
 Retrying in 1 seconds
[shaping_diag] success_cum_shaping=282.39 T=104 d_init=94.1 d_final=0.0
 Retrying in 1 seconds
[shaping_diag] success_cum_shaping=282.39 T=104 d_init=94.1 d_final=0.0
 Retrying in 1 seconds
[shaping_diag] success_cum_shaping=282.39 T=106 d_init=94.1 d_final=0.0
 Retrying in 1 seconds
[shaping_diag] success_cum_shaping=282.39 T=104 d_init=94.1 d_final=0.0
Warning: Vehicle 'other' performs emergency braking on lane ':center_8_0' with decel=9.00, wished=7.00, severity=1.00, time=7.20.
 Retrying in 1 seconds
[shaping_diag] success_cum_shaping=282.39 T=104 d_init=94.1 d_final=0.0
 Retrying in 1 seconds
[shaping_diag] success_cum_shaping=282.39 T=109 d_init=94.1 d_final=0.0
 Retrying in 1 seconds
[shaping_diag] success_cum_shaping=282.39 T=103 d_init=94.1 d_final=0.0
 Retrying in 1 seconds
[shaping_diag] success_cum_shaping=282.39 T=104 d_init=94.1 d_final=0.0
 Retrying in 1 seconds
[shaping_diag] success_cum_shaping=282.39 T=106 d_init=94.1 d_final=0.0
 Retrying in 1 seconds
[shaping_diag] success_cum_shaping=282.39 T=144 d_init=94.1 d_final=0.0
 Retrying in 1 seconds
[shaping_diag] success_cum_shaping=282.39 T=105 d_init=94.1 d_final=0.0
 Retrying in 1 seconds
[shaping_diag] success_cum_shaping=282.39 T=104 d_init=94.1 d_final=0.0
 Retrying in 1 seconds
[shaping_diag] success_cum_shaping=282.39 T=109 d_init=94.1 d_final=0.0
 Retrying in 1 seconds
[shaping_diag] success_cum_shaping=282.39 T=104 d_init=94.1 d_final=0.0
 Retrying in 1 seconds
[shaping_diag] success_cum_shaping=282.39 T=145 d_init=94.1 d_final=0.0
 Retrying in 1 seconds
[shaping_diag] success_cum_shaping=282.39 T=104 d_init=94.1 d_final=0.0
 Retrying in 1 seconds
[shaping_diag] success_cum_shaping=282.39 T=103 d_init=94.1 d_final=0.0
 Retrying in 1 seconds
[shaping_diag] success_cum_shaping=282.39 T=103 d_init=94.1 d_final=0.0
 Retrying in 1 seconds
[shaping_diag] success_cum_shaping=282.39 T=103 d_init=94.1 d_final=0.0
 Retrying in 1 seconds
[shaping_diag] success_cum_shaping=282.39 T=134 d_init=94.1 d_final=0.0
 Retrying in 1 seconds
[shaping_diag] success_cum_shaping=282.39 T=103 d_init=94.1 d_final=0.0
 Retrying in 1 seconds
[shaping_diag] success_cum_shaping=282.39 T=109 d_init=94.1 d_final=0.0
 Retrying in 1 seconds
[shaping_diag] success_cum_shaping=282.39 T=102 d_init=94.1 d_final=0.0
 Retrying in 1 seconds
[shaping_diag] success_cum_shaping=282.39 T=105 d_init=94.1 d_final=0.0
 Retrying in 1 seconds
[shaping_diag] success_cum_shaping=282.39 T=106 d_init=94.1 d_final=0.0
 Retrying in 1 seconds
[shaping_diag] success_cum_shaping=282.39 T=104 d_init=94.1 d_final=0.0
 Retrying in 1 seconds
[shaping_diag] success_cum_shaping=282.39 T=102 d_init=94.1 d_final=0.0
 Retrying in 1 seconds
[shaping_diag] success_cum_shaping=282.39 T=113 d_init=94.1 d_final=0.0
 Retrying in 1 seconds
[shaping_diag] success_cum_shaping=282.39 T=128 d_init=94.1 d_final=0.0
 Retrying in 1 seconds
[shaping_diag] success_cum_shaping=282.39 T=105 d_init=94.1 d_final=0.0
 Retrying in 1 seconds
[shaping_diag] success_cum_shaping=282.39 T=103 d_init=94.1 d_final=0.0
 Retrying in 1 seconds
[shaping_diag] success_cum_shaping=282.39 T=104 d_init=94.1 d_final=0.0
 Retrying in 1 seconds
[shaping_diag] success_cum_shaping=282.39 T=104 d_init=94.1 d_final=0.0
 Retrying in 1 seconds
 Retrying in 1 seconds
[shaping_diag] success_cum_shaping=282.39 T=103 d_init=94.1 d_final=0.0
 Retrying in 1 seconds
[shaping_diag] success_cum_shaping=282.39 T=103 d_init=94.1 d_final=0.0
 Retrying in 1 seconds
[shaping_diag] success_cum_shaping=282.39 T=103 d_init=94.1 d_final=0.0
 Retrying in 1 seconds
[shaping_diag] success_cum_shaping=282.39 T=104 d_init=94.1 d_final=0.0
 Retrying in 1 seconds
[shaping_diag] success_cum_shaping=282.39 T=102 d_init=94.1 d_final=0.0
 Retrying in 1 seconds
[shaping_diag] success_cum_shaping=282.39 T=106 d_init=94.1 d_final=0.0
Warning: Vehicle 'other' performs emergency braking on lane ':center_8_0' with decel=9.00, wished=5.00, severity=1.00, time=7.70.
Warning: Vehicle 'ego'; junction collision with vehicle 'other', lane=':center_4_0', gap=-1.00, time=7.90 stage=move.
 Retrying in 1 seconds
 Retrying in 1 seconds
[shaping_diag] success_cum_shaping=282.39 T=103 d_init=94.1 d_final=0.0
 Retrying in 1 seconds
[shaping_diag] success_cum_shaping=282.39 T=104 d_init=94.1 d_final=0.0
 Retrying in 1 seconds
[shaping_diag] success_cum_shaping=282.39 T=103 d_init=94.1 d_final=0.0
 Retrying in 1 seconds
[shaping_diag] success_cum_shaping=282.39 T=108 d_init=94.1 d_final=0.0
 Retrying in 1 seconds
[shaping_diag] success_cum_shaping=282.39 T=105 d_init=94.1 d_final=0.0
 Retrying in 1 seconds
[shaping_diag] success_cum_shaping=282.39 T=106 d_init=94.1 d_final=0.0
 Retrying in 1 seconds
[shaping_diag] success_cum_shaping=282.39 T=103 d_init=94.1 d_final=0.0
 Retrying in 1 seconds
[shaping_diag] success_cum_shaping=282.39 T=106 d_init=94.1 d_final=0.0
 Retrying in 1 seconds
[shaping_diag] success_cum_shaping=282.39 T=105 d_init=94.1 d_final=0.0
 Retrying in 1 seconds
[shaping_diag] success_cum_shaping=282.39 T=104 d_init=94.1 d_final=0.0
 Retrying in 1 seconds
[shaping_diag] success_cum_shaping=282.39 T=105 d_init=94.1 d_final=0.0
 Retrying in 1 seconds
[shaping_diag] success_cum_shaping=282.39 T=106 d_init=94.1 d_final=0.0
 Retrying in 1 seconds
[shaping_diag] success_cum_shaping=282.39 T=104 d_init=94.1 d_final=0.0
Warning: Vehicle 'ego'; junction collision with vehicle 'other', lane=':center_4_0', gap=-1.00, time=7.70 stage=move.
 Retrying in 1 seconds
 Retrying in 1 seconds
[shaping_diag] success_cum_shaping=282.39 T=103 d_init=94.1 d_final=0.0
 Retrying in 1 seconds
[shaping_diag] success_cum_shaping=282.39 T=106 d_init=94.1 d_final=0.0
 Retrying in 1 seconds
[shaping_diag] success_cum_shaping=282.39 T=117 d_init=94.1 d_final=0.0
 Retrying in 1 seconds
[shaping_diag] success_cum_shaping=282.39 T=108 d_init=94.1 d_final=0.0
 Retrying in 1 seconds
[shaping_diag] success_cum_shaping=282.39 T=146 d_init=94.1 d_final=0.0
 Retrying in 1 seconds
[shaping_diag] success_cum_shaping=282.39 T=105 d_init=94.1 d_final=0.0
 Retrying in 1 seconds
[shaping_diag] success_cum_shaping=282.39 T=104 d_init=94.1 d_final=0.0
 Retrying in 1 seconds
[shaping_diag] success_cum_shaping=282.39 T=104 d_init=94.1 d_final=0.0
 Retrying in 1 seconds
[shaping_diag] success_cum_shaping=282.39 T=104 d_init=94.1 d_final=0.0
 Retrying in 1 seconds
[shaping_diag] success_cum_shaping=282.39 T=103 d_init=94.1 d_final=0.0
 Retrying in 1 seconds
[shaping_diag] success_cum_shaping=282.39 T=123 d_init=94.1 d_final=0.0
 Retrying in 1 seconds
[shaping_diag] success_cum_shaping=282.39 T=108 d_init=94.1 d_final=0.0
 Retrying in 1 seconds
[shaping_diag] success_cum_shaping=282.39 T=103 d_init=94.1 d_final=0.0
 Retrying in 1 seconds
[shaping_diag] success_cum_shaping=282.39 T=109 d_init=94.1 d_final=0.0
 Retrying in 1 seconds
[shaping_diag] success_cum_shaping=282.39 T=107 d_init=94.1 d_final=0.0
 Retrying in 1 seconds
[shaping_diag] success_cum_shaping=282.39 T=105 d_init=94.1 d_final=0.0
 Retrying in 1 seconds
[shaping_diag] success_cum_shaping=282.39 T=108 d_init=94.1 d_final=0.0
 Retrying in 1 seconds
 Retrying in 1 seconds
[shaping_diag] success_cum_shaping=282.39 T=103 d_init=94.1 d_final=0.0
 Retrying in 1 seconds
[shaping_diag] success_cum_shaping=282.39 T=106 d_init=94.1 d_final=0.0
 Retrying in 1 seconds
[shaping_diag] success_cum_shaping=282.39 T=104 d_init=94.1 d_final=0.0
 Retrying in 1 seconds
[shaping_diag] success_cum_shaping=282.39 T=103 d_init=94.1 d_final=0.0
 Retrying in 1 seconds
[shaping_diag] success_cum_shaping=282.39 T=119 d_init=94.1 d_final=0.0
 Retrying in 1 seconds
[shaping_diag] success_cum_shaping=282.39 T=104 d_init=94.1 d_final=0.0
 Retrying in 1 seconds
[shaping_diag] success_cum_shaping=282.39 T=105 d_init=94.1 d_final=0.0
 Retrying in 1 seconds
[shaping_diag] success_cum_shaping=282.39 T=113 d_init=94.1 d_final=0.0
 Retrying in 1 seconds
[shaping_diag] success_cum_shaping=282.39 T=106 d_init=94.1 d_final=0.0
 Retrying in 1 seconds
[shaping_diag] success_cum_shaping=282.39 T=106 d_init=94.1 d_final=0.0
Warning: Vehicle 'ego'; junction collision with vehicle 'other', lane=':center_4_0', gap=-1.00, time=7.90 stage=move.
 Retrying in 1 seconds
 Retrying in 1 seconds
[shaping_diag] success_cum_shaping=282.39 T=106 d_init=94.1 d_final=0.0
 Retrying in 1 seconds
[shaping_diag] success_cum_shaping=282.39 T=108 d_init=94.1 d_final=0.0
 Retrying in 1 seconds
[shaping_diag] success_cum_shaping=282.39 T=105 d_init=94.1 d_final=0.0
 Retrying in 1 seconds
[shaping_diag] success_cum_shaping=282.39 T=107 d_init=94.1 d_final=0.0
 Retrying in 1 seconds
[shaping_diag] success_cum_shaping=282.39 T=104 d_init=94.1 d_final=0.0
 Retrying in 1 seconds
[shaping_diag] success_cum_shaping=282.39 T=106 d_init=94.1 d_final=0.0
 Retrying in 1 seconds
[shaping_diag] success_cum_shaping=282.39 T=108 d_init=94.1 d_final=0.0
 Retrying in 1 seconds
[shaping_diag] success_cum_shaping=282.39 T=104 d_init=94.1 d_final=0.0
Warning: Vehicle 'other' performs emergency braking on lane ':center_8_0' with decel=9.00, wished=7.00, severity=1.00, time=7.20.
 Retrying in 1 seconds
[shaping_diag] success_cum_shaping=282.39 T=104 d_init=94.1 d_final=0.0
 Retrying in 1 seconds
[shaping_diag] success_cum_shaping=282.39 T=105 d_init=94.1 d_final=0.0
Warning: Vehicle 'other' performs emergency braking on lane ':center_8_0' with decel=9.00, wished=5.00, severity=1.00, time=7.50.
Warning: Vehicle 'other'; junction collision with vehicle 'ego', lane=':center_8_0', gap=-1.00, time=7.80 stage=move.
 Retrying in 1 seconds
 Retrying in 1 seconds
[shaping_diag] success_cum_shaping=282.39 T=108 d_init=94.1 d_final=0.0
 Retrying in 1 seconds
[shaping_diag] success_cum_shaping=282.39 T=117 d_init=94.1 d_final=0.0
 Retrying in 1 seconds
[shaping_diag] success_cum_shaping=282.39 T=109 d_init=94.1 d_final=0.0
 Retrying in 1 seconds
[shaping_diag] success_cum_shaping=282.39 T=105 d_init=94.1 d_final=0.0
 Retrying in 1 seconds
[shaping_diag] success_cum_shaping=282.39 T=105 d_init=94.1 d_final=0.0
 Retrying in 1 seconds
[shaping_diag] success_cum_shaping=282.39 T=105 d_init=94.1 d_final=0.0
 Retrying in 1 seconds
[shaping_diag] success_cum_shaping=282.39 T=104 d_init=94.1 d_final=0.0
 Retrying in 1 seconds
[shaping_diag] success_cum_shaping=282.39 T=110 d_init=94.1 d_final=0.0
 Retrying in 1 seconds
[shaping_diag] success_cum_shaping=282.39 T=105 d_init=94.1 d_final=0.0
 Retrying in 1 seconds
[shaping_diag] success_cum_shaping=282.39 T=103 d_init=94.1 d_final=0.0
 Retrying in 1 seconds
[shaping_diag] success_cum_shaping=282.39 T=102 d_init=94.1 d_final=0.0
 Retrying in 1 seconds
[shaping_diag] success_cum_shaping=282.39 T=104 d_init=94.1 d_final=0.0
 Retrying in 1 seconds
[shaping_diag] success_cum_shaping=282.39 T=107 d_init=94.1 d_final=0.0
Warning: Vehicle 'ego'; collision with vehicle 'other', lane='right_out_0', gap=-0.33, time=8.50 stage=move.
 Retrying in 1 seconds
 Retrying in 1 seconds
[shaping_diag] success_cum_shaping=282.39 T=113 d_init=94.1 d_final=0.0
 Retrying in 1 seconds
[shaping_diag] success_cum_shaping=282.39 T=106 d_init=94.1 d_final=0.0
 Retrying in 1 seconds
[shaping_diag] success_cum_shaping=282.39 T=104 d_init=94.1 d_final=0.0
 Retrying in 1 seconds
 Retrying in 1 seconds
[shaping_diag] success_cum_shaping=282.39 T=127 d_init=94.1 d_final=0.0
 Retrying in 1 seconds
[shaping_diag] success_cum_shaping=282.39 T=103 d_init=94.1 d_final=0.0
 Retrying in 1 seconds
[shaping_diag] success_cum_shaping=282.39 T=121 d_init=94.1 d_final=0.0
 Retrying in 1 seconds
[shaping_diag] success_cum_shaping=282.39 T=118 d_init=94.1 d_final=0.0
 Retrying in 1 seconds
[shaping_diag] success_cum_shaping=282.39 T=105 d_init=94.1 d_final=0.0
 Retrying in 1 seconds
[shaping_diag] success_cum_shaping=282.39 T=105 d_init=94.1 d_final=0.0
 Retrying in 1 seconds
[shaping_diag] success_cum_shaping=282.39 T=105 d_init=94.1 d_final=0.0
 Retrying in 1 seconds
[shaping_diag] success_cum_shaping=282.39 T=114 d_init=94.1 d_final=0.0
 Retrying in 1 seconds
[shaping_diag] success_cum_shaping=282.39 T=111 d_init=94.1 d_final=0.0
Warning: Vehicle 'ego'; collision with vehicle 'other', lane='right_out_0', gap=-0.00, time=9.80 stage=move.
 Retrying in 1 seconds
 Retrying in 1 seconds
[shaping_diag] success_cum_shaping=282.39 T=104 d_init=94.1 d_final=0.0
 Retrying in 1 seconds
[shaping_diag] success_cum_shaping=282.39 T=104 d_init=94.1 d_final=0.0
 Retrying in 1 seconds
[shaping_diag] success_cum_shaping=282.39 T=105 d_init=94.1 d_final=0.0
 Retrying in 1 seconds
[shaping_diag] success_cum_shaping=282.39 T=104 d_init=94.1 d_final=0.0
 Retrying in 1 seconds
[shaping_diag] success_cum_shaping=282.39 T=103 d_init=94.1 d_final=0.0
 Retrying in 1 seconds
 Retrying in 1 seconds
[shaping_diag] success_cum_shaping=282.39 T=110 d_init=94.1 d_final=0.0
 Retrying in 1 seconds
[shaping_diag] success_cum_shaping=282.39 T=102 d_init=94.1 d_final=0.0
 Retrying in 1 seconds
[shaping_diag] success_cum_shaping=282.39 T=105 d_init=94.1 d_final=0.0
 Retrying in 1 seconds
[shaping_diag] success_cum_shaping=282.39 T=104 d_init=94.1 d_final=0.0
 Retrying in 1 seconds
[shaping_diag] success_cum_shaping=282.39 T=130 d_init=94.1 d_final=0.0
 Retrying in 1 seconds
[shaping_diag] success_cum_shaping=282.39 T=106 d_init=94.1 d_final=0.0
 Retrying in 1 seconds
[shaping_diag] success_cum_shaping=282.39 T=102 d_init=94.1 d_final=0.0
 Retrying in 1 seconds
[shaping_diag] success_cum_shaping=282.39 T=104 d_init=94.1 d_final=0.0
 Retrying in 1 seconds
[shaping_diag] success_cum_shaping=282.39 T=104 d_init=94.1 d_final=0.0
 Retrying in 1 seconds
[shaping_diag] success_cum_shaping=282.39 T=107 d_init=94.1 d_final=0.0
 Retrying in 1 seconds
[shaping_diag] success_cum_shaping=282.39 T=103 d_init=94.1 d_final=0.0
 Retrying in 1 seconds
[shaping_diag] success_cum_shaping=282.39 T=111 d_init=94.1 d_final=0.0
 Retrying in 1 seconds
[shaping_diag] success_cum_shaping=282.39 T=104 d_init=94.1 d_final=0.0
 Retrying in 1 seconds
[shaping_diag] success_cum_shaping=282.39 T=102 d_init=94.1 d_final=0.0
 Retrying in 1 seconds
[shaping_diag] success_cum_shaping=282.39 T=120 d_init=94.1 d_final=0.0
 Retrying in 1 seconds
[shaping_diag] success_cum_shaping=282.39 T=104 d_init=94.1 d_final=0.0
 Retrying in 1 seconds
[shaping_diag] success_cum_shaping=282.39 T=105 d_init=94.1 d_final=0.0
 Retrying in 1 seconds
[shaping_diag] success_cum_shaping=282.39 T=103 d_init=94.1 d_final=0.0
 Retrying in 1 seconds
[shaping_diag] success_cum_shaping=282.39 T=105 d_init=94.1 d_final=0.0
 Retrying in 1 seconds
[shaping_diag] success_cum_shaping=282.39 T=103 d_init=94.1 d_final=0.0
 Retrying in 1 seconds
[shaping_diag] success_cum_shaping=282.39 T=109 d_init=94.1 d_final=0.0
 Retrying in 1 seconds
[shaping_diag] success_cum_shaping=282.39 T=117 d_init=94.1 d_final=0.0
 Retrying in 1 seconds
 Retrying in 1 seconds
[shaping_diag] success_cum_shaping=282.39 T=102 d_init=94.1 d_final=0.0
 Retrying in 1 seconds
[shaping_diag] success_cum_shaping=282.39 T=104 d_init=94.1 d_final=0.0
 Retrying in 1 seconds
[shaping_diag] success_cum_shaping=282.39 T=104 d_init=94.1 d_final=0.0
 Retrying in 1 seconds
[shaping_diag] success_cum_shaping=282.39 T=110 d_init=94.1 d_final=0.0
 Retrying in 1 seconds
[shaping_diag] success_cum_shaping=282.39 T=103 d_init=94.1 d_final=0.0
 Retrying in 1 seconds
[shaping_diag] success_cum_shaping=282.39 T=108 d_init=94.1 d_final=0.0
 Retrying in 1 seconds
[shaping_diag] success_cum_shaping=282.39 T=108 d_init=94.1 d_final=0.0
 Retrying in 1 seconds
[shaping_diag] success_cum_shaping=282.39 T=103 d_init=94.1 d_final=0.0
 Retrying in 1 seconds
[shaping_diag] success_cum_shaping=282.39 T=110 d_init=94.1 d_final=0.0
 Retrying in 1 seconds
[shaping_diag] success_cum_shaping=282.39 T=108 d_init=94.1 d_final=0.0
 Retrying in 1 seconds
[shaping_diag] success_cum_shaping=282.39 T=103 d_init=94.1 d_final=0.0
 Retrying in 1 seconds
[shaping_diag] success_cum_shaping=282.39 T=106 d_init=94.1 d_final=0.0
 Retrying in 1 seconds
[shaping_diag] success_cum_shaping=282.39 T=105 d_init=94.1 d_final=0.0
 Retrying in 1 seconds
[shaping_diag] success_cum_shaping=282.39 T=105 d_init=94.1 d_final=0.0
 Retrying in 1 seconds
[shaping_diag] success_cum_shaping=282.39 T=116 d_init=94.1 d_final=0.0
 Retrying in 1 seconds
[shaping_diag] success_cum_shaping=282.39 T=107 d_init=94.1 d_final=0.0
 Retrying in 1 seconds
[shaping_diag] success_cum_shaping=282.39 T=103 d_init=94.1 d_final=0.0
 Retrying in 1 seconds
[shaping_diag] success_cum_shaping=282.39 T=105 d_init=94.1 d_final=0.0
 Retrying in 1 seconds
[shaping_diag] success_cum_shaping=282.39 T=105 d_init=94.1 d_final=0.0
 Retrying in 1 seconds
[shaping_diag] success_cum_shaping=282.39 T=104 d_init=94.1 d_final=0.0
 Retrying in 1 seconds
[shaping_diag] success_cum_shaping=282.39 T=105 d_init=94.1 d_final=0.0
 Retrying in 1 seconds
[shaping_diag] success_cum_shaping=282.39 T=103 d_init=94.1 d_final=0.0
 Retrying in 1 seconds
[shaping_diag] success_cum_shaping=282.39 T=103 d_init=94.1 d_final=0.0
 Retrying in 1 seconds
[shaping_diag] success_cum_shaping=282.39 T=103 d_init=94.1 d_final=0.0
 Retrying in 1 seconds
[shaping_diag] success_cum_shaping=282.39 T=106 d_init=94.1 d_final=0.0
 Retrying in 1 seconds
[shaping_diag] success_cum_shaping=282.39 T=104 d_init=94.1 d_final=0.0
 Retrying in 1 seconds
[shaping_diag] success_cum_shaping=282.39 T=105 d_init=94.1 d_final=0.0
 Retrying in 1 seconds
[shaping_diag] success_cum_shaping=282.39 T=106 d_init=94.1 d_final=0.0
 Retrying in 1 seconds
[shaping_diag] success_cum_shaping=282.39 T=109 d_init=94.1 d_final=0.0
 Retrying in 1 seconds
[shaping_diag] success_cum_shaping=282.39 T=112 d_init=94.1 d_final=0.0
 Retrying in 1 seconds
[shaping_diag] success_cum_shaping=282.39 T=104 d_init=94.1 d_final=0.0
Warning: Vehicle 'ego'; collision with vehicle 'other', lane='right_out_0', gap=-0.80, time=8.40 stage=move.
 Retrying in 1 seconds
 Retrying in 1 seconds
[shaping_diag] success_cum_shaping=282.39 T=106 d_init=94.1 d_final=0.0
 Retrying in 1 seconds
[shaping_diag] success_cum_shaping=282.39 T=112 d_init=94.1 d_final=0.0
 Retrying in 1 seconds
[shaping_diag] success_cum_shaping=282.39 T=103 d_init=94.1 d_final=0.0
 Retrying in 1 seconds
[shaping_diag] success_cum_shaping=282.39 T=116 d_init=94.1 d_final=0.0
 Retrying in 1 seconds
[shaping_diag] success_cum_shaping=282.39 T=116 d_init=94.1 d_final=0.0
 Retrying in 1 seconds
[shaping_diag] success_cum_shaping=282.39 T=131 d_init=94.1 d_final=0.0
 Retrying in 1 seconds
 Retrying in 1 seconds
[shaping_diag] success_cum_shaping=282.39 T=104 d_init=94.1 d_final=0.0
 Retrying in 1 seconds
[shaping_diag] success_cum_shaping=282.39 T=105 d_init=94.1 d_final=0.0
 Retrying in 1 seconds
[shaping_diag] success_cum_shaping=282.39 T=105 d_init=94.1 d_final=0.0
 Retrying in 1 seconds
[shaping_diag] success_cum_shaping=282.39 T=105 d_init=94.1 d_final=0.0
 Retrying in 1 seconds
[shaping_diag] success_cum_shaping=282.39 T=104 d_init=94.1 d_final=0.0
Warning: Vehicle 'other' performs emergency braking on lane ':center_8_0' with decel=9.00, wished=5.00, severity=1.00, time=7.30.
 Retrying in 1 seconds
[shaping_diag] success_cum_shaping=282.39 T=105 d_init=94.1 d_final=0.0
 Retrying in 1 seconds
[shaping_diag] success_cum_shaping=282.39 T=105 d_init=94.1 d_final=0.0
 Retrying in 1 seconds
[shaping_diag] success_cum_shaping=282.39 T=104 d_init=94.1 d_final=0.0
 Retrying in 1 seconds
[shaping_diag] success_cum_shaping=282.39 T=105 d_init=94.1 d_final=0.0
 Retrying in 1 seconds
[shaping_diag] success_cum_shaping=282.39 T=107 d_init=94.1 d_final=0.0
 Retrying in 1 seconds
[shaping_diag] success_cum_shaping=282.39 T=105 d_init=94.1 d_final=0.0
 Retrying in 1 seconds
[shaping_diag] success_cum_shaping=282.39 T=103 d_init=94.1 d_final=0.0
 Retrying in 1 seconds
[shaping_diag] success_cum_shaping=282.39 T=103 d_init=94.1 d_final=0.0
 Retrying in 1 seconds
[shaping_diag] success_cum_shaping=282.39 T=108 d_init=94.1 d_final=0.0
Warning: Vehicle 'ego'; junction collision with vehicle 'other', lane=':center_4_0', gap=-1.00, time=7.60 stage=move.
 Retrying in 1 seconds
 Retrying in 1 seconds
[shaping_diag] success_cum_shaping=282.39 T=105 d_init=94.1 d_final=0.0
 Retrying in 1 seconds
[shaping_diag] success_cum_shaping=282.39 T=105 d_init=94.1 d_final=0.0
 Retrying in 1 seconds
[shaping_diag] success_cum_shaping=282.39 T=105 d_init=94.1 d_final=0.0
 Retrying in 1 seconds
[shaping_diag] success_cum_shaping=282.39 T=102 d_init=94.1 d_final=0.0
 Retrying in 1 seconds
[shaping_diag] success_cum_shaping=282.39 T=103 d_init=94.1 d_final=0.0
 Retrying in 1 seconds
[shaping_diag] success_cum_shaping=282.39 T=105 d_init=94.1 d_final=0.0
 Retrying in 1 seconds
[shaping_diag] success_cum_shaping=282.39 T=104 d_init=94.1 d_final=0.0
 Retrying in 1 seconds
[shaping_diag] success_cum_shaping=282.39 T=104 d_init=94.1 d_final=0.0
 Retrying in 1 seconds
[shaping_diag] success_cum_shaping=282.39 T=103 d_init=94.1 d_final=0.0
 Retrying in 1 seconds
[shaping_diag] success_cum_shaping=282.39 T=104 d_init=94.1 d_final=0.0
 Retrying in 1 seconds
[shaping_diag] success_cum_shaping=282.39 T=102 d_init=94.1 d_final=0.0
 Retrying in 1 seconds
[shaping_diag] success_cum_shaping=282.39 T=104 d_init=94.1 d_final=0.0
 Retrying in 1 seconds
[shaping_diag] success_cum_shaping=282.39 T=104 d_init=94.1 d_final=0.0
Warning: Vehicle 'ego'; collision with vehicle 'other', lane='right_out_0', gap=-0.61, time=7.50 stage=move.
Warning: Vehicle 'other' performs emergency braking on lane ':center_8_0' with decel=9.00, wished=5.00, severity=1.00, time=7.60.
Warning: Vehicle 'other' performs emergency braking on lane ':center_8_0' with decel=9.00, wished=5.00, severity=1.00, time=7.40.
 Retrying in 1 seconds
 Retrying in 1 seconds
 Retrying in 1 seconds
 Retrying in 1 seconds
[shaping_diag] success_cum_shaping=282.39 T=105 d_init=94.1 d_final=0.0
 Retrying in 1 seconds
[shaping_diag] success_cum_shaping=282.39 T=108 d_init=94.1 d_final=0.0
 Retrying in 1 seconds
[shaping_diag] success_cum_shaping=282.39 T=104 d_init=94.1 d_final=0.0
 Retrying in 1 seconds
[shaping_diag] success_cum_shaping=282.39 T=103 d_init=94.1 d_final=0.0
 Retrying in 1 seconds
[shaping_diag] success_cum_shaping=282.39 T=108 d_init=94.1 d_final=0.0
 Retrying in 1 seconds
[shaping_diag] success_cum_shaping=282.39 T=103 d_init=94.1 d_final=0.0
 Retrying in 1 seconds
[shaping_diag] success_cum_shaping=282.39 T=103 d_init=94.1 d_final=0.0
 Retrying in 1 seconds
[shaping_diag] success_cum_shaping=282.39 T=103 d_init=94.1 d_final=0.0
 Retrying in 1 seconds
[shaping_diag] success_cum_shaping=282.39 T=104 d_init=94.1 d_final=0.0
 Retrying in 1 seconds
 Retrying in 1 seconds
[shaping_diag] success_cum_shaping=282.39 T=107 d_init=94.1 d_final=0.0
 Retrying in 1 seconds
[shaping_diag] success_cum_shaping=282.39 T=103 d_init=94.1 d_final=0.0
 Retrying in 1 seconds
[shaping_diag] success_cum_shaping=282.39 T=104 d_init=94.1 d_final=0.0
 Retrying in 1 seconds
 Retrying in 1 seconds
[shaping_diag] success_cum_shaping=282.39 T=102 d_init=94.1 d_final=0.0
 Retrying in 1 seconds
 Retrying in 1 seconds
[shaping_diag] success_cum_shaping=282.39 T=106 d_init=94.1 d_final=0.0
 Retrying in 1 seconds
[shaping_diag] success_cum_shaping=282.39 T=103 d_init=94.1 d_final=0.0
Warning: Vehicle 'other' performs emergency braking on lane ':center_8_0' with decel=9.00, wished=5.00, severity=1.00, time=7.30.
 Retrying in 1 seconds
[shaping_diag] success_cum_shaping=282.39 T=106 d_init=94.1 d_final=0.0
 Retrying in 1 seconds
[shaping_diag] success_cum_shaping=282.39 T=103 d_init=94.1 d_final=0.0
 Retrying in 1 seconds
[shaping_diag] success_cum_shaping=282.39 T=105 d_init=94.1 d_final=0.0
 Retrying in 1 seconds
[shaping_diag] success_cum_shaping=282.39 T=103 d_init=94.1 d_final=0.0
 Retrying in 1 seconds
[shaping_diag] success_cum_shaping=282.39 T=103 d_init=94.1 d_final=0.0
 Retrying in 1 seconds
[shaping_diag] success_cum_shaping=282.39 T=104 d_init=94.1 d_final=0.0
 Retrying in 1 seconds
[shaping_diag] success_cum_shaping=282.39 T=103 d_init=94.1 d_final=0.0
 Retrying in 1 seconds
[shaping_diag] success_cum_shaping=282.39 T=104 d_init=94.1 d_final=0.0
 Retrying in 1 seconds
[shaping_diag] success_cum_shaping=282.39 T=105 d_init=94.1 d_final=0.0
 Retrying in 1 seconds
[shaping_diag] success_cum_shaping=282.39 T=105 d_init=94.1 d_final=0.0
 Retrying in 1 seconds
[shaping_diag] success_cum_shaping=282.39 T=104 d_init=94.1 d_final=0.0
 Retrying in 1 seconds
[shaping_diag] success_cum_shaping=282.39 T=105 d_init=94.1 d_final=0.0
 Retrying in 1 seconds
[shaping_diag] success_cum_shaping=282.39 T=103 d_init=94.1 d_final=0.0
 Retrying in 1 seconds
[shaping_diag] success_cum_shaping=282.39 T=107 d_init=94.1 d_final=0.0
 Retrying in 1 seconds
[shaping_diag] success_cum_shaping=282.39 T=104 d_init=94.1 d_final=0.0
 Retrying in 1 seconds
[shaping_diag] success_cum_shaping=282.39 T=105 d_init=94.1 d_final=0.0
 Retrying in 1 seconds
[shaping_diag] success_cum_shaping=282.39 T=104 d_init=94.1 d_final=0.0
 Retrying in 1 seconds
[shaping_diag] success_cum_shaping=282.39 T=103 d_init=94.1 d_final=0.0
 Retrying in 1 seconds
[shaping_diag] success_cum_shaping=282.39 T=103 d_init=94.1 d_final=0.0
 Retrying in 1 seconds
[shaping_diag] success_cum_shaping=282.39 T=102 d_init=94.1 d_final=0.0
 Retrying in 1 seconds
[shaping_diag] success_cum_shaping=282.39 T=104 d_init=94.1 d_final=0.0
 Retrying in 1 seconds
[shaping_diag] success_cum_shaping=282.39 T=103 d_init=94.1 d_final=0.0
 Retrying in 1 seconds
 Retrying in 1 seconds
[shaping_diag] success_cum_shaping=282.39 T=103 d_init=94.1 d_final=0.0
 Retrying in 1 seconds
[shaping_diag] success_cum_shaping=282.39 T=103 d_init=94.1 d_final=0.0
 Retrying in 1 seconds
[shaping_diag] success_cum_shaping=282.39 T=103 d_init=94.1 d_final=0.0
 Retrying in 1 seconds
[shaping_diag] success_cum_shaping=282.39 T=103 d_init=94.1 d_final=0.0
 Retrying in 1 seconds
[shaping_diag] success_cum_shaping=282.39 T=104 d_init=94.1 d_final=0.0
 Retrying in 1 seconds
[shaping_diag] success_cum_shaping=282.39 T=105 d_init=94.1 d_final=0.0
 Retrying in 1 seconds
[shaping_diag] success_cum_shaping=282.39 T=103 d_init=94.1 d_final=0.0
 Retrying in 1 seconds
[shaping_diag] success_cum_shaping=282.39 T=105 d_init=94.1 d_final=0.0
 Retrying in 1 seconds
[shaping_diag] success_cum_shaping=282.39 T=103 d_init=94.1 d_final=0.0
 Retrying in 1 seconds
 Retrying in 1 seconds
[shaping_diag] success_cum_shaping=282.39 T=111 d_init=94.1 d_final=0.0
 Retrying in 1 seconds
[shaping_diag] success_cum_shaping=282.39 T=102 d_init=94.1 d_final=0.0
 Retrying in 1 seconds
[shaping_diag] success_cum_shaping=282.39 T=105 d_init=94.1 d_final=0.0
 Retrying in 1 seconds
[shaping_diag] success_cum_shaping=282.39 T=104 d_init=94.1 d_final=0.0
 Retrying in 1 seconds
[shaping_diag] success_cum_shaping=282.39 T=102 d_init=94.1 d_final=0.0
Warning: Vehicle 'other' performs emergency braking on lane ':center_8_0' with decel=9.00, wished=5.00, severity=1.00, time=7.30.
Warning: Vehicle 'ego'; junction collision with vehicle 'other', lane=':center_4_0', gap=-1.00, time=7.50 stage=move.
Warning: Vehicle 'other' performs emergency braking on lane ':center_8_0' with decel=9.00, wished=7.00, severity=1.00, time=7.30.
 Retrying in 1 seconds
 Retrying in 1 seconds
[shaping_diag] success_cum_shaping=282.39 T=106 d_init=94.1 d_final=0.0
 Retrying in 1 seconds
[shaping_diag] success_cum_shaping=282.39 T=105 d_init=94.1 d_final=0.0
 Retrying in 1 seconds
[shaping_diag] success_cum_shaping=282.39 T=105 d_init=94.1 d_final=0.0
 Retrying in 1 seconds
[shaping_diag] success_cum_shaping=282.39 T=104 d_init=94.1 d_final=0.0
 Retrying in 1 seconds
[shaping_diag] success_cum_shaping=282.39 T=103 d_init=94.1 d_final=0.0
 Retrying in 1 seconds
[shaping_diag] success_cum_shaping=282.39 T=107 d_init=94.1 d_final=0.0
 Retrying in 1 seconds
[shaping_diag] success_cum_shaping=282.39 T=105 d_init=94.1 d_final=0.0
Warning: Vehicle 'ego'; junction collision with vehicle 'other', lane=':center_4_0', gap=-1.00, time=7.60 stage=move.
Warning: Vehicle 'other' performs emergency braking on lane ':center_8_0' with decel=9.00, wished=7.00, severity=1.00, time=7.40.
 Retrying in 1 seconds
 Retrying in 1 seconds
[shaping_diag] success_cum_shaping=282.39 T=106 d_init=94.1 d_final=0.0
 Retrying in 1 seconds
[shaping_diag] success_cum_shaping=282.39 T=103 d_init=94.1 d_final=0.0
 Retrying in 1 seconds
[shaping_diag] success_cum_shaping=282.39 T=104 d_init=94.1 d_final=0.0
 Retrying in 1 seconds
[shaping_diag] success_cum_shaping=282.39 T=104 d_init=94.1 d_final=0.0
 Retrying in 1 seconds
[shaping_diag] success_cum_shaping=282.39 T=103 d_init=94.1 d_final=0.0
 Retrying in 1 seconds
[shaping_diag] success_cum_shaping=282.39 T=105 d_init=94.1 d_final=0.0
 Retrying in 1 seconds
[shaping_diag] success_cum_shaping=282.39 T=103 d_init=94.1 d_final=0.0
 Retrying in 1 seconds
[shaping_diag] success_cum_shaping=282.39 T=105 d_init=94.1 d_final=0.0
 Retrying in 1 seconds
[shaping_diag] success_cum_shaping=282.39 T=104 d_init=94.1 d_final=0.0
 Retrying in 1 seconds
[shaping_diag] success_cum_shaping=282.39 T=105 d_init=94.1 d_final=0.0
 Retrying in 1 seconds
[shaping_diag] success_cum_shaping=282.39 T=104 d_init=94.1 d_final=0.0
 Retrying in 1 seconds
 Retrying in 1 seconds
[shaping_diag] success_cum_shaping=282.39 T=107 d_init=94.1 d_final=0.0
 Retrying in 1 seconds
[shaping_diag] success_cum_shaping=282.39 T=105 d_init=94.1 d_final=0.0
Warning: Vehicle 'other' performs emergency braking on lane ':center_8_0' with decel=9.00, wished=5.00, severity=1.00, time=7.10.
 Retrying in 1 seconds
[shaping_diag] success_cum_shaping=282.39 T=103 d_init=94.1 d_final=0.0
 Retrying in 1 seconds
[shaping_diag] success_cum_shaping=282.39 T=105 d_init=94.1 d_final=0.0
 Retrying in 1 seconds
[shaping_diag] success_cum_shaping=282.39 T=103 d_init=94.1 d_final=0.0
 Retrying in 1 seconds
[shaping_diag] success_cum_shaping=282.39 T=110 d_init=94.1 d_final=0.0
 Retrying in 1 seconds
[shaping_diag] success_cum_shaping=282.39 T=104 d_init=94.1 d_final=0.0
 Retrying in 1 seconds
[shaping_diag] success_cum_shaping=282.39 T=103 d_init=94.1 d_final=0.0
 Retrying in 1 seconds
[shaping_diag] success_cum_shaping=282.39 T=104 d_init=94.1 d_final=0.0
 Retrying in 1 seconds
[shaping_diag] success_cum_shaping=282.39 T=104 d_init=94.1 d_final=0.0
 Retrying in 1 seconds
[shaping_diag] success_cum_shaping=282.39 T=103 d_init=94.1 d_final=0.0
 Retrying in 1 seconds
[shaping_diag] success_cum_shaping=282.39 T=104 d_init=94.1 d_final=0.0
 Retrying in 1 seconds
[shaping_diag] success_cum_shaping=282.39 T=103 d_init=94.1 d_final=0.0
 Retrying in 1 seconds
[shaping_diag] success_cum_shaping=282.39 T=104 d_init=94.1 d_final=0.0
 Retrying in 1 seconds
 Retrying in 1 seconds
[shaping_diag] success_cum_shaping=282.39 T=102 d_init=94.1 d_final=0.0
 Retrying in 1 seconds
[shaping_diag] success_cum_shaping=282.39 T=102 d_init=94.1 d_final=0.0
 Retrying in 1 seconds
[shaping_diag] success_cum_shaping=282.39 T=102 d_init=94.1 d_final=0.0
Warning: Vehicle 'other' performs emergency braking on lane ':center_8_0' with decel=9.00, wished=5.00, severity=1.00, time=7.10.
 Retrying in 1 seconds
 Retrying in 1 seconds
[shaping_diag] success_cum_shaping=282.39 T=102 d_init=94.1 d_final=0.0
Warning: Vehicle 'other' performs emergency braking on lane ':center_8_0' with decel=9.00, wished=6.00, severity=1.00, time=7.10.
 Retrying in 1 seconds
[shaping_diag] success_cum_shaping=282.39 T=102 d_init=94.1 d_final=0.0
 Retrying in 1 seconds
[shaping_diag] success_cum_shaping=282.39 T=102 d_init=94.1 d_final=0.0
 Retrying in 1 seconds
[shaping_diag] success_cum_shaping=282.39 T=102 d_init=94.1 d_final=0.0
 Retrying in 1 seconds
[shaping_diag] success_cum_shaping=282.39 T=102 d_init=94.1 d_final=0.0
 Retrying in 1 seconds
[shaping_diag] success_cum_shaping=282.39 T=102 d_init=94.1 d_final=0.0
[drppo] step=208896 ret=357.93 coll=1 ttc=6.24
 Retrying in 1 seconds
[shaping_diag] success_cum_shaping=282.39 T=103 d_init=94.1 d_final=0.0
 Retrying in 1 seconds
[shaping_diag] success_cum_shaping=282.39 T=104 d_init=94.1 d_final=0.0
 Retrying in 1 seconds
[shaping_diag] success_cum_shaping=282.39 T=103 d_init=94.1 d_final=0.0
 Retrying in 1 seconds
[shaping_diag] success_cum_shaping=282.39 T=103 d_init=94.1 d_final=0.0
 Retrying in 1 seconds
[shaping_diag] success_cum_shaping=282.39 T=104 d_init=94.1 d_final=0.0
 Retrying in 1 seconds
[shaping_diag] success_cum_shaping=282.39 T=109 d_init=94.1 d_final=0.0
 Retrying in 1 seconds
[shaping_diag] success_cum_shaping=282.39 T=108 d_init=94.1 d_final=0.0
 Retrying in 1 seconds
 Retrying in 1 seconds
[shaping_diag] success_cum_shaping=282.39 T=103 d_init=94.1 d_final=0.0
Warning: Vehicle 'ego'; collision with vehicle 'other', lane='right_out_0', gap=-1.25, time=7.90 stage=move.
 Retrying in 1 seconds
 Retrying in 1 seconds
[shaping_diag] success_cum_shaping=282.39 T=104 d_init=94.1 d_final=0.0
 Retrying in 1 seconds
[shaping_diag] success_cum_shaping=282.39 T=104 d_init=94.1 d_final=0.0
 Retrying in 1 seconds
[shaping_diag] success_cum_shaping=282.39 T=102 d_init=94.1 d_final=0.0
 Retrying in 1 seconds
[shaping_diag] success_cum_shaping=282.39 T=104 d_init=94.1 d_final=0.0
Warning: Vehicle 'ego'; collision with vehicle 'other', lane='right_out_0', gap=-0.31, time=8.20 stage=move.
 Retrying in 1 seconds
 Retrying in 1 seconds
[shaping_diag] success_cum_shaping=282.39 T=106 d_init=94.1 d_final=0.0
 Retrying in 1 seconds
[shaping_diag] success_cum_shaping=282.39 T=105 d_init=94.1 d_final=0.0
 Retrying in 1 seconds
[shaping_diag] success_cum_shaping=282.39 T=103 d_init=94.1 d_final=0.0
 Retrying in 1 seconds
[shaping_diag] success_cum_shaping=282.39 T=103 d_init=94.1 d_final=0.0
 Retrying in 1 seconds
[shaping_diag] success_cum_shaping=282.39 T=103 d_init=94.1 d_final=0.0
 Retrying in 1 seconds
[shaping_diag] success_cum_shaping=282.39 T=103 d_init=94.1 d_final=0.0
Warning: Vehicle 'ego'; collision with vehicle 'other', lane='right_out_0', gap=-1.03, time=8.00 stage=move.
 Retrying in 1 seconds
 Retrying in 1 seconds
[shaping_diag] success_cum_shaping=282.39 T=103 d_init=94.1 d_final=0.0
Warning: Vehicle 'other' performs emergency braking on lane ':center_8_0' with decel=9.00, wished=5.00, severity=1.00, time=7.20.
 Retrying in 1 seconds
[shaping_diag] success_cum_shaping=282.39 T=104 d_init=94.1 d_final=0.0
Warning: Vehicle 'other' performs emergency braking on lane ':center_8_0' with decel=9.00, wished=6.00, severity=1.00, time=7.20.
Warning: Vehicle 'other' performs emergency braking on lane ':center_8_0' with decel=9.00, wished=7.00, severity=1.00, time=7.40.
 Retrying in 1 seconds
 Retrying in 1 seconds
[shaping_diag] success_cum_shaping=282.39 T=105 d_init=94.1 d_final=0.0
 Retrying in 1 seconds
[shaping_diag] success_cum_shaping=282.39 T=105 d_init=94.1 d_final=0.0
 Retrying in 1 seconds
[shaping_diag] success_cum_shaping=282.39 T=105 d_init=94.1 d_final=0.0
Warning: Vehicle 'other' performs emergency braking on lane ':center_8_0' with decel=9.00, wished=7.00, severity=1.00, time=7.20.
 Retrying in 1 seconds
[shaping_diag] success_cum_shaping=282.39 T=104 d_init=94.1 d_final=0.0
 Retrying in 1 seconds
[shaping_diag] success_cum_shaping=282.39 T=102 d_init=94.1 d_final=0.0
Warning: Vehicle 'ego'; junction collision with vehicle 'other', lane=':center_4_0', gap=-1.00, time=7.50 stage=move.
 Retrying in 1 seconds
 Retrying in 1 seconds
 Retrying in 1 seconds
[shaping_diag] success_cum_shaping=282.39 T=106 d_init=94.1 d_final=0.0
 Retrying in 1 seconds
[shaping_diag] success_cum_shaping=282.39 T=104 d_init=94.1 d_final=0.0
 Retrying in 1 seconds
[shaping_diag] success_cum_shaping=282.39 T=102 d_init=94.1 d_final=0.0
 Retrying in 1 seconds
[shaping_diag] success_cum_shaping=282.39 T=104 d_init=94.1 d_final=0.0
 Retrying in 1 seconds
[shaping_diag] success_cum_shaping=282.39 T=104 d_init=94.1 d_final=0.0
 Retrying in 1 seconds
[shaping_diag] success_cum_shaping=282.39 T=106 d_init=94.1 d_final=0.0
 Retrying in 1 seconds
[shaping_diag] success_cum_shaping=282.39 T=102 d_init=94.1 d_final=0.0
 Retrying in 1 seconds
[shaping_diag] success_cum_shaping=282.39 T=104 d_init=94.1 d_final=0.0
 Retrying in 1 seconds
[shaping_diag] success_cum_shaping=282.39 T=103 d_init=94.1 d_final=0.0
 Retrying in 1 seconds
 Retrying in 1 seconds
[shaping_diag] success_cum_shaping=282.39 T=105 d_init=94.1 d_final=0.0
 Retrying in 1 seconds
[shaping_diag] success_cum_shaping=282.39 T=234 d_init=94.1 d_final=0.0
 Retrying in 1 seconds
[shaping_diag] success_cum_shaping=282.39 T=106 d_init=94.1 d_final=0.0
 Retrying in 1 seconds
[shaping_diag] success_cum_shaping=282.39 T=105 d_init=94.1 d_final=0.0
 Retrying in 1 seconds
[shaping_diag] success_cum_shaping=282.39 T=103 d_init=94.1 d_final=0.0
 Retrying in 1 seconds
[shaping_diag] success_cum_shaping=282.39 T=106 d_init=94.1 d_final=0.0
 Retrying in 1 seconds
[shaping_diag] success_cum_shaping=282.39 T=105 d_init=94.1 d_final=0.0
 Retrying in 1 seconds
[shaping_diag] success_cum_shaping=282.39 T=102 d_init=94.1 d_final=0.0
 Retrying in 1 seconds
[shaping_diag] success_cum_shaping=282.39 T=105 d_init=94.1 d_final=0.0
 Retrying in 1 seconds
[shaping_diag] success_cum_shaping=282.39 T=233 d_init=94.1 d_final=0.0
 Retrying in 1 seconds
[shaping_diag] success_cum_shaping=282.39 T=103 d_init=94.1 d_final=0.0
 Retrying in 1 seconds
[shaping_diag] success_cum_shaping=282.39 T=103 d_init=94.1 d_final=0.0
 Retrying in 1 seconds
[shaping_diag] success_cum_shaping=282.39 T=108 d_init=94.1 d_final=0.0
 Retrying in 1 seconds
[shaping_diag] success_cum_shaping=282.39 T=104 d_init=94.1 d_final=0.0
 Retrying in 1 seconds
[shaping_diag] success_cum_shaping=282.39 T=122 d_init=94.1 d_final=0.0
 Retrying in 1 seconds
[shaping_diag] success_cum_shaping=282.39 T=102 d_init=94.1 d_final=0.0
 Retrying in 1 seconds
 Retrying in 1 seconds
[shaping_diag] success_cum_shaping=282.39 T=409 d_init=94.1 d_final=0.0
 Retrying in 1 seconds
[shaping_diag] success_cum_shaping=282.39 T=103 d_init=94.1 d_final=0.0
 Retrying in 1 seconds
[shaping_diag] success_cum_shaping=282.39 T=227 d_init=94.1 d_final=0.0
 Retrying in 1 seconds
[shaping_diag] success_cum_shaping=282.39 T=102 d_init=94.1 d_final=0.0
 Retrying in 1 seconds
[shaping_diag] success_cum_shaping=282.39 T=103 d_init=94.1 d_final=0.0
 Retrying in 1 seconds
[shaping_diag] success_cum_shaping=282.39 T=103 d_init=94.1 d_final=0.0
 Retrying in 1 seconds
 Retrying in 1 seconds
 Retrying in 1 seconds
[shaping_diag] success_cum_shaping=282.39 T=231 d_init=94.1 d_final=0.0
 Retrying in 1 seconds
[shaping_diag] success_cum_shaping=282.39 T=104 d_init=94.1 d_final=0.0
 Retrying in 1 seconds
[shaping_diag] success_cum_shaping=282.39 T=246 d_init=94.1 d_final=0.0
 Retrying in 1 seconds
[shaping_diag] success_cum_shaping=282.39 T=103 d_init=94.1 d_final=0.0
 Retrying in 1 seconds
[shaping_diag] success_cum_shaping=282.39 T=217 d_init=94.1 d_final=0.0
 Retrying in 1 seconds
[shaping_diag] success_cum_shaping=282.39 T=105 d_init=94.1 d_final=0.0
 Retrying in 1 seconds
[shaping_diag] success_cum_shaping=282.39 T=222 d_init=94.1 d_final=0.0
 Retrying in 1 seconds
[shaping_diag] success_cum_shaping=282.39 T=102 d_init=94.1 d_final=0.0
 Retrying in 1 seconds
 Retrying in 1 seconds
[shaping_diag] success_cum_shaping=282.39 T=218 d_init=94.1 d_final=0.0
 Retrying in 1 seconds
[shaping_diag] success_cum_shaping=282.39 T=230 d_init=94.1 d_final=0.0
 Retrying in 1 seconds
[shaping_diag] success_cum_shaping=282.39 T=193 d_init=94.1 d_final=0.0
 Retrying in 1 seconds
[shaping_diag] success_cum_shaping=282.39 T=206 d_init=94.1 d_final=0.0
 Retrying in 1 seconds
[shaping_diag] success_cum_shaping=282.39 T=104 d_init=94.1 d_final=0.0
 Retrying in 1 seconds
[shaping_diag] success_cum_shaping=282.39 T=103 d_init=94.1 d_final=0.0
 Retrying in 1 seconds
[shaping_diag] success_cum_shaping=282.39 T=207 d_init=94.1 d_final=0.0
 Retrying in 1 seconds
[shaping_diag] success_cum_shaping=282.39 T=106 d_init=94.1 d_final=0.0
 Retrying in 1 seconds
[shaping_diag] success_cum_shaping=282.39 T=212 d_init=94.1 d_final=0.0
 Retrying in 1 seconds
[shaping_diag] success_cum_shaping=282.39 T=234 d_init=94.1 d_final=0.0
 Retrying in 1 seconds
[shaping_diag] success_cum_shaping=282.39 T=102 d_init=94.1 d_final=0.0
 Retrying in 1 seconds
[shaping_diag] success_cum_shaping=282.39 T=141 d_init=94.1 d_final=0.0
 Retrying in 1 seconds
[shaping_diag] success_cum_shaping=282.39 T=102 d_init=94.1 d_final=0.0
 Retrying in 1 seconds
 Retrying in 1 seconds
[shaping_diag] success_cum_shaping=282.39 T=103 d_init=94.1 d_final=0.0
 Retrying in 1 seconds
[shaping_diag] success_cum_shaping=282.39 T=224 d_init=94.1 d_final=0.0
 Retrying in 1 seconds
[shaping_diag] success_cum_shaping=282.39 T=103 d_init=94.1 d_final=0.0
 Retrying in 1 seconds
[shaping_diag] success_cum_shaping=282.39 T=103 d_init=94.1 d_final=0.0
 Retrying in 1 seconds
[shaping_diag] success_cum_shaping=282.39 T=106 d_init=94.1 d_final=0.0
 Retrying in 1 seconds
[shaping_diag] success_cum_shaping=282.39 T=104 d_init=94.1 d_final=0.0
 Retrying in 1 seconds
[shaping_diag] success_cum_shaping=282.39 T=105 d_init=94.1 d_final=0.0
 Retrying in 1 seconds
[shaping_diag] success_cum_shaping=282.39 T=103 d_init=94.1 d_final=0.0
 Retrying in 1 seconds
[shaping_diag] success_cum_shaping=282.39 T=214 d_init=94.1 d_final=0.0
 Retrying in 1 seconds
[shaping_diag] success_cum_shaping=282.39 T=252 d_init=94.1 d_final=0.0
 Retrying in 1 seconds
[shaping_diag] success_cum_shaping=282.39 T=221 d_init=94.1 d_final=0.0
 Retrying in 1 seconds
[shaping_diag] success_cum_shaping=282.39 T=243 d_init=94.1 d_final=0.0
 Retrying in 1 seconds
[shaping_diag] success_cum_shaping=282.39 T=103 d_init=94.1 d_final=0.0
 Retrying in 1 seconds
[shaping_diag] success_cum_shaping=282.39 T=103 d_init=94.1 d_final=0.0
 Retrying in 1 seconds
[shaping_diag] success_cum_shaping=282.39 T=103 d_init=94.1 d_final=0.0
 Retrying in 1 seconds
[shaping_diag] success_cum_shaping=282.39 T=252 d_init=94.1 d_final=0.0
 Retrying in 1 seconds
[shaping_diag] success_cum_shaping=282.39 T=102 d_init=94.1 d_final=0.0
 Retrying in 1 seconds
[shaping_diag] success_cum_shaping=282.39 T=102 d_init=94.1 d_final=0.0
 Retrying in 1 seconds
[shaping_diag] success_cum_shaping=282.39 T=169 d_init=94.1 d_final=0.0
 Retrying in 1 seconds
[shaping_diag] success_cum_shaping=282.39 T=210 d_init=94.1 d_final=0.0
 Retrying in 1 seconds
[shaping_diag] success_cum_shaping=282.39 T=103 d_init=94.1 d_final=0.0
 Retrying in 1 seconds
[shaping_diag] success_cum_shaping=282.39 T=102 d_init=94.1 d_final=0.0
 Retrying in 1 seconds
[shaping_diag] success_cum_shaping=282.39 T=103 d_init=94.1 d_final=0.0
 Retrying in 1 seconds
[shaping_diag] success_cum_shaping=282.39 T=104 d_init=94.1 d_final=0.0
 Retrying in 1 seconds
[shaping_diag] success_cum_shaping=282.39 T=252 d_init=94.1 d_final=0.0
 Retrying in 1 seconds
[shaping_diag] success_cum_shaping=282.39 T=175 d_init=94.1 d_final=0.0
 Retrying in 1 seconds
[shaping_diag] success_cum_shaping=282.39 T=104 d_init=94.1 d_final=0.0
 Retrying in 1 seconds
 Retrying in 1 seconds
[shaping_diag] success_cum_shaping=282.39 T=223 d_init=94.1 d_final=0.0
 Retrying in 1 seconds
[shaping_diag] success_cum_shaping=282.39 T=105 d_init=94.1 d_final=0.0
 Retrying in 1 seconds
[shaping_diag] success_cum_shaping=282.39 T=105 d_init=94.1 d_final=0.0
 Retrying in 1 seconds
[shaping_diag] success_cum_shaping=282.39 T=107 d_init=94.1 d_final=0.0
 Retrying in 1 seconds
[shaping_diag] success_cum_shaping=282.39 T=103 d_init=94.1 d_final=0.0
 Retrying in 1 seconds
[shaping_diag] success_cum_shaping=282.39 T=255 d_init=94.1 d_final=0.0
 Retrying in 1 seconds
[shaping_diag] success_cum_shaping=282.39 T=152 d_init=94.1 d_final=0.0
 Retrying in 1 seconds
[shaping_diag] success_cum_shaping=282.39 T=221 d_init=94.1 d_final=0.0
 Retrying in 1 seconds
[shaping_diag] success_cum_shaping=282.39 T=103 d_init=94.1 d_final=0.0
 Retrying in 1 seconds
[shaping_diag] success_cum_shaping=282.39 T=104 d_init=94.1 d_final=0.0
 Retrying in 1 seconds
[shaping_diag] success_cum_shaping=282.39 T=104 d_init=94.1 d_final=0.0
 Retrying in 1 seconds
[shaping_diag] success_cum_shaping=282.39 T=103 d_init=94.1 d_final=0.0
 Retrying in 1 seconds
[shaping_diag] success_cum_shaping=282.39 T=232 d_init=94.1 d_final=0.0
 Retrying in 1 seconds
[shaping_diag] success_cum_shaping=282.39 T=104 d_init=94.1 d_final=0.0
 Retrying in 1 seconds
[shaping_diag] success_cum_shaping=282.39 T=220 d_init=94.1 d_final=0.0
 Retrying in 1 seconds
[shaping_diag] success_cum_shaping=282.39 T=163 d_init=94.1 d_final=0.0
 Retrying in 1 seconds
[shaping_diag] success_cum_shaping=282.39 T=212 d_init=94.1 d_final=0.0
 Retrying in 1 seconds
[shaping_diag] success_cum_shaping=282.39 T=190 d_init=94.1 d_final=0.0
 Retrying in 1 seconds
[shaping_diag] success_cum_shaping=282.39 T=161 d_init=94.1 d_final=0.0
 Retrying in 1 seconds
[shaping_diag] success_cum_shaping=282.39 T=103 d_init=94.1 d_final=0.0
 Retrying in 1 seconds
[shaping_diag] success_cum_shaping=282.39 T=206 d_init=94.1 d_final=0.0
 Retrying in 1 seconds
[shaping_diag] success_cum_shaping=282.39 T=176 d_init=94.1 d_final=0.0
 Retrying in 1 seconds
[shaping_diag] success_cum_shaping=282.39 T=105 d_init=94.1 d_final=0.0
 Retrying in 1 seconds
[shaping_diag] success_cum_shaping=282.39 T=103 d_init=94.1 d_final=0.0
 Retrying in 1 seconds
[shaping_diag] success_cum_shaping=282.39 T=102 d_init=94.1 d_final=0.0
 Retrying in 1 seconds
[shaping_diag] success_cum_shaping=282.39 T=103 d_init=94.1 d_final=0.0
 Retrying in 1 seconds
[shaping_diag] success_cum_shaping=282.39 T=164 d_init=94.1 d_final=0.0
 Retrying in 1 seconds
 Retrying in 1 seconds
[shaping_diag] success_cum_shaping=282.39 T=213 d_init=94.1 d_final=0.0
 Retrying in 1 seconds
[shaping_diag] success_cum_shaping=282.39 T=107 d_init=94.1 d_final=0.0
 Retrying in 1 seconds
[shaping_diag] success_cum_shaping=282.39 T=107 d_init=94.1 d_final=0.0
 Retrying in 1 seconds
[shaping_diag] success_cum_shaping=282.39 T=143 d_init=94.1 d_final=0.0
 Retrying in 1 seconds
[shaping_diag] success_cum_shaping=282.39 T=105 d_init=94.1 d_final=0.0
 Retrying in 1 seconds
[shaping_diag] success_cum_shaping=282.39 T=107 d_init=94.1 d_final=0.0
 Retrying in 1 seconds
[shaping_diag] success_cum_shaping=282.39 T=104 d_init=94.1 d_final=0.0
 Retrying in 1 seconds
[shaping_diag] success_cum_shaping=282.39 T=105 d_init=94.1 d_final=0.0
 Retrying in 1 seconds
[shaping_diag] success_cum_shaping=282.39 T=239 d_init=94.1 d_final=0.0
 Retrying in 1 seconds
[shaping_diag] success_cum_shaping=282.39 T=103 d_init=94.1 d_final=0.0
 Retrying in 1 seconds
[shaping_diag] success_cum_shaping=282.39 T=106 d_init=94.1 d_final=0.0
 Retrying in 1 seconds
[shaping_diag] success_cum_shaping=282.39 T=105 d_init=94.1 d_final=0.0
 Retrying in 1 seconds
[shaping_diag] success_cum_shaping=282.39 T=205 d_init=94.1 d_final=0.0
 Retrying in 1 seconds
[shaping_diag] success_cum_shaping=282.39 T=105 d_init=94.1 d_final=0.0
 Retrying in 1 seconds
[shaping_diag] success_cum_shaping=282.39 T=126 d_init=94.1 d_final=0.0
 Retrying in 1 seconds
[shaping_diag] success_cum_shaping=282.39 T=108 d_init=94.1 d_final=0.0
 Retrying in 1 seconds
[shaping_diag] success_cum_shaping=282.39 T=104 d_init=94.1 d_final=0.0
 Retrying in 1 seconds
[shaping_diag] success_cum_shaping=282.39 T=104 d_init=94.1 d_final=0.0
 Retrying in 1 seconds
[shaping_diag] success_cum_shaping=282.39 T=156 d_init=94.1 d_final=0.0
Warning: Vehicle 'other2' performs emergency braking on lane ':center_8_0' with decel=9.00, wished=4.00, severity=1.00, time=11.30.
 Retrying in 1 seconds
[shaping_diag] success_cum_shaping=282.39 T=167 d_init=94.1 d_final=0.0
 Retrying in 1 seconds
[shaping_diag] success_cum_shaping=282.39 T=218 d_init=94.1 d_final=0.0
 Retrying in 1 seconds
[shaping_diag] success_cum_shaping=282.39 T=103 d_init=94.1 d_final=0.0
 Retrying in 1 seconds
[shaping_diag] success_cum_shaping=282.39 T=103 d_init=94.1 d_final=0.0
 Retrying in 1 seconds
[shaping_diag] success_cum_shaping=282.39 T=105 d_init=94.1 d_final=0.0
 Retrying in 1 seconds
[shaping_diag] success_cum_shaping=282.39 T=106 d_init=94.1 d_final=0.0
 Retrying in 1 seconds
[shaping_diag] success_cum_shaping=282.39 T=129 d_init=94.1 d_final=0.0
 Retrying in 1 seconds
[shaping_diag] success_cum_shaping=282.39 T=143 d_init=94.1 d_final=0.0
 Retrying in 1 seconds
[shaping_diag] success_cum_shaping=282.39 T=103 d_init=94.1 d_final=0.0
 Retrying in 1 seconds
[shaping_diag] success_cum_shaping=282.39 T=111 d_init=94.1 d_final=0.0
 Retrying in 1 seconds
[shaping_diag] success_cum_shaping=282.39 T=105 d_init=94.1 d_final=0.0
 Retrying in 1 seconds
[shaping_diag] success_cum_shaping=282.39 T=104 d_init=94.1 d_final=0.0
 Retrying in 1 seconds
[shaping_diag] success_cum_shaping=282.39 T=104 d_init=94.1 d_final=0.0
 Retrying in 1 seconds
 Retrying in 1 seconds
[shaping_diag] success_cum_shaping=282.39 T=103 d_init=94.1 d_final=0.0
 Retrying in 1 seconds
[shaping_diag] success_cum_shaping=282.39 T=159 d_init=94.1 d_final=0.0
 Retrying in 1 seconds
[shaping_diag] success_cum_shaping=282.39 T=104 d_init=94.1 d_final=0.0
 Retrying in 1 seconds
[shaping_diag] success_cum_shaping=282.39 T=105 d_init=94.1 d_final=0.0
 Retrying in 1 seconds
[shaping_diag] success_cum_shaping=282.39 T=135 d_init=94.1 d_final=0.0
 Retrying in 1 seconds
[shaping_diag] success_cum_shaping=282.39 T=106 d_init=94.1 d_final=0.0
 Retrying in 1 seconds
[shaping_diag] success_cum_shaping=282.39 T=187 d_init=94.1 d_final=0.0
 Retrying in 1 seconds
[shaping_diag] success_cum_shaping=282.39 T=105 d_init=94.1 d_final=0.0
 Retrying in 1 seconds
[shaping_diag] success_cum_shaping=282.39 T=151 d_init=94.1 d_final=0.0
 Retrying in 1 seconds
[shaping_diag] success_cum_shaping=282.39 T=106 d_init=94.1 d_final=0.0
 Retrying in 1 seconds
[shaping_diag] success_cum_shaping=282.39 T=106 d_init=94.1 d_final=0.0
 Retrying in 1 seconds
[shaping_diag] success_cum_shaping=282.39 T=120 d_init=94.1 d_final=0.0
 Retrying in 1 seconds
[shaping_diag] success_cum_shaping=282.39 T=112 d_init=94.1 d_final=0.0
 Retrying in 1 seconds
[shaping_diag] success_cum_shaping=282.39 T=195 d_init=94.1 d_final=0.0
 Retrying in 1 seconds
[shaping_diag] success_cum_shaping=282.39 T=105 d_init=94.1 d_final=0.0
 Retrying in 1 seconds
[shaping_diag] success_cum_shaping=282.39 T=107 d_init=94.1 d_final=0.0
 Retrying in 1 seconds
[shaping_diag] success_cum_shaping=282.39 T=108 d_init=94.1 d_final=0.0
 Retrying in 1 seconds
[shaping_diag] success_cum_shaping=282.39 T=198 d_init=94.1 d_final=0.0
 Retrying in 1 seconds
[shaping_diag] success_cum_shaping=282.39 T=104 d_init=94.1 d_final=0.0
 Retrying in 1 seconds
[shaping_diag] success_cum_shaping=282.39 T=106 d_init=94.1 d_final=0.0
 Retrying in 1 seconds
[shaping_diag] success_cum_shaping=282.39 T=104 d_init=94.1 d_final=0.0
 Retrying in 1 seconds
[shaping_diag] success_cum_shaping=282.39 T=105 d_init=94.1 d_final=0.0
 Retrying in 1 seconds
[shaping_diag] success_cum_shaping=282.39 T=134 d_init=94.1 d_final=0.0
 Retrying in 1 seconds
[shaping_diag] success_cum_shaping=282.39 T=107 d_init=94.1 d_final=0.0
Warning: Vehicle 'ego'; junction collision with vehicle 'other', lane=':center_4_0', gap=-1.00, time=8.00 stage=move.
 Retrying in 1 seconds
 Retrying in 1 seconds
[shaping_diag] success_cum_shaping=282.39 T=105 d_init=94.1 d_final=0.0
 Retrying in 1 seconds
[shaping_diag] success_cum_shaping=282.39 T=106 d_init=94.1 d_final=0.0
 Retrying in 1 seconds
[shaping_diag] success_cum_shaping=282.39 T=108 d_init=94.1 d_final=0.0
 Retrying in 1 seconds
[shaping_diag] success_cum_shaping=282.39 T=105 d_init=94.1 d_final=0.0
 Retrying in 1 seconds
[shaping_diag] success_cum_shaping=282.39 T=109 d_init=94.1 d_final=0.0
 Retrying in 1 seconds
[shaping_diag] success_cum_shaping=282.39 T=118 d_init=94.1 d_final=0.0
 Retrying in 1 seconds
[shaping_diag] success_cum_shaping=282.39 T=108 d_init=94.1 d_final=0.0
 Retrying in 1 seconds
[shaping_diag] success_cum_shaping=282.39 T=108 d_init=94.1 d_final=0.0
 Retrying in 1 seconds
 Retrying in 1 seconds
[shaping_diag] success_cum_shaping=282.39 T=106 d_init=94.1 d_final=0.0
 Retrying in 1 seconds
[shaping_diag] success_cum_shaping=282.39 T=104 d_init=94.1 d_final=0.0
 Retrying in 1 seconds
[shaping_diag] success_cum_shaping=282.39 T=106 d_init=94.1 d_final=0.0
 Retrying in 1 seconds
[shaping_diag] success_cum_shaping=282.39 T=104 d_init=94.1 d_final=0.0
 Retrying in 1 seconds
[shaping_diag] success_cum_shaping=282.39 T=105 d_init=94.1 d_final=0.0
 Retrying in 1 seconds
[shaping_diag] success_cum_shaping=282.39 T=106 d_init=94.1 d_final=0.0
 Retrying in 1 seconds
[shaping_diag] success_cum_shaping=282.39 T=157 d_init=94.1 d_final=0.0
 Retrying in 1 seconds
[shaping_diag] success_cum_shaping=282.39 T=105 d_init=94.1 d_final=0.0
 Retrying in 1 seconds
[shaping_diag] success_cum_shaping=282.39 T=108 d_init=94.1 d_final=0.0
 Retrying in 1 seconds
[shaping_diag] success_cum_shaping=282.39 T=105 d_init=94.1 d_final=0.0
 Retrying in 1 seconds
[shaping_diag] success_cum_shaping=282.39 T=131 d_init=94.1 d_final=0.0
 Retrying in 1 seconds
[shaping_diag] success_cum_shaping=282.39 T=107 d_init=94.1 d_final=0.0
 Retrying in 1 seconds
[shaping_diag] success_cum_shaping=282.39 T=103 d_init=94.1 d_final=0.0
 Retrying in 1 seconds
[shaping_diag] success_cum_shaping=282.39 T=110 d_init=94.1 d_final=0.0
 Retrying in 1 seconds
[shaping_diag] success_cum_shaping=282.39 T=107 d_init=94.1 d_final=0.0
 Retrying in 1 seconds
[shaping_diag] success_cum_shaping=282.39 T=105 d_init=94.1 d_final=0.0
 Retrying in 1 seconds
[shaping_diag] success_cum_shaping=282.39 T=120 d_init=94.1 d_final=0.0
 Retrying in 1 seconds
[shaping_diag] success_cum_shaping=282.39 T=103 d_init=94.1 d_final=0.0
Warning: Vehicle 'ego'; collision with vehicle 'other', lane='right_out_0', gap=-0.91, time=7.90 stage=move.
Warning: Vehicle 'other' performs emergency braking on lane ':center_8_0' with decel=9.00, wished=5.00, severity=1.00, time=7.50.
Warning: Vehicle 'ego'; junction collision with vehicle 'other', lane=':center_4_0', gap=-1.00, time=7.80 stage=move.
 Retrying in 1 seconds
 Retrying in 1 seconds
 Retrying in 1 seconds
[shaping_diag] success_cum_shaping=282.39 T=107 d_init=94.1 d_final=0.0
 Retrying in 1 seconds
[shaping_diag] success_cum_shaping=282.39 T=104 d_init=94.1 d_final=0.0
 Retrying in 1 seconds
[shaping_diag] success_cum_shaping=282.39 T=105 d_init=94.1 d_final=0.0
 Retrying in 1 seconds
[shaping_diag] success_cum_shaping=282.39 T=104 d_init=94.1 d_final=0.0
Warning: Vehicle 'other' performs emergency braking on lane ':center_8_0' with decel=9.00, wished=7.00, severity=1.00, time=7.50.
 Retrying in 1 seconds
[shaping_diag] success_cum_shaping=282.39 T=126 d_init=94.1 d_final=0.0
 Retrying in 1 seconds
[shaping_diag] success_cum_shaping=282.39 T=107 d_init=94.1 d_final=0.0
Warning: Vehicle 'other' performs emergency braking on lane ':center_8_0' with decel=9.00, wished=5.00, severity=1.00, time=8.00.
Warning: Vehicle 'ego'; junction collision with vehicle 'other', lane=':center_4_0', gap=-1.00, time=8.70 stage=move.
 Retrying in 1 seconds
 Retrying in 1 seconds
[shaping_diag] success_cum_shaping=282.39 T=104 d_init=94.1 d_final=0.0
 Retrying in 1 seconds
[shaping_diag] success_cum_shaping=282.39 T=106 d_init=94.1 d_final=0.0
 Retrying in 1 seconds
[shaping_diag] success_cum_shaping=282.39 T=108 d_init=94.1 d_final=0.0
 Retrying in 1 seconds
[shaping_diag] success_cum_shaping=282.39 T=156 d_init=94.1 d_final=0.0
 Retrying in 1 seconds
[shaping_diag] success_cum_shaping=282.39 T=105 d_init=94.1 d_final=0.0
 Retrying in 1 seconds
[shaping_diag] success_cum_shaping=282.39 T=104 d_init=94.1 d_final=0.0
 Retrying in 1 seconds
[shaping_diag] success_cum_shaping=282.39 T=105 d_init=94.1 d_final=0.0
 Retrying in 1 seconds
[shaping_diag] success_cum_shaping=282.39 T=105 d_init=94.1 d_final=0.0
 Retrying in 1 seconds
[shaping_diag] success_cum_shaping=282.39 T=103 d_init=94.1 d_final=0.0
 Retrying in 1 seconds
[shaping_diag] success_cum_shaping=282.39 T=105 d_init=94.1 d_final=0.0
 Retrying in 1 seconds
 Retrying in 1 seconds
[shaping_diag] success_cum_shaping=282.39 T=106 d_init=94.1 d_final=0.0
 Retrying in 1 seconds
[shaping_diag] success_cum_shaping=282.39 T=104 d_init=94.1 d_final=0.0
 Retrying in 1 seconds
[shaping_diag] success_cum_shaping=282.39 T=105 d_init=94.1 d_final=0.0
 Retrying in 1 seconds
[shaping_diag] success_cum_shaping=282.39 T=104 d_init=94.1 d_final=0.0
 Retrying in 1 seconds
 Retrying in 1 seconds
[shaping_diag] success_cum_shaping=282.39 T=107 d_init=94.1 d_final=0.0
 Retrying in 1 seconds
[shaping_diag] success_cum_shaping=282.39 T=150 d_init=94.1 d_final=0.0
 Retrying in 1 seconds
[shaping_diag] success_cum_shaping=282.39 T=105 d_init=94.1 d_final=0.0
Warning: Vehicle 'other2' performs emergency braking on lane ':center_8_0' with decel=9.00, wished=5.00, severity=1.00, time=8.40.
 Retrying in 1 seconds
[shaping_diag] success_cum_shaping=282.39 T=131 d_init=94.1 d_final=0.0
 Retrying in 1 seconds
[shaping_diag] success_cum_shaping=282.39 T=112 d_init=94.1 d_final=0.0
 Retrying in 1 seconds
[shaping_diag] success_cum_shaping=282.39 T=146 d_init=94.1 d_final=0.0
 Retrying in 1 seconds
[shaping_diag] success_cum_shaping=282.39 T=104 d_init=94.1 d_final=0.0
 Retrying in 1 seconds
[shaping_diag] success_cum_shaping=282.39 T=107 d_init=94.1 d_final=0.0
 Retrying in 1 seconds
[shaping_diag] success_cum_shaping=282.39 T=118 d_init=94.1 d_final=0.0
 Retrying in 1 seconds
[shaping_diag] success_cum_shaping=282.39 T=126 d_init=94.1 d_final=0.0
 Retrying in 1 seconds
[shaping_diag] success_cum_shaping=282.39 T=130 d_init=94.1 d_final=0.0
 Retrying in 1 seconds
[shaping_diag] success_cum_shaping=282.39 T=106 d_init=94.1 d_final=0.0
 Retrying in 1 seconds
[shaping_diag] success_cum_shaping=282.39 T=114 d_init=94.1 d_final=0.0
 Retrying in 1 seconds
[shaping_diag] success_cum_shaping=282.39 T=113 d_init=94.1 d_final=0.0
 Retrying in 1 seconds
[shaping_diag] success_cum_shaping=282.39 T=119 d_init=94.1 d_final=0.0
 Retrying in 1 seconds
[shaping_diag] success_cum_shaping=282.39 T=107 d_init=94.1 d_final=0.0
 Retrying in 1 seconds
[shaping_diag] success_cum_shaping=282.39 T=109 d_init=94.1 d_final=0.0
 Retrying in 1 seconds
[shaping_diag] success_cum_shaping=282.39 T=136 d_init=94.1 d_final=0.0
 Retrying in 1 seconds
[shaping_diag] success_cum_shaping=282.39 T=104 d_init=94.1 d_final=0.0
 Retrying in 1 seconds
[shaping_diag] success_cum_shaping=282.39 T=112 d_init=94.1 d_final=0.0
 Retrying in 1 seconds
[shaping_diag] success_cum_shaping=282.39 T=127 d_init=94.1 d_final=0.0
 Retrying in 1 seconds
[shaping_diag] success_cum_shaping=282.39 T=110 d_init=94.1 d_final=0.0
 Retrying in 1 seconds
[shaping_diag] success_cum_shaping=282.39 T=108 d_init=94.1 d_final=0.0
 Retrying in 1 seconds
[shaping_diag] success_cum_shaping=282.39 T=133 d_init=94.1 d_final=0.0
 Retrying in 1 seconds
[shaping_diag] success_cum_shaping=282.39 T=121 d_init=94.1 d_final=0.0
 Retrying in 1 seconds
[shaping_diag] success_cum_shaping=282.39 T=110 d_init=94.1 d_final=0.0
 Retrying in 1 seconds
[shaping_diag] success_cum_shaping=282.39 T=114 d_init=94.1 d_final=0.0
 Retrying in 1 seconds
 Retrying in 1 seconds
[shaping_diag] success_cum_shaping=282.39 T=115 d_init=94.1 d_final=0.0
 Retrying in 1 seconds
[shaping_diag] success_cum_shaping=282.39 T=107 d_init=94.1 d_final=0.0
 Retrying in 1 seconds
[shaping_diag] success_cum_shaping=282.39 T=107 d_init=94.1 d_final=0.0
 Retrying in 1 seconds
 Retrying in 1 seconds
[shaping_diag] success_cum_shaping=282.39 T=106 d_init=94.1 d_final=0.0
 Retrying in 1 seconds
[shaping_diag] success_cum_shaping=282.39 T=109 d_init=94.1 d_final=0.0
 Retrying in 1 seconds
[shaping_diag] success_cum_shaping=282.39 T=106 d_init=94.1 d_final=0.0
 Retrying in 1 seconds
[shaping_diag] success_cum_shaping=282.39 T=106 d_init=94.1 d_final=0.0
 Retrying in 1 seconds
[shaping_diag] success_cum_shaping=282.39 T=105 d_init=94.1 d_final=0.0
 Retrying in 1 seconds
[shaping_diag] success_cum_shaping=282.39 T=104 d_init=94.1 d_final=0.0
 Retrying in 1 seconds
[shaping_diag] success_cum_shaping=282.39 T=108 d_init=94.1 d_final=0.0
 Retrying in 1 seconds
[shaping_diag] success_cum_shaping=282.39 T=108 d_init=94.1 d_final=0.0
 Retrying in 1 seconds
[shaping_diag] success_cum_shaping=282.39 T=107 d_init=94.1 d_final=0.0
 Retrying in 1 seconds
[shaping_diag] success_cum_shaping=282.39 T=105 d_init=94.1 d_final=0.0
 Retrying in 1 seconds
[shaping_diag] success_cum_shaping=282.39 T=107 d_init=94.1 d_final=0.0
 Retrying in 1 seconds
[shaping_diag] success_cum_shaping=282.39 T=105 d_init=94.1 d_final=0.0
 Retrying in 1 seconds
[shaping_diag] success_cum_shaping=282.39 T=103 d_init=94.1 d_final=0.0
 Retrying in 1 seconds
[shaping_diag] success_cum_shaping=282.39 T=103 d_init=94.1 d_final=0.0
 Retrying in 1 seconds
[shaping_diag] success_cum_shaping=282.39 T=104 d_init=94.1 d_final=0.0
 Retrying in 1 seconds
[shaping_diag] success_cum_shaping=282.39 T=104 d_init=94.1 d_final=0.0
 Retrying in 1 seconds
[shaping_diag] success_cum_shaping=282.39 T=118 d_init=94.1 d_final=0.0
 Retrying in 1 seconds
[shaping_diag] success_cum_shaping=282.39 T=107 d_init=94.1 d_final=0.0
 Retrying in 1 seconds
[shaping_diag] success_cum_shaping=282.39 T=112 d_init=94.1 d_final=0.0
 Retrying in 1 seconds
[shaping_diag] success_cum_shaping=282.39 T=105 d_init=94.1 d_final=0.0
Warning: Vehicle 'ego'; collision with vehicle 'other', lane='right_out_0', gap=-1.53, time=7.60 stage=move.
 Retrying in 1 seconds
 Retrying in 1 seconds
[shaping_diag] success_cum_shaping=282.39 T=109 d_init=94.1 d_final=0.0
 Retrying in 1 seconds
[shaping_diag] success_cum_shaping=282.39 T=107 d_init=94.1 d_final=0.0
 Retrying in 1 seconds
[shaping_diag] success_cum_shaping=282.39 T=107 d_init=94.1 d_final=0.0
 Retrying in 1 seconds
[shaping_diag] success_cum_shaping=282.39 T=107 d_init=94.1 d_final=0.0
 Retrying in 1 seconds
[shaping_diag] success_cum_shaping=282.39 T=103 d_init=94.1 d_final=0.0
 Retrying in 1 seconds
[shaping_diag] success_cum_shaping=282.39 T=104 d_init=94.1 d_final=0.0
 Retrying in 1 seconds
[shaping_diag] success_cum_shaping=282.39 T=109 d_init=94.1 d_final=0.0
 Retrying in 1 seconds
[shaping_diag] success_cum_shaping=282.39 T=104 d_init=94.1 d_final=0.0
 Retrying in 1 seconds
[shaping_diag] success_cum_shaping=282.39 T=103 d_init=94.1 d_final=0.0
Warning: Vehicle 'other' performs emergency braking on lane ':center_8_0' with decel=9.00, wished=7.00, severity=1.00, time=7.60.
Warning: Vehicle 'ego'; junction collision with vehicle 'other', lane=':center_4_0', gap=-1.00, time=8.00 stage=move.
 Retrying in 1 seconds
 Retrying in 1 seconds
[shaping_diag] success_cum_shaping=282.39 T=106 d_init=94.1 d_final=0.0
 Retrying in 1 seconds
[shaping_diag] success_cum_shaping=282.39 T=106 d_init=94.1 d_final=0.0
 Retrying in 1 seconds
[shaping_diag] success_cum_shaping=282.39 T=103 d_init=94.1 d_final=0.0
 Retrying in 1 seconds
[shaping_diag] success_cum_shaping=282.39 T=107 d_init=94.1 d_final=0.0
 Retrying in 1 seconds
[shaping_diag] success_cum_shaping=282.39 T=107 d_init=94.1 d_final=0.0
 Retrying in 1 seconds
[shaping_diag] success_cum_shaping=282.39 T=108 d_init=94.1 d_final=0.0
 Retrying in 1 seconds
[shaping_diag] success_cum_shaping=282.39 T=128 d_init=94.1 d_final=0.0
 Retrying in 1 seconds
 Retrying in 1 seconds
 Retrying in 1 seconds
[shaping_diag] success_cum_shaping=282.39 T=102 d_init=94.1 d_final=0.0
 Retrying in 1 seconds
[shaping_diag] success_cum_shaping=282.39 T=102 d_init=94.1 d_final=0.0
 Retrying in 1 seconds
[shaping_diag] success_cum_shaping=282.39 T=102 d_init=94.1 d_final=0.0
 Retrying in 1 seconds
[shaping_diag] success_cum_shaping=282.39 T=102 d_init=94.1 d_final=0.0
 Retrying in 1 seconds
[shaping_diag] success_cum_shaping=282.39 T=102 d_init=94.1 d_final=0.0
 Retrying in 1 seconds
[shaping_diag] success_cum_shaping=282.39 T=102 d_init=94.1 d_final=0.0
 Retrying in 1 seconds
[shaping_diag] success_cum_shaping=282.39 T=102 d_init=94.1 d_final=0.0
 Retrying in 1 seconds
[shaping_diag] success_cum_shaping=282.39 T=102 d_init=94.1 d_final=0.0
 Retrying in 1 seconds
[shaping_diag] success_cum_shaping=282.39 T=102 d_init=94.1 d_final=0.0
 Retrying in 1 seconds
[shaping_diag] success_cum_shaping=282.39 T=102 d_init=94.1 d_final=0.0
[drppo] step=249856 ret=367.08 coll=0 ttc=5.93
 Retrying in 1 seconds
[shaping_diag] success_cum_shaping=282.39 T=104 d_init=94.1 d_final=0.0
 Retrying in 1 seconds
[shaping_diag] success_cum_shaping=282.39 T=105 d_init=94.1 d_final=0.0
 Retrying in 1 seconds
[shaping_diag] success_cum_shaping=282.39 T=104 d_init=94.1 d_final=0.0
 Retrying in 1 seconds
[shaping_diag] success_cum_shaping=282.39 T=106 d_init=94.1 d_final=0.0
 Retrying in 1 seconds
[shaping_diag] success_cum_shaping=282.39 T=108 d_init=94.1 d_final=0.0
 Retrying in 1 seconds
[shaping_diag] success_cum_shaping=282.39 T=120 d_init=94.1 d_final=0.0
 Retrying in 1 seconds
[shaping_diag] success_cum_shaping=282.39 T=107 d_init=94.1 d_final=0.0
 Retrying in 1 seconds
[shaping_diag] success_cum_shaping=282.39 T=110 d_init=94.1 d_final=0.0
 Retrying in 1 seconds
[shaping_diag] success_cum_shaping=282.39 T=104 d_init=94.1 d_final=0.0
 Retrying in 1 seconds
[shaping_diag] success_cum_shaping=282.39 T=107 d_init=94.1 d_final=0.0
 Retrying in 1 seconds
[shaping_diag] success_cum_shaping=282.39 T=103 d_init=94.1 d_final=0.0
 Retrying in 1 seconds
[shaping_diag] success_cum_shaping=282.39 T=107 d_init=94.1 d_final=0.0
 Retrying in 1 seconds
[shaping_diag] success_cum_shaping=282.39 T=105 d_init=94.1 d_final=0.0
 Retrying in 1 seconds
[shaping_diag] success_cum_shaping=282.39 T=104 d_init=94.1 d_final=0.0
 Retrying in 1 seconds
[shaping_diag] success_cum_shaping=282.39 T=119 d_init=94.1 d_final=0.0
 Retrying in 1 seconds
[shaping_diag] success_cum_shaping=282.39 T=107 d_init=94.1 d_final=0.0
 Retrying in 1 seconds
[shaping_diag] success_cum_shaping=282.39 T=136 d_init=94.1 d_final=0.0
 Retrying in 1 seconds
[shaping_diag] success_cum_shaping=282.39 T=105 d_init=94.1 d_final=0.0
 Retrying in 1 seconds
[shaping_diag] success_cum_shaping=282.39 T=118 d_init=94.1 d_final=0.0
 Retrying in 1 seconds
[shaping_diag] success_cum_shaping=282.39 T=111 d_init=94.1 d_final=0.0
 Retrying in 1 seconds
[shaping_diag] success_cum_shaping=282.39 T=108 d_init=94.1 d_final=0.0
 Retrying in 1 seconds
[shaping_diag] success_cum_shaping=282.39 T=104 d_init=94.1 d_final=0.0
 Retrying in 1 seconds
[shaping_diag] success_cum_shaping=282.39 T=108 d_init=94.1 d_final=0.0
 Retrying in 1 seconds
[shaping_diag] success_cum_shaping=282.39 T=132 d_init=94.1 d_final=0.0
Warning: Vehicle 'other' performs emergency braking on lane ':center_8_0' with decel=9.00, wished=5.00, severity=1.00, time=8.10.
 Retrying in 1 seconds
 Retrying in 1 seconds
[shaping_diag] success_cum_shaping=282.39 T=161 d_init=94.1 d_final=0.0
 Retrying in 1 seconds
[shaping_diag] success_cum_shaping=282.39 T=109 d_init=94.1 d_final=0.0
 Retrying in 1 seconds
[shaping_diag] success_cum_shaping=282.39 T=106 d_init=94.1 d_final=0.0
 Retrying in 1 seconds
[shaping_diag] success_cum_shaping=282.39 T=128 d_init=94.1 d_final=0.0
 Retrying in 1 seconds
[shaping_diag] success_cum_shaping=282.39 T=104 d_init=94.1 d_final=0.0
 Retrying in 1 seconds
[shaping_diag] success_cum_shaping=282.39 T=105 d_init=94.1 d_final=0.0
 Retrying in 1 seconds
[shaping_diag] success_cum_shaping=282.39 T=105 d_init=94.1 d_final=0.0
Warning: Vehicle 'other2' performs emergency braking on lane ':center_8_0' with decel=9.00, wished=6.00, severity=1.00, time=8.00.
 Retrying in 1 seconds
[shaping_diag] success_cum_shaping=282.39 T=117 d_init=94.1 d_final=0.0
 Retrying in 1 seconds
[shaping_diag] success_cum_shaping=282.39 T=104 d_init=94.1 d_final=0.0
 Retrying in 1 seconds
[shaping_diag] success_cum_shaping=282.39 T=105 d_init=94.1 d_final=0.0
Warning: Vehicle 'other' performs emergency braking on lane ':center_8_0' with decel=9.00, wished=5.00, severity=1.00, time=7.30.
 Retrying in 1 seconds
[shaping_diag] success_cum_shaping=282.39 T=114 d_init=94.1 d_final=0.0
 Retrying in 1 seconds
[shaping_diag] success_cum_shaping=282.39 T=110 d_init=94.1 d_final=0.0
 Retrying in 1 seconds
 Retrying in 1 seconds
[shaping_diag] success_cum_shaping=282.39 T=106 d_init=94.1 d_final=0.0
 Retrying in 1 seconds
[shaping_diag] success_cum_shaping=282.39 T=128 d_init=94.1 d_final=0.0
 Retrying in 1 seconds
[shaping_diag] success_cum_shaping=282.39 T=106 d_init=94.1 d_final=0.0
 Retrying in 1 seconds
[shaping_diag] success_cum_shaping=282.39 T=120 d_init=94.1 d_final=0.0
 Retrying in 1 seconds
[shaping_diag] success_cum_shaping=282.39 T=103 d_init=94.1 d_final=0.0
 Retrying in 1 seconds
[shaping_diag] success_cum_shaping=282.39 T=104 d_init=94.1 d_final=0.0
 Retrying in 1 seconds
[shaping_diag] success_cum_shaping=282.39 T=122 d_init=94.1 d_final=0.0
 Retrying in 1 seconds
[shaping_diag] success_cum_shaping=282.39 T=111 d_init=94.1 d_final=0.0
 Retrying in 1 seconds
[shaping_diag] success_cum_shaping=282.39 T=105 d_init=94.1 d_final=0.0
 Retrying in 1 seconds
[shaping_diag] success_cum_shaping=282.39 T=103 d_init=94.1 d_final=0.0
 Retrying in 1 seconds
[shaping_diag] success_cum_shaping=282.39 T=106 d_init=94.1 d_final=0.0
 Retrying in 1 seconds
[shaping_diag] success_cum_shaping=282.39 T=105 d_init=94.1 d_final=0.0
Warning: Vehicle 'other' performs emergency braking on lane ':center_8_0' with decel=9.00, wished=5.00, severity=1.00, time=7.60.
 Retrying in 1 seconds
[shaping_diag] success_cum_shaping=282.39 T=112 d_init=94.1 d_final=0.0
Warning: Vehicle 'other' performs emergency braking on lane ':center_8_0' with decel=9.00, wished=5.00, severity=1.00, time=7.70.
 Retrying in 1 seconds
 Retrying in 1 seconds
[shaping_diag] success_cum_shaping=282.39 T=108 d_init=94.1 d_final=0.0
 Retrying in 1 seconds
[shaping_diag] success_cum_shaping=282.39 T=132 d_init=94.1 d_final=0.0
 Retrying in 1 seconds
[shaping_diag] success_cum_shaping=282.39 T=103 d_init=94.1 d_final=0.0
 Retrying in 1 seconds
[shaping_diag] success_cum_shaping=282.39 T=104 d_init=94.1 d_final=0.0
 Retrying in 1 seconds
[shaping_diag] success_cum_shaping=282.39 T=106 d_init=94.1 d_final=0.0
 Retrying in 1 seconds
[shaping_diag] success_cum_shaping=282.39 T=109 d_init=94.1 d_final=0.0
 Retrying in 1 seconds
[shaping_diag] success_cum_shaping=282.39 T=103 d_init=94.1 d_final=0.0
 Retrying in 1 seconds
[shaping_diag] success_cum_shaping=282.39 T=131 d_init=94.1 d_final=0.0
 Retrying in 1 seconds
[shaping_diag] success_cum_shaping=282.39 T=103 d_init=94.1 d_final=0.0
 Retrying in 1 seconds
[shaping_diag] success_cum_shaping=282.39 T=106 d_init=94.1 d_final=0.0
 Retrying in 1 seconds
[shaping_diag] success_cum_shaping=282.39 T=105 d_init=94.1 d_final=0.0
 Retrying in 1 seconds
[shaping_diag] success_cum_shaping=282.39 T=104 d_init=94.1 d_final=0.0
 Retrying in 1 seconds
[shaping_diag] success_cum_shaping=282.39 T=121 d_init=94.1 d_final=0.0
 Retrying in 1 seconds
[shaping_diag] success_cum_shaping=282.39 T=103 d_init=94.1 d_final=0.0
 Retrying in 1 seconds
[shaping_diag] success_cum_shaping=282.39 T=107 d_init=94.1 d_final=0.0
 Retrying in 1 seconds
[shaping_diag] success_cum_shaping=282.39 T=105 d_init=94.1 d_final=0.0
 Retrying in 1 seconds
[shaping_diag] success_cum_shaping=282.39 T=106 d_init=94.1 d_final=0.0
 Retrying in 1 seconds
[shaping_diag] success_cum_shaping=282.39 T=104 d_init=94.1 d_final=0.0
 Retrying in 1 seconds
[shaping_diag] success_cum_shaping=282.39 T=104 d_init=94.1 d_final=0.0
 Retrying in 1 seconds
[shaping_diag] success_cum_shaping=282.39 T=106 d_init=94.1 d_final=0.0
 Retrying in 1 seconds
[shaping_diag] success_cum_shaping=282.39 T=106 d_init=94.1 d_final=0.0
 Retrying in 1 seconds
[shaping_diag] success_cum_shaping=282.39 T=106 d_init=94.1 d_final=0.0
 Retrying in 1 seconds
[shaping_diag] success_cum_shaping=282.39 T=103 d_init=94.1 d_final=0.0
Warning: Vehicle 'other' performs emergency braking on lane ':center_8_0' with decel=9.00, wished=5.00, severity=1.00, time=7.70.
 Retrying in 1 seconds
 Retrying in 1 seconds
[shaping_diag] success_cum_shaping=282.39 T=108 d_init=94.1 d_final=0.0
 Retrying in 1 seconds
[shaping_diag] success_cum_shaping=282.39 T=105 d_init=94.1 d_final=0.0
 Retrying in 1 seconds
[shaping_diag] success_cum_shaping=282.39 T=108 d_init=94.1 d_final=0.0
 Retrying in 1 seconds
[shaping_diag] success_cum_shaping=282.39 T=107 d_init=94.1 d_final=0.0
 Retrying in 1 seconds
[shaping_diag] success_cum_shaping=282.39 T=105 d_init=94.1 d_final=0.0
 Retrying in 1 seconds
[shaping_diag] success_cum_shaping=282.39 T=114 d_init=94.1 d_final=0.0
 Retrying in 1 seconds
[shaping_diag] success_cum_shaping=282.39 T=105 d_init=94.1 d_final=0.0
 Retrying in 1 seconds
[shaping_diag] success_cum_shaping=282.39 T=105 d_init=94.1 d_final=0.0
 Retrying in 1 seconds
[shaping_diag] success_cum_shaping=282.39 T=103 d_init=94.1 d_final=0.0
 Retrying in 1 seconds
[shaping_diag] success_cum_shaping=282.39 T=103 d_init=94.1 d_final=0.0
 Retrying in 1 seconds
[shaping_diag] success_cum_shaping=282.39 T=106 d_init=94.1 d_final=0.0
 Retrying in 1 seconds
[shaping_diag] success_cum_shaping=282.39 T=106 d_init=94.1 d_final=0.0
 Retrying in 1 seconds
[shaping_diag] success_cum_shaping=282.39 T=106 d_init=94.1 d_final=0.0
 Retrying in 1 seconds
[shaping_diag] success_cum_shaping=282.39 T=107 d_init=94.1 d_final=0.0
 Retrying in 1 seconds
[shaping_diag] success_cum_shaping=282.39 T=109 d_init=94.1 d_final=0.0
 Retrying in 1 seconds
[shaping_diag] success_cum_shaping=282.39 T=104 d_init=94.1 d_final=0.0
 Retrying in 1 seconds
[shaping_diag] success_cum_shaping=282.39 T=117 d_init=94.1 d_final=0.0
 Retrying in 1 seconds
[shaping_diag] success_cum_shaping=282.39 T=106 d_init=94.1 d_final=0.0
 Retrying in 1 seconds
[shaping_diag] success_cum_shaping=282.39 T=104 d_init=94.1 d_final=0.0
 Retrying in 1 seconds
[shaping_diag] success_cum_shaping=282.39 T=112 d_init=94.1 d_final=0.0
Warning: Vehicle 'other' performs emergency braking on lane ':center_8_0' with decel=9.00, wished=5.00, severity=1.00, time=7.40.
 Retrying in 1 seconds
[shaping_diag] success_cum_shaping=282.39 T=105 d_init=94.1 d_final=0.0
 Retrying in 1 seconds
[shaping_diag] success_cum_shaping=282.39 T=103 d_init=94.1 d_final=0.0
 Retrying in 1 seconds
[shaping_diag] success_cum_shaping=282.39 T=107 d_init=94.1 d_final=0.0
 Retrying in 1 seconds
[shaping_diag] success_cum_shaping=282.39 T=107 d_init=94.1 d_final=0.0
 Retrying in 1 seconds
[shaping_diag] success_cum_shaping=282.39 T=105 d_init=94.1 d_final=0.0
 Retrying in 1 seconds
[shaping_diag] success_cum_shaping=282.39 T=106 d_init=94.1 d_final=0.0
 Retrying in 1 seconds
[shaping_diag] success_cum_shaping=282.39 T=105 d_init=94.1 d_final=0.0
 Retrying in 1 seconds
[shaping_diag] success_cum_shaping=282.39 T=108 d_init=94.1 d_final=0.0
 Retrying in 1 seconds
[shaping_diag] success_cum_shaping=282.39 T=121 d_init=94.1 d_final=0.0
 Retrying in 1 seconds
[shaping_diag] success_cum_shaping=282.39 T=106 d_init=94.1 d_final=0.0
Warning: Vehicle 'other' performs emergency braking on lane ':center_8_0' with decel=9.00, wished=7.00, severity=1.00, time=7.20.
 Retrying in 1 seconds
[shaping_diag] success_cum_shaping=282.39 T=103 d_init=94.1 d_final=0.0
 Retrying in 1 seconds
[shaping_diag] success_cum_shaping=282.39 T=105 d_init=94.1 d_final=0.0
Warning: Vehicle 'other' performs emergency braking on lane ':center_8_0' with decel=9.00, wished=5.00, severity=1.00, time=7.20.
Warning: Vehicle 'ego'; junction collision with vehicle 'other', lane=':center_4_0', gap=-1.00, time=7.50 stage=move.
 Retrying in 1 seconds
 Retrying in 1 seconds
[shaping_diag] success_cum_shaping=282.39 T=104 d_init=94.1 d_final=0.0
Warning: Vehicle 'other' performs emergency braking on lane ':center_8_0' with decel=9.00, wished=7.00, severity=1.00, time=7.40.
 Retrying in 1 seconds
 Retrying in 1 seconds
[shaping_diag] success_cum_shaping=282.39 T=104 d_init=94.1 d_final=0.0
 Retrying in 1 seconds
[shaping_diag] success_cum_shaping=282.39 T=105 d_init=94.1 d_final=0.0
 Retrying in 1 seconds
[shaping_diag] success_cum_shaping=282.39 T=107 d_init=94.1 d_final=0.0
 Retrying in 1 seconds
 Retrying in 1 seconds
[shaping_diag] success_cum_shaping=282.39 T=105 d_init=94.1 d_final=0.0
 Retrying in 1 seconds
[shaping_diag] success_cum_shaping=282.39 T=106 d_init=94.1 d_final=0.0
 Retrying in 1 seconds
[shaping_diag] success_cum_shaping=282.39 T=112 d_init=94.1 d_final=0.0
 Retrying in 1 seconds
[shaping_diag] success_cum_shaping=282.39 T=105 d_init=94.1 d_final=0.0
Warning: Vehicle 'other' performs emergency braking on lane ':center_8_0' with decel=9.00, wished=7.00, severity=1.00, time=7.50.
Warning: Vehicle 'ego'; junction collision with vehicle 'other', lane=':center_4_0', gap=-1.00, time=7.80 stage=move.
 Retrying in 1 seconds
 Retrying in 1 seconds
[shaping_diag] success_cum_shaping=282.39 T=103 d_init=94.1 d_final=0.0
 Retrying in 1 seconds
[shaping_diag] success_cum_shaping=282.39 T=103 d_init=94.1 d_final=0.0
 Retrying in 1 seconds
[shaping_diag] success_cum_shaping=282.39 T=104 d_init=94.1 d_final=0.0
 Retrying in 1 seconds
[shaping_diag] success_cum_shaping=282.39 T=103 d_init=94.1 d_final=0.0
Warning: Vehicle 'other' performs emergency braking on lane ':center_8_0' with decel=9.00, wished=7.00, severity=1.00, time=7.40.
 Retrying in 1 seconds
[shaping_diag] success_cum_shaping=282.39 T=106 d_init=94.1 d_final=0.0
 Retrying in 1 seconds
[shaping_diag] success_cum_shaping=282.39 T=107 d_init=94.1 d_final=0.0
 Retrying in 1 seconds
[shaping_diag] success_cum_shaping=282.39 T=106 d_init=94.1 d_final=0.0
 Retrying in 1 seconds
[shaping_diag] success_cum_shaping=282.39 T=107 d_init=94.1 d_final=0.0
 Retrying in 1 seconds
[shaping_diag] success_cum_shaping=282.39 T=106 d_init=94.1 d_final=0.0
 Retrying in 1 seconds
[shaping_diag] success_cum_shaping=282.39 T=103 d_init=94.1 d_final=0.0
 Retrying in 1 seconds
[shaping_diag] success_cum_shaping=282.39 T=109 d_init=94.1 d_final=0.0
Warning: Vehicle 'other' performs emergency braking on lane ':center_8_0' with decel=9.00, wished=5.00, severity=1.00, time=7.60.
Warning: Vehicle 'ego'; junction collision with vehicle 'other', lane=':center_4_0', gap=-1.00, time=7.80 stage=move.
Warning: Vehicle 'other' performs emergency braking on lane ':center_8_0' with decel=9.00, wished=7.00, severity=1.00, time=7.30.
 Retrying in 1 seconds
 Retrying in 1 seconds
[shaping_diag] success_cum_shaping=282.39 T=106 d_init=94.1 d_final=0.0
 Retrying in 1 seconds
[shaping_diag] success_cum_shaping=282.39 T=107 d_init=94.1 d_final=0.0
 Retrying in 1 seconds
[shaping_diag] success_cum_shaping=282.39 T=104 d_init=94.1 d_final=0.0
 Retrying in 1 seconds
[shaping_diag] success_cum_shaping=282.39 T=106 d_init=94.1 d_final=0.0
 Retrying in 1 seconds
[shaping_diag] success_cum_shaping=282.39 T=104 d_init=94.1 d_final=0.0
 Retrying in 1 seconds
[shaping_diag] success_cum_shaping=282.39 T=104 d_init=94.1 d_final=0.0
 Retrying in 1 seconds
[shaping_diag] success_cum_shaping=282.39 T=104 d_init=94.1 d_final=0.0
 Retrying in 1 seconds
[shaping_diag] success_cum_shaping=282.39 T=104 d_init=94.1 d_final=0.0
 Retrying in 1 seconds
[shaping_diag] success_cum_shaping=282.39 T=105 d_init=94.1 d_final=0.0
 Retrying in 1 seconds
[shaping_diag] success_cum_shaping=282.39 T=104 d_init=94.1 d_final=0.0
 Retrying in 1 seconds
[shaping_diag] success_cum_shaping=282.39 T=103 d_init=94.1 d_final=0.0
 Retrying in 1 seconds
[shaping_diag] success_cum_shaping=282.39 T=105 d_init=94.1 d_final=0.0
 Retrying in 1 seconds
[shaping_diag] success_cum_shaping=282.39 T=106 d_init=94.1 d_final=0.0
 Retrying in 1 seconds
[shaping_diag] success_cum_shaping=282.39 T=103 d_init=94.1 d_final=0.0
 Retrying in 1 seconds
[shaping_diag] success_cum_shaping=282.39 T=103 d_init=94.1 d_final=0.0
 Retrying in 1 seconds
[shaping_diag] success_cum_shaping=282.39 T=103 d_init=94.1 d_final=0.0
 Retrying in 1 seconds
[shaping_diag] success_cum_shaping=282.39 T=105 d_init=94.1 d_final=0.0
 Retrying in 1 seconds
 Retrying in 1 seconds
[shaping_diag] success_cum_shaping=282.39 T=113 d_init=94.1 d_final=0.0
 Retrying in 1 seconds
[shaping_diag] success_cum_shaping=282.39 T=105 d_init=94.1 d_final=0.0
 Retrying in 1 seconds
[shaping_diag] success_cum_shaping=282.39 T=102 d_init=94.1 d_final=0.0
Warning: Vehicle 'other' performs emergency braking on lane ':center_8_0' with decel=9.00, wished=7.00, severity=1.00, time=7.20.
 Retrying in 1 seconds
[shaping_diag] success_cum_shaping=282.39 T=106 d_init=94.1 d_final=0.0
 Retrying in 1 seconds
 Retrying in 1 seconds
[shaping_diag] success_cum_shaping=282.39 T=105 d_init=94.1 d_final=0.0
 Retrying in 1 seconds
[shaping_diag] success_cum_shaping=282.39 T=103 d_init=94.1 d_final=0.0
 Retrying in 1 seconds
[shaping_diag] success_cum_shaping=282.39 T=121 d_init=94.1 d_final=0.0
 Retrying in 1 seconds
[shaping_diag] success_cum_shaping=282.39 T=121 d_init=94.1 d_final=0.0
 Retrying in 1 seconds
[shaping_diag] success_cum_shaping=282.39 T=104 d_init=94.1 d_final=0.0
 Retrying in 1 seconds
[shaping_diag] success_cum_shaping=282.39 T=116 d_init=94.1 d_final=0.0
 Retrying in 1 seconds
[shaping_diag] success_cum_shaping=282.39 T=104 d_init=94.1 d_final=0.0
 Retrying in 1 seconds
[shaping_diag] success_cum_shaping=282.39 T=103 d_init=94.1 d_final=0.0
 Retrying in 1 seconds
[shaping_diag] success_cum_shaping=282.39 T=105 d_init=94.1 d_final=0.0
 Retrying in 1 seconds
[shaping_diag] success_cum_shaping=282.39 T=105 d_init=94.1 d_final=0.0
 Retrying in 1 seconds
[shaping_diag] success_cum_shaping=282.39 T=102 d_init=94.1 d_final=0.0
 Retrying in 1 seconds
[shaping_diag] success_cum_shaping=282.39 T=106 d_init=94.1 d_final=0.0
 Retrying in 1 seconds
[shaping_diag] success_cum_shaping=282.39 T=105 d_init=94.1 d_final=0.0
 Retrying in 1 seconds
[shaping_diag] success_cum_shaping=282.39 T=103 d_init=94.1 d_final=0.0
 Retrying in 1 seconds
[shaping_diag] success_cum_shaping=282.39 T=103 d_init=94.1 d_final=0.0
 Retrying in 1 seconds
[shaping_diag] success_cum_shaping=282.39 T=106 d_init=94.1 d_final=0.0
 Retrying in 1 seconds
[shaping_diag] success_cum_shaping=282.39 T=103 d_init=94.1 d_final=0.0
 Retrying in 1 seconds
[shaping_diag] success_cum_shaping=282.39 T=105 d_init=94.1 d_final=0.0
Warning: Vehicle 'other' performs emergency braking on lane ':center_8_0' with decel=9.00, wished=5.00, severity=1.00, time=7.10.
 Retrying in 1 seconds
 Retrying in 1 seconds
[shaping_diag] success_cum_shaping=282.39 T=109 d_init=94.1 d_final=0.0
 Retrying in 1 seconds
[shaping_diag] success_cum_shaping=282.39 T=104 d_init=94.1 d_final=0.0
 Retrying in 1 seconds
[shaping_diag] success_cum_shaping=282.39 T=105 d_init=94.1 d_final=0.0
 Retrying in 1 seconds
[shaping_diag] success_cum_shaping=282.39 T=106 d_init=94.1 d_final=0.0
 Retrying in 1 seconds
[shaping_diag] success_cum_shaping=282.39 T=103 d_init=94.1 d_final=0.0
 Retrying in 1 seconds
[shaping_diag] success_cum_shaping=282.39 T=105 d_init=94.1 d_final=0.0
 Retrying in 1 seconds
[shaping_diag] success_cum_shaping=282.39 T=107 d_init=94.1 d_final=0.0
 Retrying in 1 seconds
[shaping_diag] success_cum_shaping=282.39 T=106 d_init=94.1 d_final=0.0
 Retrying in 1 seconds
[shaping_diag] success_cum_shaping=282.39 T=103 d_init=94.1 d_final=0.0
 Retrying in 1 seconds
[shaping_diag] success_cum_shaping=282.39 T=103 d_init=94.1 d_final=0.0
 Retrying in 1 seconds
[shaping_diag] success_cum_shaping=282.39 T=103 d_init=94.1 d_final=0.0
 Retrying in 1 seconds
[shaping_diag] success_cum_shaping=282.39 T=104 d_init=94.1 d_final=0.0
Warning: Vehicle 'other' performs emergency braking on lane ':center_8_0' with decel=9.00, wished=5.00, severity=1.00, time=7.60.
Warning: Vehicle 'ego'; junction collision with vehicle 'other', lane=':center_4_0', gap=-1.00, time=8.00 stage=move.
 Retrying in 1 seconds
 Retrying in 1 seconds
[shaping_diag] success_cum_shaping=282.39 T=105 d_init=94.1 d_final=0.0
 Retrying in 1 seconds
[shaping_diag] success_cum_shaping=282.39 T=104 d_init=94.1 d_final=0.0
 Retrying in 1 seconds
[shaping_diag] success_cum_shaping=282.39 T=105 d_init=94.1 d_final=0.0
 Retrying in 1 seconds
[shaping_diag] success_cum_shaping=282.39 T=106 d_init=94.1 d_final=0.0
 Retrying in 1 seconds
[shaping_diag] success_cum_shaping=282.39 T=103 d_init=94.1 d_final=0.0
 Retrying in 1 seconds
[shaping_diag] success_cum_shaping=282.39 T=103 d_init=94.1 d_final=0.0
 Retrying in 1 seconds
[shaping_diag] success_cum_shaping=282.39 T=104 d_init=94.1 d_final=0.0
 Retrying in 1 seconds
 Retrying in 1 seconds
[shaping_diag] success_cum_shaping=282.39 T=103 d_init=94.1 d_final=0.0
 Retrying in 1 seconds
[shaping_diag] success_cum_shaping=282.39 T=104 d_init=94.1 d_final=0.0
 Retrying in 1 seconds
[shaping_diag] success_cum_shaping=282.39 T=116 d_init=94.1 d_final=0.0
 Retrying in 1 seconds
[shaping_diag] success_cum_shaping=282.39 T=104 d_init=94.1 d_final=0.0
 Retrying in 1 seconds
[shaping_diag] success_cum_shaping=282.39 T=103 d_init=94.1 d_final=0.0
 Retrying in 1 seconds
[shaping_diag] success_cum_shaping=282.39 T=103 d_init=94.1 d_final=0.0
Warning: Vehicle 'other' performs emergency braking on lane ':center_8_0' with decel=9.00, wished=7.00, severity=1.00, time=7.80.
 Retrying in 1 seconds
 Retrying in 1 seconds
[shaping_diag] success_cum_shaping=282.39 T=106 d_init=94.1 d_final=0.0
 Retrying in 1 seconds
[shaping_diag] success_cum_shaping=282.39 T=109 d_init=94.1 d_final=0.0
 Retrying in 1 seconds
[shaping_diag] success_cum_shaping=282.39 T=103 d_init=94.1 d_final=0.0
 Retrying in 1 seconds
[shaping_diag] success_cum_shaping=282.39 T=103 d_init=94.1 d_final=0.0
 Retrying in 1 seconds
[shaping_diag] success_cum_shaping=282.39 T=105 d_init=94.1 d_final=0.0
 Retrying in 1 seconds
[shaping_diag] success_cum_shaping=282.39 T=103 d_init=94.1 d_final=0.0
 Retrying in 1 seconds
[shaping_diag] success_cum_shaping=282.39 T=102 d_init=94.1 d_final=0.0
 Retrying in 1 seconds
[shaping_diag] success_cum_shaping=282.39 T=105 d_init=94.1 d_final=0.0
 Retrying in 1 seconds
[shaping_diag] success_cum_shaping=282.39 T=103 d_init=94.1 d_final=0.0
 Retrying in 1 seconds
[shaping_diag] success_cum_shaping=282.39 T=106 d_init=94.1 d_final=0.0
 Retrying in 1 seconds
[shaping_diag] success_cum_shaping=282.39 T=104 d_init=94.1 d_final=0.0
 Retrying in 1 seconds
[shaping_diag] success_cum_shaping=282.39 T=112 d_init=94.1 d_final=0.0
Warning: Vehicle 'ego'; junction collision with vehicle 'other', lane=':center_4_0', gap=-1.00, time=7.20 stage=move.
 Retrying in 1 seconds
 Retrying in 1 seconds
[shaping_diag] success_cum_shaping=282.39 T=104 d_init=94.1 d_final=0.0
Warning: Vehicle 'other' performs emergency braking on lane ':center_8_0' with decel=9.00, wished=7.00, severity=1.00, time=7.60.
 Retrying in 1 seconds
 Retrying in 1 seconds
[shaping_diag] success_cum_shaping=282.39 T=113 d_init=94.1 d_final=0.0
 Retrying in 1 seconds
[shaping_diag] success_cum_shaping=282.39 T=103 d_init=94.1 d_final=0.0
 Retrying in 1 seconds
[shaping_diag] success_cum_shaping=282.39 T=105 d_init=94.1 d_final=0.0
 Retrying in 1 seconds
[shaping_diag] success_cum_shaping=282.39 T=103 d_init=94.1 d_final=0.0
 Retrying in 1 seconds
[shaping_diag] success_cum_shaping=282.39 T=103 d_init=94.1 d_final=0.0
 Retrying in 1 seconds
[shaping_diag] success_cum_shaping=282.39 T=105 d_init=94.1 d_final=0.0
 Retrying in 1 seconds
[shaping_diag] success_cum_shaping=282.39 T=106 d_init=94.1 d_final=0.0
 Retrying in 1 seconds
[shaping_diag] success_cum_shaping=282.39 T=104 d_init=94.1 d_final=0.0
Warning: Vehicle 'other' performs emergency braking on lane ':center_8_0' with decel=9.00, wished=5.00, severity=1.00, time=7.10.
Warning: Vehicle 'ego'; junction collision with vehicle 'other', lane=':center_4_0', gap=-1.00, time=7.30 stage=move.
 Retrying in 1 seconds
 Retrying in 1 seconds
[shaping_diag] success_cum_shaping=282.39 T=104 d_init=94.1 d_final=0.0
 Retrying in 1 seconds
[shaping_diag] success_cum_shaping=282.39 T=114 d_init=94.1 d_final=0.0
 Retrying in 1 seconds
[shaping_diag] success_cum_shaping=282.39 T=105 d_init=94.1 d_final=0.0
Warning: Vehicle 'other' performs emergency braking on lane ':center_8_0' with decel=9.00, wished=5.00, severity=1.00, time=7.50.
 Retrying in 1 seconds
[shaping_diag] success_cum_shaping=282.39 T=119 d_init=94.1 d_final=0.0
 Retrying in 1 seconds
[shaping_diag] success_cum_shaping=282.39 T=111 d_init=94.1 d_final=0.0
 Retrying in 1 seconds
[shaping_diag] success_cum_shaping=282.39 T=114 d_init=94.1 d_final=0.0
 Retrying in 1 seconds
[shaping_diag] success_cum_shaping=282.39 T=104 d_init=94.1 d_final=0.0
 Retrying in 1 seconds
[shaping_diag] success_cum_shaping=282.39 T=103 d_init=94.1 d_final=0.0
 Retrying in 1 seconds
 Retrying in 1 seconds
[shaping_diag] success_cum_shaping=282.39 T=107 d_init=94.1 d_final=0.0
 Retrying in 1 seconds
[shaping_diag] success_cum_shaping=282.39 T=103 d_init=94.1 d_final=0.0
 Retrying in 1 seconds
[shaping_diag] success_cum_shaping=282.39 T=103 d_init=94.1 d_final=0.0
Warning: Vehicle 'ego'; junction collision with vehicle 'other', lane=':center_4_0', gap=-1.00, time=8.20 stage=move.
 Retrying in 1 seconds
 Retrying in 1 seconds
[shaping_diag] success_cum_shaping=282.39 T=104 d_init=94.1 d_final=0.0
 Retrying in 1 seconds
[shaping_diag] success_cum_shaping=282.39 T=104 d_init=94.1 d_final=0.0
 Retrying in 1 seconds
[shaping_diag] success_cum_shaping=282.39 T=103 d_init=94.1 d_final=0.0
 Retrying in 1 seconds
[shaping_diag] success_cum_shaping=282.39 T=103 d_init=94.1 d_final=0.0
 Retrying in 1 seconds
[shaping_diag] success_cum_shaping=282.39 T=106 d_init=94.1 d_final=0.0
 Retrying in 1 seconds
[shaping_diag] success_cum_shaping=282.39 T=104 d_init=94.1 d_final=0.0
 Retrying in 1 seconds
[shaping_diag] success_cum_shaping=282.39 T=104 d_init=94.1 d_final=0.0
 Retrying in 1 seconds
[shaping_diag] success_cum_shaping=282.39 T=103 d_init=94.1 d_final=0.0
 Retrying in 1 seconds
[shaping_diag] success_cum_shaping=282.39 T=110 d_init=94.1 d_final=0.0
 Retrying in 1 seconds
[shaping_diag] success_cum_shaping=282.39 T=103 d_init=94.1 d_final=0.0
 Retrying in 1 seconds
[shaping_diag] success_cum_shaping=282.39 T=102 d_init=94.1 d_final=0.0
 Retrying in 1 seconds
[shaping_diag] success_cum_shaping=282.39 T=105 d_init=94.1 d_final=0.0
Warning: Vehicle 'other' performs emergency braking on lane ':center_8_0' with decel=9.00, wished=5.00, severity=1.00, time=7.30.
Warning: Vehicle 'other'; junction collision with vehicle 'ego', lane=':center_8_0', gap=-1.00, time=7.70 stage=move.
 Retrying in 1 seconds
 Retrying in 1 seconds
[shaping_diag] success_cum_shaping=282.39 T=105 d_init=94.1 d_final=0.0
 Retrying in 1 seconds
[shaping_diag] success_cum_shaping=282.39 T=106 d_init=94.1 d_final=0.0
Warning: Vehicle 'other' performs emergency braking on lane ':center_8_0' with decel=9.00, wished=5.00, severity=1.00, time=7.50.
 Retrying in 1 seconds
[shaping_diag] success_cum_shaping=282.39 T=107 d_init=94.1 d_final=0.0
 Retrying in 1 seconds
[shaping_diag] success_cum_shaping=282.39 T=105 d_init=94.1 d_final=0.0
 Retrying in 1 seconds
[shaping_diag] success_cum_shaping=282.39 T=105 d_init=94.1 d_final=0.0
 Retrying in 1 seconds
[shaping_diag] success_cum_shaping=282.39 T=104 d_init=94.1 d_final=0.0
 Retrying in 1 seconds
[shaping_diag] success_cum_shaping=282.39 T=106 d_init=94.1 d_final=0.0
 Retrying in 1 seconds
[shaping_diag] success_cum_shaping=282.39 T=106 d_init=94.1 d_final=0.0
 Retrying in 1 seconds
[shaping_diag] success_cum_shaping=282.39 T=104 d_init=94.1 d_final=0.0
 Retrying in 1 seconds
[shaping_diag] success_cum_shaping=282.39 T=103 d_init=94.1 d_final=0.0
 Retrying in 1 seconds
[shaping_diag] success_cum_shaping=282.39 T=103 d_init=94.1 d_final=0.0
 Retrying in 1 seconds
[shaping_diag] success_cum_shaping=282.39 T=106 d_init=94.1 d_final=0.0
 Retrying in 1 seconds
[shaping_diag] success_cum_shaping=282.39 T=102 d_init=94.1 d_final=0.0
 Retrying in 1 seconds
[shaping_diag] success_cum_shaping=282.39 T=103 d_init=94.1 d_final=0.0
 Retrying in 1 seconds
[shaping_diag] success_cum_shaping=282.39 T=103 d_init=94.1 d_final=0.0
 Retrying in 1 seconds
[shaping_diag] success_cum_shaping=282.39 T=105 d_init=94.1 d_final=0.0
 Retrying in 1 seconds
[shaping_diag] success_cum_shaping=282.39 T=105 d_init=94.1 d_final=0.0
 Retrying in 1 seconds
[shaping_diag] success_cum_shaping=282.39 T=104 d_init=94.1 d_final=0.0
 Retrying in 1 seconds
[shaping_diag] success_cum_shaping=282.39 T=114 d_init=94.1 d_final=0.0
 Retrying in 1 seconds
[shaping_diag] success_cum_shaping=282.39 T=111 d_init=94.1 d_final=0.0
 Retrying in 1 seconds
[shaping_diag] success_cum_shaping=282.39 T=105 d_init=94.1 d_final=0.0
 Retrying in 1 seconds
[shaping_diag] success_cum_shaping=282.39 T=103 d_init=94.1 d_final=0.0
 Retrying in 1 seconds
 Retrying in 1 seconds
[shaping_diag] success_cum_shaping=282.39 T=123 d_init=94.1 d_final=0.0
 Retrying in 1 seconds
[shaping_diag] success_cum_shaping=282.39 T=105 d_init=94.1 d_final=0.0
 Retrying in 1 seconds
[shaping_diag] success_cum_shaping=282.39 T=103 d_init=94.1 d_final=0.0
 Retrying in 1 seconds
[shaping_diag] success_cum_shaping=282.39 T=103 d_init=94.1 d_final=0.0
 Retrying in 1 seconds
[shaping_diag] success_cum_shaping=282.39 T=103 d_init=94.1 d_final=0.0
Warning: Vehicle 'other' performs emergency braking on lane ':center_8_0' with decel=9.00, wished=5.00, severity=1.00, time=7.30.
 Retrying in 1 seconds
[shaping_diag] success_cum_shaping=282.39 T=106 d_init=94.1 d_final=0.0
 Retrying in 1 seconds
[shaping_diag] success_cum_shaping=282.39 T=105 d_init=94.1 d_final=0.0
 Retrying in 1 seconds
[shaping_diag] success_cum_shaping=282.39 T=104 d_init=94.1 d_final=0.0
 Retrying in 1 seconds
[shaping_diag] success_cum_shaping=282.39 T=103 d_init=94.1 d_final=0.0
Warning: Vehicle 'other' performs emergency braking on lane ':center_8_0' with decel=9.00, wished=5.00, severity=1.00, time=8.30.
 Retrying in 1 seconds
 Retrying in 1 seconds
[shaping_diag] success_cum_shaping=282.39 T=104 d_init=94.1 d_final=0.0
 Retrying in 1 seconds
[shaping_diag] success_cum_shaping=282.39 T=104 d_init=94.1 d_final=0.0
 Retrying in 1 seconds
[shaping_diag] success_cum_shaping=282.39 T=104 d_init=94.1 d_final=0.0
 Retrying in 1 seconds
[shaping_diag] success_cum_shaping=282.39 T=104 d_init=94.1 d_final=0.0
 Retrying in 1 seconds
[shaping_diag] success_cum_shaping=282.39 T=103 d_init=94.1 d_final=0.0
 Retrying in 1 seconds
[shaping_diag] success_cum_shaping=282.39 T=110 d_init=94.1 d_final=0.0
 Retrying in 1 seconds
[shaping_diag] success_cum_shaping=282.39 T=104 d_init=94.1 d_final=0.0
 Retrying in 1 seconds
[shaping_diag] success_cum_shaping=282.39 T=105 d_init=94.1 d_final=0.0
Warning: Vehicle 'other' performs emergency braking on lane ':center_8_0' with decel=9.00, wished=5.00, severity=1.00, time=7.30.
 Retrying in 1 seconds
 Retrying in 1 seconds
[shaping_diag] success_cum_shaping=282.39 T=137 d_init=94.1 d_final=0.0
 Retrying in 1 seconds
[shaping_diag] success_cum_shaping=282.39 T=105 d_init=94.1 d_final=0.0
 Retrying in 1 seconds
[shaping_diag] success_cum_shaping=282.39 T=105 d_init=94.1 d_final=0.0
 Retrying in 1 seconds
[shaping_diag] success_cum_shaping=282.39 T=103 d_init=94.1 d_final=0.0
 Retrying in 1 seconds
[shaping_diag] success_cum_shaping=282.39 T=103 d_init=94.1 d_final=0.0
 Retrying in 1 seconds
[shaping_diag] success_cum_shaping=282.39 T=128 d_init=94.1 d_final=0.0
Warning: Vehicle 'ego'; junction collision with vehicle 'other', lane=':center_4_0', gap=-1.00, time=7.40 stage=move.
 Retrying in 1 seconds
 Retrying in 1 seconds
[shaping_diag] success_cum_shaping=282.39 T=102 d_init=94.1 d_final=0.0
 Retrying in 1 seconds
[shaping_diag] success_cum_shaping=282.39 T=106 d_init=94.1 d_final=0.0
 Retrying in 1 seconds
[shaping_diag] success_cum_shaping=282.39 T=104 d_init=94.1 d_final=0.0
 Retrying in 1 seconds
[shaping_diag] success_cum_shaping=282.39 T=104 d_init=94.1 d_final=0.0
 Retrying in 1 seconds
[shaping_diag] success_cum_shaping=282.39 T=104 d_init=94.1 d_final=0.0
 Retrying in 1 seconds
[shaping_diag] success_cum_shaping=282.39 T=118 d_init=94.1 d_final=0.0
 Retrying in 1 seconds
[shaping_diag] success_cum_shaping=282.39 T=104 d_init=94.1 d_final=0.0
 Retrying in 1 seconds
[shaping_diag] success_cum_shaping=282.39 T=103 d_init=94.1 d_final=0.0
 Retrying in 1 seconds
[shaping_diag] success_cum_shaping=282.39 T=131 d_init=94.1 d_final=0.0
 Retrying in 1 seconds
[shaping_diag] success_cum_shaping=282.39 T=103 d_init=94.1 d_final=0.0
 Retrying in 1 seconds
[shaping_diag] success_cum_shaping=282.39 T=105 d_init=94.1 d_final=0.0
 Retrying in 1 seconds
[shaping_diag] success_cum_shaping=282.39 T=129 d_init=94.1 d_final=0.0
Warning: Vehicle 'other' performs emergency braking on lane ':center_8_0' with decel=9.00, wished=7.00, severity=1.00, time=7.40.
 Retrying in 1 seconds
 Retrying in 1 seconds
 Retrying in 1 seconds
[shaping_diag] success_cum_shaping=282.39 T=125 d_init=94.1 d_final=0.0
Warning: Vehicle 'ego'; collision with vehicle 'other', lane='right_out_0', gap=-0.83, time=7.80 stage=move.
 Retrying in 1 seconds
 Retrying in 1 seconds
[shaping_diag] success_cum_shaping=282.39 T=103 d_init=94.1 d_final=0.0
 Retrying in 1 seconds
[shaping_diag] success_cum_shaping=282.39 T=103 d_init=94.1 d_final=0.0
 Retrying in 1 seconds
[shaping_diag] success_cum_shaping=282.39 T=103 d_init=94.1 d_final=0.0
 Retrying in 1 seconds
[shaping_diag] success_cum_shaping=282.39 T=110 d_init=94.1 d_final=0.0
 Retrying in 1 seconds
[shaping_diag] success_cum_shaping=282.39 T=103 d_init=94.1 d_final=0.0
 Retrying in 1 seconds
[shaping_diag] success_cum_shaping=282.39 T=103 d_init=94.1 d_final=0.0
 Retrying in 1 seconds
[shaping_diag] success_cum_shaping=282.39 T=103 d_init=94.1 d_final=0.0
 Retrying in 1 seconds
[shaping_diag] success_cum_shaping=282.39 T=105 d_init=94.1 d_final=0.0
 Retrying in 1 seconds
[shaping_diag] success_cum_shaping=282.39 T=104 d_init=94.1 d_final=0.0
 Retrying in 1 seconds
[shaping_diag] success_cum_shaping=282.39 T=120 d_init=94.1 d_final=0.0
Warning: Vehicle 'ego'; junction collision with vehicle 'other', lane=':center_4_0', gap=-1.00, time=8.10 stage=move.
 Retrying in 1 seconds
 Retrying in 1 seconds
[shaping_diag] success_cum_shaping=282.39 T=110 d_init=94.1 d_final=0.0
 Retrying in 1 seconds
[shaping_diag] success_cum_shaping=282.39 T=123 d_init=94.1 d_final=0.0
 Retrying in 1 seconds
[shaping_diag] success_cum_shaping=282.39 T=103 d_init=94.1 d_final=0.0
 Retrying in 1 seconds
[shaping_diag] success_cum_shaping=282.39 T=103 d_init=94.1 d_final=0.0
Warning: Vehicle 'ego'; collision with vehicle 'other', lane='right_out_0', gap=-0.47, time=7.50 stage=move.
 Retrying in 1 seconds
 Retrying in 1 seconds
[shaping_diag] success_cum_shaping=282.39 T=112 d_init=94.1 d_final=0.0
 Retrying in 1 seconds
[shaping_diag] success_cum_shaping=282.39 T=105 d_init=94.1 d_final=0.0
 Retrying in 1 seconds
[shaping_diag] success_cum_shaping=282.39 T=104 d_init=94.1 d_final=0.0
 Retrying in 1 seconds
[shaping_diag] success_cum_shaping=282.39 T=104 d_init=94.1 d_final=0.0
 Retrying in 1 seconds
[shaping_diag] success_cum_shaping=282.39 T=104 d_init=94.1 d_final=0.0
 Retrying in 1 seconds
[shaping_diag] success_cum_shaping=282.39 T=107 d_init=94.1 d_final=0.0
 Retrying in 1 seconds
[shaping_diag] success_cum_shaping=282.39 T=117 d_init=94.1 d_final=0.0
 Retrying in 1 seconds
[shaping_diag] success_cum_shaping=282.39 T=130 d_init=94.1 d_final=0.0
 Retrying in 1 seconds
[shaping_diag] success_cum_shaping=282.39 T=103 d_init=94.1 d_final=0.0
 Retrying in 1 seconds
[shaping_diag] success_cum_shaping=282.39 T=115 d_init=94.1 d_final=0.0
 Retrying in 1 seconds
[shaping_diag] success_cum_shaping=282.39 T=104 d_init=94.1 d_final=0.0
 Retrying in 1 seconds
[shaping_diag] success_cum_shaping=282.39 T=102 d_init=94.1 d_final=0.0
 Retrying in 1 seconds
[shaping_diag] success_cum_shaping=282.39 T=105 d_init=94.1 d_final=0.0
 Retrying in 1 seconds
[shaping_diag] success_cum_shaping=282.39 T=105 d_init=94.1 d_final=0.0
 Retrying in 1 seconds
[shaping_diag] success_cum_shaping=282.39 T=106 d_init=94.1 d_final=0.0
Warning: Vehicle 'other' performs emergency braking on lane ':center_8_0' with decel=9.00, wished=5.00, severity=1.00, time=7.20.
 Retrying in 1 seconds
[shaping_diag] success_cum_shaping=282.39 T=103 d_init=94.1 d_final=0.0
 Retrying in 1 seconds
[shaping_diag] success_cum_shaping=282.39 T=105 d_init=94.1 d_final=0.0
 Retrying in 1 seconds
[shaping_diag] success_cum_shaping=282.39 T=104 d_init=94.1 d_final=0.0
 Retrying in 1 seconds
[shaping_diag] success_cum_shaping=282.39 T=103 d_init=94.1 d_final=0.0
 Retrying in 1 seconds
[shaping_diag] success_cum_shaping=282.39 T=103 d_init=94.1 d_final=0.0
 Retrying in 1 seconds
 Retrying in 1 seconds
[shaping_diag] success_cum_shaping=282.39 T=105 d_init=94.1 d_final=0.0
 Retrying in 1 seconds
[shaping_diag] success_cum_shaping=282.39 T=109 d_init=94.1 d_final=0.0
 Retrying in 1 seconds
[shaping_diag] success_cum_shaping=282.39 T=103 d_init=94.1 d_final=0.0
 Retrying in 1 seconds
[shaping_diag] success_cum_shaping=282.39 T=106 d_init=94.1 d_final=0.0
 Retrying in 1 seconds
[shaping_diag] success_cum_shaping=282.39 T=106 d_init=94.1 d_final=0.0
 Retrying in 1 seconds
[shaping_diag] success_cum_shaping=282.39 T=112 d_init=94.1 d_final=0.0
 Retrying in 1 seconds
[shaping_diag] success_cum_shaping=282.39 T=108 d_init=94.1 d_final=0.0
 Retrying in 1 seconds
[shaping_diag] success_cum_shaping=282.39 T=121 d_init=94.1 d_final=0.0
 Retrying in 1 seconds
[shaping_diag] success_cum_shaping=282.39 T=115 d_init=94.1 d_final=0.0
 Retrying in 1 seconds
[shaping_diag] success_cum_shaping=282.39 T=109 d_init=94.1 d_final=0.0
 Retrying in 1 seconds
[shaping_diag] success_cum_shaping=282.39 T=108 d_init=94.1 d_final=0.0
 Retrying in 1 seconds
[shaping_diag] success_cum_shaping=282.39 T=103 d_init=94.1 d_final=0.0
 Retrying in 1 seconds
[shaping_diag] success_cum_shaping=282.39 T=119 d_init=94.1 d_final=0.0
 Retrying in 1 seconds
[shaping_diag] success_cum_shaping=282.39 T=102 d_init=94.1 d_final=0.0
 Retrying in 1 seconds
[shaping_diag] success_cum_shaping=282.39 T=104 d_init=94.1 d_final=0.0
 Retrying in 1 seconds
[shaping_diag] success_cum_shaping=282.39 T=106 d_init=94.1 d_final=0.0
 Retrying in 1 seconds
[shaping_diag] success_cum_shaping=282.39 T=104 d_init=94.1 d_final=0.0
 Retrying in 1 seconds
[shaping_diag] success_cum_shaping=282.39 T=104 d_init=94.1 d_final=0.0
 Retrying in 1 seconds
[shaping_diag] success_cum_shaping=282.39 T=104 d_init=94.1 d_final=0.0
 Retrying in 1 seconds
[shaping_diag] success_cum_shaping=282.39 T=104 d_init=94.1 d_final=0.0
 Retrying in 1 seconds
[shaping_diag] success_cum_shaping=282.39 T=108 d_init=94.1 d_final=0.0
 Retrying in 1 seconds
[shaping_diag] success_cum_shaping=282.39 T=109 d_init=94.1 d_final=0.0
 Retrying in 1 seconds
[shaping_diag] success_cum_shaping=282.39 T=104 d_init=94.1 d_final=0.0
 Retrying in 1 seconds
[shaping_diag] success_cum_shaping=282.39 T=128 d_init=94.1 d_final=0.0
 Retrying in 1 seconds
[shaping_diag] success_cum_shaping=282.39 T=119 d_init=94.1 d_final=0.0
 Retrying in 1 seconds
[shaping_diag] success_cum_shaping=282.39 T=106 d_init=94.1 d_final=0.0
 Retrying in 1 seconds
[shaping_diag] success_cum_shaping=282.39 T=106 d_init=94.1 d_final=0.0
 Retrying in 1 seconds
[shaping_diag] success_cum_shaping=282.39 T=116 d_init=94.1 d_final=0.0
 Retrying in 1 seconds
[shaping_diag] success_cum_shaping=282.39 T=107 d_init=94.1 d_final=0.0
 Retrying in 1 seconds
[shaping_diag] success_cum_shaping=282.39 T=109 d_init=94.1 d_final=0.0
 Retrying in 1 seconds
[shaping_diag] success_cum_shaping=282.39 T=104 d_init=94.1 d_final=0.0
 Retrying in 1 seconds
[shaping_diag] success_cum_shaping=282.39 T=105 d_init=94.1 d_final=0.0
 Retrying in 1 seconds
[shaping_diag] success_cum_shaping=282.39 T=105 d_init=94.1 d_final=0.0
 Retrying in 1 seconds
[shaping_diag] success_cum_shaping=282.39 T=107 d_init=94.1 d_final=0.0
 Retrying in 1 seconds
[shaping_diag] success_cum_shaping=282.39 T=104 d_init=94.1 d_final=0.0
 Retrying in 1 seconds
[shaping_diag] success_cum_shaping=282.39 T=107 d_init=94.1 d_final=0.0
 Retrying in 1 seconds
[shaping_diag] success_cum_shaping=282.39 T=107 d_init=94.1 d_final=0.0
 Retrying in 1 seconds
 Retrying in 1 seconds
[shaping_diag] success_cum_shaping=282.39 T=102 d_init=94.1 d_final=0.0
 Retrying in 1 seconds
[shaping_diag] success_cum_shaping=282.39 T=102 d_init=94.1 d_final=0.0
 Retrying in 1 seconds
[shaping_diag] success_cum_shaping=282.39 T=102 d_init=94.1 d_final=0.0
 Retrying in 1 seconds
[shaping_diag] success_cum_shaping=282.39 T=103 d_init=94.1 d_final=0.0
 Retrying in 1 seconds
[shaping_diag] success_cum_shaping=282.39 T=102 d_init=94.1 d_final=0.0
 Retrying in 1 seconds
[shaping_diag] success_cum_shaping=282.39 T=102 d_init=94.1 d_final=0.0
 Retrying in 1 seconds
 Retrying in 1 seconds
[shaping_diag] success_cum_shaping=282.39 T=102 d_init=94.1 d_final=0.0
 Retrying in 1 seconds
[shaping_diag] success_cum_shaping=282.39 T=102 d_init=94.1 d_final=0.0
 Retrying in 1 seconds
[shaping_diag] success_cum_shaping=282.39 T=102 d_init=94.1 d_final=0.0
[drppo] step=290816 ret=370.32 coll=1 ttc=6.20
 Retrying in 1 seconds
[shaping_diag] success_cum_shaping=282.39 T=104 d_init=94.1 d_final=0.0
 Retrying in 1 seconds
[shaping_diag] success_cum_shaping=282.39 T=105 d_init=94.1 d_final=0.0
 Retrying in 1 seconds
[shaping_diag] success_cum_shaping=282.39 T=105 d_init=94.1 d_final=0.0
 Retrying in 1 seconds
[shaping_diag] success_cum_shaping=282.39 T=104 d_init=94.1 d_final=0.0
 Retrying in 1 seconds
[shaping_diag] success_cum_shaping=282.39 T=107 d_init=94.1 d_final=0.0
 Retrying in 1 seconds
[shaping_diag] success_cum_shaping=282.39 T=105 d_init=94.1 d_final=0.0
 Retrying in 1 seconds
[shaping_diag] success_cum_shaping=282.39 T=108 d_init=94.1 d_final=0.0
 Retrying in 1 seconds
[shaping_diag] success_cum_shaping=282.39 T=127 d_init=94.1 d_final=0.0
 Retrying in 1 seconds
[shaping_diag] success_cum_shaping=282.39 T=120 d_init=94.1 d_final=0.0
 Retrying in 1 seconds
[shaping_diag] success_cum_shaping=282.39 T=104 d_init=94.1 d_final=0.0
 Retrying in 1 seconds
[shaping_diag] success_cum_shaping=282.39 T=112 d_init=94.1 d_final=0.0
 Retrying in 1 seconds
[shaping_diag] success_cum_shaping=282.39 T=119 d_init=94.1 d_final=0.0
 Retrying in 1 seconds
[shaping_diag] success_cum_shaping=282.39 T=106 d_init=94.1 d_final=0.0
 Retrying in 1 seconds
[shaping_diag] success_cum_shaping=282.39 T=107 d_init=94.1 d_final=0.0
 Retrying in 1 seconds
[shaping_diag] success_cum_shaping=282.39 T=116 d_init=94.1 d_final=0.0
 Retrying in 1 seconds
[shaping_diag] success_cum_shaping=282.39 T=107 d_init=94.1 d_final=0.0
 Retrying in 1 seconds
[shaping_diag] success_cum_shaping=282.39 T=104 d_init=94.1 d_final=0.0
 Retrying in 1 seconds
[shaping_diag] success_cum_shaping=282.39 T=105 d_init=94.1 d_final=0.0
 Retrying in 1 seconds
[shaping_diag] success_cum_shaping=282.39 T=109 d_init=94.1 d_final=0.0
 Retrying in 1 seconds
[shaping_diag] success_cum_shaping=282.39 T=103 d_init=94.1 d_final=0.0
Warning: Vehicle 'other' performs emergency braking on lane ':center_8_0' with decel=9.00, wished=5.00, severity=1.00, time=7.70.
 Retrying in 1 seconds
[shaping_diag] success_cum_shaping=282.39 T=110 d_init=94.1 d_final=0.0
 Retrying in 1 seconds
 Retrying in 1 seconds
[shaping_diag] success_cum_shaping=282.39 T=109 d_init=94.1 d_final=0.0
 Retrying in 1 seconds
[shaping_diag] success_cum_shaping=282.39 T=104 d_init=94.1 d_final=0.0
 Retrying in 1 seconds
[shaping_diag] success_cum_shaping=282.39 T=104 d_init=94.1 d_final=0.0
 Retrying in 1 seconds
[shaping_diag] success_cum_shaping=282.39 T=106 d_init=94.1 d_final=0.0
 Retrying in 1 seconds
[shaping_diag] success_cum_shaping=282.39 T=123 d_init=94.1 d_final=0.0
 Retrying in 1 seconds
[shaping_diag] success_cum_shaping=282.39 T=114 d_init=94.1 d_final=0.0
 Retrying in 1 seconds
[shaping_diag] success_cum_shaping=282.39 T=106 d_init=94.1 d_final=0.0
 Retrying in 1 seconds
[shaping_diag] success_cum_shaping=282.39 T=109 d_init=94.1 d_final=0.0
 Retrying in 1 seconds
[shaping_diag] success_cum_shaping=282.39 T=107 d_init=94.1 d_final=0.0
 Retrying in 1 seconds
[shaping_diag] success_cum_shaping=282.39 T=125 d_init=94.1 d_final=0.0
 Retrying in 1 seconds
[shaping_diag] success_cum_shaping=282.39 T=105 d_init=94.1 d_final=0.0
 Retrying in 1 seconds
[shaping_diag] success_cum_shaping=282.39 T=111 d_init=94.1 d_final=0.0
Warning: Vehicle 'other' performs emergency braking on lane ':center_8_0' with decel=9.00, wished=5.00, severity=1.00, time=7.30.
 Retrying in 1 seconds
[shaping_diag] success_cum_shaping=282.39 T=105 d_init=94.1 d_final=0.0
 Retrying in 1 seconds
[shaping_diag] success_cum_shaping=282.39 T=104 d_init=94.1 d_final=0.0
 Retrying in 1 seconds
[shaping_diag] success_cum_shaping=282.39 T=107 d_init=94.1 d_final=0.0
 Retrying in 1 seconds
 Retrying in 1 seconds
[shaping_diag] success_cum_shaping=282.39 T=104 d_init=94.1 d_final=0.0
 Retrying in 1 seconds
[shaping_diag] success_cum_shaping=282.39 T=113 d_init=94.1 d_final=0.0
 Retrying in 1 seconds
[shaping_diag] success_cum_shaping=282.39 T=122 d_init=94.1 d_final=0.0
Warning: Vehicle 'other' performs emergency braking on lane ':center_8_0' with decel=9.00, wished=7.00, severity=1.00, time=7.20.
 Retrying in 1 seconds
[shaping_diag] success_cum_shaping=282.39 T=104 d_init=94.1 d_final=0.0
 Retrying in 1 seconds
[shaping_diag] success_cum_shaping=282.39 T=107 d_init=94.1 d_final=0.0
 Retrying in 1 seconds
[shaping_diag] success_cum_shaping=282.39 T=107 d_init=94.1 d_final=0.0
 Retrying in 1 seconds
 Retrying in 1 seconds
[shaping_diag] success_cum_shaping=282.39 T=115 d_init=94.1 d_final=0.0
 Retrying in 1 seconds
[shaping_diag] success_cum_shaping=282.39 T=106 d_init=94.1 d_final=0.0
 Retrying in 1 seconds
[shaping_diag] success_cum_shaping=282.39 T=119 d_init=94.1 d_final=0.0
 Retrying in 1 seconds
[shaping_diag] success_cum_shaping=282.39 T=123 d_init=94.1 d_final=0.0
 Retrying in 1 seconds
[shaping_diag] success_cum_shaping=282.39 T=108 d_init=94.1 d_final=0.0
 Retrying in 1 seconds
[shaping_diag] success_cum_shaping=282.39 T=106 d_init=94.1 d_final=0.0
 Retrying in 1 seconds
[shaping_diag] success_cum_shaping=282.39 T=111 d_init=94.1 d_final=0.0
 Retrying in 1 seconds
 Retrying in 1 seconds
[shaping_diag] success_cum_shaping=282.39 T=116 d_init=94.1 d_final=0.0
Warning: Vehicle 'ego'; collision with vehicle 'other', lane='right_out_0', gap=-0.61, time=8.20 stage=move.
 Retrying in 1 seconds
 Retrying in 1 seconds
[shaping_diag] success_cum_shaping=282.39 T=108 d_init=94.1 d_final=0.0
 Retrying in 1 seconds
[shaping_diag] success_cum_shaping=282.39 T=106 d_init=94.1 d_final=0.0
 Retrying in 1 seconds
[shaping_diag] success_cum_shaping=282.39 T=105 d_init=94.1 d_final=0.0
 Retrying in 1 seconds
[shaping_diag] success_cum_shaping=282.39 T=111 d_init=94.1 d_final=0.0
 Retrying in 1 seconds
[shaping_diag] success_cum_shaping=282.39 T=104 d_init=94.1 d_final=0.0
Warning: Vehicle 'other' performs emergency braking on lane ':center_8_0' with decel=9.00, wished=5.00, severity=1.00, time=7.60.
 Retrying in 1 seconds
[shaping_diag] success_cum_shaping=282.39 T=120 d_init=94.1 d_final=0.0
 Retrying in 1 seconds
[shaping_diag] success_cum_shaping=282.39 T=105 d_init=94.1 d_final=0.0
 Retrying in 1 seconds
[shaping_diag] success_cum_shaping=282.39 T=107 d_init=94.1 d_final=0.0
 Retrying in 1 seconds
[shaping_diag] success_cum_shaping=282.39 T=116 d_init=94.1 d_final=0.0
 Retrying in 1 seconds
[shaping_diag] success_cum_shaping=282.39 T=111 d_init=94.1 d_final=0.0
 Retrying in 1 seconds
[shaping_diag] success_cum_shaping=282.39 T=112 d_init=94.1 d_final=0.0
 Retrying in 1 seconds
[shaping_diag] success_cum_shaping=282.39 T=103 d_init=94.1 d_final=0.0
 Retrying in 1 seconds
[shaping_diag] success_cum_shaping=282.39 T=112 d_init=94.1 d_final=0.0
 Retrying in 1 seconds
[shaping_diag] success_cum_shaping=282.39 T=105 d_init=94.1 d_final=0.0
 Retrying in 1 seconds
[shaping_diag] success_cum_shaping=282.39 T=104 d_init=94.1 d_final=0.0
 Retrying in 1 seconds
[shaping_diag] success_cum_shaping=282.39 T=104 d_init=94.1 d_final=0.0
 Retrying in 1 seconds
[shaping_diag] success_cum_shaping=282.39 T=107 d_init=94.1 d_final=0.0
Warning: Vehicle 'ego'; collision with vehicle 'other', lane='right_out_0', gap=-0.23, time=8.00 stage=move.
 Retrying in 1 seconds
 Retrying in 1 seconds
[shaping_diag] success_cum_shaping=282.39 T=109 d_init=94.1 d_final=0.0
 Retrying in 1 seconds
[shaping_diag] success_cum_shaping=282.39 T=104 d_init=94.1 d_final=0.0
Warning: Vehicle 'other' performs emergency braking on lane ':center_8_0' with decel=9.00, wished=5.00, severity=1.00, time=7.60.
Warning: Vehicle 'other'; junction collision with vehicle 'ego', lane=':center_8_0', gap=-1.00, time=8.10 stage=move.
 Retrying in 1 seconds
 Retrying in 1 seconds
 Retrying in 1 seconds
[shaping_diag] success_cum_shaping=282.39 T=103 d_init=94.1 d_final=0.0
 Retrying in 1 seconds
[shaping_diag] success_cum_shaping=282.39 T=104 d_init=94.1 d_final=0.0
Warning: Vehicle 'other' performs emergency braking on lane ':center_8_0' with decel=9.00, wished=7.00, severity=1.00, time=7.80.
 Retrying in 1 seconds
 Retrying in 1 seconds
[shaping_diag] success_cum_shaping=282.39 T=113 d_init=94.1 d_final=0.0
 Retrying in 1 seconds
[shaping_diag] success_cum_shaping=282.39 T=142 d_init=94.1 d_final=0.0
 Retrying in 1 seconds
[shaping_diag] success_cum_shaping=282.39 T=119 d_init=94.1 d_final=0.0
 Retrying in 1 seconds
[shaping_diag] success_cum_shaping=282.39 T=107 d_init=94.1 d_final=0.0
 Retrying in 1 seconds
[shaping_diag] success_cum_shaping=282.39 T=114 d_init=94.1 d_final=0.0
 Retrying in 1 seconds
[shaping_diag] success_cum_shaping=282.39 T=117 d_init=94.1 d_final=0.0
 Retrying in 1 seconds
[shaping_diag] success_cum_shaping=282.39 T=105 d_init=94.1 d_final=0.0
 Retrying in 1 seconds
[shaping_diag] success_cum_shaping=282.39 T=105 d_init=94.1 d_final=0.0
 Retrying in 1 seconds
[shaping_diag] success_cum_shaping=282.39 T=110 d_init=94.1 d_final=0.0
 Retrying in 1 seconds
[shaping_diag] success_cum_shaping=282.39 T=105 d_init=94.1 d_final=0.0
 Retrying in 1 seconds
[shaping_diag] success_cum_shaping=282.39 T=106 d_init=94.1 d_final=0.0
Warning: Vehicle 'other' performs emergency braking on lane ':center_8_0' with decel=9.00, wished=7.00, severity=1.00, time=7.20.
 Retrying in 1 seconds
[shaping_diag] success_cum_shaping=282.39 T=106 d_init=94.1 d_final=0.0
 Retrying in 1 seconds
[shaping_diag] success_cum_shaping=282.39 T=107 d_init=94.1 d_final=0.0
 Retrying in 1 seconds
[shaping_diag] success_cum_shaping=282.39 T=104 d_init=94.1 d_final=0.0
 Retrying in 1 seconds
[shaping_diag] success_cum_shaping=282.39 T=107 d_init=94.1 d_final=0.0
 Retrying in 1 seconds
[shaping_diag] success_cum_shaping=282.39 T=105 d_init=94.1 d_final=0.0
 Retrying in 1 seconds
[shaping_diag] success_cum_shaping=282.39 T=104 d_init=94.1 d_final=0.0
 Retrying in 1 seconds
[shaping_diag] success_cum_shaping=282.39 T=107 d_init=94.1 d_final=0.0
 Retrying in 1 seconds
[shaping_diag] success_cum_shaping=282.39 T=106 d_init=94.1 d_final=0.0
 Retrying in 1 seconds
[shaping_diag] success_cum_shaping=282.39 T=137 d_init=94.1 d_final=0.0
 Retrying in 1 seconds
[shaping_diag] success_cum_shaping=282.39 T=113 d_init=94.1 d_final=0.0
 Retrying in 1 seconds
[shaping_diag] success_cum_shaping=282.39 T=106 d_init=94.1 d_final=0.0
 Retrying in 1 seconds
[shaping_diag] success_cum_shaping=282.39 T=133 d_init=94.1 d_final=0.0
 Retrying in 1 seconds
[shaping_diag] success_cum_shaping=282.39 T=103 d_init=94.1 d_final=0.0
 Retrying in 1 seconds
[shaping_diag] success_cum_shaping=282.39 T=105 d_init=94.1 d_final=0.0
 Retrying in 1 seconds
[shaping_diag] success_cum_shaping=282.39 T=104 d_init=94.1 d_final=0.0
Warning: Vehicle 'other' performs emergency braking on lane ':center_8_0' with decel=9.00, wished=7.00, severity=1.00, time=7.50.
 Retrying in 1 seconds
[shaping_diag] success_cum_shaping=282.39 T=109 d_init=94.1 d_final=0.0
 Retrying in 1 seconds
[shaping_diag] success_cum_shaping=282.39 T=108 d_init=94.1 d_final=0.0
 Retrying in 1 seconds
[shaping_diag] success_cum_shaping=282.39 T=106 d_init=94.1 d_final=0.0
 Retrying in 1 seconds
[shaping_diag] success_cum_shaping=282.39 T=105 d_init=94.1 d_final=0.0
 Retrying in 1 seconds
[shaping_diag] success_cum_shaping=282.39 T=105 d_init=94.1 d_final=0.0
 Retrying in 1 seconds
[shaping_diag] success_cum_shaping=282.39 T=105 d_init=94.1 d_final=0.0
 Retrying in 1 seconds
[shaping_diag] success_cum_shaping=282.39 T=106 d_init=94.1 d_final=0.0
Warning: Vehicle 'other2' performs emergency braking on lane ':center_8_0' with decel=9.00, wished=6.00, severity=1.00, time=7.80.
Warning: Vehicle 'ego'; junction collision with vehicle 'other2', lane=':center_4_0', gap=-1.00, time=8.10 stage=move.
 Retrying in 1 seconds
 Retrying in 1 seconds
 Retrying in 1 seconds
[shaping_diag] success_cum_shaping=282.39 T=108 d_init=94.1 d_final=0.0
 Retrying in 1 seconds
[shaping_diag] success_cum_shaping=282.39 T=114 d_init=94.1 d_final=0.0
 Retrying in 1 seconds
[shaping_diag] success_cum_shaping=282.39 T=137 d_init=94.1 d_final=0.0
 Retrying in 1 seconds
[shaping_diag] success_cum_shaping=282.39 T=107 d_init=94.1 d_final=0.0
 Retrying in 1 seconds
[shaping_diag] success_cum_shaping=282.39 T=113 d_init=94.1 d_final=0.0
 Retrying in 1 seconds
[shaping_diag] success_cum_shaping=282.39 T=114 d_init=94.1 d_final=0.0
 Retrying in 1 seconds
[shaping_diag] success_cum_shaping=282.39 T=125 d_init=94.1 d_final=0.0
 Retrying in 1 seconds
[shaping_diag] success_cum_shaping=282.39 T=107 d_init=94.1 d_final=0.0
 Retrying in 1 seconds
[shaping_diag] success_cum_shaping=282.39 T=111 d_init=94.1 d_final=0.0
 Retrying in 1 seconds
[shaping_diag] success_cum_shaping=282.39 T=112 d_init=94.1 d_final=0.0
 Retrying in 1 seconds
[shaping_diag] success_cum_shaping=282.39 T=109 d_init=94.1 d_final=0.0
 Retrying in 1 seconds
[shaping_diag] success_cum_shaping=282.39 T=108 d_init=94.1 d_final=0.0
 Retrying in 1 seconds
[shaping_diag] success_cum_shaping=282.39 T=106 d_init=94.1 d_final=0.0
 Retrying in 1 seconds
[shaping_diag] success_cum_shaping=282.39 T=104 d_init=94.1 d_final=0.0
 Retrying in 1 seconds
[shaping_diag] success_cum_shaping=282.39 T=115 d_init=94.1 d_final=0.0
 Retrying in 1 seconds
[shaping_diag] success_cum_shaping=282.39 T=105 d_init=94.1 d_final=0.0
 Retrying in 1 seconds
[shaping_diag] success_cum_shaping=282.39 T=107 d_init=94.1 d_final=0.0
 Retrying in 1 seconds
[shaping_diag] success_cum_shaping=282.39 T=105 d_init=94.1 d_final=0.0
 Retrying in 1 seconds
[shaping_diag] success_cum_shaping=282.39 T=105 d_init=94.1 d_final=0.0
 Retrying in 1 seconds
[shaping_diag] success_cum_shaping=282.39 T=105 d_init=94.1 d_final=0.0
 Retrying in 1 seconds
[shaping_diag] success_cum_shaping=282.39 T=103 d_init=94.1 d_final=0.0
 Retrying in 1 seconds
[shaping_diag] success_cum_shaping=282.39 T=105 d_init=94.1 d_final=0.0
 Retrying in 1 seconds
[shaping_diag] success_cum_shaping=282.39 T=107 d_init=94.1 d_final=0.0
Warning: Vehicle 'ego'; junction collision with vehicle 'other', lane=':center_4_0', gap=-1.00, time=7.70 stage=move.
 Retrying in 1 seconds
 Retrying in 1 seconds
[shaping_diag] success_cum_shaping=282.39 T=134 d_init=94.1 d_final=0.0
 Retrying in 1 seconds
[shaping_diag] success_cum_shaping=282.39 T=108 d_init=94.1 d_final=0.0
 Retrying in 1 seconds
[shaping_diag] success_cum_shaping=282.39 T=107 d_init=94.1 d_final=0.0
Warning: Vehicle 'ego'; junction collision with vehicle 'other', lane=':center_4_0', gap=-1.00, time=7.70 stage=move.
 Retrying in 1 seconds
 Retrying in 1 seconds
[shaping_diag] success_cum_shaping=282.39 T=104 d_init=94.1 d_final=0.0
 Retrying in 1 seconds
[shaping_diag] success_cum_shaping=282.39 T=110 d_init=94.1 d_final=0.0
 Retrying in 1 seconds
[shaping_diag] success_cum_shaping=282.39 T=105 d_init=94.1 d_final=0.0
 Retrying in 1 seconds
[shaping_diag] success_cum_shaping=282.39 T=106 d_init=94.1 d_final=0.0
 Retrying in 1 seconds
[shaping_diag] success_cum_shaping=282.39 T=109 d_init=94.1 d_final=0.0
 Retrying in 1 seconds
[shaping_diag] success_cum_shaping=282.39 T=104 d_init=94.1 d_final=0.0
 Retrying in 1 seconds
[shaping_diag] success_cum_shaping=282.39 T=105 d_init=94.1 d_final=0.0
 Retrying in 1 seconds
[shaping_diag] success_cum_shaping=282.39 T=103 d_init=94.1 d_final=0.0
 Retrying in 1 seconds
[shaping_diag] success_cum_shaping=282.39 T=115 d_init=94.1 d_final=0.0
 Retrying in 1 seconds
 Retrying in 1 seconds
[shaping_diag] success_cum_shaping=282.39 T=105 d_init=94.1 d_final=0.0
 Retrying in 1 seconds
[shaping_diag] success_cum_shaping=282.39 T=103 d_init=94.1 d_final=0.0
 Retrying in 1 seconds
[shaping_diag] success_cum_shaping=282.39 T=123 d_init=94.1 d_final=0.0
 Retrying in 1 seconds
[shaping_diag] success_cum_shaping=282.39 T=111 d_init=94.1 d_final=0.0
 Retrying in 1 seconds
[shaping_diag] success_cum_shaping=282.39 T=138 d_init=94.1 d_final=0.0
 Retrying in 1 seconds
[shaping_diag] success_cum_shaping=282.39 T=105 d_init=94.1 d_final=0.0
Warning: Vehicle 'other2' performs emergency braking on lane ':center_8_0' with decel=9.00, wished=5.00, severity=1.00, time=9.40.
 Retrying in 1 seconds
[shaping_diag] success_cum_shaping=282.39 T=154 d_init=94.1 d_final=0.0
 Retrying in 1 seconds
[shaping_diag] success_cum_shaping=282.39 T=104 d_init=94.1 d_final=0.0
 Retrying in 1 seconds
[shaping_diag] success_cum_shaping=282.39 T=107 d_init=94.1 d_final=0.0
 Retrying in 1 seconds
[shaping_diag] success_cum_shaping=282.39 T=106 d_init=94.1 d_final=0.0
 Retrying in 1 seconds
[shaping_diag] success_cum_shaping=282.39 T=110 d_init=94.1 d_final=0.0
 Retrying in 1 seconds
[shaping_diag] success_cum_shaping=282.39 T=121 d_init=94.1 d_final=0.0
 Retrying in 1 seconds
[shaping_diag] success_cum_shaping=282.39 T=120 d_init=94.1 d_final=0.0
Warning: Vehicle 'other' performs emergency braking on lane ':center_8_0' with decel=9.00, wished=7.00, severity=1.00, time=7.90.
 Retrying in 1 seconds
 Retrying in 1 seconds
[shaping_diag] success_cum_shaping=282.39 T=121 d_init=94.1 d_final=0.0
 Retrying in 1 seconds
[shaping_diag] success_cum_shaping=282.39 T=104 d_init=94.1 d_final=0.0
 Retrying in 1 seconds
[shaping_diag] success_cum_shaping=282.39 T=107 d_init=94.1 d_final=0.0
 Retrying in 1 seconds
[shaping_diag] success_cum_shaping=282.39 T=141 d_init=94.1 d_final=0.0
 Retrying in 1 seconds
[shaping_diag] success_cum_shaping=282.39 T=132 d_init=94.1 d_final=0.0
 Retrying in 1 seconds
[shaping_diag] success_cum_shaping=282.39 T=112 d_init=94.1 d_final=0.0
 Retrying in 1 seconds
[shaping_diag] success_cum_shaping=282.39 T=105 d_init=94.1 d_final=0.0
 Retrying in 1 seconds
[shaping_diag] success_cum_shaping=282.39 T=104 d_init=94.1 d_final=0.0
 Retrying in 1 seconds
[shaping_diag] success_cum_shaping=282.39 T=103 d_init=94.1 d_final=0.0
 Retrying in 1 seconds
[shaping_diag] success_cum_shaping=282.39 T=106 d_init=94.1 d_final=0.0
 Retrying in 1 seconds
[shaping_diag] success_cum_shaping=282.39 T=119 d_init=94.1 d_final=0.0
 Retrying in 1 seconds
[shaping_diag] success_cum_shaping=282.39 T=127 d_init=94.1 d_final=0.0
 Retrying in 1 seconds
[shaping_diag] success_cum_shaping=282.39 T=105 d_init=94.1 d_final=0.0
 Retrying in 1 seconds
[shaping_diag] success_cum_shaping=282.39 T=104 d_init=94.1 d_final=0.0
 Retrying in 1 seconds
[shaping_diag] success_cum_shaping=282.39 T=104 d_init=94.1 d_final=0.0
 Retrying in 1 seconds
[shaping_diag] success_cum_shaping=282.39 T=107 d_init=94.1 d_final=0.0
 Retrying in 1 seconds
[shaping_diag] success_cum_shaping=282.39 T=105 d_init=94.1 d_final=0.0
 Retrying in 1 seconds
[shaping_diag] success_cum_shaping=282.39 T=104 d_init=94.1 d_final=0.0
 Retrying in 1 seconds
[shaping_diag] success_cum_shaping=282.39 T=105 d_init=94.1 d_final=0.0
 Retrying in 1 seconds
[shaping_diag] success_cum_shaping=282.39 T=104 d_init=94.1 d_final=0.0
 Retrying in 1 seconds
[shaping_diag] success_cum_shaping=282.39 T=106 d_init=94.1 d_final=0.0
 Retrying in 1 seconds
[shaping_diag] success_cum_shaping=282.39 T=136 d_init=94.1 d_final=0.0
 Retrying in 1 seconds
 Retrying in 1 seconds
[shaping_diag] success_cum_shaping=282.39 T=109 d_init=94.1 d_final=0.0
 Retrying in 1 seconds
[shaping_diag] success_cum_shaping=282.39 T=105 d_init=94.1 d_final=0.0
 Retrying in 1 seconds
[shaping_diag] success_cum_shaping=282.39 T=104 d_init=94.1 d_final=0.0
 Retrying in 1 seconds
[shaping_diag] success_cum_shaping=282.39 T=104 d_init=94.1 d_final=0.0
 Retrying in 1 seconds
[shaping_diag] success_cum_shaping=282.39 T=105 d_init=94.1 d_final=0.0
 Retrying in 1 seconds
[shaping_diag] success_cum_shaping=282.39 T=107 d_init=94.1 d_final=0.0
 Retrying in 1 seconds
[shaping_diag] success_cum_shaping=282.39 T=105 d_init=94.1 d_final=0.0
 Retrying in 1 seconds
[shaping_diag] success_cum_shaping=282.39 T=105 d_init=94.1 d_final=0.0
 Retrying in 1 seconds
[shaping_diag] success_cum_shaping=282.39 T=115 d_init=94.1 d_final=0.0
 Retrying in 1 seconds
[shaping_diag] success_cum_shaping=282.39 T=133 d_init=94.1 d_final=0.0
 Retrying in 1 seconds
[shaping_diag] success_cum_shaping=282.39 T=108 d_init=94.1 d_final=0.0
 Retrying in 1 seconds
[shaping_diag] success_cum_shaping=282.39 T=106 d_init=94.1 d_final=0.0
 Retrying in 1 seconds
[shaping_diag] success_cum_shaping=282.39 T=121 d_init=94.1 d_final=0.0
 Retrying in 1 seconds
[shaping_diag] success_cum_shaping=282.39 T=145 d_init=94.1 d_final=0.0
 Retrying in 1 seconds
[shaping_diag] success_cum_shaping=282.39 T=104 d_init=94.1 d_final=0.0
 Retrying in 1 seconds
[shaping_diag] success_cum_shaping=282.39 T=139 d_init=94.1 d_final=0.0
 Retrying in 1 seconds
[shaping_diag] success_cum_shaping=282.39 T=103 d_init=94.1 d_final=0.0
 Retrying in 1 seconds
[shaping_diag] success_cum_shaping=282.39 T=110 d_init=94.1 d_final=0.0
 Retrying in 1 seconds
[shaping_diag] success_cum_shaping=282.39 T=108 d_init=94.1 d_final=0.0
 Retrying in 1 seconds
[shaping_diag] success_cum_shaping=282.39 T=105 d_init=94.1 d_final=0.0
 Retrying in 1 seconds
[shaping_diag] success_cum_shaping=282.39 T=105 d_init=94.1 d_final=0.0
 Retrying in 1 seconds
[shaping_diag] success_cum_shaping=282.39 T=103 d_init=94.1 d_final=0.0
 Retrying in 1 seconds
[shaping_diag] success_cum_shaping=282.39 T=113 d_init=94.1 d_final=0.0
 Retrying in 1 seconds
[shaping_diag] success_cum_shaping=282.39 T=104 d_init=94.1 d_final=0.0
 Retrying in 1 seconds
[shaping_diag] success_cum_shaping=282.39 T=115 d_init=94.1 d_final=0.0
 Retrying in 1 seconds
[shaping_diag] success_cum_shaping=282.39 T=105 d_init=94.1 d_final=0.0
 Retrying in 1 seconds
[shaping_diag] success_cum_shaping=282.39 T=104 d_init=94.1 d_final=0.0
 Retrying in 1 seconds
[shaping_diag] success_cum_shaping=282.39 T=105 d_init=94.1 d_final=0.0
 Retrying in 1 seconds
[shaping_diag] success_cum_shaping=282.39 T=104 d_init=94.1 d_final=0.0
 Retrying in 1 seconds
[shaping_diag] success_cum_shaping=282.39 T=138 d_init=94.1 d_final=0.0
 Retrying in 1 seconds
[shaping_diag] success_cum_shaping=282.39 T=106 d_init=94.1 d_final=0.0
 Retrying in 1 seconds
[shaping_diag] success_cum_shaping=282.39 T=124 d_init=94.1 d_final=0.0
 Retrying in 1 seconds
[shaping_diag] success_cum_shaping=282.39 T=104 d_init=94.1 d_final=0.0
 Retrying in 1 seconds
[shaping_diag] success_cum_shaping=282.39 T=106 d_init=94.1 d_final=0.0
 Retrying in 1 seconds
[shaping_diag] success_cum_shaping=282.39 T=108 d_init=94.1 d_final=0.0
 Retrying in 1 seconds
[shaping_diag] success_cum_shaping=282.39 T=104 d_init=94.1 d_final=0.0
 Retrying in 1 seconds
[shaping_diag] success_cum_shaping=282.39 T=104 d_init=94.1 d_final=0.0
 Retrying in 1 seconds
 Retrying in 1 seconds
[shaping_diag] success_cum_shaping=282.39 T=137 d_init=94.1 d_final=0.0
 Retrying in 1 seconds
[shaping_diag] success_cum_shaping=282.39 T=107 d_init=94.1 d_final=0.0
 Retrying in 1 seconds
[shaping_diag] success_cum_shaping=282.39 T=109 d_init=94.1 d_final=0.0
 Retrying in 1 seconds
[shaping_diag] success_cum_shaping=282.39 T=134 d_init=94.1 d_final=0.0
 Retrying in 1 seconds
[shaping_diag] success_cum_shaping=282.39 T=105 d_init=94.1 d_final=0.0
 Retrying in 1 seconds
[shaping_diag] success_cum_shaping=282.39 T=105 d_init=94.1 d_final=0.0
 Retrying in 1 seconds
[shaping_diag] success_cum_shaping=282.39 T=118 d_init=94.1 d_final=0.0
 Retrying in 1 seconds
[shaping_diag] success_cum_shaping=282.39 T=138 d_init=94.1 d_final=0.0
 Retrying in 1 seconds
[shaping_diag] success_cum_shaping=282.39 T=112 d_init=94.1 d_final=0.0
 Retrying in 1 seconds
[shaping_diag] success_cum_shaping=282.39 T=157 d_init=94.1 d_final=0.0
 Retrying in 1 seconds
 Retrying in 1 seconds
[shaping_diag] success_cum_shaping=282.39 T=104 d_init=94.1 d_final=0.0
 Retrying in 1 seconds
[shaping_diag] success_cum_shaping=282.39 T=107 d_init=94.1 d_final=0.0
Warning: Vehicle 'other2' performs emergency braking on lane ':center_8_0' with decel=9.00, wished=6.00, severity=1.00, time=9.40.
 Retrying in 1 seconds
 Retrying in 1 seconds
[shaping_diag] success_cum_shaping=282.39 T=103 d_init=94.1 d_final=0.0
 Retrying in 1 seconds
[shaping_diag] success_cum_shaping=282.39 T=113 d_init=94.1 d_final=0.0
 Retrying in 1 seconds
[shaping_diag] success_cum_shaping=282.39 T=113 d_init=94.1 d_final=0.0
 Retrying in 1 seconds
[shaping_diag] success_cum_shaping=282.39 T=104 d_init=94.1 d_final=0.0
 Retrying in 1 seconds
[shaping_diag] success_cum_shaping=282.39 T=103 d_init=94.1 d_final=0.0
 Retrying in 1 seconds
[shaping_diag] success_cum_shaping=282.39 T=106 d_init=94.1 d_final=0.0
 Retrying in 1 seconds
[shaping_diag] success_cum_shaping=282.39 T=103 d_init=94.1 d_final=0.0
 Retrying in 1 seconds
[shaping_diag] success_cum_shaping=282.39 T=104 d_init=94.1 d_final=0.0
 Retrying in 1 seconds
[shaping_diag] success_cum_shaping=282.39 T=124 d_init=94.1 d_final=0.0
 Retrying in 1 seconds
[shaping_diag] success_cum_shaping=282.39 T=106 d_init=94.1 d_final=0.0
 Retrying in 1 seconds
[shaping_diag] success_cum_shaping=282.39 T=127 d_init=94.1 d_final=0.0
 Retrying in 1 seconds
[shaping_diag] success_cum_shaping=282.39 T=104 d_init=94.1 d_final=0.0
Warning: Vehicle 'other2' performs emergency braking on lane ':center_8_0' with decel=9.00, wished=5.00, severity=1.00, time=9.90.
 Retrying in 1 seconds
 Retrying in 1 seconds
[shaping_diag] success_cum_shaping=282.39 T=107 d_init=94.1 d_final=0.0
 Retrying in 1 seconds
[shaping_diag] success_cum_shaping=282.39 T=104 d_init=94.1 d_final=0.0
 Retrying in 1 seconds
[shaping_diag] success_cum_shaping=282.39 T=129 d_init=94.1 d_final=0.0
 Retrying in 1 seconds
[shaping_diag] success_cum_shaping=282.39 T=107 d_init=94.1 d_final=0.0
 Retrying in 1 seconds
[shaping_diag] success_cum_shaping=282.39 T=141 d_init=94.1 d_final=0.0
 Retrying in 1 seconds
[shaping_diag] success_cum_shaping=282.39 T=104 d_init=94.1 d_final=0.0
 Retrying in 1 seconds
[shaping_diag] success_cum_shaping=282.39 T=106 d_init=94.1 d_final=0.0
 Retrying in 1 seconds
[shaping_diag] success_cum_shaping=282.39 T=103 d_init=94.1 d_final=0.0
 Retrying in 1 seconds
[shaping_diag] success_cum_shaping=282.39 T=106 d_init=94.1 d_final=0.0
 Retrying in 1 seconds
 Retrying in 1 seconds
[shaping_diag] success_cum_shaping=282.39 T=108 d_init=94.1 d_final=0.0
 Retrying in 1 seconds
[shaping_diag] success_cum_shaping=282.39 T=107 d_init=94.1 d_final=0.0
 Retrying in 1 seconds
[shaping_diag] success_cum_shaping=282.39 T=106 d_init=94.1 d_final=0.0
 Retrying in 1 seconds
[shaping_diag] success_cum_shaping=282.39 T=103 d_init=94.1 d_final=0.0
 Retrying in 1 seconds
[shaping_diag] success_cum_shaping=282.39 T=105 d_init=94.1 d_final=0.0
 Retrying in 1 seconds
[shaping_diag] success_cum_shaping=282.39 T=102 d_init=94.1 d_final=0.0
 Retrying in 1 seconds
[shaping_diag] success_cum_shaping=282.39 T=103 d_init=94.1 d_final=0.0
 Retrying in 1 seconds
[shaping_diag] success_cum_shaping=282.39 T=171 d_init=94.1 d_final=0.0
 Retrying in 1 seconds
[shaping_diag] success_cum_shaping=282.39 T=107 d_init=94.1 d_final=0.0
Warning: Vehicle 'other' performs emergency braking on lane ':center_8_0' with decel=9.00, wished=5.00, severity=1.00, time=7.40.
 Retrying in 1 seconds
[shaping_diag] success_cum_shaping=282.39 T=106 d_init=94.1 d_final=0.0
 Retrying in 1 seconds
[shaping_diag] success_cum_shaping=282.39 T=103 d_init=94.1 d_final=0.0
 Retrying in 1 seconds
[shaping_diag] success_cum_shaping=282.39 T=103 d_init=94.1 d_final=0.0
 Retrying in 1 seconds
[shaping_diag] success_cum_shaping=282.39 T=104 d_init=94.1 d_final=0.0
 Retrying in 1 seconds
[shaping_diag] success_cum_shaping=282.39 T=108 d_init=94.1 d_final=0.0
 Retrying in 1 seconds
[shaping_diag] success_cum_shaping=282.39 T=105 d_init=94.1 d_final=0.0
 Retrying in 1 seconds
[shaping_diag] success_cum_shaping=282.39 T=103 d_init=94.1 d_final=0.0
 Retrying in 1 seconds
[shaping_diag] success_cum_shaping=282.39 T=149 d_init=94.1 d_final=0.0
 Retrying in 1 seconds
[shaping_diag] success_cum_shaping=282.39 T=103 d_init=94.1 d_final=0.0
 Retrying in 1 seconds
[shaping_diag] success_cum_shaping=282.39 T=105 d_init=94.1 d_final=0.0
 Retrying in 1 seconds
[shaping_diag] success_cum_shaping=282.39 T=102 d_init=94.1 d_final=0.0
 Retrying in 1 seconds
[shaping_diag] success_cum_shaping=282.39 T=117 d_init=94.1 d_final=0.0
 Retrying in 1 seconds
[shaping_diag] success_cum_shaping=282.39 T=105 d_init=94.1 d_final=0.0
 Retrying in 1 seconds
[shaping_diag] success_cum_shaping=282.39 T=104 d_init=94.1 d_final=0.0
 Retrying in 1 seconds
[shaping_diag] success_cum_shaping=282.39 T=103 d_init=94.1 d_final=0.0
 Retrying in 1 seconds
[shaping_diag] success_cum_shaping=282.39 T=104 d_init=94.1 d_final=0.0
 Retrying in 1 seconds
[shaping_diag] success_cum_shaping=282.39 T=105 d_init=94.1 d_final=0.0
 Retrying in 1 seconds
[shaping_diag] success_cum_shaping=282.39 T=116 d_init=94.1 d_final=0.0
 Retrying in 1 seconds
[shaping_diag] success_cum_shaping=282.39 T=103 d_init=94.1 d_final=0.0
 Retrying in 1 seconds
[shaping_diag] success_cum_shaping=282.39 T=105 d_init=94.1 d_final=0.0
 Retrying in 1 seconds
[shaping_diag] success_cum_shaping=282.39 T=106 d_init=94.1 d_final=0.0
 Retrying in 1 seconds
[shaping_diag] success_cum_shaping=282.39 T=104 d_init=94.1 d_final=0.0
 Retrying in 1 seconds
[shaping_diag] success_cum_shaping=282.39 T=103 d_init=94.1 d_final=0.0
 Retrying in 1 seconds
[shaping_diag] success_cum_shaping=282.39 T=146 d_init=94.1 d_final=0.0
 Retrying in 1 seconds
[shaping_diag] success_cum_shaping=282.39 T=103 d_init=94.1 d_final=0.0
 Retrying in 1 seconds
[shaping_diag] success_cum_shaping=282.39 T=105 d_init=94.1 d_final=0.0
 Retrying in 1 seconds
[shaping_diag] success_cum_shaping=282.39 T=109 d_init=94.1 d_final=0.0
 Retrying in 1 seconds
[shaping_diag] success_cum_shaping=282.39 T=103 d_init=94.1 d_final=0.0
 Retrying in 1 seconds
 Retrying in 1 seconds
[shaping_diag] success_cum_shaping=282.39 T=102 d_init=94.1 d_final=0.0
 Retrying in 1 seconds
[shaping_diag] success_cum_shaping=282.39 T=143 d_init=94.1 d_final=0.0
 Retrying in 1 seconds
[shaping_diag] success_cum_shaping=282.39 T=148 d_init=94.1 d_final=0.0
 Retrying in 1 seconds
[shaping_diag] success_cum_shaping=282.39 T=103 d_init=94.1 d_final=0.0
 Retrying in 1 seconds
[shaping_diag] success_cum_shaping=282.39 T=129 d_init=94.1 d_final=0.0
 Retrying in 1 seconds
[shaping_diag] success_cum_shaping=282.39 T=104 d_init=94.1 d_final=0.0
 Retrying in 1 seconds
[shaping_diag] success_cum_shaping=282.39 T=104 d_init=94.1 d_final=0.0
 Retrying in 1 seconds
[shaping_diag] success_cum_shaping=282.39 T=106 d_init=94.1 d_final=0.0
 Retrying in 1 seconds
[shaping_diag] success_cum_shaping=282.39 T=104 d_init=94.1 d_final=0.0
 Retrying in 1 seconds
[shaping_diag] success_cum_shaping=282.39 T=105 d_init=94.1 d_final=0.0
 Retrying in 1 seconds
[shaping_diag] success_cum_shaping=282.39 T=105 d_init=94.1 d_final=0.0
 Retrying in 1 seconds
[shaping_diag] success_cum_shaping=282.39 T=103 d_init=94.1 d_final=0.0
 Retrying in 1 seconds
[shaping_diag] success_cum_shaping=282.39 T=105 d_init=94.1 d_final=0.0
 Retrying in 1 seconds
[shaping_diag] success_cum_shaping=282.39 T=103 d_init=94.1 d_final=0.0
 Retrying in 1 seconds
[shaping_diag] success_cum_shaping=282.39 T=104 d_init=94.1 d_final=0.0
 Retrying in 1 seconds
 Retrying in 1 seconds
[shaping_diag] success_cum_shaping=282.39 T=115 d_init=94.1 d_final=0.0
 Retrying in 1 seconds
[shaping_diag] success_cum_shaping=282.39 T=103 d_init=94.1 d_final=0.0
 Retrying in 1 seconds
[shaping_diag] success_cum_shaping=282.39 T=105 d_init=94.1 d_final=0.0
 Retrying in 1 seconds
[shaping_diag] success_cum_shaping=282.39 T=132 d_init=94.1 d_final=0.0
Warning: Vehicle 'ego'; junction collision with vehicle 'other', lane=':center_4_0', gap=-1.00, time=7.70 stage=move.
 Retrying in 1 seconds
 Retrying in 1 seconds
[shaping_diag] success_cum_shaping=282.39 T=121 d_init=94.1 d_final=0.0
 Retrying in 1 seconds
[shaping_diag] success_cum_shaping=282.39 T=106 d_init=94.1 d_final=0.0
Warning: Vehicle 'other2' performs emergency braking on lane 'left_in_0' with decel=9.00, wished=5.00, severity=1.00, time=8.30.
 Retrying in 1 seconds
[shaping_diag] success_cum_shaping=282.39 T=125 d_init=94.1 d_final=0.0
 Retrying in 1 seconds
[shaping_diag] success_cum_shaping=282.39 T=124 d_init=94.1 d_final=0.0
 Retrying in 1 seconds
[shaping_diag] success_cum_shaping=282.39 T=103 d_init=94.1 d_final=0.0
Warning: Vehicle 'other' performs emergency braking on lane ':center_8_0' with decel=9.00, wished=6.00, severity=1.00, time=7.40.
 Retrying in 1 seconds
 Retrying in 1 seconds
[shaping_diag] success_cum_shaping=282.39 T=103 d_init=94.1 d_final=0.0
 Retrying in 1 seconds
[shaping_diag] success_cum_shaping=282.39 T=129 d_init=94.1 d_final=0.0
 Retrying in 1 seconds
[shaping_diag] success_cum_shaping=282.39 T=105 d_init=94.1 d_final=0.0
Warning: Vehicle 'other' performs emergency braking on lane ':center_8_0' with decel=9.00, wished=5.00, severity=1.00, time=7.20.
 Retrying in 1 seconds
 Retrying in 1 seconds
 Retrying in 1 seconds
[shaping_diag] success_cum_shaping=282.39 T=105 d_init=94.1 d_final=0.0
 Retrying in 1 seconds
[shaping_diag] success_cum_shaping=282.39 T=103 d_init=94.1 d_final=0.0
 Retrying in 1 seconds
[shaping_diag] success_cum_shaping=282.39 T=107 d_init=94.1 d_final=0.0
 Retrying in 1 seconds
[shaping_diag] success_cum_shaping=282.39 T=126 d_init=94.1 d_final=0.0
 Retrying in 1 seconds
[shaping_diag] success_cum_shaping=282.39 T=111 d_init=94.1 d_final=0.0
 Retrying in 1 seconds
 Retrying in 1 seconds
[shaping_diag] success_cum_shaping=282.39 T=105 d_init=94.1 d_final=0.0
 Retrying in 1 seconds
[shaping_diag] success_cum_shaping=282.39 T=106 d_init=94.1 d_final=0.0
 Retrying in 1 seconds
[shaping_diag] success_cum_shaping=282.39 T=104 d_init=94.1 d_final=0.0
 Retrying in 1 seconds
[shaping_diag] success_cum_shaping=282.39 T=103 d_init=94.1 d_final=0.0
 Retrying in 1 seconds
[shaping_diag] success_cum_shaping=282.39 T=105 d_init=94.1 d_final=0.0
 Retrying in 1 seconds
[shaping_diag] success_cum_shaping=282.39 T=108 d_init=94.1 d_final=0.0
 Retrying in 1 seconds
[shaping_diag] success_cum_shaping=282.39 T=106 d_init=94.1 d_final=0.0
 Retrying in 1 seconds
[shaping_diag] success_cum_shaping=282.39 T=144 d_init=94.1 d_final=0.0
 Retrying in 1 seconds
[shaping_diag] success_cum_shaping=282.39 T=108 d_init=94.1 d_final=0.0
 Retrying in 1 seconds
[shaping_diag] success_cum_shaping=282.39 T=105 d_init=94.1 d_final=0.0
 Retrying in 1 seconds
[shaping_diag] success_cum_shaping=282.39 T=104 d_init=94.1 d_final=0.0
 Retrying in 1 seconds
[shaping_diag] success_cum_shaping=282.39 T=106 d_init=94.1 d_final=0.0
 Retrying in 1 seconds
[shaping_diag] success_cum_shaping=282.39 T=105 d_init=94.1 d_final=0.0
 Retrying in 1 seconds
[shaping_diag] success_cum_shaping=282.39 T=105 d_init=94.1 d_final=0.0
 Retrying in 1 seconds
[shaping_diag] success_cum_shaping=282.39 T=107 d_init=94.1 d_final=0.0
 Retrying in 1 seconds
[shaping_diag] success_cum_shaping=282.39 T=129 d_init=94.1 d_final=0.0
 Retrying in 1 seconds
[shaping_diag] success_cum_shaping=282.39 T=105 d_init=94.1 d_final=0.0
 Retrying in 1 seconds
[shaping_diag] success_cum_shaping=282.39 T=106 d_init=94.1 d_final=0.0
Warning: Vehicle 'other' performs emergency braking on lane ':center_8_0' with decel=9.00, wished=5.00, severity=1.00, time=7.80.
 Retrying in 1 seconds
 Retrying in 1 seconds
[shaping_diag] success_cum_shaping=282.39 T=105 d_init=94.1 d_final=0.0
 Retrying in 1 seconds
[shaping_diag] success_cum_shaping=282.39 T=114 d_init=94.1 d_final=0.0
Warning: Vehicle 'other' performs emergency braking on lane ':center_8_0' with decel=9.00, wished=5.00, severity=1.00, time=7.70.
 Retrying in 1 seconds
 Retrying in 1 seconds
[shaping_diag] success_cum_shaping=282.39 T=105 d_init=94.1 d_final=0.0
 Retrying in 1 seconds
[shaping_diag] success_cum_shaping=282.39 T=104 d_init=94.1 d_final=0.0
 Retrying in 1 seconds
[shaping_diag] success_cum_shaping=282.39 T=103 d_init=94.1 d_final=0.0
 Retrying in 1 seconds
[shaping_diag] success_cum_shaping=282.39 T=109 d_init=94.1 d_final=0.0
 Retrying in 1 seconds
[shaping_diag] success_cum_shaping=282.39 T=108 d_init=94.1 d_final=0.0
 Retrying in 1 seconds
[shaping_diag] success_cum_shaping=282.39 T=146 d_init=94.1 d_final=0.0
Warning: Vehicle 'other' performs emergency braking on lane ':center_8_0' with decel=9.00, wished=5.00, severity=1.00, time=7.50.
 Retrying in 1 seconds
 Retrying in 1 seconds
[shaping_diag] success_cum_shaping=282.39 T=106 d_init=94.1 d_final=0.0
 Retrying in 1 seconds
[shaping_diag] success_cum_shaping=282.39 T=104 d_init=94.1 d_final=0.0
 Retrying in 1 seconds
[shaping_diag] success_cum_shaping=282.39 T=104 d_init=94.1 d_final=0.0
 Retrying in 1 seconds
[shaping_diag] success_cum_shaping=282.39 T=152 d_init=94.1 d_final=0.0
Warning: Vehicle 'ego'; junction collision with vehicle 'other', lane=':center_4_0', gap=-1.00, time=7.80 stage=move.
 Retrying in 1 seconds
 Retrying in 1 seconds
[shaping_diag] success_cum_shaping=282.39 T=105 d_init=94.1 d_final=0.0
 Retrying in 1 seconds
[shaping_diag] success_cum_shaping=282.39 T=103 d_init=94.1 d_final=0.0
 Retrying in 1 seconds
[shaping_diag] success_cum_shaping=282.39 T=105 d_init=94.1 d_final=0.0
 Retrying in 1 seconds
[shaping_diag] success_cum_shaping=282.39 T=106 d_init=94.1 d_final=0.0
 Retrying in 1 seconds
 Retrying in 1 seconds
[shaping_diag] success_cum_shaping=282.39 T=102 d_init=94.1 d_final=0.0
 Retrying in 1 seconds
[shaping_diag] success_cum_shaping=282.39 T=102 d_init=94.1 d_final=0.0
 Retrying in 1 seconds
 Retrying in 1 seconds
[shaping_diag] success_cum_shaping=282.39 T=102 d_init=94.1 d_final=0.0
 Retrying in 1 seconds
[shaping_diag] success_cum_shaping=282.39 T=102 d_init=94.1 d_final=0.0
Warning: Vehicle 'other' performs emergency braking on lane ':center_8_0' with decel=9.00, wished=7.00, severity=1.00, time=7.10.
 Retrying in 1 seconds
[shaping_diag] success_cum_shaping=282.39 T=102 d_init=94.1 d_final=0.0
Warning: Vehicle 'ego'; junction collision with vehicle 'other', lane=':center_4_0', gap=-1.00, time=7.10 stage=move.
 Retrying in 1 seconds
 Retrying in 1 seconds
[shaping_diag] success_cum_shaping=282.39 T=102 d_init=94.1 d_final=0.0
 Retrying in 1 seconds
[shaping_diag] success_cum_shaping=282.39 T=102 d_init=94.1 d_final=0.0
 Retrying in 1 seconds
[shaping_diag] success_cum_shaping=282.39 T=102 d_init=94.1 d_final=0.0
[drppo] step=331776 ret=368.99 coll=2 ttc=6.28
 Retrying in 1 seconds
[shaping_diag] success_cum_shaping=282.39 T=105 d_init=94.1 d_final=0.0
 Retrying in 1 seconds
[shaping_diag] success_cum_shaping=282.39 T=114 d_init=94.1 d_final=0.0
 Retrying in 1 seconds
[shaping_diag] success_cum_shaping=282.39 T=116 d_init=94.1 d_final=0.0
 Retrying in 1 seconds
[shaping_diag] success_cum_shaping=282.39 T=105 d_init=94.1 d_final=0.0
 Retrying in 1 seconds
[shaping_diag] success_cum_shaping=282.39 T=104 d_init=94.1 d_final=0.0
 Retrying in 1 seconds
[shaping_diag] success_cum_shaping=282.39 T=104 d_init=94.1 d_final=0.0
 Retrying in 1 seconds
[shaping_diag] success_cum_shaping=282.39 T=109 d_init=94.1 d_final=0.0
 Retrying in 1 seconds
[shaping_diag] success_cum_shaping=282.39 T=114 d_init=94.1 d_final=0.0
 Retrying in 1 seconds
[shaping_diag] success_cum_shaping=282.39 T=105 d_init=94.1 d_final=0.0
 Retrying in 1 seconds
[shaping_diag] success_cum_shaping=282.39 T=105 d_init=94.1 d_final=0.0
 Retrying in 1 seconds
[shaping_diag] success_cum_shaping=282.39 T=137 d_init=94.1 d_final=0.0
 Retrying in 1 seconds
[shaping_diag] success_cum_shaping=282.39 T=103 d_init=94.1 d_final=0.0
 Retrying in 1 seconds
[shaping_diag] success_cum_shaping=282.39 T=105 d_init=94.1 d_final=0.0
 Retrying in 1 seconds
[shaping_diag] success_cum_shaping=282.39 T=103 d_init=94.1 d_final=0.0
 Retrying in 1 seconds
[shaping_diag] success_cum_shaping=282.39 T=105 d_init=94.1 d_final=0.0
 Retrying in 1 seconds
[shaping_diag] success_cum_shaping=282.39 T=105 d_init=94.1 d_final=0.0
 Retrying in 1 seconds
[shaping_diag] success_cum_shaping=282.39 T=113 d_init=94.1 d_final=0.0
 Retrying in 1 seconds
[shaping_diag] success_cum_shaping=282.39 T=104 d_init=94.1 d_final=0.0
 Retrying in 1 seconds
[shaping_diag] success_cum_shaping=282.39 T=103 d_init=94.1 d_final=0.0
 Retrying in 1 seconds
[shaping_diag] success_cum_shaping=282.39 T=104 d_init=94.1 d_final=0.0
 Retrying in 1 seconds
[shaping_diag] success_cum_shaping=282.39 T=104 d_init=94.1 d_final=0.0
 Retrying in 1 seconds
[shaping_diag] success_cum_shaping=282.39 T=105 d_init=94.1 d_final=0.0
 Retrying in 1 seconds
[shaping_diag] success_cum_shaping=282.39 T=106 d_init=94.1 d_final=0.0
 Retrying in 1 seconds
[shaping_diag] success_cum_shaping=282.39 T=106 d_init=94.1 d_final=0.0
 Retrying in 1 seconds
[shaping_diag] success_cum_shaping=282.39 T=103 d_init=94.1 d_final=0.0
 Retrying in 1 seconds
[shaping_diag] success_cum_shaping=282.39 T=135 d_init=94.1 d_final=0.0
 Retrying in 1 seconds
[shaping_diag] success_cum_shaping=282.39 T=120 d_init=94.1 d_final=0.0
 Retrying in 1 seconds
[shaping_diag] success_cum_shaping=282.39 T=106 d_init=94.1 d_final=0.0
 Retrying in 1 seconds
[shaping_diag] success_cum_shaping=282.39 T=123 d_init=94.1 d_final=0.0
 Retrying in 1 seconds
[shaping_diag] success_cum_shaping=282.39 T=113 d_init=94.1 d_final=0.0
 Retrying in 1 seconds
[shaping_diag] success_cum_shaping=282.39 T=104 d_init=94.1 d_final=0.0
 Retrying in 1 seconds
[shaping_diag] success_cum_shaping=282.39 T=107 d_init=94.1 d_final=0.0
 Retrying in 1 seconds
[shaping_diag] success_cum_shaping=282.39 T=104 d_init=94.1 d_final=0.0
 Retrying in 1 seconds
[shaping_diag] success_cum_shaping=282.39 T=105 d_init=94.1 d_final=0.0
 Retrying in 1 seconds
[shaping_diag] success_cum_shaping=282.39 T=105 d_init=94.1 d_final=0.0
 Retrying in 1 seconds
[shaping_diag] success_cum_shaping=282.39 T=103 d_init=94.1 d_final=0.0
 Retrying in 1 seconds
[shaping_diag] success_cum_shaping=282.39 T=123 d_init=94.1 d_final=0.0
 Retrying in 1 seconds
 Retrying in 1 seconds
[shaping_diag] success_cum_shaping=282.39 T=103 d_init=94.1 d_final=0.0
 Retrying in 1 seconds
[shaping_diag] success_cum_shaping=282.39 T=104 d_init=94.1 d_final=0.0
 Retrying in 1 seconds
[shaping_diag] success_cum_shaping=282.39 T=106 d_init=94.1 d_final=0.0
 Retrying in 1 seconds
[shaping_diag] success_cum_shaping=282.39 T=120 d_init=94.1 d_final=0.0
 Retrying in 1 seconds
[shaping_diag] success_cum_shaping=282.39 T=110 d_init=94.1 d_final=0.0
 Retrying in 1 seconds
[shaping_diag] success_cum_shaping=282.39 T=103 d_init=94.1 d_final=0.0
 Retrying in 1 seconds
[shaping_diag] success_cum_shaping=282.39 T=105 d_init=94.1 d_final=0.0
 Retrying in 1 seconds
[shaping_diag] success_cum_shaping=282.39 T=112 d_init=94.1 d_final=0.0
 Retrying in 1 seconds
[shaping_diag] success_cum_shaping=282.39 T=104 d_init=94.1 d_final=0.0
 Retrying in 1 seconds
[shaping_diag] success_cum_shaping=282.39 T=104 d_init=94.1 d_final=0.0
 Retrying in 1 seconds
[shaping_diag] success_cum_shaping=282.39 T=113 d_init=94.1 d_final=0.0
 Retrying in 1 seconds
[shaping_diag] success_cum_shaping=282.39 T=105 d_init=94.1 d_final=0.0
 Retrying in 1 seconds
[shaping_diag] success_cum_shaping=282.39 T=109 d_init=94.1 d_final=0.0
 Retrying in 1 seconds
[shaping_diag] success_cum_shaping=282.39 T=104 d_init=94.1 d_final=0.0
Warning: Vehicle 'ego'; collision with vehicle 'other', lane='right_out_0', gap=-1.27, time=8.20 stage=move.
 Retrying in 1 seconds
 Retrying in 1 seconds
[shaping_diag] success_cum_shaping=282.39 T=103 d_init=94.1 d_final=0.0
 Retrying in 1 seconds
[shaping_diag] success_cum_shaping=282.39 T=105 d_init=94.1 d_final=0.0
 Retrying in 1 seconds
[shaping_diag] success_cum_shaping=282.39 T=104 d_init=94.1 d_final=0.0
 Retrying in 1 seconds
[shaping_diag] success_cum_shaping=282.39 T=108 d_init=94.1 d_final=0.0
 Retrying in 1 seconds
[shaping_diag] success_cum_shaping=282.39 T=106 d_init=94.1 d_final=0.0
 Retrying in 1 seconds
[shaping_diag] success_cum_shaping=282.39 T=106 d_init=94.1 d_final=0.0
 Retrying in 1 seconds
[shaping_diag] success_cum_shaping=282.39 T=103 d_init=94.1 d_final=0.0
 Retrying in 1 seconds
[shaping_diag] success_cum_shaping=282.39 T=144 d_init=94.1 d_final=0.0
 Retrying in 1 seconds
[shaping_diag] success_cum_shaping=282.39 T=105 d_init=94.1 d_final=0.0
 Retrying in 1 seconds
[shaping_diag] success_cum_shaping=282.39 T=105 d_init=94.1 d_final=0.0
 Retrying in 1 seconds
[shaping_diag] success_cum_shaping=282.39 T=114 d_init=94.1 d_final=0.0
Warning: Vehicle 'other' performs emergency braking on lane ':center_8_0' with decel=9.00, wished=7.00, severity=1.00, time=7.70.
 Retrying in 1 seconds
[shaping_diag] success_cum_shaping=282.39 T=111 d_init=94.1 d_final=0.0
 Retrying in 1 seconds
[shaping_diag] success_cum_shaping=282.39 T=105 d_init=94.1 d_final=0.0
 Retrying in 1 seconds
[shaping_diag] success_cum_shaping=282.39 T=103 d_init=94.1 d_final=0.0
 Retrying in 1 seconds
[shaping_diag] success_cum_shaping=282.39 T=105 d_init=94.1 d_final=0.0
 Retrying in 1 seconds
[shaping_diag] success_cum_shaping=282.39 T=104 d_init=94.1 d_final=0.0
 Retrying in 1 seconds
[shaping_diag] success_cum_shaping=282.39 T=107 d_init=94.1 d_final=0.0
 Retrying in 1 seconds
[shaping_diag] success_cum_shaping=282.39 T=103 d_init=94.1 d_final=0.0
 Retrying in 1 seconds
[shaping_diag] success_cum_shaping=282.39 T=107 d_init=94.1 d_final=0.0
 Retrying in 1 seconds
[shaping_diag] success_cum_shaping=282.39 T=104 d_init=94.1 d_final=0.0
Warning: Vehicle 'other' performs emergency braking on lane ':center_8_0' with decel=9.00, wished=5.00, severity=1.00, time=7.70.
Warning: Vehicle 'ego'; junction collision with vehicle 'other', lane=':center_4_0', gap=-1.00, time=7.90 stage=move.
 Retrying in 1 seconds
 Retrying in 1 seconds
[shaping_diag] success_cum_shaping=282.39 T=106 d_init=94.1 d_final=0.0
 Retrying in 1 seconds
[shaping_diag] success_cum_shaping=282.39 T=104 d_init=94.1 d_final=0.0
 Retrying in 1 seconds
 Retrying in 1 seconds
[shaping_diag] success_cum_shaping=282.39 T=116 d_init=94.1 d_final=0.0
 Retrying in 1 seconds
[shaping_diag] success_cum_shaping=282.39 T=106 d_init=94.1 d_final=0.0
 Retrying in 1 seconds
[shaping_diag] success_cum_shaping=282.39 T=103 d_init=94.1 d_final=0.0
Warning: Vehicle 'other' performs emergency braking on lane ':center_8_0' with decel=9.00, wished=7.00, severity=1.00, time=7.40.
 Retrying in 1 seconds
[shaping_diag] success_cum_shaping=282.39 T=107 d_init=94.1 d_final=0.0
 Retrying in 1 seconds
[shaping_diag] success_cum_shaping=282.39 T=105 d_init=94.1 d_final=0.0
Warning: Vehicle 'other2' performs emergency braking on lane ':center_8_0' with decel=9.00, wished=7.00, severity=1.00, time=8.50.
 Retrying in 1 seconds
[shaping_diag] success_cum_shaping=282.39 T=123 d_init=94.1 d_final=0.0
 Retrying in 1 seconds
[shaping_diag] success_cum_shaping=282.39 T=103 d_init=94.1 d_final=0.0
 Retrying in 1 seconds
[shaping_diag] success_cum_shaping=282.39 T=129 d_init=94.1 d_final=0.0
 Retrying in 1 seconds
[shaping_diag] success_cum_shaping=282.39 T=108 d_init=94.1 d_final=0.0
 Retrying in 1 seconds
[shaping_diag] success_cum_shaping=282.39 T=121 d_init=94.1 d_final=0.0
 Retrying in 1 seconds
[shaping_diag] success_cum_shaping=282.39 T=130 d_init=94.1 d_final=0.0
 Retrying in 1 seconds
[shaping_diag] success_cum_shaping=282.39 T=104 d_init=94.1 d_final=0.0
 Retrying in 1 seconds
[shaping_diag] success_cum_shaping=282.39 T=107 d_init=94.1 d_final=0.0
 Retrying in 1 seconds
[shaping_diag] success_cum_shaping=282.39 T=112 d_init=94.1 d_final=0.0
 Retrying in 1 seconds
[shaping_diag] success_cum_shaping=282.39 T=104 d_init=94.1 d_final=0.0
 Retrying in 1 seconds
[shaping_diag] success_cum_shaping=282.39 T=109 d_init=94.1 d_final=0.0
 Retrying in 1 seconds
[shaping_diag] success_cum_shaping=282.39 T=103 d_init=94.1 d_final=0.0
 Retrying in 1 seconds
[shaping_diag] success_cum_shaping=282.39 T=103 d_init=94.1 d_final=0.0
 Retrying in 1 seconds
[shaping_diag] success_cum_shaping=282.39 T=110 d_init=94.1 d_final=0.0
 Retrying in 1 seconds
[shaping_diag] success_cum_shaping=282.39 T=104 d_init=94.1 d_final=0.0
 Retrying in 1 seconds
[shaping_diag] success_cum_shaping=282.39 T=105 d_init=94.1 d_final=0.0
 Retrying in 1 seconds
[shaping_diag] success_cum_shaping=282.39 T=104 d_init=94.1 d_final=0.0
 Retrying in 1 seconds
[shaping_diag] success_cum_shaping=282.39 T=129 d_init=94.1 d_final=0.0
 Retrying in 1 seconds
[shaping_diag] success_cum_shaping=282.39 T=143 d_init=94.1 d_final=0.0
 Retrying in 1 seconds
[shaping_diag] success_cum_shaping=282.39 T=107 d_init=94.1 d_final=0.0
 Retrying in 1 seconds
[shaping_diag] success_cum_shaping=282.39 T=128 d_init=94.1 d_final=0.0
 Retrying in 1 seconds
[shaping_diag] success_cum_shaping=282.39 T=103 d_init=94.1 d_final=0.0
 Retrying in 1 seconds
[shaping_diag] success_cum_shaping=282.39 T=113 d_init=94.1 d_final=0.0
 Retrying in 1 seconds
[shaping_diag] success_cum_shaping=282.39 T=104 d_init=94.1 d_final=0.0
 Retrying in 1 seconds
[shaping_diag] success_cum_shaping=282.39 T=107 d_init=94.1 d_final=0.0
 Retrying in 1 seconds
[shaping_diag] success_cum_shaping=282.39 T=107 d_init=94.1 d_final=0.0
 Retrying in 1 seconds
[shaping_diag] success_cum_shaping=282.39 T=106 d_init=94.1 d_final=0.0
 Retrying in 1 seconds
[shaping_diag] success_cum_shaping=282.39 T=106 d_init=94.1 d_final=0.0
 Retrying in 1 seconds
[shaping_diag] success_cum_shaping=282.39 T=103 d_init=94.1 d_final=0.0
 Retrying in 1 seconds
[shaping_diag] success_cum_shaping=282.39 T=114 d_init=94.1 d_final=0.0
Warning: Vehicle 'other' performs emergency braking on lane ':center_8_0' with decel=9.00, wished=7.00, severity=1.00, time=7.90.
Warning: Vehicle 'ego'; junction collision with vehicle 'other', lane=':center_4_0', gap=-1.00, time=7.50 stage=move.
 Retrying in 1 seconds
 Retrying in 1 seconds
 Retrying in 1 seconds
 Retrying in 1 seconds
[shaping_diag] success_cum_shaping=282.39 T=103 d_init=94.1 d_final=0.0
 Retrying in 1 seconds
[shaping_diag] success_cum_shaping=282.39 T=105 d_init=94.1 d_final=0.0
 Retrying in 1 seconds
[shaping_diag] success_cum_shaping=282.39 T=104 d_init=94.1 d_final=0.0
 Retrying in 1 seconds
[shaping_diag] success_cum_shaping=282.39 T=104 d_init=94.1 d_final=0.0
 Retrying in 1 seconds
[shaping_diag] success_cum_shaping=282.39 T=104 d_init=94.1 d_final=0.0
 Retrying in 1 seconds
[shaping_diag] success_cum_shaping=282.39 T=104 d_init=94.1 d_final=0.0
 Retrying in 1 seconds
[shaping_diag] success_cum_shaping=282.39 T=111 d_init=94.1 d_final=0.0
 Retrying in 1 seconds
[shaping_diag] success_cum_shaping=282.39 T=103 d_init=94.1 d_final=0.0
 Retrying in 1 seconds
[shaping_diag] success_cum_shaping=282.39 T=104 d_init=94.1 d_final=0.0
 Retrying in 1 seconds
[shaping_diag] success_cum_shaping=282.39 T=105 d_init=94.1 d_final=0.0
 Retrying in 1 seconds
[shaping_diag] success_cum_shaping=282.39 T=106 d_init=94.1 d_final=0.0
 Retrying in 1 seconds
[shaping_diag] success_cum_shaping=282.39 T=104 d_init=94.1 d_final=0.0
 Retrying in 1 seconds
[shaping_diag] success_cum_shaping=282.39 T=103 d_init=94.1 d_final=0.0
 Retrying in 1 seconds
[shaping_diag] success_cum_shaping=282.39 T=103 d_init=94.1 d_final=0.0
 Retrying in 1 seconds
[shaping_diag] success_cum_shaping=282.39 T=113 d_init=94.1 d_final=0.0
 Retrying in 1 seconds
[shaping_diag] success_cum_shaping=282.39 T=104 d_init=94.1 d_final=0.0
 Retrying in 1 seconds
[shaping_diag] success_cum_shaping=282.39 T=104 d_init=94.1 d_final=0.0
 Retrying in 1 seconds
[shaping_diag] success_cum_shaping=282.39 T=104 d_init=94.1 d_final=0.0
 Retrying in 1 seconds
[shaping_diag] success_cum_shaping=282.39 T=123 d_init=94.1 d_final=0.0
 Retrying in 1 seconds
[shaping_diag] success_cum_shaping=282.39 T=105 d_init=94.1 d_final=0.0
 Retrying in 1 seconds
[shaping_diag] success_cum_shaping=282.39 T=104 d_init=94.1 d_final=0.0
 Retrying in 1 seconds
[shaping_diag] success_cum_shaping=282.39 T=103 d_init=94.1 d_final=0.0
 Retrying in 1 seconds
[shaping_diag] success_cum_shaping=282.39 T=104 d_init=94.1 d_final=0.0
 Retrying in 1 seconds
[shaping_diag] success_cum_shaping=282.39 T=106 d_init=94.1 d_final=0.0
 Retrying in 1 seconds
[shaping_diag] success_cum_shaping=282.39 T=104 d_init=94.1 d_final=0.0
 Retrying in 1 seconds
[shaping_diag] success_cum_shaping=282.39 T=104 d_init=94.1 d_final=0.0
 Retrying in 1 seconds
[shaping_diag] success_cum_shaping=282.39 T=112 d_init=94.1 d_final=0.0
 Retrying in 1 seconds
[shaping_diag] success_cum_shaping=282.39 T=103 d_init=94.1 d_final=0.0
 Retrying in 1 seconds
[shaping_diag] success_cum_shaping=282.39 T=105 d_init=94.1 d_final=0.0
 Retrying in 1 seconds
[shaping_diag] success_cum_shaping=282.39 T=115 d_init=94.1 d_final=0.0
 Retrying in 1 seconds
[shaping_diag] success_cum_shaping=282.39 T=104 d_init=94.1 d_final=0.0
 Retrying in 1 seconds
[shaping_diag] success_cum_shaping=282.39 T=104 d_init=94.1 d_final=0.0
 Retrying in 1 seconds
[shaping_diag] success_cum_shaping=282.39 T=105 d_init=94.1 d_final=0.0
 Retrying in 1 seconds
[shaping_diag] success_cum_shaping=282.39 T=104 d_init=94.1 d_final=0.0
 Retrying in 1 seconds
[shaping_diag] success_cum_shaping=282.39 T=104 d_init=94.1 d_final=0.0
 Retrying in 1 seconds
[shaping_diag] success_cum_shaping=282.39 T=105 d_init=94.1 d_final=0.0
 Retrying in 1 seconds
[shaping_diag] success_cum_shaping=282.39 T=105 d_init=94.1 d_final=0.0
 Retrying in 1 seconds
[shaping_diag] success_cum_shaping=282.39 T=105 d_init=94.1 d_final=0.0
 Retrying in 1 seconds
 Retrying in 1 seconds
[shaping_diag] success_cum_shaping=282.39 T=116 d_init=94.1 d_final=0.0
 Retrying in 1 seconds
[shaping_diag] success_cum_shaping=282.39 T=106 d_init=94.1 d_final=0.0
 Retrying in 1 seconds
[shaping_diag] success_cum_shaping=282.39 T=113 d_init=94.1 d_final=0.0
 Retrying in 1 seconds
[shaping_diag] success_cum_shaping=282.39 T=105 d_init=94.1 d_final=0.0
 Retrying in 1 seconds
[shaping_diag] success_cum_shaping=282.39 T=104 d_init=94.1 d_final=0.0
Warning: Vehicle 'other' performs emergency braking on lane ':center_8_0' with decel=9.00, wished=5.00, severity=1.00, time=7.50.
 Retrying in 1 seconds
[shaping_diag] success_cum_shaping=282.39 T=107 d_init=94.1 d_final=0.0
 Retrying in 1 seconds
[shaping_diag] success_cum_shaping=282.39 T=104 d_init=94.1 d_final=0.0
 Retrying in 1 seconds
[shaping_diag] success_cum_shaping=282.39 T=130 d_init=94.1 d_final=0.0
 Retrying in 1 seconds
[shaping_diag] success_cum_shaping=282.39 T=105 d_init=94.1 d_final=0.0
 Retrying in 1 seconds
[shaping_diag] success_cum_shaping=282.39 T=105 d_init=94.1 d_final=0.0
 Retrying in 1 seconds
[shaping_diag] success_cum_shaping=282.39 T=104 d_init=94.1 d_final=0.0
 Retrying in 1 seconds
[shaping_diag] success_cum_shaping=282.39 T=103 d_init=94.1 d_final=0.0
 Retrying in 1 seconds
[shaping_diag] success_cum_shaping=282.39 T=103 d_init=94.1 d_final=0.0
 Retrying in 1 seconds
[shaping_diag] success_cum_shaping=282.39 T=106 d_init=94.1 d_final=0.0
 Retrying in 1 seconds
[shaping_diag] success_cum_shaping=282.39 T=103 d_init=94.1 d_final=0.0
 Retrying in 1 seconds
[shaping_diag] success_cum_shaping=282.39 T=104 d_init=94.1 d_final=0.0
 Retrying in 1 seconds
[shaping_diag] success_cum_shaping=282.39 T=125 d_init=94.1 d_final=0.0
 Retrying in 1 seconds
[shaping_diag] success_cum_shaping=282.39 T=103 d_init=94.1 d_final=0.0
 Retrying in 1 seconds
[shaping_diag] success_cum_shaping=282.39 T=103 d_init=94.1 d_final=0.0
 Retrying in 1 seconds
[shaping_diag] success_cum_shaping=282.39 T=103 d_init=94.1 d_final=0.0
 Retrying in 1 seconds
[shaping_diag] success_cum_shaping=282.39 T=114 d_init=94.1 d_final=0.0
 Retrying in 1 seconds
[shaping_diag] success_cum_shaping=282.39 T=104 d_init=94.1 d_final=0.0
 Retrying in 1 seconds
[shaping_diag] success_cum_shaping=282.39 T=106 d_init=94.1 d_final=0.0
 Retrying in 1 seconds
[shaping_diag] success_cum_shaping=282.39 T=105 d_init=94.1 d_final=0.0
 Retrying in 1 seconds
[shaping_diag] success_cum_shaping=282.39 T=104 d_init=94.1 d_final=0.0
 Retrying in 1 seconds
[shaping_diag] success_cum_shaping=282.39 T=105 d_init=94.1 d_final=0.0
 Retrying in 1 seconds
[shaping_diag] success_cum_shaping=282.39 T=106 d_init=94.1 d_final=0.0
 Retrying in 1 seconds
[shaping_diag] success_cum_shaping=282.39 T=123 d_init=94.1 d_final=0.0
 Retrying in 1 seconds
[shaping_diag] success_cum_shaping=282.39 T=103 d_init=94.1 d_final=0.0
 Retrying in 1 seconds
[shaping_diag] success_cum_shaping=282.39 T=118 d_init=94.1 d_final=0.0
 Retrying in 1 seconds
[shaping_diag] success_cum_shaping=282.39 T=103 d_init=94.1 d_final=0.0
 Retrying in 1 seconds
[shaping_diag] success_cum_shaping=282.39 T=103 d_init=94.1 d_final=0.0
 Retrying in 1 seconds
[shaping_diag] success_cum_shaping=282.39 T=105 d_init=94.1 d_final=0.0
 Retrying in 1 seconds
[shaping_diag] success_cum_shaping=282.39 T=105 d_init=94.1 d_final=0.0
 Retrying in 1 seconds
[shaping_diag] success_cum_shaping=282.39 T=104 d_init=94.1 d_final=0.0
 Retrying in 1 seconds
[shaping_diag] success_cum_shaping=282.39 T=103 d_init=94.1 d_final=0.0
 Retrying in 1 seconds
[shaping_diag] success_cum_shaping=282.39 T=103 d_init=94.1 d_final=0.0
 Retrying in 1 seconds
[shaping_diag] success_cum_shaping=282.39 T=110 d_init=94.1 d_final=0.0
 Retrying in 1 seconds
 Retrying in 1 seconds
[shaping_diag] success_cum_shaping=282.39 T=108 d_init=94.1 d_final=0.0
 Retrying in 1 seconds
[shaping_diag] success_cum_shaping=282.39 T=103 d_init=94.1 d_final=0.0
 Retrying in 1 seconds
[shaping_diag] success_cum_shaping=282.39 T=103 d_init=94.1 d_final=0.0
 Retrying in 1 seconds
[shaping_diag] success_cum_shaping=282.39 T=103 d_init=94.1 d_final=0.0
 Retrying in 1 seconds
[shaping_diag] success_cum_shaping=282.39 T=103 d_init=94.1 d_final=0.0
 Retrying in 1 seconds
[shaping_diag] success_cum_shaping=282.39 T=104 d_init=94.1 d_final=0.0
 Retrying in 1 seconds
[shaping_diag] success_cum_shaping=282.39 T=104 d_init=94.1 d_final=0.0
 Retrying in 1 seconds
[shaping_diag] success_cum_shaping=282.39 T=105 d_init=94.1 d_final=0.0
 Retrying in 1 seconds
[shaping_diag] success_cum_shaping=282.39 T=103 d_init=94.1 d_final=0.0
 Retrying in 1 seconds
[shaping_diag] success_cum_shaping=282.39 T=104 d_init=94.1 d_final=0.0
 Retrying in 1 seconds
[shaping_diag] success_cum_shaping=282.39 T=105 d_init=94.1 d_final=0.0
 Retrying in 1 seconds
[shaping_diag] success_cum_shaping=282.39 T=103 d_init=94.1 d_final=0.0
 Retrying in 1 seconds
[shaping_diag] success_cum_shaping=282.39 T=105 d_init=94.1 d_final=0.0
 Retrying in 1 seconds
[shaping_diag] success_cum_shaping=282.39 T=103 d_init=94.1 d_final=0.0
 Retrying in 1 seconds
[shaping_diag] success_cum_shaping=282.39 T=105 d_init=94.1 d_final=0.0
 Retrying in 1 seconds
[shaping_diag] success_cum_shaping=282.39 T=103 d_init=94.1 d_final=0.0
 Retrying in 1 seconds
[shaping_diag] success_cum_shaping=282.39 T=105 d_init=94.1 d_final=0.0
 Retrying in 1 seconds
[shaping_diag] success_cum_shaping=282.39 T=104 d_init=94.1 d_final=0.0
 Retrying in 1 seconds
[shaping_diag] success_cum_shaping=282.39 T=103 d_init=94.1 d_final=0.0
 Retrying in 1 seconds
[shaping_diag] success_cum_shaping=282.39 T=112 d_init=94.1 d_final=0.0
 Retrying in 1 seconds
[shaping_diag] success_cum_shaping=282.39 T=105 d_init=94.1 d_final=0.0
 Retrying in 1 seconds
[shaping_diag] success_cum_shaping=282.39 T=121 d_init=94.1 d_final=0.0
 Retrying in 1 seconds
[shaping_diag] success_cum_shaping=282.39 T=104 d_init=94.1 d_final=0.0
 Retrying in 1 seconds
[shaping_diag] success_cum_shaping=282.39 T=103 d_init=94.1 d_final=0.0
 Retrying in 1 seconds
[shaping_diag] success_cum_shaping=282.39 T=104 d_init=94.1 d_final=0.0
 Retrying in 1 seconds
[shaping_diag] success_cum_shaping=282.39 T=106 d_init=94.1 d_final=0.0
 Retrying in 1 seconds
[shaping_diag] success_cum_shaping=282.39 T=104 d_init=94.1 d_final=0.0
 Retrying in 1 seconds
[shaping_diag] success_cum_shaping=282.39 T=105 d_init=94.1 d_final=0.0
 Retrying in 1 seconds
[shaping_diag] success_cum_shaping=282.39 T=103 d_init=94.1 d_final=0.0
 Retrying in 1 seconds
[shaping_diag] success_cum_shaping=282.39 T=105 d_init=94.1 d_final=0.0
 Retrying in 1 seconds
[shaping_diag] success_cum_shaping=282.39 T=104 d_init=94.1 d_final=0.0
 Retrying in 1 seconds
[shaping_diag] success_cum_shaping=282.39 T=115 d_init=94.1 d_final=0.0
 Retrying in 1 seconds
[shaping_diag] success_cum_shaping=282.39 T=103 d_init=94.1 d_final=0.0
Warning: Vehicle 'other' performs emergency braking on lane ':center_8_0' with decel=9.00, wished=7.00, severity=1.00, time=7.30.
 Retrying in 1 seconds
[shaping_diag] success_cum_shaping=282.39 T=106 d_init=94.1 d_final=0.0
 Retrying in 1 seconds
[shaping_diag] success_cum_shaping=282.39 T=104 d_init=94.1 d_final=0.0
 Retrying in 1 seconds
[shaping_diag] success_cum_shaping=282.39 T=114 d_init=94.1 d_final=0.0
Warning: Vehicle 'ego'; collision with vehicle 'other', lane='right_out_0', gap=-1.28, time=7.90 stage=move.
Warning: Vehicle 'other' performs emergency braking on lane ':center_8_0' with decel=9.00, wished=5.00, severity=1.00, time=7.20.
 Retrying in 1 seconds
 Retrying in 1 seconds
[shaping_diag] success_cum_shaping=282.39 T=104 d_init=94.1 d_final=0.0
 Retrying in 1 seconds
[shaping_diag] success_cum_shaping=282.39 T=104 d_init=94.1 d_final=0.0
 Retrying in 1 seconds
 Retrying in 1 seconds
[shaping_diag] success_cum_shaping=282.39 T=102 d_init=94.1 d_final=0.0
 Retrying in 1 seconds
[shaping_diag] success_cum_shaping=282.39 T=102 d_init=94.1 d_final=0.0
 Retrying in 1 seconds
[shaping_diag] success_cum_shaping=282.39 T=105 d_init=94.1 d_final=0.0
 Retrying in 1 seconds
[shaping_diag] success_cum_shaping=282.39 T=104 d_init=94.1 d_final=0.0
 Retrying in 1 seconds
[shaping_diag] success_cum_shaping=282.39 T=103 d_init=94.1 d_final=0.0
 Retrying in 1 seconds
[shaping_diag] success_cum_shaping=282.39 T=103 d_init=94.1 d_final=0.0
 Retrying in 1 seconds
[shaping_diag] success_cum_shaping=282.39 T=127 d_init=94.1 d_final=0.0
 Retrying in 1 seconds
[shaping_diag] success_cum_shaping=282.39 T=103 d_init=94.1 d_final=0.0
 Retrying in 1 seconds
[shaping_diag] success_cum_shaping=282.39 T=104 d_init=94.1 d_final=0.0
 Retrying in 1 seconds
[shaping_diag] success_cum_shaping=282.39 T=103 d_init=94.1 d_final=0.0
 Retrying in 1 seconds
[shaping_diag] success_cum_shaping=282.39 T=102 d_init=94.1 d_final=0.0
 Retrying in 1 seconds
[shaping_diag] success_cum_shaping=282.39 T=103 d_init=94.1 d_final=0.0
Warning: Vehicle 'other' performs emergency braking on lane ':center_8_0' with decel=9.00, wished=6.00, severity=1.00, time=7.30.
 Retrying in 1 seconds
 Retrying in 1 seconds
[shaping_diag] success_cum_shaping=282.39 T=114 d_init=94.1 d_final=0.0
 Retrying in 1 seconds
[shaping_diag] success_cum_shaping=282.39 T=103 d_init=94.1 d_final=0.0
 Retrying in 1 seconds
[shaping_diag] success_cum_shaping=282.39 T=103 d_init=94.1 d_final=0.0
 Retrying in 1 seconds
[shaping_diag] success_cum_shaping=282.39 T=104 d_init=94.1 d_final=0.0
 Retrying in 1 seconds
[shaping_diag] success_cum_shaping=282.39 T=104 d_init=94.1 d_final=0.0
 Retrying in 1 seconds
[shaping_diag] success_cum_shaping=282.39 T=104 d_init=94.1 d_final=0.0
 Retrying in 1 seconds
[shaping_diag] success_cum_shaping=282.39 T=103 d_init=94.1 d_final=0.0
 Retrying in 1 seconds
[shaping_diag] success_cum_shaping=282.39 T=103 d_init=94.1 d_final=0.0
 Retrying in 1 seconds
[shaping_diag] success_cum_shaping=282.39 T=104 d_init=94.1 d_final=0.0
 Retrying in 1 seconds
[shaping_diag] success_cum_shaping=282.39 T=104 d_init=94.1 d_final=0.0
 Retrying in 1 seconds
[shaping_diag] success_cum_shaping=282.39 T=103 d_init=94.1 d_final=0.0
 Retrying in 1 seconds
[shaping_diag] success_cum_shaping=282.39 T=103 d_init=94.1 d_final=0.0
 Retrying in 1 seconds
[shaping_diag] success_cum_shaping=282.39 T=104 d_init=94.1 d_final=0.0
 Retrying in 1 seconds
[shaping_diag] success_cum_shaping=282.39 T=103 d_init=94.1 d_final=0.0
 Retrying in 1 seconds
[shaping_diag] success_cum_shaping=282.39 T=107 d_init=94.1 d_final=0.0
 Retrying in 1 seconds
[shaping_diag] success_cum_shaping=282.39 T=103 d_init=94.1 d_final=0.0
 Retrying in 1 seconds
[shaping_diag] success_cum_shaping=282.39 T=102 d_init=94.1 d_final=0.0
 Retrying in 1 seconds
[shaping_diag] success_cum_shaping=282.39 T=104 d_init=94.1 d_final=0.0
 Retrying in 1 seconds
[shaping_diag] success_cum_shaping=282.39 T=103 d_init=94.1 d_final=0.0
 Retrying in 1 seconds
 Retrying in 1 seconds
[shaping_diag] success_cum_shaping=282.39 T=103 d_init=94.1 d_final=0.0
 Retrying in 1 seconds
[shaping_diag] success_cum_shaping=282.39 T=104 d_init=94.1 d_final=0.0
 Retrying in 1 seconds
[shaping_diag] success_cum_shaping=282.39 T=107 d_init=94.1 d_final=0.0
 Retrying in 1 seconds
[shaping_diag] success_cum_shaping=282.39 T=103 d_init=94.1 d_final=0.0
 Retrying in 1 seconds
[shaping_diag] success_cum_shaping=282.39 T=103 d_init=94.1 d_final=0.0
 Retrying in 1 seconds
[shaping_diag] success_cum_shaping=282.39 T=104 d_init=94.1 d_final=0.0
 Retrying in 1 seconds
 Retrying in 1 seconds
[shaping_diag] success_cum_shaping=282.39 T=103 d_init=94.1 d_final=0.0
 Retrying in 1 seconds
[shaping_diag] success_cum_shaping=282.39 T=102 d_init=94.1 d_final=0.0
 Retrying in 1 seconds
[shaping_diag] success_cum_shaping=282.39 T=103 d_init=94.1 d_final=0.0
 Retrying in 1 seconds
[shaping_diag] success_cum_shaping=282.39 T=104 d_init=94.1 d_final=0.0
 Retrying in 1 seconds
[shaping_diag] success_cum_shaping=282.39 T=104 d_init=94.1 d_final=0.0
 Retrying in 1 seconds
[shaping_diag] success_cum_shaping=282.39 T=104 d_init=94.1 d_final=0.0
 Retrying in 1 seconds
[shaping_diag] success_cum_shaping=282.39 T=102 d_init=94.1 d_final=0.0
 Retrying in 1 seconds
[shaping_diag] success_cum_shaping=282.39 T=102 d_init=94.1 d_final=0.0
 Retrying in 1 seconds
[shaping_diag] success_cum_shaping=282.39 T=130 d_init=94.1 d_final=0.0
 Retrying in 1 seconds
[shaping_diag] success_cum_shaping=282.39 T=104 d_init=94.1 d_final=0.0
 Retrying in 1 seconds
[shaping_diag] success_cum_shaping=282.39 T=123 d_init=94.1 d_final=0.0
 Retrying in 1 seconds
[shaping_diag] success_cum_shaping=282.39 T=103 d_init=94.1 d_final=0.0
 Retrying in 1 seconds
[shaping_diag] success_cum_shaping=282.39 T=104 d_init=94.1 d_final=0.0
 Retrying in 1 seconds
[shaping_diag] success_cum_shaping=282.39 T=106 d_init=94.1 d_final=0.0
 Retrying in 1 seconds
[shaping_diag] success_cum_shaping=282.39 T=103 d_init=94.1 d_final=0.0
 Retrying in 1 seconds
[shaping_diag] success_cum_shaping=282.39 T=104 d_init=94.1 d_final=0.0
Warning: Vehicle 'other' performs emergency braking on lane ':center_8_0' with decel=9.00, wished=7.00, severity=1.00, time=7.30.
 Retrying in 1 seconds
[shaping_diag] success_cum_shaping=282.39 T=106 d_init=94.1 d_final=0.0
 Retrying in 1 seconds
 Retrying in 1 seconds
[shaping_diag] success_cum_shaping=282.39 T=103 d_init=94.1 d_final=0.0
 Retrying in 1 seconds
[shaping_diag] success_cum_shaping=282.39 T=115 d_init=94.1 d_final=0.0
 Retrying in 1 seconds
[shaping_diag] success_cum_shaping=282.39 T=103 d_init=94.1 d_final=0.0
 Retrying in 1 seconds
[shaping_diag] success_cum_shaping=282.39 T=104 d_init=94.1 d_final=0.0
 Retrying in 1 seconds
[shaping_diag] success_cum_shaping=282.39 T=103 d_init=94.1 d_final=0.0
 Retrying in 1 seconds
[shaping_diag] success_cum_shaping=282.39 T=104 d_init=94.1 d_final=0.0
 Retrying in 1 seconds
[shaping_diag] success_cum_shaping=282.39 T=122 d_init=94.1 d_final=0.0
 Retrying in 1 seconds
[shaping_diag] success_cum_shaping=282.39 T=105 d_init=94.1 d_final=0.0
 Retrying in 1 seconds
[shaping_diag] success_cum_shaping=282.39 T=125 d_init=94.1 d_final=0.0
 Retrying in 1 seconds
[shaping_diag] success_cum_shaping=282.39 T=102 d_init=94.1 d_final=0.0
 Retrying in 1 seconds
[shaping_diag] success_cum_shaping=282.39 T=115 d_init=94.1 d_final=0.0
 Retrying in 1 seconds
[shaping_diag] success_cum_shaping=282.39 T=117 d_init=94.1 d_final=0.0
 Retrying in 1 seconds
[shaping_diag] success_cum_shaping=282.39 T=114 d_init=94.1 d_final=0.0
 Retrying in 1 seconds
[shaping_diag] success_cum_shaping=282.39 T=103 d_init=94.1 d_final=0.0
 Retrying in 1 seconds
[shaping_diag] success_cum_shaping=282.39 T=103 d_init=94.1 d_final=0.0
Warning: Vehicle 'ego'; junction collision with vehicle 'other', lane=':center_4_0', gap=-1.00, time=8.00 stage=move.
 Retrying in 1 seconds
 Retrying in 1 seconds
[shaping_diag] success_cum_shaping=282.39 T=103 d_init=94.1 d_final=0.0
 Retrying in 1 seconds
[shaping_diag] success_cum_shaping=282.39 T=103 d_init=94.1 d_final=0.0
 Retrying in 1 seconds
[shaping_diag] success_cum_shaping=282.39 T=103 d_init=94.1 d_final=0.0
 Retrying in 1 seconds
[shaping_diag] success_cum_shaping=282.39 T=104 d_init=94.1 d_final=0.0
 Retrying in 1 seconds
 Retrying in 1 seconds
[shaping_diag] success_cum_shaping=282.39 T=113 d_init=94.1 d_final=0.0
 Retrying in 1 seconds
[shaping_diag] success_cum_shaping=282.39 T=116 d_init=94.1 d_final=0.0
 Retrying in 1 seconds
 Retrying in 1 seconds
[shaping_diag] success_cum_shaping=282.39 T=104 d_init=94.1 d_final=0.0
 Retrying in 1 seconds
[shaping_diag] success_cum_shaping=282.39 T=104 d_init=94.1 d_final=0.0
 Retrying in 1 seconds
[shaping_diag] success_cum_shaping=282.39 T=109 d_init=94.1 d_final=0.0
 Retrying in 1 seconds
[shaping_diag] success_cum_shaping=282.39 T=117 d_init=94.1 d_final=0.0
 Retrying in 1 seconds
[shaping_diag] success_cum_shaping=282.39 T=103 d_init=94.1 d_final=0.0
 Retrying in 1 seconds
[shaping_diag] success_cum_shaping=282.39 T=103 d_init=94.1 d_final=0.0
 Retrying in 1 seconds
[shaping_diag] success_cum_shaping=282.39 T=103 d_init=94.1 d_final=0.0
 Retrying in 1 seconds
[shaping_diag] success_cum_shaping=282.39 T=104 d_init=94.1 d_final=0.0
 Retrying in 1 seconds
[shaping_diag] success_cum_shaping=282.39 T=106 d_init=94.1 d_final=0.0
 Retrying in 1 seconds
[shaping_diag] success_cum_shaping=282.39 T=112 d_init=94.1 d_final=0.0
 Retrying in 1 seconds
[shaping_diag] success_cum_shaping=282.39 T=104 d_init=94.1 d_final=0.0
 Retrying in 1 seconds
[shaping_diag] success_cum_shaping=282.39 T=104 d_init=94.1 d_final=0.0
 Retrying in 1 seconds
[shaping_diag] success_cum_shaping=282.39 T=103 d_init=94.1 d_final=0.0
 Retrying in 1 seconds
[shaping_diag] success_cum_shaping=282.39 T=103 d_init=94.1 d_final=0.0
 Retrying in 1 seconds
[shaping_diag] success_cum_shaping=282.39 T=104 d_init=94.1 d_final=0.0
 Retrying in 1 seconds
[shaping_diag] success_cum_shaping=282.39 T=105 d_init=94.1 d_final=0.0
Warning: Vehicle 'other' performs emergency braking on lane ':center_8_0' with decel=9.00, wished=5.00, severity=1.00, time=7.60.
 Retrying in 1 seconds
 Retrying in 1 seconds
[shaping_diag] success_cum_shaping=282.39 T=103 d_init=94.1 d_final=0.0
 Retrying in 1 seconds
[shaping_diag] success_cum_shaping=282.39 T=104 d_init=94.1 d_final=0.0
 Retrying in 1 seconds
[shaping_diag] success_cum_shaping=282.39 T=109 d_init=94.1 d_final=0.0
 Retrying in 1 seconds
[shaping_diag] success_cum_shaping=282.39 T=103 d_init=94.1 d_final=0.0
 Retrying in 1 seconds
[shaping_diag] success_cum_shaping=282.39 T=103 d_init=94.1 d_final=0.0
 Retrying in 1 seconds
[shaping_diag] success_cum_shaping=282.39 T=104 d_init=94.1 d_final=0.0
 Retrying in 1 seconds
[shaping_diag] success_cum_shaping=282.39 T=109 d_init=94.1 d_final=0.0
 Retrying in 1 seconds
[shaping_diag] success_cum_shaping=282.39 T=104 d_init=94.1 d_final=0.0
 Retrying in 1 seconds
[shaping_diag] success_cum_shaping=282.39 T=105 d_init=94.1 d_final=0.0
 Retrying in 1 seconds
[shaping_diag] success_cum_shaping=282.39 T=110 d_init=94.1 d_final=0.0
 Retrying in 1 seconds
[shaping_diag] success_cum_shaping=282.39 T=103 d_init=94.1 d_final=0.0
 Retrying in 1 seconds
[shaping_diag] success_cum_shaping=282.39 T=103 d_init=94.1 d_final=0.0
 Retrying in 1 seconds
[shaping_diag] success_cum_shaping=282.39 T=104 d_init=94.1 d_final=0.0
 Retrying in 1 seconds
[shaping_diag] success_cum_shaping=282.39 T=103 d_init=94.1 d_final=0.0
 Retrying in 1 seconds
[shaping_diag] success_cum_shaping=282.39 T=103 d_init=94.1 d_final=0.0
 Retrying in 1 seconds
[shaping_diag] success_cum_shaping=282.39 T=103 d_init=94.1 d_final=0.0
 Retrying in 1 seconds
[shaping_diag] success_cum_shaping=282.39 T=104 d_init=94.1 d_final=0.0
 Retrying in 1 seconds
[shaping_diag] success_cum_shaping=282.39 T=103 d_init=94.1 d_final=0.0
 Retrying in 1 seconds
[shaping_diag] success_cum_shaping=282.39 T=103 d_init=94.1 d_final=0.0
 Retrying in 1 seconds
 Retrying in 1 seconds
[shaping_diag] success_cum_shaping=282.39 T=117 d_init=94.1 d_final=0.0
 Retrying in 1 seconds
[shaping_diag] success_cum_shaping=282.39 T=127 d_init=94.1 d_final=0.0
 Retrying in 1 seconds
[shaping_diag] success_cum_shaping=282.39 T=103 d_init=94.1 d_final=0.0
 Retrying in 1 seconds
[shaping_diag] success_cum_shaping=282.39 T=104 d_init=94.1 d_final=0.0
 Retrying in 1 seconds
[shaping_diag] success_cum_shaping=282.39 T=103 d_init=94.1 d_final=0.0
 Retrying in 1 seconds
[shaping_diag] success_cum_shaping=282.39 T=103 d_init=94.1 d_final=0.0
Warning: Vehicle 'ego'; collision with vehicle 'other', lane='right_out_0', gap=-1.25, time=8.00 stage=move.
 Retrying in 1 seconds
 Retrying in 1 seconds
[shaping_diag] success_cum_shaping=282.39 T=108 d_init=94.1 d_final=0.0
 Retrying in 1 seconds
[shaping_diag] success_cum_shaping=282.39 T=103 d_init=94.1 d_final=0.0
 Retrying in 1 seconds
[shaping_diag] success_cum_shaping=282.39 T=103 d_init=94.1 d_final=0.0
 Retrying in 1 seconds
[shaping_diag] success_cum_shaping=282.39 T=147 d_init=94.1 d_final=0.0
 Retrying in 1 seconds
[shaping_diag] success_cum_shaping=282.39 T=104 d_init=94.1 d_final=0.0
 Retrying in 1 seconds
[shaping_diag] success_cum_shaping=282.39 T=106 d_init=94.1 d_final=0.0
 Retrying in 1 seconds
[shaping_diag] success_cum_shaping=282.39 T=104 d_init=94.1 d_final=0.0
 Retrying in 1 seconds
[shaping_diag] success_cum_shaping=282.39 T=104 d_init=94.1 d_final=0.0
 Retrying in 1 seconds
[shaping_diag] success_cum_shaping=282.39 T=134 d_init=94.1 d_final=0.0
 Retrying in 1 seconds
[shaping_diag] success_cum_shaping=282.39 T=111 d_init=94.1 d_final=0.0
 Retrying in 1 seconds
[shaping_diag] success_cum_shaping=282.39 T=111 d_init=94.1 d_final=0.0
 Retrying in 1 seconds
[shaping_diag] success_cum_shaping=282.39 T=104 d_init=94.1 d_final=0.0
 Retrying in 1 seconds
[shaping_diag] success_cum_shaping=282.39 T=104 d_init=94.1 d_final=0.0
 Retrying in 1 seconds
[shaping_diag] success_cum_shaping=282.39 T=102 d_init=94.1 d_final=0.0
 Retrying in 1 seconds
[shaping_diag] success_cum_shaping=282.39 T=104 d_init=94.1 d_final=0.0
 Retrying in 1 seconds
[shaping_diag] success_cum_shaping=282.39 T=103 d_init=94.1 d_final=0.0
 Retrying in 1 seconds
[shaping_diag] success_cum_shaping=282.39 T=103 d_init=94.1 d_final=0.0
 Retrying in 1 seconds
[shaping_diag] success_cum_shaping=282.39 T=104 d_init=94.1 d_final=0.0
Warning: Vehicle 'other' performs emergency braking on lane ':center_8_0' with decel=9.00, wished=5.00, severity=1.00, time=7.60.
 Retrying in 1 seconds
 Retrying in 1 seconds
[shaping_diag] success_cum_shaping=282.39 T=119 d_init=94.1 d_final=0.0
 Retrying in 1 seconds
[shaping_diag] success_cum_shaping=282.39 T=106 d_init=94.1 d_final=0.0
 Retrying in 1 seconds
[shaping_diag] success_cum_shaping=282.39 T=103 d_init=94.1 d_final=0.0
 Retrying in 1 seconds
[shaping_diag] success_cum_shaping=282.39 T=104 d_init=94.1 d_final=0.0
 Retrying in 1 seconds
[shaping_diag] success_cum_shaping=282.39 T=104 d_init=94.1 d_final=0.0
 Retrying in 1 seconds
[shaping_diag] success_cum_shaping=282.39 T=106 d_init=94.1 d_final=0.0
 Retrying in 1 seconds
[shaping_diag] success_cum_shaping=282.39 T=104 d_init=94.1 d_final=0.0
 Retrying in 1 seconds
[shaping_diag] success_cum_shaping=282.39 T=103 d_init=94.1 d_final=0.0
 Retrying in 1 seconds
[shaping_diag] success_cum_shaping=282.39 T=103 d_init=94.1 d_final=0.0
 Retrying in 1 seconds
[shaping_diag] success_cum_shaping=282.39 T=103 d_init=94.1 d_final=0.0
 Retrying in 1 seconds
[shaping_diag] success_cum_shaping=282.39 T=119 d_init=94.1 d_final=0.0
 Retrying in 1 seconds
[shaping_diag] success_cum_shaping=282.39 T=104 d_init=94.1 d_final=0.0
 Retrying in 1 seconds
 Retrying in 1 seconds
[shaping_diag] success_cum_shaping=282.39 T=102 d_init=94.1 d_final=0.0
 Retrying in 1 seconds
[shaping_diag] success_cum_shaping=282.39 T=102 d_init=94.1 d_final=0.0
 Retrying in 1 seconds
[shaping_diag] success_cum_shaping=282.39 T=102 d_init=94.1 d_final=0.0
 Retrying in 1 seconds
[shaping_diag] success_cum_shaping=282.39 T=102 d_init=94.1 d_final=0.0
 Retrying in 1 seconds
[shaping_diag] success_cum_shaping=282.39 T=102 d_init=94.1 d_final=0.0
 Retrying in 1 seconds
 Retrying in 1 seconds
[shaping_diag] success_cum_shaping=282.39 T=102 d_init=94.1 d_final=0.0
 Retrying in 1 seconds
[shaping_diag] success_cum_shaping=282.39 T=102 d_init=94.1 d_final=0.0
 Retrying in 1 seconds
[shaping_diag] success_cum_shaping=282.39 T=102 d_init=94.1 d_final=0.0
 Retrying in 1 seconds
[shaping_diag] success_cum_shaping=282.39 T=102 d_init=94.1 d_final=0.0
[drppo] step=372736 ret=370.03 coll=1 ttc=6.06
 Retrying in 1 seconds
[shaping_diag] success_cum_shaping=282.39 T=104 d_init=94.1 d_final=0.0
 Retrying in 1 seconds
[shaping_diag] success_cum_shaping=282.39 T=105 d_init=94.1 d_final=0.0
 Retrying in 1 seconds
[shaping_diag] success_cum_shaping=282.39 T=121 d_init=94.1 d_final=0.0
 Retrying in 1 seconds
[shaping_diag] success_cum_shaping=282.39 T=105 d_init=94.1 d_final=0.0
 Retrying in 1 seconds
[shaping_diag] success_cum_shaping=282.39 T=103 d_init=94.1 d_final=0.0
 Retrying in 1 seconds
[shaping_diag] success_cum_shaping=282.39 T=105 d_init=94.1 d_final=0.0
 Retrying in 1 seconds
[shaping_diag] success_cum_shaping=282.39 T=134 d_init=94.1 d_final=0.0
 Retrying in 1 seconds
[shaping_diag] success_cum_shaping=282.39 T=104 d_init=94.1 d_final=0.0
 Retrying in 1 seconds
[shaping_diag] success_cum_shaping=282.39 T=104 d_init=94.1 d_final=0.0
 Retrying in 1 seconds
[shaping_diag] success_cum_shaping=282.39 T=138 d_init=94.1 d_final=0.0
 Retrying in 1 seconds
[shaping_diag] success_cum_shaping=282.39 T=104 d_init=94.1 d_final=0.0
 Retrying in 1 seconds
[shaping_diag] success_cum_shaping=282.39 T=103 d_init=94.1 d_final=0.0
 Retrying in 1 seconds
[shaping_diag] success_cum_shaping=282.39 T=103 d_init=94.1 d_final=0.0
 Retrying in 1 seconds
[shaping_diag] success_cum_shaping=282.39 T=103 d_init=94.1 d_final=0.0
 Retrying in 1 seconds
[shaping_diag] success_cum_shaping=282.39 T=103 d_init=94.1 d_final=0.0
 Retrying in 1 seconds
[shaping_diag] success_cum_shaping=282.39 T=112 d_init=94.1 d_final=0.0
 Retrying in 1 seconds
[shaping_diag] success_cum_shaping=282.39 T=103 d_init=94.1 d_final=0.0
 Retrying in 1 seconds
[shaping_diag] success_cum_shaping=282.39 T=104 d_init=94.1 d_final=0.0
 Retrying in 1 seconds
[shaping_diag] success_cum_shaping=282.39 T=103 d_init=94.1 d_final=0.0
 Retrying in 1 seconds
[shaping_diag] success_cum_shaping=282.39 T=105 d_init=94.1 d_final=0.0
 Retrying in 1 seconds
[shaping_diag] success_cum_shaping=282.39 T=105 d_init=94.1 d_final=0.0
 Retrying in 1 seconds
[shaping_diag] success_cum_shaping=282.39 T=103 d_init=94.1 d_final=0.0
 Retrying in 1 seconds
[shaping_diag] success_cum_shaping=282.39 T=104 d_init=94.1 d_final=0.0
 Retrying in 1 seconds
[shaping_diag] success_cum_shaping=282.39 T=103 d_init=94.1 d_final=0.0
 Retrying in 1 seconds
[shaping_diag] success_cum_shaping=282.39 T=130 d_init=94.1 d_final=0.0
 Retrying in 1 seconds
[shaping_diag] success_cum_shaping=282.39 T=105 d_init=94.1 d_final=0.0
 Retrying in 1 seconds
[shaping_diag] success_cum_shaping=282.39 T=117 d_init=94.1 d_final=0.0
 Retrying in 1 seconds
[shaping_diag] success_cum_shaping=282.39 T=115 d_init=94.1 d_final=0.0
 Retrying in 1 seconds
[shaping_diag] success_cum_shaping=282.39 T=111 d_init=94.1 d_final=0.0
 Retrying in 1 seconds
[shaping_diag] success_cum_shaping=282.39 T=103 d_init=94.1 d_final=0.0
 Retrying in 1 seconds
[shaping_diag] success_cum_shaping=282.39 T=103 d_init=94.1 d_final=0.0
 Retrying in 1 seconds
[shaping_diag] success_cum_shaping=282.39 T=111 d_init=94.1 d_final=0.0
 Retrying in 1 seconds
[shaping_diag] success_cum_shaping=282.39 T=105 d_init=94.1 d_final=0.0
 Retrying in 1 seconds
[shaping_diag] success_cum_shaping=282.39 T=115 d_init=94.1 d_final=0.0
 Retrying in 1 seconds
[shaping_diag] success_cum_shaping=282.39 T=103 d_init=94.1 d_final=0.0
 Retrying in 1 seconds
[shaping_diag] success_cum_shaping=282.39 T=124 d_init=94.1 d_final=0.0
 Retrying in 1 seconds
[shaping_diag] success_cum_shaping=282.39 T=132 d_init=94.1 d_final=0.0
 Retrying in 1 seconds
 Retrying in 1 seconds
[shaping_diag] success_cum_shaping=282.39 T=107 d_init=94.1 d_final=0.0
 Retrying in 1 seconds
[shaping_diag] success_cum_shaping=282.39 T=103 d_init=94.1 d_final=0.0
 Retrying in 1 seconds
[shaping_diag] success_cum_shaping=282.39 T=117 d_init=94.1 d_final=0.0
 Retrying in 1 seconds
[shaping_diag] success_cum_shaping=282.39 T=117 d_init=94.1 d_final=0.0
 Retrying in 1 seconds
[shaping_diag] success_cum_shaping=282.39 T=104 d_init=94.1 d_final=0.0
 Retrying in 1 seconds
[shaping_diag] success_cum_shaping=282.39 T=104 d_init=94.1 d_final=0.0
 Retrying in 1 seconds
[shaping_diag] success_cum_shaping=282.39 T=106 d_init=94.1 d_final=0.0
 Retrying in 1 seconds
[shaping_diag] success_cum_shaping=282.39 T=104 d_init=94.1 d_final=0.0
 Retrying in 1 seconds
[shaping_diag] success_cum_shaping=282.39 T=103 d_init=94.1 d_final=0.0
 Retrying in 1 seconds
[shaping_diag] success_cum_shaping=282.39 T=121 d_init=94.1 d_final=0.0
 Retrying in 1 seconds
[shaping_diag] success_cum_shaping=282.39 T=104 d_init=94.1 d_final=0.0
 Retrying in 1 seconds
[shaping_diag] success_cum_shaping=282.39 T=106 d_init=94.1 d_final=0.0
 Retrying in 1 seconds
[shaping_diag] success_cum_shaping=282.39 T=138 d_init=94.1 d_final=0.0
 Retrying in 1 seconds
[shaping_diag] success_cum_shaping=282.39 T=103 d_init=94.1 d_final=0.0
 Retrying in 1 seconds
[shaping_diag] success_cum_shaping=282.39 T=105 d_init=94.1 d_final=0.0
 Retrying in 1 seconds
[shaping_diag] success_cum_shaping=282.39 T=107 d_init=94.1 d_final=0.0
 Retrying in 1 seconds
[shaping_diag] success_cum_shaping=282.39 T=104 d_init=94.1 d_final=0.0
 Retrying in 1 seconds
[shaping_diag] success_cum_shaping=282.39 T=107 d_init=94.1 d_final=0.0
 Retrying in 1 seconds
[shaping_diag] success_cum_shaping=282.39 T=110 d_init=94.1 d_final=0.0
 Retrying in 1 seconds
[shaping_diag] success_cum_shaping=282.39 T=104 d_init=94.1 d_final=0.0
 Retrying in 1 seconds
[shaping_diag] success_cum_shaping=282.39 T=103 d_init=94.1 d_final=0.0
 Retrying in 1 seconds
[shaping_diag] success_cum_shaping=282.39 T=103 d_init=94.1 d_final=0.0
 Retrying in 1 seconds
[shaping_diag] success_cum_shaping=282.39 T=103 d_init=94.1 d_final=0.0
 Retrying in 1 seconds
[shaping_diag] success_cum_shaping=282.39 T=122 d_init=94.1 d_final=0.0
 Retrying in 1 seconds
[shaping_diag] success_cum_shaping=282.39 T=229 d_init=94.1 d_final=0.0
 Retrying in 1 seconds
[shaping_diag] success_cum_shaping=282.39 T=104 d_init=94.1 d_final=0.0
 Retrying in 1 seconds
[shaping_diag] success_cum_shaping=282.39 T=104 d_init=94.1 d_final=0.0
 Retrying in 1 seconds
[shaping_diag] success_cum_shaping=282.39 T=122 d_init=94.1 d_final=0.0
 Retrying in 1 seconds
[shaping_diag] success_cum_shaping=282.39 T=103 d_init=94.1 d_final=0.0
 Retrying in 1 seconds
[shaping_diag] success_cum_shaping=282.39 T=109 d_init=94.1 d_final=0.0
 Retrying in 1 seconds
[shaping_diag] success_cum_shaping=282.39 T=103 d_init=94.1 d_final=0.0
 Retrying in 1 seconds
[shaping_diag] success_cum_shaping=282.39 T=103 d_init=94.1 d_final=0.0
 Retrying in 1 seconds
[shaping_diag] success_cum_shaping=282.39 T=105 d_init=94.1 d_final=0.0
 Retrying in 1 seconds
[shaping_diag] success_cum_shaping=282.39 T=103 d_init=94.1 d_final=0.0
 Retrying in 1 seconds
[shaping_diag] success_cum_shaping=282.39 T=142 d_init=94.1 d_final=0.0
 Retrying in 1 seconds
[shaping_diag] success_cum_shaping=282.39 T=122 d_init=94.1 d_final=0.0
 Retrying in 1 seconds
 Retrying in 1 seconds
[shaping_diag] success_cum_shaping=282.39 T=102 d_init=94.1 d_final=0.0
 Retrying in 1 seconds
[shaping_diag] success_cum_shaping=282.39 T=103 d_init=94.1 d_final=0.0
 Retrying in 1 seconds
[shaping_diag] success_cum_shaping=282.39 T=102 d_init=94.1 d_final=0.0
 Retrying in 1 seconds
[shaping_diag] success_cum_shaping=282.39 T=103 d_init=94.1 d_final=0.0
 Retrying in 1 seconds
[shaping_diag] success_cum_shaping=282.39 T=105 d_init=94.1 d_final=0.0
 Retrying in 1 seconds
[shaping_diag] success_cum_shaping=282.39 T=103 d_init=94.1 d_final=0.0
 Retrying in 1 seconds
[shaping_diag] success_cum_shaping=282.39 T=103 d_init=94.1 d_final=0.0
 Retrying in 1 seconds
[shaping_diag] success_cum_shaping=282.39 T=103 d_init=94.1 d_final=0.0
 Retrying in 1 seconds
[shaping_diag] success_cum_shaping=282.39 T=103 d_init=94.1 d_final=0.0
 Retrying in 1 seconds
[shaping_diag] success_cum_shaping=282.39 T=103 d_init=94.1 d_final=0.0
 Retrying in 1 seconds
[shaping_diag] success_cum_shaping=282.39 T=103 d_init=94.1 d_final=0.0
 Retrying in 1 seconds
[shaping_diag] success_cum_shaping=282.39 T=107 d_init=94.1 d_final=0.0
 Retrying in 1 seconds
[shaping_diag] success_cum_shaping=282.39 T=103 d_init=94.1 d_final=0.0
 Retrying in 1 seconds
[shaping_diag] success_cum_shaping=282.39 T=106 d_init=94.1 d_final=0.0
 Retrying in 1 seconds
[shaping_diag] success_cum_shaping=282.39 T=106 d_init=94.1 d_final=0.0
 Retrying in 1 seconds
[shaping_diag] success_cum_shaping=282.39 T=113 d_init=94.1 d_final=0.0
 Retrying in 1 seconds
[shaping_diag] success_cum_shaping=282.39 T=117 d_init=94.1 d_final=0.0
 Retrying in 1 seconds
[shaping_diag] success_cum_shaping=282.39 T=103 d_init=94.1 d_final=0.0
Warning: Vehicle 'other' performs emergency braking on lane ':center_8_0' with decel=9.00, wished=7.00, severity=1.00, time=7.10.
 Retrying in 1 seconds
[shaping_diag] success_cum_shaping=282.39 T=103 d_init=94.1 d_final=0.0
 Retrying in 1 seconds
[shaping_diag] success_cum_shaping=282.39 T=102 d_init=94.1 d_final=0.0
 Retrying in 1 seconds
[shaping_diag] success_cum_shaping=282.39 T=103 d_init=94.1 d_final=0.0
 Retrying in 1 seconds
[shaping_diag] success_cum_shaping=282.39 T=102 d_init=94.1 d_final=0.0
 Retrying in 1 seconds
[shaping_diag] success_cum_shaping=282.39 T=110 d_init=94.1 d_final=0.0
 Retrying in 1 seconds
[shaping_diag] success_cum_shaping=282.39 T=103 d_init=94.1 d_final=0.0
 Retrying in 1 seconds
[shaping_diag] success_cum_shaping=282.39 T=103 d_init=94.1 d_final=0.0
 Retrying in 1 seconds
[shaping_diag] success_cum_shaping=282.39 T=108 d_init=94.1 d_final=0.0
 Retrying in 1 seconds
[shaping_diag] success_cum_shaping=282.39 T=106 d_init=94.1 d_final=0.0
 Retrying in 1 seconds
[shaping_diag] success_cum_shaping=282.39 T=104 d_init=94.1 d_final=0.0
 Retrying in 1 seconds
[shaping_diag] success_cum_shaping=282.39 T=110 d_init=94.1 d_final=0.0
 Retrying in 1 seconds
[shaping_diag] success_cum_shaping=282.39 T=105 d_init=94.1 d_final=0.0
 Retrying in 1 seconds
[shaping_diag] success_cum_shaping=282.39 T=119 d_init=94.1 d_final=0.0
 Retrying in 1 seconds
[shaping_diag] success_cum_shaping=282.39 T=105 d_init=94.1 d_final=0.0
 Retrying in 1 seconds
[shaping_diag] success_cum_shaping=282.39 T=103 d_init=94.1 d_final=0.0
 Retrying in 1 seconds
[shaping_diag] success_cum_shaping=282.39 T=104 d_init=94.1 d_final=0.0
 Retrying in 1 seconds
[shaping_diag] success_cum_shaping=282.39 T=104 d_init=94.1 d_final=0.0
 Retrying in 1 seconds
[shaping_diag] success_cum_shaping=282.39 T=103 d_init=94.1 d_final=0.0
 Retrying in 1 seconds
[shaping_diag] success_cum_shaping=282.39 T=103 d_init=94.1 d_final=0.0
 Retrying in 1 seconds
[shaping_diag] success_cum_shaping=282.39 T=102 d_init=94.1 d_final=0.0
 Retrying in 1 seconds
 Retrying in 1 seconds
[shaping_diag] success_cum_shaping=282.39 T=103 d_init=94.1 d_final=0.0
 Retrying in 1 seconds
[shaping_diag] success_cum_shaping=282.39 T=107 d_init=94.1 d_final=0.0
 Retrying in 1 seconds
[shaping_diag] success_cum_shaping=282.39 T=102 d_init=94.1 d_final=0.0
 Retrying in 1 seconds
[shaping_diag] success_cum_shaping=282.39 T=104 d_init=94.1 d_final=0.0
 Retrying in 1 seconds
[shaping_diag] success_cum_shaping=282.39 T=103 d_init=94.1 d_final=0.0
 Retrying in 1 seconds
[shaping_diag] success_cum_shaping=282.39 T=103 d_init=94.1 d_final=0.0
 Retrying in 1 seconds
[shaping_diag] success_cum_shaping=282.39 T=104 d_init=94.1 d_final=0.0
 Retrying in 1 seconds
[shaping_diag] success_cum_shaping=282.39 T=106 d_init=94.1 d_final=0.0
 Retrying in 1 seconds
[shaping_diag] success_cum_shaping=282.39 T=104 d_init=94.1 d_final=0.0
 Retrying in 1 seconds
[shaping_diag] success_cum_shaping=282.39 T=103 d_init=94.1 d_final=0.0
 Retrying in 1 seconds
[shaping_diag] success_cum_shaping=282.39 T=104 d_init=94.1 d_final=0.0
 Retrying in 1 seconds
[shaping_diag] success_cum_shaping=282.39 T=117 d_init=94.1 d_final=0.0
Warning: Vehicle 'ego'; collision with vehicle 'other', lane='right_out_0', gap=-1.13, time=7.80 stage=move.
 Retrying in 1 seconds
 Retrying in 1 seconds
[shaping_diag] success_cum_shaping=282.39 T=103 d_init=94.1 d_final=0.0
 Retrying in 1 seconds
[shaping_diag] success_cum_shaping=282.39 T=103 d_init=94.1 d_final=0.0
 Retrying in 1 seconds
[shaping_diag] success_cum_shaping=282.39 T=112 d_init=94.1 d_final=0.0
 Retrying in 1 seconds
[shaping_diag] success_cum_shaping=282.39 T=105 d_init=94.1 d_final=0.0
 Retrying in 1 seconds
[shaping_diag] success_cum_shaping=282.39 T=109 d_init=94.1 d_final=0.0
 Retrying in 1 seconds
[shaping_diag] success_cum_shaping=282.39 T=106 d_init=94.1 d_final=0.0
Warning: Vehicle 'other' performs emergency braking on lane ':center_8_0' with decel=9.00, wished=5.00, severity=1.00, time=7.70.
Warning: Vehicle 'ego'; junction collision with vehicle 'other', lane=':center_4_0', gap=-1.00, time=8.00 stage=move.
 Retrying in 1 seconds
 Retrying in 1 seconds
[shaping_diag] success_cum_shaping=282.39 T=103 d_init=94.1 d_final=0.0
 Retrying in 1 seconds
[shaping_diag] success_cum_shaping=282.39 T=130 d_init=94.1 d_final=0.0
 Retrying in 1 seconds
[shaping_diag] success_cum_shaping=282.39 T=106 d_init=94.1 d_final=0.0
 Retrying in 1 seconds
[shaping_diag] success_cum_shaping=282.39 T=103 d_init=94.1 d_final=0.0
 Retrying in 1 seconds
[shaping_diag] success_cum_shaping=282.39 T=118 d_init=94.1 d_final=0.0
 Retrying in 1 seconds
[shaping_diag] success_cum_shaping=282.39 T=103 d_init=94.1 d_final=0.0
 Retrying in 1 seconds
[shaping_diag] success_cum_shaping=282.39 T=112 d_init=94.1 d_final=0.0
 Retrying in 1 seconds
[shaping_diag] success_cum_shaping=282.39 T=107 d_init=94.1 d_final=0.0
Warning: Vehicle 'ego'; junction collision with vehicle 'other', lane=':center_4_0', gap=-1.00, time=7.40 stage=move.
 Retrying in 1 seconds
 Retrying in 1 seconds
[shaping_diag] success_cum_shaping=282.39 T=103 d_init=94.1 d_final=0.0
 Retrying in 1 seconds
[shaping_diag] success_cum_shaping=282.39 T=107 d_init=94.1 d_final=0.0
 Retrying in 1 seconds
[shaping_diag] success_cum_shaping=282.39 T=103 d_init=94.1 d_final=0.0
 Retrying in 1 seconds
[shaping_diag] success_cum_shaping=282.39 T=103 d_init=94.1 d_final=0.0
 Retrying in 1 seconds
[shaping_diag] success_cum_shaping=282.39 T=106 d_init=94.1 d_final=0.0
 Retrying in 1 seconds
[shaping_diag] success_cum_shaping=282.39 T=109 d_init=94.1 d_final=0.0
 Retrying in 1 seconds
[shaping_diag] success_cum_shaping=282.39 T=103 d_init=94.1 d_final=0.0
 Retrying in 1 seconds
[shaping_diag] success_cum_shaping=282.39 T=104 d_init=94.1 d_final=0.0
 Retrying in 1 seconds
[shaping_diag] success_cum_shaping=282.39 T=104 d_init=94.1 d_final=0.0
 Retrying in 1 seconds
[shaping_diag] success_cum_shaping=282.39 T=105 d_init=94.1 d_final=0.0
 Retrying in 1 seconds
 Retrying in 1 seconds
[shaping_diag] success_cum_shaping=282.39 T=103 d_init=94.1 d_final=0.0
 Retrying in 1 seconds
[shaping_diag] success_cum_shaping=282.39 T=103 d_init=94.1 d_final=0.0
 Retrying in 1 seconds
[shaping_diag] success_cum_shaping=282.39 T=105 d_init=94.1 d_final=0.0
 Retrying in 1 seconds
[shaping_diag] success_cum_shaping=282.39 T=104 d_init=94.1 d_final=0.0
Warning: Vehicle 'other' performs emergency braking on lane ':center_8_0' with decel=9.00, wished=5.00, severity=1.00, time=7.40.
 Retrying in 1 seconds
[shaping_diag] success_cum_shaping=282.39 T=107 d_init=94.1 d_final=0.0
 Retrying in 1 seconds
[shaping_diag] success_cum_shaping=282.39 T=109 d_init=94.1 d_final=0.0
 Retrying in 1 seconds
[shaping_diag] success_cum_shaping=282.39 T=105 d_init=94.1 d_final=0.0
 Retrying in 1 seconds
[shaping_diag] success_cum_shaping=282.39 T=106 d_init=94.1 d_final=0.0
 Retrying in 1 seconds
[shaping_diag] success_cum_shaping=282.39 T=103 d_init=94.1 d_final=0.0
 Retrying in 1 seconds
[shaping_diag] success_cum_shaping=282.39 T=104 d_init=94.1 d_final=0.0
 Retrying in 1 seconds
[shaping_diag] success_cum_shaping=282.39 T=103 d_init=94.1 d_final=0.0
 Retrying in 1 seconds
[shaping_diag] success_cum_shaping=282.39 T=104 d_init=94.1 d_final=0.0
Warning: Vehicle 'other' performs emergency braking on lane ':center_8_0' with decel=9.00, wished=7.00, severity=1.00, time=7.40.
 Retrying in 1 seconds
[shaping_diag] success_cum_shaping=282.39 T=120 d_init=94.1 d_final=0.0
 Retrying in 1 seconds
 Retrying in 1 seconds
[shaping_diag] success_cum_shaping=282.39 T=103 d_init=94.1 d_final=0.0
 Retrying in 1 seconds
[shaping_diag] success_cum_shaping=282.39 T=117 d_init=94.1 d_final=0.0
 Retrying in 1 seconds
[shaping_diag] success_cum_shaping=282.39 T=103 d_init=94.1 d_final=0.0
 Retrying in 1 seconds
[shaping_diag] success_cum_shaping=282.39 T=104 d_init=94.1 d_final=0.0
 Retrying in 1 seconds
[shaping_diag] success_cum_shaping=282.39 T=109 d_init=94.1 d_final=0.0
 Retrying in 1 seconds
[shaping_diag] success_cum_shaping=282.39 T=103 d_init=94.1 d_final=0.0
 Retrying in 1 seconds
[shaping_diag] success_cum_shaping=282.39 T=102 d_init=94.1 d_final=0.0
 Retrying in 1 seconds
[shaping_diag] success_cum_shaping=282.39 T=105 d_init=94.1 d_final=0.0
 Retrying in 1 seconds
[shaping_diag] success_cum_shaping=282.39 T=103 d_init=94.1 d_final=0.0
 Retrying in 1 seconds
[shaping_diag] success_cum_shaping=282.39 T=103 d_init=94.1 d_final=0.0
 Retrying in 1 seconds
[shaping_diag] success_cum_shaping=282.39 T=103 d_init=94.1 d_final=0.0
 Retrying in 1 seconds
[shaping_diag] success_cum_shaping=282.39 T=103 d_init=94.1 d_final=0.0
 Retrying in 1 seconds
[shaping_diag] success_cum_shaping=282.39 T=108 d_init=94.1 d_final=0.0
 Retrying in 1 seconds
[shaping_diag] success_cum_shaping=282.39 T=105 d_init=94.1 d_final=0.0
 Retrying in 1 seconds
[shaping_diag] success_cum_shaping=282.39 T=103 d_init=94.1 d_final=0.0
 Retrying in 1 seconds
[shaping_diag] success_cum_shaping=282.39 T=103 d_init=94.1 d_final=0.0
 Retrying in 1 seconds
[shaping_diag] success_cum_shaping=282.39 T=105 d_init=94.1 d_final=0.0
 Retrying in 1 seconds
[shaping_diag] success_cum_shaping=282.39 T=118 d_init=94.1 d_final=0.0
 Retrying in 1 seconds
[shaping_diag] success_cum_shaping=282.39 T=107 d_init=94.1 d_final=0.0
 Retrying in 1 seconds
[shaping_diag] success_cum_shaping=282.39 T=108 d_init=94.1 d_final=0.0
 Retrying in 1 seconds
[shaping_diag] success_cum_shaping=282.39 T=103 d_init=94.1 d_final=0.0
Warning: Vehicle 'ego'; junction collision with vehicle 'other', lane=':center_4_0', gap=-1.00, time=7.40 stage=move.
 Retrying in 1 seconds
 Retrying in 1 seconds
[shaping_diag] success_cum_shaping=282.39 T=103 d_init=94.1 d_final=0.0
 Retrying in 1 seconds
[shaping_diag] success_cum_shaping=282.39 T=103 d_init=94.1 d_final=0.0
 Retrying in 1 seconds
[shaping_diag] success_cum_shaping=282.39 T=104 d_init=94.1 d_final=0.0
 Retrying in 1 seconds
 Retrying in 1 seconds
[shaping_diag] success_cum_shaping=282.39 T=103 d_init=94.1 d_final=0.0
 Retrying in 1 seconds
[shaping_diag] success_cum_shaping=282.39 T=103 d_init=94.1 d_final=0.0
 Retrying in 1 seconds
[shaping_diag] success_cum_shaping=282.39 T=103 d_init=94.1 d_final=0.0
 Retrying in 1 seconds
[shaping_diag] success_cum_shaping=282.39 T=102 d_init=94.1 d_final=0.0
 Retrying in 1 seconds
[shaping_diag] success_cum_shaping=282.39 T=104 d_init=94.1 d_final=0.0
 Retrying in 1 seconds
[shaping_diag] success_cum_shaping=282.39 T=104 d_init=94.1 d_final=0.0
 Retrying in 1 seconds
[shaping_diag] success_cum_shaping=282.39 T=104 d_init=94.1 d_final=0.0
 Retrying in 1 seconds
[shaping_diag] success_cum_shaping=282.39 T=103 d_init=94.1 d_final=0.0
 Retrying in 1 seconds
[shaping_diag] success_cum_shaping=282.39 T=107 d_init=94.1 d_final=0.0
 Retrying in 1 seconds
[shaping_diag] success_cum_shaping=282.39 T=103 d_init=94.1 d_final=0.0
 Retrying in 1 seconds
[shaping_diag] success_cum_shaping=282.39 T=103 d_init=94.1 d_final=0.0
 Retrying in 1 seconds
[shaping_diag] success_cum_shaping=282.39 T=103 d_init=94.1 d_final=0.0
 Retrying in 1 seconds
[shaping_diag] success_cum_shaping=282.39 T=108 d_init=94.1 d_final=0.0
 Retrying in 1 seconds
[shaping_diag] success_cum_shaping=282.39 T=102 d_init=94.1 d_final=0.0
 Retrying in 1 seconds
[shaping_diag] success_cum_shaping=282.39 T=105 d_init=94.1 d_final=0.0
 Retrying in 1 seconds
[shaping_diag] success_cum_shaping=282.39 T=105 d_init=94.1 d_final=0.0
 Retrying in 1 seconds
[shaping_diag] success_cum_shaping=282.39 T=102 d_init=94.1 d_final=0.0
 Retrying in 1 seconds
[shaping_diag] success_cum_shaping=282.39 T=103 d_init=94.1 d_final=0.0
 Retrying in 1 seconds
[shaping_diag] success_cum_shaping=282.39 T=103 d_init=94.1 d_final=0.0
 Retrying in 1 seconds
[shaping_diag] success_cum_shaping=282.39 T=103 d_init=94.1 d_final=0.0
 Retrying in 1 seconds
[shaping_diag] success_cum_shaping=282.39 T=103 d_init=94.1 d_final=0.0
 Retrying in 1 seconds
[shaping_diag] success_cum_shaping=282.39 T=104 d_init=94.1 d_final=0.0
 Retrying in 1 seconds
[shaping_diag] success_cum_shaping=282.39 T=104 d_init=94.1 d_final=0.0
 Retrying in 1 seconds
[shaping_diag] success_cum_shaping=282.39 T=109 d_init=94.1 d_final=0.0
 Retrying in 1 seconds
[shaping_diag] success_cum_shaping=282.39 T=103 d_init=94.1 d_final=0.0
 Retrying in 1 seconds
[shaping_diag] success_cum_shaping=282.39 T=103 d_init=94.1 d_final=0.0
 Retrying in 1 seconds
[shaping_diag] success_cum_shaping=282.39 T=105 d_init=94.1 d_final=0.0
 Retrying in 1 seconds
[shaping_diag] success_cum_shaping=282.39 T=103 d_init=94.1 d_final=0.0
 Retrying in 1 seconds
[shaping_diag] success_cum_shaping=282.39 T=105 d_init=94.1 d_final=0.0
 Retrying in 1 seconds
[shaping_diag] success_cum_shaping=282.39 T=107 d_init=94.1 d_final=0.0
 Retrying in 1 seconds
[shaping_diag] success_cum_shaping=282.39 T=103 d_init=94.1 d_final=0.0
 Retrying in 1 seconds
[shaping_diag] success_cum_shaping=282.39 T=104 d_init=94.1 d_final=0.0
 Retrying in 1 seconds
[shaping_diag] success_cum_shaping=282.39 T=103 d_init=94.1 d_final=0.0
 Retrying in 1 seconds
[shaping_diag] success_cum_shaping=282.39 T=105 d_init=94.1 d_final=0.0
Warning: Vehicle 'other' performs emergency braking on lane ':center_8_0' with decel=9.00, wished=7.00, severity=1.00, time=7.50.
 Retrying in 1 seconds
[shaping_diag] success_cum_shaping=282.39 T=108 d_init=94.1 d_final=0.0
 Retrying in 1 seconds
[shaping_diag] success_cum_shaping=282.39 T=105 d_init=94.1 d_final=0.0
 Retrying in 1 seconds
[shaping_diag] success_cum_shaping=282.39 T=107 d_init=94.1 d_final=0.0
 Retrying in 1 seconds
[shaping_diag] success_cum_shaping=282.39 T=104 d_init=94.1 d_final=0.0
 Retrying in 1 seconds
[shaping_diag] success_cum_shaping=282.39 T=103 d_init=94.1 d_final=0.0
 Retrying in 1 seconds
 Retrying in 1 seconds
[shaping_diag] success_cum_shaping=282.39 T=103 d_init=94.1 d_final=0.0
 Retrying in 1 seconds
[shaping_diag] success_cum_shaping=282.39 T=104 d_init=94.1 d_final=0.0
 Retrying in 1 seconds
[shaping_diag] success_cum_shaping=282.39 T=103 d_init=94.1 d_final=0.0
 Retrying in 1 seconds
[shaping_diag] success_cum_shaping=282.39 T=104 d_init=94.1 d_final=0.0
 Retrying in 1 seconds
[shaping_diag] success_cum_shaping=282.39 T=104 d_init=94.1 d_final=0.0
 Retrying in 1 seconds
[shaping_diag] success_cum_shaping=282.39 T=103 d_init=94.1 d_final=0.0
 Retrying in 1 seconds
[shaping_diag] success_cum_shaping=282.39 T=104 d_init=94.1 d_final=0.0
 Retrying in 1 seconds
[shaping_diag] success_cum_shaping=282.39 T=104 d_init=94.1 d_final=0.0
 Retrying in 1 seconds
[shaping_diag] success_cum_shaping=282.39 T=104 d_init=94.1 d_final=0.0
Warning: Vehicle 'other' performs emergency braking on lane ':center_8_0' with decel=9.00, wished=5.00, severity=1.00, time=7.40.
 Retrying in 1 seconds
[shaping_diag] success_cum_shaping=282.39 T=106 d_init=94.1 d_final=0.0
 Retrying in 1 seconds
[shaping_diag] success_cum_shaping=282.39 T=104 d_init=94.1 d_final=0.0
 Retrying in 1 seconds
[shaping_diag] success_cum_shaping=282.39 T=104 d_init=94.1 d_final=0.0
 Retrying in 1 seconds
[shaping_diag] success_cum_shaping=282.39 T=103 d_init=94.1 d_final=0.0
 Retrying in 1 seconds
 Retrying in 1 seconds
[shaping_diag] success_cum_shaping=282.39 T=107 d_init=94.1 d_final=0.0
 Retrying in 1 seconds
[shaping_diag] success_cum_shaping=282.39 T=104 d_init=94.1 d_final=0.0
Warning: Vehicle 'other' performs emergency braking on lane ':center_8_0' with decel=9.00, wished=5.00, severity=1.00, time=7.40.
 Retrying in 1 seconds
[shaping_diag] success_cum_shaping=282.39 T=106 d_init=94.1 d_final=0.0
 Retrying in 1 seconds
[shaping_diag] success_cum_shaping=282.39 T=104 d_init=94.1 d_final=0.0
 Retrying in 1 seconds
[shaping_diag] success_cum_shaping=282.39 T=104 d_init=94.1 d_final=0.0
Warning: Vehicle 'ego'; collision with vehicle 'other', lane='right_out_0', gap=-0.12, time=7.90 stage=move.
 Retrying in 1 seconds
 Retrying in 1 seconds
[shaping_diag] success_cum_shaping=282.39 T=104 d_init=94.1 d_final=0.0
 Retrying in 1 seconds
[shaping_diag] success_cum_shaping=282.39 T=102 d_init=94.1 d_final=0.0
 Retrying in 1 seconds
[shaping_diag] success_cum_shaping=282.39 T=104 d_init=94.1 d_final=0.0
 Retrying in 1 seconds
[shaping_diag] success_cum_shaping=282.39 T=103 d_init=94.1 d_final=0.0
 Retrying in 1 seconds
[shaping_diag] success_cum_shaping=282.39 T=103 d_init=94.1 d_final=0.0
 Retrying in 1 seconds
[shaping_diag] success_cum_shaping=282.39 T=103 d_init=94.1 d_final=0.0
 Retrying in 1 seconds
[shaping_diag] success_cum_shaping=282.39 T=103 d_init=94.1 d_final=0.0
 Retrying in 1 seconds
[shaping_diag] success_cum_shaping=282.39 T=104 d_init=94.1 d_final=0.0
Warning: Vehicle 'other' performs emergency braking on lane ':center_8_0' with decel=9.00, wished=7.00, severity=1.00, time=7.20.
Warning: Vehicle 'other'; junction collision with vehicle 'ego', lane=':center_8_0', gap=-1.00, time=7.50 stage=move.
 Retrying in 1 seconds
 Retrying in 1 seconds
[shaping_diag] success_cum_shaping=282.39 T=105 d_init=94.1 d_final=0.0
 Retrying in 1 seconds
[shaping_diag] success_cum_shaping=282.39 T=103 d_init=94.1 d_final=0.0
 Retrying in 1 seconds
[shaping_diag] success_cum_shaping=282.39 T=103 d_init=94.1 d_final=0.0
 Retrying in 1 seconds
 Retrying in 1 seconds
[shaping_diag] success_cum_shaping=282.39 T=104 d_init=94.1 d_final=0.0
 Retrying in 1 seconds
[shaping_diag] success_cum_shaping=282.39 T=106 d_init=94.1 d_final=0.0
 Retrying in 1 seconds
[shaping_diag] success_cum_shaping=282.39 T=103 d_init=94.1 d_final=0.0
 Retrying in 1 seconds
[shaping_diag] success_cum_shaping=282.39 T=103 d_init=94.1 d_final=0.0
 Retrying in 1 seconds
[shaping_diag] success_cum_shaping=282.39 T=103 d_init=94.1 d_final=0.0
 Retrying in 1 seconds
[shaping_diag] success_cum_shaping=282.39 T=104 d_init=94.1 d_final=0.0
 Retrying in 1 seconds
[shaping_diag] success_cum_shaping=282.39 T=104 d_init=94.1 d_final=0.0
 Retrying in 1 seconds
Saved drppo to results/ablation/tier1/1a_stem_right_drppo_intent_s456/model_drppo_1a_stem_right.pt

Running post-training checkpoint selection (30 eps each)...
 Retrying in 1 seconds
[shaping_diag] success_cum_shaping=282.39 T=102 d_init=94.1 d_final=0.0
Warning: Vehicle 'other' performs emergency braking on lane ':center_8_0' with decel=9.00, wished=7.00, severity=1.00, time=7.10.
 Retrying in 1 seconds
[shaping_diag] success_cum_shaping=282.39 T=102 d_init=94.1 d_final=0.0
 Retrying in 1 seconds
[shaping_diag] success_cum_shaping=282.39 T=102 d_init=94.1 d_final=0.0
 Retrying in 1 seconds
[shaping_diag] success_cum_shaping=282.39 T=102 d_init=94.1 d_final=0.0
 Retrying in 1 seconds
[shaping_diag] success_cum_shaping=282.39 T=102 d_init=94.1 d_final=0.0
 Retrying in 1 seconds
[shaping_diag] success_cum_shaping=282.39 T=102 d_init=94.1 d_final=0.0
 Retrying in 1 seconds
[shaping_diag] success_cum_shaping=282.39 T=102 d_init=94.1 d_final=0.0
 Retrying in 1 seconds
[shaping_diag] success_cum_shaping=282.39 T=102 d_init=94.1 d_final=0.0
 Retrying in 1 seconds
[shaping_diag] success_cum_shaping=282.39 T=102 d_init=94.1 d_final=0.0
 Retrying in 1 seconds
[shaping_diag] success_cum_shaping=282.39 T=102 d_init=94.1 d_final=0.0
 Retrying in 1 seconds
[shaping_diag] success_cum_shaping=282.39 T=102 d_init=94.1 d_final=0.0
Warning: Vehicle 'other' performs emergency braking on lane ':center_8_0' with decel=9.00, wished=5.00, severity=1.00, time=7.10.
Warning: Vehicle 'ego'; junction collision with vehicle 'other', lane=':center_4_0', gap=-1.00, time=7.30 stage=move.
 Retrying in 1 seconds
 Retrying in 1 seconds
[shaping_diag] success_cum_shaping=282.39 T=102 d_init=94.1 d_final=0.0
 Retrying in 1 seconds
[shaping_diag] success_cum_shaping=282.39 T=102 d_init=94.1 d_final=0.0
 Retrying in 1 seconds
[shaping_diag] success_cum_shaping=282.39 T=102 d_init=94.1 d_final=0.0
 Retrying in 1 seconds
[shaping_diag] success_cum_shaping=282.39 T=102 d_init=94.1 d_final=0.0
 Retrying in 1 seconds
[shaping_diag] success_cum_shaping=282.39 T=102 d_init=94.1 d_final=0.0
 Retrying in 1 seconds
[shaping_diag] success_cum_shaping=282.39 T=102 d_init=94.1 d_final=0.0
 Retrying in 1 seconds
[shaping_diag] success_cum_shaping=282.39 T=102 d_init=94.1 d_final=0.0
 Retrying in 1 seconds
[shaping_diag] success_cum_shaping=282.39 T=102 d_init=94.1 d_final=0.0
 Retrying in 1 seconds
[shaping_diag] success_cum_shaping=282.39 T=102 d_init=94.1 d_final=0.0
 Retrying in 1 seconds
[shaping_diag] success_cum_shaping=282.39 T=102 d_init=94.1 d_final=0.0
 Retrying in 1 seconds
[shaping_diag] success_cum_shaping=282.39 T=102 d_init=94.1 d_final=0.0
 Retrying in 1 seconds
[shaping_diag] success_cum_shaping=282.39 T=102 d_init=94.1 d_final=0.0
 Retrying in 1 seconds
[shaping_diag] success_cum_shaping=282.39 T=102 d_init=94.1 d_final=0.0
 Retrying in 1 seconds
[shaping_diag] success_cum_shaping=282.39 T=102 d_init=94.1 d_final=0.0
 Retrying in 1 seconds
[shaping_diag] success_cum_shaping=282.39 T=102 d_init=94.1 d_final=0.0
 Retrying in 1 seconds
[shaping_diag] success_cum_shaping=282.39 T=102 d_init=94.1 d_final=0.0
 Retrying in 1 seconds
[shaping_diag] success_cum_shaping=282.39 T=102 d_init=94.1 d_final=0.0
 Retrying in 1 seconds
[shaping_diag] success_cum_shaping=282.39 T=102 d_init=94.1 d_final=0.0
  step=200000: return=+408.23, coll=0.03, score=404.90
 Retrying in 1 seconds
[shaping_diag] success_cum_shaping=282.39 T=102 d_init=94.1 d_final=0.0
Warning: Vehicle 'other' performs emergency braking on lane ':center_8_0' with decel=9.00, wished=7.00, severity=1.00, time=7.10.
 Retrying in 1 seconds
[shaping_diag] success_cum_shaping=282.39 T=102 d_init=94.1 d_final=0.0
 Retrying in 1 seconds
[shaping_diag] success_cum_shaping=282.39 T=102 d_init=94.1 d_final=0.0
 Retrying in 1 seconds
[shaping_diag] success_cum_shaping=282.39 T=103 d_init=94.1 d_final=0.0
 Retrying in 1 seconds
[shaping_diag] success_cum_shaping=282.39 T=141 d_init=94.1 d_final=0.0
 Retrying in 1 seconds
[shaping_diag] success_cum_shaping=282.39 T=102 d_init=94.1 d_final=0.0
 Retrying in 1 seconds
[shaping_diag] success_cum_shaping=282.39 T=102 d_init=94.1 d_final=0.0
 Retrying in 1 seconds
[shaping_diag] success_cum_shaping=282.39 T=102 d_init=94.1 d_final=0.0
 Retrying in 1 seconds
[shaping_diag] success_cum_shaping=282.39 T=102 d_init=94.1 d_final=0.0
 Retrying in 1 seconds
[shaping_diag] success_cum_shaping=282.39 T=145 d_init=94.1 d_final=0.0
 Retrying in 1 seconds
[shaping_diag] success_cum_shaping=282.39 T=102 d_init=94.1 d_final=0.0
Warning: Vehicle 'ego'; junction collision with vehicle 'other', lane=':center_4_0', gap=-1.00, time=7.50 stage=move.
 Retrying in 1 seconds
 Retrying in 1 seconds
[shaping_diag] success_cum_shaping=282.39 T=103 d_init=94.1 d_final=0.0
 Retrying in 1 seconds
[shaping_diag] success_cum_shaping=282.39 T=102 d_init=94.1 d_final=0.0
 Retrying in 1 seconds
[shaping_diag] success_cum_shaping=282.39 T=102 d_init=94.1 d_final=0.0
 Retrying in 1 seconds
[shaping_diag] success_cum_shaping=282.39 T=102 d_init=94.1 d_final=0.0
 Retrying in 1 seconds
[shaping_diag] success_cum_shaping=282.39 T=102 d_init=94.1 d_final=0.0
 Retrying in 1 seconds
[shaping_diag] success_cum_shaping=282.39 T=102 d_init=94.1 d_final=0.0
 Retrying in 1 seconds
[shaping_diag] success_cum_shaping=282.39 T=104 d_init=94.1 d_final=0.0
 Retrying in 1 seconds
[shaping_diag] success_cum_shaping=282.39 T=105 d_init=94.1 d_final=0.0
 Retrying in 1 seconds
[shaping_diag] success_cum_shaping=282.39 T=102 d_init=94.1 d_final=0.0
 Retrying in 1 seconds
[shaping_diag] success_cum_shaping=282.39 T=102 d_init=94.1 d_final=0.0
 Retrying in 1 seconds
[shaping_diag] success_cum_shaping=282.39 T=103 d_init=94.1 d_final=0.0
 Retrying in 1 seconds
[shaping_diag] success_cum_shaping=282.39 T=104 d_init=94.1 d_final=0.0
 Retrying in 1 seconds
[shaping_diag] success_cum_shaping=282.39 T=102 d_init=94.1 d_final=0.0
 Retrying in 1 seconds
[shaping_diag] success_cum_shaping=282.39 T=102 d_init=94.1 d_final=0.0
 Retrying in 1 seconds
[shaping_diag] success_cum_shaping=282.39 T=102 d_init=94.1 d_final=0.0
 Retrying in 1 seconds
[shaping_diag] success_cum_shaping=282.39 T=103 d_init=94.1 d_final=0.0
 Retrying in 1 seconds
[shaping_diag] success_cum_shaping=282.39 T=102 d_init=94.1 d_final=0.0
 Retrying in 1 seconds
[shaping_diag] success_cum_shaping=282.39 T=102 d_init=94.1 d_final=0.0
  step=300000: return=+399.73, coll=0.03, score=396.39
 Retrying in 1 seconds
[shaping_diag] success_cum_shaping=282.39 T=102 d_init=94.1 d_final=0.0
Warning: Vehicle 'other' performs emergency braking on lane ':center_8_0' with decel=9.00, wished=7.00, severity=1.00, time=7.10.
 Retrying in 1 seconds
[shaping_diag] success_cum_shaping=282.39 T=102 d_init=94.1 d_final=0.0
 Retrying in 1 seconds
[shaping_diag] success_cum_shaping=282.39 T=102 d_init=94.1 d_final=0.0
 Retrying in 1 seconds
[shaping_diag] success_cum_shaping=282.39 T=102 d_init=94.1 d_final=0.0
 Retrying in 1 seconds
[shaping_diag] success_cum_shaping=282.39 T=102 d_init=94.1 d_final=0.0
 Retrying in 1 seconds
[shaping_diag] success_cum_shaping=282.39 T=102 d_init=94.1 d_final=0.0
 Retrying in 1 seconds
[shaping_diag] success_cum_shaping=282.39 T=102 d_init=94.1 d_final=0.0
 Retrying in 1 seconds
[shaping_diag] success_cum_shaping=282.39 T=102 d_init=94.1 d_final=0.0
 Retrying in 1 seconds
[shaping_diag] success_cum_shaping=282.39 T=102 d_init=94.1 d_final=0.0
 Retrying in 1 seconds
[shaping_diag] success_cum_shaping=282.39 T=102 d_init=94.1 d_final=0.0
 Retrying in 1 seconds
[shaping_diag] success_cum_shaping=282.39 T=102 d_init=94.1 d_final=0.0
Warning: Vehicle 'other' performs emergency braking on lane ':center_8_0' with decel=9.00, wished=5.00, severity=1.00, time=7.10.
Warning: Vehicle 'ego'; junction collision with vehicle 'other', lane=':center_4_0', gap=-1.00, time=7.30 stage=move.
 Retrying in 1 seconds
 Retrying in 1 seconds
[shaping_diag] success_cum_shaping=282.39 T=103 d_init=94.1 d_final=0.0
 Retrying in 1 seconds
[shaping_diag] success_cum_shaping=282.39 T=102 d_init=94.1 d_final=0.0
 Retrying in 1 seconds
[shaping_diag] success_cum_shaping=282.39 T=102 d_init=94.1 d_final=0.0
 Retrying in 1 seconds
[shaping_diag] success_cum_shaping=282.39 T=102 d_init=94.1 d_final=0.0
 Retrying in 1 seconds
[shaping_diag] success_cum_shaping=282.39 T=102 d_init=94.1 d_final=0.0
 Retrying in 1 seconds
[shaping_diag] success_cum_shaping=282.39 T=102 d_init=94.1 d_final=0.0
 Retrying in 1 seconds
[shaping_diag] success_cum_shaping=282.39 T=102 d_init=94.1 d_final=0.0
 Retrying in 1 seconds
[shaping_diag] success_cum_shaping=282.39 T=103 d_init=94.1 d_final=0.0
 Retrying in 1 seconds
[shaping_diag] success_cum_shaping=282.39 T=102 d_init=94.1 d_final=0.0
 Retrying in 1 seconds
[shaping_diag] success_cum_shaping=282.39 T=102 d_init=94.1 d_final=0.0
 Retrying in 1 seconds
[shaping_diag] success_cum_shaping=282.39 T=103 d_init=94.1 d_final=0.0
 Retrying in 1 seconds
[shaping_diag] success_cum_shaping=282.39 T=102 d_init=94.1 d_final=0.0
 Retrying in 1 seconds
[shaping_diag] success_cum_shaping=282.39 T=102 d_init=94.1 d_final=0.0
 Retrying in 1 seconds
[shaping_diag] success_cum_shaping=282.39 T=102 d_init=94.1 d_final=0.0
 Retrying in 1 seconds
[shaping_diag] success_cum_shaping=282.39 T=102 d_init=94.1 d_final=0.0
 Retrying in 1 seconds
[shaping_diag] success_cum_shaping=282.39 T=102 d_init=94.1 d_final=0.0
 Retrying in 1 seconds
[shaping_diag] success_cum_shaping=282.39 T=102 d_init=94.1 d_final=0.0
 Retrying in 1 seconds
[shaping_diag] success_cum_shaping=282.39 T=102 d_init=94.1 d_final=0.0
  step=400000: return=+408.52, coll=0.03, score=405.19
 Retrying in 1 seconds
[shaping_diag] success_cum_shaping=282.39 T=102 d_init=94.1 d_final=0.0
Warning: Vehicle 'other' performs emergency braking on lane ':center_8_0' with decel=9.00, wished=7.00, severity=1.00, time=7.10.
 Retrying in 1 seconds
[shaping_diag] success_cum_shaping=282.39 T=102 d_init=94.1 d_final=0.0
 Retrying in 1 seconds
[shaping_diag] success_cum_shaping=282.39 T=102 d_init=94.1 d_final=0.0
 Retrying in 1 seconds
[shaping_diag] success_cum_shaping=282.39 T=102 d_init=94.1 d_final=0.0
 Retrying in 1 seconds
[shaping_diag] success_cum_shaping=282.39 T=102 d_init=94.1 d_final=0.0
 Retrying in 1 seconds
[shaping_diag] success_cum_shaping=282.39 T=102 d_init=94.1 d_final=0.0
 Retrying in 1 seconds
[shaping_diag] success_cum_shaping=282.39 T=102 d_init=94.1 d_final=0.0
 Retrying in 1 seconds
[shaping_diag] success_cum_shaping=282.39 T=102 d_init=94.1 d_final=0.0
 Retrying in 1 seconds
[shaping_diag] success_cum_shaping=282.39 T=102 d_init=94.1 d_final=0.0
 Retrying in 1 seconds
[shaping_diag] success_cum_shaping=282.39 T=102 d_init=94.1 d_final=0.0
 Retrying in 1 seconds
[shaping_diag] success_cum_shaping=282.39 T=102 d_init=94.1 d_final=0.0
Warning: Vehicle 'other' performs emergency braking on lane ':center_8_0' with decel=9.00, wished=5.00, severity=1.00, time=7.10.
Warning: Vehicle 'ego'; junction collision with vehicle 'other', lane=':center_4_0', gap=-1.00, time=7.30 stage=move.
 Retrying in 1 seconds
 Retrying in 1 seconds
[shaping_diag] success_cum_shaping=282.39 T=103 d_init=94.1 d_final=0.0
 Retrying in 1 seconds
[shaping_diag] success_cum_shaping=282.39 T=102 d_init=94.1 d_final=0.0
 Retrying in 1 seconds
[shaping_diag] success_cum_shaping=282.39 T=102 d_init=94.1 d_final=0.0
 Retrying in 1 seconds
[shaping_diag] success_cum_shaping=282.39 T=102 d_init=94.1 d_final=0.0
 Retrying in 1 seconds
[shaping_diag] success_cum_shaping=282.39 T=102 d_init=94.1 d_final=0.0
 Retrying in 1 seconds
[shaping_diag] success_cum_shaping=282.39 T=102 d_init=94.1 d_final=0.0
 Retrying in 1 seconds
[shaping_diag] success_cum_shaping=282.39 T=102 d_init=94.1 d_final=0.0
 Retrying in 1 seconds
[shaping_diag] success_cum_shaping=282.39 T=103 d_init=94.1 d_final=0.0
 Retrying in 1 seconds
[shaping_diag] success_cum_shaping=282.39 T=102 d_init=94.1 d_final=0.0
 Retrying in 1 seconds
[shaping_diag] success_cum_shaping=282.39 T=102 d_init=94.1 d_final=0.0
 Retrying in 1 seconds
[shaping_diag] success_cum_shaping=282.39 T=103 d_init=94.1 d_final=0.0
 Retrying in 1 seconds
[shaping_diag] success_cum_shaping=282.39 T=102 d_init=94.1 d_final=0.0
 Retrying in 1 seconds
[shaping_diag] success_cum_shaping=282.39 T=102 d_init=94.1 d_final=0.0
 Retrying in 1 seconds
[shaping_diag] success_cum_shaping=282.39 T=102 d_init=94.1 d_final=0.0
 Retrying in 1 seconds
[shaping_diag] success_cum_shaping=282.39 T=102 d_init=94.1 d_final=0.0
 Retrying in 1 seconds
[shaping_diag] success_cum_shaping=282.39 T=102 d_init=94.1 d_final=0.0
 Retrying in 1 seconds
[shaping_diag] success_cum_shaping=282.39 T=102 d_init=94.1 d_final=0.0
 Retrying in 1 seconds
[shaping_diag] success_cum_shaping=282.39 T=102 d_init=94.1 d_final=0.0
  step=final: return=+408.52, coll=0.03, score=405.19
  Keeping final checkpoint (best_step=400000, margin=0.00)
Training complete. Metrics in results/ablation/tier1/1a_stem_right_drppo_intent_s456/train_drppo_1a_stem_right.csv
=== EVAL ===
Warning: Vehicle 'other' performs emergency braking on lane ':center_8_0' with decel=9.00, wished=6.00, severity=1.00, time=7.10.
Eval seed=1456 [deterministic]...
 Retrying in 1 seconds
[shaping_diag] success_cum_shaping=282.39 T=102 d_init=94.1 d_final=0.0
 Retrying in 1 seconds
[shaping_diag] success_cum_shaping=282.39 T=102 d_init=94.1 d_final=0.0
 Retrying in 1 seconds
[shaping_diag] success_cum_shaping=282.39 T=102 d_init=94.1 d_final=0.0
 Retrying in 1 seconds
[shaping_diag] success_cum_shaping=282.39 T=102 d_init=94.1 d_final=0.0
 Retrying in 1 seconds
[shaping_diag] success_cum_shaping=282.39 T=102 d_init=94.1 d_final=0.0
 Retrying in 1 seconds
[shaping_diag] success_cum_shaping=282.39 T=102 d_init=94.1 d_final=0.0
 Retrying in 1 seconds
[shaping_diag] success_cum_shaping=282.39 T=102 d_init=94.1 d_final=0.0
 Retrying in 1 seconds
[shaping_diag] success_cum_shaping=282.39 T=102 d_init=94.1 d_final=0.0
Warning: Vehicle 'other' performs emergency braking on lane ':center_8_0' with decel=9.00, wished=7.00, severity=1.00, time=7.10.
 Retrying in 1 seconds
[shaping_diag] success_cum_shaping=282.39 T=102 d_init=94.1 d_final=0.0
 Retrying in 1 seconds
[shaping_diag] success_cum_shaping=282.39 T=102 d_init=94.1 d_final=0.0
 Retrying in 1 seconds
[shaping_diag] success_cum_shaping=282.39 T=102 d_init=94.1 d_final=0.0
 Retrying in 1 seconds
[shaping_diag] success_cum_shaping=282.39 T=102 d_init=94.1 d_final=0.0
 Retrying in 1 seconds
[shaping_diag] success_cum_shaping=282.39 T=102 d_init=94.1 d_final=0.0
 Retrying in 1 seconds
[shaping_diag] success_cum_shaping=282.39 T=102 d_init=94.1 d_final=0.0
 Retrying in 1 seconds
[shaping_diag] success_cum_shaping=282.39 T=102 d_init=94.1 d_final=0.0
 Retrying in 1 seconds
[shaping_diag] success_cum_shaping=282.39 T=103 d_init=94.1 d_final=0.0
 Retrying in 1 seconds
[shaping_diag] success_cum_shaping=282.39 T=102 d_init=94.1 d_final=0.0
Warning: Vehicle 'other' performs emergency braking on lane ':center_8_0' with decel=9.00, wished=5.00, severity=1.00, time=7.10.
 Retrying in 1 seconds
[shaping_diag] success_cum_shaping=282.39 T=102 d_init=94.1 d_final=0.0
 Retrying in 1 seconds
[shaping_diag] success_cum_shaping=282.39 T=102 d_init=94.1 d_final=0.0
 Retrying in 1 seconds
[shaping_diag] success_cum_shaping=282.39 T=102 d_init=94.1 d_final=0.0
 Retrying in 1 seconds
[shaping_diag] success_cum_shaping=282.39 T=102 d_init=94.1 d_final=0.0
 Retrying in 1 seconds
[shaping_diag] success_cum_shaping=282.39 T=102 d_init=94.1 d_final=0.0
 Retrying in 1 seconds
[shaping_diag] success_cum_shaping=282.39 T=102 d_init=94.1 d_final=0.0
 Retrying in 1 seconds
[shaping_diag] success_cum_shaping=282.39 T=103 d_init=94.1 d_final=0.0
 Retrying in 1 seconds
[shaping_diag] success_cum_shaping=282.39 T=102 d_init=94.1 d_final=0.0
 Retrying in 1 seconds
[shaping_diag] success_cum_shaping=282.39 T=102 d_init=94.1 d_final=0.0
Warning: Vehicle 'ego'; junction collision with vehicle 'other', lane=':center_4_0', gap=-1.00, time=7.10 stage=move.
 Retrying in 1 seconds
 Retrying in 1 seconds
[shaping_diag] success_cum_shaping=282.39 T=102 d_init=94.1 d_final=0.0
 Retrying in 1 seconds
[shaping_diag] success_cum_shaping=282.39 T=102 d_init=94.1 d_final=0.0
 Retrying in 1 seconds
[shaping_diag] success_cum_shaping=282.39 T=102 d_init=94.1 d_final=0.0
 Retrying in 1 seconds
[shaping_diag] success_cum_shaping=282.39 T=102 d_init=94.1 d_final=0.0
 Retrying in 1 seconds
[shaping_diag] success_cum_shaping=282.39 T=102 d_init=94.1 d_final=0.0
 Retrying in 1 seconds
[shaping_diag] success_cum_shaping=282.39 T=102 d_init=94.1 d_final=0.0
 Retrying in 1 seconds
[shaping_diag] success_cum_shaping=282.39 T=102 d_init=94.1 d_final=0.0
 Retrying in 1 seconds
[shaping_diag] success_cum_shaping=282.39 T=103 d_init=94.1 d_final=0.0
 Retrying in 1 seconds
[shaping_diag] success_cum_shaping=282.39 T=102 d_init=94.1 d_final=0.0
 Retrying in 1 seconds
[shaping_diag] success_cum_shaping=282.39 T=102 d_init=94.1 d_final=0.0
 Retrying in 1 seconds
[shaping_diag] success_cum_shaping=282.39 T=102 d_init=94.1 d_final=0.0
 Retrying in 1 seconds
[shaping_diag] success_cum_shaping=282.39 T=102 d_init=94.1 d_final=0.0
 Retrying in 1 seconds
[shaping_diag] success_cum_shaping=282.39 T=102 d_init=94.1 d_final=0.0
 Retrying in 1 seconds
[shaping_diag] success_cum_shaping=282.39 T=102 d_init=94.1 d_final=0.0
 Retrying in 1 seconds
[shaping_diag] success_cum_shaping=282.39 T=102 d_init=94.1 d_final=0.0
 Retrying in 1 seconds
[shaping_diag] success_cum_shaping=282.39 T=102 d_init=94.1 d_final=0.0
 Retrying in 1 seconds
[shaping_diag] success_cum_shaping=282.39 T=102 d_init=94.1 d_final=0.0
 Retrying in 1 seconds
[shaping_diag] success_cum_shaping=282.39 T=102 d_init=94.1 d_final=0.0
 Retrying in 1 seconds
[shaping_diag] success_cum_shaping=282.39 T=102 d_init=94.1 d_final=0.0
 Retrying in 1 seconds
[shaping_diag] success_cum_shaping=282.39 T=102 d_init=94.1 d_final=0.0
 Retrying in 1 seconds
[shaping_diag] success_cum_shaping=282.39 T=102 d_init=94.1 d_final=0.0
 Retrying in 1 seconds
[shaping_diag] success_cum_shaping=282.39 T=102 d_init=94.1 d_final=0.0
 Retrying in 1 seconds
[shaping_diag] success_cum_shaping=282.39 T=102 d_init=94.1 d_final=0.0
 Retrying in 1 seconds
[shaping_diag] success_cum_shaping=282.39 T=102 d_init=94.1 d_final=0.0
 Retrying in 1 seconds
[shaping_diag] success_cum_shaping=282.39 T=102 d_init=94.1 d_final=0.0
 Retrying in 1 seconds
[shaping_diag] success_cum_shaping=282.39 T=102 d_init=94.1 d_final=0.0
 Retrying in 1 seconds
[shaping_diag] success_cum_shaping=282.39 T=102 d_init=94.1 d_final=0.0
 Retrying in 1 seconds
[shaping_diag] success_cum_shaping=282.39 T=102 d_init=94.1 d_final=0.0
 Retrying in 1 seconds
[shaping_diag] success_cum_shaping=282.39 T=102 d_init=94.1 d_final=0.0
 Retrying in 1 seconds
[shaping_diag] success_cum_shaping=282.39 T=102 d_init=94.1 d_final=0.0
 Retrying in 1 seconds
[shaping_diag] success_cum_shaping=282.39 T=102 d_init=94.1 d_final=0.0
 Retrying in 1 seconds
[shaping_diag] success_cum_shaping=282.39 T=102 d_init=94.1 d_final=0.0
 Retrying in 1 seconds
[shaping_diag] success_cum_shaping=282.39 T=102 d_init=94.1 d_final=0.0
 Retrying in 1 seconds
[shaping_diag] success_cum_shaping=282.39 T=102 d_init=94.1 d_final=0.0
 Retrying in 1 seconds
[shaping_diag] success_cum_shaping=282.39 T=102 d_init=94.1 d_final=0.0
 Retrying in 1 seconds
[shaping_diag] success_cum_shaping=282.39 T=102 d_init=94.1 d_final=0.0
 Retrying in 1 seconds
[shaping_diag] success_cum_shaping=282.39 T=102 d_init=94.1 d_final=0.0
 Retrying in 1 seconds
[shaping_diag] success_cum_shaping=282.39 T=102 d_init=94.1 d_final=0.0
 Retrying in 1 seconds
[shaping_diag] success_cum_shaping=282.39 T=102 d_init=94.1 d_final=0.0
 Retrying in 1 seconds
[shaping_diag] success_cum_shaping=282.39 T=102 d_init=94.1 d_final=0.0
 Retrying in 1 seconds
[shaping_diag] success_cum_shaping=282.39 T=102 d_init=94.1 d_final=0.0
 Retrying in 1 seconds
[shaping_diag] success_cum_shaping=282.39 T=102 d_init=94.1 d_final=0.0
 Retrying in 1 seconds
[shaping_diag] success_cum_shaping=282.39 T=102 d_init=94.1 d_final=0.0
 Retrying in 1 seconds
[shaping_diag] success_cum_shaping=282.39 T=102 d_init=94.1 d_final=0.0
 Retrying in 1 seconds
[shaping_diag] success_cum_shaping=282.39 T=102 d_init=94.1 d_final=0.0
 Retrying in 1 seconds
[shaping_diag] success_cum_shaping=282.39 T=102 d_init=94.1 d_final=0.0
 Retrying in 1 seconds
[shaping_diag] success_cum_shaping=282.39 T=102 d_init=94.1 d_final=0.0
 Retrying in 1 seconds
[shaping_diag] success_cum_shaping=282.39 T=102 d_init=94.1 d_final=0.0
 Retrying in 1 seconds
[shaping_diag] success_cum_shaping=282.39 T=102 d_init=94.1 d_final=0.0
 Retrying in 1 seconds
[shaping_diag] success_cum_shaping=282.39 T=102 d_init=94.1 d_final=0.0
Warning: Vehicle 'other' performs emergency braking on lane ':center_8_0' with decel=9.00, wished=6.00, severity=1.00, time=7.10.
 Retrying in 1 seconds
[shaping_diag] success_cum_shaping=282.39 T=102 d_init=94.1 d_final=0.0
 Retrying in 1 seconds
[shaping_diag] success_cum_shaping=282.39 T=103 d_init=94.1 d_final=0.0
Warning: Vehicle 'other' performs emergency braking on lane ':center_8_0' with decel=9.00, wished=5.00, severity=1.00, time=7.10.
 Retrying in 1 seconds
[shaping_diag] success_cum_shaping=282.39 T=103 d_init=94.1 d_final=0.0
 Retrying in 1 seconds
[shaping_diag] success_cum_shaping=282.39 T=102 d_init=94.1 d_final=0.0
 Retrying in 1 seconds
[shaping_diag] success_cum_shaping=282.39 T=102 d_init=94.1 d_final=0.0
 Retrying in 1 seconds
[shaping_diag] success_cum_shaping=282.39 T=102 d_init=94.1 d_final=0.0
 Retrying in 1 seconds
[shaping_diag] success_cum_shaping=282.39 T=102 d_init=94.1 d_final=0.0
 Retrying in 1 seconds
[shaping_diag] success_cum_shaping=282.39 T=102 d_init=94.1 d_final=0.0
 Retrying in 1 seconds
[shaping_diag] success_cum_shaping=282.39 T=102 d_init=94.1 d_final=0.0
 Retrying in 1 seconds
[shaping_diag] success_cum_shaping=282.39 T=103 d_init=94.1 d_final=0.0
 Retrying in 1 seconds
[shaping_diag] success_cum_shaping=282.39 T=102 d_init=94.1 d_final=0.0
 Retrying in 1 seconds
[shaping_diag] success_cum_shaping=282.39 T=102 d_init=94.1 d_final=0.0
 Retrying in 1 seconds
[shaping_diag] success_cum_shaping=282.39 T=102 d_init=94.1 d_final=0.0
 Retrying in 1 seconds
[shaping_diag] success_cum_shaping=282.39 T=103 d_init=94.1 d_final=0.0
 Retrying in 1 seconds
[shaping_diag] success_cum_shaping=282.39 T=102 d_init=94.1 d_final=0.0
 Retrying in 1 seconds
[shaping_diag] success_cum_shaping=282.39 T=102 d_init=94.1 d_final=0.0
 Retrying in 1 seconds
[shaping_diag] success_cum_shaping=282.39 T=102 d_init=94.1 d_final=0.0
 Retrying in 1 seconds
[shaping_diag] success_cum_shaping=282.39 T=102 d_init=94.1 d_final=0.0
 Retrying in 1 seconds
[shaping_diag] success_cum_shaping=282.39 T=102 d_init=94.1 d_final=0.0
 Retrying in 1 seconds
[shaping_diag] success_cum_shaping=282.39 T=102 d_init=94.1 d_final=0.0
 Retrying in 1 seconds
[shaping_diag] success_cum_shaping=282.39 T=102 d_init=94.1 d_final=0.0
 Retrying in 1 seconds
[shaping_diag] success_cum_shaping=282.39 T=102 d_init=94.1 d_final=0.0
 Retrying in 1 seconds
[shaping_diag] success_cum_shaping=282.39 T=102 d_init=94.1 d_final=0.0
Warning: Vehicle 'other' performs emergency braking on lane ':center_8_0' with decel=9.00, wished=6.00, severity=1.00, time=7.40.
  return=416.48 coll=0.010 success=0.990 ttc=6.12 ent=0.02 brakes=1.0
Eval seed=1456 [stochastic]...
 Retrying in 1 seconds
 Retrying in 1 seconds
[shaping_diag] success_cum_shaping=282.39 T=103 d_init=94.1 d_final=0.0
 Retrying in 1 seconds
[shaping_diag] success_cum_shaping=282.39 T=103 d_init=94.1 d_final=0.0
 Retrying in 1 seconds
[shaping_diag] success_cum_shaping=282.39 T=104 d_init=94.1 d_final=0.0
 Retrying in 1 seconds
[shaping_diag] success_cum_shaping=282.39 T=103 d_init=94.1 d_final=0.0
 Retrying in 1 seconds
[shaping_diag] success_cum_shaping=282.39 T=104 d_init=94.1 d_final=0.0
 Retrying in 1 seconds
[shaping_diag] success_cum_shaping=282.39 T=105 d_init=94.1 d_final=0.0
 Retrying in 1 seconds
[shaping_diag] success_cum_shaping=282.39 T=103 d_init=94.1 d_final=0.0
Warning: Vehicle 'other' performs emergency braking on lane ':center_8_0' with decel=9.00, wished=7.00, severity=1.00, time=7.10.
 Retrying in 1 seconds
[shaping_diag] success_cum_shaping=282.39 T=103 d_init=94.1 d_final=0.0
 Retrying in 1 seconds
[shaping_diag] success_cum_shaping=282.39 T=104 d_init=94.1 d_final=0.0
 Retrying in 1 seconds
[shaping_diag] success_cum_shaping=282.39 T=103 d_init=94.1 d_final=0.0
 Retrying in 1 seconds
[shaping_diag] success_cum_shaping=282.39 T=103 d_init=94.1 d_final=0.0
 Retrying in 1 seconds
[shaping_diag] success_cum_shaping=282.39 T=103 d_init=94.1 d_final=0.0
 Retrying in 1 seconds
[shaping_diag] success_cum_shaping=282.39 T=103 d_init=94.1 d_final=0.0
 Retrying in 1 seconds
[shaping_diag] success_cum_shaping=282.39 T=103 d_init=94.1 d_final=0.0
 Retrying in 1 seconds
[shaping_diag] success_cum_shaping=282.39 T=104 d_init=94.1 d_final=0.0
Warning: Vehicle 'other' performs emergency braking on lane ':center_8_0' with decel=9.00, wished=5.00, severity=1.00, time=7.20.
 Retrying in 1 seconds
[shaping_diag] success_cum_shaping=282.39 T=104 d_init=94.1 d_final=0.0
Warning: Vehicle 'other' performs emergency braking on lane ':center_8_0' with decel=9.00, wished=5.00, severity=1.00, time=7.40.
 Retrying in 1 seconds
 Retrying in 1 seconds
[shaping_diag] success_cum_shaping=282.39 T=102 d_init=94.1 d_final=0.0
 Retrying in 1 seconds
[shaping_diag] success_cum_shaping=282.39 T=104 d_init=94.1 d_final=0.0
 Retrying in 1 seconds
[shaping_diag] success_cum_shaping=282.39 T=105 d_init=94.1 d_final=0.0
 Retrying in 1 seconds
[shaping_diag] success_cum_shaping=282.39 T=104 d_init=94.1 d_final=0.0
 Retrying in 1 seconds
[shaping_diag] success_cum_shaping=282.39 T=103 d_init=94.1 d_final=0.0
 Retrying in 1 seconds
[shaping_diag] success_cum_shaping=282.39 T=107 d_init=94.1 d_final=0.0
 Retrying in 1 seconds
[shaping_diag] success_cum_shaping=282.39 T=103 d_init=94.1 d_final=0.0
 Retrying in 1 seconds
[shaping_diag] success_cum_shaping=282.39 T=105 d_init=94.1 d_final=0.0
 Retrying in 1 seconds
[shaping_diag] success_cum_shaping=282.39 T=116 d_init=94.1 d_final=0.0
 Retrying in 1 seconds
[shaping_diag] success_cum_shaping=282.39 T=103 d_init=94.1 d_final=0.0
 Retrying in 1 seconds
[shaping_diag] success_cum_shaping=282.39 T=103 d_init=94.1 d_final=0.0
 Retrying in 1 seconds
[shaping_diag] success_cum_shaping=282.39 T=103 d_init=94.1 d_final=0.0
 Retrying in 1 seconds
[shaping_diag] success_cum_shaping=282.39 T=103 d_init=94.1 d_final=0.0
 Retrying in 1 seconds
[shaping_diag] success_cum_shaping=282.39 T=103 d_init=94.1 d_final=0.0
 Retrying in 1 seconds
[shaping_diag] success_cum_shaping=282.39 T=103 d_init=94.1 d_final=0.0
 Retrying in 1 seconds
[shaping_diag] success_cum_shaping=282.39 T=103 d_init=94.1 d_final=0.0
 Retrying in 1 seconds
[shaping_diag] success_cum_shaping=282.39 T=103 d_init=94.1 d_final=0.0
 Retrying in 1 seconds
[shaping_diag] success_cum_shaping=282.39 T=103 d_init=94.1 d_final=0.0
 Retrying in 1 seconds
[shaping_diag] success_cum_shaping=282.39 T=104 d_init=94.1 d_final=0.0
 Retrying in 1 seconds
[shaping_diag] success_cum_shaping=282.39 T=103 d_init=94.1 d_final=0.0
 Retrying in 1 seconds
[shaping_diag] success_cum_shaping=282.39 T=103 d_init=94.1 d_final=0.0
 Retrying in 1 seconds
[shaping_diag] success_cum_shaping=282.39 T=104 d_init=94.1 d_final=0.0
 Retrying in 1 seconds
[shaping_diag] success_cum_shaping=282.39 T=105 d_init=94.1 d_final=0.0
 Retrying in 1 seconds
[shaping_diag] success_cum_shaping=282.39 T=103 d_init=94.1 d_final=0.0
 Retrying in 1 seconds
[shaping_diag] success_cum_shaping=282.39 T=104 d_init=94.1 d_final=0.0
 Retrying in 1 seconds
[shaping_diag] success_cum_shaping=282.39 T=103 d_init=94.1 d_final=0.0
 Retrying in 1 seconds
[shaping_diag] success_cum_shaping=282.39 T=103 d_init=94.1 d_final=0.0
 Retrying in 1 seconds
[shaping_diag] success_cum_shaping=282.39 T=103 d_init=94.1 d_final=0.0
 Retrying in 1 seconds
[shaping_diag] success_cum_shaping=282.39 T=104 d_init=94.1 d_final=0.0
 Retrying in 1 seconds
[shaping_diag] success_cum_shaping=282.39 T=103 d_init=94.1 d_final=0.0
 Retrying in 1 seconds
[shaping_diag] success_cum_shaping=282.39 T=104 d_init=94.1 d_final=0.0
 Retrying in 1 seconds
[shaping_diag] success_cum_shaping=282.39 T=106 d_init=94.1 d_final=0.0
 Retrying in 1 seconds
[shaping_diag] success_cum_shaping=282.39 T=103 d_init=94.1 d_final=0.0
 Retrying in 1 seconds
[shaping_diag] success_cum_shaping=282.39 T=103 d_init=94.1 d_final=0.0
 Retrying in 1 seconds
[shaping_diag] success_cum_shaping=282.39 T=106 d_init=94.1 d_final=0.0
 Retrying in 1 seconds
[shaping_diag] success_cum_shaping=282.39 T=104 d_init=94.1 d_final=0.0
 Retrying in 1 seconds
[shaping_diag] success_cum_shaping=282.39 T=102 d_init=94.1 d_final=0.0
 Retrying in 1 seconds
[shaping_diag] success_cum_shaping=282.39 T=104 d_init=94.1 d_final=0.0
 Retrying in 1 seconds
[shaping_diag] success_cum_shaping=282.39 T=103 d_init=94.1 d_final=0.0
 Retrying in 1 seconds
[shaping_diag] success_cum_shaping=282.39 T=103 d_init=94.1 d_final=0.0
 Retrying in 1 seconds
[shaping_diag] success_cum_shaping=282.39 T=105 d_init=94.1 d_final=0.0
 Retrying in 1 seconds
[shaping_diag] success_cum_shaping=282.39 T=104 d_init=94.1 d_final=0.0
 Retrying in 1 seconds
[shaping_diag] success_cum_shaping=282.39 T=103 d_init=94.1 d_final=0.0
 Retrying in 1 seconds
[shaping_diag] success_cum_shaping=282.39 T=105 d_init=94.1 d_final=0.0
 Retrying in 1 seconds
[shaping_diag] success_cum_shaping=282.39 T=104 d_init=94.1 d_final=0.0
 Retrying in 1 seconds
[shaping_diag] success_cum_shaping=282.39 T=103 d_init=94.1 d_final=0.0
 Retrying in 1 seconds
[shaping_diag] success_cum_shaping=282.39 T=103 d_init=94.1 d_final=0.0
 Retrying in 1 seconds
[shaping_diag] success_cum_shaping=282.39 T=103 d_init=94.1 d_final=0.0
 Retrying in 1 seconds
[shaping_diag] success_cum_shaping=282.39 T=104 d_init=94.1 d_final=0.0
 Retrying in 1 seconds
[shaping_diag] success_cum_shaping=282.39 T=104 d_init=94.1 d_final=0.0
 Retrying in 1 seconds
[shaping_diag] success_cum_shaping=282.39 T=103 d_init=94.1 d_final=0.0
 Retrying in 1 seconds
[shaping_diag] success_cum_shaping=282.39 T=102 d_init=94.1 d_final=0.0
 Retrying in 1 seconds
[shaping_diag] success_cum_shaping=282.39 T=103 d_init=94.1 d_final=0.0
 Retrying in 1 seconds
[shaping_diag] success_cum_shaping=282.39 T=103 d_init=94.1 d_final=0.0
 Retrying in 1 seconds
[shaping_diag] success_cum_shaping=282.39 T=103 d_init=94.1 d_final=0.0
 Retrying in 1 seconds
[shaping_diag] success_cum_shaping=282.39 T=105 d_init=94.1 d_final=0.0
 Retrying in 1 seconds
[shaping_diag] success_cum_shaping=282.39 T=103 d_init=94.1 d_final=0.0
 Retrying in 1 seconds
[shaping_diag] success_cum_shaping=282.39 T=104 d_init=94.1 d_final=0.0
 Retrying in 1 seconds
[shaping_diag] success_cum_shaping=282.39 T=102 d_init=94.1 d_final=0.0
Warning: Vehicle 'other' performs emergency braking on lane ':center_8_0' with decel=9.00, wished=6.00, severity=1.00, time=7.10.
 Retrying in 1 seconds
[shaping_diag] success_cum_shaping=282.39 T=104 d_init=94.1 d_final=0.0
 Retrying in 1 seconds
[shaping_diag] success_cum_shaping=282.39 T=104 d_init=94.1 d_final=0.0
Warning: Vehicle 'other' performs emergency braking on lane ':center_8_0' with decel=9.00, wished=5.00, severity=1.00, time=7.10.
 Retrying in 1 seconds
[shaping_diag] success_cum_shaping=282.39 T=103 d_init=94.1 d_final=0.0
 Retrying in 1 seconds
[shaping_diag] success_cum_shaping=282.39 T=103 d_init=94.1 d_final=0.0
 Retrying in 1 seconds
[shaping_diag] success_cum_shaping=282.39 T=103 d_init=94.1 d_final=0.0
 Retrying in 1 seconds
[shaping_diag] success_cum_shaping=282.39 T=104 d_init=94.1 d_final=0.0
 Retrying in 1 seconds
[shaping_diag] success_cum_shaping=282.39 T=104 d_init=94.1 d_final=0.0
 Retrying in 1 seconds
[shaping_diag] success_cum_shaping=282.39 T=103 d_init=94.1 d_final=0.0
 Retrying in 1 seconds
[shaping_diag] success_cum_shaping=282.39 T=104 d_init=94.1 d_final=0.0
 Retrying in 1 seconds
[shaping_diag] success_cum_shaping=282.39 T=105 d_init=94.1 d_final=0.0
 Retrying in 1 seconds
[shaping_diag] success_cum_shaping=282.39 T=103 d_init=94.1 d_final=0.0
 Retrying in 1 seconds
[shaping_diag] success_cum_shaping=282.39 T=104 d_init=94.1 d_final=0.0
 Retrying in 1 seconds
[shaping_diag] success_cum_shaping=282.39 T=102 d_init=94.1 d_final=0.0
 Retrying in 1 seconds
[shaping_diag] success_cum_shaping=282.39 T=102 d_init=94.1 d_final=0.0
 Retrying in 1 seconds
[shaping_diag] success_cum_shaping=282.39 T=104 d_init=94.1 d_final=0.0
 Retrying in 1 seconds
[shaping_diag] success_cum_shaping=282.39 T=103 d_init=94.1 d_final=0.0
 Retrying in 1 seconds
[shaping_diag] success_cum_shaping=282.39 T=103 d_init=94.1 d_final=0.0
 Retrying in 1 seconds
[shaping_diag] success_cum_shaping=282.39 T=104 d_init=94.1 d_final=0.0
 Retrying in 1 seconds
[shaping_diag] success_cum_shaping=282.39 T=104 d_init=94.1 d_final=0.0
 Retrying in 1 seconds
[shaping_diag] success_cum_shaping=282.39 T=103 d_init=94.1 d_final=0.0
 Retrying in 1 seconds
[shaping_diag] success_cum_shaping=282.39 T=104 d_init=94.1 d_final=0.0
 Retrying in 1 seconds
[shaping_diag] success_cum_shaping=282.39 T=103 d_init=94.1 d_final=0.0
 Retrying in 1 seconds
[shaping_diag] success_cum_shaping=282.39 T=103 d_init=94.1 d_final=0.0
  return=409.25 coll=0.020 success=0.980 ttc=6.10 ent=0.48 brakes=1.0
Eval seed=2456 [deterministic]...
 Retrying in 1 seconds
[shaping_diag] success_cum_shaping=282.39 T=102 d_init=94.1 d_final=0.0
 Retrying in 1 seconds
[shaping_diag] success_cum_shaping=282.39 T=102 d_init=94.1 d_final=0.0
 Retrying in 1 seconds
[shaping_diag] success_cum_shaping=282.39 T=102 d_init=94.1 d_final=0.0
 Retrying in 1 seconds
[shaping_diag] success_cum_shaping=282.39 T=102 d_init=94.1 d_final=0.0
 Retrying in 1 seconds
[shaping_diag] success_cum_shaping=282.39 T=102 d_init=94.1 d_final=0.0
 Retrying in 1 seconds
[shaping_diag] success_cum_shaping=282.39 T=102 d_init=94.1 d_final=0.0
 Retrying in 1 seconds
[shaping_diag] success_cum_shaping=282.39 T=102 d_init=94.1 d_final=0.0
 Retrying in 1 seconds
[shaping_diag] success_cum_shaping=282.39 T=102 d_init=94.1 d_final=0.0
 Retrying in 1 seconds
[shaping_diag] success_cum_shaping=282.39 T=102 d_init=94.1 d_final=0.0
 Retrying in 1 seconds
[shaping_diag] success_cum_shaping=282.39 T=102 d_init=94.1 d_final=0.0
 Retrying in 1 seconds
[shaping_diag] success_cum_shaping=282.39 T=102 d_init=94.1 d_final=0.0
 Retrying in 1 seconds
[shaping_diag] success_cum_shaping=282.39 T=102 d_init=94.1 d_final=0.0
 Retrying in 1 seconds
[shaping_diag] success_cum_shaping=282.39 T=102 d_init=94.1 d_final=0.0
 Retrying in 1 seconds
[shaping_diag] success_cum_shaping=282.39 T=102 d_init=94.1 d_final=0.0
 Retrying in 1 seconds
[shaping_diag] success_cum_shaping=282.39 T=102 d_init=94.1 d_final=0.0
 Retrying in 1 seconds
[shaping_diag] success_cum_shaping=282.39 T=102 d_init=94.1 d_final=0.0
 Retrying in 1 seconds
[shaping_diag] success_cum_shaping=282.39 T=102 d_init=94.1 d_final=0.0
 Retrying in 1 seconds
[shaping_diag] success_cum_shaping=282.39 T=102 d_init=94.1 d_final=0.0
 Retrying in 1 seconds
[shaping_diag] success_cum_shaping=282.39 T=102 d_init=94.1 d_final=0.0
Warning: Vehicle 'ego'; junction collision with vehicle 'other', lane=':center_4_0', gap=-1.00, time=7.10 stage=move.
 Retrying in 1 seconds
 Retrying in 1 seconds
 Retrying in 1 seconds
[shaping_diag] success_cum_shaping=282.39 T=102 d_init=94.1 d_final=0.0
 Retrying in 1 seconds
[shaping_diag] success_cum_shaping=282.39 T=102 d_init=94.1 d_final=0.0
 Retrying in 1 seconds
[shaping_diag] success_cum_shaping=282.39 T=102 d_init=94.1 d_final=0.0
 Retrying in 1 seconds
[shaping_diag] success_cum_shaping=282.39 T=102 d_init=94.1 d_final=0.0
 Retrying in 1 seconds
[shaping_diag] success_cum_shaping=282.39 T=102 d_init=94.1 d_final=0.0
 Retrying in 1 seconds
[shaping_diag] success_cum_shaping=282.39 T=102 d_init=94.1 d_final=0.0
 Retrying in 1 seconds
[shaping_diag] success_cum_shaping=282.39 T=103 d_init=94.1 d_final=0.0
 Retrying in 1 seconds
[shaping_diag] success_cum_shaping=282.39 T=102 d_init=94.1 d_final=0.0
 Retrying in 1 seconds
[shaping_diag] success_cum_shaping=282.39 T=102 d_init=94.1 d_final=0.0
 Retrying in 1 seconds
[shaping_diag] success_cum_shaping=282.39 T=102 d_init=94.1 d_final=0.0
 Retrying in 1 seconds
[shaping_diag] success_cum_shaping=282.39 T=102 d_init=94.1 d_final=0.0
 Retrying in 1 seconds
[shaping_diag] success_cum_shaping=282.39 T=102 d_init=94.1 d_final=0.0
 Retrying in 1 seconds
[shaping_diag] success_cum_shaping=282.39 T=102 d_init=94.1 d_final=0.0
 Retrying in 1 seconds
[shaping_diag] success_cum_shaping=282.39 T=102 d_init=94.1 d_final=0.0
 Retrying in 1 seconds
[shaping_diag] success_cum_shaping=282.39 T=102 d_init=94.1 d_final=0.0
 Retrying in 1 seconds
[shaping_diag] success_cum_shaping=282.39 T=102 d_init=94.1 d_final=0.0
 Retrying in 1 seconds
[shaping_diag] success_cum_shaping=282.39 T=102 d_init=94.1 d_final=0.0
 Retrying in 1 seconds
[shaping_diag] success_cum_shaping=282.39 T=102 d_init=94.1 d_final=0.0
 Retrying in 1 seconds
[shaping_diag] success_cum_shaping=282.39 T=103 d_init=94.1 d_final=0.0
 Retrying in 1 seconds
[shaping_diag] success_cum_shaping=282.39 T=102 d_init=94.1 d_final=0.0
 Retrying in 1 seconds
[shaping_diag] success_cum_shaping=282.39 T=102 d_init=94.1 d_final=0.0
 Retrying in 1 seconds
[shaping_diag] success_cum_shaping=282.39 T=102 d_init=94.1 d_final=0.0
 Retrying in 1 seconds
[shaping_diag] success_cum_shaping=282.39 T=102 d_init=94.1 d_final=0.0
 Retrying in 1 seconds
[shaping_diag] success_cum_shaping=282.39 T=102 d_init=94.1 d_final=0.0
 Retrying in 1 seconds
[shaping_diag] success_cum_shaping=282.39 T=102 d_init=94.1 d_final=0.0
 Retrying in 1 seconds
[shaping_diag] success_cum_shaping=282.39 T=102 d_init=94.1 d_final=0.0
 Retrying in 1 seconds
[shaping_diag] success_cum_shaping=282.39 T=102 d_init=94.1 d_final=0.0
 Retrying in 1 seconds
[shaping_diag] success_cum_shaping=282.39 T=102 d_init=94.1 d_final=0.0
 Retrying in 1 seconds
[shaping_diag] success_cum_shaping=282.39 T=102 d_init=94.1 d_final=0.0
 Retrying in 1 seconds
[shaping_diag] success_cum_shaping=282.39 T=102 d_init=94.1 d_final=0.0
 Retrying in 1 seconds
[shaping_diag] success_cum_shaping=282.39 T=102 d_init=94.1 d_final=0.0
 Retrying in 1 seconds
[shaping_diag] success_cum_shaping=282.39 T=102 d_init=94.1 d_final=0.0
 Retrying in 1 seconds
[shaping_diag] success_cum_shaping=282.39 T=102 d_init=94.1 d_final=0.0
 Retrying in 1 seconds
[shaping_diag] success_cum_shaping=282.39 T=102 d_init=94.1 d_final=0.0
 Retrying in 1 seconds
[shaping_diag] success_cum_shaping=282.39 T=102 d_init=94.1 d_final=0.0
 Retrying in 1 seconds
[shaping_diag] success_cum_shaping=282.39 T=102 d_init=94.1 d_final=0.0
 Retrying in 1 seconds
[shaping_diag] success_cum_shaping=282.39 T=102 d_init=94.1 d_final=0.0
 Retrying in 1 seconds
[shaping_diag] success_cum_shaping=282.39 T=102 d_init=94.1 d_final=0.0
 Retrying in 1 seconds
[shaping_diag] success_cum_shaping=282.39 T=102 d_init=94.1 d_final=0.0
 Retrying in 1 seconds
[shaping_diag] success_cum_shaping=282.39 T=102 d_init=94.1 d_final=0.0
 Retrying in 1 seconds
[shaping_diag] success_cum_shaping=282.39 T=102 d_init=94.1 d_final=0.0
 Retrying in 1 seconds
[shaping_diag] success_cum_shaping=282.39 T=102 d_init=94.1 d_final=0.0
Warning: Vehicle 'other' performs emergency braking on lane ':center_8_0' with decel=9.00, wished=6.00, severity=1.00, time=7.10.
Warning: Vehicle 'ego'; junction collision with vehicle 'other', lane=':center_4_0', gap=-1.00, time=7.30 stage=move.
 Retrying in 1 seconds
 Retrying in 1 seconds
[shaping_diag] success_cum_shaping=282.39 T=103 d_init=94.1 d_final=0.0
 Retrying in 1 seconds
[shaping_diag] success_cum_shaping=282.39 T=102 d_init=94.1 d_final=0.0
 Retrying in 1 seconds
[shaping_diag] success_cum_shaping=282.39 T=103 d_init=94.1 d_final=0.0
 Retrying in 1 seconds
[shaping_diag] success_cum_shaping=282.39 T=102 d_init=94.1 d_final=0.0
 Retrying in 1 seconds
[shaping_diag] success_cum_shaping=282.39 T=102 d_init=94.1 d_final=0.0
 Retrying in 1 seconds
[shaping_diag] success_cum_shaping=282.39 T=102 d_init=94.1 d_final=0.0
 Retrying in 1 seconds
[shaping_diag] success_cum_shaping=282.39 T=102 d_init=94.1 d_final=0.0
 Retrying in 1 seconds
[shaping_diag] success_cum_shaping=282.39 T=102 d_init=94.1 d_final=0.0
 Retrying in 1 seconds
[shaping_diag] success_cum_shaping=282.39 T=102 d_init=94.1 d_final=0.0
Warning: Vehicle 'other' performs emergency braking on lane ':center_8_0' with decel=9.00, wished=7.00, severity=1.00, time=7.10.
 Retrying in 1 seconds
[shaping_diag] success_cum_shaping=282.39 T=102 d_init=94.1 d_final=0.0
 Retrying in 1 seconds
[shaping_diag] success_cum_shaping=282.39 T=102 d_init=94.1 d_final=0.0
 Retrying in 1 seconds
[shaping_diag] success_cum_shaping=282.39 T=102 d_init=94.1 d_final=0.0
 Retrying in 1 seconds
[shaping_diag] success_cum_shaping=282.39 T=102 d_init=94.1 d_final=0.0
 Retrying in 1 seconds
[shaping_diag] success_cum_shaping=282.39 T=102 d_init=94.1 d_final=0.0
 Retrying in 1 seconds
[shaping_diag] success_cum_shaping=282.39 T=102 d_init=94.1 d_final=0.0
 Retrying in 1 seconds
[shaping_diag] success_cum_shaping=282.39 T=102 d_init=94.1 d_final=0.0
 Retrying in 1 seconds
[shaping_diag] success_cum_shaping=282.39 T=102 d_init=94.1 d_final=0.0
 Retrying in 1 seconds
[shaping_diag] success_cum_shaping=282.39 T=102 d_init=94.1 d_final=0.0
 Retrying in 1 seconds
[shaping_diag] success_cum_shaping=282.39 T=102 d_init=94.1 d_final=0.0
 Retrying in 1 seconds
[shaping_diag] success_cum_shaping=282.39 T=102 d_init=94.1 d_final=0.0
 Retrying in 1 seconds
[shaping_diag] success_cum_shaping=282.39 T=102 d_init=94.1 d_final=0.0
Warning: Vehicle 'other' performs emergency braking on lane ':center_8_0' with decel=9.00, wished=5.00, severity=1.00, time=7.10.
 Retrying in 1 seconds
[shaping_diag] success_cum_shaping=282.39 T=102 d_init=94.1 d_final=0.0
 Retrying in 1 seconds
[shaping_diag] success_cum_shaping=282.39 T=102 d_init=94.1 d_final=0.0
 Retrying in 1 seconds
[shaping_diag] success_cum_shaping=282.39 T=102 d_init=94.1 d_final=0.0
 Retrying in 1 seconds
[shaping_diag] success_cum_shaping=282.39 T=102 d_init=94.1 d_final=0.0
 Retrying in 1 seconds
[shaping_diag] success_cum_shaping=282.39 T=102 d_init=94.1 d_final=0.0
 Retrying in 1 seconds
[shaping_diag] success_cum_shaping=282.39 T=103 d_init=94.1 d_final=0.0
 Retrying in 1 seconds
[shaping_diag] success_cum_shaping=282.39 T=102 d_init=94.1 d_final=0.0
 Retrying in 1 seconds
[shaping_diag] success_cum_shaping=282.39 T=102 d_init=94.1 d_final=0.0
 Retrying in 1 seconds
[shaping_diag] success_cum_shaping=282.39 T=102 d_init=94.1 d_final=0.0
 Retrying in 1 seconds
[shaping_diag] success_cum_shaping=282.39 T=102 d_init=94.1 d_final=0.0
 Retrying in 1 seconds
[shaping_diag] success_cum_shaping=282.39 T=102 d_init=94.1 d_final=0.0
 Retrying in 1 seconds
[shaping_diag] success_cum_shaping=282.39 T=102 d_init=94.1 d_final=0.0
 Retrying in 1 seconds
[shaping_diag] success_cum_shaping=282.39 T=102 d_init=94.1 d_final=0.0
 Retrying in 1 seconds
[shaping_diag] success_cum_shaping=282.39 T=102 d_init=94.1 d_final=0.0
 Retrying in 1 seconds
[shaping_diag] success_cum_shaping=282.39 T=102 d_init=94.1 d_final=0.0
  return=410.61 coll=0.030 success=0.970 ttc=6.08 ent=0.01 brakes=1.0
Eval seed=2456 [stochastic]...
 Retrying in 1 seconds
[shaping_diag] success_cum_shaping=282.39 T=103 d_init=94.1 d_final=0.0
 Retrying in 1 seconds
[shaping_diag] success_cum_shaping=282.39 T=103 d_init=94.1 d_final=0.0
 Retrying in 1 seconds
[shaping_diag] success_cum_shaping=282.39 T=104 d_init=94.1 d_final=0.0
 Retrying in 1 seconds
[shaping_diag] success_cum_shaping=282.39 T=102 d_init=94.1 d_final=0.0
 Retrying in 1 seconds
[shaping_diag] success_cum_shaping=282.39 T=104 d_init=94.1 d_final=0.0
 Retrying in 1 seconds
[shaping_diag] success_cum_shaping=282.39 T=104 d_init=94.1 d_final=0.0
 Retrying in 1 seconds
[shaping_diag] success_cum_shaping=282.39 T=106 d_init=94.1 d_final=0.0
 Retrying in 1 seconds
[shaping_diag] success_cum_shaping=282.39 T=103 d_init=94.1 d_final=0.0
 Retrying in 1 seconds
[shaping_diag] success_cum_shaping=282.39 T=103 d_init=94.1 d_final=0.0
 Retrying in 1 seconds
[shaping_diag] success_cum_shaping=282.39 T=103 d_init=94.1 d_final=0.0
 Retrying in 1 seconds
[shaping_diag] success_cum_shaping=282.39 T=103 d_init=94.1 d_final=0.0
 Retrying in 1 seconds
[shaping_diag] success_cum_shaping=282.39 T=103 d_init=94.1 d_final=0.0
 Retrying in 1 seconds
[shaping_diag] success_cum_shaping=282.39 T=104 d_init=94.1 d_final=0.0
 Retrying in 1 seconds
[shaping_diag] success_cum_shaping=282.39 T=103 d_init=94.1 d_final=0.0
Warning: Vehicle 'other' performs emergency braking on lane ':center_8_0' with decel=9.00, wished=5.00, severity=1.00, time=7.20.
 Retrying in 1 seconds
[shaping_diag] success_cum_shaping=282.39 T=104 d_init=94.1 d_final=0.0
 Retrying in 1 seconds
[shaping_diag] success_cum_shaping=282.39 T=105 d_init=94.1 d_final=0.0
 Retrying in 1 seconds
[shaping_diag] success_cum_shaping=282.39 T=105 d_init=94.1 d_final=0.0
 Retrying in 1 seconds
[shaping_diag] success_cum_shaping=282.39 T=104 d_init=94.1 d_final=0.0
 Retrying in 1 seconds
[shaping_diag] success_cum_shaping=282.39 T=105 d_init=94.1 d_final=0.0
Warning: Vehicle 'ego'; junction collision with vehicle 'other', lane=':center_4_0', gap=-1.00, time=7.20 stage=move.
Warning: Vehicle 'ego'; collision with vehicle 'other', lane='right_out_0', gap=-1.64, time=7.60 stage=move.
Warning: Vehicle 'other' performs emergency braking on lane ':center_8_0' with decel=9.00, wished=7.00, severity=1.00, time=7.20.
 Retrying in 1 seconds
 Retrying in 1 seconds
 Retrying in 1 seconds
[shaping_diag] success_cum_shaping=282.39 T=104 d_init=94.1 d_final=0.0
 Retrying in 1 seconds
[shaping_diag] success_cum_shaping=282.39 T=103 d_init=94.1 d_final=0.0
 Retrying in 1 seconds
[shaping_diag] success_cum_shaping=282.39 T=105 d_init=94.1 d_final=0.0
 Retrying in 1 seconds
[shaping_diag] success_cum_shaping=282.39 T=103 d_init=94.1 d_final=0.0
 Retrying in 1 seconds
[shaping_diag] success_cum_shaping=282.39 T=104 d_init=94.1 d_final=0.0
 Retrying in 1 seconds
[shaping_diag] success_cum_shaping=282.39 T=104 d_init=94.1 d_final=0.0
 Retrying in 1 seconds
[shaping_diag] success_cum_shaping=282.39 T=104 d_init=94.1 d_final=0.0
 Retrying in 1 seconds
[shaping_diag] success_cum_shaping=282.39 T=104 d_init=94.1 d_final=0.0
 Retrying in 1 seconds
[shaping_diag] success_cum_shaping=282.39 T=104 d_init=94.1 d_final=0.0
Warning: Vehicle 'other' performs emergency braking on lane ':center_8_0' with decel=9.00, wished=7.00, severity=1.00, time=7.10.
 Retrying in 1 seconds
[shaping_diag] success_cum_shaping=282.39 T=104 d_init=94.1 d_final=0.0
 Retrying in 1 seconds
[shaping_diag] success_cum_shaping=282.39 T=103 d_init=94.1 d_final=0.0
 Retrying in 1 seconds
[shaping_diag] success_cum_shaping=282.39 T=105 d_init=94.1 d_final=0.0
 Retrying in 1 seconds
[shaping_diag] success_cum_shaping=282.39 T=110 d_init=94.1 d_final=0.0
 Retrying in 1 seconds
[shaping_diag] success_cum_shaping=282.39 T=103 d_init=94.1 d_final=0.0
 Retrying in 1 seconds
[shaping_diag] success_cum_shaping=282.39 T=103 d_init=94.1 d_final=0.0
 Retrying in 1 seconds
[shaping_diag] success_cum_shaping=282.39 T=103 d_init=94.1 d_final=0.0
 Retrying in 1 seconds
[shaping_diag] success_cum_shaping=282.39 T=104 d_init=94.1 d_final=0.0
 Retrying in 1 seconds
[shaping_diag] success_cum_shaping=282.39 T=104 d_init=94.1 d_final=0.0
 Retrying in 1 seconds
[shaping_diag] success_cum_shaping=282.39 T=103 d_init=94.1 d_final=0.0
 Retrying in 1 seconds
[shaping_diag] success_cum_shaping=282.39 T=104 d_init=94.1 d_final=0.0
 Retrying in 1 seconds
[shaping_diag] success_cum_shaping=282.39 T=103 d_init=94.1 d_final=0.0
 Retrying in 1 seconds
[shaping_diag] success_cum_shaping=282.39 T=105 d_init=94.1 d_final=0.0
 Retrying in 1 seconds
[shaping_diag] success_cum_shaping=282.39 T=103 d_init=94.1 d_final=0.0
 Retrying in 1 seconds
[shaping_diag] success_cum_shaping=282.39 T=102 d_init=94.1 d_final=0.0
 Retrying in 1 seconds
[shaping_diag] success_cum_shaping=282.39 T=104 d_init=94.1 d_final=0.0
 Retrying in 1 seconds
[shaping_diag] success_cum_shaping=282.39 T=103 d_init=94.1 d_final=0.0
 Retrying in 1 seconds
[shaping_diag] success_cum_shaping=282.39 T=103 d_init=94.1 d_final=0.0
 Retrying in 1 seconds
[shaping_diag] success_cum_shaping=282.39 T=106 d_init=94.1 d_final=0.0
 Retrying in 1 seconds
[shaping_diag] success_cum_shaping=282.39 T=103 d_init=94.1 d_final=0.0
 Retrying in 1 seconds
[shaping_diag] success_cum_shaping=282.39 T=106 d_init=94.1 d_final=0.0
 Retrying in 1 seconds
[shaping_diag] success_cum_shaping=282.39 T=103 d_init=94.1 d_final=0.0
 Retrying in 1 seconds
[shaping_diag] success_cum_shaping=282.39 T=103 d_init=94.1 d_final=0.0
 Retrying in 1 seconds
[shaping_diag] success_cum_shaping=282.39 T=103 d_init=94.1 d_final=0.0
 Retrying in 1 seconds
[shaping_diag] success_cum_shaping=282.39 T=103 d_init=94.1 d_final=0.0
 Retrying in 1 seconds
[shaping_diag] success_cum_shaping=282.39 T=103 d_init=94.1 d_final=0.0
 Retrying in 1 seconds
[shaping_diag] success_cum_shaping=282.39 T=103 d_init=94.1 d_final=0.0
 Retrying in 1 seconds
[shaping_diag] success_cum_shaping=282.39 T=103 d_init=94.1 d_final=0.0
 Retrying in 1 seconds
[shaping_diag] success_cum_shaping=282.39 T=104 d_init=94.1 d_final=0.0
 Retrying in 1 seconds
[shaping_diag] success_cum_shaping=282.39 T=107 d_init=94.1 d_final=0.0
 Retrying in 1 seconds
[shaping_diag] success_cum_shaping=282.39 T=104 d_init=94.1 d_final=0.0
 Retrying in 1 seconds
[shaping_diag] success_cum_shaping=282.39 T=103 d_init=94.1 d_final=0.0
 Retrying in 1 seconds
[shaping_diag] success_cum_shaping=282.39 T=104 d_init=94.1 d_final=0.0
Warning: Vehicle 'ego'; junction collision with vehicle 'other', lane=':center_4_0', gap=-1.00, time=7.50 stage=move.
 Retrying in 1 seconds
 Retrying in 1 seconds
[shaping_diag] success_cum_shaping=282.39 T=103 d_init=94.1 d_final=0.0
 Retrying in 1 seconds
[shaping_diag] success_cum_shaping=282.39 T=104 d_init=94.1 d_final=0.0
Warning: Vehicle 'other' performs emergency braking on lane ':center_8_0' with decel=9.00, wished=5.00, severity=1.00, time=7.30.
 Retrying in 1 seconds
[shaping_diag] success_cum_shaping=282.39 T=105 d_init=94.1 d_final=0.0
 Retrying in 1 seconds
[shaping_diag] success_cum_shaping=282.39 T=102 d_init=94.1 d_final=0.0
 Retrying in 1 seconds
[shaping_diag] success_cum_shaping=282.39 T=103 d_init=94.1 d_final=0.0
 Retrying in 1 seconds
[shaping_diag] success_cum_shaping=282.39 T=103 d_init=94.1 d_final=0.0
 Retrying in 1 seconds
[shaping_diag] success_cum_shaping=282.39 T=102 d_init=94.1 d_final=0.0
 Retrying in 1 seconds
[shaping_diag] success_cum_shaping=282.39 T=103 d_init=94.1 d_final=0.0
 Retrying in 1 seconds
[shaping_diag] success_cum_shaping=282.39 T=105 d_init=94.1 d_final=0.0
Warning: Vehicle 'other' performs emergency braking on lane ':center_8_0' with decel=9.00, wished=7.00, severity=1.00, time=7.30.
 Retrying in 1 seconds
 Retrying in 1 seconds
[shaping_diag] success_cum_shaping=282.39 T=103 d_init=94.1 d_final=0.0
 Retrying in 1 seconds
[shaping_diag] success_cum_shaping=282.39 T=103 d_init=94.1 d_final=0.0
 Retrying in 1 seconds
[shaping_diag] success_cum_shaping=282.39 T=102 d_init=94.1 d_final=0.0
 Retrying in 1 seconds
[shaping_diag] success_cum_shaping=282.39 T=103 d_init=94.1 d_final=0.0
 Retrying in 1 seconds
[shaping_diag] success_cum_shaping=282.39 T=102 d_init=94.1 d_final=0.0
 Retrying in 1 seconds
[shaping_diag] success_cum_shaping=282.39 T=103 d_init=94.1 d_final=0.0
 Retrying in 1 seconds
[shaping_diag] success_cum_shaping=282.39 T=104 d_init=94.1 d_final=0.0
 Retrying in 1 seconds
[shaping_diag] success_cum_shaping=282.39 T=103 d_init=94.1 d_final=0.0
 Retrying in 1 seconds
[shaping_diag] success_cum_shaping=282.39 T=103 d_init=94.1 d_final=0.0
 Retrying in 1 seconds
[shaping_diag] success_cum_shaping=282.39 T=104 d_init=94.1 d_final=0.0
 Retrying in 1 seconds
[shaping_diag] success_cum_shaping=282.39 T=103 d_init=94.1 d_final=0.0
Warning: Vehicle 'other' performs emergency braking on lane ':center_8_0' with decel=9.00, wished=5.00, severity=1.00, time=7.10.
 Retrying in 1 seconds
[shaping_diag] success_cum_shaping=282.39 T=103 d_init=94.1 d_final=0.0
 Retrying in 1 seconds
[shaping_diag] success_cum_shaping=282.39 T=103 d_init=94.1 d_final=0.0
 Retrying in 1 seconds
[shaping_diag] success_cum_shaping=282.39 T=105 d_init=94.1 d_final=0.0
 Retrying in 1 seconds
[shaping_diag] success_cum_shaping=282.39 T=106 d_init=94.1 d_final=0.0
 Retrying in 1 seconds
[shaping_diag] success_cum_shaping=282.39 T=104 d_init=94.1 d_final=0.0
 Retrying in 1 seconds
[shaping_diag] success_cum_shaping=282.39 T=103 d_init=94.1 d_final=0.0
 Retrying in 1 seconds
[shaping_diag] success_cum_shaping=282.39 T=105 d_init=94.1 d_final=0.0
 Retrying in 1 seconds
[shaping_diag] success_cum_shaping=282.39 T=107 d_init=94.1 d_final=0.0
 Retrying in 1 seconds
[shaping_diag] success_cum_shaping=282.39 T=103 d_init=94.1 d_final=0.0
 Retrying in 1 seconds
[shaping_diag] success_cum_shaping=282.39 T=103 d_init=94.1 d_final=0.0
 Retrying in 1 seconds
[shaping_diag] success_cum_shaping=282.39 T=103 d_init=94.1 d_final=0.0
 Retrying in 1 seconds
[shaping_diag] success_cum_shaping=282.39 T=103 d_init=94.1 d_final=0.0
 Retrying in 1 seconds
[shaping_diag] success_cum_shaping=282.39 T=105 d_init=94.1 d_final=0.0
 Retrying in 1 seconds
[shaping_diag] success_cum_shaping=282.39 T=107 d_init=94.1 d_final=0.0
 Retrying in 1 seconds
[shaping_diag] success_cum_shaping=282.39 T=103 d_init=94.1 d_final=0.0
  return=403.53 coll=0.040 success=0.960 ttc=6.08 ent=0.46 brakes=1.0
Eval seed=3456 [deterministic]...
 Retrying in 1 seconds
[shaping_diag] success_cum_shaping=282.39 T=102 d_init=94.1 d_final=0.0
 Retrying in 1 seconds
[shaping_diag] success_cum_shaping=282.39 T=103 d_init=94.1 d_final=0.0
 Retrying in 1 seconds
[shaping_diag] success_cum_shaping=282.39 T=102 d_init=94.1 d_final=0.0
 Retrying in 1 seconds
[shaping_diag] success_cum_shaping=282.39 T=102 d_init=94.1 d_final=0.0
 Retrying in 1 seconds
[shaping_diag] success_cum_shaping=282.39 T=102 d_init=94.1 d_final=0.0
 Retrying in 1 seconds
[shaping_diag] success_cum_shaping=282.39 T=102 d_init=94.1 d_final=0.0
 Retrying in 1 seconds
 Retrying in 1 seconds
[shaping_diag] success_cum_shaping=282.39 T=102 d_init=94.1 d_final=0.0
Warning: Vehicle 'other' performs emergency braking on lane ':center_8_0' with decel=9.00, wished=5.00, severity=1.00, time=7.10.
Warning: Vehicle 'ego'; junction collision with vehicle 'other', lane=':center_4_0', gap=-1.00, time=7.30 stage=move.
 Retrying in 1 seconds
 Retrying in 1 seconds
[shaping_diag] success_cum_shaping=282.39 T=102 d_init=94.1 d_final=0.0
 Retrying in 1 seconds
[shaping_diag] success_cum_shaping=282.39 T=103 d_init=94.1 d_final=0.0
 Retrying in 1 seconds
[shaping_diag] success_cum_shaping=282.39 T=102 d_init=94.1 d_final=0.0
 Retrying in 1 seconds
[shaping_diag] success_cum_shaping=282.39 T=102 d_init=94.1 d_final=0.0
 Retrying in 1 seconds
[shaping_diag] success_cum_shaping=282.39 T=102 d_init=94.1 d_final=0.0
 Retrying in 1 seconds
[shaping_diag] success_cum_shaping=282.39 T=102 d_init=94.1 d_final=0.0
 Retrying in 1 seconds
[shaping_diag] success_cum_shaping=282.39 T=102 d_init=94.1 d_final=0.0
 Retrying in 1 seconds
[shaping_diag] success_cum_shaping=282.39 T=102 d_init=94.1 d_final=0.0
 Retrying in 1 seconds
[shaping_diag] success_cum_shaping=282.39 T=102 d_init=94.1 d_final=0.0
 Retrying in 1 seconds
[shaping_diag] success_cum_shaping=282.39 T=102 d_init=94.1 d_final=0.0
 Retrying in 1 seconds
[shaping_diag] success_cum_shaping=282.39 T=102 d_init=94.1 d_final=0.0
 Retrying in 1 seconds
[shaping_diag] success_cum_shaping=282.39 T=102 d_init=94.1 d_final=0.0
 Retrying in 1 seconds
[shaping_diag] success_cum_shaping=282.39 T=102 d_init=94.1 d_final=0.0
 Retrying in 1 seconds
[shaping_diag] success_cum_shaping=282.39 T=102 d_init=94.1 d_final=0.0
 Retrying in 1 seconds
[shaping_diag] success_cum_shaping=282.39 T=102 d_init=94.1 d_final=0.0
 Retrying in 1 seconds
[shaping_diag] success_cum_shaping=282.39 T=102 d_init=94.1 d_final=0.0
 Retrying in 1 seconds
[shaping_diag] success_cum_shaping=282.39 T=102 d_init=94.1 d_final=0.0
 Retrying in 1 seconds
[shaping_diag] success_cum_shaping=282.39 T=102 d_init=94.1 d_final=0.0
 Retrying in 1 seconds
[shaping_diag] success_cum_shaping=282.39 T=102 d_init=94.1 d_final=0.0
 Retrying in 1 seconds
[shaping_diag] success_cum_shaping=282.39 T=102 d_init=94.1 d_final=0.0
 Retrying in 1 seconds
[shaping_diag] success_cum_shaping=282.39 T=102 d_init=94.1 d_final=0.0
 Retrying in 1 seconds
[shaping_diag] success_cum_shaping=282.39 T=102 d_init=94.1 d_final=0.0
Warning: Vehicle 'other' performs emergency braking on lane ':center_8_0' with decel=9.00, wished=6.00, severity=1.00, time=7.10.
 Retrying in 1 seconds
[shaping_diag] success_cum_shaping=282.39 T=102 d_init=94.1 d_final=0.0
 Retrying in 1 seconds
[shaping_diag] success_cum_shaping=282.39 T=102 d_init=94.1 d_final=0.0
 Retrying in 1 seconds
[shaping_diag] success_cum_shaping=282.39 T=103 d_init=94.1 d_final=0.0
 Retrying in 1 seconds
[shaping_diag] success_cum_shaping=282.39 T=102 d_init=94.1 d_final=0.0
 Retrying in 1 seconds
[shaping_diag] success_cum_shaping=282.39 T=102 d_init=94.1 d_final=0.0
 Retrying in 1 seconds
[shaping_diag] success_cum_shaping=282.39 T=102 d_init=94.1 d_final=0.0
 Retrying in 1 seconds
[shaping_diag] success_cum_shaping=282.39 T=102 d_init=94.1 d_final=0.0
 Retrying in 1 seconds
[shaping_diag] success_cum_shaping=282.39 T=102 d_init=94.1 d_final=0.0
 Retrying in 1 seconds
[shaping_diag] success_cum_shaping=282.39 T=102 d_init=94.1 d_final=0.0
 Retrying in 1 seconds
[shaping_diag] success_cum_shaping=282.39 T=103 d_init=94.1 d_final=0.0
 Retrying in 1 seconds
[shaping_diag] success_cum_shaping=282.39 T=102 d_init=94.1 d_final=0.0
Warning: Vehicle 'other' performs emergency braking on lane ':center_8_0' with decel=9.00, wished=5.00, severity=1.00, time=7.10.
Warning: Vehicle 'ego'; junction collision with vehicle 'other', lane=':center_4_0', gap=-1.00, time=7.30 stage=move.
 Retrying in 1 seconds
 Retrying in 1 seconds
[shaping_diag] success_cum_shaping=282.39 T=103 d_init=94.1 d_final=0.0
 Retrying in 1 seconds
[shaping_diag] success_cum_shaping=282.39 T=102 d_init=94.1 d_final=0.0
 Retrying in 1 seconds
[shaping_diag] success_cum_shaping=282.39 T=102 d_init=94.1 d_final=0.0
 Retrying in 1 seconds
[shaping_diag] success_cum_shaping=282.39 T=102 d_init=94.1 d_final=0.0
Warning: Vehicle 'other' performs emergency braking on lane ':center_8_0' with decel=9.00, wished=5.00, severity=1.00, time=7.10.
 Retrying in 1 seconds
[shaping_diag] success_cum_shaping=282.39 T=102 d_init=94.1 d_final=0.0
 Retrying in 1 seconds
[shaping_diag] success_cum_shaping=282.39 T=102 d_init=94.1 d_final=0.0
 Retrying in 1 seconds
[shaping_diag] success_cum_shaping=282.39 T=102 d_init=94.1 d_final=0.0
Warning: Vehicle 'other' performs emergency braking on lane ':center_8_0' with decel=9.00, wished=6.00, severity=1.00, time=7.10.
 Retrying in 1 seconds
 Retrying in 1 seconds
[shaping_diag] success_cum_shaping=282.39 T=102 d_init=94.1 d_final=0.0
 Retrying in 1 seconds
[shaping_diag] success_cum_shaping=282.39 T=102 d_init=94.1 d_final=0.0
 Retrying in 1 seconds
[shaping_diag] success_cum_shaping=282.39 T=102 d_init=94.1 d_final=0.0
 Retrying in 1 seconds
[shaping_diag] success_cum_shaping=282.39 T=102 d_init=94.1 d_final=0.0
 Retrying in 1 seconds
[shaping_diag] success_cum_shaping=282.39 T=102 d_init=94.1 d_final=0.0
 Retrying in 1 seconds
[shaping_diag] success_cum_shaping=282.39 T=102 d_init=94.1 d_final=0.0
 Retrying in 1 seconds
[shaping_diag] success_cum_shaping=282.39 T=102 d_init=94.1 d_final=0.0
 Retrying in 1 seconds
[shaping_diag] success_cum_shaping=282.39 T=102 d_init=94.1 d_final=0.0
 Retrying in 1 seconds
[shaping_diag] success_cum_shaping=282.39 T=102 d_init=94.1 d_final=0.0
 Retrying in 1 seconds
[shaping_diag] success_cum_shaping=282.39 T=103 d_init=94.1 d_final=0.0
 Retrying in 1 seconds
[shaping_diag] success_cum_shaping=282.39 T=102 d_init=94.1 d_final=0.0
 Retrying in 1 seconds
 Retrying in 1 seconds
[shaping_diag] success_cum_shaping=282.39 T=102 d_init=94.1 d_final=0.0
 Retrying in 1 seconds
[shaping_diag] success_cum_shaping=282.39 T=103 d_init=94.1 d_final=0.0
 Retrying in 1 seconds
[shaping_diag] success_cum_shaping=282.39 T=102 d_init=94.1 d_final=0.0
 Retrying in 1 seconds
[shaping_diag] success_cum_shaping=282.39 T=102 d_init=94.1 d_final=0.0
 Retrying in 1 seconds
[shaping_diag] success_cum_shaping=282.39 T=102 d_init=94.1 d_final=0.0
 Retrying in 1 seconds
[shaping_diag] success_cum_shaping=282.39 T=102 d_init=94.1 d_final=0.0
 Retrying in 1 seconds
[shaping_diag] success_cum_shaping=282.39 T=102 d_init=94.1 d_final=0.0
 Retrying in 1 seconds
[shaping_diag] success_cum_shaping=282.39 T=102 d_init=94.1 d_final=0.0
 Retrying in 1 seconds
[shaping_diag] success_cum_shaping=282.39 T=102 d_init=94.1 d_final=0.0
 Retrying in 1 seconds
[shaping_diag] success_cum_shaping=282.39 T=102 d_init=94.1 d_final=0.0
Warning: Vehicle 'ego'; junction collision with vehicle 'other', lane=':center_4_0', gap=-1.00, time=7.10 stage=move.
Warning: Vehicle 'other' performs emergency braking on lane ':center_8_0' with decel=9.00, wished=5.00, severity=1.00, time=7.10.
Warning: Vehicle 'ego'; junction collision with vehicle 'other', lane=':center_4_0', gap=-1.00, time=7.30 stage=move.
 Retrying in 1 seconds
 Retrying in 1 seconds
 Retrying in 1 seconds
[shaping_diag] success_cum_shaping=282.39 T=102 d_init=94.1 d_final=0.0
Warning: Vehicle 'ego'; junction collision with vehicle 'other', lane=':center_4_0', gap=-1.00, time=7.20 stage=move.
Warning: Vehicle 'other' performs emergency braking on lane ':center_8_0' with decel=9.00, wished=7.00, severity=1.00, time=7.10.
 Retrying in 1 seconds
 Retrying in 1 seconds
[shaping_diag] success_cum_shaping=282.39 T=102 d_init=94.1 d_final=0.0
 Retrying in 1 seconds
[shaping_diag] success_cum_shaping=282.39 T=102 d_init=94.1 d_final=0.0
 Retrying in 1 seconds
[shaping_diag] success_cum_shaping=282.39 T=102 d_init=94.1 d_final=0.0
 Retrying in 1 seconds
[shaping_diag] success_cum_shaping=282.39 T=102 d_init=94.1 d_final=0.0
 Retrying in 1 seconds
[shaping_diag] success_cum_shaping=282.39 T=102 d_init=94.1 d_final=0.0
 Retrying in 1 seconds
[shaping_diag] success_cum_shaping=282.39 T=102 d_init=94.1 d_final=0.0
 Retrying in 1 seconds
[shaping_diag] success_cum_shaping=282.39 T=102 d_init=94.1 d_final=0.0
 Retrying in 1 seconds
[shaping_diag] success_cum_shaping=282.39 T=103 d_init=94.1 d_final=0.0
Warning: Vehicle 'other' performs emergency braking on lane ':center_8_0' with decel=9.00, wished=7.00, severity=1.00, time=7.10.
Warning: Vehicle 'ego'; junction collision with vehicle 'other', lane=':center_4_0', gap=-1.00, time=7.30 stage=move.
 Retrying in 1 seconds
 Retrying in 1 seconds
[shaping_diag] success_cum_shaping=282.39 T=102 d_init=94.1 d_final=0.0
 Retrying in 1 seconds
[shaping_diag] success_cum_shaping=282.39 T=102 d_init=94.1 d_final=0.0
Warning: Vehicle 'other' performs emergency braking on lane ':center_8_0' with decel=9.00, wished=6.00, severity=1.00, time=7.10.
 Retrying in 1 seconds
 Retrying in 1 seconds
[shaping_diag] success_cum_shaping=282.39 T=102 d_init=94.1 d_final=0.0
 Retrying in 1 seconds
[shaping_diag] success_cum_shaping=282.39 T=103 d_init=94.1 d_final=0.0
 Retrying in 1 seconds
[shaping_diag] success_cum_shaping=282.39 T=102 d_init=94.1 d_final=0.0
 Retrying in 1 seconds
[shaping_diag] success_cum_shaping=282.39 T=102 d_init=94.1 d_final=0.0
 Retrying in 1 seconds
[shaping_diag] success_cum_shaping=282.39 T=102 d_init=94.1 d_final=0.0
 Retrying in 1 seconds
[shaping_diag] success_cum_shaping=282.39 T=102 d_init=94.1 d_final=0.0
 Retrying in 1 seconds
[shaping_diag] success_cum_shaping=282.39 T=102 d_init=94.1 d_final=0.0
 Retrying in 1 seconds
 Retrying in 1 seconds
[shaping_diag] success_cum_shaping=282.39 T=102 d_init=94.1 d_final=0.0
 Retrying in 1 seconds
[shaping_diag] success_cum_shaping=282.39 T=102 d_init=94.1 d_final=0.0
 Retrying in 1 seconds
[shaping_diag] success_cum_shaping=282.39 T=102 d_init=94.1 d_final=0.0
  return=386.87 coll=0.110 success=0.890 ttc=6.25 ent=0.03 brakes=0.9
Eval seed=3456 [stochastic]...
 Retrying in 1 seconds
[shaping_diag] success_cum_shaping=282.39 T=103 d_init=94.1 d_final=0.0
 Retrying in 1 seconds
[shaping_diag] success_cum_shaping=282.39 T=103 d_init=94.1 d_final=0.0
 Retrying in 1 seconds
[shaping_diag] success_cum_shaping=282.39 T=103 d_init=94.1 d_final=0.0
 Retrying in 1 seconds
[shaping_diag] success_cum_shaping=282.39 T=103 d_init=94.1 d_final=0.0
 Retrying in 1 seconds
[shaping_diag] success_cum_shaping=282.39 T=105 d_init=94.1 d_final=0.0
Warning: Vehicle 'other' performs emergency braking on lane ':center_8_0' with decel=9.00, wished=5.00, severity=1.00, time=7.30.
 Retrying in 1 seconds
[shaping_diag] success_cum_shaping=282.39 T=106 d_init=94.1 d_final=0.0
 Retrying in 1 seconds
 Retrying in 1 seconds
[shaping_diag] success_cum_shaping=282.39 T=104 d_init=94.1 d_final=0.0
Warning: Vehicle 'other' performs emergency braking on lane ':center_8_0' with decel=9.00, wished=5.00, severity=1.00, time=7.20.
 Retrying in 1 seconds
 Retrying in 1 seconds
[shaping_diag] success_cum_shaping=282.39 T=103 d_init=94.1 d_final=0.0
 Retrying in 1 seconds
[shaping_diag] success_cum_shaping=282.39 T=103 d_init=94.1 d_final=0.0
 Retrying in 1 seconds
[shaping_diag] success_cum_shaping=282.39 T=103 d_init=94.1 d_final=0.0
 Retrying in 1 seconds
[shaping_diag] success_cum_shaping=282.39 T=103 d_init=94.1 d_final=0.0
 Retrying in 1 seconds
[shaping_diag] success_cum_shaping=282.39 T=103 d_init=94.1 d_final=0.0
 Retrying in 1 seconds
[shaping_diag] success_cum_shaping=282.39 T=102 d_init=94.1 d_final=0.0
Warning: Vehicle 'other' performs emergency braking on lane ':center_8_0' with decel=9.00, wished=5.00, severity=1.00, time=7.20.
 Retrying in 1 seconds
[shaping_diag] success_cum_shaping=282.39 T=104 d_init=94.1 d_final=0.0
 Retrying in 1 seconds
[shaping_diag] success_cum_shaping=282.39 T=102 d_init=94.1 d_final=0.0
 Retrying in 1 seconds
[shaping_diag] success_cum_shaping=282.39 T=103 d_init=94.1 d_final=0.0
 Retrying in 1 seconds
[shaping_diag] success_cum_shaping=282.39 T=103 d_init=94.1 d_final=0.0
 Retrying in 1 seconds
[shaping_diag] success_cum_shaping=282.39 T=105 d_init=94.1 d_final=0.0
 Retrying in 1 seconds
[shaping_diag] success_cum_shaping=282.39 T=103 d_init=94.1 d_final=0.0
 Retrying in 1 seconds
[shaping_diag] success_cum_shaping=282.39 T=103 d_init=94.1 d_final=0.0
 Retrying in 1 seconds
[shaping_diag] success_cum_shaping=282.39 T=105 d_init=94.1 d_final=0.0
 Retrying in 1 seconds
[shaping_diag] success_cum_shaping=282.39 T=103 d_init=94.1 d_final=0.0
 Retrying in 1 seconds
[shaping_diag] success_cum_shaping=282.39 T=104 d_init=94.1 d_final=0.0
 Retrying in 1 seconds
[shaping_diag] success_cum_shaping=282.39 T=104 d_init=94.1 d_final=0.0
 Retrying in 1 seconds
[shaping_diag] success_cum_shaping=282.39 T=104 d_init=94.1 d_final=0.0
 Retrying in 1 seconds
[shaping_diag] success_cum_shaping=282.39 T=106 d_init=94.1 d_final=0.0
 Retrying in 1 seconds
[shaping_diag] success_cum_shaping=282.39 T=105 d_init=94.1 d_final=0.0
 Retrying in 1 seconds
[shaping_diag] success_cum_shaping=282.39 T=104 d_init=94.1 d_final=0.0
 Retrying in 1 seconds
[shaping_diag] success_cum_shaping=282.39 T=104 d_init=94.1 d_final=0.0
 Retrying in 1 seconds
 Retrying in 1 seconds
[shaping_diag] success_cum_shaping=282.39 T=105 d_init=94.1 d_final=0.0
 Retrying in 1 seconds
[shaping_diag] success_cum_shaping=282.39 T=104 d_init=94.1 d_final=0.0
 Retrying in 1 seconds
[shaping_diag] success_cum_shaping=282.39 T=104 d_init=94.1 d_final=0.0
 Retrying in 1 seconds
[shaping_diag] success_cum_shaping=282.39 T=104 d_init=94.1 d_final=0.0
 Retrying in 1 seconds
[shaping_diag] success_cum_shaping=282.39 T=103 d_init=94.1 d_final=0.0
 Retrying in 1 seconds
[shaping_diag] success_cum_shaping=282.39 T=103 d_init=94.1 d_final=0.0
 Retrying in 1 seconds
[shaping_diag] success_cum_shaping=282.39 T=104 d_init=94.1 d_final=0.0
 Retrying in 1 seconds
[shaping_diag] success_cum_shaping=282.39 T=104 d_init=94.1 d_final=0.0
 Retrying in 1 seconds
[shaping_diag] success_cum_shaping=282.39 T=104 d_init=94.1 d_final=0.0
 Retrying in 1 seconds
[shaping_diag] success_cum_shaping=282.39 T=106 d_init=94.1 d_final=0.0
 Retrying in 1 seconds
 Retrying in 1 seconds
[shaping_diag] success_cum_shaping=282.39 T=105 d_init=94.1 d_final=0.0
 Retrying in 1 seconds
[shaping_diag] success_cum_shaping=282.39 T=104 d_init=94.1 d_final=0.0
 Retrying in 1 seconds
[shaping_diag] success_cum_shaping=282.39 T=103 d_init=94.1 d_final=0.0
 Retrying in 1 seconds
[shaping_diag] success_cum_shaping=282.39 T=104 d_init=94.1 d_final=0.0
Warning: Vehicle 'other' performs emergency braking on lane ':center_8_0' with decel=9.00, wished=5.00, severity=1.00, time=7.20.
 Retrying in 1 seconds
[shaping_diag] success_cum_shaping=282.39 T=104 d_init=94.1 d_final=0.0
 Retrying in 1 seconds
[shaping_diag] success_cum_shaping=282.39 T=105 d_init=94.1 d_final=0.0
 Retrying in 1 seconds
[shaping_diag] success_cum_shaping=282.39 T=103 d_init=94.1 d_final=0.0
Warning: Vehicle 'ego'; junction collision with vehicle 'other', lane=':center_4_0', gap=-1.00, time=7.40 stage=move.
 Retrying in 1 seconds
 Retrying in 1 seconds
[shaping_diag] success_cum_shaping=282.39 T=103 d_init=94.1 d_final=0.0
 Retrying in 1 seconds
[shaping_diag] success_cum_shaping=282.39 T=103 d_init=94.1 d_final=0.0
 Retrying in 1 seconds
[shaping_diag] success_cum_shaping=282.39 T=102 d_init=94.1 d_final=0.0
 Retrying in 1 seconds
[shaping_diag] success_cum_shaping=282.39 T=104 d_init=94.1 d_final=0.0
 Retrying in 1 seconds
[shaping_diag] success_cum_shaping=282.39 T=104 d_init=94.1 d_final=0.0
 Retrying in 1 seconds
[shaping_diag] success_cum_shaping=282.39 T=104 d_init=94.1 d_final=0.0
 Retrying in 1 seconds
[shaping_diag] success_cum_shaping=282.39 T=104 d_init=94.1 d_final=0.0
 Retrying in 1 seconds
[shaping_diag] success_cum_shaping=282.39 T=103 d_init=94.1 d_final=0.0
 Retrying in 1 seconds
[shaping_diag] success_cum_shaping=282.39 T=103 d_init=94.1 d_final=0.0
 Retrying in 1 seconds
[shaping_diag] success_cum_shaping=282.39 T=104 d_init=94.1 d_final=0.0
 Retrying in 1 seconds
[shaping_diag] success_cum_shaping=282.39 T=103 d_init=94.1 d_final=0.0
Warning: Vehicle 'ego'; collision with vehicle 'other', lane='right_out_0', gap=-1.46, time=7.70 stage=move.
 Retrying in 1 seconds
 Retrying in 1 seconds
[shaping_diag] success_cum_shaping=282.39 T=103 d_init=94.1 d_final=0.0
 Retrying in 1 seconds
[shaping_diag] success_cum_shaping=282.39 T=109 d_init=94.1 d_final=0.0
 Retrying in 1 seconds
[shaping_diag] success_cum_shaping=282.39 T=103 d_init=94.1 d_final=0.0
 Retrying in 1 seconds
[shaping_diag] success_cum_shaping=282.39 T=103 d_init=94.1 d_final=0.0
 Retrying in 1 seconds
[shaping_diag] success_cum_shaping=282.39 T=103 d_init=94.1 d_final=0.0
 Retrying in 1 seconds
[shaping_diag] success_cum_shaping=282.39 T=104 d_init=94.1 d_final=0.0
 Retrying in 1 seconds
[shaping_diag] success_cum_shaping=282.39 T=105 d_init=94.1 d_final=0.0
 Retrying in 1 seconds
[shaping_diag] success_cum_shaping=282.39 T=104 d_init=94.1 d_final=0.0
 Retrying in 1 seconds
[shaping_diag] success_cum_shaping=282.39 T=104 d_init=94.1 d_final=0.0
 Retrying in 1 seconds
[shaping_diag] success_cum_shaping=282.39 T=103 d_init=94.1 d_final=0.0
 Retrying in 1 seconds
[shaping_diag] success_cum_shaping=282.39 T=111 d_init=94.1 d_final=0.0
 Retrying in 1 seconds
[shaping_diag] success_cum_shaping=282.39 T=114 d_init=94.1 d_final=0.0
 Retrying in 1 seconds
[shaping_diag] success_cum_shaping=282.39 T=104 d_init=94.1 d_final=0.0
 Retrying in 1 seconds
[shaping_diag] success_cum_shaping=282.39 T=105 d_init=94.1 d_final=0.0
 Retrying in 1 seconds
[shaping_diag] success_cum_shaping=282.39 T=114 d_init=94.1 d_final=0.0
 Retrying in 1 seconds
[shaping_diag] success_cum_shaping=282.39 T=103 d_init=94.1 d_final=0.0
 Retrying in 1 seconds
[shaping_diag] success_cum_shaping=282.39 T=103 d_init=94.1 d_final=0.0
 Retrying in 1 seconds
[shaping_diag] success_cum_shaping=282.39 T=105 d_init=94.1 d_final=0.0
 Retrying in 1 seconds
[shaping_diag] success_cum_shaping=282.39 T=102 d_init=94.1 d_final=0.0
 Retrying in 1 seconds
[shaping_diag] success_cum_shaping=282.39 T=104 d_init=94.1 d_final=0.0
 Retrying in 1 seconds
[shaping_diag] success_cum_shaping=282.39 T=103 d_init=94.1 d_final=0.0
 Retrying in 1 seconds
[shaping_diag] success_cum_shaping=282.39 T=103 d_init=94.1 d_final=0.0
Warning: Vehicle 'other' performs emergency braking on lane ':center_8_0' with decel=9.00, wished=7.00, severity=1.00, time=7.20.
 Retrying in 1 seconds
 Retrying in 1 seconds
[shaping_diag] success_cum_shaping=282.39 T=105 d_init=94.1 d_final=0.0
 Retrying in 1 seconds
[shaping_diag] success_cum_shaping=282.39 T=104 d_init=94.1 d_final=0.0
Warning: Vehicle 'ego'; junction collision with vehicle 'other', lane=':center_4_0', gap=-1.00, time=7.40 stage=move.
 Retrying in 1 seconds
 Retrying in 1 seconds
[shaping_diag] success_cum_shaping=282.39 T=104 d_init=94.1 d_final=0.0
 Retrying in 1 seconds
[shaping_diag] success_cum_shaping=282.39 T=104 d_init=94.1 d_final=0.0
 Retrying in 1 seconds
[shaping_diag] success_cum_shaping=282.39 T=104 d_init=94.1 d_final=0.0
 Retrying in 1 seconds
[shaping_diag] success_cum_shaping=282.39 T=103 d_init=94.1 d_final=0.0
 Retrying in 1 seconds
[shaping_diag] success_cum_shaping=282.39 T=103 d_init=94.1 d_final=0.0
 Retrying in 1 seconds
[shaping_diag] success_cum_shaping=282.39 T=103 d_init=94.1 d_final=0.0
 Retrying in 1 seconds
[shaping_diag] success_cum_shaping=282.39 T=104 d_init=94.1 d_final=0.0
 Retrying in 1 seconds
[shaping_diag] success_cum_shaping=282.39 T=116 d_init=94.1 d_final=0.0
 Retrying in 1 seconds
[shaping_diag] success_cum_shaping=282.39 T=104 d_init=94.1 d_final=0.0
 Retrying in 1 seconds
[shaping_diag] success_cum_shaping=282.39 T=103 d_init=94.1 d_final=0.0
 Retrying in 1 seconds
[shaping_diag] success_cum_shaping=282.39 T=105 d_init=94.1 d_final=0.0
  return=392.08 coll=0.080 success=0.920 ttc=6.15 ent=0.49 brakes=0.9
Saved results/ablation/tier1/1a_stem_right_drppo_intent_s456/eval_drppo_1a_stem_right.csv
