 Retrying in 1 seconds
 Retrying in 1 seconds
 Retrying in 1 seconds
 Retrying in 1 seconds
 Retrying in 1 seconds
 Retrying in 1 seconds
 Retrying in 1 seconds
 Retrying in 1 seconds
 Retrying in 1 seconds
 Retrying in 1 seconds
 Retrying in 1 seconds
 Retrying in 1 seconds
 Retrying in 1 seconds
 Retrying in 1 seconds
 Retrying in 1 seconds
 Retrying in 1 seconds
 Retrying in 1 seconds
 Retrying in 1 seconds
 Retrying in 1 seconds
[cbf_aux] step=4096 ret=-65.09 coll=0 ttc=17.63 cbf_res=0.0000
 Retrying in 1 seconds
 Retrying in 1 seconds
 Retrying in 1 seconds
 Retrying in 1 seconds
 Retrying in 1 seconds
 Retrying in 1 seconds
 Retrying in 1 seconds
 Retrying in 1 seconds
 Retrying in 1 seconds
 Retrying in 1 seconds
 Retrying in 1 seconds
 Retrying in 1 seconds
 Retrying in 1 seconds
 Retrying in 1 seconds
 Retrying in 1 seconds
 Retrying in 1 seconds
 Retrying in 1 seconds
 Retrying in 1 seconds
 Retrying in 1 seconds
 Retrying in 1 seconds
 Retrying in 1 seconds
 Retrying in 1 seconds
 Retrying in 1 seconds
 Retrying in 1 seconds
 Retrying in 1 seconds
 Retrying in 1 seconds
 Retrying in 1 seconds
 Retrying in 1 seconds
 Retrying in 1 seconds
 Retrying in 1 seconds
 Retrying in 1 seconds
 Retrying in 1 seconds
 Retrying in 1 seconds
 Retrying in 1 seconds
 Retrying in 1 seconds
 Retrying in 1 seconds
 Retrying in 1 seconds
 Retrying in 1 seconds
 Retrying in 1 seconds
 Retrying in 1 seconds
 Retrying in 1 seconds
 Retrying in 1 seconds
 Retrying in 1 seconds
 Retrying in 1 seconds
 Retrying in 1 seconds
 Retrying in 1 seconds
 Retrying in 1 seconds
 Retrying in 1 seconds
 Retrying in 1 seconds
 Retrying in 1 seconds
 Retrying in 1 seconds
 Retrying in 1 seconds
 Retrying in 1 seconds
 Retrying in 1 seconds
 Retrying in 1 seconds
 Retrying in 1 seconds
 Retrying in 1 seconds
[shaping_diag] success_cum_shaping=313.35 T=477 d_init=104.5 d_final=0.0
 Retrying in 1 seconds
 Retrying in 1 seconds
 Retrying in 1 seconds
 Retrying in 1 seconds
[shaping_diag] success_cum_shaping=313.35 T=497 d_init=104.5 d_final=0.0
 Retrying in 1 seconds
 Retrying in 1 seconds
 Retrying in 1 seconds
 Retrying in 1 seconds
 Retrying in 1 seconds
 Retrying in 1 seconds
 Retrying in 1 seconds
 Retrying in 1 seconds
 Retrying in 1 seconds
 Retrying in 1 seconds
 Retrying in 1 seconds
 Retrying in 1 seconds
 Retrying in 1 seconds
 Retrying in 1 seconds
 Retrying in 1 seconds
 Retrying in 1 seconds
 Retrying in 1 seconds
 Retrying in 1 seconds
 Retrying in 1 seconds
 Retrying in 1 seconds
 Retrying in 1 seconds
 Retrying in 1 seconds
 Retrying in 1 seconds
 Retrying in 1 seconds
 Retrying in 1 seconds
 Retrying in 1 seconds
 Retrying in 1 seconds
 Retrying in 1 seconds
 Retrying in 1 seconds
 Retrying in 1 seconds
 Retrying in 1 seconds
 Retrying in 1 seconds
 Retrying in 1 seconds
 Retrying in 1 seconds
 Retrying in 1 seconds
 Retrying in 1 seconds
 Retrying in 1 seconds
 Retrying in 1 seconds
 Retrying in 1 seconds
[cbf_aux] step=45056 ret=39.50 coll=0 ttc=10.28 cbf_res=0.0000
 Retrying in 1 seconds
 Retrying in 1 seconds
[shaping_diag] success_cum_shaping=313.35 T=484 d_init=104.5 d_final=0.0
 Retrying in 1 seconds
[shaping_diag] success_cum_shaping=313.35 T=498 d_init=104.5 d_final=0.0
 Retrying in 1 seconds
 Retrying in 1 seconds
[shaping_diag] success_cum_shaping=313.35 T=376 d_init=104.5 d_final=0.0
 Retrying in 1 seconds
 Retrying in 1 seconds
 Retrying in 1 seconds
 Retrying in 1 seconds
 Retrying in 1 seconds
[shaping_diag] success_cum_shaping=313.35 T=371 d_init=104.5 d_final=0.0
 Retrying in 1 seconds
[shaping_diag] success_cum_shaping=313.35 T=396 d_init=104.5 d_final=0.0
 Retrying in 1 seconds
 Retrying in 1 seconds
 Retrying in 1 seconds
[shaping_diag] success_cum_shaping=313.35 T=447 d_init=104.5 d_final=0.0
 Retrying in 1 seconds
[shaping_diag] success_cum_shaping=313.35 T=439 d_init=104.5 d_final=0.0
 Retrying in 1 seconds
 Retrying in 1 seconds
 Retrying in 1 seconds
 Retrying in 1 seconds
 Retrying in 1 seconds
 Retrying in 1 seconds
 Retrying in 1 seconds
 Retrying in 1 seconds
 Retrying in 1 seconds
 Retrying in 1 seconds
 Retrying in 1 seconds
 Retrying in 1 seconds
 Retrying in 1 seconds
[shaping_diag] success_cum_shaping=313.35 T=351 d_init=104.5 d_final=0.0
 Retrying in 1 seconds
 Retrying in 1 seconds
 Retrying in 1 seconds
[shaping_diag] success_cum_shaping=313.35 T=497 d_init=104.5 d_final=0.0
 Retrying in 1 seconds
[shaping_diag] success_cum_shaping=313.35 T=474 d_init=104.5 d_final=0.0
 Retrying in 1 seconds
 Retrying in 1 seconds
[shaping_diag] success_cum_shaping=313.35 T=327 d_init=104.5 d_final=0.0
 Retrying in 1 seconds
[shaping_diag] success_cum_shaping=313.35 T=362 d_init=104.5 d_final=0.0
 Retrying in 1 seconds
[shaping_diag] success_cum_shaping=313.35 T=470 d_init=104.5 d_final=0.0
 Retrying in 1 seconds
 Retrying in 1 seconds
[shaping_diag] success_cum_shaping=313.35 T=422 d_init=104.5 d_final=0.0
 Retrying in 1 seconds
 Retrying in 1 seconds
 Retrying in 1 seconds
[shaping_diag] success_cum_shaping=313.35 T=368 d_init=104.5 d_final=0.0
 Retrying in 1 seconds
 Retrying in 1 seconds
[shaping_diag] success_cum_shaping=313.35 T=369 d_init=104.5 d_final=0.0
 Retrying in 1 seconds
 Retrying in 1 seconds
[shaping_diag] success_cum_shaping=313.35 T=464 d_init=104.5 d_final=0.0
 Retrying in 1 seconds
[shaping_diag] success_cum_shaping=313.35 T=389 d_init=104.5 d_final=0.0
 Retrying in 1 seconds
 Retrying in 1 seconds
[shaping_diag] success_cum_shaping=313.35 T=344 d_init=104.5 d_final=0.0
 Retrying in 1 seconds
[shaping_diag] success_cum_shaping=313.35 T=336 d_init=104.5 d_final=0.0
 Retrying in 1 seconds
[shaping_diag] success_cum_shaping=313.35 T=416 d_init=104.5 d_final=0.0
 Retrying in 1 seconds
[shaping_diag] success_cum_shaping=313.35 T=395 d_init=104.5 d_final=0.0
 Retrying in 1 seconds
[shaping_diag] success_cum_shaping=313.35 T=303 d_init=104.5 d_final=0.0
 Retrying in 1 seconds
[shaping_diag] success_cum_shaping=313.35 T=352 d_init=104.5 d_final=0.0
 Retrying in 1 seconds
[shaping_diag] success_cum_shaping=313.35 T=296 d_init=104.5 d_final=0.0
 Retrying in 1 seconds
[shaping_diag] success_cum_shaping=313.35 T=358 d_init=104.5 d_final=0.0
 Retrying in 1 seconds
[shaping_diag] success_cum_shaping=313.35 T=307 d_init=104.5 d_final=0.0
 Retrying in 1 seconds
[shaping_diag] success_cum_shaping=313.35 T=337 d_init=104.5 d_final=0.0
 Retrying in 1 seconds
[shaping_diag] success_cum_shaping=313.35 T=315 d_init=104.5 d_final=0.0
 Retrying in 1 seconds
[shaping_diag] success_cum_shaping=313.35 T=328 d_init=104.5 d_final=0.0
 Retrying in 1 seconds
 Retrying in 1 seconds
[shaping_diag] success_cum_shaping=313.35 T=304 d_init=104.5 d_final=0.0
 Retrying in 1 seconds
[shaping_diag] success_cum_shaping=313.35 T=316 d_init=104.5 d_final=0.0
 Retrying in 1 seconds
[shaping_diag] success_cum_shaping=313.35 T=325 d_init=104.5 d_final=0.0
 Retrying in 1 seconds
[shaping_diag] success_cum_shaping=313.35 T=299 d_init=104.5 d_final=0.0
 Retrying in 1 seconds
[shaping_diag] success_cum_shaping=313.35 T=299 d_init=104.5 d_final=0.0
 Retrying in 1 seconds
[shaping_diag] success_cum_shaping=313.35 T=371 d_init=104.5 d_final=0.0
 Retrying in 1 seconds
[shaping_diag] success_cum_shaping=313.35 T=390 d_init=104.5 d_final=0.0
 Retrying in 1 seconds
[shaping_diag] success_cum_shaping=313.35 T=339 d_init=104.5 d_final=0.0
 Retrying in 1 seconds
[shaping_diag] success_cum_shaping=313.35 T=267 d_init=104.5 d_final=0.0
 Retrying in 1 seconds
[shaping_diag] success_cum_shaping=313.35 T=297 d_init=104.5 d_final=0.0
 Retrying in 1 seconds
[shaping_diag] success_cum_shaping=313.35 T=349 d_init=104.5 d_final=0.0
 Retrying in 1 seconds
[shaping_diag] success_cum_shaping=313.35 T=294 d_init=104.5 d_final=0.0
 Retrying in 1 seconds
 Retrying in 1 seconds
[shaping_diag] success_cum_shaping=313.35 T=252 d_init=104.5 d_final=0.0
 Retrying in 1 seconds
[shaping_diag] success_cum_shaping=313.35 T=291 d_init=104.5 d_final=0.0
 Retrying in 1 seconds
[shaping_diag] success_cum_shaping=313.35 T=273 d_init=104.5 d_final=0.0
 Retrying in 1 seconds
[shaping_diag] success_cum_shaping=313.35 T=242 d_init=104.5 d_final=0.0
 Retrying in 1 seconds
[shaping_diag] success_cum_shaping=313.35 T=300 d_init=104.5 d_final=0.0
 Retrying in 1 seconds
[shaping_diag] success_cum_shaping=313.35 T=294 d_init=104.5 d_final=0.0
 Retrying in 1 seconds
[shaping_diag] success_cum_shaping=313.35 T=282 d_init=104.5 d_final=0.0
 Retrying in 1 seconds
[shaping_diag] success_cum_shaping=313.35 T=290 d_init=104.5 d_final=0.0
 Retrying in 1 seconds
[shaping_diag] success_cum_shaping=313.35 T=304 d_init=104.5 d_final=0.0
 Retrying in 1 seconds
[shaping_diag] success_cum_shaping=313.35 T=274 d_init=104.5 d_final=0.0
 Retrying in 1 seconds
[shaping_diag] success_cum_shaping=313.35 T=299 d_init=104.5 d_final=0.0
 Retrying in 1 seconds
[shaping_diag] success_cum_shaping=313.35 T=301 d_init=104.5 d_final=0.0
 Retrying in 1 seconds
[shaping_diag] success_cum_shaping=313.35 T=276 d_init=104.5 d_final=0.0
 Retrying in 1 seconds
[shaping_diag] success_cum_shaping=313.35 T=300 d_init=104.5 d_final=0.0
 Retrying in 1 seconds
 Retrying in 1 seconds
[shaping_diag] success_cum_shaping=313.35 T=269 d_init=104.5 d_final=0.0
 Retrying in 1 seconds
[shaping_diag] success_cum_shaping=313.35 T=241 d_init=104.5 d_final=0.0
 Retrying in 1 seconds
[shaping_diag] success_cum_shaping=313.35 T=252 d_init=104.5 d_final=0.0
 Retrying in 1 seconds
[shaping_diag] success_cum_shaping=313.35 T=268 d_init=104.5 d_final=0.0
 Retrying in 1 seconds
[shaping_diag] success_cum_shaping=313.35 T=237 d_init=104.5 d_final=0.0
 Retrying in 1 seconds
[shaping_diag] success_cum_shaping=313.35 T=335 d_init=104.5 d_final=0.0
 Retrying in 1 seconds
[shaping_diag] success_cum_shaping=313.35 T=271 d_init=104.5 d_final=0.0
 Retrying in 1 seconds
[shaping_diag] success_cum_shaping=313.35 T=252 d_init=104.5 d_final=0.0
 Retrying in 1 seconds
[shaping_diag] success_cum_shaping=313.35 T=301 d_init=104.5 d_final=0.0
 Retrying in 1 seconds
[shaping_diag] success_cum_shaping=313.35 T=250 d_init=104.5 d_final=0.0
 Retrying in 1 seconds
[shaping_diag] success_cum_shaping=313.35 T=270 d_init=104.5 d_final=0.0
 Retrying in 1 seconds
[shaping_diag] success_cum_shaping=313.35 T=251 d_init=104.5 d_final=0.0
 Retrying in 1 seconds
[shaping_diag] success_cum_shaping=313.35 T=276 d_init=104.5 d_final=0.0
 Retrying in 1 seconds
[shaping_diag] success_cum_shaping=313.35 T=271 d_init=104.5 d_final=0.0
 Retrying in 1 seconds
[shaping_diag] success_cum_shaping=313.35 T=248 d_init=104.5 d_final=0.0
 Retrying in 1 seconds
 Retrying in 1 seconds
[shaping_diag] success_cum_shaping=313.35 T=286 d_init=104.5 d_final=0.0
 Retrying in 1 seconds
[shaping_diag] success_cum_shaping=313.35 T=294 d_init=104.5 d_final=0.0
 Retrying in 1 seconds
[shaping_diag] success_cum_shaping=313.35 T=224 d_init=104.5 d_final=0.0
 Retrying in 1 seconds
[shaping_diag] success_cum_shaping=313.35 T=232 d_init=104.5 d_final=0.0
 Retrying in 1 seconds
[shaping_diag] success_cum_shaping=313.35 T=284 d_init=104.5 d_final=0.0
 Retrying in 1 seconds
[shaping_diag] success_cum_shaping=313.35 T=230 d_init=104.5 d_final=0.0
 Retrying in 1 seconds
[shaping_diag] success_cum_shaping=313.35 T=250 d_init=104.5 d_final=0.0
 Retrying in 1 seconds
[shaping_diag] success_cum_shaping=313.35 T=270 d_init=104.5 d_final=0.0
 Retrying in 1 seconds
[shaping_diag] success_cum_shaping=313.35 T=259 d_init=104.5 d_final=0.0
 Retrying in 1 seconds
[shaping_diag] success_cum_shaping=313.35 T=267 d_init=104.5 d_final=0.0
 Retrying in 1 seconds
[shaping_diag] success_cum_shaping=313.35 T=287 d_init=104.5 d_final=0.0
 Retrying in 1 seconds
[shaping_diag] success_cum_shaping=313.35 T=269 d_init=104.5 d_final=0.0
 Retrying in 1 seconds
[shaping_diag] success_cum_shaping=313.35 T=277 d_init=104.5 d_final=0.0
 Retrying in 1 seconds
[shaping_diag] success_cum_shaping=313.35 T=243 d_init=104.5 d_final=0.0
 Retrying in 1 seconds
[shaping_diag] success_cum_shaping=313.35 T=270 d_init=104.5 d_final=0.0
 Retrying in 1 seconds
 Retrying in 1 seconds
[shaping_diag] success_cum_shaping=313.35 T=215 d_init=104.5 d_final=0.0
 Retrying in 1 seconds
[shaping_diag] success_cum_shaping=313.35 T=231 d_init=104.5 d_final=0.0
 Retrying in 1 seconds
[shaping_diag] success_cum_shaping=313.35 T=258 d_init=104.5 d_final=0.0
 Retrying in 1 seconds
[shaping_diag] success_cum_shaping=313.35 T=150 d_init=104.5 d_final=0.0
 Retrying in 1 seconds
[shaping_diag] success_cum_shaping=313.35 T=224 d_init=104.5 d_final=0.0
 Retrying in 1 seconds
[shaping_diag] success_cum_shaping=313.35 T=208 d_init=104.5 d_final=0.0
 Retrying in 1 seconds
[shaping_diag] success_cum_shaping=313.35 T=206 d_init=104.5 d_final=0.0
 Retrying in 1 seconds
[shaping_diag] success_cum_shaping=313.35 T=186 d_init=104.5 d_final=0.0
 Retrying in 1 seconds
[shaping_diag] success_cum_shaping=313.35 T=119 d_init=104.5 d_final=0.0
 Retrying in 1 seconds
[shaping_diag] success_cum_shaping=313.35 T=199 d_init=104.5 d_final=0.0
[cbf_aux] step=86016 ret=194.20 coll=0 ttc=8.04 cbf_res=0.0099
 Retrying in 1 seconds
[shaping_diag] success_cum_shaping=313.35 T=231 d_init=104.5 d_final=0.0
 Retrying in 1 seconds
[shaping_diag] success_cum_shaping=313.35 T=252 d_init=104.5 d_final=0.0
 Retrying in 1 seconds
[shaping_diag] success_cum_shaping=313.35 T=239 d_init=104.5 d_final=0.0
 Retrying in 1 seconds
[shaping_diag] success_cum_shaping=313.35 T=257 d_init=104.5 d_final=0.0
 Retrying in 1 seconds
[shaping_diag] success_cum_shaping=313.35 T=234 d_init=104.5 d_final=0.0
 Retrying in 1 seconds
[shaping_diag] success_cum_shaping=313.35 T=280 d_init=104.5 d_final=0.0
 Retrying in 1 seconds
[shaping_diag] success_cum_shaping=313.35 T=246 d_init=104.5 d_final=0.0
 Retrying in 1 seconds
[shaping_diag] success_cum_shaping=313.35 T=222 d_init=104.5 d_final=0.0
 Retrying in 1 seconds
[shaping_diag] success_cum_shaping=313.35 T=233 d_init=104.5 d_final=0.0
 Retrying in 1 seconds
[shaping_diag] success_cum_shaping=313.35 T=222 d_init=104.5 d_final=0.0
 Retrying in 1 seconds
[shaping_diag] success_cum_shaping=313.35 T=234 d_init=104.5 d_final=0.0
 Retrying in 1 seconds
[shaping_diag] success_cum_shaping=313.35 T=251 d_init=104.5 d_final=0.0
 Retrying in 1 seconds
[shaping_diag] success_cum_shaping=313.35 T=252 d_init=104.5 d_final=0.0
 Retrying in 1 seconds
[shaping_diag] success_cum_shaping=313.35 T=238 d_init=104.5 d_final=0.0
 Retrying in 1 seconds
[shaping_diag] success_cum_shaping=313.35 T=234 d_init=104.5 d_final=0.0
 Retrying in 1 seconds
[shaping_diag] success_cum_shaping=313.35 T=310 d_init=104.5 d_final=0.0
 Retrying in 1 seconds
 Retrying in 1 seconds
[shaping_diag] success_cum_shaping=313.35 T=255 d_init=104.5 d_final=0.0
 Retrying in 1 seconds
[shaping_diag] success_cum_shaping=313.35 T=252 d_init=104.5 d_final=0.0
 Retrying in 1 seconds
[shaping_diag] success_cum_shaping=313.35 T=259 d_init=104.5 d_final=0.0
 Retrying in 1 seconds
[shaping_diag] success_cum_shaping=313.35 T=268 d_init=104.5 d_final=0.0
 Retrying in 1 seconds
[shaping_diag] success_cum_shaping=313.35 T=217 d_init=104.5 d_final=0.0
 Retrying in 1 seconds
[shaping_diag] success_cum_shaping=313.35 T=226 d_init=104.5 d_final=0.0
 Retrying in 1 seconds
[shaping_diag] success_cum_shaping=313.35 T=237 d_init=104.5 d_final=0.0
 Retrying in 1 seconds
[shaping_diag] success_cum_shaping=313.35 T=251 d_init=104.5 d_final=0.0
 Retrying in 1 seconds
[shaping_diag] success_cum_shaping=313.35 T=236 d_init=104.5 d_final=0.0
 Retrying in 1 seconds
[shaping_diag] success_cum_shaping=313.35 T=235 d_init=104.5 d_final=0.0
 Retrying in 1 seconds
[shaping_diag] success_cum_shaping=313.35 T=238 d_init=104.5 d_final=0.0
 Retrying in 1 seconds
[shaping_diag] success_cum_shaping=313.35 T=278 d_init=104.5 d_final=0.0
 Retrying in 1 seconds
[shaping_diag] success_cum_shaping=313.35 T=231 d_init=104.5 d_final=0.0
 Retrying in 1 seconds
[shaping_diag] success_cum_shaping=313.35 T=267 d_init=104.5 d_final=0.0
 Retrying in 1 seconds
[shaping_diag] success_cum_shaping=313.35 T=243 d_init=104.5 d_final=0.0
 Retrying in 1 seconds
[shaping_diag] success_cum_shaping=313.35 T=228 d_init=104.5 d_final=0.0
 Retrying in 1 seconds
 Retrying in 1 seconds
[shaping_diag] success_cum_shaping=313.35 T=262 d_init=104.5 d_final=0.0
 Retrying in 1 seconds
[shaping_diag] success_cum_shaping=313.35 T=228 d_init=104.5 d_final=0.0
 Retrying in 1 seconds
[shaping_diag] success_cum_shaping=313.35 T=310 d_init=104.5 d_final=0.0
 Retrying in 1 seconds
[shaping_diag] success_cum_shaping=313.35 T=247 d_init=104.5 d_final=0.0
 Retrying in 1 seconds
[shaping_diag] success_cum_shaping=313.35 T=235 d_init=104.5 d_final=0.0
 Retrying in 1 seconds
[shaping_diag] success_cum_shaping=313.35 T=220 d_init=104.5 d_final=0.0
 Retrying in 1 seconds
[shaping_diag] success_cum_shaping=313.35 T=250 d_init=104.5 d_final=0.0
 Retrying in 1 seconds
[shaping_diag] success_cum_shaping=313.35 T=260 d_init=104.5 d_final=0.0
 Retrying in 1 seconds
[shaping_diag] success_cum_shaping=313.35 T=250 d_init=104.5 d_final=0.0
 Retrying in 1 seconds
[shaping_diag] success_cum_shaping=313.35 T=280 d_init=104.5 d_final=0.0
 Retrying in 1 seconds
[shaping_diag] success_cum_shaping=313.35 T=246 d_init=104.5 d_final=0.0
 Retrying in 1 seconds
[shaping_diag] success_cum_shaping=313.35 T=268 d_init=104.5 d_final=0.0
 Retrying in 1 seconds
[shaping_diag] success_cum_shaping=313.35 T=271 d_init=104.5 d_final=0.0
 Retrying in 1 seconds
[shaping_diag] success_cum_shaping=313.35 T=281 d_init=104.5 d_final=0.0
 Retrying in 1 seconds
[shaping_diag] success_cum_shaping=313.35 T=247 d_init=104.5 d_final=0.0
 Retrying in 1 seconds
 Retrying in 1 seconds
[shaping_diag] success_cum_shaping=313.35 T=287 d_init=104.5 d_final=0.0
 Retrying in 1 seconds
[shaping_diag] success_cum_shaping=313.35 T=247 d_init=104.5 d_final=0.0
 Retrying in 1 seconds
[shaping_diag] success_cum_shaping=313.35 T=223 d_init=104.5 d_final=0.0
 Retrying in 1 seconds
[shaping_diag] success_cum_shaping=313.35 T=264 d_init=104.5 d_final=0.0
 Retrying in 1 seconds
[shaping_diag] success_cum_shaping=313.35 T=244 d_init=104.5 d_final=0.0
 Retrying in 1 seconds
[shaping_diag] success_cum_shaping=313.35 T=236 d_init=104.5 d_final=0.0
 Retrying in 1 seconds
[shaping_diag] success_cum_shaping=313.35 T=249 d_init=104.5 d_final=0.0
 Retrying in 1 seconds
[shaping_diag] success_cum_shaping=313.35 T=286 d_init=104.5 d_final=0.0
 Retrying in 1 seconds
[shaping_diag] success_cum_shaping=313.35 T=254 d_init=104.5 d_final=0.0
 Retrying in 1 seconds
[shaping_diag] success_cum_shaping=313.35 T=235 d_init=104.5 d_final=0.0
 Retrying in 1 seconds
[shaping_diag] success_cum_shaping=313.35 T=217 d_init=104.5 d_final=0.0
 Retrying in 1 seconds
[shaping_diag] success_cum_shaping=313.35 T=253 d_init=104.5 d_final=0.0
 Retrying in 1 seconds
[shaping_diag] success_cum_shaping=313.35 T=249 d_init=104.5 d_final=0.0
 Retrying in 1 seconds
[shaping_diag] success_cum_shaping=313.35 T=287 d_init=104.5 d_final=0.0
 Retrying in 1 seconds
[shaping_diag] success_cum_shaping=313.35 T=254 d_init=104.5 d_final=0.0
 Retrying in 1 seconds
[shaping_diag] success_cum_shaping=313.35 T=228 d_init=104.5 d_final=0.0
 Retrying in 1 seconds
 Retrying in 1 seconds
[shaping_diag] success_cum_shaping=313.35 T=248 d_init=104.5 d_final=0.0
 Retrying in 1 seconds
[shaping_diag] success_cum_shaping=313.35 T=227 d_init=104.5 d_final=0.0
 Retrying in 1 seconds
[shaping_diag] success_cum_shaping=313.35 T=236 d_init=104.5 d_final=0.0
 Retrying in 1 seconds
[shaping_diag] success_cum_shaping=313.35 T=237 d_init=104.5 d_final=0.0
 Retrying in 1 seconds
[shaping_diag] success_cum_shaping=313.35 T=244 d_init=104.5 d_final=0.0
 Retrying in 1 seconds
[shaping_diag] success_cum_shaping=313.35 T=223 d_init=104.5 d_final=0.0
 Retrying in 1 seconds
[shaping_diag] success_cum_shaping=313.35 T=256 d_init=104.5 d_final=0.0
 Retrying in 1 seconds
[shaping_diag] success_cum_shaping=313.35 T=283 d_init=104.5 d_final=0.0
 Retrying in 1 seconds
[shaping_diag] success_cum_shaping=313.35 T=216 d_init=104.5 d_final=0.0
 Retrying in 1 seconds
[shaping_diag] success_cum_shaping=313.35 T=226 d_init=104.5 d_final=0.0
 Retrying in 1 seconds
[shaping_diag] success_cum_shaping=313.35 T=243 d_init=104.5 d_final=0.0
 Retrying in 1 seconds
[shaping_diag] success_cum_shaping=313.35 T=233 d_init=104.5 d_final=0.0
 Retrying in 1 seconds
[shaping_diag] success_cum_shaping=313.35 T=231 d_init=104.5 d_final=0.0
 Retrying in 1 seconds
[shaping_diag] success_cum_shaping=313.35 T=255 d_init=104.5 d_final=0.0
 Retrying in 1 seconds
[shaping_diag] success_cum_shaping=313.35 T=239 d_init=104.5 d_final=0.0
 Retrying in 1 seconds
[shaping_diag] success_cum_shaping=313.35 T=226 d_init=104.5 d_final=0.0
 Retrying in 1 seconds
[shaping_diag] success_cum_shaping=313.35 T=230 d_init=104.5 d_final=0.0
 Retrying in 1 seconds
 Retrying in 1 seconds
[shaping_diag] success_cum_shaping=313.35 T=242 d_init=104.5 d_final=0.0
 Retrying in 1 seconds
[shaping_diag] success_cum_shaping=313.35 T=214 d_init=104.5 d_final=0.0
 Retrying in 1 seconds
[shaping_diag] success_cum_shaping=313.35 T=237 d_init=104.5 d_final=0.0
 Retrying in 1 seconds
[shaping_diag] success_cum_shaping=313.35 T=223 d_init=104.5 d_final=0.0
 Retrying in 1 seconds
[shaping_diag] success_cum_shaping=313.35 T=245 d_init=104.5 d_final=0.0
 Retrying in 1 seconds
[shaping_diag] success_cum_shaping=313.35 T=230 d_init=104.5 d_final=0.0
 Retrying in 1 seconds
[shaping_diag] success_cum_shaping=313.35 T=262 d_init=104.5 d_final=0.0
 Retrying in 1 seconds
[shaping_diag] success_cum_shaping=313.35 T=242 d_init=104.5 d_final=0.0
 Retrying in 1 seconds
[shaping_diag] success_cum_shaping=313.35 T=230 d_init=104.5 d_final=0.0
 Retrying in 1 seconds
[shaping_diag] success_cum_shaping=313.35 T=268 d_init=104.5 d_final=0.0
 Retrying in 1 seconds
[shaping_diag] success_cum_shaping=313.35 T=229 d_init=104.5 d_final=0.0
 Retrying in 1 seconds
[shaping_diag] success_cum_shaping=313.35 T=261 d_init=104.5 d_final=0.0
 Retrying in 1 seconds
[shaping_diag] success_cum_shaping=313.35 T=251 d_init=104.5 d_final=0.0
 Retrying in 1 seconds
[shaping_diag] success_cum_shaping=313.35 T=255 d_init=104.5 d_final=0.0
 Retrying in 1 seconds
[shaping_diag] success_cum_shaping=313.35 T=250 d_init=104.5 d_final=0.0
 Retrying in 1 seconds
[shaping_diag] success_cum_shaping=313.35 T=263 d_init=104.5 d_final=0.0
 Retrying in 1 seconds
 Retrying in 1 seconds
[shaping_diag] success_cum_shaping=313.35 T=216 d_init=104.5 d_final=0.0
 Retrying in 1 seconds
[shaping_diag] success_cum_shaping=313.35 T=238 d_init=104.5 d_final=0.0
 Retrying in 1 seconds
[shaping_diag] success_cum_shaping=313.35 T=199 d_init=104.5 d_final=0.0
 Retrying in 1 seconds
[shaping_diag] success_cum_shaping=313.35 T=233 d_init=104.5 d_final=0.0
 Retrying in 1 seconds
[shaping_diag] success_cum_shaping=313.35 T=218 d_init=104.5 d_final=0.0
 Retrying in 1 seconds
[shaping_diag] success_cum_shaping=313.35 T=216 d_init=104.5 d_final=0.0
 Retrying in 1 seconds
[shaping_diag] success_cum_shaping=313.35 T=232 d_init=104.5 d_final=0.0
 Retrying in 1 seconds
[shaping_diag] success_cum_shaping=313.35 T=260 d_init=104.5 d_final=0.0
 Retrying in 1 seconds
[shaping_diag] success_cum_shaping=313.35 T=214 d_init=104.5 d_final=0.0
 Retrying in 1 seconds
[shaping_diag] success_cum_shaping=313.35 T=233 d_init=104.5 d_final=0.0
 Retrying in 1 seconds
[shaping_diag] success_cum_shaping=313.35 T=230 d_init=104.5 d_final=0.0
 Retrying in 1 seconds
[shaping_diag] success_cum_shaping=313.35 T=224 d_init=104.5 d_final=0.0
 Retrying in 1 seconds
[shaping_diag] success_cum_shaping=313.35 T=232 d_init=104.5 d_final=0.0
 Retrying in 1 seconds
[shaping_diag] success_cum_shaping=313.35 T=233 d_init=104.5 d_final=0.0
 Retrying in 1 seconds
[shaping_diag] success_cum_shaping=313.35 T=229 d_init=104.5 d_final=0.0
 Retrying in 1 seconds
[shaping_diag] success_cum_shaping=313.35 T=255 d_init=104.5 d_final=0.0
 Retrying in 1 seconds
[shaping_diag] success_cum_shaping=313.35 T=267 d_init=104.5 d_final=0.0
 Retrying in 1 seconds
 Retrying in 1 seconds
[shaping_diag] success_cum_shaping=313.35 T=238 d_init=104.5 d_final=0.0
 Retrying in 1 seconds
[shaping_diag] success_cum_shaping=313.35 T=218 d_init=104.5 d_final=0.0
 Retrying in 1 seconds
[shaping_diag] success_cum_shaping=313.35 T=229 d_init=104.5 d_final=0.0
 Retrying in 1 seconds
[shaping_diag] success_cum_shaping=313.35 T=232 d_init=104.5 d_final=0.0
 Retrying in 1 seconds
[shaping_diag] success_cum_shaping=313.35 T=231 d_init=104.5 d_final=0.0
 Retrying in 1 seconds
[shaping_diag] success_cum_shaping=313.35 T=232 d_init=104.5 d_final=0.0
 Retrying in 1 seconds
[shaping_diag] success_cum_shaping=313.35 T=244 d_init=104.5 d_final=0.0
 Retrying in 1 seconds
[shaping_diag] success_cum_shaping=313.35 T=230 d_init=104.5 d_final=0.0
 Retrying in 1 seconds
[shaping_diag] success_cum_shaping=313.35 T=231 d_init=104.5 d_final=0.0
 Retrying in 1 seconds
[shaping_diag] success_cum_shaping=313.35 T=260 d_init=104.5 d_final=0.0
 Retrying in 1 seconds
[shaping_diag] success_cum_shaping=313.35 T=224 d_init=104.5 d_final=0.0
 Retrying in 1 seconds
[shaping_diag] success_cum_shaping=313.35 T=235 d_init=104.5 d_final=0.0
 Retrying in 1 seconds
[shaping_diag] success_cum_shaping=313.35 T=235 d_init=104.5 d_final=0.0
 Retrying in 1 seconds
[shaping_diag] success_cum_shaping=313.35 T=256 d_init=104.5 d_final=0.0
 Retrying in 1 seconds
[shaping_diag] success_cum_shaping=313.35 T=429 d_init=104.5 d_final=0.0
 Retrying in 1 seconds
[shaping_diag] success_cum_shaping=313.35 T=195 d_init=104.5 d_final=0.0
 Retrying in 1 seconds
 Retrying in 1 seconds
[shaping_diag] success_cum_shaping=313.35 T=241 d_init=104.5 d_final=0.0
 Retrying in 1 seconds
[shaping_diag] success_cum_shaping=313.35 T=230 d_init=104.5 d_final=0.0
 Retrying in 1 seconds
[shaping_diag] success_cum_shaping=313.35 T=214 d_init=104.5 d_final=0.0
 Retrying in 1 seconds
[shaping_diag] success_cum_shaping=313.35 T=224 d_init=104.5 d_final=0.0
 Retrying in 1 seconds
[shaping_diag] success_cum_shaping=313.35 T=208 d_init=104.5 d_final=0.0
 Retrying in 1 seconds
[shaping_diag] success_cum_shaping=313.35 T=236 d_init=104.5 d_final=0.0
 Retrying in 1 seconds
[shaping_diag] success_cum_shaping=313.35 T=241 d_init=104.5 d_final=0.0
 Retrying in 1 seconds
[shaping_diag] success_cum_shaping=313.35 T=243 d_init=104.5 d_final=0.0
 Retrying in 1 seconds
[shaping_diag] success_cum_shaping=313.35 T=255 d_init=104.5 d_final=0.0
 Retrying in 1 seconds
[shaping_diag] success_cum_shaping=313.35 T=264 d_init=104.5 d_final=0.0
 Retrying in 1 seconds
[shaping_diag] success_cum_shaping=313.35 T=253 d_init=104.5 d_final=0.0
 Retrying in 1 seconds
[shaping_diag] success_cum_shaping=313.35 T=233 d_init=104.5 d_final=0.0
 Retrying in 1 seconds
[shaping_diag] success_cum_shaping=313.35 T=200 d_init=104.5 d_final=0.0
 Retrying in 1 seconds
[shaping_diag] success_cum_shaping=313.35 T=230 d_init=104.5 d_final=0.0
 Retrying in 1 seconds
[shaping_diag] success_cum_shaping=313.35 T=247 d_init=104.5 d_final=0.0
 Retrying in 1 seconds
[shaping_diag] success_cum_shaping=313.35 T=265 d_init=104.5 d_final=0.0
 Retrying in 1 seconds
[shaping_diag] success_cum_shaping=313.35 T=205 d_init=104.5 d_final=0.0
 Retrying in 1 seconds
 Retrying in 1 seconds
[shaping_diag] success_cum_shaping=313.35 T=213 d_init=104.5 d_final=0.0
 Retrying in 1 seconds
[shaping_diag] success_cum_shaping=313.35 T=251 d_init=104.5 d_final=0.0
 Retrying in 1 seconds
[shaping_diag] success_cum_shaping=313.35 T=253 d_init=104.5 d_final=0.0
 Retrying in 1 seconds
[shaping_diag] success_cum_shaping=313.35 T=191 d_init=104.5 d_final=0.0
 Retrying in 1 seconds
[shaping_diag] success_cum_shaping=313.35 T=186 d_init=104.5 d_final=0.0
 Retrying in 1 seconds
[shaping_diag] success_cum_shaping=313.35 T=173 d_init=104.5 d_final=0.0
 Retrying in 1 seconds
[shaping_diag] success_cum_shaping=313.35 T=233 d_init=104.5 d_final=0.0
 Retrying in 1 seconds
[shaping_diag] success_cum_shaping=313.35 T=213 d_init=104.5 d_final=0.0
 Retrying in 1 seconds
[shaping_diag] success_cum_shaping=313.35 T=255 d_init=104.5 d_final=0.0
 Retrying in 1 seconds
[shaping_diag] success_cum_shaping=313.35 T=206 d_init=104.5 d_final=0.0
 Retrying in 1 seconds
[shaping_diag] success_cum_shaping=313.35 T=235 d_init=104.5 d_final=0.0
 Retrying in 1 seconds
[shaping_diag] success_cum_shaping=313.35 T=240 d_init=104.5 d_final=0.0
 Retrying in 1 seconds
[shaping_diag] success_cum_shaping=313.35 T=205 d_init=104.5 d_final=0.0
 Retrying in 1 seconds
[shaping_diag] success_cum_shaping=313.35 T=249 d_init=104.5 d_final=0.0
 Retrying in 1 seconds
[shaping_diag] success_cum_shaping=313.35 T=230 d_init=104.5 d_final=0.0
 Retrying in 1 seconds
[shaping_diag] success_cum_shaping=313.35 T=241 d_init=104.5 d_final=0.0
 Retrying in 1 seconds
[shaping_diag] success_cum_shaping=313.35 T=222 d_init=104.5 d_final=0.0
 Retrying in 1 seconds
[shaping_diag] success_cum_shaping=313.35 T=218 d_init=104.5 d_final=0.0
 Retrying in 1 seconds
 Retrying in 1 seconds
[shaping_diag] success_cum_shaping=313.35 T=163 d_init=104.5 d_final=0.0
 Retrying in 1 seconds
[shaping_diag] success_cum_shaping=313.35 T=151 d_init=104.5 d_final=0.0
 Retrying in 1 seconds
[shaping_diag] success_cum_shaping=313.35 T=197 d_init=104.5 d_final=0.0
 Retrying in 1 seconds
[shaping_diag] success_cum_shaping=313.35 T=110 d_init=104.5 d_final=0.0
 Retrying in 1 seconds
[shaping_diag] success_cum_shaping=313.35 T=110 d_init=104.5 d_final=0.0
 Retrying in 1 seconds
[shaping_diag] success_cum_shaping=313.35 T=110 d_init=104.5 d_final=0.0
 Retrying in 1 seconds
[shaping_diag] success_cum_shaping=313.35 T=130 d_init=104.5 d_final=0.0
 Retrying in 1 seconds
[shaping_diag] success_cum_shaping=313.35 T=110 d_init=104.5 d_final=0.0
 Retrying in 1 seconds
[shaping_diag] success_cum_shaping=313.35 T=137 d_init=104.5 d_final=0.0
 Retrying in 1 seconds
[shaping_diag] success_cum_shaping=313.35 T=215 d_init=104.5 d_final=0.0
[cbf_aux] step=126976 ret=231.44 coll=0 ttc=5.44 cbf_res=0.0000
 Retrying in 1 seconds
[shaping_diag] success_cum_shaping=313.35 T=233 d_init=104.5 d_final=0.0
 Retrying in 1 seconds
[shaping_diag] success_cum_shaping=313.35 T=194 d_init=104.5 d_final=0.0
 Retrying in 1 seconds
[shaping_diag] success_cum_shaping=313.35 T=237 d_init=104.5 d_final=0.0
 Retrying in 1 seconds
[shaping_diag] success_cum_shaping=313.35 T=236 d_init=104.5 d_final=0.0
 Retrying in 1 seconds
[shaping_diag] success_cum_shaping=313.35 T=211 d_init=104.5 d_final=0.0
 Retrying in 1 seconds
[shaping_diag] success_cum_shaping=313.35 T=200 d_init=104.5 d_final=0.0
Warning: Vehicle 'other2' performs emergency braking on lane 'left_in_0' with decel=9.00, wished=7.00, severity=1.00, time=8.40.
 Retrying in 1 seconds
[shaping_diag] success_cum_shaping=313.35 T=161 d_init=104.5 d_final=0.0
 Retrying in 1 seconds
[shaping_diag] success_cum_shaping=313.35 T=219 d_init=104.5 d_final=0.0
 Retrying in 1 seconds
[shaping_diag] success_cum_shaping=313.35 T=218 d_init=104.5 d_final=0.0
 Retrying in 1 seconds
[shaping_diag] success_cum_shaping=313.35 T=251 d_init=104.5 d_final=0.0
 Retrying in 1 seconds
[shaping_diag] success_cum_shaping=313.35 T=229 d_init=104.5 d_final=0.0
 Retrying in 1 seconds
[shaping_diag] success_cum_shaping=313.35 T=228 d_init=104.5 d_final=0.0
 Retrying in 1 seconds
[shaping_diag] success_cum_shaping=313.35 T=205 d_init=104.5 d_final=0.0
 Retrying in 1 seconds
[shaping_diag] success_cum_shaping=313.35 T=215 d_init=104.5 d_final=0.0
 Retrying in 1 seconds
[shaping_diag] success_cum_shaping=313.35 T=210 d_init=104.5 d_final=0.0
 Retrying in 1 seconds
[shaping_diag] success_cum_shaping=313.35 T=221 d_init=104.5 d_final=0.0
 Retrying in 1 seconds
[shaping_diag] success_cum_shaping=313.35 T=240 d_init=104.5 d_final=0.0
 Retrying in 1 seconds
[shaping_diag] success_cum_shaping=313.35 T=261 d_init=104.5 d_final=0.0
 Retrying in 1 seconds
 Retrying in 1 seconds
[shaping_diag] success_cum_shaping=313.35 T=237 d_init=104.5 d_final=0.0
 Retrying in 1 seconds
[shaping_diag] success_cum_shaping=313.35 T=255 d_init=104.5 d_final=0.0
 Retrying in 1 seconds
[shaping_diag] success_cum_shaping=313.35 T=254 d_init=104.5 d_final=0.0
 Retrying in 1 seconds
[shaping_diag] success_cum_shaping=313.35 T=216 d_init=104.5 d_final=0.0
 Retrying in 1 seconds
[shaping_diag] success_cum_shaping=313.35 T=263 d_init=104.5 d_final=0.0
 Retrying in 1 seconds
[shaping_diag] success_cum_shaping=313.35 T=217 d_init=104.5 d_final=0.0
 Retrying in 1 seconds
[shaping_diag] success_cum_shaping=313.35 T=193 d_init=104.5 d_final=0.0
 Retrying in 1 seconds
[shaping_diag] success_cum_shaping=313.35 T=203 d_init=104.5 d_final=0.0
 Retrying in 1 seconds
[shaping_diag] success_cum_shaping=313.35 T=245 d_init=104.5 d_final=0.0
 Retrying in 1 seconds
[shaping_diag] success_cum_shaping=313.35 T=253 d_init=104.5 d_final=0.0
 Retrying in 1 seconds
[shaping_diag] success_cum_shaping=313.35 T=205 d_init=104.5 d_final=0.0
 Retrying in 1 seconds
[shaping_diag] success_cum_shaping=313.35 T=244 d_init=104.5 d_final=0.0
 Retrying in 1 seconds
[shaping_diag] success_cum_shaping=313.35 T=208 d_init=104.5 d_final=0.0
 Retrying in 1 seconds
[shaping_diag] success_cum_shaping=313.35 T=226 d_init=104.5 d_final=0.0
 Retrying in 1 seconds
[shaping_diag] success_cum_shaping=313.35 T=237 d_init=104.5 d_final=0.0
 Retrying in 1 seconds
[shaping_diag] success_cum_shaping=313.35 T=218 d_init=104.5 d_final=0.0
 Retrying in 1 seconds
[shaping_diag] success_cum_shaping=313.35 T=205 d_init=104.5 d_final=0.0
 Retrying in 1 seconds
 Retrying in 1 seconds
[shaping_diag] success_cum_shaping=313.35 T=239 d_init=104.5 d_final=0.0
 Retrying in 1 seconds
[shaping_diag] success_cum_shaping=313.35 T=233 d_init=104.5 d_final=0.0
 Retrying in 1 seconds
[shaping_diag] success_cum_shaping=313.35 T=237 d_init=104.5 d_final=0.0
 Retrying in 1 seconds
[shaping_diag] success_cum_shaping=313.35 T=253 d_init=104.5 d_final=0.0
 Retrying in 1 seconds
[shaping_diag] success_cum_shaping=313.35 T=229 d_init=104.5 d_final=0.0
 Retrying in 1 seconds
[shaping_diag] success_cum_shaping=313.35 T=236 d_init=104.5 d_final=0.0
 Retrying in 1 seconds
[shaping_diag] success_cum_shaping=313.35 T=242 d_init=104.5 d_final=0.0
 Retrying in 1 seconds
[shaping_diag] success_cum_shaping=313.35 T=243 d_init=104.5 d_final=0.0
 Retrying in 1 seconds
[shaping_diag] success_cum_shaping=313.35 T=233 d_init=104.5 d_final=0.0
 Retrying in 1 seconds
[shaping_diag] success_cum_shaping=313.35 T=197 d_init=104.5 d_final=0.0
 Retrying in 1 seconds
[shaping_diag] success_cum_shaping=313.35 T=223 d_init=104.5 d_final=0.0
 Retrying in 1 seconds
[shaping_diag] success_cum_shaping=313.35 T=203 d_init=104.5 d_final=0.0
 Retrying in 1 seconds
[shaping_diag] success_cum_shaping=313.35 T=249 d_init=104.5 d_final=0.0
 Retrying in 1 seconds
[shaping_diag] success_cum_shaping=313.35 T=218 d_init=104.5 d_final=0.0
 Retrying in 1 seconds
[shaping_diag] success_cum_shaping=313.35 T=214 d_init=104.5 d_final=0.0
 Retrying in 1 seconds
[shaping_diag] success_cum_shaping=313.35 T=217 d_init=104.5 d_final=0.0
 Retrying in 1 seconds
[shaping_diag] success_cum_shaping=313.35 T=228 d_init=104.5 d_final=0.0
 Retrying in 1 seconds
 Retrying in 1 seconds
[shaping_diag] success_cum_shaping=313.35 T=202 d_init=104.5 d_final=0.0
 Retrying in 1 seconds
[shaping_diag] success_cum_shaping=313.35 T=217 d_init=104.5 d_final=0.0
 Retrying in 1 seconds
[shaping_diag] success_cum_shaping=313.35 T=247 d_init=104.5 d_final=0.0
 Retrying in 1 seconds
[shaping_diag] success_cum_shaping=313.35 T=252 d_init=104.5 d_final=0.0
 Retrying in 1 seconds
[shaping_diag] success_cum_shaping=313.35 T=220 d_init=104.5 d_final=0.0
 Retrying in 1 seconds
[shaping_diag] success_cum_shaping=313.35 T=199 d_init=104.5 d_final=0.0
 Retrying in 1 seconds
[shaping_diag] success_cum_shaping=313.35 T=460 d_init=104.5 d_final=0.0
 Retrying in 1 seconds
[shaping_diag] success_cum_shaping=313.35 T=242 d_init=104.5 d_final=0.0
 Retrying in 1 seconds
[shaping_diag] success_cum_shaping=313.35 T=211 d_init=104.5 d_final=0.0
 Retrying in 1 seconds
[shaping_diag] success_cum_shaping=313.35 T=227 d_init=104.5 d_final=0.0
 Retrying in 1 seconds
[shaping_diag] success_cum_shaping=313.35 T=227 d_init=104.5 d_final=0.0
 Retrying in 1 seconds
[shaping_diag] success_cum_shaping=313.35 T=205 d_init=104.5 d_final=0.0
 Retrying in 1 seconds
[shaping_diag] success_cum_shaping=313.35 T=214 d_init=104.5 d_final=0.0
 Retrying in 1 seconds
[shaping_diag] success_cum_shaping=313.35 T=208 d_init=104.5 d_final=0.0
 Retrying in 1 seconds
[shaping_diag] success_cum_shaping=313.35 T=232 d_init=104.5 d_final=0.0
 Retrying in 1 seconds
[shaping_diag] success_cum_shaping=313.35 T=251 d_init=104.5 d_final=0.0
 Retrying in 1 seconds
[shaping_diag] success_cum_shaping=313.35 T=219 d_init=104.5 d_final=0.0
 Retrying in 1 seconds
 Retrying in 1 seconds
[shaping_diag] success_cum_shaping=313.35 T=233 d_init=104.5 d_final=0.0
 Retrying in 1 seconds
[shaping_diag] success_cum_shaping=313.35 T=252 d_init=104.5 d_final=0.0
 Retrying in 1 seconds
[shaping_diag] success_cum_shaping=313.35 T=228 d_init=104.5 d_final=0.0
 Retrying in 1 seconds
[shaping_diag] success_cum_shaping=313.35 T=220 d_init=104.5 d_final=0.0
 Retrying in 1 seconds
[shaping_diag] success_cum_shaping=313.35 T=204 d_init=104.5 d_final=0.0
 Retrying in 1 seconds
[shaping_diag] success_cum_shaping=313.35 T=250 d_init=104.5 d_final=0.0
 Retrying in 1 seconds
[shaping_diag] success_cum_shaping=313.35 T=221 d_init=104.5 d_final=0.0
 Retrying in 1 seconds
[shaping_diag] success_cum_shaping=313.35 T=264 d_init=104.5 d_final=0.0
 Retrying in 1 seconds
[shaping_diag] success_cum_shaping=313.35 T=230 d_init=104.5 d_final=0.0
 Retrying in 1 seconds
[shaping_diag] success_cum_shaping=313.35 T=225 d_init=104.5 d_final=0.0
 Retrying in 1 seconds
[shaping_diag] success_cum_shaping=313.35 T=226 d_init=104.5 d_final=0.0
 Retrying in 1 seconds
[shaping_diag] success_cum_shaping=313.35 T=211 d_init=104.5 d_final=0.0
 Retrying in 1 seconds
[shaping_diag] success_cum_shaping=313.35 T=212 d_init=104.5 d_final=0.0
 Retrying in 1 seconds
[shaping_diag] success_cum_shaping=313.35 T=247 d_init=104.5 d_final=0.0
 Retrying in 1 seconds
[shaping_diag] success_cum_shaping=313.35 T=225 d_init=104.5 d_final=0.0
 Retrying in 1 seconds
[shaping_diag] success_cum_shaping=313.35 T=196 d_init=104.5 d_final=0.0
 Retrying in 1 seconds
[shaping_diag] success_cum_shaping=313.35 T=233 d_init=104.5 d_final=0.0
 Retrying in 1 seconds
 Retrying in 1 seconds
[shaping_diag] success_cum_shaping=313.35 T=245 d_init=104.5 d_final=0.0
 Retrying in 1 seconds
[shaping_diag] success_cum_shaping=313.35 T=224 d_init=104.5 d_final=0.0
 Retrying in 1 seconds
[shaping_diag] success_cum_shaping=313.35 T=232 d_init=104.5 d_final=0.0
 Retrying in 1 seconds
[shaping_diag] success_cum_shaping=313.35 T=219 d_init=104.5 d_final=0.0
 Retrying in 1 seconds
[shaping_diag] success_cum_shaping=313.35 T=217 d_init=104.5 d_final=0.0
 Retrying in 1 seconds
[shaping_diag] success_cum_shaping=313.35 T=217 d_init=104.5 d_final=0.0
 Retrying in 1 seconds
[shaping_diag] success_cum_shaping=313.35 T=207 d_init=104.5 d_final=0.0
 Retrying in 1 seconds
[shaping_diag] success_cum_shaping=313.35 T=216 d_init=104.5 d_final=0.0
 Retrying in 1 seconds
[shaping_diag] success_cum_shaping=313.35 T=242 d_init=104.5 d_final=0.0
 Retrying in 1 seconds
[shaping_diag] success_cum_shaping=313.35 T=208 d_init=104.5 d_final=0.0
 Retrying in 1 seconds
[shaping_diag] success_cum_shaping=313.35 T=241 d_init=104.5 d_final=0.0
 Retrying in 1 seconds
[shaping_diag] success_cum_shaping=313.35 T=217 d_init=104.5 d_final=0.0
 Retrying in 1 seconds
[shaping_diag] success_cum_shaping=313.35 T=214 d_init=104.5 d_final=0.0
 Retrying in 1 seconds
[shaping_diag] success_cum_shaping=313.35 T=211 d_init=104.5 d_final=0.0
 Retrying in 1 seconds
[shaping_diag] success_cum_shaping=313.35 T=226 d_init=104.5 d_final=0.0
 Retrying in 1 seconds
[shaping_diag] success_cum_shaping=313.35 T=238 d_init=104.5 d_final=0.0
 Retrying in 1 seconds
[shaping_diag] success_cum_shaping=313.35 T=213 d_init=104.5 d_final=0.0
 Retrying in 1 seconds
[shaping_diag] success_cum_shaping=313.35 T=244 d_init=104.5 d_final=0.0
 Retrying in 1 seconds
 Retrying in 1 seconds
[shaping_diag] success_cum_shaping=313.35 T=241 d_init=104.5 d_final=0.0
 Retrying in 1 seconds
[shaping_diag] success_cum_shaping=313.35 T=229 d_init=104.5 d_final=0.0
 Retrying in 1 seconds
[shaping_diag] success_cum_shaping=313.35 T=235 d_init=104.5 d_final=0.0
 Retrying in 1 seconds
[shaping_diag] success_cum_shaping=313.35 T=239 d_init=104.5 d_final=0.0
 Retrying in 1 seconds
[shaping_diag] success_cum_shaping=313.35 T=238 d_init=104.5 d_final=0.0
 Retrying in 1 seconds
[shaping_diag] success_cum_shaping=313.35 T=201 d_init=104.5 d_final=0.0
 Retrying in 1 seconds
[shaping_diag] success_cum_shaping=313.35 T=249 d_init=104.5 d_final=0.0
 Retrying in 1 seconds
[shaping_diag] success_cum_shaping=313.35 T=240 d_init=104.5 d_final=0.0
 Retrying in 1 seconds
[shaping_diag] success_cum_shaping=313.35 T=240 d_init=104.5 d_final=0.0
 Retrying in 1 seconds
[shaping_diag] success_cum_shaping=313.35 T=229 d_init=104.5 d_final=0.0
 Retrying in 1 seconds
[shaping_diag] success_cum_shaping=313.35 T=206 d_init=104.5 d_final=0.0
 Retrying in 1 seconds
[shaping_diag] success_cum_shaping=313.35 T=204 d_init=104.5 d_final=0.0
 Retrying in 1 seconds
[shaping_diag] success_cum_shaping=313.35 T=214 d_init=104.5 d_final=0.0
 Retrying in 1 seconds
[shaping_diag] success_cum_shaping=313.35 T=224 d_init=104.5 d_final=0.0
 Retrying in 1 seconds
[shaping_diag] success_cum_shaping=313.35 T=233 d_init=104.5 d_final=0.0
 Retrying in 1 seconds
[shaping_diag] success_cum_shaping=313.35 T=208 d_init=104.5 d_final=0.0
 Retrying in 1 seconds
[shaping_diag] success_cum_shaping=313.35 T=232 d_init=104.5 d_final=0.0
 Retrying in 1 seconds
[shaping_diag] success_cum_shaping=313.35 T=205 d_init=104.5 d_final=0.0
 Retrying in 1 seconds
 Retrying in 1 seconds
[shaping_diag] success_cum_shaping=313.35 T=203 d_init=104.5 d_final=0.0
 Retrying in 1 seconds
[shaping_diag] success_cum_shaping=313.35 T=232 d_init=104.5 d_final=0.0
 Retrying in 1 seconds
[shaping_diag] success_cum_shaping=313.35 T=219 d_init=104.5 d_final=0.0
 Retrying in 1 seconds
[shaping_diag] success_cum_shaping=313.35 T=244 d_init=104.5 d_final=0.0
 Retrying in 1 seconds
[shaping_diag] success_cum_shaping=313.35 T=257 d_init=104.5 d_final=0.0
 Retrying in 1 seconds
[shaping_diag] success_cum_shaping=313.35 T=256 d_init=104.5 d_final=0.0
 Retrying in 1 seconds
[shaping_diag] success_cum_shaping=313.35 T=226 d_init=104.5 d_final=0.0
 Retrying in 1 seconds
[shaping_diag] success_cum_shaping=313.35 T=217 d_init=104.5 d_final=0.0
 Retrying in 1 seconds
[shaping_diag] success_cum_shaping=313.35 T=228 d_init=104.5 d_final=0.0
 Retrying in 1 seconds
[shaping_diag] success_cum_shaping=313.35 T=225 d_init=104.5 d_final=0.0
 Retrying in 1 seconds
[shaping_diag] success_cum_shaping=313.35 T=230 d_init=104.5 d_final=0.0
 Retrying in 1 seconds
[shaping_diag] success_cum_shaping=313.35 T=236 d_init=104.5 d_final=0.0
 Retrying in 1 seconds
[shaping_diag] success_cum_shaping=313.35 T=224 d_init=104.5 d_final=0.0
 Retrying in 1 seconds
[shaping_diag] success_cum_shaping=313.35 T=251 d_init=104.5 d_final=0.0
 Retrying in 1 seconds
[shaping_diag] success_cum_shaping=313.35 T=213 d_init=104.5 d_final=0.0
 Retrying in 1 seconds
[shaping_diag] success_cum_shaping=313.35 T=217 d_init=104.5 d_final=0.0
 Retrying in 1 seconds
[shaping_diag] success_cum_shaping=313.35 T=214 d_init=104.5 d_final=0.0
 Retrying in 1 seconds
 Retrying in 1 seconds
[shaping_diag] success_cum_shaping=313.35 T=235 d_init=104.5 d_final=0.0
 Retrying in 1 seconds
[shaping_diag] success_cum_shaping=313.35 T=240 d_init=104.5 d_final=0.0
 Retrying in 1 seconds
[shaping_diag] success_cum_shaping=313.35 T=225 d_init=104.5 d_final=0.0
 Retrying in 1 seconds
[shaping_diag] success_cum_shaping=313.35 T=217 d_init=104.5 d_final=0.0
 Retrying in 1 seconds
[shaping_diag] success_cum_shaping=313.35 T=267 d_init=104.5 d_final=0.0
 Retrying in 1 seconds
[shaping_diag] success_cum_shaping=313.35 T=252 d_init=104.5 d_final=0.0
 Retrying in 1 seconds
[shaping_diag] success_cum_shaping=313.35 T=216 d_init=104.5 d_final=0.0
 Retrying in 1 seconds
[shaping_diag] success_cum_shaping=313.35 T=225 d_init=104.5 d_final=0.0
 Retrying in 1 seconds
[shaping_diag] success_cum_shaping=313.35 T=223 d_init=104.5 d_final=0.0
 Retrying in 1 seconds
[shaping_diag] success_cum_shaping=313.35 T=205 d_init=104.5 d_final=0.0
 Retrying in 1 seconds
[shaping_diag] success_cum_shaping=313.35 T=195 d_init=104.5 d_final=0.0
 Retrying in 1 seconds
[shaping_diag] success_cum_shaping=313.35 T=229 d_init=104.5 d_final=0.0
 Retrying in 1 seconds
[shaping_diag] success_cum_shaping=313.35 T=211 d_init=104.5 d_final=0.0
 Retrying in 1 seconds
[shaping_diag] success_cum_shaping=313.35 T=218 d_init=104.5 d_final=0.0
 Retrying in 1 seconds
[shaping_diag] success_cum_shaping=313.35 T=225 d_init=104.5 d_final=0.0
 Retrying in 1 seconds
[shaping_diag] success_cum_shaping=313.35 T=207 d_init=104.5 d_final=0.0
 Retrying in 1 seconds
[shaping_diag] success_cum_shaping=313.35 T=228 d_init=104.5 d_final=0.0
 Retrying in 1 seconds
[shaping_diag] success_cum_shaping=313.35 T=255 d_init=104.5 d_final=0.0
 Retrying in 1 seconds
 Retrying in 1 seconds
[shaping_diag] success_cum_shaping=313.35 T=206 d_init=104.5 d_final=0.0
 Retrying in 1 seconds
[shaping_diag] success_cum_shaping=313.35 T=242 d_init=104.5 d_final=0.0
 Retrying in 1 seconds
[shaping_diag] success_cum_shaping=313.35 T=216 d_init=104.5 d_final=0.0
 Retrying in 1 seconds
[shaping_diag] success_cum_shaping=313.35 T=243 d_init=104.5 d_final=0.0
 Retrying in 1 seconds
[shaping_diag] success_cum_shaping=313.35 T=219 d_init=104.5 d_final=0.0
 Retrying in 1 seconds
[shaping_diag] success_cum_shaping=313.35 T=200 d_init=104.5 d_final=0.0
 Retrying in 1 seconds
[shaping_diag] success_cum_shaping=313.35 T=241 d_init=104.5 d_final=0.0
 Retrying in 1 seconds
[shaping_diag] success_cum_shaping=313.35 T=214 d_init=104.5 d_final=0.0
 Retrying in 1 seconds
[shaping_diag] success_cum_shaping=313.35 T=234 d_init=104.5 d_final=0.0
 Retrying in 1 seconds
[shaping_diag] success_cum_shaping=313.35 T=233 d_init=104.5 d_final=0.0
 Retrying in 1 seconds
[shaping_diag] success_cum_shaping=313.35 T=226 d_init=104.5 d_final=0.0
 Retrying in 1 seconds
[shaping_diag] success_cum_shaping=313.35 T=217 d_init=104.5 d_final=0.0
 Retrying in 1 seconds
[shaping_diag] success_cum_shaping=313.35 T=227 d_init=104.5 d_final=0.0
 Retrying in 1 seconds
[shaping_diag] success_cum_shaping=313.35 T=206 d_init=104.5 d_final=0.0
 Retrying in 1 seconds
[shaping_diag] success_cum_shaping=313.35 T=212 d_init=104.5 d_final=0.0
 Retrying in 1 seconds
[shaping_diag] success_cum_shaping=313.35 T=224 d_init=104.5 d_final=0.0
 Retrying in 1 seconds
[shaping_diag] success_cum_shaping=313.35 T=247 d_init=104.5 d_final=0.0
 Retrying in 1 seconds
[shaping_diag] success_cum_shaping=313.35 T=242 d_init=104.5 d_final=0.0
 Retrying in 1 seconds
 Retrying in 1 seconds
[shaping_diag] success_cum_shaping=313.35 T=194 d_init=104.5 d_final=0.0
 Retrying in 1 seconds
[shaping_diag] success_cum_shaping=313.35 T=206 d_init=104.5 d_final=0.0
 Retrying in 1 seconds
[shaping_diag] success_cum_shaping=313.35 T=214 d_init=104.5 d_final=0.0
 Retrying in 1 seconds
[shaping_diag] success_cum_shaping=313.35 T=205 d_init=104.5 d_final=0.0
 Retrying in 1 seconds
[shaping_diag] success_cum_shaping=313.35 T=223 d_init=104.5 d_final=0.0
 Retrying in 1 seconds
[shaping_diag] success_cum_shaping=313.35 T=203 d_init=104.5 d_final=0.0
 Retrying in 1 seconds
[shaping_diag] success_cum_shaping=313.35 T=207 d_init=104.5 d_final=0.0
 Retrying in 1 seconds
[shaping_diag] success_cum_shaping=313.35 T=191 d_init=104.5 d_final=0.0
 Retrying in 1 seconds
[shaping_diag] success_cum_shaping=313.35 T=208 d_init=104.5 d_final=0.0
 Retrying in 1 seconds
[shaping_diag] success_cum_shaping=313.35 T=214 d_init=104.5 d_final=0.0
[cbf_aux] step=167936 ret=283.18 coll=0 ttc=6.54 cbf_res=0.0000
 Retrying in 1 seconds
[shaping_diag] success_cum_shaping=313.35 T=236 d_init=104.5 d_final=0.0
 Retrying in 1 seconds
[shaping_diag] success_cum_shaping=313.35 T=226 d_init=104.5 d_final=0.0
 Retrying in 1 seconds
[shaping_diag] success_cum_shaping=313.35 T=254 d_init=104.5 d_final=0.0
 Retrying in 1 seconds
[shaping_diag] success_cum_shaping=313.35 T=249 d_init=104.5 d_final=0.0
 Retrying in 1 seconds
[shaping_diag] success_cum_shaping=313.35 T=215 d_init=104.5 d_final=0.0
 Retrying in 1 seconds
[shaping_diag] success_cum_shaping=313.35 T=240 d_init=104.5 d_final=0.0
 Retrying in 1 seconds
[shaping_diag] success_cum_shaping=313.35 T=212 d_init=104.5 d_final=0.0
 Retrying in 1 seconds
[shaping_diag] success_cum_shaping=313.35 T=224 d_init=104.5 d_final=0.0
 Retrying in 1 seconds
[shaping_diag] success_cum_shaping=313.35 T=218 d_init=104.5 d_final=0.0
 Retrying in 1 seconds
[shaping_diag] success_cum_shaping=313.35 T=216 d_init=104.5 d_final=0.0
 Retrying in 1 seconds
[shaping_diag] success_cum_shaping=313.35 T=218 d_init=104.5 d_final=0.0
 Retrying in 1 seconds
[shaping_diag] success_cum_shaping=313.35 T=205 d_init=104.5 d_final=0.0
 Retrying in 1 seconds
[shaping_diag] success_cum_shaping=313.35 T=217 d_init=104.5 d_final=0.0
 Retrying in 1 seconds
[shaping_diag] success_cum_shaping=313.35 T=202 d_init=104.5 d_final=0.0
 Retrying in 1 seconds
[shaping_diag] success_cum_shaping=313.35 T=243 d_init=104.5 d_final=0.0
 Retrying in 1 seconds
[shaping_diag] success_cum_shaping=313.35 T=215 d_init=104.5 d_final=0.0
 Retrying in 1 seconds
[shaping_diag] success_cum_shaping=313.35 T=263 d_init=104.5 d_final=0.0
 Retrying in 1 seconds
[shaping_diag] success_cum_shaping=313.35 T=237 d_init=104.5 d_final=0.0
 Retrying in 1 seconds
 Retrying in 1 seconds
[shaping_diag] success_cum_shaping=313.35 T=219 d_init=104.5 d_final=0.0
 Retrying in 1 seconds
[shaping_diag] success_cum_shaping=313.35 T=224 d_init=104.5 d_final=0.0
 Retrying in 1 seconds
[shaping_diag] success_cum_shaping=313.35 T=215 d_init=104.5 d_final=0.0
 Retrying in 1 seconds
[shaping_diag] success_cum_shaping=313.35 T=228 d_init=104.5 d_final=0.0
 Retrying in 1 seconds
[shaping_diag] success_cum_shaping=313.35 T=237 d_init=104.5 d_final=0.0
 Retrying in 1 seconds
[shaping_diag] success_cum_shaping=313.35 T=226 d_init=104.5 d_final=0.0
 Retrying in 1 seconds
[shaping_diag] success_cum_shaping=313.35 T=245 d_init=104.5 d_final=0.0
 Retrying in 1 seconds
[shaping_diag] success_cum_shaping=313.35 T=202 d_init=104.5 d_final=0.0
 Retrying in 1 seconds
[shaping_diag] success_cum_shaping=313.35 T=204 d_init=104.5 d_final=0.0
 Retrying in 1 seconds
[shaping_diag] success_cum_shaping=313.35 T=218 d_init=104.5 d_final=0.0
 Retrying in 1 seconds
[shaping_diag] success_cum_shaping=313.35 T=225 d_init=104.5 d_final=0.0
 Retrying in 1 seconds
[shaping_diag] success_cum_shaping=313.35 T=212 d_init=104.5 d_final=0.0
 Retrying in 1 seconds
[shaping_diag] success_cum_shaping=313.35 T=226 d_init=104.5 d_final=0.0
 Retrying in 1 seconds
[shaping_diag] success_cum_shaping=313.35 T=213 d_init=104.5 d_final=0.0
 Retrying in 1 seconds
[shaping_diag] success_cum_shaping=313.35 T=220 d_init=104.5 d_final=0.0
 Retrying in 1 seconds
[shaping_diag] success_cum_shaping=313.35 T=207 d_init=104.5 d_final=0.0
 Retrying in 1 seconds
[shaping_diag] success_cum_shaping=313.35 T=222 d_init=104.5 d_final=0.0
 Retrying in 1 seconds
[shaping_diag] success_cum_shaping=313.35 T=215 d_init=104.5 d_final=0.0
 Retrying in 1 seconds
 Retrying in 1 seconds
[shaping_diag] success_cum_shaping=313.35 T=220 d_init=104.5 d_final=0.0
 Retrying in 1 seconds
[shaping_diag] success_cum_shaping=313.35 T=204 d_init=104.5 d_final=0.0
 Retrying in 1 seconds
[shaping_diag] success_cum_shaping=313.35 T=220 d_init=104.5 d_final=0.0
 Retrying in 1 seconds
[shaping_diag] success_cum_shaping=313.35 T=226 d_init=104.5 d_final=0.0
 Retrying in 1 seconds
[shaping_diag] success_cum_shaping=313.35 T=225 d_init=104.5 d_final=0.0
 Retrying in 1 seconds
[shaping_diag] success_cum_shaping=313.35 T=231 d_init=104.5 d_final=0.0
 Retrying in 1 seconds
[shaping_diag] success_cum_shaping=313.35 T=237 d_init=104.5 d_final=0.0
 Retrying in 1 seconds
[shaping_diag] success_cum_shaping=313.35 T=234 d_init=104.5 d_final=0.0
 Retrying in 1 seconds
[shaping_diag] success_cum_shaping=313.35 T=212 d_init=104.5 d_final=0.0
 Retrying in 1 seconds
[shaping_diag] success_cum_shaping=313.35 T=212 d_init=104.5 d_final=0.0
 Retrying in 1 seconds
[shaping_diag] success_cum_shaping=313.35 T=222 d_init=104.5 d_final=0.0
 Retrying in 1 seconds
[shaping_diag] success_cum_shaping=313.35 T=200 d_init=104.5 d_final=0.0
 Retrying in 1 seconds
[shaping_diag] success_cum_shaping=313.35 T=231 d_init=104.5 d_final=0.0
 Retrying in 1 seconds
[shaping_diag] success_cum_shaping=313.35 T=223 d_init=104.5 d_final=0.0
 Retrying in 1 seconds
[shaping_diag] success_cum_shaping=313.35 T=220 d_init=104.5 d_final=0.0
 Retrying in 1 seconds
[shaping_diag] success_cum_shaping=313.35 T=221 d_init=104.5 d_final=0.0
 Retrying in 1 seconds
[shaping_diag] success_cum_shaping=313.35 T=209 d_init=104.5 d_final=0.0
 Retrying in 1 seconds
[shaping_diag] success_cum_shaping=313.35 T=254 d_init=104.5 d_final=0.0
 Retrying in 1 seconds
 Retrying in 1 seconds
[shaping_diag] success_cum_shaping=313.35 T=248 d_init=104.5 d_final=0.0
 Retrying in 1 seconds
[shaping_diag] success_cum_shaping=313.35 T=215 d_init=104.5 d_final=0.0
 Retrying in 1 seconds
[shaping_diag] success_cum_shaping=313.35 T=242 d_init=104.5 d_final=0.0
 Retrying in 1 seconds
[shaping_diag] success_cum_shaping=313.35 T=240 d_init=104.5 d_final=0.0
 Retrying in 1 seconds
[shaping_diag] success_cum_shaping=313.35 T=228 d_init=104.5 d_final=0.0
 Retrying in 1 seconds
[shaping_diag] success_cum_shaping=313.35 T=219 d_init=104.5 d_final=0.0
 Retrying in 1 seconds
[shaping_diag] success_cum_shaping=313.35 T=243 d_init=104.5 d_final=0.0
 Retrying in 1 seconds
[shaping_diag] success_cum_shaping=313.35 T=228 d_init=104.5 d_final=0.0
 Retrying in 1 seconds
[shaping_diag] success_cum_shaping=313.35 T=201 d_init=104.5 d_final=0.0
 Retrying in 1 seconds
[shaping_diag] success_cum_shaping=313.35 T=253 d_init=104.5 d_final=0.0
 Retrying in 1 seconds
[shaping_diag] success_cum_shaping=313.35 T=223 d_init=104.5 d_final=0.0
 Retrying in 1 seconds
[shaping_diag] success_cum_shaping=313.35 T=218 d_init=104.5 d_final=0.0
 Retrying in 1 seconds
[shaping_diag] success_cum_shaping=313.35 T=247 d_init=104.5 d_final=0.0
 Retrying in 1 seconds
[shaping_diag] success_cum_shaping=313.35 T=246 d_init=104.5 d_final=0.0
 Retrying in 1 seconds
[shaping_diag] success_cum_shaping=313.35 T=195 d_init=104.5 d_final=0.0
 Retrying in 1 seconds
[shaping_diag] success_cum_shaping=313.35 T=241 d_init=104.5 d_final=0.0
 Retrying in 1 seconds
[shaping_diag] success_cum_shaping=313.35 T=206 d_init=104.5 d_final=0.0
 Retrying in 1 seconds
 Retrying in 1 seconds
[shaping_diag] success_cum_shaping=313.35 T=248 d_init=104.5 d_final=0.0
 Retrying in 1 seconds
[shaping_diag] success_cum_shaping=313.35 T=226 d_init=104.5 d_final=0.0
 Retrying in 1 seconds
[shaping_diag] success_cum_shaping=313.35 T=210 d_init=104.5 d_final=0.0
 Retrying in 1 seconds
[shaping_diag] success_cum_shaping=313.35 T=231 d_init=104.5 d_final=0.0
 Retrying in 1 seconds
[shaping_diag] success_cum_shaping=313.35 T=198 d_init=104.5 d_final=0.0
 Retrying in 1 seconds
[shaping_diag] success_cum_shaping=313.35 T=234 d_init=104.5 d_final=0.0
 Retrying in 1 seconds
[shaping_diag] success_cum_shaping=313.35 T=196 d_init=104.5 d_final=0.0
 Retrying in 1 seconds
[shaping_diag] success_cum_shaping=313.35 T=237 d_init=104.5 d_final=0.0
 Retrying in 1 seconds
[shaping_diag] success_cum_shaping=313.35 T=237 d_init=104.5 d_final=0.0
 Retrying in 1 seconds
[shaping_diag] success_cum_shaping=313.35 T=240 d_init=104.5 d_final=0.0
 Retrying in 1 seconds
[shaping_diag] success_cum_shaping=313.35 T=252 d_init=104.5 d_final=0.0
 Retrying in 1 seconds
[shaping_diag] success_cum_shaping=313.35 T=215 d_init=104.5 d_final=0.0
 Retrying in 1 seconds
[shaping_diag] success_cum_shaping=313.35 T=217 d_init=104.5 d_final=0.0
 Retrying in 1 seconds
[shaping_diag] success_cum_shaping=313.35 T=228 d_init=104.5 d_final=0.0
 Retrying in 1 seconds
[shaping_diag] success_cum_shaping=313.35 T=227 d_init=104.5 d_final=0.0
 Retrying in 1 seconds
[shaping_diag] success_cum_shaping=313.35 T=228 d_init=104.5 d_final=0.0
 Retrying in 1 seconds
[shaping_diag] success_cum_shaping=313.35 T=239 d_init=104.5 d_final=0.0
 Retrying in 1 seconds
[shaping_diag] success_cum_shaping=313.35 T=207 d_init=104.5 d_final=0.0
 Retrying in 1 seconds
 Retrying in 1 seconds
[shaping_diag] success_cum_shaping=313.35 T=241 d_init=104.5 d_final=0.0
 Retrying in 1 seconds
[shaping_diag] success_cum_shaping=313.35 T=244 d_init=104.5 d_final=0.0
 Retrying in 1 seconds
[shaping_diag] success_cum_shaping=313.35 T=226 d_init=104.5 d_final=0.0
 Retrying in 1 seconds
[shaping_diag] success_cum_shaping=313.35 T=206 d_init=104.5 d_final=0.0
 Retrying in 1 seconds
[shaping_diag] success_cum_shaping=313.35 T=250 d_init=104.5 d_final=0.0
 Retrying in 1 seconds
[shaping_diag] success_cum_shaping=313.35 T=246 d_init=104.5 d_final=0.0
 Retrying in 1 seconds
[shaping_diag] success_cum_shaping=313.35 T=240 d_init=104.5 d_final=0.0
 Retrying in 1 seconds
[shaping_diag] success_cum_shaping=313.35 T=238 d_init=104.5 d_final=0.0
 Retrying in 1 seconds
[shaping_diag] success_cum_shaping=313.35 T=201 d_init=104.5 d_final=0.0
 Retrying in 1 seconds
[shaping_diag] success_cum_shaping=313.35 T=208 d_init=104.5 d_final=0.0
 Retrying in 1 seconds
[shaping_diag] success_cum_shaping=313.35 T=219 d_init=104.5 d_final=0.0
 Retrying in 1 seconds
[shaping_diag] success_cum_shaping=313.35 T=216 d_init=104.5 d_final=0.0
 Retrying in 1 seconds
[shaping_diag] success_cum_shaping=313.35 T=234 d_init=104.5 d_final=0.0
 Retrying in 1 seconds
[shaping_diag] success_cum_shaping=313.35 T=211 d_init=104.5 d_final=0.0
 Retrying in 1 seconds
[shaping_diag] success_cum_shaping=313.35 T=227 d_init=104.5 d_final=0.0
 Retrying in 1 seconds
[shaping_diag] success_cum_shaping=313.35 T=218 d_init=104.5 d_final=0.0
 Retrying in 1 seconds
[shaping_diag] success_cum_shaping=313.35 T=235 d_init=104.5 d_final=0.0
 Retrying in 1 seconds
[shaping_diag] success_cum_shaping=313.35 T=235 d_init=104.5 d_final=0.0
 Retrying in 1 seconds
 Retrying in 1 seconds
[shaping_diag] success_cum_shaping=313.35 T=219 d_init=104.5 d_final=0.0
 Retrying in 1 seconds
[shaping_diag] success_cum_shaping=313.35 T=219 d_init=104.5 d_final=0.0
 Retrying in 1 seconds
[shaping_diag] success_cum_shaping=313.35 T=251 d_init=104.5 d_final=0.0
 Retrying in 1 seconds
[shaping_diag] success_cum_shaping=313.35 T=217 d_init=104.5 d_final=0.0
 Retrying in 1 seconds
[shaping_diag] success_cum_shaping=313.35 T=219 d_init=104.5 d_final=0.0
 Retrying in 1 seconds
[shaping_diag] success_cum_shaping=313.35 T=197 d_init=104.5 d_final=0.0
 Retrying in 1 seconds
[shaping_diag] success_cum_shaping=313.35 T=228 d_init=104.5 d_final=0.0
 Retrying in 1 seconds
[shaping_diag] success_cum_shaping=313.35 T=204 d_init=104.5 d_final=0.0
 Retrying in 1 seconds
[shaping_diag] success_cum_shaping=313.35 T=204 d_init=104.5 d_final=0.0
 Retrying in 1 seconds
[shaping_diag] success_cum_shaping=313.35 T=192 d_init=104.5 d_final=0.0
 Retrying in 1 seconds
[shaping_diag] success_cum_shaping=313.35 T=246 d_init=104.5 d_final=0.0
 Retrying in 1 seconds
[shaping_diag] success_cum_shaping=313.35 T=199 d_init=104.5 d_final=0.0
 Retrying in 1 seconds
[shaping_diag] success_cum_shaping=313.35 T=231 d_init=104.5 d_final=0.0
 Retrying in 1 seconds
[shaping_diag] success_cum_shaping=313.35 T=215 d_init=104.5 d_final=0.0
 Retrying in 1 seconds
[shaping_diag] success_cum_shaping=313.35 T=228 d_init=104.5 d_final=0.0
 Retrying in 1 seconds
[shaping_diag] success_cum_shaping=313.35 T=216 d_init=104.5 d_final=0.0
 Retrying in 1 seconds
[shaping_diag] success_cum_shaping=313.35 T=218 d_init=104.5 d_final=0.0
 Retrying in 1 seconds
[shaping_diag] success_cum_shaping=313.35 T=213 d_init=104.5 d_final=0.0
 Retrying in 1 seconds
 Retrying in 1 seconds
[shaping_diag] success_cum_shaping=313.35 T=211 d_init=104.5 d_final=0.0
 Retrying in 1 seconds
[shaping_diag] success_cum_shaping=313.35 T=250 d_init=104.5 d_final=0.0
 Retrying in 1 seconds
[shaping_diag] success_cum_shaping=313.35 T=214 d_init=104.5 d_final=0.0
 Retrying in 1 seconds
[shaping_diag] success_cum_shaping=313.35 T=234 d_init=104.5 d_final=0.0
 Retrying in 1 seconds
[shaping_diag] success_cum_shaping=313.35 T=219 d_init=104.5 d_final=0.0
 Retrying in 1 seconds
[shaping_diag] success_cum_shaping=313.35 T=219 d_init=104.5 d_final=0.0
 Retrying in 1 seconds
[shaping_diag] success_cum_shaping=313.35 T=230 d_init=104.5 d_final=0.0
 Retrying in 1 seconds
[shaping_diag] success_cum_shaping=313.35 T=210 d_init=104.5 d_final=0.0
 Retrying in 1 seconds
[shaping_diag] success_cum_shaping=313.35 T=224 d_init=104.5 d_final=0.0
 Retrying in 1 seconds
[shaping_diag] success_cum_shaping=313.35 T=226 d_init=104.5 d_final=0.0
 Retrying in 1 seconds
[shaping_diag] success_cum_shaping=313.35 T=205 d_init=104.5 d_final=0.0
 Retrying in 1 seconds
[shaping_diag] success_cum_shaping=313.35 T=213 d_init=104.5 d_final=0.0
 Retrying in 1 seconds
[shaping_diag] success_cum_shaping=313.35 T=238 d_init=104.5 d_final=0.0
 Retrying in 1 seconds
[shaping_diag] success_cum_shaping=313.35 T=229 d_init=104.5 d_final=0.0
 Retrying in 1 seconds
[shaping_diag] success_cum_shaping=313.35 T=204 d_init=104.5 d_final=0.0
 Retrying in 1 seconds
[shaping_diag] success_cum_shaping=313.35 T=229 d_init=104.5 d_final=0.0
 Retrying in 1 seconds
[shaping_diag] success_cum_shaping=313.35 T=215 d_init=104.5 d_final=0.0
 Retrying in 1 seconds
[shaping_diag] success_cum_shaping=313.35 T=208 d_init=104.5 d_final=0.0
 Retrying in 1 seconds
 Retrying in 1 seconds
[shaping_diag] success_cum_shaping=313.35 T=239 d_init=104.5 d_final=0.0
 Retrying in 1 seconds
[shaping_diag] success_cum_shaping=313.35 T=216 d_init=104.5 d_final=0.0
 Retrying in 1 seconds
[shaping_diag] success_cum_shaping=313.35 T=228 d_init=104.5 d_final=0.0
 Retrying in 1 seconds
[shaping_diag] success_cum_shaping=313.35 T=199 d_init=104.5 d_final=0.0
 Retrying in 1 seconds
[shaping_diag] success_cum_shaping=313.35 T=216 d_init=104.5 d_final=0.0
 Retrying in 1 seconds
[shaping_diag] success_cum_shaping=313.35 T=194 d_init=104.5 d_final=0.0
 Retrying in 1 seconds
[shaping_diag] success_cum_shaping=313.35 T=214 d_init=104.5 d_final=0.0
 Retrying in 1 seconds
[shaping_diag] success_cum_shaping=313.35 T=213 d_init=104.5 d_final=0.0
 Retrying in 1 seconds
[shaping_diag] success_cum_shaping=313.35 T=221 d_init=104.5 d_final=0.0
 Retrying in 1 seconds
[shaping_diag] success_cum_shaping=313.35 T=217 d_init=104.5 d_final=0.0
 Retrying in 1 seconds
[shaping_diag] success_cum_shaping=313.35 T=217 d_init=104.5 d_final=0.0
 Retrying in 1 seconds
[shaping_diag] success_cum_shaping=313.35 T=215 d_init=104.5 d_final=0.0
 Retrying in 1 seconds
[shaping_diag] success_cum_shaping=313.35 T=232 d_init=104.5 d_final=0.0
 Retrying in 1 seconds
[shaping_diag] success_cum_shaping=313.35 T=200 d_init=104.5 d_final=0.0
 Retrying in 1 seconds
[shaping_diag] success_cum_shaping=313.35 T=224 d_init=104.5 d_final=0.0
 Retrying in 1 seconds
[shaping_diag] success_cum_shaping=313.35 T=214 d_init=104.5 d_final=0.0
 Retrying in 1 seconds
[shaping_diag] success_cum_shaping=313.35 T=247 d_init=104.5 d_final=0.0
 Retrying in 1 seconds
[shaping_diag] success_cum_shaping=313.35 T=215 d_init=104.5 d_final=0.0
 Retrying in 1 seconds
 Retrying in 1 seconds
[shaping_diag] success_cum_shaping=313.35 T=195 d_init=104.5 d_final=0.0
 Retrying in 1 seconds
[shaping_diag] success_cum_shaping=313.35 T=238 d_init=104.5 d_final=0.0
 Retrying in 1 seconds
[shaping_diag] success_cum_shaping=313.35 T=201 d_init=104.5 d_final=0.0
 Retrying in 1 seconds
[shaping_diag] success_cum_shaping=313.35 T=223 d_init=104.5 d_final=0.0
 Retrying in 1 seconds
[shaping_diag] success_cum_shaping=313.35 T=236 d_init=104.5 d_final=0.0
 Retrying in 1 seconds
[shaping_diag] success_cum_shaping=313.35 T=206 d_init=104.5 d_final=0.0
 Retrying in 1 seconds
[shaping_diag] success_cum_shaping=313.35 T=212 d_init=104.5 d_final=0.0
 Retrying in 1 seconds
[shaping_diag] success_cum_shaping=313.35 T=210 d_init=104.5 d_final=0.0
 Retrying in 1 seconds
[shaping_diag] success_cum_shaping=313.35 T=203 d_init=104.5 d_final=0.0
 Retrying in 1 seconds
[shaping_diag] success_cum_shaping=313.35 T=205 d_init=104.5 d_final=0.0
 Retrying in 1 seconds
[shaping_diag] success_cum_shaping=313.35 T=236 d_init=104.5 d_final=0.0
 Retrying in 1 seconds
[shaping_diag] success_cum_shaping=313.35 T=202 d_init=104.5 d_final=0.0
 Retrying in 1 seconds
[shaping_diag] success_cum_shaping=313.35 T=216 d_init=104.5 d_final=0.0
 Retrying in 1 seconds
[shaping_diag] success_cum_shaping=313.35 T=210 d_init=104.5 d_final=0.0
 Retrying in 1 seconds
[shaping_diag] success_cum_shaping=313.35 T=203 d_init=104.5 d_final=0.0
 Retrying in 1 seconds
[shaping_diag] success_cum_shaping=313.35 T=244 d_init=104.5 d_final=0.0
 Retrying in 1 seconds
[shaping_diag] success_cum_shaping=313.35 T=249 d_init=104.5 d_final=0.0
 Retrying in 1 seconds
[shaping_diag] success_cum_shaping=313.35 T=239 d_init=104.5 d_final=0.0
 Retrying in 1 seconds
 Retrying in 1 seconds
 Retrying in 1 seconds
[shaping_diag] success_cum_shaping=313.35 T=213 d_init=104.5 d_final=0.0
 Retrying in 1 seconds
[shaping_diag] success_cum_shaping=313.35 T=231 d_init=104.5 d_final=0.0
 Retrying in 1 seconds
[shaping_diag] success_cum_shaping=313.35 T=197 d_init=104.5 d_final=0.0
 Retrying in 1 seconds
[shaping_diag] success_cum_shaping=313.35 T=206 d_init=104.5 d_final=0.0
 Retrying in 1 seconds
[shaping_diag] success_cum_shaping=313.35 T=215 d_init=104.5 d_final=0.0
 Retrying in 1 seconds
[shaping_diag] success_cum_shaping=313.35 T=237 d_init=104.5 d_final=0.0
 Retrying in 1 seconds
[shaping_diag] success_cum_shaping=313.35 T=203 d_init=104.5 d_final=0.0
 Retrying in 1 seconds
[shaping_diag] success_cum_shaping=313.35 T=208 d_init=104.5 d_final=0.0
 Retrying in 1 seconds
[shaping_diag] success_cum_shaping=313.35 T=230 d_init=104.5 d_final=0.0
[cbf_aux] step=208896 ret=324.80 coll=0 ttc=7.22 cbf_res=0.0000
 Retrying in 1 seconds
[shaping_diag] success_cum_shaping=313.35 T=223 d_init=104.5 d_final=0.0
 Retrying in 1 seconds
[shaping_diag] success_cum_shaping=313.35 T=215 d_init=104.5 d_final=0.0
 Retrying in 1 seconds
[shaping_diag] success_cum_shaping=313.35 T=216 d_init=104.5 d_final=0.0
 Retrying in 1 seconds
[shaping_diag] success_cum_shaping=313.35 T=233 d_init=104.5 d_final=0.0
 Retrying in 1 seconds
[shaping_diag] success_cum_shaping=313.35 T=225 d_init=104.5 d_final=0.0
 Retrying in 1 seconds
[shaping_diag] success_cum_shaping=313.35 T=222 d_init=104.5 d_final=0.0
 Retrying in 1 seconds
[shaping_diag] success_cum_shaping=313.35 T=212 d_init=104.5 d_final=0.0
 Retrying in 1 seconds
[shaping_diag] success_cum_shaping=313.35 T=193 d_init=104.5 d_final=0.0
 Retrying in 1 seconds
[shaping_diag] success_cum_shaping=313.35 T=202 d_init=104.5 d_final=0.0
 Retrying in 1 seconds
[shaping_diag] success_cum_shaping=313.35 T=218 d_init=104.5 d_final=0.0
 Retrying in 1 seconds
[shaping_diag] success_cum_shaping=313.35 T=241 d_init=104.5 d_final=0.0
 Retrying in 1 seconds
[shaping_diag] success_cum_shaping=313.35 T=213 d_init=104.5 d_final=0.0
 Retrying in 1 seconds
[shaping_diag] success_cum_shaping=313.35 T=199 d_init=104.5 d_final=0.0
 Retrying in 1 seconds
[shaping_diag] success_cum_shaping=313.35 T=243 d_init=104.5 d_final=0.0
 Retrying in 1 seconds
[shaping_diag] success_cum_shaping=313.35 T=219 d_init=104.5 d_final=0.0
 Retrying in 1 seconds
[shaping_diag] success_cum_shaping=313.35 T=233 d_init=104.5 d_final=0.0
 Retrying in 1 seconds
[shaping_diag] success_cum_shaping=313.35 T=203 d_init=104.5 d_final=0.0
 Retrying in 1 seconds
[shaping_diag] success_cum_shaping=313.35 T=195 d_init=104.5 d_final=0.0
 Retrying in 1 seconds
 Retrying in 1 seconds
[shaping_diag] success_cum_shaping=313.35 T=221 d_init=104.5 d_final=0.0
 Retrying in 1 seconds
[shaping_diag] success_cum_shaping=313.35 T=197 d_init=104.5 d_final=0.0
 Retrying in 1 seconds
[shaping_diag] success_cum_shaping=313.35 T=201 d_init=104.5 d_final=0.0
 Retrying in 1 seconds
[shaping_diag] success_cum_shaping=313.35 T=227 d_init=104.5 d_final=0.0
 Retrying in 1 seconds
[shaping_diag] success_cum_shaping=313.35 T=222 d_init=104.5 d_final=0.0
 Retrying in 1 seconds
[shaping_diag] success_cum_shaping=313.35 T=459 d_init=104.5 d_final=0.0
 Retrying in 1 seconds
[shaping_diag] success_cum_shaping=313.35 T=201 d_init=104.5 d_final=0.0
 Retrying in 1 seconds
[shaping_diag] success_cum_shaping=313.35 T=235 d_init=104.5 d_final=0.0
 Retrying in 1 seconds
[shaping_diag] success_cum_shaping=313.35 T=201 d_init=104.5 d_final=0.0
 Retrying in 1 seconds
[shaping_diag] success_cum_shaping=313.35 T=206 d_init=104.5 d_final=0.0
 Retrying in 1 seconds
[shaping_diag] success_cum_shaping=313.35 T=236 d_init=104.5 d_final=0.0
 Retrying in 1 seconds
[shaping_diag] success_cum_shaping=313.35 T=240 d_init=104.5 d_final=0.0
 Retrying in 1 seconds
[shaping_diag] success_cum_shaping=313.35 T=227 d_init=104.5 d_final=0.0
 Retrying in 1 seconds
[shaping_diag] success_cum_shaping=313.35 T=234 d_init=104.5 d_final=0.0
 Retrying in 1 seconds
[shaping_diag] success_cum_shaping=313.35 T=197 d_init=104.5 d_final=0.0
 Retrying in 1 seconds
[shaping_diag] success_cum_shaping=313.35 T=254 d_init=104.5 d_final=0.0
 Retrying in 1 seconds
[shaping_diag] success_cum_shaping=313.35 T=201 d_init=104.5 d_final=0.0
 Retrying in 1 seconds
 Retrying in 1 seconds
[shaping_diag] success_cum_shaping=313.35 T=234 d_init=104.5 d_final=0.0
 Retrying in 1 seconds
[shaping_diag] success_cum_shaping=313.35 T=210 d_init=104.5 d_final=0.0
 Retrying in 1 seconds
[shaping_diag] success_cum_shaping=313.35 T=242 d_init=104.5 d_final=0.0
 Retrying in 1 seconds
[shaping_diag] success_cum_shaping=313.35 T=213 d_init=104.5 d_final=0.0
 Retrying in 1 seconds
[shaping_diag] success_cum_shaping=313.35 T=204 d_init=104.5 d_final=0.0
 Retrying in 1 seconds
[shaping_diag] success_cum_shaping=313.35 T=203 d_init=104.5 d_final=0.0
 Retrying in 1 seconds
[shaping_diag] success_cum_shaping=313.35 T=232 d_init=104.5 d_final=0.0
 Retrying in 1 seconds
[shaping_diag] success_cum_shaping=313.35 T=237 d_init=104.5 d_final=0.0
 Retrying in 1 seconds
[shaping_diag] success_cum_shaping=313.35 T=193 d_init=104.5 d_final=0.0
 Retrying in 1 seconds
[shaping_diag] success_cum_shaping=313.35 T=220 d_init=104.5 d_final=0.0
 Retrying in 1 seconds
[shaping_diag] success_cum_shaping=313.35 T=195 d_init=104.5 d_final=0.0
 Retrying in 1 seconds
[shaping_diag] success_cum_shaping=313.35 T=218 d_init=104.5 d_final=0.0
 Retrying in 1 seconds
[shaping_diag] success_cum_shaping=313.35 T=215 d_init=104.5 d_final=0.0
 Retrying in 1 seconds
[shaping_diag] success_cum_shaping=313.35 T=239 d_init=104.5 d_final=0.0
 Retrying in 1 seconds
[shaping_diag] success_cum_shaping=313.35 T=242 d_init=104.5 d_final=0.0
 Retrying in 1 seconds
[shaping_diag] success_cum_shaping=313.35 T=214 d_init=104.5 d_final=0.0
 Retrying in 1 seconds
[shaping_diag] success_cum_shaping=313.35 T=225 d_init=104.5 d_final=0.0
 Retrying in 1 seconds
[shaping_diag] success_cum_shaping=313.35 T=211 d_init=104.5 d_final=0.0
 Retrying in 1 seconds
 Retrying in 1 seconds
[shaping_diag] success_cum_shaping=313.35 T=226 d_init=104.5 d_final=0.0
 Retrying in 1 seconds
[shaping_diag] success_cum_shaping=313.35 T=228 d_init=104.5 d_final=0.0
 Retrying in 1 seconds
[shaping_diag] success_cum_shaping=313.35 T=221 d_init=104.5 d_final=0.0
 Retrying in 1 seconds
[shaping_diag] success_cum_shaping=313.35 T=241 d_init=104.5 d_final=0.0
 Retrying in 1 seconds
[shaping_diag] success_cum_shaping=313.35 T=201 d_init=104.5 d_final=0.0
 Retrying in 1 seconds
[shaping_diag] success_cum_shaping=313.35 T=249 d_init=104.5 d_final=0.0
 Retrying in 1 seconds
[shaping_diag] success_cum_shaping=313.35 T=205 d_init=104.5 d_final=0.0
 Retrying in 1 seconds
[shaping_diag] success_cum_shaping=313.35 T=195 d_init=104.5 d_final=0.0
 Retrying in 1 seconds
[shaping_diag] success_cum_shaping=313.35 T=224 d_init=104.5 d_final=0.0
 Retrying in 1 seconds
[shaping_diag] success_cum_shaping=313.35 T=231 d_init=104.5 d_final=0.0
 Retrying in 1 seconds
[shaping_diag] success_cum_shaping=313.35 T=218 d_init=104.5 d_final=0.0
 Retrying in 1 seconds
[shaping_diag] success_cum_shaping=313.35 T=219 d_init=104.5 d_final=0.0
 Retrying in 1 seconds
[shaping_diag] success_cum_shaping=313.35 T=236 d_init=104.5 d_final=0.0
 Retrying in 1 seconds
[shaping_diag] success_cum_shaping=313.35 T=242 d_init=104.5 d_final=0.0
 Retrying in 1 seconds
[shaping_diag] success_cum_shaping=313.35 T=222 d_init=104.5 d_final=0.0
 Retrying in 1 seconds
[shaping_diag] success_cum_shaping=313.35 T=211 d_init=104.5 d_final=0.0
 Retrying in 1 seconds
[shaping_diag] success_cum_shaping=313.35 T=217 d_init=104.5 d_final=0.0
 Retrying in 1 seconds
[shaping_diag] success_cum_shaping=313.35 T=240 d_init=104.5 d_final=0.0
 Retrying in 1 seconds
 Retrying in 1 seconds
[shaping_diag] success_cum_shaping=313.35 T=215 d_init=104.5 d_final=0.0
 Retrying in 1 seconds
[shaping_diag] success_cum_shaping=313.35 T=242 d_init=104.5 d_final=0.0
 Retrying in 1 seconds
[shaping_diag] success_cum_shaping=313.35 T=217 d_init=104.5 d_final=0.0
 Retrying in 1 seconds
[shaping_diag] success_cum_shaping=313.35 T=232 d_init=104.5 d_final=0.0
 Retrying in 1 seconds
[shaping_diag] success_cum_shaping=313.35 T=252 d_init=104.5 d_final=0.0
 Retrying in 1 seconds
[shaping_diag] success_cum_shaping=313.35 T=215 d_init=104.5 d_final=0.0
 Retrying in 1 seconds
[shaping_diag] success_cum_shaping=313.35 T=232 d_init=104.5 d_final=0.0
 Retrying in 1 seconds
[shaping_diag] success_cum_shaping=313.35 T=236 d_init=104.5 d_final=0.0
 Retrying in 1 seconds
[shaping_diag] success_cum_shaping=313.35 T=223 d_init=104.5 d_final=0.0
 Retrying in 1 seconds
[shaping_diag] success_cum_shaping=313.35 T=218 d_init=104.5 d_final=0.0
 Retrying in 1 seconds
[shaping_diag] success_cum_shaping=313.35 T=247 d_init=104.5 d_final=0.0
 Retrying in 1 seconds
[shaping_diag] success_cum_shaping=313.35 T=206 d_init=104.5 d_final=0.0
 Retrying in 1 seconds
[shaping_diag] success_cum_shaping=313.35 T=248 d_init=104.5 d_final=0.0
 Retrying in 1 seconds
[shaping_diag] success_cum_shaping=313.35 T=201 d_init=104.5 d_final=0.0
 Retrying in 1 seconds
[shaping_diag] success_cum_shaping=313.35 T=224 d_init=104.5 d_final=0.0
 Retrying in 1 seconds
[shaping_diag] success_cum_shaping=313.35 T=216 d_init=104.5 d_final=0.0
 Retrying in 1 seconds
[shaping_diag] success_cum_shaping=313.35 T=203 d_init=104.5 d_final=0.0
 Retrying in 1 seconds
[shaping_diag] success_cum_shaping=313.35 T=214 d_init=104.5 d_final=0.0
 Retrying in 1 seconds
 Retrying in 1 seconds
[shaping_diag] success_cum_shaping=313.35 T=218 d_init=104.5 d_final=0.0
 Retrying in 1 seconds
[shaping_diag] success_cum_shaping=313.35 T=220 d_init=104.5 d_final=0.0
 Retrying in 1 seconds
[shaping_diag] success_cum_shaping=313.35 T=202 d_init=104.5 d_final=0.0
 Retrying in 1 seconds
[shaping_diag] success_cum_shaping=313.35 T=245 d_init=104.5 d_final=0.0
 Retrying in 1 seconds
[shaping_diag] success_cum_shaping=313.35 T=232 d_init=104.5 d_final=0.0
 Retrying in 1 seconds
[shaping_diag] success_cum_shaping=313.35 T=199 d_init=104.5 d_final=0.0
 Retrying in 1 seconds
[shaping_diag] success_cum_shaping=313.35 T=225 d_init=104.5 d_final=0.0
 Retrying in 1 seconds
[shaping_diag] success_cum_shaping=313.35 T=204 d_init=104.5 d_final=0.0
 Retrying in 1 seconds
[shaping_diag] success_cum_shaping=313.35 T=232 d_init=104.5 d_final=0.0
 Retrying in 1 seconds
[shaping_diag] success_cum_shaping=313.35 T=231 d_init=104.5 d_final=0.0
 Retrying in 1 seconds
[shaping_diag] success_cum_shaping=313.35 T=213 d_init=104.5 d_final=0.0
 Retrying in 1 seconds
[shaping_diag] success_cum_shaping=313.35 T=199 d_init=104.5 d_final=0.0
 Retrying in 1 seconds
[shaping_diag] success_cum_shaping=313.35 T=200 d_init=104.5 d_final=0.0
 Retrying in 1 seconds
[shaping_diag] success_cum_shaping=313.35 T=219 d_init=104.5 d_final=0.0
 Retrying in 1 seconds
[shaping_diag] success_cum_shaping=313.35 T=221 d_init=104.5 d_final=0.0
 Retrying in 1 seconds
[shaping_diag] success_cum_shaping=313.35 T=224 d_init=104.5 d_final=0.0
 Retrying in 1 seconds
[shaping_diag] success_cum_shaping=313.35 T=236 d_init=104.5 d_final=0.0
 Retrying in 1 seconds
[shaping_diag] success_cum_shaping=313.35 T=214 d_init=104.5 d_final=0.0
 Retrying in 1 seconds
 Retrying in 1 seconds
[shaping_diag] success_cum_shaping=313.35 T=206 d_init=104.5 d_final=0.0
 Retrying in 1 seconds
[shaping_diag] success_cum_shaping=313.35 T=216 d_init=104.5 d_final=0.0
 Retrying in 1 seconds
[shaping_diag] success_cum_shaping=313.35 T=199 d_init=104.5 d_final=0.0
 Retrying in 1 seconds
[shaping_diag] success_cum_shaping=313.35 T=203 d_init=104.5 d_final=0.0
 Retrying in 1 seconds
[shaping_diag] success_cum_shaping=313.35 T=201 d_init=104.5 d_final=0.0
 Retrying in 1 seconds
[shaping_diag] success_cum_shaping=313.35 T=219 d_init=104.5 d_final=0.0
 Retrying in 1 seconds
[shaping_diag] success_cum_shaping=313.35 T=211 d_init=104.5 d_final=0.0
 Retrying in 1 seconds
[shaping_diag] success_cum_shaping=313.35 T=230 d_init=104.5 d_final=0.0
 Retrying in 1 seconds
 Retrying in 1 seconds
[shaping_diag] success_cum_shaping=313.35 T=253 d_init=104.5 d_final=0.0
 Retrying in 1 seconds
[shaping_diag] success_cum_shaping=313.35 T=226 d_init=104.5 d_final=0.0
 Retrying in 1 seconds
[shaping_diag] success_cum_shaping=313.35 T=238 d_init=104.5 d_final=0.0
 Retrying in 1 seconds
[shaping_diag] success_cum_shaping=313.35 T=198 d_init=104.5 d_final=0.0
 Retrying in 1 seconds
[shaping_diag] success_cum_shaping=313.35 T=221 d_init=104.5 d_final=0.0
 Retrying in 1 seconds
[shaping_diag] success_cum_shaping=313.35 T=204 d_init=104.5 d_final=0.0
 Retrying in 1 seconds
[shaping_diag] success_cum_shaping=313.35 T=211 d_init=104.5 d_final=0.0
 Retrying in 1 seconds
[shaping_diag] success_cum_shaping=313.35 T=246 d_init=104.5 d_final=0.0
 Retrying in 1 seconds
 Retrying in 1 seconds
[shaping_diag] success_cum_shaping=313.35 T=224 d_init=104.5 d_final=0.0
 Retrying in 1 seconds
[shaping_diag] success_cum_shaping=313.35 T=236 d_init=104.5 d_final=0.0
 Retrying in 1 seconds
[shaping_diag] success_cum_shaping=313.35 T=219 d_init=104.5 d_final=0.0
 Retrying in 1 seconds
[shaping_diag] success_cum_shaping=313.35 T=195 d_init=104.5 d_final=0.0
 Retrying in 1 seconds
[shaping_diag] success_cum_shaping=313.35 T=224 d_init=104.5 d_final=0.0
 Retrying in 1 seconds
[shaping_diag] success_cum_shaping=313.35 T=232 d_init=104.5 d_final=0.0
 Retrying in 1 seconds
[shaping_diag] success_cum_shaping=313.35 T=232 d_init=104.5 d_final=0.0
 Retrying in 1 seconds
[shaping_diag] success_cum_shaping=313.35 T=237 d_init=104.5 d_final=0.0
 Retrying in 1 seconds
[shaping_diag] success_cum_shaping=313.35 T=201 d_init=104.5 d_final=0.0
 Retrying in 1 seconds
 Retrying in 1 seconds
[shaping_diag] success_cum_shaping=313.35 T=241 d_init=104.5 d_final=0.0
 Retrying in 1 seconds
[shaping_diag] success_cum_shaping=313.35 T=247 d_init=104.5 d_final=0.0
 Retrying in 1 seconds
[shaping_diag] success_cum_shaping=313.35 T=231 d_init=104.5 d_final=0.0
 Retrying in 1 seconds
[shaping_diag] success_cum_shaping=313.35 T=233 d_init=104.5 d_final=0.0
 Retrying in 1 seconds
[shaping_diag] success_cum_shaping=313.35 T=204 d_init=104.5 d_final=0.0
 Retrying in 1 seconds
[shaping_diag] success_cum_shaping=313.35 T=224 d_init=104.5 d_final=0.0
 Retrying in 1 seconds
 Retrying in 1 seconds
[shaping_diag] success_cum_shaping=313.35 T=221 d_init=104.5 d_final=0.0
 Retrying in 1 seconds
[shaping_diag] success_cum_shaping=313.35 T=225 d_init=104.5 d_final=0.0
 Retrying in 1 seconds
[shaping_diag] success_cum_shaping=313.35 T=213 d_init=104.5 d_final=0.0
 Retrying in 1 seconds
[shaping_diag] success_cum_shaping=313.35 T=235 d_init=104.5 d_final=0.0
 Retrying in 1 seconds
[shaping_diag] success_cum_shaping=313.35 T=215 d_init=104.5 d_final=0.0
 Retrying in 1 seconds
[shaping_diag] success_cum_shaping=313.35 T=209 d_init=104.5 d_final=0.0
 Retrying in 1 seconds
[shaping_diag] success_cum_shaping=313.35 T=211 d_init=104.5 d_final=0.0
 Retrying in 1 seconds
[shaping_diag] success_cum_shaping=313.35 T=226 d_init=104.5 d_final=0.0
 Retrying in 1 seconds
[shaping_diag] success_cum_shaping=313.35 T=234 d_init=104.5 d_final=0.0
 Retrying in 1 seconds
[shaping_diag] success_cum_shaping=313.35 T=217 d_init=104.5 d_final=0.0
 Retrying in 1 seconds
[shaping_diag] success_cum_shaping=313.35 T=212 d_init=104.5 d_final=0.0
 Retrying in 1 seconds
[shaping_diag] success_cum_shaping=313.35 T=250 d_init=104.5 d_final=0.0
 Retrying in 1 seconds
[shaping_diag] success_cum_shaping=313.35 T=204 d_init=104.5 d_final=0.0
 Retrying in 1 seconds
[shaping_diag] success_cum_shaping=313.35 T=223 d_init=104.5 d_final=0.0
 Retrying in 1 seconds
[shaping_diag] success_cum_shaping=313.35 T=241 d_init=104.5 d_final=0.0
 Retrying in 1 seconds
[shaping_diag] success_cum_shaping=313.35 T=203 d_init=104.5 d_final=0.0
 Retrying in 1 seconds
[shaping_diag] success_cum_shaping=313.35 T=226 d_init=104.5 d_final=0.0
 Retrying in 1 seconds
[shaping_diag] success_cum_shaping=313.35 T=244 d_init=104.5 d_final=0.0
 Retrying in 1 seconds
 Retrying in 1 seconds
[shaping_diag] success_cum_shaping=313.35 T=240 d_init=104.5 d_final=0.0
 Retrying in 1 seconds
[shaping_diag] success_cum_shaping=313.35 T=236 d_init=104.5 d_final=0.0
 Retrying in 1 seconds
[shaping_diag] success_cum_shaping=313.35 T=208 d_init=104.5 d_final=0.0
 Retrying in 1 seconds
[shaping_diag] success_cum_shaping=313.35 T=204 d_init=104.5 d_final=0.0
 Retrying in 1 seconds
[shaping_diag] success_cum_shaping=313.35 T=218 d_init=104.5 d_final=0.0
 Retrying in 1 seconds
[shaping_diag] success_cum_shaping=313.35 T=239 d_init=104.5 d_final=0.0
 Retrying in 1 seconds
[shaping_diag] success_cum_shaping=313.35 T=199 d_init=104.5 d_final=0.0
 Retrying in 1 seconds
[shaping_diag] success_cum_shaping=313.35 T=203 d_init=104.5 d_final=0.0
 Retrying in 1 seconds
[shaping_diag] success_cum_shaping=313.35 T=200 d_init=104.5 d_final=0.0
 Retrying in 1 seconds
[shaping_diag] success_cum_shaping=313.35 T=199 d_init=104.5 d_final=0.0
 Retrying in 1 seconds
[shaping_diag] success_cum_shaping=313.35 T=208 d_init=104.5 d_final=0.0
 Retrying in 1 seconds
[shaping_diag] success_cum_shaping=313.35 T=223 d_init=104.5 d_final=0.0
 Retrying in 1 seconds
[shaping_diag] success_cum_shaping=313.35 T=209 d_init=104.5 d_final=0.0
 Retrying in 1 seconds
[shaping_diag] success_cum_shaping=313.35 T=214 d_init=104.5 d_final=0.0
 Retrying in 1 seconds
[shaping_diag] success_cum_shaping=313.35 T=220 d_init=104.5 d_final=0.0
 Retrying in 1 seconds
[shaping_diag] success_cum_shaping=313.35 T=250 d_init=104.5 d_final=0.0
 Retrying in 1 seconds
[shaping_diag] success_cum_shaping=313.35 T=231 d_init=104.5 d_final=0.0
 Retrying in 1 seconds
[shaping_diag] success_cum_shaping=313.35 T=213 d_init=104.5 d_final=0.0
 Retrying in 1 seconds
 Retrying in 1 seconds
[shaping_diag] success_cum_shaping=313.35 T=239 d_init=104.5 d_final=0.0
 Retrying in 1 seconds
[shaping_diag] success_cum_shaping=313.35 T=223 d_init=104.5 d_final=0.0
 Retrying in 1 seconds
[shaping_diag] success_cum_shaping=313.35 T=205 d_init=104.5 d_final=0.0
 Retrying in 1 seconds
[shaping_diag] success_cum_shaping=313.35 T=199 d_init=104.5 d_final=0.0
 Retrying in 1 seconds
[shaping_diag] success_cum_shaping=313.35 T=191 d_init=104.5 d_final=0.0
 Retrying in 1 seconds
[shaping_diag] success_cum_shaping=313.35 T=190 d_init=104.5 d_final=0.0
 Retrying in 1 seconds
[shaping_diag] success_cum_shaping=313.35 T=213 d_init=104.5 d_final=0.0
 Retrying in 1 seconds
[shaping_diag] success_cum_shaping=313.35 T=196 d_init=104.5 d_final=0.0
 Retrying in 1 seconds
[shaping_diag] success_cum_shaping=313.35 T=241 d_init=104.5 d_final=0.0
 Retrying in 1 seconds
[shaping_diag] success_cum_shaping=313.35 T=216 d_init=104.5 d_final=0.0
[cbf_aux] step=249856 ret=361.47 coll=0 ttc=7.14 cbf_res=0.0000
 Retrying in 1 seconds
[shaping_diag] success_cum_shaping=313.35 T=198 d_init=104.5 d_final=0.0
 Retrying in 1 seconds
[shaping_diag] success_cum_shaping=313.35 T=202 d_init=104.5 d_final=0.0
 Retrying in 1 seconds
[shaping_diag] success_cum_shaping=313.35 T=229 d_init=104.5 d_final=0.0
 Retrying in 1 seconds
[shaping_diag] success_cum_shaping=313.35 T=240 d_init=104.5 d_final=0.0
 Retrying in 1 seconds
[shaping_diag] success_cum_shaping=313.35 T=246 d_init=104.5 d_final=0.0
 Retrying in 1 seconds
[shaping_diag] success_cum_shaping=313.35 T=228 d_init=104.5 d_final=0.0
 Retrying in 1 seconds
[shaping_diag] success_cum_shaping=313.35 T=233 d_init=104.5 d_final=0.0
 Retrying in 1 seconds
[shaping_diag] success_cum_shaping=313.35 T=207 d_init=104.5 d_final=0.0
 Retrying in 1 seconds
[shaping_diag] success_cum_shaping=313.35 T=221 d_init=104.5 d_final=0.0
 Retrying in 1 seconds
[shaping_diag] success_cum_shaping=313.35 T=223 d_init=104.5 d_final=0.0
 Retrying in 1 seconds
[shaping_diag] success_cum_shaping=313.35 T=205 d_init=104.5 d_final=0.0
 Retrying in 1 seconds
[shaping_diag] success_cum_shaping=313.35 T=215 d_init=104.5 d_final=0.0
 Retrying in 1 seconds
[shaping_diag] success_cum_shaping=313.35 T=223 d_init=104.5 d_final=0.0
 Retrying in 1 seconds
[shaping_diag] success_cum_shaping=313.35 T=207 d_init=104.5 d_final=0.0
 Retrying in 1 seconds
[shaping_diag] success_cum_shaping=313.35 T=204 d_init=104.5 d_final=0.0
 Retrying in 1 seconds
[shaping_diag] success_cum_shaping=313.35 T=217 d_init=104.5 d_final=0.0
 Retrying in 1 seconds
[shaping_diag] success_cum_shaping=313.35 T=213 d_init=104.5 d_final=0.0
 Retrying in 1 seconds
[shaping_diag] success_cum_shaping=313.35 T=227 d_init=104.5 d_final=0.0
 Retrying in 1 seconds
 Retrying in 1 seconds
[shaping_diag] success_cum_shaping=313.35 T=206 d_init=104.5 d_final=0.0
 Retrying in 1 seconds
[shaping_diag] success_cum_shaping=313.35 T=205 d_init=104.5 d_final=0.0
 Retrying in 1 seconds
[shaping_diag] success_cum_shaping=313.35 T=217 d_init=104.5 d_final=0.0
 Retrying in 1 seconds
[shaping_diag] success_cum_shaping=313.35 T=204 d_init=104.5 d_final=0.0
 Retrying in 1 seconds
[shaping_diag] success_cum_shaping=313.35 T=220 d_init=104.5 d_final=0.0
 Retrying in 1 seconds
[shaping_diag] success_cum_shaping=313.35 T=240 d_init=104.5 d_final=0.0
 Retrying in 1 seconds
[shaping_diag] success_cum_shaping=313.35 T=219 d_init=104.5 d_final=0.0
 Retrying in 1 seconds
[shaping_diag] success_cum_shaping=313.35 T=198 d_init=104.5 d_final=0.0
 Retrying in 1 seconds
[shaping_diag] success_cum_shaping=313.35 T=214 d_init=104.5 d_final=0.0
 Retrying in 1 seconds
[shaping_diag] success_cum_shaping=313.35 T=239 d_init=104.5 d_final=0.0
 Retrying in 1 seconds
[shaping_diag] success_cum_shaping=313.35 T=232 d_init=104.5 d_final=0.0
 Retrying in 1 seconds
[shaping_diag] success_cum_shaping=313.35 T=192 d_init=104.5 d_final=0.0
 Retrying in 1 seconds
[shaping_diag] success_cum_shaping=313.35 T=218 d_init=104.5 d_final=0.0
 Retrying in 1 seconds
[shaping_diag] success_cum_shaping=313.35 T=245 d_init=104.5 d_final=0.0
 Retrying in 1 seconds
[shaping_diag] success_cum_shaping=313.35 T=206 d_init=104.5 d_final=0.0
 Retrying in 1 seconds
[shaping_diag] success_cum_shaping=313.35 T=236 d_init=104.5 d_final=0.0
 Retrying in 1 seconds
[shaping_diag] success_cum_shaping=313.35 T=224 d_init=104.5 d_final=0.0
 Retrying in 1 seconds
[shaping_diag] success_cum_shaping=313.35 T=236 d_init=104.5 d_final=0.0
 Retrying in 1 seconds
 Retrying in 1 seconds
[shaping_diag] success_cum_shaping=313.35 T=224 d_init=104.5 d_final=0.0
 Retrying in 1 seconds
[shaping_diag] success_cum_shaping=313.35 T=209 d_init=104.5 d_final=0.0
 Retrying in 1 seconds
[shaping_diag] success_cum_shaping=313.35 T=249 d_init=104.5 d_final=0.0
 Retrying in 1 seconds
[shaping_diag] success_cum_shaping=313.35 T=216 d_init=104.5 d_final=0.0
 Retrying in 1 seconds
[shaping_diag] success_cum_shaping=313.35 T=205 d_init=104.5 d_final=0.0
 Retrying in 1 seconds
[shaping_diag] success_cum_shaping=313.35 T=221 d_init=104.5 d_final=0.0
 Retrying in 1 seconds
[shaping_diag] success_cum_shaping=313.35 T=228 d_init=104.5 d_final=0.0
 Retrying in 1 seconds
[shaping_diag] success_cum_shaping=313.35 T=234 d_init=104.5 d_final=0.0
 Retrying in 1 seconds
[shaping_diag] success_cum_shaping=313.35 T=222 d_init=104.5 d_final=0.0
 Retrying in 1 seconds
[shaping_diag] success_cum_shaping=313.35 T=230 d_init=104.5 d_final=0.0
 Retrying in 1 seconds
[shaping_diag] success_cum_shaping=313.35 T=225 d_init=104.5 d_final=0.0
 Retrying in 1 seconds
[shaping_diag] success_cum_shaping=313.35 T=209 d_init=104.5 d_final=0.0
 Retrying in 1 seconds
[shaping_diag] success_cum_shaping=313.35 T=248 d_init=104.5 d_final=0.0
 Retrying in 1 seconds
[shaping_diag] success_cum_shaping=313.35 T=211 d_init=104.5 d_final=0.0
 Retrying in 1 seconds
[shaping_diag] success_cum_shaping=313.35 T=239 d_init=104.5 d_final=0.0
 Retrying in 1 seconds
[shaping_diag] success_cum_shaping=313.35 T=217 d_init=104.5 d_final=0.0
 Retrying in 1 seconds
[shaping_diag] success_cum_shaping=313.35 T=233 d_init=104.5 d_final=0.0
 Retrying in 1 seconds
[shaping_diag] success_cum_shaping=313.35 T=217 d_init=104.5 d_final=0.0
 Retrying in 1 seconds
 Retrying in 1 seconds
[shaping_diag] success_cum_shaping=313.35 T=230 d_init=104.5 d_final=0.0
 Retrying in 1 seconds
[shaping_diag] success_cum_shaping=313.35 T=216 d_init=104.5 d_final=0.0
 Retrying in 1 seconds
[shaping_diag] success_cum_shaping=313.35 T=239 d_init=104.5 d_final=0.0
 Retrying in 1 seconds
[shaping_diag] success_cum_shaping=313.35 T=234 d_init=104.5 d_final=0.0
 Retrying in 1 seconds
[shaping_diag] success_cum_shaping=313.35 T=221 d_init=104.5 d_final=0.0
 Retrying in 1 seconds
[shaping_diag] success_cum_shaping=313.35 T=225 d_init=104.5 d_final=0.0
 Retrying in 1 seconds
[shaping_diag] success_cum_shaping=313.35 T=202 d_init=104.5 d_final=0.0
 Retrying in 1 seconds
[shaping_diag] success_cum_shaping=313.35 T=215 d_init=104.5 d_final=0.0
 Retrying in 1 seconds
[shaping_diag] success_cum_shaping=313.35 T=232 d_init=104.5 d_final=0.0
 Retrying in 1 seconds
[shaping_diag] success_cum_shaping=313.35 T=244 d_init=104.5 d_final=0.0
 Retrying in 1 seconds
[shaping_diag] success_cum_shaping=313.35 T=222 d_init=104.5 d_final=0.0
 Retrying in 1 seconds
[shaping_diag] success_cum_shaping=313.35 T=221 d_init=104.5 d_final=0.0
 Retrying in 1 seconds
[shaping_diag] success_cum_shaping=313.35 T=232 d_init=104.5 d_final=0.0
 Retrying in 1 seconds
[shaping_diag] success_cum_shaping=313.35 T=222 d_init=104.5 d_final=0.0
 Retrying in 1 seconds
[shaping_diag] success_cum_shaping=313.35 T=222 d_init=104.5 d_final=0.0
 Retrying in 1 seconds
[shaping_diag] success_cum_shaping=313.35 T=209 d_init=104.5 d_final=0.0
 Retrying in 1 seconds
[shaping_diag] success_cum_shaping=313.35 T=208 d_init=104.5 d_final=0.0
 Retrying in 1 seconds
[shaping_diag] success_cum_shaping=313.35 T=223 d_init=104.5 d_final=0.0
 Retrying in 1 seconds
 Retrying in 1 seconds
[shaping_diag] success_cum_shaping=313.35 T=231 d_init=104.5 d_final=0.0
 Retrying in 1 seconds
[shaping_diag] success_cum_shaping=313.35 T=210 d_init=104.5 d_final=0.0
 Retrying in 1 seconds
[shaping_diag] success_cum_shaping=313.35 T=226 d_init=104.5 d_final=0.0
 Retrying in 1 seconds
[shaping_diag] success_cum_shaping=313.35 T=201 d_init=104.5 d_final=0.0
 Retrying in 1 seconds
[shaping_diag] success_cum_shaping=313.35 T=217 d_init=104.5 d_final=0.0
 Retrying in 1 seconds
[shaping_diag] success_cum_shaping=313.35 T=228 d_init=104.5 d_final=0.0
 Retrying in 1 seconds
[shaping_diag] success_cum_shaping=313.35 T=217 d_init=104.5 d_final=0.0
 Retrying in 1 seconds
[shaping_diag] success_cum_shaping=313.35 T=224 d_init=104.5 d_final=0.0
 Retrying in 1 seconds
[shaping_diag] success_cum_shaping=313.35 T=225 d_init=104.5 d_final=0.0
 Retrying in 1 seconds
[shaping_diag] success_cum_shaping=313.35 T=207 d_init=104.5 d_final=0.0
 Retrying in 1 seconds
[shaping_diag] success_cum_shaping=313.35 T=238 d_init=104.5 d_final=0.0
 Retrying in 1 seconds
[shaping_diag] success_cum_shaping=313.35 T=221 d_init=104.5 d_final=0.0
 Retrying in 1 seconds
[shaping_diag] success_cum_shaping=313.35 T=241 d_init=104.5 d_final=0.0
 Retrying in 1 seconds
[shaping_diag] success_cum_shaping=313.35 T=220 d_init=104.5 d_final=0.0
 Retrying in 1 seconds
[shaping_diag] success_cum_shaping=313.35 T=227 d_init=104.5 d_final=0.0
 Retrying in 1 seconds
[shaping_diag] success_cum_shaping=313.35 T=247 d_init=104.5 d_final=0.0
 Retrying in 1 seconds
[shaping_diag] success_cum_shaping=313.35 T=233 d_init=104.5 d_final=0.0
 Retrying in 1 seconds
[shaping_diag] success_cum_shaping=313.35 T=251 d_init=104.5 d_final=0.0
 Retrying in 1 seconds
 Retrying in 1 seconds
[shaping_diag] success_cum_shaping=313.35 T=204 d_init=104.5 d_final=0.0
 Retrying in 1 seconds
[shaping_diag] success_cum_shaping=313.35 T=218 d_init=104.5 d_final=0.0
 Retrying in 1 seconds
[shaping_diag] success_cum_shaping=313.35 T=235 d_init=104.5 d_final=0.0
 Retrying in 1 seconds
[shaping_diag] success_cum_shaping=313.35 T=212 d_init=104.5 d_final=0.0
 Retrying in 1 seconds
[shaping_diag] success_cum_shaping=313.35 T=203 d_init=104.5 d_final=0.0
 Retrying in 1 seconds
[shaping_diag] success_cum_shaping=313.35 T=203 d_init=104.5 d_final=0.0
 Retrying in 1 seconds
[shaping_diag] success_cum_shaping=313.35 T=218 d_init=104.5 d_final=0.0
 Retrying in 1 seconds
[shaping_diag] success_cum_shaping=313.35 T=214 d_init=104.5 d_final=0.0
 Retrying in 1 seconds
[shaping_diag] success_cum_shaping=313.35 T=204 d_init=104.5 d_final=0.0
 Retrying in 1 seconds
[shaping_diag] success_cum_shaping=313.35 T=197 d_init=104.5 d_final=0.0
 Retrying in 1 seconds
[shaping_diag] success_cum_shaping=313.35 T=237 d_init=104.5 d_final=0.0
 Retrying in 1 seconds
[shaping_diag] success_cum_shaping=313.35 T=227 d_init=104.5 d_final=0.0
 Retrying in 1 seconds
[shaping_diag] success_cum_shaping=313.35 T=206 d_init=104.5 d_final=0.0
 Retrying in 1 seconds
[shaping_diag] success_cum_shaping=313.35 T=210 d_init=104.5 d_final=0.0
 Retrying in 1 seconds
[shaping_diag] success_cum_shaping=313.35 T=204 d_init=104.5 d_final=0.0
 Retrying in 1 seconds
[shaping_diag] success_cum_shaping=313.35 T=255 d_init=104.5 d_final=0.0
 Retrying in 1 seconds
[shaping_diag] success_cum_shaping=313.35 T=244 d_init=104.5 d_final=0.0
 Retrying in 1 seconds
[shaping_diag] success_cum_shaping=313.35 T=202 d_init=104.5 d_final=0.0
 Retrying in 1 seconds
[shaping_diag] success_cum_shaping=313.35 T=197 d_init=104.5 d_final=0.0
 Retrying in 1 seconds
 Retrying in 1 seconds
[shaping_diag] success_cum_shaping=313.35 T=234 d_init=104.5 d_final=0.0
 Retrying in 1 seconds
[shaping_diag] success_cum_shaping=313.35 T=222 d_init=104.5 d_final=0.0
 Retrying in 1 seconds
[shaping_diag] success_cum_shaping=313.35 T=234 d_init=104.5 d_final=0.0
 Retrying in 1 seconds
[shaping_diag] success_cum_shaping=313.35 T=198 d_init=104.5 d_final=0.0
 Retrying in 1 seconds
[shaping_diag] success_cum_shaping=313.35 T=225 d_init=104.5 d_final=0.0
 Retrying in 1 seconds
[shaping_diag] success_cum_shaping=313.35 T=241 d_init=104.5 d_final=0.0
 Retrying in 1 seconds
[shaping_diag] success_cum_shaping=313.35 T=204 d_init=104.5 d_final=0.0
 Retrying in 1 seconds
[shaping_diag] success_cum_shaping=313.35 T=230 d_init=104.5 d_final=0.0
 Retrying in 1 seconds
[shaping_diag] success_cum_shaping=313.35 T=236 d_init=104.5 d_final=0.0
 Retrying in 1 seconds
[shaping_diag] success_cum_shaping=313.35 T=209 d_init=104.5 d_final=0.0
 Retrying in 1 seconds
[shaping_diag] success_cum_shaping=313.35 T=249 d_init=104.5 d_final=0.0
 Retrying in 1 seconds
[shaping_diag] success_cum_shaping=313.35 T=207 d_init=104.5 d_final=0.0
 Retrying in 1 seconds
[shaping_diag] success_cum_shaping=313.35 T=204 d_init=104.5 d_final=0.0
 Retrying in 1 seconds
[shaping_diag] success_cum_shaping=313.35 T=209 d_init=104.5 d_final=0.0
 Retrying in 1 seconds
[shaping_diag] success_cum_shaping=313.35 T=242 d_init=104.5 d_final=0.0
 Retrying in 1 seconds
[shaping_diag] success_cum_shaping=313.35 T=193 d_init=104.5 d_final=0.0
 Retrying in 1 seconds
[shaping_diag] success_cum_shaping=313.35 T=220 d_init=104.5 d_final=0.0
 Retrying in 1 seconds
[shaping_diag] success_cum_shaping=313.35 T=221 d_init=104.5 d_final=0.0
 Retrying in 1 seconds
 Retrying in 1 seconds
[shaping_diag] success_cum_shaping=313.35 T=209 d_init=104.5 d_final=0.0
 Retrying in 1 seconds
[shaping_diag] success_cum_shaping=313.35 T=203 d_init=104.5 d_final=0.0
 Retrying in 1 seconds
[shaping_diag] success_cum_shaping=313.35 T=212 d_init=104.5 d_final=0.0
 Retrying in 1 seconds
[shaping_diag] success_cum_shaping=313.35 T=236 d_init=104.5 d_final=0.0
 Retrying in 1 seconds
[shaping_diag] success_cum_shaping=313.35 T=233 d_init=104.5 d_final=0.0
 Retrying in 1 seconds
[shaping_diag] success_cum_shaping=313.35 T=202 d_init=104.5 d_final=0.0
 Retrying in 1 seconds
[shaping_diag] success_cum_shaping=313.35 T=211 d_init=104.5 d_final=0.0
 Retrying in 1 seconds
[shaping_diag] success_cum_shaping=313.35 T=223 d_init=104.5 d_final=0.0
 Retrying in 1 seconds
[shaping_diag] success_cum_shaping=313.35 T=255 d_init=104.5 d_final=0.0
 Retrying in 1 seconds
[shaping_diag] success_cum_shaping=313.35 T=236 d_init=104.5 d_final=0.0
 Retrying in 1 seconds
[shaping_diag] success_cum_shaping=313.35 T=248 d_init=104.5 d_final=0.0
 Retrying in 1 seconds
[shaping_diag] success_cum_shaping=313.35 T=221 d_init=104.5 d_final=0.0
 Retrying in 1 seconds
[shaping_diag] success_cum_shaping=313.35 T=237 d_init=104.5 d_final=0.0
 Retrying in 1 seconds
[shaping_diag] success_cum_shaping=313.35 T=229 d_init=104.5 d_final=0.0
 Retrying in 1 seconds
[shaping_diag] success_cum_shaping=313.35 T=206 d_init=104.5 d_final=0.0
 Retrying in 1 seconds
[shaping_diag] success_cum_shaping=313.35 T=207 d_init=104.5 d_final=0.0
 Retrying in 1 seconds
[shaping_diag] success_cum_shaping=313.35 T=215 d_init=104.5 d_final=0.0
 Retrying in 1 seconds
[shaping_diag] success_cum_shaping=313.35 T=221 d_init=104.5 d_final=0.0
 Retrying in 1 seconds
 Retrying in 1 seconds
[shaping_diag] success_cum_shaping=313.35 T=232 d_init=104.5 d_final=0.0
 Retrying in 1 seconds
[shaping_diag] success_cum_shaping=313.35 T=223 d_init=104.5 d_final=0.0
 Retrying in 1 seconds
[shaping_diag] success_cum_shaping=313.35 T=247 d_init=104.5 d_final=0.0
 Retrying in 1 seconds
[shaping_diag] success_cum_shaping=313.35 T=229 d_init=104.5 d_final=0.0
 Retrying in 1 seconds
[shaping_diag] success_cum_shaping=313.35 T=214 d_init=104.5 d_final=0.0
 Retrying in 1 seconds
[shaping_diag] success_cum_shaping=313.35 T=247 d_init=104.5 d_final=0.0
 Retrying in 1 seconds
[shaping_diag] success_cum_shaping=313.35 T=218 d_init=104.5 d_final=0.0
 Retrying in 1 seconds
[shaping_diag] success_cum_shaping=313.35 T=201 d_init=104.5 d_final=0.0
 Retrying in 1 seconds
[shaping_diag] success_cum_shaping=313.35 T=215 d_init=104.5 d_final=0.0
 Retrying in 1 seconds
[shaping_diag] success_cum_shaping=313.35 T=234 d_init=104.5 d_final=0.0
 Retrying in 1 seconds
 Retrying in 1 seconds
[shaping_diag] success_cum_shaping=313.35 T=249 d_init=104.5 d_final=0.0
 Retrying in 1 seconds
[shaping_diag] success_cum_shaping=313.35 T=227 d_init=104.5 d_final=0.0
 Retrying in 1 seconds
[shaping_diag] success_cum_shaping=313.35 T=235 d_init=104.5 d_final=0.0
 Retrying in 1 seconds
[shaping_diag] success_cum_shaping=313.35 T=233 d_init=104.5 d_final=0.0
 Retrying in 1 seconds
[shaping_diag] success_cum_shaping=313.35 T=224 d_init=104.5 d_final=0.0
 Retrying in 1 seconds
 Retrying in 1 seconds
[shaping_diag] success_cum_shaping=313.35 T=241 d_init=104.5 d_final=0.0
 Retrying in 1 seconds
[shaping_diag] success_cum_shaping=313.35 T=212 d_init=104.5 d_final=0.0
 Retrying in 1 seconds
[shaping_diag] success_cum_shaping=313.35 T=197 d_init=104.5 d_final=0.0
 Retrying in 1 seconds
[shaping_diag] success_cum_shaping=313.35 T=194 d_init=104.5 d_final=0.0
 Retrying in 1 seconds
[shaping_diag] success_cum_shaping=313.35 T=200 d_init=104.5 d_final=0.0
 Retrying in 1 seconds
[shaping_diag] success_cum_shaping=313.35 T=197 d_init=104.5 d_final=0.0
 Retrying in 1 seconds
[shaping_diag] success_cum_shaping=313.35 T=208 d_init=104.5 d_final=0.0
 Retrying in 1 seconds
[shaping_diag] success_cum_shaping=313.35 T=211 d_init=104.5 d_final=0.0
 Retrying in 1 seconds
[shaping_diag] success_cum_shaping=313.35 T=208 d_init=104.5 d_final=0.0
 Retrying in 1 seconds
[shaping_diag] success_cum_shaping=313.35 T=237 d_init=104.5 d_final=0.0
 Retrying in 1 seconds
[shaping_diag] success_cum_shaping=313.35 T=217 d_init=104.5 d_final=0.0
 Retrying in 1 seconds
[shaping_diag] success_cum_shaping=313.35 T=239 d_init=104.5 d_final=0.0
 Retrying in 1 seconds
[shaping_diag] success_cum_shaping=313.35 T=208 d_init=104.5 d_final=0.0
 Retrying in 1 seconds
[shaping_diag] success_cum_shaping=313.35 T=235 d_init=104.5 d_final=0.0
 Retrying in 1 seconds
[shaping_diag] success_cum_shaping=313.35 T=216 d_init=104.5 d_final=0.0
 Retrying in 1 seconds
[shaping_diag] success_cum_shaping=313.35 T=227 d_init=104.5 d_final=0.0
 Retrying in 1 seconds
[shaping_diag] success_cum_shaping=313.35 T=203 d_init=104.5 d_final=0.0
 Retrying in 1 seconds
[shaping_diag] success_cum_shaping=313.35 T=240 d_init=104.5 d_final=0.0
 Retrying in 1 seconds
 Retrying in 1 seconds
[shaping_diag] success_cum_shaping=313.35 T=232 d_init=104.5 d_final=0.0
 Retrying in 1 seconds
[shaping_diag] success_cum_shaping=313.35 T=217 d_init=104.5 d_final=0.0
 Retrying in 1 seconds
[shaping_diag] success_cum_shaping=313.35 T=200 d_init=104.5 d_final=0.0
 Retrying in 1 seconds
[shaping_diag] success_cum_shaping=313.35 T=223 d_init=104.5 d_final=0.0
 Retrying in 1 seconds
[shaping_diag] success_cum_shaping=313.35 T=245 d_init=104.5 d_final=0.0
 Retrying in 1 seconds
[shaping_diag] success_cum_shaping=313.35 T=215 d_init=104.5 d_final=0.0
 Retrying in 1 seconds
[shaping_diag] success_cum_shaping=313.35 T=222 d_init=104.5 d_final=0.0
 Retrying in 1 seconds
[shaping_diag] success_cum_shaping=313.35 T=218 d_init=104.5 d_final=0.0
 Retrying in 1 seconds
[shaping_diag] success_cum_shaping=313.35 T=205 d_init=104.5 d_final=0.0
 Retrying in 1 seconds
[shaping_diag] success_cum_shaping=313.35 T=212 d_init=104.5 d_final=0.0
[cbf_aux] step=290816 ret=390.99 coll=0 ttc=6.96 cbf_res=0.0000
 Retrying in 1 seconds
[shaping_diag] success_cum_shaping=313.35 T=248 d_init=104.5 d_final=0.0
 Retrying in 1 seconds
[shaping_diag] success_cum_shaping=313.35 T=238 d_init=104.5 d_final=0.0
 Retrying in 1 seconds
[shaping_diag] success_cum_shaping=313.35 T=209 d_init=104.5 d_final=0.0
 Retrying in 1 seconds
[shaping_diag] success_cum_shaping=313.35 T=207 d_init=104.5 d_final=0.0
 Retrying in 1 seconds
[shaping_diag] success_cum_shaping=313.35 T=239 d_init=104.5 d_final=0.0
 Retrying in 1 seconds
[shaping_diag] success_cum_shaping=313.35 T=195 d_init=104.5 d_final=0.0
 Retrying in 1 seconds
[shaping_diag] success_cum_shaping=313.35 T=227 d_init=104.5 d_final=0.0
 Retrying in 1 seconds
[shaping_diag] success_cum_shaping=313.35 T=206 d_init=104.5 d_final=0.0
 Retrying in 1 seconds
[shaping_diag] success_cum_shaping=313.35 T=207 d_init=104.5 d_final=0.0
 Retrying in 1 seconds
[shaping_diag] success_cum_shaping=313.35 T=239 d_init=104.5 d_final=0.0
 Retrying in 1 seconds
[shaping_diag] success_cum_shaping=313.35 T=208 d_init=104.5 d_final=0.0
 Retrying in 1 seconds
[shaping_diag] success_cum_shaping=313.35 T=223 d_init=104.5 d_final=0.0
 Retrying in 1 seconds
[shaping_diag] success_cum_shaping=313.35 T=209 d_init=104.5 d_final=0.0
 Retrying in 1 seconds
[shaping_diag] success_cum_shaping=313.35 T=219 d_init=104.5 d_final=0.0
 Retrying in 1 seconds
[shaping_diag] success_cum_shaping=313.35 T=220 d_init=104.5 d_final=0.0
 Retrying in 1 seconds
[shaping_diag] success_cum_shaping=313.35 T=243 d_init=104.5 d_final=0.0
 Retrying in 1 seconds
[shaping_diag] success_cum_shaping=313.35 T=231 d_init=104.5 d_final=0.0
 Retrying in 1 seconds
[shaping_diag] success_cum_shaping=313.35 T=202 d_init=104.5 d_final=0.0
 Retrying in 1 seconds
 Retrying in 1 seconds
[shaping_diag] success_cum_shaping=313.35 T=227 d_init=104.5 d_final=0.0
 Retrying in 1 seconds
[shaping_diag] success_cum_shaping=313.35 T=202 d_init=104.5 d_final=0.0
 Retrying in 1 seconds
[shaping_diag] success_cum_shaping=313.35 T=244 d_init=104.5 d_final=0.0
 Retrying in 1 seconds
[shaping_diag] success_cum_shaping=313.35 T=238 d_init=104.5 d_final=0.0
 Retrying in 1 seconds
[shaping_diag] success_cum_shaping=313.35 T=223 d_init=104.5 d_final=0.0
 Retrying in 1 seconds
[shaping_diag] success_cum_shaping=313.35 T=250 d_init=104.5 d_final=0.0
 Retrying in 1 seconds
[shaping_diag] success_cum_shaping=313.35 T=197 d_init=104.5 d_final=0.0
 Retrying in 1 seconds
[shaping_diag] success_cum_shaping=313.35 T=222 d_init=104.5 d_final=0.0
 Retrying in 1 seconds
[shaping_diag] success_cum_shaping=313.35 T=219 d_init=104.5 d_final=0.0
 Retrying in 1 seconds
[shaping_diag] success_cum_shaping=313.35 T=226 d_init=104.5 d_final=0.0
 Retrying in 1 seconds
[shaping_diag] success_cum_shaping=313.35 T=214 d_init=104.5 d_final=0.0
 Retrying in 1 seconds
[shaping_diag] success_cum_shaping=313.35 T=216 d_init=104.5 d_final=0.0
 Retrying in 1 seconds
[shaping_diag] success_cum_shaping=313.35 T=206 d_init=104.5 d_final=0.0
 Retrying in 1 seconds
[shaping_diag] success_cum_shaping=313.35 T=219 d_init=104.5 d_final=0.0
 Retrying in 1 seconds
[shaping_diag] success_cum_shaping=313.35 T=205 d_init=104.5 d_final=0.0
 Retrying in 1 seconds
[shaping_diag] success_cum_shaping=313.35 T=236 d_init=104.5 d_final=0.0
 Retrying in 1 seconds
[shaping_diag] success_cum_shaping=313.35 T=241 d_init=104.5 d_final=0.0
 Retrying in 1 seconds
[shaping_diag] success_cum_shaping=313.35 T=202 d_init=104.5 d_final=0.0
 Retrying in 1 seconds
 Retrying in 1 seconds
[shaping_diag] success_cum_shaping=313.35 T=215 d_init=104.5 d_final=0.0
 Retrying in 1 seconds
[shaping_diag] success_cum_shaping=313.35 T=207 d_init=104.5 d_final=0.0
 Retrying in 1 seconds
[shaping_diag] success_cum_shaping=313.35 T=237 d_init=104.5 d_final=0.0
 Retrying in 1 seconds
[shaping_diag] success_cum_shaping=313.35 T=220 d_init=104.5 d_final=0.0
 Retrying in 1 seconds
[shaping_diag] success_cum_shaping=313.35 T=240 d_init=104.5 d_final=0.0
 Retrying in 1 seconds
[shaping_diag] success_cum_shaping=313.35 T=213 d_init=104.5 d_final=0.0
 Retrying in 1 seconds
[shaping_diag] success_cum_shaping=313.35 T=219 d_init=104.5 d_final=0.0
 Retrying in 1 seconds
[shaping_diag] success_cum_shaping=313.35 T=237 d_init=104.5 d_final=0.0
 Retrying in 1 seconds
[shaping_diag] success_cum_shaping=313.35 T=227 d_init=104.5 d_final=0.0
 Retrying in 1 seconds
[shaping_diag] success_cum_shaping=313.35 T=226 d_init=104.5 d_final=0.0
 Retrying in 1 seconds
[shaping_diag] success_cum_shaping=313.35 T=218 d_init=104.5 d_final=0.0
 Retrying in 1 seconds
[shaping_diag] success_cum_shaping=313.35 T=227 d_init=104.5 d_final=0.0
 Retrying in 1 seconds
[shaping_diag] success_cum_shaping=313.35 T=228 d_init=104.5 d_final=0.0
 Retrying in 1 seconds
[shaping_diag] success_cum_shaping=313.35 T=255 d_init=104.5 d_final=0.0
 Retrying in 1 seconds
[shaping_diag] success_cum_shaping=313.35 T=210 d_init=104.5 d_final=0.0
 Retrying in 1 seconds
[shaping_diag] success_cum_shaping=313.35 T=222 d_init=104.5 d_final=0.0
 Retrying in 1 seconds
[shaping_diag] success_cum_shaping=313.35 T=224 d_init=104.5 d_final=0.0
 Retrying in 1 seconds
[shaping_diag] success_cum_shaping=313.35 T=237 d_init=104.5 d_final=0.0
 Retrying in 1 seconds
 Retrying in 1 seconds
[shaping_diag] success_cum_shaping=313.35 T=245 d_init=104.5 d_final=0.0
 Retrying in 1 seconds
[shaping_diag] success_cum_shaping=313.35 T=228 d_init=104.5 d_final=0.0
 Retrying in 1 seconds
[shaping_diag] success_cum_shaping=313.35 T=247 d_init=104.5 d_final=0.0
 Retrying in 1 seconds
[shaping_diag] success_cum_shaping=313.35 T=219 d_init=104.5 d_final=0.0
 Retrying in 1 seconds
[shaping_diag] success_cum_shaping=313.35 T=210 d_init=104.5 d_final=0.0
 Retrying in 1 seconds
[shaping_diag] success_cum_shaping=313.35 T=210 d_init=104.5 d_final=0.0
 Retrying in 1 seconds
[shaping_diag] success_cum_shaping=313.35 T=221 d_init=104.5 d_final=0.0
 Retrying in 1 seconds
[shaping_diag] success_cum_shaping=313.35 T=220 d_init=104.5 d_final=0.0
 Retrying in 1 seconds
[shaping_diag] success_cum_shaping=313.35 T=243 d_init=104.5 d_final=0.0
 Retrying in 1 seconds
[shaping_diag] success_cum_shaping=313.35 T=236 d_init=104.5 d_final=0.0
 Retrying in 1 seconds
[shaping_diag] success_cum_shaping=313.35 T=202 d_init=104.5 d_final=0.0
 Retrying in 1 seconds
[shaping_diag] success_cum_shaping=313.35 T=216 d_init=104.5 d_final=0.0
 Retrying in 1 seconds
[shaping_diag] success_cum_shaping=313.35 T=194 d_init=104.5 d_final=0.0
 Retrying in 1 seconds
[shaping_diag] success_cum_shaping=313.35 T=229 d_init=104.5 d_final=0.0
 Retrying in 1 seconds
[shaping_diag] success_cum_shaping=313.35 T=215 d_init=104.5 d_final=0.0
 Retrying in 1 seconds
[shaping_diag] success_cum_shaping=313.35 T=201 d_init=104.5 d_final=0.0
 Retrying in 1 seconds
[shaping_diag] success_cum_shaping=313.35 T=206 d_init=104.5 d_final=0.0
 Retrying in 1 seconds
[shaping_diag] success_cum_shaping=313.35 T=200 d_init=104.5 d_final=0.0
 Retrying in 1 seconds
 Retrying in 1 seconds
[shaping_diag] success_cum_shaping=313.35 T=204 d_init=104.5 d_final=0.0
 Retrying in 1 seconds
[shaping_diag] success_cum_shaping=313.35 T=236 d_init=104.5 d_final=0.0
 Retrying in 1 seconds
[shaping_diag] success_cum_shaping=313.35 T=239 d_init=104.5 d_final=0.0
 Retrying in 1 seconds
[shaping_diag] success_cum_shaping=313.35 T=232 d_init=104.5 d_final=0.0
 Retrying in 1 seconds
[shaping_diag] success_cum_shaping=313.35 T=220 d_init=104.5 d_final=0.0
 Retrying in 1 seconds
[shaping_diag] success_cum_shaping=313.35 T=200 d_init=104.5 d_final=0.0
 Retrying in 1 seconds
[shaping_diag] success_cum_shaping=313.35 T=233 d_init=104.5 d_final=0.0
 Retrying in 1 seconds
[shaping_diag] success_cum_shaping=313.35 T=200 d_init=104.5 d_final=0.0
 Retrying in 1 seconds
[shaping_diag] success_cum_shaping=313.35 T=208 d_init=104.5 d_final=0.0
 Retrying in 1 seconds
[shaping_diag] success_cum_shaping=313.35 T=204 d_init=104.5 d_final=0.0
 Retrying in 1 seconds
[shaping_diag] success_cum_shaping=313.35 T=247 d_init=104.5 d_final=0.0
 Retrying in 1 seconds
[shaping_diag] success_cum_shaping=313.35 T=217 d_init=104.5 d_final=0.0
 Retrying in 1 seconds
[shaping_diag] success_cum_shaping=313.35 T=216 d_init=104.5 d_final=0.0
 Retrying in 1 seconds
[shaping_diag] success_cum_shaping=313.35 T=199 d_init=104.5 d_final=0.0
 Retrying in 1 seconds
[shaping_diag] success_cum_shaping=313.35 T=221 d_init=104.5 d_final=0.0
 Retrying in 1 seconds
[shaping_diag] success_cum_shaping=313.35 T=222 d_init=104.5 d_final=0.0
 Retrying in 1 seconds
[shaping_diag] success_cum_shaping=313.35 T=222 d_init=104.5 d_final=0.0
 Retrying in 1 seconds
[shaping_diag] success_cum_shaping=313.35 T=213 d_init=104.5 d_final=0.0
 Retrying in 1 seconds
 Retrying in 1 seconds
[shaping_diag] success_cum_shaping=313.35 T=244 d_init=104.5 d_final=0.0
 Retrying in 1 seconds
[shaping_diag] success_cum_shaping=313.35 T=225 d_init=104.5 d_final=0.0
 Retrying in 1 seconds
[shaping_diag] success_cum_shaping=313.35 T=253 d_init=104.5 d_final=0.0
 Retrying in 1 seconds
[shaping_diag] success_cum_shaping=313.35 T=207 d_init=104.5 d_final=0.0
 Retrying in 1 seconds
[shaping_diag] success_cum_shaping=313.35 T=250 d_init=104.5 d_final=0.0
 Retrying in 1 seconds
[shaping_diag] success_cum_shaping=313.35 T=201 d_init=104.5 d_final=0.0
 Retrying in 1 seconds
[shaping_diag] success_cum_shaping=313.35 T=224 d_init=104.5 d_final=0.0
 Retrying in 1 seconds
[shaping_diag] success_cum_shaping=313.35 T=214 d_init=104.5 d_final=0.0
 Retrying in 1 seconds
[shaping_diag] success_cum_shaping=313.35 T=211 d_init=104.5 d_final=0.0
 Retrying in 1 seconds
[shaping_diag] success_cum_shaping=313.35 T=229 d_init=104.5 d_final=0.0
 Retrying in 1 seconds
[shaping_diag] success_cum_shaping=313.35 T=221 d_init=104.5 d_final=0.0
 Retrying in 1 seconds
[shaping_diag] success_cum_shaping=313.35 T=188 d_init=104.5 d_final=0.0
 Retrying in 1 seconds
[shaping_diag] success_cum_shaping=313.35 T=224 d_init=104.5 d_final=0.0
 Retrying in 1 seconds
[shaping_diag] success_cum_shaping=313.35 T=246 d_init=104.5 d_final=0.0
 Retrying in 1 seconds
[shaping_diag] success_cum_shaping=313.35 T=209 d_init=104.5 d_final=0.0
 Retrying in 1 seconds
[shaping_diag] success_cum_shaping=313.35 T=238 d_init=104.5 d_final=0.0
 Retrying in 1 seconds
[shaping_diag] success_cum_shaping=313.35 T=238 d_init=104.5 d_final=0.0
 Retrying in 1 seconds
[shaping_diag] success_cum_shaping=313.35 T=222 d_init=104.5 d_final=0.0
 Retrying in 1 seconds
 Retrying in 1 seconds
[shaping_diag] success_cum_shaping=313.35 T=226 d_init=104.5 d_final=0.0
 Retrying in 1 seconds
[shaping_diag] success_cum_shaping=313.35 T=197 d_init=104.5 d_final=0.0
 Retrying in 1 seconds
[shaping_diag] success_cum_shaping=313.35 T=226 d_init=104.5 d_final=0.0
 Retrying in 1 seconds
[shaping_diag] success_cum_shaping=313.35 T=202 d_init=104.5 d_final=0.0
 Retrying in 1 seconds
[shaping_diag] success_cum_shaping=313.35 T=203 d_init=104.5 d_final=0.0
 Retrying in 1 seconds
[shaping_diag] success_cum_shaping=313.35 T=201 d_init=104.5 d_final=0.0
 Retrying in 1 seconds
[shaping_diag] success_cum_shaping=313.35 T=231 d_init=104.5 d_final=0.0
 Retrying in 1 seconds
[shaping_diag] success_cum_shaping=313.35 T=219 d_init=104.5 d_final=0.0
 Retrying in 1 seconds
[shaping_diag] success_cum_shaping=313.35 T=276 d_init=104.5 d_final=0.0
 Retrying in 1 seconds
[shaping_diag] success_cum_shaping=313.35 T=238 d_init=104.5 d_final=0.0
 Retrying in 1 seconds
[shaping_diag] success_cum_shaping=313.35 T=248 d_init=104.5 d_final=0.0
 Retrying in 1 seconds
[shaping_diag] success_cum_shaping=313.35 T=213 d_init=104.5 d_final=0.0
 Retrying in 1 seconds
[shaping_diag] success_cum_shaping=313.35 T=205 d_init=104.5 d_final=0.0
 Retrying in 1 seconds
[shaping_diag] success_cum_shaping=313.35 T=210 d_init=104.5 d_final=0.0
 Retrying in 1 seconds
[shaping_diag] success_cum_shaping=313.35 T=220 d_init=104.5 d_final=0.0
 Retrying in 1 seconds
[shaping_diag] success_cum_shaping=313.35 T=217 d_init=104.5 d_final=0.0
 Retrying in 1 seconds
[shaping_diag] success_cum_shaping=313.35 T=202 d_init=104.5 d_final=0.0
 Retrying in 1 seconds
[shaping_diag] success_cum_shaping=313.35 T=218 d_init=104.5 d_final=0.0
 Retrying in 1 seconds
 Retrying in 1 seconds
[shaping_diag] success_cum_shaping=313.35 T=217 d_init=104.5 d_final=0.0
 Retrying in 1 seconds
[shaping_diag] success_cum_shaping=313.35 T=233 d_init=104.5 d_final=0.0
 Retrying in 1 seconds
[shaping_diag] success_cum_shaping=313.35 T=239 d_init=104.5 d_final=0.0
 Retrying in 1 seconds
[shaping_diag] success_cum_shaping=313.35 T=248 d_init=104.5 d_final=0.0
 Retrying in 1 seconds
[shaping_diag] success_cum_shaping=313.35 T=232 d_init=104.5 d_final=0.0
 Retrying in 1 seconds
[shaping_diag] success_cum_shaping=313.35 T=194 d_init=104.5 d_final=0.0
 Retrying in 1 seconds
[shaping_diag] success_cum_shaping=313.35 T=228 d_init=104.5 d_final=0.0
 Retrying in 1 seconds
[shaping_diag] success_cum_shaping=313.35 T=198 d_init=104.5 d_final=0.0
 Retrying in 1 seconds
[shaping_diag] success_cum_shaping=313.35 T=219 d_init=104.5 d_final=0.0
 Retrying in 1 seconds
[shaping_diag] success_cum_shaping=313.35 T=220 d_init=104.5 d_final=0.0
 Retrying in 1 seconds
[shaping_diag] success_cum_shaping=313.35 T=227 d_init=104.5 d_final=0.0
 Retrying in 1 seconds
[shaping_diag] success_cum_shaping=313.35 T=231 d_init=104.5 d_final=0.0
 Retrying in 1 seconds
[shaping_diag] success_cum_shaping=313.35 T=225 d_init=104.5 d_final=0.0
 Retrying in 1 seconds
[shaping_diag] success_cum_shaping=313.35 T=195 d_init=104.5 d_final=0.0
 Retrying in 1 seconds
[shaping_diag] success_cum_shaping=313.35 T=230 d_init=104.5 d_final=0.0
 Retrying in 1 seconds
[shaping_diag] success_cum_shaping=313.35 T=230 d_init=104.5 d_final=0.0
 Retrying in 1 seconds
[shaping_diag] success_cum_shaping=313.35 T=225 d_init=104.5 d_final=0.0
 Retrying in 1 seconds
[shaping_diag] success_cum_shaping=313.35 T=212 d_init=104.5 d_final=0.0
 Retrying in 1 seconds
 Retrying in 1 seconds
[shaping_diag] success_cum_shaping=313.35 T=207 d_init=104.5 d_final=0.0
 Retrying in 1 seconds
[shaping_diag] success_cum_shaping=313.35 T=200 d_init=104.5 d_final=0.0
 Retrying in 1 seconds
[shaping_diag] success_cum_shaping=313.35 T=239 d_init=104.5 d_final=0.0
 Retrying in 1 seconds
[shaping_diag] success_cum_shaping=313.35 T=245 d_init=104.5 d_final=0.0
 Retrying in 1 seconds
[shaping_diag] success_cum_shaping=313.35 T=235 d_init=104.5 d_final=0.0
 Retrying in 1 seconds
[shaping_diag] success_cum_shaping=313.35 T=221 d_init=104.5 d_final=0.0
 Retrying in 1 seconds
[shaping_diag] success_cum_shaping=313.35 T=240 d_init=104.5 d_final=0.0
 Retrying in 1 seconds
[shaping_diag] success_cum_shaping=313.35 T=204 d_init=104.5 d_final=0.0
 Retrying in 1 seconds
[shaping_diag] success_cum_shaping=313.35 T=236 d_init=104.5 d_final=0.0
 Retrying in 1 seconds
[shaping_diag] success_cum_shaping=313.35 T=244 d_init=104.5 d_final=0.0
 Retrying in 1 seconds
[shaping_diag] success_cum_shaping=313.35 T=234 d_init=104.5 d_final=0.0
 Retrying in 1 seconds
[shaping_diag] success_cum_shaping=313.35 T=214 d_init=104.5 d_final=0.0
 Retrying in 1 seconds
[shaping_diag] success_cum_shaping=313.35 T=199 d_init=104.5 d_final=0.0
 Retrying in 1 seconds
[shaping_diag] success_cum_shaping=313.35 T=225 d_init=104.5 d_final=0.0
 Retrying in 1 seconds
[shaping_diag] success_cum_shaping=313.35 T=224 d_init=104.5 d_final=0.0
 Retrying in 1 seconds
[shaping_diag] success_cum_shaping=313.35 T=228 d_init=104.5 d_final=0.0
 Retrying in 1 seconds
[shaping_diag] success_cum_shaping=313.35 T=208 d_init=104.5 d_final=0.0
 Retrying in 1 seconds
[shaping_diag] success_cum_shaping=313.35 T=214 d_init=104.5 d_final=0.0
 Retrying in 1 seconds
 Retrying in 1 seconds
[shaping_diag] success_cum_shaping=313.35 T=201 d_init=104.5 d_final=0.0
 Retrying in 1 seconds
[shaping_diag] success_cum_shaping=313.35 T=247 d_init=104.5 d_final=0.0
 Retrying in 1 seconds
[shaping_diag] success_cum_shaping=313.35 T=208 d_init=104.5 d_final=0.0
 Retrying in 1 seconds
[shaping_diag] success_cum_shaping=313.35 T=198 d_init=104.5 d_final=0.0
 Retrying in 1 seconds
[shaping_diag] success_cum_shaping=313.35 T=214 d_init=104.5 d_final=0.0
 Retrying in 1 seconds
[shaping_diag] success_cum_shaping=313.35 T=203 d_init=104.5 d_final=0.0
 Retrying in 1 seconds
[shaping_diag] success_cum_shaping=313.35 T=233 d_init=104.5 d_final=0.0
 Retrying in 1 seconds
[shaping_diag] success_cum_shaping=313.35 T=224 d_init=104.5 d_final=0.0
 Retrying in 1 seconds
[shaping_diag] success_cum_shaping=313.35 T=234 d_init=104.5 d_final=0.0
 Retrying in 1 seconds
[shaping_diag] success_cum_shaping=313.35 T=216 d_init=104.5 d_final=0.0
 Retrying in 1 seconds
[shaping_diag] success_cum_shaping=313.35 T=223 d_init=104.5 d_final=0.0
 Retrying in 1 seconds
[shaping_diag] success_cum_shaping=313.35 T=220 d_init=104.5 d_final=0.0
 Retrying in 1 seconds
[shaping_diag] success_cum_shaping=313.35 T=223 d_init=104.5 d_final=0.0
 Retrying in 1 seconds
[shaping_diag] success_cum_shaping=313.35 T=263 d_init=104.5 d_final=0.0
 Retrying in 1 seconds
[shaping_diag] success_cum_shaping=313.35 T=217 d_init=104.5 d_final=0.0
 Retrying in 1 seconds
[shaping_diag] success_cum_shaping=313.35 T=195 d_init=104.5 d_final=0.0
 Retrying in 1 seconds
[shaping_diag] success_cum_shaping=313.35 T=217 d_init=104.5 d_final=0.0
 Retrying in 1 seconds
[shaping_diag] success_cum_shaping=313.35 T=217 d_init=104.5 d_final=0.0
 Retrying in 1 seconds
 Retrying in 1 seconds
[shaping_diag] success_cum_shaping=313.35 T=202 d_init=104.5 d_final=0.0
 Retrying in 1 seconds
[shaping_diag] success_cum_shaping=313.35 T=220 d_init=104.5 d_final=0.0
 Retrying in 1 seconds
[shaping_diag] success_cum_shaping=313.35 T=233 d_init=104.5 d_final=0.0
 Retrying in 1 seconds
[shaping_diag] success_cum_shaping=313.35 T=217 d_init=104.5 d_final=0.0
 Retrying in 1 seconds
[shaping_diag] success_cum_shaping=313.35 T=199 d_init=104.5 d_final=0.0
 Retrying in 1 seconds
[shaping_diag] success_cum_shaping=313.35 T=218 d_init=104.5 d_final=0.0
 Retrying in 1 seconds
[shaping_diag] success_cum_shaping=313.35 T=239 d_init=104.5 d_final=0.0
 Retrying in 1 seconds
[shaping_diag] success_cum_shaping=313.35 T=211 d_init=104.5 d_final=0.0
 Retrying in 1 seconds
[shaping_diag] success_cum_shaping=313.35 T=206 d_init=104.5 d_final=0.0
 Retrying in 1 seconds
[shaping_diag] success_cum_shaping=313.35 T=228 d_init=104.5 d_final=0.0
[cbf_aux] step=331776 ret=413.60 coll=0 ttc=6.71 cbf_res=0.0000
 Retrying in 1 seconds
[shaping_diag] success_cum_shaping=313.35 T=230 d_init=104.5 d_final=0.0
 Retrying in 1 seconds
[shaping_diag] success_cum_shaping=313.35 T=223 d_init=104.5 d_final=0.0
 Retrying in 1 seconds
[shaping_diag] success_cum_shaping=313.35 T=192 d_init=104.5 d_final=0.0
 Retrying in 1 seconds
[shaping_diag] success_cum_shaping=313.35 T=241 d_init=104.5 d_final=0.0
 Retrying in 1 seconds
[shaping_diag] success_cum_shaping=313.35 T=228 d_init=104.5 d_final=0.0
 Retrying in 1 seconds
[shaping_diag] success_cum_shaping=313.35 T=223 d_init=104.5 d_final=0.0
 Retrying in 1 seconds
[shaping_diag] success_cum_shaping=313.35 T=196 d_init=104.5 d_final=0.0
 Retrying in 1 seconds
[shaping_diag] success_cum_shaping=313.35 T=207 d_init=104.5 d_final=0.0
 Retrying in 1 seconds
[shaping_diag] success_cum_shaping=313.35 T=225 d_init=104.5 d_final=0.0
 Retrying in 1 seconds
[shaping_diag] success_cum_shaping=313.35 T=216 d_init=104.5 d_final=0.0
 Retrying in 1 seconds
[shaping_diag] success_cum_shaping=313.35 T=229 d_init=104.5 d_final=0.0
 Retrying in 1 seconds
[shaping_diag] success_cum_shaping=313.35 T=211 d_init=104.5 d_final=0.0
 Retrying in 1 seconds
[shaping_diag] success_cum_shaping=313.35 T=218 d_init=104.5 d_final=0.0
 Retrying in 1 seconds
[shaping_diag] success_cum_shaping=313.35 T=215 d_init=104.5 d_final=0.0
 Retrying in 1 seconds
[shaping_diag] success_cum_shaping=313.35 T=210 d_init=104.5 d_final=0.0
 Retrying in 1 seconds
[shaping_diag] success_cum_shaping=313.35 T=215 d_init=104.5 d_final=0.0
 Retrying in 1 seconds
[shaping_diag] success_cum_shaping=313.35 T=195 d_init=104.5 d_final=0.0
 Retrying in 1 seconds
[shaping_diag] success_cum_shaping=313.35 T=227 d_init=104.5 d_final=0.0
 Retrying in 1 seconds
 Retrying in 1 seconds
[shaping_diag] success_cum_shaping=313.35 T=234 d_init=104.5 d_final=0.0
 Retrying in 1 seconds
[shaping_diag] success_cum_shaping=313.35 T=218 d_init=104.5 d_final=0.0
 Retrying in 1 seconds
[shaping_diag] success_cum_shaping=313.35 T=221 d_init=104.5 d_final=0.0
 Retrying in 1 seconds
[shaping_diag] success_cum_shaping=313.35 T=229 d_init=104.5 d_final=0.0
 Retrying in 1 seconds
[shaping_diag] success_cum_shaping=313.35 T=235 d_init=104.5 d_final=0.0
 Retrying in 1 seconds
[shaping_diag] success_cum_shaping=313.35 T=303 d_init=104.5 d_final=0.0
 Retrying in 1 seconds
[shaping_diag] success_cum_shaping=313.35 T=223 d_init=104.5 d_final=0.0
 Retrying in 1 seconds
[shaping_diag] success_cum_shaping=313.35 T=232 d_init=104.5 d_final=0.0
 Retrying in 1 seconds
[shaping_diag] success_cum_shaping=313.35 T=234 d_init=104.5 d_final=0.0
 Retrying in 1 seconds
[shaping_diag] success_cum_shaping=313.35 T=229 d_init=104.5 d_final=0.0
 Retrying in 1 seconds
[shaping_diag] success_cum_shaping=313.35 T=225 d_init=104.5 d_final=0.0
 Retrying in 1 seconds
[shaping_diag] success_cum_shaping=313.35 T=201 d_init=104.5 d_final=0.0
Warning: Vehicle 'other' performs emergency braking on lane 'left_in_0' with decel=9.00, wished=4.00, severity=1.00, time=8.10.
 Retrying in 1 seconds
 Retrying in 1 seconds
[shaping_diag] success_cum_shaping=313.35 T=215 d_init=104.5 d_final=0.0
 Retrying in 1 seconds
[shaping_diag] success_cum_shaping=313.35 T=212 d_init=104.5 d_final=0.0
 Retrying in 1 seconds
[shaping_diag] success_cum_shaping=313.35 T=241 d_init=104.5 d_final=0.0
 Retrying in 1 seconds
 Retrying in 1 seconds
[shaping_diag] success_cum_shaping=313.35 T=232 d_init=104.5 d_final=0.0
 Retrying in 1 seconds
[shaping_diag] success_cum_shaping=313.35 T=216 d_init=104.5 d_final=0.0
 Retrying in 1 seconds
[shaping_diag] success_cum_shaping=313.35 T=249 d_init=104.5 d_final=0.0
 Retrying in 1 seconds
[shaping_diag] success_cum_shaping=313.35 T=241 d_init=104.5 d_final=0.0
 Retrying in 1 seconds
[shaping_diag] success_cum_shaping=313.35 T=200 d_init=104.5 d_final=0.0
 Retrying in 1 seconds
[shaping_diag] success_cum_shaping=313.35 T=220 d_init=104.5 d_final=0.0
 Retrying in 1 seconds
[shaping_diag] success_cum_shaping=313.35 T=223 d_init=104.5 d_final=0.0
 Retrying in 1 seconds
[shaping_diag] success_cum_shaping=313.35 T=207 d_init=104.5 d_final=0.0
 Retrying in 1 seconds
[shaping_diag] success_cum_shaping=313.35 T=215 d_init=104.5 d_final=0.0
 Retrying in 1 seconds
[shaping_diag] success_cum_shaping=313.35 T=206 d_init=104.5 d_final=0.0
 Retrying in 1 seconds
[shaping_diag] success_cum_shaping=313.35 T=193 d_init=104.5 d_final=0.0
 Retrying in 1 seconds
[shaping_diag] success_cum_shaping=313.35 T=190 d_init=104.5 d_final=0.0
 Retrying in 1 seconds
[shaping_diag] success_cum_shaping=313.35 T=206 d_init=104.5 d_final=0.0
 Retrying in 1 seconds
[shaping_diag] success_cum_shaping=313.35 T=238 d_init=104.5 d_final=0.0
 Retrying in 1 seconds
[shaping_diag] success_cum_shaping=313.35 T=212 d_init=104.5 d_final=0.0
 Retrying in 1 seconds
[shaping_diag] success_cum_shaping=313.35 T=204 d_init=104.5 d_final=0.0
 Retrying in 1 seconds
[shaping_diag] success_cum_shaping=313.35 T=215 d_init=104.5 d_final=0.0
 Retrying in 1 seconds
[shaping_diag] success_cum_shaping=313.35 T=238 d_init=104.5 d_final=0.0
 Retrying in 1 seconds
 Retrying in 1 seconds
[shaping_diag] success_cum_shaping=313.35 T=196 d_init=104.5 d_final=0.0
 Retrying in 1 seconds
[shaping_diag] success_cum_shaping=313.35 T=238 d_init=104.5 d_final=0.0
 Retrying in 1 seconds
[shaping_diag] success_cum_shaping=313.35 T=203 d_init=104.5 d_final=0.0
 Retrying in 1 seconds
[shaping_diag] success_cum_shaping=313.35 T=209 d_init=104.5 d_final=0.0
 Retrying in 1 seconds
[shaping_diag] success_cum_shaping=313.35 T=214 d_init=104.5 d_final=0.0
 Retrying in 1 seconds
[shaping_diag] success_cum_shaping=313.35 T=230 d_init=104.5 d_final=0.0
 Retrying in 1 seconds
[shaping_diag] success_cum_shaping=313.35 T=200 d_init=104.5 d_final=0.0
 Retrying in 1 seconds
[shaping_diag] success_cum_shaping=313.35 T=235 d_init=104.5 d_final=0.0
 Retrying in 1 seconds
[shaping_diag] success_cum_shaping=313.35 T=236 d_init=104.5 d_final=0.0
 Retrying in 1 seconds
[shaping_diag] success_cum_shaping=313.35 T=227 d_init=104.5 d_final=0.0
 Retrying in 1 seconds
[shaping_diag] success_cum_shaping=313.35 T=230 d_init=104.5 d_final=0.0
 Retrying in 1 seconds
[shaping_diag] success_cum_shaping=313.35 T=239 d_init=104.5 d_final=0.0
 Retrying in 1 seconds
[shaping_diag] success_cum_shaping=313.35 T=218 d_init=104.5 d_final=0.0
 Retrying in 1 seconds
[shaping_diag] success_cum_shaping=313.35 T=203 d_init=104.5 d_final=0.0
 Retrying in 1 seconds
[shaping_diag] success_cum_shaping=313.35 T=218 d_init=104.5 d_final=0.0
 Retrying in 1 seconds
[shaping_diag] success_cum_shaping=313.35 T=222 d_init=104.5 d_final=0.0
 Retrying in 1 seconds
[shaping_diag] success_cum_shaping=313.35 T=205 d_init=104.5 d_final=0.0
 Retrying in 1 seconds
[shaping_diag] success_cum_shaping=313.35 T=202 d_init=104.5 d_final=0.0
 Retrying in 1 seconds
 Retrying in 1 seconds
[shaping_diag] success_cum_shaping=313.35 T=185 d_init=104.5 d_final=0.0
 Retrying in 1 seconds
[shaping_diag] success_cum_shaping=313.35 T=224 d_init=104.5 d_final=0.0
 Retrying in 1 seconds
[shaping_diag] success_cum_shaping=313.35 T=223 d_init=104.5 d_final=0.0
 Retrying in 1 seconds
[shaping_diag] success_cum_shaping=313.35 T=243 d_init=104.5 d_final=0.0
 Retrying in 1 seconds
[shaping_diag] success_cum_shaping=313.35 T=235 d_init=104.5 d_final=0.0
 Retrying in 1 seconds
[shaping_diag] success_cum_shaping=313.35 T=220 d_init=104.5 d_final=0.0
 Retrying in 1 seconds
[shaping_diag] success_cum_shaping=313.35 T=236 d_init=104.5 d_final=0.0
 Retrying in 1 seconds
[shaping_diag] success_cum_shaping=313.35 T=219 d_init=104.5 d_final=0.0
 Retrying in 1 seconds
[shaping_diag] success_cum_shaping=313.35 T=208 d_init=104.5 d_final=0.0
 Retrying in 1 seconds
[shaping_diag] success_cum_shaping=313.35 T=219 d_init=104.5 d_final=0.0
 Retrying in 1 seconds
[shaping_diag] success_cum_shaping=313.35 T=233 d_init=104.5 d_final=0.0
 Retrying in 1 seconds
 Retrying in 1 seconds
[shaping_diag] success_cum_shaping=313.35 T=239 d_init=104.5 d_final=0.0
 Retrying in 1 seconds
[shaping_diag] success_cum_shaping=313.35 T=229 d_init=104.5 d_final=0.0
 Retrying in 1 seconds
[shaping_diag] success_cum_shaping=313.35 T=236 d_init=104.5 d_final=0.0
 Retrying in 1 seconds
[shaping_diag] success_cum_shaping=313.35 T=215 d_init=104.5 d_final=0.0
 Retrying in 1 seconds
[shaping_diag] success_cum_shaping=313.35 T=230 d_init=104.5 d_final=0.0
 Retrying in 1 seconds
 Retrying in 1 seconds
[shaping_diag] success_cum_shaping=313.35 T=245 d_init=104.5 d_final=0.0
 Retrying in 1 seconds
[shaping_diag] success_cum_shaping=313.35 T=227 d_init=104.5 d_final=0.0
 Retrying in 1 seconds
[shaping_diag] success_cum_shaping=313.35 T=217 d_init=104.5 d_final=0.0
 Retrying in 1 seconds
[shaping_diag] success_cum_shaping=313.35 T=225 d_init=104.5 d_final=0.0
 Retrying in 1 seconds
[shaping_diag] success_cum_shaping=313.35 T=235 d_init=104.5 d_final=0.0
 Retrying in 1 seconds
[shaping_diag] success_cum_shaping=313.35 T=215 d_init=104.5 d_final=0.0
 Retrying in 1 seconds
[shaping_diag] success_cum_shaping=313.35 T=200 d_init=104.5 d_final=0.0
 Retrying in 1 seconds
[shaping_diag] success_cum_shaping=313.35 T=251 d_init=104.5 d_final=0.0
 Retrying in 1 seconds
[shaping_diag] success_cum_shaping=313.35 T=237 d_init=104.5 d_final=0.0
 Retrying in 1 seconds
[shaping_diag] success_cum_shaping=313.35 T=219 d_init=104.5 d_final=0.0
 Retrying in 1 seconds
[shaping_diag] success_cum_shaping=313.35 T=238 d_init=104.5 d_final=0.0
 Retrying in 1 seconds
[shaping_diag] success_cum_shaping=313.35 T=237 d_init=104.5 d_final=0.0
 Retrying in 1 seconds
[shaping_diag] success_cum_shaping=313.35 T=221 d_init=104.5 d_final=0.0
 Retrying in 1 seconds
[shaping_diag] success_cum_shaping=313.35 T=248 d_init=104.5 d_final=0.0
 Retrying in 1 seconds
[shaping_diag] success_cum_shaping=313.35 T=218 d_init=104.5 d_final=0.0
 Retrying in 1 seconds
[shaping_diag] success_cum_shaping=313.35 T=206 d_init=104.5 d_final=0.0
 Retrying in 1 seconds
[shaping_diag] success_cum_shaping=313.35 T=242 d_init=104.5 d_final=0.0
 Retrying in 1 seconds
 Retrying in 1 seconds
[shaping_diag] success_cum_shaping=313.35 T=207 d_init=104.5 d_final=0.0
 Retrying in 1 seconds
[shaping_diag] success_cum_shaping=313.35 T=236 d_init=104.5 d_final=0.0
 Retrying in 1 seconds
[shaping_diag] success_cum_shaping=313.35 T=241 d_init=104.5 d_final=0.0
 Retrying in 1 seconds
[shaping_diag] success_cum_shaping=313.35 T=243 d_init=104.5 d_final=0.0
 Retrying in 1 seconds
[shaping_diag] success_cum_shaping=313.35 T=220 d_init=104.5 d_final=0.0
 Retrying in 1 seconds
[shaping_diag] success_cum_shaping=313.35 T=217 d_init=104.5 d_final=0.0
 Retrying in 1 seconds
[shaping_diag] success_cum_shaping=313.35 T=222 d_init=104.5 d_final=0.0
 Retrying in 1 seconds
[shaping_diag] success_cum_shaping=313.35 T=196 d_init=104.5 d_final=0.0
 Retrying in 1 seconds
[shaping_diag] success_cum_shaping=313.35 T=227 d_init=104.5 d_final=0.0
 Retrying in 1 seconds
[shaping_diag] success_cum_shaping=313.35 T=218 d_init=104.5 d_final=0.0
 Retrying in 1 seconds
[shaping_diag] success_cum_shaping=313.35 T=222 d_init=104.5 d_final=0.0
 Retrying in 1 seconds
[shaping_diag] success_cum_shaping=313.35 T=247 d_init=104.5 d_final=0.0
 Retrying in 1 seconds
[shaping_diag] success_cum_shaping=313.35 T=231 d_init=104.5 d_final=0.0
 Retrying in 1 seconds
[shaping_diag] success_cum_shaping=313.35 T=195 d_init=104.5 d_final=0.0
 Retrying in 1 seconds
[shaping_diag] success_cum_shaping=313.35 T=227 d_init=104.5 d_final=0.0
 Retrying in 1 seconds
[shaping_diag] success_cum_shaping=313.35 T=212 d_init=104.5 d_final=0.0
Error: tcpip::Socket::recvAndCheck @ recv: peer shutdown
Quitting (on error).
