 Retrying in 1 seconds
 Retrying in 1 seconds
 Retrying in 1 seconds
 Retrying in 1 seconds
 Retrying in 1 seconds
 Retrying in 1 seconds
 Retrying in 1 seconds
 Retrying in 1 seconds
 Retrying in 1 seconds
 Retrying in 1 seconds
[shaping_diag] success_cum_shaping=282.39 T=137 d_init=94.1 d_final=0.0
 Retrying in 1 seconds
[shaping_diag] success_cum_shaping=282.39 T=140 d_init=94.1 d_final=0.0
 Retrying in 1 seconds
[shaping_diag] success_cum_shaping=282.39 T=244 d_init=94.1 d_final=0.0
 Retrying in 1 seconds
[shaping_diag] success_cum_shaping=282.39 T=390 d_init=94.1 d_final=0.0
 Retrying in 1 seconds
[shaping_diag] success_cum_shaping=282.39 T=218 d_init=94.1 d_final=0.0
 Retrying in 1 seconds
[shaping_diag] success_cum_shaping=282.39 T=133 d_init=94.1 d_final=0.0
 Retrying in 1 seconds
[shaping_diag] success_cum_shaping=282.39 T=259 d_init=94.1 d_final=0.0
Warning: Vehicle 'ego'; collision with vehicle 'other2', lane='right_out_0', gap=-1.94, time=10.10 stage=move.
 Retrying in 1 seconds
 Retrying in 1 seconds
 Retrying in 1 seconds
[shaping_diag] success_cum_shaping=282.39 T=215 d_init=94.1 d_final=0.0
[fusion_aux] step=4096 ret=328.56 coll=1 ttc=11.79 soft_res=67.2312 cbf_res=0.0000 align_kl=0.7954
 Retrying in 1 seconds
 Retrying in 1 seconds
 Retrying in 1 seconds
 Retrying in 1 seconds
 Retrying in 1 seconds
 Retrying in 1 seconds
 Retrying in 1 seconds
 Retrying in 1 seconds
 Retrying in 1 seconds
 Retrying in 1 seconds
 Retrying in 1 seconds
 Retrying in 1 seconds
 Retrying in 1 seconds
 Retrying in 1 seconds
 Retrying in 1 seconds
 Retrying in 1 seconds
 Retrying in 1 seconds
 Retrying in 1 seconds
 Retrying in 1 seconds
 Retrying in 1 seconds
 Retrying in 1 seconds
 Retrying in 1 seconds
[shaping_diag] success_cum_shaping=282.39 T=493 d_init=94.1 d_final=0.0
 Retrying in 1 seconds
 Retrying in 1 seconds
 Retrying in 1 seconds
 Retrying in 1 seconds
 Retrying in 1 seconds
 Retrying in 1 seconds
[shaping_diag] success_cum_shaping=282.39 T=447 d_init=94.1 d_final=0.0
 Retrying in 1 seconds
[shaping_diag] success_cum_shaping=282.39 T=475 d_init=94.1 d_final=0.0
 Retrying in 1 seconds
[shaping_diag] success_cum_shaping=282.39 T=358 d_init=94.1 d_final=0.0
 Retrying in 1 seconds
[shaping_diag] success_cum_shaping=282.39 T=311 d_init=94.1 d_final=0.0
 Retrying in 1 seconds
 Retrying in 1 seconds
[shaping_diag] success_cum_shaping=282.39 T=453 d_init=94.1 d_final=0.0
 Retrying in 1 seconds
 Retrying in 1 seconds
[shaping_diag] success_cum_shaping=282.39 T=347 d_init=94.1 d_final=0.0
 Retrying in 1 seconds
 Retrying in 1 seconds
 Retrying in 1 seconds
[shaping_diag] success_cum_shaping=282.39 T=329 d_init=94.1 d_final=0.0
 Retrying in 1 seconds
[shaping_diag] success_cum_shaping=282.39 T=350 d_init=94.1 d_final=0.0
 Retrying in 1 seconds
[shaping_diag] success_cum_shaping=282.39 T=380 d_init=94.1 d_final=0.0
 Retrying in 1 seconds
 Retrying in 1 seconds
[shaping_diag] success_cum_shaping=282.39 T=419 d_init=94.1 d_final=0.0
 Retrying in 1 seconds
[shaping_diag] success_cum_shaping=282.39 T=461 d_init=94.1 d_final=0.0
 Retrying in 1 seconds
[shaping_diag] success_cum_shaping=282.39 T=299 d_init=94.1 d_final=0.0
 Retrying in 1 seconds
 Retrying in 1 seconds
[shaping_diag] success_cum_shaping=282.39 T=346 d_init=94.1 d_final=0.0
 Retrying in 1 seconds
 Retrying in 1 seconds
 Retrying in 1 seconds
[shaping_diag] success_cum_shaping=282.39 T=492 d_init=94.1 d_final=0.0
 Retrying in 1 seconds
[shaping_diag] success_cum_shaping=282.39 T=490 d_init=94.1 d_final=0.0
 Retrying in 1 seconds
 Retrying in 1 seconds
[shaping_diag] success_cum_shaping=282.39 T=387 d_init=94.1 d_final=0.0
 Retrying in 1 seconds
 Retrying in 1 seconds
 Retrying in 1 seconds
[shaping_diag] success_cum_shaping=282.39 T=443 d_init=94.1 d_final=0.0
 Retrying in 1 seconds
 Retrying in 1 seconds
 Retrying in 1 seconds
[shaping_diag] success_cum_shaping=282.39 T=455 d_init=94.1 d_final=0.0
 Retrying in 1 seconds
[shaping_diag] success_cum_shaping=282.39 T=352 d_init=94.1 d_final=0.0
 Retrying in 1 seconds
[shaping_diag] success_cum_shaping=282.39 T=492 d_init=94.1 d_final=0.0
 Retrying in 1 seconds
[shaping_diag] success_cum_shaping=282.39 T=404 d_init=94.1 d_final=0.0
 Retrying in 1 seconds
[shaping_diag] success_cum_shaping=282.39 T=478 d_init=94.1 d_final=0.0
 Retrying in 1 seconds
[shaping_diag] success_cum_shaping=282.39 T=335 d_init=94.1 d_final=0.0
 Retrying in 1 seconds
[shaping_diag] success_cum_shaping=282.39 T=451 d_init=94.1 d_final=0.0
 Retrying in 1 seconds
[shaping_diag] success_cum_shaping=282.39 T=498 d_init=94.1 d_final=0.0
 Retrying in 1 seconds
[shaping_diag] success_cum_shaping=282.39 T=290 d_init=94.1 d_final=0.0
 Retrying in 1 seconds
 Retrying in 1 seconds
[shaping_diag] success_cum_shaping=282.39 T=335 d_init=94.1 d_final=0.0
 Retrying in 1 seconds
[shaping_diag] success_cum_shaping=282.39 T=298 d_init=94.1 d_final=0.0
 Retrying in 1 seconds
[shaping_diag] success_cum_shaping=282.39 T=323 d_init=94.1 d_final=0.0
 Retrying in 1 seconds
[shaping_diag] success_cum_shaping=282.39 T=371 d_init=94.1 d_final=0.0
 Retrying in 1 seconds
[shaping_diag] success_cum_shaping=282.39 T=371 d_init=94.1 d_final=0.0
 Retrying in 1 seconds
[shaping_diag] success_cum_shaping=282.39 T=350 d_init=94.1 d_final=0.0
 Retrying in 1 seconds
[shaping_diag] success_cum_shaping=282.39 T=338 d_init=94.1 d_final=0.0
 Retrying in 1 seconds
[shaping_diag] success_cum_shaping=282.39 T=339 d_init=94.1 d_final=0.0
 Retrying in 1 seconds
[shaping_diag] success_cum_shaping=282.39 T=364 d_init=94.1 d_final=0.0
 Retrying in 1 seconds
[shaping_diag] success_cum_shaping=282.39 T=338 d_init=94.1 d_final=0.0
 Retrying in 1 seconds
[shaping_diag] success_cum_shaping=282.39 T=254 d_init=94.1 d_final=0.0
 Retrying in 1 seconds
 Retrying in 1 seconds
[shaping_diag] success_cum_shaping=282.39 T=310 d_init=94.1 d_final=0.0
 Retrying in 1 seconds
[shaping_diag] success_cum_shaping=282.39 T=353 d_init=94.1 d_final=0.0
 Retrying in 1 seconds
[shaping_diag] success_cum_shaping=282.39 T=300 d_init=94.1 d_final=0.0
 Retrying in 1 seconds
[shaping_diag] success_cum_shaping=282.39 T=417 d_init=94.1 d_final=0.0
 Retrying in 1 seconds
[shaping_diag] success_cum_shaping=282.39 T=260 d_init=94.1 d_final=0.0
 Retrying in 1 seconds
[shaping_diag] success_cum_shaping=282.39 T=312 d_init=94.1 d_final=0.0
 Retrying in 1 seconds
[shaping_diag] success_cum_shaping=282.39 T=323 d_init=94.1 d_final=0.0
 Retrying in 1 seconds
[shaping_diag] success_cum_shaping=282.39 T=327 d_init=94.1 d_final=0.0
 Retrying in 1 seconds
[shaping_diag] success_cum_shaping=282.39 T=317 d_init=94.1 d_final=0.0
 Retrying in 1 seconds
[shaping_diag] success_cum_shaping=282.39 T=343 d_init=94.1 d_final=0.0
 Retrying in 1 seconds
[shaping_diag] success_cum_shaping=282.39 T=336 d_init=94.1 d_final=0.0
 Retrying in 1 seconds
[shaping_diag] success_cum_shaping=282.39 T=302 d_init=94.1 d_final=0.0
 Retrying in 1 seconds
 Retrying in 1 seconds
[shaping_diag] success_cum_shaping=282.39 T=321 d_init=94.1 d_final=0.0
 Retrying in 1 seconds
[shaping_diag] success_cum_shaping=282.39 T=362 d_init=94.1 d_final=0.0
 Retrying in 1 seconds
[shaping_diag] success_cum_shaping=282.39 T=439 d_init=94.1 d_final=0.0
 Retrying in 1 seconds
[shaping_diag] success_cum_shaping=282.39 T=381 d_init=94.1 d_final=0.0
 Retrying in 1 seconds
[shaping_diag] success_cum_shaping=282.39 T=355 d_init=94.1 d_final=0.0
 Retrying in 1 seconds
[shaping_diag] success_cum_shaping=282.39 T=379 d_init=94.1 d_final=0.0
 Retrying in 1 seconds
[shaping_diag] success_cum_shaping=282.39 T=391 d_init=94.1 d_final=0.0
 Retrying in 1 seconds
[shaping_diag] success_cum_shaping=282.39 T=368 d_init=94.1 d_final=0.0
 Retrying in 1 seconds
[shaping_diag] success_cum_shaping=282.39 T=468 d_init=94.1 d_final=0.0
 Retrying in 1 seconds
[shaping_diag] success_cum_shaping=282.39 T=332 d_init=94.1 d_final=0.0
 Retrying in 1 seconds
 Retrying in 1 seconds
[shaping_diag] success_cum_shaping=282.39 T=204 d_init=94.1 d_final=0.0
 Retrying in 1 seconds
[shaping_diag] success_cum_shaping=282.39 T=222 d_init=94.1 d_final=0.0
 Retrying in 1 seconds
[shaping_diag] success_cum_shaping=282.39 T=227 d_init=94.1 d_final=0.0
 Retrying in 1 seconds
[shaping_diag] success_cum_shaping=282.39 T=196 d_init=94.1 d_final=0.0
 Retrying in 1 seconds
[shaping_diag] success_cum_shaping=282.39 T=210 d_init=94.1 d_final=0.0
 Retrying in 1 seconds
[shaping_diag] success_cum_shaping=282.39 T=199 d_init=94.1 d_final=0.0
 Retrying in 1 seconds
[shaping_diag] success_cum_shaping=282.39 T=214 d_init=94.1 d_final=0.0
 Retrying in 1 seconds
[shaping_diag] success_cum_shaping=282.39 T=133 d_init=94.1 d_final=0.0
 Retrying in 1 seconds
[shaping_diag] success_cum_shaping=282.39 T=217 d_init=94.1 d_final=0.0
 Retrying in 1 seconds
[shaping_diag] success_cum_shaping=282.39 T=223 d_init=94.1 d_final=0.0
[fusion_aux] step=45056 ret=400.93 coll=0 ttc=11.16 soft_res=42.4974 cbf_res=0.0000 align_kl=0.9735
 Retrying in 1 seconds
[shaping_diag] success_cum_shaping=282.39 T=333 d_init=94.1 d_final=0.0
 Retrying in 1 seconds
[shaping_diag] success_cum_shaping=282.39 T=368 d_init=94.1 d_final=0.0
 Retrying in 1 seconds
[shaping_diag] success_cum_shaping=282.39 T=391 d_init=94.1 d_final=0.0
 Retrying in 1 seconds
[shaping_diag] success_cum_shaping=282.39 T=362 d_init=94.1 d_final=0.0
 Retrying in 1 seconds
[shaping_diag] success_cum_shaping=282.39 T=315 d_init=94.1 d_final=0.0
 Retrying in 1 seconds
[shaping_diag] success_cum_shaping=282.39 T=311 d_init=94.1 d_final=0.0
 Retrying in 1 seconds
[shaping_diag] success_cum_shaping=282.39 T=310 d_init=94.1 d_final=0.0
 Retrying in 1 seconds
[shaping_diag] success_cum_shaping=282.39 T=323 d_init=94.1 d_final=0.0
 Retrying in 1 seconds
[shaping_diag] success_cum_shaping=282.39 T=353 d_init=94.1 d_final=0.0
 Retrying in 1 seconds
[shaping_diag] success_cum_shaping=282.39 T=362 d_init=94.1 d_final=0.0
 Retrying in 1 seconds
[shaping_diag] success_cum_shaping=282.39 T=366 d_init=94.1 d_final=0.0
 Retrying in 1 seconds
 Retrying in 1 seconds
[shaping_diag] success_cum_shaping=282.39 T=262 d_init=94.1 d_final=0.0
 Retrying in 1 seconds
[shaping_diag] success_cum_shaping=282.39 T=312 d_init=94.1 d_final=0.0
 Retrying in 1 seconds
[shaping_diag] success_cum_shaping=282.39 T=295 d_init=94.1 d_final=0.0
 Retrying in 1 seconds
[shaping_diag] success_cum_shaping=282.39 T=295 d_init=94.1 d_final=0.0
 Retrying in 1 seconds
[shaping_diag] success_cum_shaping=282.39 T=288 d_init=94.1 d_final=0.0
 Retrying in 1 seconds
[shaping_diag] success_cum_shaping=282.39 T=296 d_init=94.1 d_final=0.0
 Retrying in 1 seconds
[shaping_diag] success_cum_shaping=282.39 T=289 d_init=94.1 d_final=0.0
 Retrying in 1 seconds
[shaping_diag] success_cum_shaping=282.39 T=298 d_init=94.1 d_final=0.0
 Retrying in 1 seconds
[shaping_diag] success_cum_shaping=282.39 T=261 d_init=94.1 d_final=0.0
 Retrying in 1 seconds
[shaping_diag] success_cum_shaping=282.39 T=309 d_init=94.1 d_final=0.0
 Retrying in 1 seconds
[shaping_diag] success_cum_shaping=282.39 T=256 d_init=94.1 d_final=0.0
 Retrying in 1 seconds
[shaping_diag] success_cum_shaping=282.39 T=282 d_init=94.1 d_final=0.0
 Retrying in 1 seconds
[shaping_diag] success_cum_shaping=282.39 T=303 d_init=94.1 d_final=0.0
 Retrying in 1 seconds
[shaping_diag] success_cum_shaping=282.39 T=295 d_init=94.1 d_final=0.0
 Retrying in 1 seconds
 Retrying in 1 seconds
[shaping_diag] success_cum_shaping=282.39 T=247 d_init=94.1 d_final=0.0
 Retrying in 1 seconds
[shaping_diag] success_cum_shaping=282.39 T=273 d_init=94.1 d_final=0.0
 Retrying in 1 seconds
[shaping_diag] success_cum_shaping=282.39 T=280 d_init=94.1 d_final=0.0
 Retrying in 1 seconds
[shaping_diag] success_cum_shaping=282.39 T=258 d_init=94.1 d_final=0.0
 Retrying in 1 seconds
[shaping_diag] success_cum_shaping=282.39 T=267 d_init=94.1 d_final=0.0
 Retrying in 1 seconds
[shaping_diag] success_cum_shaping=282.39 T=263 d_init=94.1 d_final=0.0
 Retrying in 1 seconds
[shaping_diag] success_cum_shaping=282.39 T=277 d_init=94.1 d_final=0.0
 Retrying in 1 seconds
[shaping_diag] success_cum_shaping=282.39 T=250 d_init=94.1 d_final=0.0
 Retrying in 1 seconds
[shaping_diag] success_cum_shaping=282.39 T=263 d_init=94.1 d_final=0.0
 Retrying in 1 seconds
[shaping_diag] success_cum_shaping=282.39 T=297 d_init=94.1 d_final=0.0
 Retrying in 1 seconds
[shaping_diag] success_cum_shaping=282.39 T=296 d_init=94.1 d_final=0.0
 Retrying in 1 seconds
[shaping_diag] success_cum_shaping=282.39 T=273 d_init=94.1 d_final=0.0
 Retrying in 1 seconds
[shaping_diag] success_cum_shaping=282.39 T=262 d_init=94.1 d_final=0.0
 Retrying in 1 seconds
[shaping_diag] success_cum_shaping=282.39 T=260 d_init=94.1 d_final=0.0
 Retrying in 1 seconds
[shaping_diag] success_cum_shaping=282.39 T=288 d_init=94.1 d_final=0.0
 Retrying in 1 seconds
 Retrying in 1 seconds
[shaping_diag] success_cum_shaping=282.39 T=260 d_init=94.1 d_final=0.0
 Retrying in 1 seconds
[shaping_diag] success_cum_shaping=282.39 T=278 d_init=94.1 d_final=0.0
 Retrying in 1 seconds
[shaping_diag] success_cum_shaping=282.39 T=282 d_init=94.1 d_final=0.0
 Retrying in 1 seconds
[shaping_diag] success_cum_shaping=282.39 T=274 d_init=94.1 d_final=0.0
 Retrying in 1 seconds
[shaping_diag] success_cum_shaping=282.39 T=259 d_init=94.1 d_final=0.0
 Retrying in 1 seconds
[shaping_diag] success_cum_shaping=282.39 T=240 d_init=94.1 d_final=0.0
 Retrying in 1 seconds
[shaping_diag] success_cum_shaping=282.39 T=249 d_init=94.1 d_final=0.0
 Retrying in 1 seconds
[shaping_diag] success_cum_shaping=282.39 T=243 d_init=94.1 d_final=0.0
 Retrying in 1 seconds
[shaping_diag] success_cum_shaping=282.39 T=222 d_init=94.1 d_final=0.0
 Retrying in 1 seconds
[shaping_diag] success_cum_shaping=282.39 T=272 d_init=94.1 d_final=0.0
 Retrying in 1 seconds
[shaping_diag] success_cum_shaping=282.39 T=258 d_init=94.1 d_final=0.0
 Retrying in 1 seconds
[shaping_diag] success_cum_shaping=282.39 T=244 d_init=94.1 d_final=0.0
 Retrying in 1 seconds
[shaping_diag] success_cum_shaping=282.39 T=254 d_init=94.1 d_final=0.0
 Retrying in 1 seconds
[shaping_diag] success_cum_shaping=282.39 T=239 d_init=94.1 d_final=0.0
 Retrying in 1 seconds
[shaping_diag] success_cum_shaping=282.39 T=262 d_init=94.1 d_final=0.0
 Retrying in 1 seconds
 Retrying in 1 seconds
[shaping_diag] success_cum_shaping=282.39 T=238 d_init=94.1 d_final=0.0
 Retrying in 1 seconds
[shaping_diag] success_cum_shaping=282.39 T=256 d_init=94.1 d_final=0.0
 Retrying in 1 seconds
[shaping_diag] success_cum_shaping=282.39 T=241 d_init=94.1 d_final=0.0
 Retrying in 1 seconds
[shaping_diag] success_cum_shaping=282.39 T=246 d_init=94.1 d_final=0.0
 Retrying in 1 seconds
[shaping_diag] success_cum_shaping=282.39 T=279 d_init=94.1 d_final=0.0
 Retrying in 1 seconds
[shaping_diag] success_cum_shaping=282.39 T=242 d_init=94.1 d_final=0.0
 Retrying in 1 seconds
[shaping_diag] success_cum_shaping=282.39 T=260 d_init=94.1 d_final=0.0
 Retrying in 1 seconds
[shaping_diag] success_cum_shaping=282.39 T=236 d_init=94.1 d_final=0.0
 Retrying in 1 seconds
[shaping_diag] success_cum_shaping=282.39 T=254 d_init=94.1 d_final=0.0
 Retrying in 1 seconds
[shaping_diag] success_cum_shaping=282.39 T=263 d_init=94.1 d_final=0.0
 Retrying in 1 seconds
[shaping_diag] success_cum_shaping=282.39 T=254 d_init=94.1 d_final=0.0
 Retrying in 1 seconds
[shaping_diag] success_cum_shaping=282.39 T=277 d_init=94.1 d_final=0.0
 Retrying in 1 seconds
[shaping_diag] success_cum_shaping=282.39 T=246 d_init=94.1 d_final=0.0
 Retrying in 1 seconds
[shaping_diag] success_cum_shaping=282.39 T=226 d_init=94.1 d_final=0.0
 Retrying in 1 seconds
[shaping_diag] success_cum_shaping=282.39 T=251 d_init=94.1 d_final=0.0
 Retrying in 1 seconds
[shaping_diag] success_cum_shaping=282.39 T=261 d_init=94.1 d_final=0.0
 Retrying in 1 seconds
 Retrying in 1 seconds
[shaping_diag] success_cum_shaping=282.39 T=290 d_init=94.1 d_final=0.0
 Retrying in 1 seconds
[shaping_diag] success_cum_shaping=282.39 T=304 d_init=94.1 d_final=0.0
 Retrying in 1 seconds
[shaping_diag] success_cum_shaping=282.39 T=247 d_init=94.1 d_final=0.0
 Retrying in 1 seconds
[shaping_diag] success_cum_shaping=282.39 T=244 d_init=94.1 d_final=0.0
 Retrying in 1 seconds
[shaping_diag] success_cum_shaping=282.39 T=241 d_init=94.1 d_final=0.0
 Retrying in 1 seconds
[shaping_diag] success_cum_shaping=282.39 T=253 d_init=94.1 d_final=0.0
 Retrying in 1 seconds
[shaping_diag] success_cum_shaping=282.39 T=274 d_init=94.1 d_final=0.0
 Retrying in 1 seconds
[shaping_diag] success_cum_shaping=282.39 T=250 d_init=94.1 d_final=0.0
 Retrying in 1 seconds
[shaping_diag] success_cum_shaping=282.39 T=251 d_init=94.1 d_final=0.0
 Retrying in 1 seconds
[shaping_diag] success_cum_shaping=282.39 T=243 d_init=94.1 d_final=0.0
 Retrying in 1 seconds
[shaping_diag] success_cum_shaping=282.39 T=265 d_init=94.1 d_final=0.0
 Retrying in 1 seconds
[shaping_diag] success_cum_shaping=282.39 T=256 d_init=94.1 d_final=0.0
 Retrying in 1 seconds
[shaping_diag] success_cum_shaping=282.39 T=256 d_init=94.1 d_final=0.0
 Retrying in 1 seconds
[shaping_diag] success_cum_shaping=282.39 T=244 d_init=94.1 d_final=0.0
 Retrying in 1 seconds
[shaping_diag] success_cum_shaping=282.39 T=260 d_init=94.1 d_final=0.0
 Retrying in 1 seconds
 Retrying in 1 seconds
[shaping_diag] success_cum_shaping=282.39 T=257 d_init=94.1 d_final=0.0
 Retrying in 1 seconds
[shaping_diag] success_cum_shaping=282.39 T=224 d_init=94.1 d_final=0.0
 Retrying in 1 seconds
[shaping_diag] success_cum_shaping=282.39 T=241 d_init=94.1 d_final=0.0
 Retrying in 1 seconds
[shaping_diag] success_cum_shaping=282.39 T=237 d_init=94.1 d_final=0.0
 Retrying in 1 seconds
[shaping_diag] success_cum_shaping=282.39 T=261 d_init=94.1 d_final=0.0
 Retrying in 1 seconds
[shaping_diag] success_cum_shaping=282.39 T=244 d_init=94.1 d_final=0.0
 Retrying in 1 seconds
[shaping_diag] success_cum_shaping=282.39 T=247 d_init=94.1 d_final=0.0
 Retrying in 1 seconds
[shaping_diag] success_cum_shaping=282.39 T=238 d_init=94.1 d_final=0.0
 Retrying in 1 seconds
[shaping_diag] success_cum_shaping=282.39 T=261 d_init=94.1 d_final=0.0
 Retrying in 1 seconds
[shaping_diag] success_cum_shaping=282.39 T=238 d_init=94.1 d_final=0.0
 Retrying in 1 seconds
[shaping_diag] success_cum_shaping=282.39 T=246 d_init=94.1 d_final=0.0
 Retrying in 1 seconds
[shaping_diag] success_cum_shaping=282.39 T=224 d_init=94.1 d_final=0.0
 Retrying in 1 seconds
[shaping_diag] success_cum_shaping=282.39 T=252 d_init=94.1 d_final=0.0
 Retrying in 1 seconds
[shaping_diag] success_cum_shaping=282.39 T=249 d_init=94.1 d_final=0.0
 Retrying in 1 seconds
[shaping_diag] success_cum_shaping=282.39 T=243 d_init=94.1 d_final=0.0
 Retrying in 1 seconds
[shaping_diag] success_cum_shaping=282.39 T=269 d_init=94.1 d_final=0.0
 Retrying in 1 seconds
 Retrying in 1 seconds
[shaping_diag] success_cum_shaping=282.39 T=223 d_init=94.1 d_final=0.0
 Retrying in 1 seconds
[shaping_diag] success_cum_shaping=282.39 T=265 d_init=94.1 d_final=0.0
 Retrying in 1 seconds
[shaping_diag] success_cum_shaping=282.39 T=251 d_init=94.1 d_final=0.0
 Retrying in 1 seconds
[shaping_diag] success_cum_shaping=282.39 T=255 d_init=94.1 d_final=0.0
 Retrying in 1 seconds
[shaping_diag] success_cum_shaping=282.39 T=263 d_init=94.1 d_final=0.0
 Retrying in 1 seconds
[shaping_diag] success_cum_shaping=282.39 T=276 d_init=94.1 d_final=0.0
 Retrying in 1 seconds
[shaping_diag] success_cum_shaping=282.39 T=258 d_init=94.1 d_final=0.0
 Retrying in 1 seconds
[shaping_diag] success_cum_shaping=282.39 T=272 d_init=94.1 d_final=0.0
 Retrying in 1 seconds
[shaping_diag] success_cum_shaping=282.39 T=240 d_init=94.1 d_final=0.0
 Retrying in 1 seconds
[shaping_diag] success_cum_shaping=282.39 T=249 d_init=94.1 d_final=0.0
 Retrying in 1 seconds
[shaping_diag] success_cum_shaping=282.39 T=253 d_init=94.1 d_final=0.0
 Retrying in 1 seconds
[shaping_diag] success_cum_shaping=282.39 T=253 d_init=94.1 d_final=0.0
 Retrying in 1 seconds
[shaping_diag] success_cum_shaping=282.39 T=213 d_init=94.1 d_final=0.0
 Retrying in 1 seconds
[shaping_diag] success_cum_shaping=282.39 T=267 d_init=94.1 d_final=0.0
 Retrying in 1 seconds
[shaping_diag] success_cum_shaping=282.39 T=261 d_init=94.1 d_final=0.0
 Retrying in 1 seconds
[shaping_diag] success_cum_shaping=282.39 T=226 d_init=94.1 d_final=0.0
 Retrying in 1 seconds
 Retrying in 1 seconds
[shaping_diag] success_cum_shaping=282.39 T=240 d_init=94.1 d_final=0.0
 Retrying in 1 seconds
[shaping_diag] success_cum_shaping=282.39 T=217 d_init=94.1 d_final=0.0
 Retrying in 1 seconds
[shaping_diag] success_cum_shaping=282.39 T=225 d_init=94.1 d_final=0.0
 Retrying in 1 seconds
[shaping_diag] success_cum_shaping=282.39 T=263 d_init=94.1 d_final=0.0
 Retrying in 1 seconds
[shaping_diag] success_cum_shaping=282.39 T=231 d_init=94.1 d_final=0.0
 Retrying in 1 seconds
[shaping_diag] success_cum_shaping=282.39 T=225 d_init=94.1 d_final=0.0
 Retrying in 1 seconds
[shaping_diag] success_cum_shaping=282.39 T=230 d_init=94.1 d_final=0.0
 Retrying in 1 seconds
[shaping_diag] success_cum_shaping=282.39 T=209 d_init=94.1 d_final=0.0
 Retrying in 1 seconds
[shaping_diag] success_cum_shaping=282.39 T=242 d_init=94.1 d_final=0.0
 Retrying in 1 seconds
[shaping_diag] success_cum_shaping=282.39 T=225 d_init=94.1 d_final=0.0
 Retrying in 1 seconds
[shaping_diag] success_cum_shaping=282.39 T=234 d_init=94.1 d_final=0.0
 Retrying in 1 seconds
[shaping_diag] success_cum_shaping=282.39 T=227 d_init=94.1 d_final=0.0
 Retrying in 1 seconds
[shaping_diag] success_cum_shaping=282.39 T=272 d_init=94.1 d_final=0.0
 Retrying in 1 seconds
[shaping_diag] success_cum_shaping=282.39 T=237 d_init=94.1 d_final=0.0
 Retrying in 1 seconds
[shaping_diag] success_cum_shaping=282.39 T=211 d_init=94.1 d_final=0.0
 Retrying in 1 seconds
[shaping_diag] success_cum_shaping=282.39 T=227 d_init=94.1 d_final=0.0
 Retrying in 1 seconds
[shaping_diag] success_cum_shaping=282.39 T=246 d_init=94.1 d_final=0.0
 Retrying in 1 seconds
 Retrying in 1 seconds
[shaping_diag] success_cum_shaping=282.39 T=216 d_init=94.1 d_final=0.0
 Retrying in 1 seconds
[shaping_diag] success_cum_shaping=282.39 T=237 d_init=94.1 d_final=0.0
 Retrying in 1 seconds
[shaping_diag] success_cum_shaping=282.39 T=243 d_init=94.1 d_final=0.0
 Retrying in 1 seconds
[shaping_diag] success_cum_shaping=282.39 T=194 d_init=94.1 d_final=0.0
 Retrying in 1 seconds
[shaping_diag] success_cum_shaping=282.39 T=254 d_init=94.1 d_final=0.0
 Retrying in 1 seconds
[shaping_diag] success_cum_shaping=282.39 T=243 d_init=94.1 d_final=0.0
 Retrying in 1 seconds
[shaping_diag] success_cum_shaping=282.39 T=266 d_init=94.1 d_final=0.0
 Retrying in 1 seconds
[shaping_diag] success_cum_shaping=282.39 T=214 d_init=94.1 d_final=0.0
 Retrying in 1 seconds
[shaping_diag] success_cum_shaping=282.39 T=204 d_init=94.1 d_final=0.0
 Retrying in 1 seconds
[shaping_diag] success_cum_shaping=282.39 T=217 d_init=94.1 d_final=0.0
 Retrying in 1 seconds
[shaping_diag] success_cum_shaping=282.39 T=242 d_init=94.1 d_final=0.0
 Retrying in 1 seconds
[shaping_diag] success_cum_shaping=282.39 T=255 d_init=94.1 d_final=0.0
 Retrying in 1 seconds
[shaping_diag] success_cum_shaping=282.39 T=229 d_init=94.1 d_final=0.0
 Retrying in 1 seconds
[shaping_diag] success_cum_shaping=282.39 T=232 d_init=94.1 d_final=0.0
 Retrying in 1 seconds
[shaping_diag] success_cum_shaping=282.39 T=244 d_init=94.1 d_final=0.0
 Retrying in 1 seconds
[shaping_diag] success_cum_shaping=282.39 T=273 d_init=94.1 d_final=0.0
 Retrying in 1 seconds
[shaping_diag] success_cum_shaping=282.39 T=246 d_init=94.1 d_final=0.0
 Retrying in 1 seconds
 Retrying in 1 seconds
[shaping_diag] success_cum_shaping=282.39 T=117 d_init=94.1 d_final=0.0
 Retrying in 1 seconds
[shaping_diag] success_cum_shaping=282.39 T=134 d_init=94.1 d_final=0.0
 Retrying in 1 seconds
[shaping_diag] success_cum_shaping=282.39 T=120 d_init=94.1 d_final=0.0
 Retrying in 1 seconds
[shaping_diag] success_cum_shaping=282.39 T=117 d_init=94.1 d_final=0.0
 Retrying in 1 seconds
[shaping_diag] success_cum_shaping=282.39 T=187 d_init=94.1 d_final=0.0
 Retrying in 1 seconds
[shaping_diag] success_cum_shaping=282.39 T=117 d_init=94.1 d_final=0.0
 Retrying in 1 seconds
[shaping_diag] success_cum_shaping=282.39 T=113 d_init=94.1 d_final=0.0
 Retrying in 1 seconds
[shaping_diag] success_cum_shaping=282.39 T=111 d_init=94.1 d_final=0.0
 Retrying in 1 seconds
[shaping_diag] success_cum_shaping=282.39 T=119 d_init=94.1 d_final=0.0
 Retrying in 1 seconds
[shaping_diag] success_cum_shaping=282.39 T=119 d_init=94.1 d_final=0.0
[fusion_aux] step=86016 ret=402.99 coll=0 ttc=40.54 soft_res=2.4774 cbf_res=0.0000 align_kl=0.6080
 Retrying in 1 seconds
[shaping_diag] success_cum_shaping=282.39 T=228 d_init=94.1 d_final=0.0
 Retrying in 1 seconds
[shaping_diag] success_cum_shaping=282.39 T=223 d_init=94.1 d_final=0.0
 Retrying in 1 seconds
[shaping_diag] success_cum_shaping=282.39 T=224 d_init=94.1 d_final=0.0
 Retrying in 1 seconds
[shaping_diag] success_cum_shaping=282.39 T=230 d_init=94.1 d_final=0.0
 Retrying in 1 seconds
[shaping_diag] success_cum_shaping=282.39 T=190 d_init=94.1 d_final=0.0
 Retrying in 1 seconds
[shaping_diag] success_cum_shaping=282.39 T=265 d_init=94.1 d_final=0.0
 Retrying in 1 seconds
[shaping_diag] success_cum_shaping=282.39 T=184 d_init=94.1 d_final=0.0
 Retrying in 1 seconds
[shaping_diag] success_cum_shaping=282.39 T=213 d_init=94.1 d_final=0.0
 Retrying in 1 seconds
[shaping_diag] success_cum_shaping=282.39 T=230 d_init=94.1 d_final=0.0
 Retrying in 1 seconds
[shaping_diag] success_cum_shaping=282.39 T=221 d_init=94.1 d_final=0.0
 Retrying in 1 seconds
[shaping_diag] success_cum_shaping=282.39 T=256 d_init=94.1 d_final=0.0
 Retrying in 1 seconds
[shaping_diag] success_cum_shaping=282.39 T=255 d_init=94.1 d_final=0.0
 Retrying in 1 seconds
[shaping_diag] success_cum_shaping=282.39 T=242 d_init=94.1 d_final=0.0
 Retrying in 1 seconds
[shaping_diag] success_cum_shaping=282.39 T=226 d_init=94.1 d_final=0.0
 Retrying in 1 seconds
[shaping_diag] success_cum_shaping=282.39 T=250 d_init=94.1 d_final=0.0
 Retrying in 1 seconds
[shaping_diag] success_cum_shaping=282.39 T=243 d_init=94.1 d_final=0.0
 Retrying in 1 seconds
[shaping_diag] success_cum_shaping=282.39 T=229 d_init=94.1 d_final=0.0
 Retrying in 1 seconds
 Retrying in 1 seconds
[shaping_diag] success_cum_shaping=282.39 T=233 d_init=94.1 d_final=0.0
 Retrying in 1 seconds
[shaping_diag] success_cum_shaping=282.39 T=158 d_init=94.1 d_final=0.0
 Retrying in 1 seconds
[shaping_diag] success_cum_shaping=282.39 T=230 d_init=94.1 d_final=0.0
 Retrying in 1 seconds
[shaping_diag] success_cum_shaping=282.39 T=227 d_init=94.1 d_final=0.0
 Retrying in 1 seconds
[shaping_diag] success_cum_shaping=282.39 T=210 d_init=94.1 d_final=0.0
 Retrying in 1 seconds
[shaping_diag] success_cum_shaping=282.39 T=250 d_init=94.1 d_final=0.0
 Retrying in 1 seconds
[shaping_diag] success_cum_shaping=282.39 T=225 d_init=94.1 d_final=0.0
 Retrying in 1 seconds
[shaping_diag] success_cum_shaping=282.39 T=234 d_init=94.1 d_final=0.0
 Retrying in 1 seconds
[shaping_diag] success_cum_shaping=282.39 T=244 d_init=94.1 d_final=0.0
 Retrying in 1 seconds
[shaping_diag] success_cum_shaping=282.39 T=241 d_init=94.1 d_final=0.0
 Retrying in 1 seconds
[shaping_diag] success_cum_shaping=282.39 T=213 d_init=94.1 d_final=0.0
 Retrying in 1 seconds
[shaping_diag] success_cum_shaping=282.39 T=251 d_init=94.1 d_final=0.0
 Retrying in 1 seconds
[shaping_diag] success_cum_shaping=282.39 T=226 d_init=94.1 d_final=0.0
 Retrying in 1 seconds
[shaping_diag] success_cum_shaping=282.39 T=213 d_init=94.1 d_final=0.0
 Retrying in 1 seconds
[shaping_diag] success_cum_shaping=282.39 T=228 d_init=94.1 d_final=0.0
 Retrying in 1 seconds
[shaping_diag] success_cum_shaping=282.39 T=205 d_init=94.1 d_final=0.0
 Retrying in 1 seconds
[shaping_diag] success_cum_shaping=282.39 T=264 d_init=94.1 d_final=0.0
 Retrying in 1 seconds
[shaping_diag] success_cum_shaping=282.39 T=218 d_init=94.1 d_final=0.0
 Retrying in 1 seconds
 Retrying in 1 seconds
[shaping_diag] success_cum_shaping=282.39 T=225 d_init=94.1 d_final=0.0
 Retrying in 1 seconds
[shaping_diag] success_cum_shaping=282.39 T=227 d_init=94.1 d_final=0.0
 Retrying in 1 seconds
[shaping_diag] success_cum_shaping=282.39 T=241 d_init=94.1 d_final=0.0
 Retrying in 1 seconds
[shaping_diag] success_cum_shaping=282.39 T=188 d_init=94.1 d_final=0.0
 Retrying in 1 seconds
[shaping_diag] success_cum_shaping=282.39 T=221 d_init=94.1 d_final=0.0
 Retrying in 1 seconds
[shaping_diag] success_cum_shaping=282.39 T=157 d_init=94.1 d_final=0.0
Warning: Vehicle 'other2' performs emergency braking on lane ':center_8_0' with decel=9.00, wished=4.00, severity=1.00, time=12.20.
 Retrying in 1 seconds
 Retrying in 1 seconds
[shaping_diag] success_cum_shaping=282.39 T=168 d_init=94.1 d_final=0.0
 Retrying in 1 seconds
[shaping_diag] success_cum_shaping=282.39 T=156 d_init=94.1 d_final=0.0
 Retrying in 1 seconds
[shaping_diag] success_cum_shaping=282.39 T=156 d_init=94.1 d_final=0.0
 Retrying in 1 seconds
[shaping_diag] success_cum_shaping=282.39 T=239 d_init=94.1 d_final=0.0
 Retrying in 1 seconds
[shaping_diag] success_cum_shaping=282.39 T=214 d_init=94.1 d_final=0.0
 Retrying in 1 seconds
[shaping_diag] success_cum_shaping=282.39 T=226 d_init=94.1 d_final=0.0
 Retrying in 1 seconds
[shaping_diag] success_cum_shaping=282.39 T=138 d_init=94.1 d_final=0.0
 Retrying in 1 seconds
[shaping_diag] success_cum_shaping=282.39 T=193 d_init=94.1 d_final=0.0
 Retrying in 1 seconds
[shaping_diag] success_cum_shaping=282.39 T=233 d_init=94.1 d_final=0.0
 Retrying in 1 seconds
[shaping_diag] success_cum_shaping=282.39 T=178 d_init=94.1 d_final=0.0
 Retrying in 1 seconds
[shaping_diag] success_cum_shaping=282.39 T=218 d_init=94.1 d_final=0.0
 Retrying in 1 seconds
[shaping_diag] success_cum_shaping=282.39 T=200 d_init=94.1 d_final=0.0
 Retrying in 1 seconds
[shaping_diag] success_cum_shaping=282.39 T=239 d_init=94.1 d_final=0.0
 Retrying in 1 seconds
 Retrying in 1 seconds
[shaping_diag] success_cum_shaping=282.39 T=230 d_init=94.1 d_final=0.0
 Retrying in 1 seconds
[shaping_diag] success_cum_shaping=282.39 T=202 d_init=94.1 d_final=0.0
 Retrying in 1 seconds
[shaping_diag] success_cum_shaping=282.39 T=242 d_init=94.1 d_final=0.0
 Retrying in 1 seconds
[shaping_diag] success_cum_shaping=282.39 T=161 d_init=94.1 d_final=0.0
 Retrying in 1 seconds
[shaping_diag] success_cum_shaping=282.39 T=264 d_init=94.1 d_final=0.0
 Retrying in 1 seconds
[shaping_diag] success_cum_shaping=282.39 T=297 d_init=94.1 d_final=0.0
 Retrying in 1 seconds
[shaping_diag] success_cum_shaping=282.39 T=268 d_init=94.1 d_final=0.0
 Retrying in 1 seconds
[shaping_diag] success_cum_shaping=282.39 T=150 d_init=94.1 d_final=0.0
 Retrying in 1 seconds
[shaping_diag] success_cum_shaping=282.39 T=229 d_init=94.1 d_final=0.0
 Retrying in 1 seconds
[shaping_diag] success_cum_shaping=282.39 T=215 d_init=94.1 d_final=0.0
 Retrying in 1 seconds
[shaping_diag] success_cum_shaping=282.39 T=218 d_init=94.1 d_final=0.0
 Retrying in 1 seconds
[shaping_diag] success_cum_shaping=282.39 T=269 d_init=94.1 d_final=0.0
 Retrying in 1 seconds
[shaping_diag] success_cum_shaping=282.39 T=250 d_init=94.1 d_final=0.0
 Retrying in 1 seconds
[shaping_diag] success_cum_shaping=282.39 T=258 d_init=94.1 d_final=0.0
 Retrying in 1 seconds
[shaping_diag] success_cum_shaping=282.39 T=234 d_init=94.1 d_final=0.0
 Retrying in 1 seconds
[shaping_diag] success_cum_shaping=282.39 T=215 d_init=94.1 d_final=0.0
 Retrying in 1 seconds
[shaping_diag] success_cum_shaping=282.39 T=243 d_init=94.1 d_final=0.0
 Retrying in 1 seconds
 Retrying in 1 seconds
[shaping_diag] success_cum_shaping=282.39 T=218 d_init=94.1 d_final=0.0
 Retrying in 1 seconds
[shaping_diag] success_cum_shaping=282.39 T=240 d_init=94.1 d_final=0.0
 Retrying in 1 seconds
[shaping_diag] success_cum_shaping=282.39 T=225 d_init=94.1 d_final=0.0
 Retrying in 1 seconds
[shaping_diag] success_cum_shaping=282.39 T=212 d_init=94.1 d_final=0.0
 Retrying in 1 seconds
[shaping_diag] success_cum_shaping=282.39 T=211 d_init=94.1 d_final=0.0
 Retrying in 1 seconds
[shaping_diag] success_cum_shaping=282.39 T=227 d_init=94.1 d_final=0.0
 Retrying in 1 seconds
[shaping_diag] success_cum_shaping=282.39 T=264 d_init=94.1 d_final=0.0
 Retrying in 1 seconds
[shaping_diag] success_cum_shaping=282.39 T=269 d_init=94.1 d_final=0.0
 Retrying in 1 seconds
[shaping_diag] success_cum_shaping=282.39 T=235 d_init=94.1 d_final=0.0
 Retrying in 1 seconds
[shaping_diag] success_cum_shaping=282.39 T=152 d_init=94.1 d_final=0.0
 Retrying in 1 seconds
[shaping_diag] success_cum_shaping=282.39 T=208 d_init=94.1 d_final=0.0
 Retrying in 1 seconds
[shaping_diag] success_cum_shaping=282.39 T=242 d_init=94.1 d_final=0.0
 Retrying in 1 seconds
[shaping_diag] success_cum_shaping=282.39 T=271 d_init=94.1 d_final=0.0
 Retrying in 1 seconds
[shaping_diag] success_cum_shaping=282.39 T=161 d_init=94.1 d_final=0.0
 Retrying in 1 seconds
[shaping_diag] success_cum_shaping=282.39 T=234 d_init=94.1 d_final=0.0
 Retrying in 1 seconds
[shaping_diag] success_cum_shaping=282.39 T=148 d_init=94.1 d_final=0.0
 Retrying in 1 seconds
[shaping_diag] success_cum_shaping=282.39 T=254 d_init=94.1 d_final=0.0
 Retrying in 1 seconds
[shaping_diag] success_cum_shaping=282.39 T=151 d_init=94.1 d_final=0.0
 Retrying in 1 seconds
 Retrying in 1 seconds
[shaping_diag] success_cum_shaping=282.39 T=255 d_init=94.1 d_final=0.0
 Retrying in 1 seconds
[shaping_diag] success_cum_shaping=282.39 T=255 d_init=94.1 d_final=0.0
 Retrying in 1 seconds
[shaping_diag] success_cum_shaping=282.39 T=202 d_init=94.1 d_final=0.0
 Retrying in 1 seconds
[shaping_diag] success_cum_shaping=282.39 T=230 d_init=94.1 d_final=0.0
 Retrying in 1 seconds
[shaping_diag] success_cum_shaping=282.39 T=263 d_init=94.1 d_final=0.0
 Retrying in 1 seconds
[shaping_diag] success_cum_shaping=282.39 T=243 d_init=94.1 d_final=0.0
 Retrying in 1 seconds
[shaping_diag] success_cum_shaping=282.39 T=152 d_init=94.1 d_final=0.0
 Retrying in 1 seconds
[shaping_diag] success_cum_shaping=282.39 T=217 d_init=94.1 d_final=0.0
 Retrying in 1 seconds
[shaping_diag] success_cum_shaping=282.39 T=141 d_init=94.1 d_final=0.0
 Retrying in 1 seconds
[shaping_diag] success_cum_shaping=282.39 T=172 d_init=94.1 d_final=0.0
 Retrying in 1 seconds
[shaping_diag] success_cum_shaping=282.39 T=268 d_init=94.1 d_final=0.0
 Retrying in 1 seconds
[shaping_diag] success_cum_shaping=282.39 T=214 d_init=94.1 d_final=0.0
 Retrying in 1 seconds
[shaping_diag] success_cum_shaping=282.39 T=207 d_init=94.1 d_final=0.0
 Retrying in 1 seconds
[shaping_diag] success_cum_shaping=282.39 T=231 d_init=94.1 d_final=0.0
 Retrying in 1 seconds
[shaping_diag] success_cum_shaping=282.39 T=265 d_init=94.1 d_final=0.0
Warning: Vehicle 'ego'; junction collision with vehicle 'other2', lane=':center_4_0', gap=-1.00, time=12.40 stage=move.
 Retrying in 1 seconds
 Retrying in 1 seconds
[shaping_diag] success_cum_shaping=282.39 T=248 d_init=94.1 d_final=0.0
 Retrying in 1 seconds
[shaping_diag] success_cum_shaping=282.39 T=256 d_init=94.1 d_final=0.0
 Retrying in 1 seconds
 Retrying in 1 seconds
[shaping_diag] success_cum_shaping=282.39 T=275 d_init=94.1 d_final=0.0
 Retrying in 1 seconds
[shaping_diag] success_cum_shaping=282.39 T=177 d_init=94.1 d_final=0.0
 Retrying in 1 seconds
[shaping_diag] success_cum_shaping=282.39 T=263 d_init=94.1 d_final=0.0
 Retrying in 1 seconds
[shaping_diag] success_cum_shaping=282.39 T=259 d_init=94.1 d_final=0.0
 Retrying in 1 seconds
[shaping_diag] success_cum_shaping=282.39 T=216 d_init=94.1 d_final=0.0
 Retrying in 1 seconds
[shaping_diag] success_cum_shaping=282.39 T=225 d_init=94.1 d_final=0.0
 Retrying in 1 seconds
[shaping_diag] success_cum_shaping=282.39 T=140 d_init=94.1 d_final=0.0
 Retrying in 1 seconds
[shaping_diag] success_cum_shaping=282.39 T=195 d_init=94.1 d_final=0.0
 Retrying in 1 seconds
[shaping_diag] success_cum_shaping=282.39 T=213 d_init=94.1 d_final=0.0
 Retrying in 1 seconds
[shaping_diag] success_cum_shaping=282.39 T=240 d_init=94.1 d_final=0.0
 Retrying in 1 seconds
[shaping_diag] success_cum_shaping=282.39 T=259 d_init=94.1 d_final=0.0
 Retrying in 1 seconds
[shaping_diag] success_cum_shaping=282.39 T=157 d_init=94.1 d_final=0.0
 Retrying in 1 seconds
[shaping_diag] success_cum_shaping=282.39 T=145 d_init=94.1 d_final=0.0
 Retrying in 1 seconds
[shaping_diag] success_cum_shaping=282.39 T=228 d_init=94.1 d_final=0.0
 Retrying in 1 seconds
[shaping_diag] success_cum_shaping=282.39 T=214 d_init=94.1 d_final=0.0
Warning: Vehicle 'ego'; collision with vehicle 'other', lane='right_out_0', gap=-0.73, time=10.30 stage=move.
 Retrying in 1 seconds
 Retrying in 1 seconds
[shaping_diag] success_cum_shaping=282.39 T=150 d_init=94.1 d_final=0.0
 Retrying in 1 seconds
[shaping_diag] success_cum_shaping=282.39 T=253 d_init=94.1 d_final=0.0
 Retrying in 1 seconds
[shaping_diag] success_cum_shaping=282.39 T=263 d_init=94.1 d_final=0.0
 Retrying in 1 seconds
 Retrying in 1 seconds
[shaping_diag] success_cum_shaping=282.39 T=288 d_init=94.1 d_final=0.0
 Retrying in 1 seconds
[shaping_diag] success_cum_shaping=282.39 T=251 d_init=94.1 d_final=0.0
 Retrying in 1 seconds
[shaping_diag] success_cum_shaping=282.39 T=233 d_init=94.1 d_final=0.0
 Retrying in 1 seconds
[shaping_diag] success_cum_shaping=282.39 T=261 d_init=94.1 d_final=0.0
 Retrying in 1 seconds
[shaping_diag] success_cum_shaping=282.39 T=239 d_init=94.1 d_final=0.0
 Retrying in 1 seconds
[shaping_diag] success_cum_shaping=282.39 T=160 d_init=94.1 d_final=0.0
 Retrying in 1 seconds
[shaping_diag] success_cum_shaping=282.39 T=262 d_init=94.1 d_final=0.0
 Retrying in 1 seconds
[shaping_diag] success_cum_shaping=282.39 T=140 d_init=94.1 d_final=0.0
 Retrying in 1 seconds
[shaping_diag] success_cum_shaping=282.39 T=259 d_init=94.1 d_final=0.0
Warning: Vehicle 'ego'; collision with vehicle 'other', lane='right_out_0', gap=-0.39, time=11.00 stage=move.
 Retrying in 1 seconds
 Retrying in 1 seconds
[shaping_diag] success_cum_shaping=282.39 T=142 d_init=94.1 d_final=0.0
 Retrying in 1 seconds
[shaping_diag] success_cum_shaping=282.39 T=248 d_init=94.1 d_final=0.0
 Retrying in 1 seconds
[shaping_diag] success_cum_shaping=282.39 T=133 d_init=94.1 d_final=0.0
 Retrying in 1 seconds
[shaping_diag] success_cum_shaping=282.39 T=254 d_init=94.1 d_final=0.0
 Retrying in 1 seconds
[shaping_diag] success_cum_shaping=282.39 T=155 d_init=94.1 d_final=0.0
 Retrying in 1 seconds
[shaping_diag] success_cum_shaping=282.39 T=133 d_init=94.1 d_final=0.0
 Retrying in 1 seconds
[shaping_diag] success_cum_shaping=282.39 T=257 d_init=94.1 d_final=0.0
 Retrying in 1 seconds
[shaping_diag] success_cum_shaping=282.39 T=235 d_init=94.1 d_final=0.0
 Retrying in 1 seconds
[shaping_diag] success_cum_shaping=282.39 T=199 d_init=94.1 d_final=0.0
 Retrying in 1 seconds
 Retrying in 1 seconds
[shaping_diag] success_cum_shaping=282.39 T=243 d_init=94.1 d_final=0.0
 Retrying in 1 seconds
[shaping_diag] success_cum_shaping=282.39 T=224 d_init=94.1 d_final=0.0
 Retrying in 1 seconds
[shaping_diag] success_cum_shaping=282.39 T=239 d_init=94.1 d_final=0.0
 Retrying in 1 seconds
[shaping_diag] success_cum_shaping=282.39 T=249 d_init=94.1 d_final=0.0
 Retrying in 1 seconds
[shaping_diag] success_cum_shaping=282.39 T=229 d_init=94.1 d_final=0.0
 Retrying in 1 seconds
[shaping_diag] success_cum_shaping=282.39 T=230 d_init=94.1 d_final=0.0
 Retrying in 1 seconds
[shaping_diag] success_cum_shaping=282.39 T=238 d_init=94.1 d_final=0.0
 Retrying in 1 seconds
[shaping_diag] success_cum_shaping=282.39 T=218 d_init=94.1 d_final=0.0
 Retrying in 1 seconds
[shaping_diag] success_cum_shaping=282.39 T=238 d_init=94.1 d_final=0.0
 Retrying in 1 seconds
[shaping_diag] success_cum_shaping=282.39 T=261 d_init=94.1 d_final=0.0
 Retrying in 1 seconds
[shaping_diag] success_cum_shaping=282.39 T=240 d_init=94.1 d_final=0.0
 Retrying in 1 seconds
 Retrying in 1 seconds
[shaping_diag] success_cum_shaping=282.39 T=230 d_init=94.1 d_final=0.0
Warning: Vehicle 'other2' performs emergency braking on lane ':center_8_0' with decel=9.00, wished=6.00, severity=1.00, time=10.80.
 Retrying in 1 seconds
[shaping_diag] success_cum_shaping=282.39 T=153 d_init=94.1 d_final=0.0
 Retrying in 1 seconds
[shaping_diag] success_cum_shaping=282.39 T=245 d_init=94.1 d_final=0.0
 Retrying in 1 seconds
[shaping_diag] success_cum_shaping=282.39 T=239 d_init=94.1 d_final=0.0
 Retrying in 1 seconds
[shaping_diag] success_cum_shaping=282.39 T=189 d_init=94.1 d_final=0.0
 Retrying in 1 seconds
[shaping_diag] success_cum_shaping=282.39 T=232 d_init=94.1 d_final=0.0
 Retrying in 1 seconds
 Retrying in 1 seconds
[shaping_diag] success_cum_shaping=282.39 T=236 d_init=94.1 d_final=0.0
 Retrying in 1 seconds
[shaping_diag] success_cum_shaping=282.39 T=259 d_init=94.1 d_final=0.0
 Retrying in 1 seconds
[shaping_diag] success_cum_shaping=282.39 T=247 d_init=94.1 d_final=0.0
 Retrying in 1 seconds
[shaping_diag] success_cum_shaping=282.39 T=256 d_init=94.1 d_final=0.0
Warning: Vehicle 'ego'; collision with vehicle 'other', lane='right_out_0', gap=-0.09, time=13.20 stage=move.
 Retrying in 1 seconds
 Retrying in 1 seconds
[shaping_diag] success_cum_shaping=282.39 T=212 d_init=94.1 d_final=0.0
 Retrying in 1 seconds
[shaping_diag] success_cum_shaping=282.39 T=161 d_init=94.1 d_final=0.0
 Retrying in 1 seconds
[shaping_diag] success_cum_shaping=282.39 T=233 d_init=94.1 d_final=0.0
 Retrying in 1 seconds
[shaping_diag] success_cum_shaping=282.39 T=208 d_init=94.1 d_final=0.0
 Retrying in 1 seconds
[shaping_diag] success_cum_shaping=282.39 T=158 d_init=94.1 d_final=0.0
 Retrying in 1 seconds
[shaping_diag] success_cum_shaping=282.39 T=201 d_init=94.1 d_final=0.0
 Retrying in 1 seconds
[shaping_diag] success_cum_shaping=282.39 T=224 d_init=94.1 d_final=0.0
 Retrying in 1 seconds
[shaping_diag] success_cum_shaping=282.39 T=221 d_init=94.1 d_final=0.0
 Retrying in 1 seconds
[shaping_diag] success_cum_shaping=282.39 T=232 d_init=94.1 d_final=0.0
 Retrying in 1 seconds
[shaping_diag] success_cum_shaping=282.39 T=254 d_init=94.1 d_final=0.0
 Retrying in 1 seconds
[shaping_diag] success_cum_shaping=282.39 T=202 d_init=94.1 d_final=0.0
 Retrying in 1 seconds
[shaping_diag] success_cum_shaping=282.39 T=238 d_init=94.1 d_final=0.0
 Retrying in 1 seconds
[shaping_diag] success_cum_shaping=282.39 T=231 d_init=94.1 d_final=0.0
 Retrying in 1 seconds
 Retrying in 1 seconds
[shaping_diag] success_cum_shaping=282.39 T=106 d_init=94.1 d_final=0.0
 Retrying in 1 seconds
[shaping_diag] success_cum_shaping=282.39 T=117 d_init=94.1 d_final=0.0
 Retrying in 1 seconds
[shaping_diag] success_cum_shaping=282.39 T=106 d_init=94.1 d_final=0.0
 Retrying in 1 seconds
[shaping_diag] success_cum_shaping=282.39 T=106 d_init=94.1 d_final=0.0
 Retrying in 1 seconds
[shaping_diag] success_cum_shaping=282.39 T=106 d_init=94.1 d_final=0.0
 Retrying in 1 seconds
[shaping_diag] success_cum_shaping=282.39 T=152 d_init=94.1 d_final=0.0
 Retrying in 1 seconds
[shaping_diag] success_cum_shaping=282.39 T=106 d_init=94.1 d_final=0.0
 Retrying in 1 seconds
[shaping_diag] success_cum_shaping=282.39 T=135 d_init=94.1 d_final=0.0
 Retrying in 1 seconds
 Retrying in 1 seconds
[shaping_diag] success_cum_shaping=282.39 T=106 d_init=94.1 d_final=0.0
[fusion_aux] step=126976 ret=389.66 coll=1 ttc=6.40 soft_res=274.5258 cbf_res=0.0000 align_kl=0.4244
 Retrying in 1 seconds
[shaping_diag] success_cum_shaping=282.39 T=313 d_init=94.1 d_final=0.0
 Retrying in 1 seconds
[shaping_diag] success_cum_shaping=282.39 T=185 d_init=94.1 d_final=0.0
 Retrying in 1 seconds
[shaping_diag] success_cum_shaping=282.39 T=217 d_init=94.1 d_final=0.0
 Retrying in 1 seconds
[shaping_diag] success_cum_shaping=282.39 T=218 d_init=94.1 d_final=0.0
 Retrying in 1 seconds
[shaping_diag] success_cum_shaping=282.39 T=227 d_init=94.1 d_final=0.0
 Retrying in 1 seconds
[shaping_diag] success_cum_shaping=282.39 T=239 d_init=94.1 d_final=0.0
 Retrying in 1 seconds
[shaping_diag] success_cum_shaping=282.39 T=252 d_init=94.1 d_final=0.0
 Retrying in 1 seconds
[shaping_diag] success_cum_shaping=282.39 T=225 d_init=94.1 d_final=0.0
 Retrying in 1 seconds
[shaping_diag] success_cum_shaping=282.39 T=194 d_init=94.1 d_final=0.0
 Retrying in 1 seconds
[shaping_diag] success_cum_shaping=282.39 T=216 d_init=94.1 d_final=0.0
 Retrying in 1 seconds
[shaping_diag] success_cum_shaping=282.39 T=237 d_init=94.1 d_final=0.0
Warning: Vehicle 'other2' performs emergency braking on lane ':center_8_0' with decel=9.00, wished=4.00, severity=1.00, time=11.10.
 Retrying in 1 seconds
 Retrying in 1 seconds
[shaping_diag] success_cum_shaping=282.39 T=211 d_init=94.1 d_final=0.0
 Retrying in 1 seconds
[shaping_diag] success_cum_shaping=282.39 T=217 d_init=94.1 d_final=0.0
 Retrying in 1 seconds
[shaping_diag] success_cum_shaping=282.39 T=218 d_init=94.1 d_final=0.0
 Retrying in 1 seconds
[shaping_diag] success_cum_shaping=282.39 T=216 d_init=94.1 d_final=0.0
 Retrying in 1 seconds
[shaping_diag] success_cum_shaping=282.39 T=237 d_init=94.1 d_final=0.0
 Retrying in 1 seconds
[shaping_diag] success_cum_shaping=282.39 T=174 d_init=94.1 d_final=0.0
 Retrying in 1 seconds
[shaping_diag] success_cum_shaping=282.39 T=175 d_init=94.1 d_final=0.0
 Retrying in 1 seconds
 Retrying in 1 seconds
[shaping_diag] success_cum_shaping=282.39 T=243 d_init=94.1 d_final=0.0
 Retrying in 1 seconds
[shaping_diag] success_cum_shaping=282.39 T=232 d_init=94.1 d_final=0.0
 Retrying in 1 seconds
[shaping_diag] success_cum_shaping=282.39 T=215 d_init=94.1 d_final=0.0
 Retrying in 1 seconds
[shaping_diag] success_cum_shaping=282.39 T=225 d_init=94.1 d_final=0.0
 Retrying in 1 seconds
[shaping_diag] success_cum_shaping=282.39 T=236 d_init=94.1 d_final=0.0
 Retrying in 1 seconds
[shaping_diag] success_cum_shaping=282.39 T=215 d_init=94.1 d_final=0.0
 Retrying in 1 seconds
[shaping_diag] success_cum_shaping=282.39 T=240 d_init=94.1 d_final=0.0
 Retrying in 1 seconds
[shaping_diag] success_cum_shaping=282.39 T=219 d_init=94.1 d_final=0.0
 Retrying in 1 seconds
[shaping_diag] success_cum_shaping=282.39 T=207 d_init=94.1 d_final=0.0
 Retrying in 1 seconds
[shaping_diag] success_cum_shaping=282.39 T=225 d_init=94.1 d_final=0.0
 Retrying in 1 seconds
[shaping_diag] success_cum_shaping=282.39 T=233 d_init=94.1 d_final=0.0
 Retrying in 1 seconds
[shaping_diag] success_cum_shaping=282.39 T=222 d_init=94.1 d_final=0.0
 Retrying in 1 seconds
[shaping_diag] success_cum_shaping=282.39 T=213 d_init=94.1 d_final=0.0
 Retrying in 1 seconds
[shaping_diag] success_cum_shaping=282.39 T=237 d_init=94.1 d_final=0.0
 Retrying in 1 seconds
[shaping_diag] success_cum_shaping=282.39 T=186 d_init=94.1 d_final=0.0
 Retrying in 1 seconds
[shaping_diag] success_cum_shaping=282.39 T=220 d_init=94.1 d_final=0.0
 Retrying in 1 seconds
[shaping_diag] success_cum_shaping=282.39 T=202 d_init=94.1 d_final=0.0
 Retrying in 1 seconds
[shaping_diag] success_cum_shaping=282.39 T=218 d_init=94.1 d_final=0.0
 Retrying in 1 seconds
 Retrying in 1 seconds
[shaping_diag] success_cum_shaping=282.39 T=227 d_init=94.1 d_final=0.0
 Retrying in 1 seconds
[shaping_diag] success_cum_shaping=282.39 T=219 d_init=94.1 d_final=0.0
 Retrying in 1 seconds
[shaping_diag] success_cum_shaping=282.39 T=213 d_init=94.1 d_final=0.0
 Retrying in 1 seconds
[shaping_diag] success_cum_shaping=282.39 T=190 d_init=94.1 d_final=0.0
Warning: Vehicle 'other2' performs emergency braking on lane ':center_8_0' with decel=9.00, wished=7.00, severity=1.00, time=11.70.
 Retrying in 1 seconds
 Retrying in 1 seconds
[shaping_diag] success_cum_shaping=282.39 T=217 d_init=94.1 d_final=0.0
 Retrying in 1 seconds
[shaping_diag] success_cum_shaping=282.39 T=169 d_init=94.1 d_final=0.0
 Retrying in 1 seconds
[shaping_diag] success_cum_shaping=282.39 T=220 d_init=94.1 d_final=0.0
 Retrying in 1 seconds
[shaping_diag] success_cum_shaping=282.39 T=161 d_init=94.1 d_final=0.0
 Retrying in 1 seconds
[shaping_diag] success_cum_shaping=282.39 T=214 d_init=94.1 d_final=0.0
 Retrying in 1 seconds
[shaping_diag] success_cum_shaping=282.39 T=201 d_init=94.1 d_final=0.0
 Retrying in 1 seconds
[shaping_diag] success_cum_shaping=282.39 T=215 d_init=94.1 d_final=0.0
 Retrying in 1 seconds
[shaping_diag] success_cum_shaping=282.39 T=208 d_init=94.1 d_final=0.0
 Retrying in 1 seconds
[shaping_diag] success_cum_shaping=282.39 T=233 d_init=94.1 d_final=0.0
 Retrying in 1 seconds
[shaping_diag] success_cum_shaping=282.39 T=241 d_init=94.1 d_final=0.0
 Retrying in 1 seconds
[shaping_diag] success_cum_shaping=282.39 T=194 d_init=94.1 d_final=0.0
 Retrying in 1 seconds
[shaping_diag] success_cum_shaping=282.39 T=209 d_init=94.1 d_final=0.0
 Retrying in 1 seconds
[shaping_diag] success_cum_shaping=282.39 T=195 d_init=94.1 d_final=0.0
 Retrying in 1 seconds
[shaping_diag] success_cum_shaping=282.39 T=214 d_init=94.1 d_final=0.0
 Retrying in 1 seconds
[shaping_diag] success_cum_shaping=282.39 T=181 d_init=94.1 d_final=0.0
 Retrying in 1 seconds
 Retrying in 1 seconds
[shaping_diag] success_cum_shaping=282.39 T=160 d_init=94.1 d_final=0.0
 Retrying in 1 seconds
[shaping_diag] success_cum_shaping=282.39 T=203 d_init=94.1 d_final=0.0
 Retrying in 1 seconds
[shaping_diag] success_cum_shaping=282.39 T=246 d_init=94.1 d_final=0.0
 Retrying in 1 seconds
[shaping_diag] success_cum_shaping=282.39 T=239 d_init=94.1 d_final=0.0
 Retrying in 1 seconds
[shaping_diag] success_cum_shaping=282.39 T=219 d_init=94.1 d_final=0.0
 Retrying in 1 seconds
[shaping_diag] success_cum_shaping=282.39 T=203 d_init=94.1 d_final=0.0
 Retrying in 1 seconds
[shaping_diag] success_cum_shaping=282.39 T=163 d_init=94.1 d_final=0.0
 Retrying in 1 seconds
 Retrying in 1 seconds
[shaping_diag] success_cum_shaping=282.39 T=207 d_init=94.1 d_final=0.0
 Retrying in 1 seconds
[shaping_diag] success_cum_shaping=282.39 T=220 d_init=94.1 d_final=0.0
 Retrying in 1 seconds
[shaping_diag] success_cum_shaping=282.39 T=198 d_init=94.1 d_final=0.0
 Retrying in 1 seconds
[shaping_diag] success_cum_shaping=282.39 T=236 d_init=94.1 d_final=0.0
 Retrying in 1 seconds
[shaping_diag] success_cum_shaping=282.39 T=237 d_init=94.1 d_final=0.0
 Retrying in 1 seconds
[shaping_diag] success_cum_shaping=282.39 T=214 d_init=94.1 d_final=0.0
 Retrying in 1 seconds
[shaping_diag] success_cum_shaping=282.39 T=206 d_init=94.1 d_final=0.0
 Retrying in 1 seconds
[shaping_diag] success_cum_shaping=282.39 T=218 d_init=94.1 d_final=0.0
 Retrying in 1 seconds
[shaping_diag] success_cum_shaping=282.39 T=222 d_init=94.1 d_final=0.0
 Retrying in 1 seconds
[shaping_diag] success_cum_shaping=282.39 T=210 d_init=94.1 d_final=0.0
 Retrying in 1 seconds
[shaping_diag] success_cum_shaping=282.39 T=225 d_init=94.1 d_final=0.0
 Retrying in 1 seconds
 Retrying in 1 seconds
[shaping_diag] success_cum_shaping=282.39 T=205 d_init=94.1 d_final=0.0
 Retrying in 1 seconds
[shaping_diag] success_cum_shaping=282.39 T=204 d_init=94.1 d_final=0.0
 Retrying in 1 seconds
[shaping_diag] success_cum_shaping=282.39 T=210 d_init=94.1 d_final=0.0
 Retrying in 1 seconds
[shaping_diag] success_cum_shaping=282.39 T=191 d_init=94.1 d_final=0.0
 Retrying in 1 seconds
[shaping_diag] success_cum_shaping=282.39 T=163 d_init=94.1 d_final=0.0
 Retrying in 1 seconds
[shaping_diag] success_cum_shaping=282.39 T=200 d_init=94.1 d_final=0.0
 Retrying in 1 seconds
[shaping_diag] success_cum_shaping=282.39 T=233 d_init=94.1 d_final=0.0
 Retrying in 1 seconds
[shaping_diag] success_cum_shaping=282.39 T=217 d_init=94.1 d_final=0.0
 Retrying in 1 seconds
[shaping_diag] success_cum_shaping=282.39 T=204 d_init=94.1 d_final=0.0
 Retrying in 1 seconds
[shaping_diag] success_cum_shaping=282.39 T=218 d_init=94.1 d_final=0.0
 Retrying in 1 seconds
[shaping_diag] success_cum_shaping=282.39 T=200 d_init=94.1 d_final=0.0
 Retrying in 1 seconds
[shaping_diag] success_cum_shaping=282.39 T=193 d_init=94.1 d_final=0.0
 Retrying in 1 seconds
[shaping_diag] success_cum_shaping=282.39 T=213 d_init=94.1 d_final=0.0
 Retrying in 1 seconds
[shaping_diag] success_cum_shaping=282.39 T=216 d_init=94.1 d_final=0.0
 Retrying in 1 seconds
[shaping_diag] success_cum_shaping=282.39 T=231 d_init=94.1 d_final=0.0
Warning: Vehicle 'other2' performs emergency braking on lane ':center_8_0' with decel=9.00, wished=5.00, severity=1.00, time=11.80.
 Retrying in 1 seconds
 Retrying in 1 seconds
[shaping_diag] success_cum_shaping=282.39 T=210 d_init=94.1 d_final=0.0
 Retrying in 1 seconds
[shaping_diag] success_cum_shaping=282.39 T=235 d_init=94.1 d_final=0.0
Warning: Vehicle 'other2' performs emergency braking on lane ':center_8_0' with decel=9.00, wished=4.00, severity=1.00, time=11.10.
 Retrying in 1 seconds
[shaping_diag] success_cum_shaping=282.39 T=196 d_init=94.1 d_final=0.0
 Retrying in 1 seconds
[shaping_diag] success_cum_shaping=282.39 T=173 d_init=94.1 d_final=0.0
 Retrying in 1 seconds
 Retrying in 1 seconds
[shaping_diag] success_cum_shaping=282.39 T=213 d_init=94.1 d_final=0.0
 Retrying in 1 seconds
[shaping_diag] success_cum_shaping=282.39 T=178 d_init=94.1 d_final=0.0
 Retrying in 1 seconds
[shaping_diag] success_cum_shaping=282.39 T=247 d_init=94.1 d_final=0.0
 Retrying in 1 seconds
[shaping_diag] success_cum_shaping=282.39 T=225 d_init=94.1 d_final=0.0
 Retrying in 1 seconds
[shaping_diag] success_cum_shaping=282.39 T=194 d_init=94.1 d_final=0.0
 Retrying in 1 seconds
[shaping_diag] success_cum_shaping=282.39 T=222 d_init=94.1 d_final=0.0
 Retrying in 1 seconds
[shaping_diag] success_cum_shaping=282.39 T=239 d_init=94.1 d_final=0.0
 Retrying in 1 seconds
[shaping_diag] success_cum_shaping=282.39 T=238 d_init=94.1 d_final=0.0
 Retrying in 1 seconds
[shaping_diag] success_cum_shaping=282.39 T=236 d_init=94.1 d_final=0.0
 Retrying in 1 seconds
[shaping_diag] success_cum_shaping=282.39 T=219 d_init=94.1 d_final=0.0
 Retrying in 1 seconds
[shaping_diag] success_cum_shaping=282.39 T=223 d_init=94.1 d_final=0.0
 Retrying in 1 seconds
[shaping_diag] success_cum_shaping=282.39 T=229 d_init=94.1 d_final=0.0
 Retrying in 1 seconds
[shaping_diag] success_cum_shaping=282.39 T=231 d_init=94.1 d_final=0.0
 Retrying in 1 seconds
[shaping_diag] success_cum_shaping=282.39 T=224 d_init=94.1 d_final=0.0
 Retrying in 1 seconds
[shaping_diag] success_cum_shaping=282.39 T=224 d_init=94.1 d_final=0.0
 Retrying in 1 seconds
[shaping_diag] success_cum_shaping=282.39 T=228 d_init=94.1 d_final=0.0
 Retrying in 1 seconds
[shaping_diag] success_cum_shaping=282.39 T=230 d_init=94.1 d_final=0.0
 Retrying in 1 seconds
[shaping_diag] success_cum_shaping=282.39 T=247 d_init=94.1 d_final=0.0
 Retrying in 1 seconds
 Retrying in 1 seconds
[shaping_diag] success_cum_shaping=282.39 T=246 d_init=94.1 d_final=0.0
 Retrying in 1 seconds
[shaping_diag] success_cum_shaping=282.39 T=231 d_init=94.1 d_final=0.0
 Retrying in 1 seconds
[shaping_diag] success_cum_shaping=282.39 T=217 d_init=94.1 d_final=0.0
 Retrying in 1 seconds
[shaping_diag] success_cum_shaping=282.39 T=220 d_init=94.1 d_final=0.0
 Retrying in 1 seconds
[shaping_diag] success_cum_shaping=282.39 T=233 d_init=94.1 d_final=0.0
 Retrying in 1 seconds
[shaping_diag] success_cum_shaping=282.39 T=234 d_init=94.1 d_final=0.0
 Retrying in 1 seconds
[shaping_diag] success_cum_shaping=282.39 T=223 d_init=94.1 d_final=0.0
 Retrying in 1 seconds
[shaping_diag] success_cum_shaping=282.39 T=213 d_init=94.1 d_final=0.0
 Retrying in 1 seconds
[shaping_diag] success_cum_shaping=282.39 T=218 d_init=94.1 d_final=0.0
 Retrying in 1 seconds
[shaping_diag] success_cum_shaping=282.39 T=230 d_init=94.1 d_final=0.0
 Retrying in 1 seconds
[shaping_diag] success_cum_shaping=282.39 T=252 d_init=94.1 d_final=0.0
 Retrying in 1 seconds
[shaping_diag] success_cum_shaping=282.39 T=241 d_init=94.1 d_final=0.0
 Retrying in 1 seconds
[shaping_diag] success_cum_shaping=282.39 T=213 d_init=94.1 d_final=0.0
 Retrying in 1 seconds
[shaping_diag] success_cum_shaping=282.39 T=220 d_init=94.1 d_final=0.0
 Retrying in 1 seconds
[shaping_diag] success_cum_shaping=282.39 T=240 d_init=94.1 d_final=0.0
 Retrying in 1 seconds
[shaping_diag] success_cum_shaping=282.39 T=236 d_init=94.1 d_final=0.0
 Retrying in 1 seconds
[shaping_diag] success_cum_shaping=282.39 T=233 d_init=94.1 d_final=0.0
 Retrying in 1 seconds
 Retrying in 1 seconds
[shaping_diag] success_cum_shaping=282.39 T=232 d_init=94.1 d_final=0.0
 Retrying in 1 seconds
[shaping_diag] success_cum_shaping=282.39 T=212 d_init=94.1 d_final=0.0
 Retrying in 1 seconds
[shaping_diag] success_cum_shaping=282.39 T=235 d_init=94.1 d_final=0.0
 Retrying in 1 seconds
[shaping_diag] success_cum_shaping=282.39 T=232 d_init=94.1 d_final=0.0
 Retrying in 1 seconds
[shaping_diag] success_cum_shaping=282.39 T=228 d_init=94.1 d_final=0.0
 Retrying in 1 seconds
[shaping_diag] success_cum_shaping=282.39 T=234 d_init=94.1 d_final=0.0
 Retrying in 1 seconds
[shaping_diag] success_cum_shaping=282.39 T=225 d_init=94.1 d_final=0.0
 Retrying in 1 seconds
[shaping_diag] success_cum_shaping=282.39 T=257 d_init=94.1 d_final=0.0
 Retrying in 1 seconds
[shaping_diag] success_cum_shaping=282.39 T=221 d_init=94.1 d_final=0.0
 Retrying in 1 seconds
[shaping_diag] success_cum_shaping=282.39 T=237 d_init=94.1 d_final=0.0
 Retrying in 1 seconds
[shaping_diag] success_cum_shaping=282.39 T=229 d_init=94.1 d_final=0.0
 Retrying in 1 seconds
[shaping_diag] success_cum_shaping=282.39 T=213 d_init=94.1 d_final=0.0
 Retrying in 1 seconds
[shaping_diag] success_cum_shaping=282.39 T=228 d_init=94.1 d_final=0.0
 Retrying in 1 seconds
[shaping_diag] success_cum_shaping=282.39 T=256 d_init=94.1 d_final=0.0
 Retrying in 1 seconds
[shaping_diag] success_cum_shaping=282.39 T=223 d_init=94.1 d_final=0.0
 Retrying in 1 seconds
[shaping_diag] success_cum_shaping=282.39 T=254 d_init=94.1 d_final=0.0
 Retrying in 1 seconds
[shaping_diag] success_cum_shaping=282.39 T=223 d_init=94.1 d_final=0.0
 Retrying in 1 seconds
 Retrying in 1 seconds
[shaping_diag] success_cum_shaping=282.39 T=248 d_init=94.1 d_final=0.0
 Retrying in 1 seconds
[shaping_diag] success_cum_shaping=282.39 T=210 d_init=94.1 d_final=0.0
 Retrying in 1 seconds
[shaping_diag] success_cum_shaping=282.39 T=224 d_init=94.1 d_final=0.0
 Retrying in 1 seconds
[shaping_diag] success_cum_shaping=282.39 T=227 d_init=94.1 d_final=0.0
 Retrying in 1 seconds
[shaping_diag] success_cum_shaping=282.39 T=224 d_init=94.1 d_final=0.0
 Retrying in 1 seconds
[shaping_diag] success_cum_shaping=282.39 T=218 d_init=94.1 d_final=0.0
 Retrying in 1 seconds
[shaping_diag] success_cum_shaping=282.39 T=219 d_init=94.1 d_final=0.0
 Retrying in 1 seconds
[shaping_diag] success_cum_shaping=282.39 T=231 d_init=94.1 d_final=0.0
 Retrying in 1 seconds
[shaping_diag] success_cum_shaping=282.39 T=221 d_init=94.1 d_final=0.0
 Retrying in 1 seconds
[shaping_diag] success_cum_shaping=282.39 T=230 d_init=94.1 d_final=0.0
 Retrying in 1 seconds
[shaping_diag] success_cum_shaping=282.39 T=216 d_init=94.1 d_final=0.0
 Retrying in 1 seconds
[shaping_diag] success_cum_shaping=282.39 T=229 d_init=94.1 d_final=0.0
 Retrying in 1 seconds
[shaping_diag] success_cum_shaping=282.39 T=235 d_init=94.1 d_final=0.0
 Retrying in 1 seconds
[shaping_diag] success_cum_shaping=282.39 T=216 d_init=94.1 d_final=0.0
 Retrying in 1 seconds
[shaping_diag] success_cum_shaping=282.39 T=235 d_init=94.1 d_final=0.0
 Retrying in 1 seconds
[shaping_diag] success_cum_shaping=282.39 T=233 d_init=94.1 d_final=0.0
 Retrying in 1 seconds
[shaping_diag] success_cum_shaping=282.39 T=241 d_init=94.1 d_final=0.0
 Retrying in 1 seconds
 Retrying in 1 seconds
[shaping_diag] success_cum_shaping=282.39 T=218 d_init=94.1 d_final=0.0
 Retrying in 1 seconds
[shaping_diag] success_cum_shaping=282.39 T=222 d_init=94.1 d_final=0.0
 Retrying in 1 seconds
[shaping_diag] success_cum_shaping=282.39 T=208 d_init=94.1 d_final=0.0
 Retrying in 1 seconds
[shaping_diag] success_cum_shaping=282.39 T=248 d_init=94.1 d_final=0.0
 Retrying in 1 seconds
[shaping_diag] success_cum_shaping=282.39 T=221 d_init=94.1 d_final=0.0
 Retrying in 1 seconds
[shaping_diag] success_cum_shaping=282.39 T=246 d_init=94.1 d_final=0.0
 Retrying in 1 seconds
[shaping_diag] success_cum_shaping=282.39 T=203 d_init=94.1 d_final=0.0
 Retrying in 1 seconds
[shaping_diag] success_cum_shaping=282.39 T=238 d_init=94.1 d_final=0.0
 Retrying in 1 seconds
[shaping_diag] success_cum_shaping=282.39 T=205 d_init=94.1 d_final=0.0
 Retrying in 1 seconds
[shaping_diag] success_cum_shaping=282.39 T=225 d_init=94.1 d_final=0.0
 Retrying in 1 seconds
[shaping_diag] success_cum_shaping=282.39 T=237 d_init=94.1 d_final=0.0
 Retrying in 1 seconds
[shaping_diag] success_cum_shaping=282.39 T=230 d_init=94.1 d_final=0.0
 Retrying in 1 seconds
[shaping_diag] success_cum_shaping=282.39 T=202 d_init=94.1 d_final=0.0
 Retrying in 1 seconds
[shaping_diag] success_cum_shaping=282.39 T=210 d_init=94.1 d_final=0.0
 Retrying in 1 seconds
[shaping_diag] success_cum_shaping=282.39 T=212 d_init=94.1 d_final=0.0
 Retrying in 1 seconds
[shaping_diag] success_cum_shaping=282.39 T=215 d_init=94.1 d_final=0.0
 Retrying in 1 seconds
[shaping_diag] success_cum_shaping=282.39 T=223 d_init=94.1 d_final=0.0
 Retrying in 1 seconds
[shaping_diag] success_cum_shaping=282.39 T=222 d_init=94.1 d_final=0.0
 Retrying in 1 seconds
 Retrying in 1 seconds
[shaping_diag] success_cum_shaping=282.39 T=104 d_init=94.1 d_final=0.0
 Retrying in 1 seconds
[shaping_diag] success_cum_shaping=282.39 T=130 d_init=94.1 d_final=0.0
 Retrying in 1 seconds
[shaping_diag] success_cum_shaping=282.39 T=134 d_init=94.1 d_final=0.0
 Retrying in 1 seconds
[shaping_diag] success_cum_shaping=282.39 T=198 d_init=94.1 d_final=0.0
 Retrying in 1 seconds
[shaping_diag] success_cum_shaping=282.39 T=173 d_init=94.1 d_final=0.0
 Retrying in 1 seconds
[shaping_diag] success_cum_shaping=282.39 T=104 d_init=94.1 d_final=0.0
Warning: Vehicle 'other' performs emergency braking on lane ':center_8_0' with decel=9.00, wished=7.00, severity=1.00, time=7.20.
 Retrying in 1 seconds
[shaping_diag] success_cum_shaping=282.39 T=105 d_init=94.1 d_final=0.0
 Retrying in 1 seconds
[shaping_diag] success_cum_shaping=282.39 T=107 d_init=94.1 d_final=0.0
Warning: Vehicle 'other' performs emergency braking on lane ':center_8_0' with decel=9.00, wished=5.00, severity=1.00, time=7.20.
 Retrying in 1 seconds
[shaping_diag] success_cum_shaping=282.39 T=104 d_init=94.1 d_final=0.0
 Retrying in 1 seconds
[shaping_diag] success_cum_shaping=282.39 T=158 d_init=94.1 d_final=0.0
[fusion_aux] step=167936 ret=390.67 coll=0 ttc=6.56 soft_res=2440.3379 cbf_res=0.0000 align_kl=0.5744
 Retrying in 1 seconds
[shaping_diag] success_cum_shaping=282.39 T=220 d_init=94.1 d_final=0.0
 Retrying in 1 seconds
[shaping_diag] success_cum_shaping=282.39 T=211 d_init=94.1 d_final=0.0
 Retrying in 1 seconds
[shaping_diag] success_cum_shaping=282.39 T=223 d_init=94.1 d_final=0.0
 Retrying in 1 seconds
[shaping_diag] success_cum_shaping=282.39 T=208 d_init=94.1 d_final=0.0
 Retrying in 1 seconds
[shaping_diag] success_cum_shaping=282.39 T=224 d_init=94.1 d_final=0.0
 Retrying in 1 seconds
[shaping_diag] success_cum_shaping=282.39 T=236 d_init=94.1 d_final=0.0
 Retrying in 1 seconds
[shaping_diag] success_cum_shaping=282.39 T=231 d_init=94.1 d_final=0.0
 Retrying in 1 seconds
[shaping_diag] success_cum_shaping=282.39 T=222 d_init=94.1 d_final=0.0
 Retrying in 1 seconds
[shaping_diag] success_cum_shaping=282.39 T=229 d_init=94.1 d_final=0.0
 Retrying in 1 seconds
[shaping_diag] success_cum_shaping=282.39 T=216 d_init=94.1 d_final=0.0
 Retrying in 1 seconds
[shaping_diag] success_cum_shaping=282.39 T=219 d_init=94.1 d_final=0.0
 Retrying in 1 seconds
[shaping_diag] success_cum_shaping=282.39 T=248 d_init=94.1 d_final=0.0
 Retrying in 1 seconds
[shaping_diag] success_cum_shaping=282.39 T=223 d_init=94.1 d_final=0.0
 Retrying in 1 seconds
[shaping_diag] success_cum_shaping=282.39 T=233 d_init=94.1 d_final=0.0
 Retrying in 1 seconds
[shaping_diag] success_cum_shaping=282.39 T=217 d_init=94.1 d_final=0.0
 Retrying in 1 seconds
[shaping_diag] success_cum_shaping=282.39 T=214 d_init=94.1 d_final=0.0
 Retrying in 1 seconds
[shaping_diag] success_cum_shaping=282.39 T=206 d_init=94.1 d_final=0.0
 Retrying in 1 seconds
[shaping_diag] success_cum_shaping=282.39 T=222 d_init=94.1 d_final=0.0
 Retrying in 1 seconds
 Retrying in 1 seconds
[shaping_diag] success_cum_shaping=282.39 T=237 d_init=94.1 d_final=0.0
 Retrying in 1 seconds
[shaping_diag] success_cum_shaping=282.39 T=220 d_init=94.1 d_final=0.0
 Retrying in 1 seconds
[shaping_diag] success_cum_shaping=282.39 T=198 d_init=94.1 d_final=0.0
 Retrying in 1 seconds
[shaping_diag] success_cum_shaping=282.39 T=221 d_init=94.1 d_final=0.0
 Retrying in 1 seconds
[shaping_diag] success_cum_shaping=282.39 T=221 d_init=94.1 d_final=0.0
 Retrying in 1 seconds
[shaping_diag] success_cum_shaping=282.39 T=210 d_init=94.1 d_final=0.0
 Retrying in 1 seconds
[shaping_diag] success_cum_shaping=282.39 T=208 d_init=94.1 d_final=0.0
 Retrying in 1 seconds
[shaping_diag] success_cum_shaping=282.39 T=242 d_init=94.1 d_final=0.0
 Retrying in 1 seconds
[shaping_diag] success_cum_shaping=282.39 T=226 d_init=94.1 d_final=0.0
 Retrying in 1 seconds
[shaping_diag] success_cum_shaping=282.39 T=220 d_init=94.1 d_final=0.0
 Retrying in 1 seconds
[shaping_diag] success_cum_shaping=282.39 T=216 d_init=94.1 d_final=0.0
 Retrying in 1 seconds
[shaping_diag] success_cum_shaping=282.39 T=226 d_init=94.1 d_final=0.0
 Retrying in 1 seconds
[shaping_diag] success_cum_shaping=282.39 T=199 d_init=94.1 d_final=0.0
 Retrying in 1 seconds
[shaping_diag] success_cum_shaping=282.39 T=220 d_init=94.1 d_final=0.0
 Retrying in 1 seconds
[shaping_diag] success_cum_shaping=282.39 T=225 d_init=94.1 d_final=0.0
 Retrying in 1 seconds
[shaping_diag] success_cum_shaping=282.39 T=217 d_init=94.1 d_final=0.0
 Retrying in 1 seconds
[shaping_diag] success_cum_shaping=282.39 T=233 d_init=94.1 d_final=0.0
 Retrying in 1 seconds
[shaping_diag] success_cum_shaping=282.39 T=213 d_init=94.1 d_final=0.0
 Retrying in 1 seconds
 Retrying in 1 seconds
[shaping_diag] success_cum_shaping=282.39 T=194 d_init=94.1 d_final=0.0
 Retrying in 1 seconds
[shaping_diag] success_cum_shaping=282.39 T=201 d_init=94.1 d_final=0.0
 Retrying in 1 seconds
[shaping_diag] success_cum_shaping=282.39 T=209 d_init=94.1 d_final=0.0
 Retrying in 1 seconds
[shaping_diag] success_cum_shaping=282.39 T=219 d_init=94.1 d_final=0.0
 Retrying in 1 seconds
[shaping_diag] success_cum_shaping=282.39 T=232 d_init=94.1 d_final=0.0
 Retrying in 1 seconds
[shaping_diag] success_cum_shaping=282.39 T=202 d_init=94.1 d_final=0.0
 Retrying in 1 seconds
[shaping_diag] success_cum_shaping=282.39 T=205 d_init=94.1 d_final=0.0
 Retrying in 1 seconds
[shaping_diag] success_cum_shaping=282.39 T=229 d_init=94.1 d_final=0.0
 Retrying in 1 seconds
[shaping_diag] success_cum_shaping=282.39 T=215 d_init=94.1 d_final=0.0
 Retrying in 1 seconds
[shaping_diag] success_cum_shaping=282.39 T=210 d_init=94.1 d_final=0.0
 Retrying in 1 seconds
[shaping_diag] success_cum_shaping=282.39 T=231 d_init=94.1 d_final=0.0
 Retrying in 1 seconds
[shaping_diag] success_cum_shaping=282.39 T=220 d_init=94.1 d_final=0.0
 Retrying in 1 seconds
[shaping_diag] success_cum_shaping=282.39 T=227 d_init=94.1 d_final=0.0
 Retrying in 1 seconds
[shaping_diag] success_cum_shaping=282.39 T=208 d_init=94.1 d_final=0.0
 Retrying in 1 seconds
[shaping_diag] success_cum_shaping=282.39 T=191 d_init=94.1 d_final=0.0
 Retrying in 1 seconds
[shaping_diag] success_cum_shaping=282.39 T=226 d_init=94.1 d_final=0.0
 Retrying in 1 seconds
[shaping_diag] success_cum_shaping=282.39 T=206 d_init=94.1 d_final=0.0
 Retrying in 1 seconds
[shaping_diag] success_cum_shaping=282.39 T=222 d_init=94.1 d_final=0.0
 Retrying in 1 seconds
[shaping_diag] success_cum_shaping=282.39 T=203 d_init=94.1 d_final=0.0
 Retrying in 1 seconds
 Retrying in 1 seconds
[shaping_diag] success_cum_shaping=282.39 T=244 d_init=94.1 d_final=0.0
 Retrying in 1 seconds
[shaping_diag] success_cum_shaping=282.39 T=204 d_init=94.1 d_final=0.0
 Retrying in 1 seconds
[shaping_diag] success_cum_shaping=282.39 T=238 d_init=94.1 d_final=0.0
 Retrying in 1 seconds
[shaping_diag] success_cum_shaping=282.39 T=198 d_init=94.1 d_final=0.0
 Retrying in 1 seconds
[shaping_diag] success_cum_shaping=282.39 T=211 d_init=94.1 d_final=0.0
 Retrying in 1 seconds
[shaping_diag] success_cum_shaping=282.39 T=218 d_init=94.1 d_final=0.0
 Retrying in 1 seconds
[shaping_diag] success_cum_shaping=282.39 T=209 d_init=94.1 d_final=0.0
 Retrying in 1 seconds
[shaping_diag] success_cum_shaping=282.39 T=220 d_init=94.1 d_final=0.0
 Retrying in 1 seconds
[shaping_diag] success_cum_shaping=282.39 T=218 d_init=94.1 d_final=0.0
 Retrying in 1 seconds
[shaping_diag] success_cum_shaping=282.39 T=213 d_init=94.1 d_final=0.0
 Retrying in 1 seconds
[shaping_diag] success_cum_shaping=282.39 T=220 d_init=94.1 d_final=0.0
 Retrying in 1 seconds
[shaping_diag] success_cum_shaping=282.39 T=229 d_init=94.1 d_final=0.0
 Retrying in 1 seconds
[shaping_diag] success_cum_shaping=282.39 T=203 d_init=94.1 d_final=0.0
 Retrying in 1 seconds
[shaping_diag] success_cum_shaping=282.39 T=233 d_init=94.1 d_final=0.0
 Retrying in 1 seconds
[shaping_diag] success_cum_shaping=282.39 T=233 d_init=94.1 d_final=0.0
 Retrying in 1 seconds
[shaping_diag] success_cum_shaping=282.39 T=218 d_init=94.1 d_final=0.0
 Retrying in 1 seconds
[shaping_diag] success_cum_shaping=282.39 T=216 d_init=94.1 d_final=0.0
 Retrying in 1 seconds
[shaping_diag] success_cum_shaping=282.39 T=233 d_init=94.1 d_final=0.0
 Retrying in 1 seconds
 Retrying in 1 seconds
[shaping_diag] success_cum_shaping=282.39 T=225 d_init=94.1 d_final=0.0
 Retrying in 1 seconds
[shaping_diag] success_cum_shaping=282.39 T=210 d_init=94.1 d_final=0.0
 Retrying in 1 seconds
[shaping_diag] success_cum_shaping=282.39 T=211 d_init=94.1 d_final=0.0
 Retrying in 1 seconds
[shaping_diag] success_cum_shaping=282.39 T=206 d_init=94.1 d_final=0.0
 Retrying in 1 seconds
[shaping_diag] success_cum_shaping=282.39 T=191 d_init=94.1 d_final=0.0
 Retrying in 1 seconds
[shaping_diag] success_cum_shaping=282.39 T=231 d_init=94.1 d_final=0.0
 Retrying in 1 seconds
[shaping_diag] success_cum_shaping=282.39 T=214 d_init=94.1 d_final=0.0
 Retrying in 1 seconds
[shaping_diag] success_cum_shaping=282.39 T=216 d_init=94.1 d_final=0.0
 Retrying in 1 seconds
[shaping_diag] success_cum_shaping=282.39 T=219 d_init=94.1 d_final=0.0
 Retrying in 1 seconds
[shaping_diag] success_cum_shaping=282.39 T=252 d_init=94.1 d_final=0.0
 Retrying in 1 seconds
[shaping_diag] success_cum_shaping=282.39 T=231 d_init=94.1 d_final=0.0
 Retrying in 1 seconds
[shaping_diag] success_cum_shaping=282.39 T=233 d_init=94.1 d_final=0.0
 Retrying in 1 seconds
[shaping_diag] success_cum_shaping=282.39 T=239 d_init=94.1 d_final=0.0
 Retrying in 1 seconds
[shaping_diag] success_cum_shaping=282.39 T=204 d_init=94.1 d_final=0.0
 Retrying in 1 seconds
[shaping_diag] success_cum_shaping=282.39 T=242 d_init=94.1 d_final=0.0
 Retrying in 1 seconds
[shaping_diag] success_cum_shaping=282.39 T=199 d_init=94.1 d_final=0.0
 Retrying in 1 seconds
[shaping_diag] success_cum_shaping=282.39 T=228 d_init=94.1 d_final=0.0
 Retrying in 1 seconds
[shaping_diag] success_cum_shaping=282.39 T=226 d_init=94.1 d_final=0.0
 Retrying in 1 seconds
 Retrying in 1 seconds
[shaping_diag] success_cum_shaping=282.39 T=214 d_init=94.1 d_final=0.0
 Retrying in 1 seconds
[shaping_diag] success_cum_shaping=282.39 T=193 d_init=94.1 d_final=0.0
 Retrying in 1 seconds
[shaping_diag] success_cum_shaping=282.39 T=206 d_init=94.1 d_final=0.0
 Retrying in 1 seconds
[shaping_diag] success_cum_shaping=282.39 T=201 d_init=94.1 d_final=0.0
 Retrying in 1 seconds
[shaping_diag] success_cum_shaping=282.39 T=223 d_init=94.1 d_final=0.0
 Retrying in 1 seconds
[shaping_diag] success_cum_shaping=282.39 T=222 d_init=94.1 d_final=0.0
 Retrying in 1 seconds
[shaping_diag] success_cum_shaping=282.39 T=214 d_init=94.1 d_final=0.0
 Retrying in 1 seconds
[shaping_diag] success_cum_shaping=282.39 T=208 d_init=94.1 d_final=0.0
 Retrying in 1 seconds
[shaping_diag] success_cum_shaping=282.39 T=197 d_init=94.1 d_final=0.0
 Retrying in 1 seconds
[shaping_diag] success_cum_shaping=282.39 T=189 d_init=94.1 d_final=0.0
 Retrying in 1 seconds
[shaping_diag] success_cum_shaping=282.39 T=222 d_init=94.1 d_final=0.0
 Retrying in 1 seconds
[shaping_diag] success_cum_shaping=282.39 T=200 d_init=94.1 d_final=0.0
 Retrying in 1 seconds
[shaping_diag] success_cum_shaping=282.39 T=220 d_init=94.1 d_final=0.0
 Retrying in 1 seconds
[shaping_diag] success_cum_shaping=282.39 T=236 d_init=94.1 d_final=0.0
 Retrying in 1 seconds
[shaping_diag] success_cum_shaping=282.39 T=234 d_init=94.1 d_final=0.0
 Retrying in 1 seconds
[shaping_diag] success_cum_shaping=282.39 T=239 d_init=94.1 d_final=0.0
 Retrying in 1 seconds
[shaping_diag] success_cum_shaping=282.39 T=224 d_init=94.1 d_final=0.0
 Retrying in 1 seconds
[shaping_diag] success_cum_shaping=282.39 T=215 d_init=94.1 d_final=0.0
 Retrying in 1 seconds
[shaping_diag] success_cum_shaping=282.39 T=206 d_init=94.1 d_final=0.0
 Retrying in 1 seconds
 Retrying in 1 seconds
[shaping_diag] success_cum_shaping=282.39 T=214 d_init=94.1 d_final=0.0
 Retrying in 1 seconds
[shaping_diag] success_cum_shaping=282.39 T=208 d_init=94.1 d_final=0.0
 Retrying in 1 seconds
[shaping_diag] success_cum_shaping=282.39 T=214 d_init=94.1 d_final=0.0
 Retrying in 1 seconds
[shaping_diag] success_cum_shaping=282.39 T=195 d_init=94.1 d_final=0.0
 Retrying in 1 seconds
[shaping_diag] success_cum_shaping=282.39 T=186 d_init=94.1 d_final=0.0
 Retrying in 1 seconds
[shaping_diag] success_cum_shaping=282.39 T=226 d_init=94.1 d_final=0.0
 Retrying in 1 seconds
[shaping_diag] success_cum_shaping=282.39 T=231 d_init=94.1 d_final=0.0
 Retrying in 1 seconds
[shaping_diag] success_cum_shaping=282.39 T=224 d_init=94.1 d_final=0.0
 Retrying in 1 seconds
[shaping_diag] success_cum_shaping=282.39 T=246 d_init=94.1 d_final=0.0
 Retrying in 1 seconds
[shaping_diag] success_cum_shaping=282.39 T=210 d_init=94.1 d_final=0.0
 Retrying in 1 seconds
[shaping_diag] success_cum_shaping=282.39 T=224 d_init=94.1 d_final=0.0
 Retrying in 1 seconds
[shaping_diag] success_cum_shaping=282.39 T=202 d_init=94.1 d_final=0.0
 Retrying in 1 seconds
[shaping_diag] success_cum_shaping=282.39 T=206 d_init=94.1 d_final=0.0
 Retrying in 1 seconds
[shaping_diag] success_cum_shaping=282.39 T=227 d_init=94.1 d_final=0.0
 Retrying in 1 seconds
[shaping_diag] success_cum_shaping=282.39 T=188 d_init=94.1 d_final=0.0
 Retrying in 1 seconds
[shaping_diag] success_cum_shaping=282.39 T=190 d_init=94.1 d_final=0.0
 Retrying in 1 seconds
[shaping_diag] success_cum_shaping=282.39 T=202 d_init=94.1 d_final=0.0
 Retrying in 1 seconds
[shaping_diag] success_cum_shaping=282.39 T=219 d_init=94.1 d_final=0.0
 Retrying in 1 seconds
[shaping_diag] success_cum_shaping=282.39 T=201 d_init=94.1 d_final=0.0
 Retrying in 1 seconds
 Retrying in 1 seconds
[shaping_diag] success_cum_shaping=282.39 T=238 d_init=94.1 d_final=0.0
 Retrying in 1 seconds
[shaping_diag] success_cum_shaping=282.39 T=201 d_init=94.1 d_final=0.0
 Retrying in 1 seconds
[shaping_diag] success_cum_shaping=282.39 T=225 d_init=94.1 d_final=0.0
 Retrying in 1 seconds
[shaping_diag] success_cum_shaping=282.39 T=236 d_init=94.1 d_final=0.0
 Retrying in 1 seconds
[shaping_diag] success_cum_shaping=282.39 T=205 d_init=94.1 d_final=0.0
 Retrying in 1 seconds
[shaping_diag] success_cum_shaping=282.39 T=201 d_init=94.1 d_final=0.0
 Retrying in 1 seconds
[shaping_diag] success_cum_shaping=282.39 T=240 d_init=94.1 d_final=0.0
 Retrying in 1 seconds
[shaping_diag] success_cum_shaping=282.39 T=205 d_init=94.1 d_final=0.0
 Retrying in 1 seconds
[shaping_diag] success_cum_shaping=282.39 T=202 d_init=94.1 d_final=0.0
 Retrying in 1 seconds
[shaping_diag] success_cum_shaping=282.39 T=243 d_init=94.1 d_final=0.0
 Retrying in 1 seconds
[shaping_diag] success_cum_shaping=282.39 T=216 d_init=94.1 d_final=0.0
 Retrying in 1 seconds
[shaping_diag] success_cum_shaping=282.39 T=227 d_init=94.1 d_final=0.0
 Retrying in 1 seconds
[shaping_diag] success_cum_shaping=282.39 T=218 d_init=94.1 d_final=0.0
 Retrying in 1 seconds
[shaping_diag] success_cum_shaping=282.39 T=222 d_init=94.1 d_final=0.0
 Retrying in 1 seconds
[shaping_diag] success_cum_shaping=282.39 T=236 d_init=94.1 d_final=0.0
 Retrying in 1 seconds
[shaping_diag] success_cum_shaping=282.39 T=227 d_init=94.1 d_final=0.0
 Retrying in 1 seconds
[shaping_diag] success_cum_shaping=282.39 T=229 d_init=94.1 d_final=0.0
 Retrying in 1 seconds
[shaping_diag] success_cum_shaping=282.39 T=213 d_init=94.1 d_final=0.0
 Retrying in 1 seconds
 Retrying in 1 seconds
[shaping_diag] success_cum_shaping=282.39 T=227 d_init=94.1 d_final=0.0
 Retrying in 1 seconds
[shaping_diag] success_cum_shaping=282.39 T=245 d_init=94.1 d_final=0.0
 Retrying in 1 seconds
[shaping_diag] success_cum_shaping=282.39 T=225 d_init=94.1 d_final=0.0
 Retrying in 1 seconds
[shaping_diag] success_cum_shaping=282.39 T=220 d_init=94.1 d_final=0.0
 Retrying in 1 seconds
[shaping_diag] success_cum_shaping=282.39 T=204 d_init=94.1 d_final=0.0
 Retrying in 1 seconds
[shaping_diag] success_cum_shaping=282.39 T=216 d_init=94.1 d_final=0.0
 Retrying in 1 seconds
[shaping_diag] success_cum_shaping=282.39 T=230 d_init=94.1 d_final=0.0
 Retrying in 1 seconds
[shaping_diag] success_cum_shaping=282.39 T=209 d_init=94.1 d_final=0.0
 Retrying in 1 seconds
[shaping_diag] success_cum_shaping=282.39 T=230 d_init=94.1 d_final=0.0
 Retrying in 1 seconds
[shaping_diag] success_cum_shaping=282.39 T=207 d_init=94.1 d_final=0.0
 Retrying in 1 seconds
[shaping_diag] success_cum_shaping=282.39 T=216 d_init=94.1 d_final=0.0
 Retrying in 1 seconds
[shaping_diag] success_cum_shaping=282.39 T=192 d_init=94.1 d_final=0.0
 Retrying in 1 seconds
[shaping_diag] success_cum_shaping=282.39 T=221 d_init=94.1 d_final=0.0
 Retrying in 1 seconds
[shaping_diag] success_cum_shaping=282.39 T=224 d_init=94.1 d_final=0.0
 Retrying in 1 seconds
[shaping_diag] success_cum_shaping=282.39 T=226 d_init=94.1 d_final=0.0
 Retrying in 1 seconds
[shaping_diag] success_cum_shaping=282.39 T=234 d_init=94.1 d_final=0.0
 Retrying in 1 seconds
[shaping_diag] success_cum_shaping=282.39 T=219 d_init=94.1 d_final=0.0
 Retrying in 1 seconds
[shaping_diag] success_cum_shaping=282.39 T=238 d_init=94.1 d_final=0.0
 Retrying in 1 seconds
 Retrying in 1 seconds
[shaping_diag] success_cum_shaping=282.39 T=203 d_init=94.1 d_final=0.0
 Retrying in 1 seconds
[shaping_diag] success_cum_shaping=282.39 T=231 d_init=94.1 d_final=0.0
 Retrying in 1 seconds
[shaping_diag] success_cum_shaping=282.39 T=212 d_init=94.1 d_final=0.0
 Retrying in 1 seconds
[shaping_diag] success_cum_shaping=282.39 T=234 d_init=94.1 d_final=0.0
 Retrying in 1 seconds
[shaping_diag] success_cum_shaping=282.39 T=239 d_init=94.1 d_final=0.0
 Retrying in 1 seconds
[shaping_diag] success_cum_shaping=282.39 T=199 d_init=94.1 d_final=0.0
 Retrying in 1 seconds
[shaping_diag] success_cum_shaping=282.39 T=244 d_init=94.1 d_final=0.0
 Retrying in 1 seconds
[shaping_diag] success_cum_shaping=282.39 T=222 d_init=94.1 d_final=0.0
 Retrying in 1 seconds
[shaping_diag] success_cum_shaping=282.39 T=210 d_init=94.1 d_final=0.0
 Retrying in 1 seconds
[shaping_diag] success_cum_shaping=282.39 T=213 d_init=94.1 d_final=0.0
 Retrying in 1 seconds
[shaping_diag] success_cum_shaping=282.39 T=228 d_init=94.1 d_final=0.0
 Retrying in 1 seconds
[shaping_diag] success_cum_shaping=282.39 T=247 d_init=94.1 d_final=0.0
 Retrying in 1 seconds
[shaping_diag] success_cum_shaping=282.39 T=224 d_init=94.1 d_final=0.0
 Retrying in 1 seconds
[shaping_diag] success_cum_shaping=282.39 T=215 d_init=94.1 d_final=0.0
 Retrying in 1 seconds
[shaping_diag] success_cum_shaping=282.39 T=213 d_init=94.1 d_final=0.0
 Retrying in 1 seconds
[shaping_diag] success_cum_shaping=282.39 T=227 d_init=94.1 d_final=0.0
 Retrying in 1 seconds
[shaping_diag] success_cum_shaping=282.39 T=213 d_init=94.1 d_final=0.0
 Retrying in 1 seconds
[shaping_diag] success_cum_shaping=282.39 T=225 d_init=94.1 d_final=0.0
 Retrying in 1 seconds
 Retrying in 1 seconds
[shaping_diag] success_cum_shaping=282.39 T=183 d_init=94.1 d_final=0.0
 Retrying in 1 seconds
[shaping_diag] success_cum_shaping=282.39 T=207 d_init=94.1 d_final=0.0
 Retrying in 1 seconds
[shaping_diag] success_cum_shaping=282.39 T=217 d_init=94.1 d_final=0.0
 Retrying in 1 seconds
[shaping_diag] success_cum_shaping=282.39 T=191 d_init=94.1 d_final=0.0
 Retrying in 1 seconds
[shaping_diag] success_cum_shaping=282.39 T=184 d_init=94.1 d_final=0.0
 Retrying in 1 seconds
[shaping_diag] success_cum_shaping=282.39 T=195 d_init=94.1 d_final=0.0
 Retrying in 1 seconds
[shaping_diag] success_cum_shaping=282.39 T=196 d_init=94.1 d_final=0.0
 Retrying in 1 seconds
[shaping_diag] success_cum_shaping=282.39 T=197 d_init=94.1 d_final=0.0
 Retrying in 1 seconds
[shaping_diag] success_cum_shaping=282.39 T=179 d_init=94.1 d_final=0.0
 Retrying in 1 seconds
[shaping_diag] success_cum_shaping=282.39 T=204 d_init=94.1 d_final=0.0
[fusion_aux] step=208896 ret=405.01 coll=0 ttc=6.77 soft_res=7083.1460 cbf_res=0.0000 align_kl=0.4871
 Retrying in 1 seconds
[shaping_diag] success_cum_shaping=282.39 T=236 d_init=94.1 d_final=0.0
 Retrying in 1 seconds
[shaping_diag] success_cum_shaping=282.39 T=191 d_init=94.1 d_final=0.0
 Retrying in 1 seconds
[shaping_diag] success_cum_shaping=282.39 T=218 d_init=94.1 d_final=0.0
 Retrying in 1 seconds
[shaping_diag] success_cum_shaping=282.39 T=241 d_init=94.1 d_final=0.0
 Retrying in 1 seconds
[shaping_diag] success_cum_shaping=282.39 T=228 d_init=94.1 d_final=0.0
 Retrying in 1 seconds
[shaping_diag] success_cum_shaping=282.39 T=212 d_init=94.1 d_final=0.0
 Retrying in 1 seconds
[shaping_diag] success_cum_shaping=282.39 T=230 d_init=94.1 d_final=0.0
 Retrying in 1 seconds
[shaping_diag] success_cum_shaping=282.39 T=199 d_init=94.1 d_final=0.0
 Retrying in 1 seconds
[shaping_diag] success_cum_shaping=282.39 T=212 d_init=94.1 d_final=0.0
 Retrying in 1 seconds
[shaping_diag] success_cum_shaping=282.39 T=210 d_init=94.1 d_final=0.0
 Retrying in 1 seconds
[shaping_diag] success_cum_shaping=282.39 T=223 d_init=94.1 d_final=0.0
 Retrying in 1 seconds
[shaping_diag] success_cum_shaping=282.39 T=223 d_init=94.1 d_final=0.0
 Retrying in 1 seconds
[shaping_diag] success_cum_shaping=282.39 T=201 d_init=94.1 d_final=0.0
 Retrying in 1 seconds
[shaping_diag] success_cum_shaping=282.39 T=191 d_init=94.1 d_final=0.0
 Retrying in 1 seconds
[shaping_diag] success_cum_shaping=282.39 T=227 d_init=94.1 d_final=0.0
 Retrying in 1 seconds
[shaping_diag] success_cum_shaping=282.39 T=221 d_init=94.1 d_final=0.0
 Retrying in 1 seconds
[shaping_diag] success_cum_shaping=282.39 T=211 d_init=94.1 d_final=0.0
 Retrying in 1 seconds
[shaping_diag] success_cum_shaping=282.39 T=212 d_init=94.1 d_final=0.0
 Retrying in 1 seconds
 Retrying in 1 seconds
[shaping_diag] success_cum_shaping=282.39 T=231 d_init=94.1 d_final=0.0
 Retrying in 1 seconds
[shaping_diag] success_cum_shaping=282.39 T=231 d_init=94.1 d_final=0.0
 Retrying in 1 seconds
[shaping_diag] success_cum_shaping=282.39 T=209 d_init=94.1 d_final=0.0
 Retrying in 1 seconds
[shaping_diag] success_cum_shaping=282.39 T=201 d_init=94.1 d_final=0.0
 Retrying in 1 seconds
[shaping_diag] success_cum_shaping=282.39 T=241 d_init=94.1 d_final=0.0
 Retrying in 1 seconds
[shaping_diag] success_cum_shaping=282.39 T=244 d_init=94.1 d_final=0.0
 Retrying in 1 seconds
[shaping_diag] success_cum_shaping=282.39 T=195 d_init=94.1 d_final=0.0
 Retrying in 1 seconds
[shaping_diag] success_cum_shaping=282.39 T=205 d_init=94.1 d_final=0.0
 Retrying in 1 seconds
[shaping_diag] success_cum_shaping=282.39 T=218 d_init=94.1 d_final=0.0
 Retrying in 1 seconds
[shaping_diag] success_cum_shaping=282.39 T=260 d_init=94.1 d_final=0.0
 Retrying in 1 seconds
[shaping_diag] success_cum_shaping=282.39 T=234 d_init=94.1 d_final=0.0
 Retrying in 1 seconds
[shaping_diag] success_cum_shaping=282.39 T=226 d_init=94.1 d_final=0.0
 Retrying in 1 seconds
[shaping_diag] success_cum_shaping=282.39 T=245 d_init=94.1 d_final=0.0
 Retrying in 1 seconds
[shaping_diag] success_cum_shaping=282.39 T=203 d_init=94.1 d_final=0.0
 Retrying in 1 seconds
[shaping_diag] success_cum_shaping=282.39 T=225 d_init=94.1 d_final=0.0
 Retrying in 1 seconds
[shaping_diag] success_cum_shaping=282.39 T=223 d_init=94.1 d_final=0.0
 Retrying in 1 seconds
[shaping_diag] success_cum_shaping=282.39 T=234 d_init=94.1 d_final=0.0
 Retrying in 1 seconds
[shaping_diag] success_cum_shaping=282.39 T=249 d_init=94.1 d_final=0.0
 Retrying in 1 seconds
 Retrying in 1 seconds
[shaping_diag] success_cum_shaping=282.39 T=240 d_init=94.1 d_final=0.0
 Retrying in 1 seconds
[shaping_diag] success_cum_shaping=282.39 T=201 d_init=94.1 d_final=0.0
 Retrying in 1 seconds
[shaping_diag] success_cum_shaping=282.39 T=200 d_init=94.1 d_final=0.0
 Retrying in 1 seconds
[shaping_diag] success_cum_shaping=282.39 T=237 d_init=94.1 d_final=0.0
 Retrying in 1 seconds
[shaping_diag] success_cum_shaping=282.39 T=197 d_init=94.1 d_final=0.0
 Retrying in 1 seconds
[shaping_diag] success_cum_shaping=282.39 T=213 d_init=94.1 d_final=0.0
 Retrying in 1 seconds
[shaping_diag] success_cum_shaping=282.39 T=208 d_init=94.1 d_final=0.0
 Retrying in 1 seconds
[shaping_diag] success_cum_shaping=282.39 T=210 d_init=94.1 d_final=0.0
 Retrying in 1 seconds
[shaping_diag] success_cum_shaping=282.39 T=208 d_init=94.1 d_final=0.0
 Retrying in 1 seconds
[shaping_diag] success_cum_shaping=282.39 T=229 d_init=94.1 d_final=0.0
 Retrying in 1 seconds
[shaping_diag] success_cum_shaping=282.39 T=238 d_init=94.1 d_final=0.0
 Retrying in 1 seconds
[shaping_diag] success_cum_shaping=282.39 T=200 d_init=94.1 d_final=0.0
 Retrying in 1 seconds
[shaping_diag] success_cum_shaping=282.39 T=192 d_init=94.1 d_final=0.0
 Retrying in 1 seconds
[shaping_diag] success_cum_shaping=282.39 T=226 d_init=94.1 d_final=0.0
 Retrying in 1 seconds
[shaping_diag] success_cum_shaping=282.39 T=211 d_init=94.1 d_final=0.0
 Retrying in 1 seconds
[shaping_diag] success_cum_shaping=282.39 T=202 d_init=94.1 d_final=0.0
 Retrying in 1 seconds
[shaping_diag] success_cum_shaping=282.39 T=217 d_init=94.1 d_final=0.0
 Retrying in 1 seconds
[shaping_diag] success_cum_shaping=282.39 T=204 d_init=94.1 d_final=0.0
 Retrying in 1 seconds
[shaping_diag] success_cum_shaping=282.39 T=207 d_init=94.1 d_final=0.0
 Retrying in 1 seconds
 Retrying in 1 seconds
[shaping_diag] success_cum_shaping=282.39 T=204 d_init=94.1 d_final=0.0
 Retrying in 1 seconds
[shaping_diag] success_cum_shaping=282.39 T=197 d_init=94.1 d_final=0.0
 Retrying in 1 seconds
[shaping_diag] success_cum_shaping=282.39 T=216 d_init=94.1 d_final=0.0
 Retrying in 1 seconds
[shaping_diag] success_cum_shaping=282.39 T=217 d_init=94.1 d_final=0.0
 Retrying in 1 seconds
[shaping_diag] success_cum_shaping=282.39 T=199 d_init=94.1 d_final=0.0
 Retrying in 1 seconds
[shaping_diag] success_cum_shaping=282.39 T=211 d_init=94.1 d_final=0.0
 Retrying in 1 seconds
[shaping_diag] success_cum_shaping=282.39 T=242 d_init=94.1 d_final=0.0
 Retrying in 1 seconds
[shaping_diag] success_cum_shaping=282.39 T=222 d_init=94.1 d_final=0.0
 Retrying in 1 seconds
[shaping_diag] success_cum_shaping=282.39 T=215 d_init=94.1 d_final=0.0
 Retrying in 1 seconds
[shaping_diag] success_cum_shaping=282.39 T=197 d_init=94.1 d_final=0.0
 Retrying in 1 seconds
[shaping_diag] success_cum_shaping=282.39 T=239 d_init=94.1 d_final=0.0
 Retrying in 1 seconds
[shaping_diag] success_cum_shaping=282.39 T=206 d_init=94.1 d_final=0.0
 Retrying in 1 seconds
[shaping_diag] success_cum_shaping=282.39 T=232 d_init=94.1 d_final=0.0
 Retrying in 1 seconds
[shaping_diag] success_cum_shaping=282.39 T=217 d_init=94.1 d_final=0.0
 Retrying in 1 seconds
[shaping_diag] success_cum_shaping=282.39 T=186 d_init=94.1 d_final=0.0
 Retrying in 1 seconds
[shaping_diag] success_cum_shaping=282.39 T=207 d_init=94.1 d_final=0.0
 Retrying in 1 seconds
[shaping_diag] success_cum_shaping=282.39 T=204 d_init=94.1 d_final=0.0
 Retrying in 1 seconds
[shaping_diag] success_cum_shaping=282.39 T=218 d_init=94.1 d_final=0.0
 Retrying in 1 seconds
[shaping_diag] success_cum_shaping=282.39 T=202 d_init=94.1 d_final=0.0
 Retrying in 1 seconds
 Retrying in 1 seconds
[shaping_diag] success_cum_shaping=282.39 T=194 d_init=94.1 d_final=0.0
 Retrying in 1 seconds
[shaping_diag] success_cum_shaping=282.39 T=206 d_init=94.1 d_final=0.0
 Retrying in 1 seconds
[shaping_diag] success_cum_shaping=282.39 T=210 d_init=94.1 d_final=0.0
 Retrying in 1 seconds
[shaping_diag] success_cum_shaping=282.39 T=237 d_init=94.1 d_final=0.0
 Retrying in 1 seconds
[shaping_diag] success_cum_shaping=282.39 T=203 d_init=94.1 d_final=0.0
 Retrying in 1 seconds
[shaping_diag] success_cum_shaping=282.39 T=233 d_init=94.1 d_final=0.0
 Retrying in 1 seconds
[shaping_diag] success_cum_shaping=282.39 T=212 d_init=94.1 d_final=0.0
 Retrying in 1 seconds
[shaping_diag] success_cum_shaping=282.39 T=201 d_init=94.1 d_final=0.0
 Retrying in 1 seconds
[shaping_diag] success_cum_shaping=282.39 T=211 d_init=94.1 d_final=0.0
 Retrying in 1 seconds
[shaping_diag] success_cum_shaping=282.39 T=196 d_init=94.1 d_final=0.0
 Retrying in 1 seconds
[shaping_diag] success_cum_shaping=282.39 T=208 d_init=94.1 d_final=0.0
 Retrying in 1 seconds
[shaping_diag] success_cum_shaping=282.39 T=206 d_init=94.1 d_final=0.0
 Retrying in 1 seconds
[shaping_diag] success_cum_shaping=282.39 T=214 d_init=94.1 d_final=0.0
 Retrying in 1 seconds
[shaping_diag] success_cum_shaping=282.39 T=195 d_init=94.1 d_final=0.0
 Retrying in 1 seconds
[shaping_diag] success_cum_shaping=282.39 T=194 d_init=94.1 d_final=0.0
 Retrying in 1 seconds
[shaping_diag] success_cum_shaping=282.39 T=214 d_init=94.1 d_final=0.0
 Retrying in 1 seconds
[shaping_diag] success_cum_shaping=282.39 T=220 d_init=94.1 d_final=0.0
 Retrying in 1 seconds
[shaping_diag] success_cum_shaping=282.39 T=208 d_init=94.1 d_final=0.0
 Retrying in 1 seconds
[shaping_diag] success_cum_shaping=282.39 T=204 d_init=94.1 d_final=0.0
 Retrying in 1 seconds
 Retrying in 1 seconds
[shaping_diag] success_cum_shaping=282.39 T=209 d_init=94.1 d_final=0.0
 Retrying in 1 seconds
[shaping_diag] success_cum_shaping=282.39 T=216 d_init=94.1 d_final=0.0
 Retrying in 1 seconds
[shaping_diag] success_cum_shaping=282.39 T=234 d_init=94.1 d_final=0.0
 Retrying in 1 seconds
[shaping_diag] success_cum_shaping=282.39 T=220 d_init=94.1 d_final=0.0
 Retrying in 1 seconds
[shaping_diag] success_cum_shaping=282.39 T=210 d_init=94.1 d_final=0.0
 Retrying in 1 seconds
[shaping_diag] success_cum_shaping=282.39 T=233 d_init=94.1 d_final=0.0
 Retrying in 1 seconds
[shaping_diag] success_cum_shaping=282.39 T=242 d_init=94.1 d_final=0.0
 Retrying in 1 seconds
[shaping_diag] success_cum_shaping=282.39 T=216 d_init=94.1 d_final=0.0
 Retrying in 1 seconds
[shaping_diag] success_cum_shaping=282.39 T=223 d_init=94.1 d_final=0.0
 Retrying in 1 seconds
[shaping_diag] success_cum_shaping=282.39 T=220 d_init=94.1 d_final=0.0
 Retrying in 1 seconds
[shaping_diag] success_cum_shaping=282.39 T=232 d_init=94.1 d_final=0.0
 Retrying in 1 seconds
[shaping_diag] success_cum_shaping=282.39 T=217 d_init=94.1 d_final=0.0
 Retrying in 1 seconds
[shaping_diag] success_cum_shaping=282.39 T=232 d_init=94.1 d_final=0.0
 Retrying in 1 seconds
[shaping_diag] success_cum_shaping=282.39 T=219 d_init=94.1 d_final=0.0
 Retrying in 1 seconds
[shaping_diag] success_cum_shaping=282.39 T=227 d_init=94.1 d_final=0.0
 Retrying in 1 seconds
[shaping_diag] success_cum_shaping=282.39 T=221 d_init=94.1 d_final=0.0
 Retrying in 1 seconds
[shaping_diag] success_cum_shaping=282.39 T=207 d_init=94.1 d_final=0.0
 Retrying in 1 seconds
[shaping_diag] success_cum_shaping=282.39 T=201 d_init=94.1 d_final=0.0
 Retrying in 1 seconds
 Retrying in 1 seconds
[shaping_diag] success_cum_shaping=282.39 T=238 d_init=94.1 d_final=0.0
 Retrying in 1 seconds
[shaping_diag] success_cum_shaping=282.39 T=218 d_init=94.1 d_final=0.0
 Retrying in 1 seconds
[shaping_diag] success_cum_shaping=282.39 T=191 d_init=94.1 d_final=0.0
 Retrying in 1 seconds
[shaping_diag] success_cum_shaping=282.39 T=192 d_init=94.1 d_final=0.0
 Retrying in 1 seconds
[shaping_diag] success_cum_shaping=282.39 T=215 d_init=94.1 d_final=0.0
 Retrying in 1 seconds
[shaping_diag] success_cum_shaping=282.39 T=229 d_init=94.1 d_final=0.0
 Retrying in 1 seconds
[shaping_diag] success_cum_shaping=282.39 T=224 d_init=94.1 d_final=0.0
 Retrying in 1 seconds
[shaping_diag] success_cum_shaping=282.39 T=202 d_init=94.1 d_final=0.0
 Retrying in 1 seconds
[shaping_diag] success_cum_shaping=282.39 T=226 d_init=94.1 d_final=0.0
 Retrying in 1 seconds
[shaping_diag] success_cum_shaping=282.39 T=202 d_init=94.1 d_final=0.0
 Retrying in 1 seconds
[shaping_diag] success_cum_shaping=282.39 T=215 d_init=94.1 d_final=0.0
 Retrying in 1 seconds
[shaping_diag] success_cum_shaping=282.39 T=237 d_init=94.1 d_final=0.0
 Retrying in 1 seconds
[shaping_diag] success_cum_shaping=282.39 T=230 d_init=94.1 d_final=0.0
 Retrying in 1 seconds
[shaping_diag] success_cum_shaping=282.39 T=202 d_init=94.1 d_final=0.0
 Retrying in 1 seconds
[shaping_diag] success_cum_shaping=282.39 T=240 d_init=94.1 d_final=0.0
 Retrying in 1 seconds
[shaping_diag] success_cum_shaping=282.39 T=238 d_init=94.1 d_final=0.0
 Retrying in 1 seconds
[shaping_diag] success_cum_shaping=282.39 T=205 d_init=94.1 d_final=0.0
 Retrying in 1 seconds
[shaping_diag] success_cum_shaping=282.39 T=233 d_init=94.1 d_final=0.0
 Retrying in 1 seconds
 Retrying in 1 seconds
[shaping_diag] success_cum_shaping=282.39 T=202 d_init=94.1 d_final=0.0
 Retrying in 1 seconds
[shaping_diag] success_cum_shaping=282.39 T=223 d_init=94.1 d_final=0.0
 Retrying in 1 seconds
[shaping_diag] success_cum_shaping=282.39 T=213 d_init=94.1 d_final=0.0
 Retrying in 1 seconds
[shaping_diag] success_cum_shaping=282.39 T=222 d_init=94.1 d_final=0.0
 Retrying in 1 seconds
[shaping_diag] success_cum_shaping=282.39 T=222 d_init=94.1 d_final=0.0
 Retrying in 1 seconds
[shaping_diag] success_cum_shaping=282.39 T=223 d_init=94.1 d_final=0.0
 Retrying in 1 seconds
[shaping_diag] success_cum_shaping=282.39 T=228 d_init=94.1 d_final=0.0
 Retrying in 1 seconds
[shaping_diag] success_cum_shaping=282.39 T=226 d_init=94.1 d_final=0.0
 Retrying in 1 seconds
[shaping_diag] success_cum_shaping=282.39 T=233 d_init=94.1 d_final=0.0
 Retrying in 1 seconds
[shaping_diag] success_cum_shaping=282.39 T=245 d_init=94.1 d_final=0.0
 Retrying in 1 seconds
[shaping_diag] success_cum_shaping=282.39 T=216 d_init=94.1 d_final=0.0
 Retrying in 1 seconds
[shaping_diag] success_cum_shaping=282.39 T=222 d_init=94.1 d_final=0.0
 Retrying in 1 seconds
[shaping_diag] success_cum_shaping=282.39 T=210 d_init=94.1 d_final=0.0
 Retrying in 1 seconds
[shaping_diag] success_cum_shaping=282.39 T=206 d_init=94.1 d_final=0.0
 Retrying in 1 seconds
[shaping_diag] success_cum_shaping=282.39 T=209 d_init=94.1 d_final=0.0
 Retrying in 1 seconds
[shaping_diag] success_cum_shaping=282.39 T=227 d_init=94.1 d_final=0.0
 Retrying in 1 seconds
[shaping_diag] success_cum_shaping=282.39 T=230 d_init=94.1 d_final=0.0
 Retrying in 1 seconds
[shaping_diag] success_cum_shaping=282.39 T=184 d_init=94.1 d_final=0.0
 Retrying in 1 seconds
 Retrying in 1 seconds
[shaping_diag] success_cum_shaping=282.39 T=214 d_init=94.1 d_final=0.0
 Retrying in 1 seconds
[shaping_diag] success_cum_shaping=282.39 T=224 d_init=94.1 d_final=0.0
 Retrying in 1 seconds
[shaping_diag] success_cum_shaping=282.39 T=248 d_init=94.1 d_final=0.0
 Retrying in 1 seconds
[shaping_diag] success_cum_shaping=282.39 T=232 d_init=94.1 d_final=0.0
 Retrying in 1 seconds
[shaping_diag] success_cum_shaping=282.39 T=234 d_init=94.1 d_final=0.0
 Retrying in 1 seconds
[shaping_diag] success_cum_shaping=282.39 T=242 d_init=94.1 d_final=0.0
 Retrying in 1 seconds
[shaping_diag] success_cum_shaping=282.39 T=223 d_init=94.1 d_final=0.0
 Retrying in 1 seconds
[shaping_diag] success_cum_shaping=282.39 T=221 d_init=94.1 d_final=0.0
 Retrying in 1 seconds
[shaping_diag] success_cum_shaping=282.39 T=221 d_init=94.1 d_final=0.0
 Retrying in 1 seconds
[shaping_diag] success_cum_shaping=282.39 T=232 d_init=94.1 d_final=0.0
 Retrying in 1 seconds
[shaping_diag] success_cum_shaping=282.39 T=248 d_init=94.1 d_final=0.0
 Retrying in 1 seconds
[shaping_diag] success_cum_shaping=282.39 T=242 d_init=94.1 d_final=0.0
 Retrying in 1 seconds
[shaping_diag] success_cum_shaping=282.39 T=219 d_init=94.1 d_final=0.0
 Retrying in 1 seconds
[shaping_diag] success_cum_shaping=282.39 T=217 d_init=94.1 d_final=0.0
 Retrying in 1 seconds
[shaping_diag] success_cum_shaping=282.39 T=241 d_init=94.1 d_final=0.0
 Retrying in 1 seconds
[shaping_diag] success_cum_shaping=282.39 T=195 d_init=94.1 d_final=0.0
 Retrying in 1 seconds
[shaping_diag] success_cum_shaping=282.39 T=210 d_init=94.1 d_final=0.0
 Retrying in 1 seconds
[shaping_diag] success_cum_shaping=282.39 T=219 d_init=94.1 d_final=0.0
 Retrying in 1 seconds
 Retrying in 1 seconds
[shaping_diag] success_cum_shaping=282.39 T=201 d_init=94.1 d_final=0.0
 Retrying in 1 seconds
[shaping_diag] success_cum_shaping=282.39 T=239 d_init=94.1 d_final=0.0
 Retrying in 1 seconds
[shaping_diag] success_cum_shaping=282.39 T=220 d_init=94.1 d_final=0.0
 Retrying in 1 seconds
[shaping_diag] success_cum_shaping=282.39 T=229 d_init=94.1 d_final=0.0
 Retrying in 1 seconds
[shaping_diag] success_cum_shaping=282.39 T=211 d_init=94.1 d_final=0.0
 Retrying in 1 seconds
[shaping_diag] success_cum_shaping=282.39 T=223 d_init=94.1 d_final=0.0
 Retrying in 1 seconds
[shaping_diag] success_cum_shaping=282.39 T=213 d_init=94.1 d_final=0.0
 Retrying in 1 seconds
[shaping_diag] success_cum_shaping=282.39 T=212 d_init=94.1 d_final=0.0
 Retrying in 1 seconds
[shaping_diag] success_cum_shaping=282.39 T=230 d_init=94.1 d_final=0.0
 Retrying in 1 seconds
[shaping_diag] success_cum_shaping=282.39 T=242 d_init=94.1 d_final=0.0
 Retrying in 1 seconds
[shaping_diag] success_cum_shaping=282.39 T=219 d_init=94.1 d_final=0.0
 Retrying in 1 seconds
[shaping_diag] success_cum_shaping=282.39 T=253 d_init=94.1 d_final=0.0
 Retrying in 1 seconds
[shaping_diag] success_cum_shaping=282.39 T=238 d_init=94.1 d_final=0.0
 Retrying in 1 seconds
[shaping_diag] success_cum_shaping=282.39 T=208 d_init=94.1 d_final=0.0
 Retrying in 1 seconds
[shaping_diag] success_cum_shaping=282.39 T=220 d_init=94.1 d_final=0.0
 Retrying in 1 seconds
[shaping_diag] success_cum_shaping=282.39 T=217 d_init=94.1 d_final=0.0
 Retrying in 1 seconds
[shaping_diag] success_cum_shaping=282.39 T=231 d_init=94.1 d_final=0.0
 Retrying in 1 seconds
[shaping_diag] success_cum_shaping=282.39 T=211 d_init=94.1 d_final=0.0
 Retrying in 1 seconds
 Retrying in 1 seconds
[shaping_diag] success_cum_shaping=282.39 T=224 d_init=94.1 d_final=0.0
 Retrying in 1 seconds
[shaping_diag] success_cum_shaping=282.39 T=239 d_init=94.1 d_final=0.0
 Retrying in 1 seconds
[shaping_diag] success_cum_shaping=282.39 T=200 d_init=94.1 d_final=0.0
 Retrying in 1 seconds
[shaping_diag] success_cum_shaping=282.39 T=213 d_init=94.1 d_final=0.0
 Retrying in 1 seconds
[shaping_diag] success_cum_shaping=282.39 T=199 d_init=94.1 d_final=0.0
 Retrying in 1 seconds
[shaping_diag] success_cum_shaping=282.39 T=181 d_init=94.1 d_final=0.0
 Retrying in 1 seconds
[shaping_diag] success_cum_shaping=282.39 T=211 d_init=94.1 d_final=0.0
 Retrying in 1 seconds
[shaping_diag] success_cum_shaping=282.39 T=185 d_init=94.1 d_final=0.0
 Retrying in 1 seconds
[shaping_diag] success_cum_shaping=282.39 T=243 d_init=94.1 d_final=0.0
 Retrying in 1 seconds
[shaping_diag] success_cum_shaping=282.39 T=201 d_init=94.1 d_final=0.0
[fusion_aux] step=249856 ret=415.51 coll=0 ttc=6.44 soft_res=2.6773 cbf_res=0.0000 align_kl=0.4805
 Retrying in 1 seconds
[shaping_diag] success_cum_shaping=282.39 T=213 d_init=94.1 d_final=0.0
 Retrying in 1 seconds
[shaping_diag] success_cum_shaping=282.39 T=219 d_init=94.1 d_final=0.0
 Retrying in 1 seconds
[shaping_diag] success_cum_shaping=282.39 T=223 d_init=94.1 d_final=0.0
 Retrying in 1 seconds
[shaping_diag] success_cum_shaping=282.39 T=206 d_init=94.1 d_final=0.0
 Retrying in 1 seconds
[shaping_diag] success_cum_shaping=282.39 T=223 d_init=94.1 d_final=0.0
 Retrying in 1 seconds
[shaping_diag] success_cum_shaping=282.39 T=242 d_init=94.1 d_final=0.0
 Retrying in 1 seconds
[shaping_diag] success_cum_shaping=282.39 T=223 d_init=94.1 d_final=0.0
 Retrying in 1 seconds
[shaping_diag] success_cum_shaping=282.39 T=230 d_init=94.1 d_final=0.0
 Retrying in 1 seconds
[shaping_diag] success_cum_shaping=282.39 T=200 d_init=94.1 d_final=0.0
 Retrying in 1 seconds
[shaping_diag] success_cum_shaping=282.39 T=243 d_init=94.1 d_final=0.0
 Retrying in 1 seconds
[shaping_diag] success_cum_shaping=282.39 T=226 d_init=94.1 d_final=0.0
 Retrying in 1 seconds
[shaping_diag] success_cum_shaping=282.39 T=193 d_init=94.1 d_final=0.0
 Retrying in 1 seconds
[shaping_diag] success_cum_shaping=282.39 T=223 d_init=94.1 d_final=0.0
 Retrying in 1 seconds
[shaping_diag] success_cum_shaping=282.39 T=227 d_init=94.1 d_final=0.0
 Retrying in 1 seconds
[shaping_diag] success_cum_shaping=282.39 T=203 d_init=94.1 d_final=0.0
 Retrying in 1 seconds
[shaping_diag] success_cum_shaping=282.39 T=219 d_init=94.1 d_final=0.0
 Retrying in 1 seconds
[shaping_diag] success_cum_shaping=282.39 T=253 d_init=94.1 d_final=0.0
 Retrying in 1 seconds
[shaping_diag] success_cum_shaping=282.39 T=252 d_init=94.1 d_final=0.0
 Retrying in 1 seconds
 Retrying in 1 seconds
[shaping_diag] success_cum_shaping=282.39 T=360 d_init=94.1 d_final=0.0
 Retrying in 1 seconds
[shaping_diag] success_cum_shaping=282.39 T=191 d_init=94.1 d_final=0.0
 Retrying in 1 seconds
[shaping_diag] success_cum_shaping=282.39 T=244 d_init=94.1 d_final=0.0
 Retrying in 1 seconds
[shaping_diag] success_cum_shaping=282.39 T=205 d_init=94.1 d_final=0.0
 Retrying in 1 seconds
[shaping_diag] success_cum_shaping=282.39 T=219 d_init=94.1 d_final=0.0
 Retrying in 1 seconds
[shaping_diag] success_cum_shaping=282.39 T=202 d_init=94.1 d_final=0.0
 Retrying in 1 seconds
[shaping_diag] success_cum_shaping=282.39 T=194 d_init=94.1 d_final=0.0
 Retrying in 1 seconds
[shaping_diag] success_cum_shaping=282.39 T=216 d_init=94.1 d_final=0.0
 Retrying in 1 seconds
[shaping_diag] success_cum_shaping=282.39 T=215 d_init=94.1 d_final=0.0
 Retrying in 1 seconds
[shaping_diag] success_cum_shaping=282.39 T=226 d_init=94.1 d_final=0.0
 Retrying in 1 seconds
[shaping_diag] success_cum_shaping=282.39 T=234 d_init=94.1 d_final=0.0
 Retrying in 1 seconds
[shaping_diag] success_cum_shaping=282.39 T=282 d_init=94.1 d_final=0.0
 Retrying in 1 seconds
[shaping_diag] success_cum_shaping=282.39 T=224 d_init=94.1 d_final=0.0
 Retrying in 1 seconds
[shaping_diag] success_cum_shaping=282.39 T=226 d_init=94.1 d_final=0.0
 Retrying in 1 seconds
[shaping_diag] success_cum_shaping=282.39 T=246 d_init=94.1 d_final=0.0
 Retrying in 1 seconds
[shaping_diag] success_cum_shaping=282.39 T=203 d_init=94.1 d_final=0.0
 Retrying in 1 seconds
[shaping_diag] success_cum_shaping=282.39 T=240 d_init=94.1 d_final=0.0
 Retrying in 1 seconds
 Retrying in 1 seconds
[shaping_diag] success_cum_shaping=282.39 T=213 d_init=94.1 d_final=0.0
 Retrying in 1 seconds
[shaping_diag] success_cum_shaping=282.39 T=233 d_init=94.1 d_final=0.0
 Retrying in 1 seconds
[shaping_diag] success_cum_shaping=282.39 T=206 d_init=94.1 d_final=0.0
 Retrying in 1 seconds
[shaping_diag] success_cum_shaping=282.39 T=219 d_init=94.1 d_final=0.0
 Retrying in 1 seconds
[shaping_diag] success_cum_shaping=282.39 T=191 d_init=94.1 d_final=0.0
 Retrying in 1 seconds
[shaping_diag] success_cum_shaping=282.39 T=205 d_init=94.1 d_final=0.0
 Retrying in 1 seconds
 Retrying in 1 seconds
[shaping_diag] success_cum_shaping=282.39 T=226 d_init=94.1 d_final=0.0
 Retrying in 1 seconds
[shaping_diag] success_cum_shaping=282.39 T=199 d_init=94.1 d_final=0.0
 Retrying in 1 seconds
[shaping_diag] success_cum_shaping=282.39 T=232 d_init=94.1 d_final=0.0
 Retrying in 1 seconds
[shaping_diag] success_cum_shaping=282.39 T=207 d_init=94.1 d_final=0.0
 Retrying in 1 seconds
[shaping_diag] success_cum_shaping=282.39 T=232 d_init=94.1 d_final=0.0
 Retrying in 1 seconds
[shaping_diag] success_cum_shaping=282.39 T=208 d_init=94.1 d_final=0.0
 Retrying in 1 seconds
[shaping_diag] success_cum_shaping=282.39 T=213 d_init=94.1 d_final=0.0
 Retrying in 1 seconds
[shaping_diag] success_cum_shaping=282.39 T=287 d_init=94.1 d_final=0.0
 Retrying in 1 seconds
[shaping_diag] success_cum_shaping=282.39 T=211 d_init=94.1 d_final=0.0
 Retrying in 1 seconds
[shaping_diag] success_cum_shaping=282.39 T=213 d_init=94.1 d_final=0.0
 Retrying in 1 seconds
 Retrying in 1 seconds
[shaping_diag] success_cum_shaping=282.39 T=220 d_init=94.1 d_final=0.0
 Retrying in 1 seconds
[shaping_diag] success_cum_shaping=282.39 T=359 d_init=94.1 d_final=0.0
 Retrying in 1 seconds
[shaping_diag] success_cum_shaping=282.39 T=327 d_init=94.1 d_final=0.0
 Retrying in 1 seconds
[shaping_diag] success_cum_shaping=282.39 T=251 d_init=94.1 d_final=0.0
 Retrying in 1 seconds
[shaping_diag] success_cum_shaping=282.39 T=369 d_init=94.1 d_final=0.0
 Retrying in 1 seconds
[shaping_diag] success_cum_shaping=282.39 T=222 d_init=94.1 d_final=0.0
 Retrying in 1 seconds
[shaping_diag] success_cum_shaping=282.39 T=197 d_init=94.1 d_final=0.0
 Retrying in 1 seconds
[shaping_diag] success_cum_shaping=282.39 T=217 d_init=94.1 d_final=0.0
 Retrying in 1 seconds
[shaping_diag] success_cum_shaping=282.39 T=211 d_init=94.1 d_final=0.0
 Retrying in 1 seconds
[shaping_diag] success_cum_shaping=282.39 T=201 d_init=94.1 d_final=0.0
 Retrying in 1 seconds
[shaping_diag] success_cum_shaping=282.39 T=206 d_init=94.1 d_final=0.0
 Retrying in 1 seconds
[shaping_diag] success_cum_shaping=282.39 T=196 d_init=94.1 d_final=0.0
 Retrying in 1 seconds
[shaping_diag] success_cum_shaping=282.39 T=229 d_init=94.1 d_final=0.0
 Retrying in 1 seconds
[shaping_diag] success_cum_shaping=282.39 T=210 d_init=94.1 d_final=0.0
 Retrying in 1 seconds
 Retrying in 1 seconds
 Retrying in 1 seconds
[shaping_diag] success_cum_shaping=282.39 T=202 d_init=94.1 d_final=0.0
 Retrying in 1 seconds
[shaping_diag] success_cum_shaping=282.39 T=241 d_init=94.1 d_final=0.0
 Retrying in 1 seconds
[shaping_diag] success_cum_shaping=282.39 T=217 d_init=94.1 d_final=0.0
 Retrying in 1 seconds
[shaping_diag] success_cum_shaping=282.39 T=196 d_init=94.1 d_final=0.0
 Retrying in 1 seconds
[shaping_diag] success_cum_shaping=282.39 T=222 d_init=94.1 d_final=0.0
 Retrying in 1 seconds
[shaping_diag] success_cum_shaping=282.39 T=247 d_init=94.1 d_final=0.0
 Retrying in 1 seconds
[shaping_diag] success_cum_shaping=282.39 T=196 d_init=94.1 d_final=0.0
 Retrying in 1 seconds
[shaping_diag] success_cum_shaping=282.39 T=229 d_init=94.1 d_final=0.0
 Retrying in 1 seconds
[shaping_diag] success_cum_shaping=282.39 T=221 d_init=94.1 d_final=0.0
 Retrying in 1 seconds
[shaping_diag] success_cum_shaping=282.39 T=207 d_init=94.1 d_final=0.0
 Retrying in 1 seconds
[shaping_diag] success_cum_shaping=282.39 T=195 d_init=94.1 d_final=0.0
 Retrying in 1 seconds
[shaping_diag] success_cum_shaping=282.39 T=224 d_init=94.1 d_final=0.0
 Retrying in 1 seconds
[shaping_diag] success_cum_shaping=282.39 T=199 d_init=94.1 d_final=0.0
 Retrying in 1 seconds
[shaping_diag] success_cum_shaping=282.39 T=201 d_init=94.1 d_final=0.0
 Retrying in 1 seconds
[shaping_diag] success_cum_shaping=282.39 T=228 d_init=94.1 d_final=0.0
 Retrying in 1 seconds
[shaping_diag] success_cum_shaping=282.39 T=213 d_init=94.1 d_final=0.0
 Retrying in 1 seconds
[shaping_diag] success_cum_shaping=282.39 T=447 d_init=94.1 d_final=0.0
 Retrying in 1 seconds
[shaping_diag] success_cum_shaping=282.39 T=196 d_init=94.1 d_final=0.0
 Retrying in 1 seconds
 Retrying in 1 seconds
[shaping_diag] success_cum_shaping=282.39 T=205 d_init=94.1 d_final=0.0
 Retrying in 1 seconds
[shaping_diag] success_cum_shaping=282.39 T=224 d_init=94.1 d_final=0.0
 Retrying in 1 seconds
[shaping_diag] success_cum_shaping=282.39 T=206 d_init=94.1 d_final=0.0
 Retrying in 1 seconds
[shaping_diag] success_cum_shaping=282.39 T=233 d_init=94.1 d_final=0.0
 Retrying in 1 seconds
[shaping_diag] success_cum_shaping=282.39 T=203 d_init=94.1 d_final=0.0
 Retrying in 1 seconds
[shaping_diag] success_cum_shaping=282.39 T=212 d_init=94.1 d_final=0.0
 Retrying in 1 seconds
[shaping_diag] success_cum_shaping=282.39 T=215 d_init=94.1 d_final=0.0
 Retrying in 1 seconds
[shaping_diag] success_cum_shaping=282.39 T=226 d_init=94.1 d_final=0.0
 Retrying in 1 seconds
[shaping_diag] success_cum_shaping=282.39 T=271 d_init=94.1 d_final=0.0
 Retrying in 1 seconds
[shaping_diag] success_cum_shaping=282.39 T=200 d_init=94.1 d_final=0.0
 Retrying in 1 seconds
[shaping_diag] success_cum_shaping=282.39 T=251 d_init=94.1 d_final=0.0
 Retrying in 1 seconds
[shaping_diag] success_cum_shaping=282.39 T=239 d_init=94.1 d_final=0.0
 Retrying in 1 seconds
[shaping_diag] success_cum_shaping=282.39 T=219 d_init=94.1 d_final=0.0
 Retrying in 1 seconds
[shaping_diag] success_cum_shaping=282.39 T=211 d_init=94.1 d_final=0.0
 Retrying in 1 seconds
[shaping_diag] success_cum_shaping=282.39 T=199 d_init=94.1 d_final=0.0
 Retrying in 1 seconds
[shaping_diag] success_cum_shaping=282.39 T=203 d_init=94.1 d_final=0.0
 Retrying in 1 seconds
[shaping_diag] success_cum_shaping=282.39 T=235 d_init=94.1 d_final=0.0
 Retrying in 1 seconds
[shaping_diag] success_cum_shaping=282.39 T=261 d_init=94.1 d_final=0.0
 Retrying in 1 seconds
 Retrying in 1 seconds
[shaping_diag] success_cum_shaping=282.39 T=217 d_init=94.1 d_final=0.0
 Retrying in 1 seconds
[shaping_diag] success_cum_shaping=282.39 T=222 d_init=94.1 d_final=0.0
 Retrying in 1 seconds
[shaping_diag] success_cum_shaping=282.39 T=206 d_init=94.1 d_final=0.0
 Retrying in 1 seconds
[shaping_diag] success_cum_shaping=282.39 T=211 d_init=94.1 d_final=0.0
 Retrying in 1 seconds
[shaping_diag] success_cum_shaping=282.39 T=202 d_init=94.1 d_final=0.0
 Retrying in 1 seconds
[shaping_diag] success_cum_shaping=282.39 T=262 d_init=94.1 d_final=0.0
 Retrying in 1 seconds
[shaping_diag] success_cum_shaping=282.39 T=233 d_init=94.1 d_final=0.0
 Retrying in 1 seconds
[shaping_diag] success_cum_shaping=282.39 T=206 d_init=94.1 d_final=0.0
 Retrying in 1 seconds
[shaping_diag] success_cum_shaping=282.39 T=205 d_init=94.1 d_final=0.0
 Retrying in 1 seconds
[shaping_diag] success_cum_shaping=282.39 T=213 d_init=94.1 d_final=0.0
 Retrying in 1 seconds
[shaping_diag] success_cum_shaping=282.39 T=236 d_init=94.1 d_final=0.0
 Retrying in 1 seconds
[shaping_diag] success_cum_shaping=282.39 T=256 d_init=94.1 d_final=0.0
 Retrying in 1 seconds
[shaping_diag] success_cum_shaping=282.39 T=204 d_init=94.1 d_final=0.0
 Retrying in 1 seconds
[shaping_diag] success_cum_shaping=282.39 T=258 d_init=94.1 d_final=0.0
 Retrying in 1 seconds
[shaping_diag] success_cum_shaping=282.39 T=216 d_init=94.1 d_final=0.0
 Retrying in 1 seconds
[shaping_diag] success_cum_shaping=282.39 T=228 d_init=94.1 d_final=0.0
 Retrying in 1 seconds
[shaping_diag] success_cum_shaping=282.39 T=217 d_init=94.1 d_final=0.0
 Retrying in 1 seconds
[shaping_diag] success_cum_shaping=282.39 T=208 d_init=94.1 d_final=0.0
 Retrying in 1 seconds
 Retrying in 1 seconds
[shaping_diag] success_cum_shaping=282.39 T=219 d_init=94.1 d_final=0.0
 Retrying in 1 seconds
[shaping_diag] success_cum_shaping=282.39 T=229 d_init=94.1 d_final=0.0
 Retrying in 1 seconds
[shaping_diag] success_cum_shaping=282.39 T=253 d_init=94.1 d_final=0.0
 Retrying in 1 seconds
[shaping_diag] success_cum_shaping=282.39 T=220 d_init=94.1 d_final=0.0
 Retrying in 1 seconds
[shaping_diag] success_cum_shaping=282.39 T=239 d_init=94.1 d_final=0.0
 Retrying in 1 seconds
[shaping_diag] success_cum_shaping=282.39 T=220 d_init=94.1 d_final=0.0
 Retrying in 1 seconds
[shaping_diag] success_cum_shaping=282.39 T=205 d_init=94.1 d_final=0.0
 Retrying in 1 seconds
[shaping_diag] success_cum_shaping=282.39 T=242 d_init=94.1 d_final=0.0
 Retrying in 1 seconds
[shaping_diag] success_cum_shaping=282.39 T=219 d_init=94.1 d_final=0.0
 Retrying in 1 seconds
[shaping_diag] success_cum_shaping=282.39 T=208 d_init=94.1 d_final=0.0
 Retrying in 1 seconds
[shaping_diag] success_cum_shaping=282.39 T=205 d_init=94.1 d_final=0.0
 Retrying in 1 seconds
[shaping_diag] success_cum_shaping=282.39 T=206 d_init=94.1 d_final=0.0
 Retrying in 1 seconds
[shaping_diag] success_cum_shaping=282.39 T=222 d_init=94.1 d_final=0.0
 Retrying in 1 seconds
[shaping_diag] success_cum_shaping=282.39 T=196 d_init=94.1 d_final=0.0
 Retrying in 1 seconds
[shaping_diag] success_cum_shaping=282.39 T=193 d_init=94.1 d_final=0.0
 Retrying in 1 seconds
[shaping_diag] success_cum_shaping=282.39 T=209 d_init=94.1 d_final=0.0
 Retrying in 1 seconds
[shaping_diag] success_cum_shaping=282.39 T=214 d_init=94.1 d_final=0.0
 Retrying in 1 seconds
[shaping_diag] success_cum_shaping=282.39 T=209 d_init=94.1 d_final=0.0
 Retrying in 1 seconds
 Retrying in 1 seconds
[shaping_diag] success_cum_shaping=282.39 T=228 d_init=94.1 d_final=0.0
 Retrying in 1 seconds
[shaping_diag] success_cum_shaping=282.39 T=234 d_init=94.1 d_final=0.0
 Retrying in 1 seconds
[shaping_diag] success_cum_shaping=282.39 T=219 d_init=94.1 d_final=0.0
 Retrying in 1 seconds
[shaping_diag] success_cum_shaping=282.39 T=203 d_init=94.1 d_final=0.0
 Retrying in 1 seconds
[shaping_diag] success_cum_shaping=282.39 T=210 d_init=94.1 d_final=0.0
 Retrying in 1 seconds
[shaping_diag] success_cum_shaping=282.39 T=229 d_init=94.1 d_final=0.0
 Retrying in 1 seconds
[shaping_diag] success_cum_shaping=282.39 T=217 d_init=94.1 d_final=0.0
 Retrying in 1 seconds
[shaping_diag] success_cum_shaping=282.39 T=241 d_init=94.1 d_final=0.0
 Retrying in 1 seconds
[shaping_diag] success_cum_shaping=282.39 T=199 d_init=94.1 d_final=0.0
 Retrying in 1 seconds
[shaping_diag] success_cum_shaping=282.39 T=200 d_init=94.1 d_final=0.0
 Retrying in 1 seconds
[shaping_diag] success_cum_shaping=282.39 T=213 d_init=94.1 d_final=0.0
 Retrying in 1 seconds
[shaping_diag] success_cum_shaping=282.39 T=209 d_init=94.1 d_final=0.0
 Retrying in 1 seconds
[shaping_diag] success_cum_shaping=282.39 T=225 d_init=94.1 d_final=0.0
 Retrying in 1 seconds
[shaping_diag] success_cum_shaping=282.39 T=226 d_init=94.1 d_final=0.0
 Retrying in 1 seconds
[shaping_diag] success_cum_shaping=282.39 T=222 d_init=94.1 d_final=0.0
 Retrying in 1 seconds
[shaping_diag] success_cum_shaping=282.39 T=201 d_init=94.1 d_final=0.0
 Retrying in 1 seconds
[shaping_diag] success_cum_shaping=282.39 T=199 d_init=94.1 d_final=0.0
 Retrying in 1 seconds
[shaping_diag] success_cum_shaping=282.39 T=202 d_init=94.1 d_final=0.0
 Retrying in 1 seconds
 Retrying in 1 seconds
[shaping_diag] success_cum_shaping=282.39 T=203 d_init=94.1 d_final=0.0
 Retrying in 1 seconds
[shaping_diag] success_cum_shaping=282.39 T=212 d_init=94.1 d_final=0.0
 Retrying in 1 seconds
[shaping_diag] success_cum_shaping=282.39 T=244 d_init=94.1 d_final=0.0
 Retrying in 1 seconds
[shaping_diag] success_cum_shaping=282.39 T=230 d_init=94.1 d_final=0.0
 Retrying in 1 seconds
[shaping_diag] success_cum_shaping=282.39 T=216 d_init=94.1 d_final=0.0
 Retrying in 1 seconds
[shaping_diag] success_cum_shaping=282.39 T=208 d_init=94.1 d_final=0.0
 Retrying in 1 seconds
[shaping_diag] success_cum_shaping=282.39 T=210 d_init=94.1 d_final=0.0
 Retrying in 1 seconds
[shaping_diag] success_cum_shaping=282.39 T=211 d_init=94.1 d_final=0.0
 Retrying in 1 seconds
[shaping_diag] success_cum_shaping=282.39 T=224 d_init=94.1 d_final=0.0
 Retrying in 1 seconds
[shaping_diag] success_cum_shaping=282.39 T=232 d_init=94.1 d_final=0.0
 Retrying in 1 seconds
[shaping_diag] success_cum_shaping=282.39 T=193 d_init=94.1 d_final=0.0
 Retrying in 1 seconds
[shaping_diag] success_cum_shaping=282.39 T=190 d_init=94.1 d_final=0.0
 Retrying in 1 seconds
[shaping_diag] success_cum_shaping=282.39 T=199 d_init=94.1 d_final=0.0
 Retrying in 1 seconds
[shaping_diag] success_cum_shaping=282.39 T=237 d_init=94.1 d_final=0.0
 Retrying in 1 seconds
[shaping_diag] success_cum_shaping=282.39 T=231 d_init=94.1 d_final=0.0
 Retrying in 1 seconds
[shaping_diag] success_cum_shaping=282.39 T=225 d_init=94.1 d_final=0.0
 Retrying in 1 seconds
[shaping_diag] success_cum_shaping=282.39 T=225 d_init=94.1 d_final=0.0
 Retrying in 1 seconds
[shaping_diag] success_cum_shaping=282.39 T=201 d_init=94.1 d_final=0.0
 Retrying in 1 seconds
 Retrying in 1 seconds
[shaping_diag] success_cum_shaping=282.39 T=223 d_init=94.1 d_final=0.0
 Retrying in 1 seconds
[shaping_diag] success_cum_shaping=282.39 T=199 d_init=94.1 d_final=0.0
 Retrying in 1 seconds
[shaping_diag] success_cum_shaping=282.39 T=196 d_init=94.1 d_final=0.0
 Retrying in 1 seconds
[shaping_diag] success_cum_shaping=282.39 T=208 d_init=94.1 d_final=0.0
 Retrying in 1 seconds
[shaping_diag] success_cum_shaping=282.39 T=199 d_init=94.1 d_final=0.0
 Retrying in 1 seconds
[shaping_diag] success_cum_shaping=282.39 T=207 d_init=94.1 d_final=0.0
 Retrying in 1 seconds
[shaping_diag] success_cum_shaping=282.39 T=196 d_init=94.1 d_final=0.0
 Retrying in 1 seconds
[shaping_diag] success_cum_shaping=282.39 T=224 d_init=94.1 d_final=0.0
 Retrying in 1 seconds
[shaping_diag] success_cum_shaping=282.39 T=219 d_init=94.1 d_final=0.0
 Retrying in 1 seconds
[shaping_diag] success_cum_shaping=282.39 T=216 d_init=94.1 d_final=0.0
[fusion_aux] step=290816 ret=427.26 coll=0 ttc=6.66 soft_res=2.5172 cbf_res=0.0000 align_kl=0.5825
 Retrying in 1 seconds
[shaping_diag] success_cum_shaping=282.39 T=218 d_init=94.1 d_final=0.0
 Retrying in 1 seconds
[shaping_diag] success_cum_shaping=282.39 T=207 d_init=94.1 d_final=0.0
 Retrying in 1 seconds
[shaping_diag] success_cum_shaping=282.39 T=242 d_init=94.1 d_final=0.0
 Retrying in 1 seconds
[shaping_diag] success_cum_shaping=282.39 T=218 d_init=94.1 d_final=0.0
 Retrying in 1 seconds
[shaping_diag] success_cum_shaping=282.39 T=204 d_init=94.1 d_final=0.0
 Retrying in 1 seconds
[shaping_diag] success_cum_shaping=282.39 T=191 d_init=94.1 d_final=0.0
 Retrying in 1 seconds
[shaping_diag] success_cum_shaping=282.39 T=217 d_init=94.1 d_final=0.0
 Retrying in 1 seconds
[shaping_diag] success_cum_shaping=282.39 T=207 d_init=94.1 d_final=0.0
 Retrying in 1 seconds
[shaping_diag] success_cum_shaping=282.39 T=232 d_init=94.1 d_final=0.0
 Retrying in 1 seconds
[shaping_diag] success_cum_shaping=282.39 T=221 d_init=94.1 d_final=0.0
 Retrying in 1 seconds
[shaping_diag] success_cum_shaping=282.39 T=206 d_init=94.1 d_final=0.0
 Retrying in 1 seconds
[shaping_diag] success_cum_shaping=282.39 T=215 d_init=94.1 d_final=0.0
 Retrying in 1 seconds
[shaping_diag] success_cum_shaping=282.39 T=203 d_init=94.1 d_final=0.0
 Retrying in 1 seconds
[shaping_diag] success_cum_shaping=282.39 T=225 d_init=94.1 d_final=0.0
 Retrying in 1 seconds
[shaping_diag] success_cum_shaping=282.39 T=208 d_init=94.1 d_final=0.0
 Retrying in 1 seconds
[shaping_diag] success_cum_shaping=282.39 T=236 d_init=94.1 d_final=0.0
 Retrying in 1 seconds
[shaping_diag] success_cum_shaping=282.39 T=209 d_init=94.1 d_final=0.0
 Retrying in 1 seconds
[shaping_diag] success_cum_shaping=282.39 T=214 d_init=94.1 d_final=0.0
 Retrying in 1 seconds
[shaping_diag] success_cum_shaping=282.39 T=196 d_init=94.1 d_final=0.0
 Retrying in 1 seconds
 Retrying in 1 seconds
[shaping_diag] success_cum_shaping=282.39 T=226 d_init=94.1 d_final=0.0
 Retrying in 1 seconds
[shaping_diag] success_cum_shaping=282.39 T=205 d_init=94.1 d_final=0.0
 Retrying in 1 seconds
[shaping_diag] success_cum_shaping=282.39 T=209 d_init=94.1 d_final=0.0
 Retrying in 1 seconds
[shaping_diag] success_cum_shaping=282.39 T=225 d_init=94.1 d_final=0.0
 Retrying in 1 seconds
[shaping_diag] success_cum_shaping=282.39 T=211 d_init=94.1 d_final=0.0
 Retrying in 1 seconds
[shaping_diag] success_cum_shaping=282.39 T=197 d_init=94.1 d_final=0.0
 Retrying in 1 seconds
[shaping_diag] success_cum_shaping=282.39 T=199 d_init=94.1 d_final=0.0
 Retrying in 1 seconds
[shaping_diag] success_cum_shaping=282.39 T=225 d_init=94.1 d_final=0.0
 Retrying in 1 seconds
[shaping_diag] success_cum_shaping=282.39 T=230 d_init=94.1 d_final=0.0
 Retrying in 1 seconds
[shaping_diag] success_cum_shaping=282.39 T=222 d_init=94.1 d_final=0.0
 Retrying in 1 seconds
[shaping_diag] success_cum_shaping=282.39 T=213 d_init=94.1 d_final=0.0
 Retrying in 1 seconds
[shaping_diag] success_cum_shaping=282.39 T=209 d_init=94.1 d_final=0.0
 Retrying in 1 seconds
[shaping_diag] success_cum_shaping=282.39 T=224 d_init=94.1 d_final=0.0
 Retrying in 1 seconds
[shaping_diag] success_cum_shaping=282.39 T=229 d_init=94.1 d_final=0.0
 Retrying in 1 seconds
[shaping_diag] success_cum_shaping=282.39 T=212 d_init=94.1 d_final=0.0
 Retrying in 1 seconds
[shaping_diag] success_cum_shaping=282.39 T=245 d_init=94.1 d_final=0.0
 Retrying in 1 seconds
[shaping_diag] success_cum_shaping=282.39 T=193 d_init=94.1 d_final=0.0
 Retrying in 1 seconds
[shaping_diag] success_cum_shaping=282.39 T=186 d_init=94.1 d_final=0.0
 Retrying in 1 seconds
[shaping_diag] success_cum_shaping=282.39 T=203 d_init=94.1 d_final=0.0
 Retrying in 1 seconds
 Retrying in 1 seconds
[shaping_diag] success_cum_shaping=282.39 T=221 d_init=94.1 d_final=0.0
 Retrying in 1 seconds
[shaping_diag] success_cum_shaping=282.39 T=224 d_init=94.1 d_final=0.0
 Retrying in 1 seconds
[shaping_diag] success_cum_shaping=282.39 T=229 d_init=94.1 d_final=0.0
 Retrying in 1 seconds
[shaping_diag] success_cum_shaping=282.39 T=222 d_init=94.1 d_final=0.0
 Retrying in 1 seconds
[shaping_diag] success_cum_shaping=282.39 T=205 d_init=94.1 d_final=0.0
 Retrying in 1 seconds
[shaping_diag] success_cum_shaping=282.39 T=194 d_init=94.1 d_final=0.0
 Retrying in 1 seconds
[shaping_diag] success_cum_shaping=282.39 T=229 d_init=94.1 d_final=0.0
 Retrying in 1 seconds
[shaping_diag] success_cum_shaping=282.39 T=200 d_init=94.1 d_final=0.0
 Retrying in 1 seconds
[shaping_diag] success_cum_shaping=282.39 T=216 d_init=94.1 d_final=0.0
 Retrying in 1 seconds
[shaping_diag] success_cum_shaping=282.39 T=206 d_init=94.1 d_final=0.0
 Retrying in 1 seconds
[shaping_diag] success_cum_shaping=282.39 T=212 d_init=94.1 d_final=0.0
 Retrying in 1 seconds
[shaping_diag] success_cum_shaping=282.39 T=204 d_init=94.1 d_final=0.0
 Retrying in 1 seconds
[shaping_diag] success_cum_shaping=282.39 T=208 d_init=94.1 d_final=0.0
 Retrying in 1 seconds
[shaping_diag] success_cum_shaping=282.39 T=228 d_init=94.1 d_final=0.0
 Retrying in 1 seconds
[shaping_diag] success_cum_shaping=282.39 T=232 d_init=94.1 d_final=0.0
 Retrying in 1 seconds
[shaping_diag] success_cum_shaping=282.39 T=203 d_init=94.1 d_final=0.0
 Retrying in 1 seconds
[shaping_diag] success_cum_shaping=282.39 T=199 d_init=94.1 d_final=0.0
 Retrying in 1 seconds
[shaping_diag] success_cum_shaping=282.39 T=205 d_init=94.1 d_final=0.0
 Retrying in 1 seconds
[shaping_diag] success_cum_shaping=282.39 T=228 d_init=94.1 d_final=0.0
 Retrying in 1 seconds
 Retrying in 1 seconds
[shaping_diag] success_cum_shaping=282.39 T=223 d_init=94.1 d_final=0.0
 Retrying in 1 seconds
[shaping_diag] success_cum_shaping=282.39 T=230 d_init=94.1 d_final=0.0
 Retrying in 1 seconds
[shaping_diag] success_cum_shaping=282.39 T=197 d_init=94.1 d_final=0.0
 Retrying in 1 seconds
[shaping_diag] success_cum_shaping=282.39 T=218 d_init=94.1 d_final=0.0
 Retrying in 1 seconds
[shaping_diag] success_cum_shaping=282.39 T=239 d_init=94.1 d_final=0.0
 Retrying in 1 seconds
[shaping_diag] success_cum_shaping=282.39 T=220 d_init=94.1 d_final=0.0
 Retrying in 1 seconds
[shaping_diag] success_cum_shaping=282.39 T=226 d_init=94.1 d_final=0.0
 Retrying in 1 seconds
[shaping_diag] success_cum_shaping=282.39 T=219 d_init=94.1 d_final=0.0
 Retrying in 1 seconds
[shaping_diag] success_cum_shaping=282.39 T=233 d_init=94.1 d_final=0.0
 Retrying in 1 seconds
[shaping_diag] success_cum_shaping=282.39 T=218 d_init=94.1 d_final=0.0
 Retrying in 1 seconds
[shaping_diag] success_cum_shaping=282.39 T=190 d_init=94.1 d_final=0.0
 Retrying in 1 seconds
[shaping_diag] success_cum_shaping=282.39 T=225 d_init=94.1 d_final=0.0
 Retrying in 1 seconds
[shaping_diag] success_cum_shaping=282.39 T=190 d_init=94.1 d_final=0.0
 Retrying in 1 seconds
[shaping_diag] success_cum_shaping=282.39 T=238 d_init=94.1 d_final=0.0
 Retrying in 1 seconds
[shaping_diag] success_cum_shaping=282.39 T=191 d_init=94.1 d_final=0.0
 Retrying in 1 seconds
[shaping_diag] success_cum_shaping=282.39 T=205 d_init=94.1 d_final=0.0
 Retrying in 1 seconds
[shaping_diag] success_cum_shaping=282.39 T=235 d_init=94.1 d_final=0.0
 Retrying in 1 seconds
[shaping_diag] success_cum_shaping=282.39 T=230 d_init=94.1 d_final=0.0
 Retrying in 1 seconds
 Retrying in 1 seconds
[shaping_diag] success_cum_shaping=282.39 T=221 d_init=94.1 d_final=0.0
 Retrying in 1 seconds
[shaping_diag] success_cum_shaping=282.39 T=236 d_init=94.1 d_final=0.0
 Retrying in 1 seconds
[shaping_diag] success_cum_shaping=282.39 T=232 d_init=94.1 d_final=0.0
 Retrying in 1 seconds
[shaping_diag] success_cum_shaping=282.39 T=201 d_init=94.1 d_final=0.0
 Retrying in 1 seconds
[shaping_diag] success_cum_shaping=282.39 T=236 d_init=94.1 d_final=0.0
 Retrying in 1 seconds
[shaping_diag] success_cum_shaping=282.39 T=195 d_init=94.1 d_final=0.0
 Retrying in 1 seconds
[shaping_diag] success_cum_shaping=282.39 T=212 d_init=94.1 d_final=0.0
 Retrying in 1 seconds
[shaping_diag] success_cum_shaping=282.39 T=204 d_init=94.1 d_final=0.0
 Retrying in 1 seconds
[shaping_diag] success_cum_shaping=282.39 T=206 d_init=94.1 d_final=0.0
 Retrying in 1 seconds
[shaping_diag] success_cum_shaping=282.39 T=210 d_init=94.1 d_final=0.0
 Retrying in 1 seconds
[shaping_diag] success_cum_shaping=282.39 T=217 d_init=94.1 d_final=0.0
 Retrying in 1 seconds
[shaping_diag] success_cum_shaping=282.39 T=220 d_init=94.1 d_final=0.0
 Retrying in 1 seconds
[shaping_diag] success_cum_shaping=282.39 T=216 d_init=94.1 d_final=0.0
 Retrying in 1 seconds
[shaping_diag] success_cum_shaping=282.39 T=217 d_init=94.1 d_final=0.0
 Retrying in 1 seconds
[shaping_diag] success_cum_shaping=282.39 T=229 d_init=94.1 d_final=0.0
 Retrying in 1 seconds
[shaping_diag] success_cum_shaping=282.39 T=222 d_init=94.1 d_final=0.0
 Retrying in 1 seconds
[shaping_diag] success_cum_shaping=282.39 T=216 d_init=94.1 d_final=0.0
 Retrying in 1 seconds
[shaping_diag] success_cum_shaping=282.39 T=199 d_init=94.1 d_final=0.0
 Retrying in 1 seconds
[shaping_diag] success_cum_shaping=282.39 T=207 d_init=94.1 d_final=0.0
 Retrying in 1 seconds
 Retrying in 1 seconds
[shaping_diag] success_cum_shaping=282.39 T=203 d_init=94.1 d_final=0.0
 Retrying in 1 seconds
[shaping_diag] success_cum_shaping=282.39 T=201 d_init=94.1 d_final=0.0
 Retrying in 1 seconds
[shaping_diag] success_cum_shaping=282.39 T=199 d_init=94.1 d_final=0.0
 Retrying in 1 seconds
[shaping_diag] success_cum_shaping=282.39 T=226 d_init=94.1 d_final=0.0
 Retrying in 1 seconds
[shaping_diag] success_cum_shaping=282.39 T=195 d_init=94.1 d_final=0.0
 Retrying in 1 seconds
[shaping_diag] success_cum_shaping=282.39 T=201 d_init=94.1 d_final=0.0
 Retrying in 1 seconds
[shaping_diag] success_cum_shaping=282.39 T=214 d_init=94.1 d_final=0.0
 Retrying in 1 seconds
[shaping_diag] success_cum_shaping=282.39 T=214 d_init=94.1 d_final=0.0
 Retrying in 1 seconds
[shaping_diag] success_cum_shaping=282.39 T=216 d_init=94.1 d_final=0.0
 Retrying in 1 seconds
[shaping_diag] success_cum_shaping=282.39 T=207 d_init=94.1 d_final=0.0
 Retrying in 1 seconds
[shaping_diag] success_cum_shaping=282.39 T=224 d_init=94.1 d_final=0.0
 Retrying in 1 seconds
[shaping_diag] success_cum_shaping=282.39 T=216 d_init=94.1 d_final=0.0
 Retrying in 1 seconds
[shaping_diag] success_cum_shaping=282.39 T=200 d_init=94.1 d_final=0.0
 Retrying in 1 seconds
[shaping_diag] success_cum_shaping=282.39 T=193 d_init=94.1 d_final=0.0
 Retrying in 1 seconds
[shaping_diag] success_cum_shaping=282.39 T=221 d_init=94.1 d_final=0.0
 Retrying in 1 seconds
[shaping_diag] success_cum_shaping=282.39 T=219 d_init=94.1 d_final=0.0
 Retrying in 1 seconds
[shaping_diag] success_cum_shaping=282.39 T=203 d_init=94.1 d_final=0.0
 Retrying in 1 seconds
[shaping_diag] success_cum_shaping=282.39 T=202 d_init=94.1 d_final=0.0
 Retrying in 1 seconds
[shaping_diag] success_cum_shaping=282.39 T=212 d_init=94.1 d_final=0.0
 Retrying in 1 seconds
 Retrying in 1 seconds
[shaping_diag] success_cum_shaping=282.39 T=198 d_init=94.1 d_final=0.0
 Retrying in 1 seconds
[shaping_diag] success_cum_shaping=282.39 T=214 d_init=94.1 d_final=0.0
 Retrying in 1 seconds
[shaping_diag] success_cum_shaping=282.39 T=202 d_init=94.1 d_final=0.0
 Retrying in 1 seconds
[shaping_diag] success_cum_shaping=282.39 T=207 d_init=94.1 d_final=0.0
 Retrying in 1 seconds
[shaping_diag] success_cum_shaping=282.39 T=219 d_init=94.1 d_final=0.0
 Retrying in 1 seconds
[shaping_diag] success_cum_shaping=282.39 T=219 d_init=94.1 d_final=0.0
 Retrying in 1 seconds
[shaping_diag] success_cum_shaping=282.39 T=199 d_init=94.1 d_final=0.0
 Retrying in 1 seconds
[shaping_diag] success_cum_shaping=282.39 T=221 d_init=94.1 d_final=0.0
 Retrying in 1 seconds
[shaping_diag] success_cum_shaping=282.39 T=229 d_init=94.1 d_final=0.0
 Retrying in 1 seconds
[shaping_diag] success_cum_shaping=282.39 T=218 d_init=94.1 d_final=0.0
 Retrying in 1 seconds
[shaping_diag] success_cum_shaping=282.39 T=208 d_init=94.1 d_final=0.0
 Retrying in 1 seconds
[shaping_diag] success_cum_shaping=282.39 T=230 d_init=94.1 d_final=0.0
 Retrying in 1 seconds
[shaping_diag] success_cum_shaping=282.39 T=209 d_init=94.1 d_final=0.0
 Retrying in 1 seconds
[shaping_diag] success_cum_shaping=282.39 T=223 d_init=94.1 d_final=0.0
 Retrying in 1 seconds
[shaping_diag] success_cum_shaping=282.39 T=208 d_init=94.1 d_final=0.0
 Retrying in 1 seconds
[shaping_diag] success_cum_shaping=282.39 T=207 d_init=94.1 d_final=0.0
 Retrying in 1 seconds
[shaping_diag] success_cum_shaping=282.39 T=214 d_init=94.1 d_final=0.0
 Retrying in 1 seconds
[shaping_diag] success_cum_shaping=282.39 T=207 d_init=94.1 d_final=0.0
 Retrying in 1 seconds
[shaping_diag] success_cum_shaping=282.39 T=216 d_init=94.1 d_final=0.0
 Retrying in 1 seconds
 Retrying in 1 seconds
[shaping_diag] success_cum_shaping=282.39 T=234 d_init=94.1 d_final=0.0
 Retrying in 1 seconds
[shaping_diag] success_cum_shaping=282.39 T=214 d_init=94.1 d_final=0.0
 Retrying in 1 seconds
[shaping_diag] success_cum_shaping=282.39 T=250 d_init=94.1 d_final=0.0
 Retrying in 1 seconds
[shaping_diag] success_cum_shaping=282.39 T=236 d_init=94.1 d_final=0.0
 Retrying in 1 seconds
[shaping_diag] success_cum_shaping=282.39 T=204 d_init=94.1 d_final=0.0
 Retrying in 1 seconds
[shaping_diag] success_cum_shaping=282.39 T=212 d_init=94.1 d_final=0.0
 Retrying in 1 seconds
[shaping_diag] success_cum_shaping=282.39 T=203 d_init=94.1 d_final=0.0
 Retrying in 1 seconds
[shaping_diag] success_cum_shaping=282.39 T=246 d_init=94.1 d_final=0.0
 Retrying in 1 seconds
[shaping_diag] success_cum_shaping=282.39 T=189 d_init=94.1 d_final=0.0
 Retrying in 1 seconds
[shaping_diag] success_cum_shaping=282.39 T=216 d_init=94.1 d_final=0.0
 Retrying in 1 seconds
[shaping_diag] success_cum_shaping=282.39 T=211 d_init=94.1 d_final=0.0
 Retrying in 1 seconds
[shaping_diag] success_cum_shaping=282.39 T=189 d_init=94.1 d_final=0.0
 Retrying in 1 seconds
[shaping_diag] success_cum_shaping=282.39 T=238 d_init=94.1 d_final=0.0
 Retrying in 1 seconds
[shaping_diag] success_cum_shaping=282.39 T=189 d_init=94.1 d_final=0.0
 Retrying in 1 seconds
[shaping_diag] success_cum_shaping=282.39 T=213 d_init=94.1 d_final=0.0
 Retrying in 1 seconds
[shaping_diag] success_cum_shaping=282.39 T=193 d_init=94.1 d_final=0.0
 Retrying in 1 seconds
[shaping_diag] success_cum_shaping=282.39 T=220 d_init=94.1 d_final=0.0
 Retrying in 1 seconds
[shaping_diag] success_cum_shaping=282.39 T=191 d_init=94.1 d_final=0.0
 Retrying in 1 seconds
[shaping_diag] success_cum_shaping=282.39 T=208 d_init=94.1 d_final=0.0
 Retrying in 1 seconds
 Retrying in 1 seconds
[shaping_diag] success_cum_shaping=282.39 T=200 d_init=94.1 d_final=0.0
 Retrying in 1 seconds
[shaping_diag] success_cum_shaping=282.39 T=196 d_init=94.1 d_final=0.0
 Retrying in 1 seconds
[shaping_diag] success_cum_shaping=282.39 T=213 d_init=94.1 d_final=0.0
 Retrying in 1 seconds
[shaping_diag] success_cum_shaping=282.39 T=207 d_init=94.1 d_final=0.0
 Retrying in 1 seconds
[shaping_diag] success_cum_shaping=282.39 T=210 d_init=94.1 d_final=0.0
 Retrying in 1 seconds
[shaping_diag] success_cum_shaping=282.39 T=216 d_init=94.1 d_final=0.0
 Retrying in 1 seconds
[shaping_diag] success_cum_shaping=282.39 T=206 d_init=94.1 d_final=0.0
 Retrying in 1 seconds
[shaping_diag] success_cum_shaping=282.39 T=215 d_init=94.1 d_final=0.0
 Retrying in 1 seconds
[shaping_diag] success_cum_shaping=282.39 T=215 d_init=94.1 d_final=0.0
 Retrying in 1 seconds
[shaping_diag] success_cum_shaping=282.39 T=208 d_init=94.1 d_final=0.0
 Retrying in 1 seconds
[shaping_diag] success_cum_shaping=282.39 T=215 d_init=94.1 d_final=0.0
 Retrying in 1 seconds
[shaping_diag] success_cum_shaping=282.39 T=201 d_init=94.1 d_final=0.0
 Retrying in 1 seconds
[shaping_diag] success_cum_shaping=282.39 T=216 d_init=94.1 d_final=0.0
 Retrying in 1 seconds
[shaping_diag] success_cum_shaping=282.39 T=231 d_init=94.1 d_final=0.0
 Retrying in 1 seconds
[shaping_diag] success_cum_shaping=282.39 T=216 d_init=94.1 d_final=0.0
 Retrying in 1 seconds
[shaping_diag] success_cum_shaping=282.39 T=243 d_init=94.1 d_final=0.0
 Retrying in 1 seconds
[shaping_diag] success_cum_shaping=282.39 T=209 d_init=94.1 d_final=0.0
 Retrying in 1 seconds
[shaping_diag] success_cum_shaping=282.39 T=230 d_init=94.1 d_final=0.0
 Retrying in 1 seconds
[shaping_diag] success_cum_shaping=282.39 T=209 d_init=94.1 d_final=0.0
 Retrying in 1 seconds
 Retrying in 1 seconds
[shaping_diag] success_cum_shaping=282.39 T=241 d_init=94.1 d_final=0.0
 Retrying in 1 seconds
[shaping_diag] success_cum_shaping=282.39 T=227 d_init=94.1 d_final=0.0
 Retrying in 1 seconds
[shaping_diag] success_cum_shaping=282.39 T=194 d_init=94.1 d_final=0.0
 Retrying in 1 seconds
[shaping_diag] success_cum_shaping=282.39 T=220 d_init=94.1 d_final=0.0
 Retrying in 1 seconds
[shaping_diag] success_cum_shaping=282.39 T=222 d_init=94.1 d_final=0.0
 Retrying in 1 seconds
[shaping_diag] success_cum_shaping=282.39 T=213 d_init=94.1 d_final=0.0
 Retrying in 1 seconds
[shaping_diag] success_cum_shaping=282.39 T=193 d_init=94.1 d_final=0.0
 Retrying in 1 seconds
[shaping_diag] success_cum_shaping=282.39 T=197 d_init=94.1 d_final=0.0
 Retrying in 1 seconds
[shaping_diag] success_cum_shaping=282.39 T=209 d_init=94.1 d_final=0.0
 Retrying in 1 seconds
[shaping_diag] success_cum_shaping=282.39 T=205 d_init=94.1 d_final=0.0
 Retrying in 1 seconds
[shaping_diag] success_cum_shaping=282.39 T=213 d_init=94.1 d_final=0.0
 Retrying in 1 seconds
[shaping_diag] success_cum_shaping=282.39 T=230 d_init=94.1 d_final=0.0
 Retrying in 1 seconds
[shaping_diag] success_cum_shaping=282.39 T=206 d_init=94.1 d_final=0.0
 Retrying in 1 seconds
[shaping_diag] success_cum_shaping=282.39 T=206 d_init=94.1 d_final=0.0
 Retrying in 1 seconds
[shaping_diag] success_cum_shaping=282.39 T=223 d_init=94.1 d_final=0.0
 Retrying in 1 seconds
[shaping_diag] success_cum_shaping=282.39 T=205 d_init=94.1 d_final=0.0
 Retrying in 1 seconds
[shaping_diag] success_cum_shaping=282.39 T=190 d_init=94.1 d_final=0.0
 Retrying in 1 seconds
[shaping_diag] success_cum_shaping=282.39 T=203 d_init=94.1 d_final=0.0
 Retrying in 1 seconds
[shaping_diag] success_cum_shaping=282.39 T=200 d_init=94.1 d_final=0.0
 Retrying in 1 seconds
 Retrying in 1 seconds
[shaping_diag] success_cum_shaping=282.39 T=178 d_init=94.1 d_final=0.0
 Retrying in 1 seconds
[shaping_diag] success_cum_shaping=282.39 T=182 d_init=94.1 d_final=0.0
 Retrying in 1 seconds
[shaping_diag] success_cum_shaping=282.39 T=171 d_init=94.1 d_final=0.0
 Retrying in 1 seconds
[shaping_diag] success_cum_shaping=282.39 T=180 d_init=94.1 d_final=0.0
 Retrying in 1 seconds
[shaping_diag] success_cum_shaping=282.39 T=187 d_init=94.1 d_final=0.0
 Retrying in 1 seconds
[shaping_diag] success_cum_shaping=282.39 T=176 d_init=94.1 d_final=0.0
 Retrying in 1 seconds
[shaping_diag] success_cum_shaping=282.39 T=171 d_init=94.1 d_final=0.0
 Retrying in 1 seconds
[shaping_diag] success_cum_shaping=282.39 T=190 d_init=94.1 d_final=0.0
 Retrying in 1 seconds
[shaping_diag] success_cum_shaping=282.39 T=186 d_init=94.1 d_final=0.0
 Retrying in 1 seconds
[shaping_diag] success_cum_shaping=282.39 T=206 d_init=94.1 d_final=0.0
[fusion_aux] step=331776 ret=420.32 coll=0 ttc=5.28 soft_res=2.8845 cbf_res=0.0000 align_kl=0.6834
 Retrying in 1 seconds
[shaping_diag] success_cum_shaping=282.39 T=201 d_init=94.1 d_final=0.0
 Retrying in 1 seconds
[shaping_diag] success_cum_shaping=282.39 T=196 d_init=94.1 d_final=0.0
 Retrying in 1 seconds
[shaping_diag] success_cum_shaping=282.39 T=214 d_init=94.1 d_final=0.0
 Retrying in 1 seconds
[shaping_diag] success_cum_shaping=282.39 T=235 d_init=94.1 d_final=0.0
 Retrying in 1 seconds
[shaping_diag] success_cum_shaping=282.39 T=237 d_init=94.1 d_final=0.0
 Retrying in 1 seconds
[shaping_diag] success_cum_shaping=282.39 T=220 d_init=94.1 d_final=0.0
 Retrying in 1 seconds
[shaping_diag] success_cum_shaping=282.39 T=205 d_init=94.1 d_final=0.0
 Retrying in 1 seconds
[shaping_diag] success_cum_shaping=282.39 T=212 d_init=94.1 d_final=0.0
 Retrying in 1 seconds
[shaping_diag] success_cum_shaping=282.39 T=197 d_init=94.1 d_final=0.0
 Retrying in 1 seconds
[shaping_diag] success_cum_shaping=282.39 T=214 d_init=94.1 d_final=0.0
 Retrying in 1 seconds
[shaping_diag] success_cum_shaping=282.39 T=206 d_init=94.1 d_final=0.0
 Retrying in 1 seconds
[shaping_diag] success_cum_shaping=282.39 T=237 d_init=94.1 d_final=0.0
 Retrying in 1 seconds
[shaping_diag] success_cum_shaping=282.39 T=198 d_init=94.1 d_final=0.0
 Retrying in 1 seconds
[shaping_diag] success_cum_shaping=282.39 T=199 d_init=94.1 d_final=0.0
 Retrying in 1 seconds
[shaping_diag] success_cum_shaping=282.39 T=214 d_init=94.1 d_final=0.0
 Retrying in 1 seconds
[shaping_diag] success_cum_shaping=282.39 T=213 d_init=94.1 d_final=0.0
 Retrying in 1 seconds
[shaping_diag] success_cum_shaping=282.39 T=234 d_init=94.1 d_final=0.0
 Retrying in 1 seconds
[shaping_diag] success_cum_shaping=282.39 T=219 d_init=94.1 d_final=0.0
 Retrying in 1 seconds
[shaping_diag] success_cum_shaping=282.39 T=206 d_init=94.1 d_final=0.0
 Retrying in 1 seconds
 Retrying in 1 seconds
[shaping_diag] success_cum_shaping=282.39 T=189 d_init=94.1 d_final=0.0
 Retrying in 1 seconds
[shaping_diag] success_cum_shaping=282.39 T=218 d_init=94.1 d_final=0.0
 Retrying in 1 seconds
[shaping_diag] success_cum_shaping=282.39 T=226 d_init=94.1 d_final=0.0
 Retrying in 1 seconds
[shaping_diag] success_cum_shaping=282.39 T=222 d_init=94.1 d_final=0.0
 Retrying in 1 seconds
[shaping_diag] success_cum_shaping=282.39 T=235 d_init=94.1 d_final=0.0
 Retrying in 1 seconds
[shaping_diag] success_cum_shaping=282.39 T=204 d_init=94.1 d_final=0.0
 Retrying in 1 seconds
[shaping_diag] success_cum_shaping=282.39 T=194 d_init=94.1 d_final=0.0
 Retrying in 1 seconds
[shaping_diag] success_cum_shaping=282.39 T=205 d_init=94.1 d_final=0.0
 Retrying in 1 seconds
[shaping_diag] success_cum_shaping=282.39 T=216 d_init=94.1 d_final=0.0
 Retrying in 1 seconds
[shaping_diag] success_cum_shaping=282.39 T=201 d_init=94.1 d_final=0.0
 Retrying in 1 seconds
[shaping_diag] success_cum_shaping=282.39 T=192 d_init=94.1 d_final=0.0
 Retrying in 1 seconds
[shaping_diag] success_cum_shaping=282.39 T=201 d_init=94.1 d_final=0.0
 Retrying in 1 seconds
[shaping_diag] success_cum_shaping=282.39 T=206 d_init=94.1 d_final=0.0
 Retrying in 1 seconds
[shaping_diag] success_cum_shaping=282.39 T=220 d_init=94.1 d_final=0.0
 Retrying in 1 seconds
[shaping_diag] success_cum_shaping=282.39 T=205 d_init=94.1 d_final=0.0
 Retrying in 1 seconds
[shaping_diag] success_cum_shaping=282.39 T=194 d_init=94.1 d_final=0.0
 Retrying in 1 seconds
[shaping_diag] success_cum_shaping=282.39 T=186 d_init=94.1 d_final=0.0
 Retrying in 1 seconds
[shaping_diag] success_cum_shaping=282.39 T=214 d_init=94.1 d_final=0.0
 Retrying in 1 seconds
[shaping_diag] success_cum_shaping=282.39 T=202 d_init=94.1 d_final=0.0
 Retrying in 1 seconds
 Retrying in 1 seconds
[shaping_diag] success_cum_shaping=282.39 T=241 d_init=94.1 d_final=0.0
 Retrying in 1 seconds
[shaping_diag] success_cum_shaping=282.39 T=240 d_init=94.1 d_final=0.0
 Retrying in 1 seconds
[shaping_diag] success_cum_shaping=282.39 T=197 d_init=94.1 d_final=0.0
 Retrying in 1 seconds
[shaping_diag] success_cum_shaping=282.39 T=187 d_init=94.1 d_final=0.0
 Retrying in 1 seconds
[shaping_diag] success_cum_shaping=282.39 T=212 d_init=94.1 d_final=0.0
 Retrying in 1 seconds
[shaping_diag] success_cum_shaping=282.39 T=229 d_init=94.1 d_final=0.0
 Retrying in 1 seconds
[shaping_diag] success_cum_shaping=282.39 T=219 d_init=94.1 d_final=0.0
 Retrying in 1 seconds
[shaping_diag] success_cum_shaping=282.39 T=214 d_init=94.1 d_final=0.0
 Retrying in 1 seconds
[shaping_diag] success_cum_shaping=282.39 T=215 d_init=94.1 d_final=0.0
 Retrying in 1 seconds
[shaping_diag] success_cum_shaping=282.39 T=206 d_init=94.1 d_final=0.0
 Retrying in 1 seconds
[shaping_diag] success_cum_shaping=282.39 T=239 d_init=94.1 d_final=0.0
 Retrying in 1 seconds
[shaping_diag] success_cum_shaping=282.39 T=218 d_init=94.1 d_final=0.0
 Retrying in 1 seconds
[shaping_diag] success_cum_shaping=282.39 T=197 d_init=94.1 d_final=0.0
 Retrying in 1 seconds
[shaping_diag] success_cum_shaping=282.39 T=230 d_init=94.1 d_final=0.0
 Retrying in 1 seconds
[shaping_diag] success_cum_shaping=282.39 T=233 d_init=94.1 d_final=0.0
 Retrying in 1 seconds
[shaping_diag] success_cum_shaping=282.39 T=200 d_init=94.1 d_final=0.0
 Retrying in 1 seconds
[shaping_diag] success_cum_shaping=282.39 T=204 d_init=94.1 d_final=0.0
 Retrying in 1 seconds
[shaping_diag] success_cum_shaping=282.39 T=211 d_init=94.1 d_final=0.0
 Retrying in 1 seconds
 Retrying in 1 seconds
[shaping_diag] success_cum_shaping=282.39 T=235 d_init=94.1 d_final=0.0
 Retrying in 1 seconds
[shaping_diag] success_cum_shaping=282.39 T=239 d_init=94.1 d_final=0.0
 Retrying in 1 seconds
[shaping_diag] success_cum_shaping=282.39 T=205 d_init=94.1 d_final=0.0
 Retrying in 1 seconds
[shaping_diag] success_cum_shaping=282.39 T=216 d_init=94.1 d_final=0.0
 Retrying in 1 seconds
[shaping_diag] success_cum_shaping=282.39 T=204 d_init=94.1 d_final=0.0
 Retrying in 1 seconds
[shaping_diag] success_cum_shaping=282.39 T=196 d_init=94.1 d_final=0.0
 Retrying in 1 seconds
[shaping_diag] success_cum_shaping=282.39 T=188 d_init=94.1 d_final=0.0
 Retrying in 1 seconds
[shaping_diag] success_cum_shaping=282.39 T=239 d_init=94.1 d_final=0.0
 Retrying in 1 seconds
[shaping_diag] success_cum_shaping=282.39 T=222 d_init=94.1 d_final=0.0
 Retrying in 1 seconds
[shaping_diag] success_cum_shaping=282.39 T=205 d_init=94.1 d_final=0.0
 Retrying in 1 seconds
[shaping_diag] success_cum_shaping=282.39 T=226 d_init=94.1 d_final=0.0
 Retrying in 1 seconds
[shaping_diag] success_cum_shaping=282.39 T=216 d_init=94.1 d_final=0.0
 Retrying in 1 seconds
[shaping_diag] success_cum_shaping=282.39 T=240 d_init=94.1 d_final=0.0
 Retrying in 1 seconds
[shaping_diag] success_cum_shaping=282.39 T=203 d_init=94.1 d_final=0.0
 Retrying in 1 seconds
[shaping_diag] success_cum_shaping=282.39 T=235 d_init=94.1 d_final=0.0
 Retrying in 1 seconds
[shaping_diag] success_cum_shaping=282.39 T=215 d_init=94.1 d_final=0.0
 Retrying in 1 seconds
[shaping_diag] success_cum_shaping=282.39 T=239 d_init=94.1 d_final=0.0
 Retrying in 1 seconds
[shaping_diag] success_cum_shaping=282.39 T=224 d_init=94.1 d_final=0.0
 Retrying in 1 seconds
 Retrying in 1 seconds
[shaping_diag] success_cum_shaping=282.39 T=226 d_init=94.1 d_final=0.0
 Retrying in 1 seconds
[shaping_diag] success_cum_shaping=282.39 T=199 d_init=94.1 d_final=0.0
 Retrying in 1 seconds
[shaping_diag] success_cum_shaping=282.39 T=238 d_init=94.1 d_final=0.0
 Retrying in 1 seconds
[shaping_diag] success_cum_shaping=282.39 T=210 d_init=94.1 d_final=0.0
 Retrying in 1 seconds
[shaping_diag] success_cum_shaping=282.39 T=212 d_init=94.1 d_final=0.0
 Retrying in 1 seconds
[shaping_diag] success_cum_shaping=282.39 T=220 d_init=94.1 d_final=0.0
 Retrying in 1 seconds
[shaping_diag] success_cum_shaping=282.39 T=210 d_init=94.1 d_final=0.0
 Retrying in 1 seconds
[shaping_diag] success_cum_shaping=282.39 T=228 d_init=94.1 d_final=0.0
 Retrying in 1 seconds
[shaping_diag] success_cum_shaping=282.39 T=200 d_init=94.1 d_final=0.0
 Retrying in 1 seconds
[shaping_diag] success_cum_shaping=282.39 T=237 d_init=94.1 d_final=0.0
 Retrying in 1 seconds
[shaping_diag] success_cum_shaping=282.39 T=201 d_init=94.1 d_final=0.0
 Retrying in 1 seconds
[shaping_diag] success_cum_shaping=282.39 T=206 d_init=94.1 d_final=0.0
 Retrying in 1 seconds
[shaping_diag] success_cum_shaping=282.39 T=205 d_init=94.1 d_final=0.0
 Retrying in 1 seconds
[shaping_diag] success_cum_shaping=282.39 T=194 d_init=94.1 d_final=0.0
 Retrying in 1 seconds
[shaping_diag] success_cum_shaping=282.39 T=216 d_init=94.1 d_final=0.0
 Retrying in 1 seconds
[shaping_diag] success_cum_shaping=282.39 T=233 d_init=94.1 d_final=0.0
 Retrying in 1 seconds
[shaping_diag] success_cum_shaping=282.39 T=214 d_init=94.1 d_final=0.0
 Retrying in 1 seconds
[shaping_diag] success_cum_shaping=282.39 T=228 d_init=94.1 d_final=0.0
 Retrying in 1 seconds
[shaping_diag] success_cum_shaping=282.39 T=216 d_init=94.1 d_final=0.0
 Retrying in 1 seconds
 Retrying in 1 seconds
[shaping_diag] success_cum_shaping=282.39 T=191 d_init=94.1 d_final=0.0
 Retrying in 1 seconds
[shaping_diag] success_cum_shaping=282.39 T=201 d_init=94.1 d_final=0.0
 Retrying in 1 seconds
[shaping_diag] success_cum_shaping=282.39 T=202 d_init=94.1 d_final=0.0
 Retrying in 1 seconds
[shaping_diag] success_cum_shaping=282.39 T=195 d_init=94.1 d_final=0.0
 Retrying in 1 seconds
[shaping_diag] success_cum_shaping=282.39 T=199 d_init=94.1 d_final=0.0
 Retrying in 1 seconds
[shaping_diag] success_cum_shaping=282.39 T=224 d_init=94.1 d_final=0.0
 Retrying in 1 seconds
[shaping_diag] success_cum_shaping=282.39 T=205 d_init=94.1 d_final=0.0
 Retrying in 1 seconds
[shaping_diag] success_cum_shaping=282.39 T=197 d_init=94.1 d_final=0.0
 Retrying in 1 seconds
[shaping_diag] success_cum_shaping=282.39 T=241 d_init=94.1 d_final=0.0
 Retrying in 1 seconds
[shaping_diag] success_cum_shaping=282.39 T=195 d_init=94.1 d_final=0.0
 Retrying in 1 seconds
[shaping_diag] success_cum_shaping=282.39 T=239 d_init=94.1 d_final=0.0
 Retrying in 1 seconds
[shaping_diag] success_cum_shaping=282.39 T=202 d_init=94.1 d_final=0.0
 Retrying in 1 seconds
[shaping_diag] success_cum_shaping=282.39 T=202 d_init=94.1 d_final=0.0
 Retrying in 1 seconds
[shaping_diag] success_cum_shaping=282.39 T=189 d_init=94.1 d_final=0.0
 Retrying in 1 seconds
[shaping_diag] success_cum_shaping=282.39 T=207 d_init=94.1 d_final=0.0
 Retrying in 1 seconds
[shaping_diag] success_cum_shaping=282.39 T=211 d_init=94.1 d_final=0.0
 Retrying in 1 seconds
[shaping_diag] success_cum_shaping=282.39 T=239 d_init=94.1 d_final=0.0
 Retrying in 1 seconds
[shaping_diag] success_cum_shaping=282.39 T=226 d_init=94.1 d_final=0.0
 Retrying in 1 seconds
[shaping_diag] success_cum_shaping=282.39 T=242 d_init=94.1 d_final=0.0
 Retrying in 1 seconds
 Retrying in 1 seconds
[shaping_diag] success_cum_shaping=282.39 T=199 d_init=94.1 d_final=0.0
 Retrying in 1 seconds
[shaping_diag] success_cum_shaping=282.39 T=201 d_init=94.1 d_final=0.0
 Retrying in 1 seconds
[shaping_diag] success_cum_shaping=282.39 T=231 d_init=94.1 d_final=0.0
 Retrying in 1 seconds
[shaping_diag] success_cum_shaping=282.39 T=214 d_init=94.1 d_final=0.0
 Retrying in 1 seconds
[shaping_diag] success_cum_shaping=282.39 T=206 d_init=94.1 d_final=0.0
 Retrying in 1 seconds
[shaping_diag] success_cum_shaping=282.39 T=229 d_init=94.1 d_final=0.0
 Retrying in 1 seconds
[shaping_diag] success_cum_shaping=282.39 T=209 d_init=94.1 d_final=0.0
 Retrying in 1 seconds
[shaping_diag] success_cum_shaping=282.39 T=242 d_init=94.1 d_final=0.0
 Retrying in 1 seconds
[shaping_diag] success_cum_shaping=282.39 T=215 d_init=94.1 d_final=0.0
 Retrying in 1 seconds
[shaping_diag] success_cum_shaping=282.39 T=205 d_init=94.1 d_final=0.0
 Retrying in 1 seconds
[shaping_diag] success_cum_shaping=282.39 T=218 d_init=94.1 d_final=0.0
 Retrying in 1 seconds
[shaping_diag] success_cum_shaping=282.39 T=244 d_init=94.1 d_final=0.0
 Retrying in 1 seconds
[shaping_diag] success_cum_shaping=282.39 T=213 d_init=94.1 d_final=0.0
 Retrying in 1 seconds
[shaping_diag] success_cum_shaping=282.39 T=206 d_init=94.1 d_final=0.0
 Retrying in 1 seconds
[shaping_diag] success_cum_shaping=282.39 T=231 d_init=94.1 d_final=0.0
 Retrying in 1 seconds
[shaping_diag] success_cum_shaping=282.39 T=238 d_init=94.1 d_final=0.0
 Retrying in 1 seconds
[shaping_diag] success_cum_shaping=282.39 T=231 d_init=94.1 d_final=0.0
 Retrying in 1 seconds
[shaping_diag] success_cum_shaping=282.39 T=211 d_init=94.1 d_final=0.0
 Retrying in 1 seconds
 Retrying in 1 seconds
[shaping_diag] success_cum_shaping=282.39 T=203 d_init=94.1 d_final=0.0
 Retrying in 1 seconds
[shaping_diag] success_cum_shaping=282.39 T=193 d_init=94.1 d_final=0.0
 Retrying in 1 seconds
[shaping_diag] success_cum_shaping=282.39 T=245 d_init=94.1 d_final=0.0
 Retrying in 1 seconds
[shaping_diag] success_cum_shaping=282.39 T=240 d_init=94.1 d_final=0.0
 Retrying in 1 seconds
[shaping_diag] success_cum_shaping=282.39 T=242 d_init=94.1 d_final=0.0
 Retrying in 1 seconds
[shaping_diag] success_cum_shaping=282.39 T=196 d_init=94.1 d_final=0.0
 Retrying in 1 seconds
[shaping_diag] success_cum_shaping=282.39 T=243 d_init=94.1 d_final=0.0
 Retrying in 1 seconds
[shaping_diag] success_cum_shaping=282.39 T=207 d_init=94.1 d_final=0.0
 Retrying in 1 seconds
[shaping_diag] success_cum_shaping=282.39 T=202 d_init=94.1 d_final=0.0
 Retrying in 1 seconds
[shaping_diag] success_cum_shaping=282.39 T=200 d_init=94.1 d_final=0.0
 Retrying in 1 seconds
[shaping_diag] success_cum_shaping=282.39 T=221 d_init=94.1 d_final=0.0
 Retrying in 1 seconds
[shaping_diag] success_cum_shaping=282.39 T=197 d_init=94.1 d_final=0.0
 Retrying in 1 seconds
[shaping_diag] success_cum_shaping=282.39 T=208 d_init=94.1 d_final=0.0
 Retrying in 1 seconds
[shaping_diag] success_cum_shaping=282.39 T=238 d_init=94.1 d_final=0.0
 Retrying in 1 seconds
[shaping_diag] success_cum_shaping=282.39 T=229 d_init=94.1 d_final=0.0
 Retrying in 1 seconds
[shaping_diag] success_cum_shaping=282.39 T=204 d_init=94.1 d_final=0.0
 Retrying in 1 seconds
[shaping_diag] success_cum_shaping=282.39 T=202 d_init=94.1 d_final=0.0
 Retrying in 1 seconds
[shaping_diag] success_cum_shaping=282.39 T=218 d_init=94.1 d_final=0.0
 Retrying in 1 seconds
 Retrying in 1 seconds
[shaping_diag] success_cum_shaping=282.39 T=246 d_init=94.1 d_final=0.0
 Retrying in 1 seconds
[shaping_diag] success_cum_shaping=282.39 T=208 d_init=94.1 d_final=0.0
 Retrying in 1 seconds
[shaping_diag] success_cum_shaping=282.39 T=202 d_init=94.1 d_final=0.0
 Retrying in 1 seconds
[shaping_diag] success_cum_shaping=282.39 T=217 d_init=94.1 d_final=0.0
 Retrying in 1 seconds
[shaping_diag] success_cum_shaping=282.39 T=208 d_init=94.1 d_final=0.0
 Retrying in 1 seconds
[shaping_diag] success_cum_shaping=282.39 T=225 d_init=94.1 d_final=0.0
 Retrying in 1 seconds
[shaping_diag] success_cum_shaping=282.39 T=194 d_init=94.1 d_final=0.0
 Retrying in 1 seconds
[shaping_diag] success_cum_shaping=282.39 T=208 d_init=94.1 d_final=0.0
 Retrying in 1 seconds
[shaping_diag] success_cum_shaping=282.39 T=206 d_init=94.1 d_final=0.0
 Retrying in 1 seconds
[shaping_diag] success_cum_shaping=282.39 T=187 d_init=94.1 d_final=0.0
 Retrying in 1 seconds
[shaping_diag] success_cum_shaping=282.39 T=224 d_init=94.1 d_final=0.0
 Retrying in 1 seconds
[shaping_diag] success_cum_shaping=282.39 T=213 d_init=94.1 d_final=0.0
 Retrying in 1 seconds
[shaping_diag] success_cum_shaping=282.39 T=222 d_init=94.1 d_final=0.0
 Retrying in 1 seconds
[shaping_diag] success_cum_shaping=282.39 T=222 d_init=94.1 d_final=0.0
 Retrying in 1 seconds
[shaping_diag] success_cum_shaping=282.39 T=220 d_init=94.1 d_final=0.0
 Retrying in 1 seconds
[shaping_diag] success_cum_shaping=282.39 T=220 d_init=94.1 d_final=0.0
 Retrying in 1 seconds
[shaping_diag] success_cum_shaping=282.39 T=240 d_init=94.1 d_final=0.0
 Retrying in 1 seconds
[shaping_diag] success_cum_shaping=282.39 T=221 d_init=94.1 d_final=0.0
 Retrying in 1 seconds
 Retrying in 1 seconds
[shaping_diag] success_cum_shaping=282.39 T=256 d_init=94.1 d_final=0.0
 Retrying in 1 seconds
[shaping_diag] success_cum_shaping=282.39 T=232 d_init=94.1 d_final=0.0
 Retrying in 1 seconds
[shaping_diag] success_cum_shaping=282.39 T=200 d_init=94.1 d_final=0.0
 Retrying in 1 seconds
[shaping_diag] success_cum_shaping=282.39 T=219 d_init=94.1 d_final=0.0
 Retrying in 1 seconds
[shaping_diag] success_cum_shaping=282.39 T=201 d_init=94.1 d_final=0.0
 Retrying in 1 seconds
[shaping_diag] success_cum_shaping=282.39 T=220 d_init=94.1 d_final=0.0
 Retrying in 1 seconds
[shaping_diag] success_cum_shaping=282.39 T=201 d_init=94.1 d_final=0.0
 Retrying in 1 seconds
[shaping_diag] success_cum_shaping=282.39 T=222 d_init=94.1 d_final=0.0
 Retrying in 1 seconds
[shaping_diag] success_cum_shaping=282.39 T=215 d_init=94.1 d_final=0.0
 Retrying in 1 seconds
[shaping_diag] success_cum_shaping=282.39 T=220 d_init=94.1 d_final=0.0
 Retrying in 1 seconds
[shaping_diag] success_cum_shaping=282.39 T=218 d_init=94.1 d_final=0.0
 Retrying in 1 seconds
[shaping_diag] success_cum_shaping=282.39 T=208 d_init=94.1 d_final=0.0
 Retrying in 1 seconds
[shaping_diag] success_cum_shaping=282.39 T=205 d_init=94.1 d_final=0.0
 Retrying in 1 seconds
[shaping_diag] success_cum_shaping=282.39 T=210 d_init=94.1 d_final=0.0
 Retrying in 1 seconds
[shaping_diag] success_cum_shaping=282.39 T=230 d_init=94.1 d_final=0.0
 Retrying in 1 seconds
[shaping_diag] success_cum_shaping=282.39 T=213 d_init=94.1 d_final=0.0
 Retrying in 1 seconds
[shaping_diag] success_cum_shaping=282.39 T=198 d_init=94.1 d_final=0.0
 Retrying in 1 seconds
[shaping_diag] success_cum_shaping=282.39 T=212 d_init=94.1 d_final=0.0
 Retrying in 1 seconds
 Retrying in 1 seconds
[shaping_diag] success_cum_shaping=282.39 T=185 d_init=94.1 d_final=0.0
 Retrying in 1 seconds
[shaping_diag] success_cum_shaping=282.39 T=204 d_init=94.1 d_final=0.0
 Retrying in 1 seconds
[shaping_diag] success_cum_shaping=282.39 T=202 d_init=94.1 d_final=0.0
 Retrying in 1 seconds
[shaping_diag] success_cum_shaping=282.39 T=178 d_init=94.1 d_final=0.0
 Retrying in 1 seconds
[shaping_diag] success_cum_shaping=282.39 T=177 d_init=94.1 d_final=0.0
 Retrying in 1 seconds
[shaping_diag] success_cum_shaping=282.39 T=190 d_init=94.1 d_final=0.0
 Retrying in 1 seconds
[shaping_diag] success_cum_shaping=282.39 T=200 d_init=94.1 d_final=0.0
 Retrying in 1 seconds
[shaping_diag] success_cum_shaping=282.39 T=214 d_init=94.1 d_final=0.0
 Retrying in 1 seconds
[shaping_diag] success_cum_shaping=282.39 T=197 d_init=94.1 d_final=0.0
 Retrying in 1 seconds
[shaping_diag] success_cum_shaping=282.39 T=207 d_init=94.1 d_final=0.0
[fusion_aux] step=372736 ret=426.28 coll=0 ttc=6.37 soft_res=3.1371 cbf_res=0.0000 align_kl=0.4666
 Retrying in 1 seconds
[shaping_diag] success_cum_shaping=282.39 T=216 d_init=94.1 d_final=0.0
 Retrying in 1 seconds
[shaping_diag] success_cum_shaping=282.39 T=220 d_init=94.1 d_final=0.0
 Retrying in 1 seconds
[shaping_diag] success_cum_shaping=282.39 T=245 d_init=94.1 d_final=0.0
 Retrying in 1 seconds
[shaping_diag] success_cum_shaping=282.39 T=215 d_init=94.1 d_final=0.0
 Retrying in 1 seconds
[shaping_diag] success_cum_shaping=282.39 T=201 d_init=94.1 d_final=0.0
 Retrying in 1 seconds
[shaping_diag] success_cum_shaping=282.39 T=232 d_init=94.1 d_final=0.0
 Retrying in 1 seconds
[shaping_diag] success_cum_shaping=282.39 T=236 d_init=94.1 d_final=0.0
 Retrying in 1 seconds
[shaping_diag] success_cum_shaping=282.39 T=208 d_init=94.1 d_final=0.0
 Retrying in 1 seconds
[shaping_diag] success_cum_shaping=282.39 T=215 d_init=94.1 d_final=0.0
 Retrying in 1 seconds
[shaping_diag] success_cum_shaping=282.39 T=206 d_init=94.1 d_final=0.0
 Retrying in 1 seconds
[shaping_diag] success_cum_shaping=282.39 T=234 d_init=94.1 d_final=0.0
 Retrying in 1 seconds
[shaping_diag] success_cum_shaping=282.39 T=227 d_init=94.1 d_final=0.0
 Retrying in 1 seconds
[shaping_diag] success_cum_shaping=282.39 T=206 d_init=94.1 d_final=0.0
 Retrying in 1 seconds
[shaping_diag] success_cum_shaping=282.39 T=200 d_init=94.1 d_final=0.0
 Retrying in 1 seconds
[shaping_diag] success_cum_shaping=282.39 T=235 d_init=94.1 d_final=0.0
 Retrying in 1 seconds
[shaping_diag] success_cum_shaping=282.39 T=223 d_init=94.1 d_final=0.0
 Retrying in 1 seconds
[shaping_diag] success_cum_shaping=282.39 T=219 d_init=94.1 d_final=0.0
 Retrying in 1 seconds
[shaping_diag] success_cum_shaping=282.39 T=224 d_init=94.1 d_final=0.0
 Retrying in 1 seconds
 Retrying in 1 seconds
[shaping_diag] success_cum_shaping=282.39 T=230 d_init=94.1 d_final=0.0
 Retrying in 1 seconds
[shaping_diag] success_cum_shaping=282.39 T=195 d_init=94.1 d_final=0.0
 Retrying in 1 seconds
[shaping_diag] success_cum_shaping=282.39 T=195 d_init=94.1 d_final=0.0
 Retrying in 1 seconds
[shaping_diag] success_cum_shaping=282.39 T=246 d_init=94.1 d_final=0.0
 Retrying in 1 seconds
[shaping_diag] success_cum_shaping=282.39 T=217 d_init=94.1 d_final=0.0
 Retrying in 1 seconds
[shaping_diag] success_cum_shaping=282.39 T=216 d_init=94.1 d_final=0.0
 Retrying in 1 seconds
[shaping_diag] success_cum_shaping=282.39 T=230 d_init=94.1 d_final=0.0
 Retrying in 1 seconds
[shaping_diag] success_cum_shaping=282.39 T=254 d_init=94.1 d_final=0.0
 Retrying in 1 seconds
[shaping_diag] success_cum_shaping=282.39 T=224 d_init=94.1 d_final=0.0
 Retrying in 1 seconds
[shaping_diag] success_cum_shaping=282.39 T=221 d_init=94.1 d_final=0.0
 Retrying in 1 seconds
[shaping_diag] success_cum_shaping=282.39 T=210 d_init=94.1 d_final=0.0
 Retrying in 1 seconds
[shaping_diag] success_cum_shaping=282.39 T=215 d_init=94.1 d_final=0.0
 Retrying in 1 seconds
[shaping_diag] success_cum_shaping=282.39 T=200 d_init=94.1 d_final=0.0
 Retrying in 1 seconds
[shaping_diag] success_cum_shaping=282.39 T=246 d_init=94.1 d_final=0.0
 Retrying in 1 seconds
[shaping_diag] success_cum_shaping=282.39 T=201 d_init=94.1 d_final=0.0
 Retrying in 1 seconds
[shaping_diag] success_cum_shaping=282.39 T=222 d_init=94.1 d_final=0.0
 Retrying in 1 seconds
[shaping_diag] success_cum_shaping=282.39 T=187 d_init=94.1 d_final=0.0
 Retrying in 1 seconds
[shaping_diag] success_cum_shaping=282.39 T=203 d_init=94.1 d_final=0.0
 Retrying in 1 seconds
 Retrying in 1 seconds
[shaping_diag] success_cum_shaping=282.39 T=202 d_init=94.1 d_final=0.0
 Retrying in 1 seconds
[shaping_diag] success_cum_shaping=282.39 T=231 d_init=94.1 d_final=0.0
 Retrying in 1 seconds
[shaping_diag] success_cum_shaping=282.39 T=184 d_init=94.1 d_final=0.0
 Retrying in 1 seconds
[shaping_diag] success_cum_shaping=282.39 T=216 d_init=94.1 d_final=0.0
 Retrying in 1 seconds
[shaping_diag] success_cum_shaping=282.39 T=191 d_init=94.1 d_final=0.0
 Retrying in 1 seconds
[shaping_diag] success_cum_shaping=282.39 T=193 d_init=94.1 d_final=0.0
 Retrying in 1 seconds
[shaping_diag] success_cum_shaping=282.39 T=194 d_init=94.1 d_final=0.0
 Retrying in 1 seconds
[shaping_diag] success_cum_shaping=282.39 T=187 d_init=94.1 d_final=0.0
 Retrying in 1 seconds
[shaping_diag] success_cum_shaping=282.39 T=204 d_init=94.1 d_final=0.0
 Retrying in 1 seconds
[shaping_diag] success_cum_shaping=282.39 T=189 d_init=94.1 d_final=0.0
 Retrying in 1 seconds
[shaping_diag] success_cum_shaping=282.39 T=212 d_init=94.1 d_final=0.0
 Retrying in 1 seconds
[shaping_diag] success_cum_shaping=282.39 T=192 d_init=94.1 d_final=0.0
 Retrying in 1 seconds
[shaping_diag] success_cum_shaping=282.39 T=199 d_init=94.1 d_final=0.0
 Retrying in 1 seconds
[shaping_diag] success_cum_shaping=282.39 T=232 d_init=94.1 d_final=0.0
 Retrying in 1 seconds
[shaping_diag] success_cum_shaping=282.39 T=210 d_init=94.1 d_final=0.0
 Retrying in 1 seconds
[shaping_diag] success_cum_shaping=282.39 T=193 d_init=94.1 d_final=0.0
 Retrying in 1 seconds
[shaping_diag] success_cum_shaping=282.39 T=238 d_init=94.1 d_final=0.0
 Retrying in 1 seconds
[shaping_diag] success_cum_shaping=282.39 T=198 d_init=94.1 d_final=0.0
 Retrying in 1 seconds
[shaping_diag] success_cum_shaping=282.39 T=207 d_init=94.1 d_final=0.0
 Retrying in 1 seconds
 Retrying in 1 seconds
[shaping_diag] success_cum_shaping=282.39 T=222 d_init=94.1 d_final=0.0
 Retrying in 1 seconds
[shaping_diag] success_cum_shaping=282.39 T=200 d_init=94.1 d_final=0.0
 Retrying in 1 seconds
[shaping_diag] success_cum_shaping=282.39 T=238 d_init=94.1 d_final=0.0
 Retrying in 1 seconds
[shaping_diag] success_cum_shaping=282.39 T=202 d_init=94.1 d_final=0.0
 Retrying in 1 seconds
[shaping_diag] success_cum_shaping=282.39 T=217 d_init=94.1 d_final=0.0
 Retrying in 1 seconds
[shaping_diag] success_cum_shaping=282.39 T=237 d_init=94.1 d_final=0.0
 Retrying in 1 seconds
[shaping_diag] success_cum_shaping=282.39 T=206 d_init=94.1 d_final=0.0
 Retrying in 1 seconds
[shaping_diag] success_cum_shaping=282.39 T=211 d_init=94.1 d_final=0.0
 Retrying in 1 seconds
[shaping_diag] success_cum_shaping=282.39 T=227 d_init=94.1 d_final=0.0
 Retrying in 1 seconds
[shaping_diag] success_cum_shaping=282.39 T=204 d_init=94.1 d_final=0.0
 Retrying in 1 seconds
[shaping_diag] success_cum_shaping=282.39 T=224 d_init=94.1 d_final=0.0
 Retrying in 1 seconds
[shaping_diag] success_cum_shaping=282.39 T=210 d_init=94.1 d_final=0.0
 Retrying in 1 seconds
[shaping_diag] success_cum_shaping=282.39 T=200 d_init=94.1 d_final=0.0
 Retrying in 1 seconds
[shaping_diag] success_cum_shaping=282.39 T=206 d_init=94.1 d_final=0.0
 Retrying in 1 seconds
[shaping_diag] success_cum_shaping=282.39 T=220 d_init=94.1 d_final=0.0
 Retrying in 1 seconds
[shaping_diag] success_cum_shaping=282.39 T=190 d_init=94.1 d_final=0.0
 Retrying in 1 seconds
[shaping_diag] success_cum_shaping=282.39 T=234 d_init=94.1 d_final=0.0
 Retrying in 1 seconds
[shaping_diag] success_cum_shaping=282.39 T=215 d_init=94.1 d_final=0.0
 Retrying in 1 seconds
[shaping_diag] success_cum_shaping=282.39 T=206 d_init=94.1 d_final=0.0
 Retrying in 1 seconds
 Retrying in 1 seconds
[shaping_diag] success_cum_shaping=282.39 T=224 d_init=94.1 d_final=0.0
 Retrying in 1 seconds
[shaping_diag] success_cum_shaping=282.39 T=214 d_init=94.1 d_final=0.0
 Retrying in 1 seconds
[shaping_diag] success_cum_shaping=282.39 T=201 d_init=94.1 d_final=0.0
 Retrying in 1 seconds
[shaping_diag] success_cum_shaping=282.39 T=194 d_init=94.1 d_final=0.0
 Retrying in 1 seconds
[shaping_diag] success_cum_shaping=282.39 T=224 d_init=94.1 d_final=0.0
 Retrying in 1 seconds
[shaping_diag] success_cum_shaping=282.39 T=203 d_init=94.1 d_final=0.0
 Retrying in 1 seconds
[shaping_diag] success_cum_shaping=282.39 T=234 d_init=94.1 d_final=0.0
 Retrying in 1 seconds
[shaping_diag] success_cum_shaping=282.39 T=214 d_init=94.1 d_final=0.0
 Retrying in 1 seconds
[shaping_diag] success_cum_shaping=282.39 T=209 d_init=94.1 d_final=0.0
 Retrying in 1 seconds
[shaping_diag] success_cum_shaping=282.39 T=219 d_init=94.1 d_final=0.0
 Retrying in 1 seconds
[shaping_diag] success_cum_shaping=282.39 T=219 d_init=94.1 d_final=0.0
 Retrying in 1 seconds
[shaping_diag] success_cum_shaping=282.39 T=212 d_init=94.1 d_final=0.0
 Retrying in 1 seconds
[shaping_diag] success_cum_shaping=282.39 T=214 d_init=94.1 d_final=0.0
 Retrying in 1 seconds
[shaping_diag] success_cum_shaping=282.39 T=228 d_init=94.1 d_final=0.0
 Retrying in 1 seconds
[shaping_diag] success_cum_shaping=282.39 T=221 d_init=94.1 d_final=0.0
 Retrying in 1 seconds
[shaping_diag] success_cum_shaping=282.39 T=209 d_init=94.1 d_final=0.0
 Retrying in 1 seconds
[shaping_diag] success_cum_shaping=282.39 T=229 d_init=94.1 d_final=0.0
 Retrying in 1 seconds
[shaping_diag] success_cum_shaping=282.39 T=207 d_init=94.1 d_final=0.0
 Retrying in 1 seconds
[shaping_diag] success_cum_shaping=282.39 T=221 d_init=94.1 d_final=0.0
 Retrying in 1 seconds
 Retrying in 1 seconds
[shaping_diag] success_cum_shaping=282.39 T=202 d_init=94.1 d_final=0.0
 Retrying in 1 seconds
[shaping_diag] success_cum_shaping=282.39 T=218 d_init=94.1 d_final=0.0
 Retrying in 1 seconds
[shaping_diag] success_cum_shaping=282.39 T=190 d_init=94.1 d_final=0.0
 Retrying in 1 seconds
[shaping_diag] success_cum_shaping=282.39 T=202 d_init=94.1 d_final=0.0
 Retrying in 1 seconds
[shaping_diag] success_cum_shaping=282.39 T=229 d_init=94.1 d_final=0.0
 Retrying in 1 seconds
[shaping_diag] success_cum_shaping=282.39 T=204 d_init=94.1 d_final=0.0
 Retrying in 1 seconds
[shaping_diag] success_cum_shaping=282.39 T=194 d_init=94.1 d_final=0.0
 Retrying in 1 seconds
[shaping_diag] success_cum_shaping=282.39 T=217 d_init=94.1 d_final=0.0
 Retrying in 1 seconds
[shaping_diag] success_cum_shaping=282.39 T=213 d_init=94.1 d_final=0.0
 Retrying in 1 seconds
[shaping_diag] success_cum_shaping=282.39 T=201 d_init=94.1 d_final=0.0
 Retrying in 1 seconds
[shaping_diag] success_cum_shaping=282.39 T=203 d_init=94.1 d_final=0.0
 Retrying in 1 seconds
[shaping_diag] success_cum_shaping=282.39 T=228 d_init=94.1 d_final=0.0
 Retrying in 1 seconds
[shaping_diag] success_cum_shaping=282.39 T=207 d_init=94.1 d_final=0.0
 Retrying in 1 seconds
[shaping_diag] success_cum_shaping=282.39 T=223 d_init=94.1 d_final=0.0
 Retrying in 1 seconds
[shaping_diag] success_cum_shaping=282.39 T=191 d_init=94.1 d_final=0.0
 Retrying in 1 seconds
[shaping_diag] success_cum_shaping=282.39 T=194 d_init=94.1 d_final=0.0
 Retrying in 1 seconds
[shaping_diag] success_cum_shaping=282.39 T=221 d_init=94.1 d_final=0.0
 Retrying in 1 seconds
[shaping_diag] success_cum_shaping=282.39 T=211 d_init=94.1 d_final=0.0
 Retrying in 1 seconds
[shaping_diag] success_cum_shaping=282.39 T=217 d_init=94.1 d_final=0.0
 Retrying in 1 seconds
 Retrying in 1 seconds
[shaping_diag] success_cum_shaping=282.39 T=210 d_init=94.1 d_final=0.0
 Retrying in 1 seconds
[shaping_diag] success_cum_shaping=282.39 T=200 d_init=94.1 d_final=0.0
 Retrying in 1 seconds
[shaping_diag] success_cum_shaping=282.39 T=208 d_init=94.1 d_final=0.0
 Retrying in 1 seconds
[shaping_diag] success_cum_shaping=282.39 T=215 d_init=94.1 d_final=0.0
 Retrying in 1 seconds
[shaping_diag] success_cum_shaping=282.39 T=218 d_init=94.1 d_final=0.0
 Retrying in 1 seconds
[shaping_diag] success_cum_shaping=282.39 T=194 d_init=94.1 d_final=0.0
 Retrying in 1 seconds
[shaping_diag] success_cum_shaping=282.39 T=220 d_init=94.1 d_final=0.0
 Retrying in 1 seconds
[shaping_diag] success_cum_shaping=282.39 T=208 d_init=94.1 d_final=0.0
 Retrying in 1 seconds
[shaping_diag] success_cum_shaping=282.39 T=216 d_init=94.1 d_final=0.0
 Retrying in 1 seconds
[shaping_diag] success_cum_shaping=282.39 T=215 d_init=94.1 d_final=0.0
 Retrying in 1 seconds
[shaping_diag] success_cum_shaping=282.39 T=223 d_init=94.1 d_final=0.0
 Retrying in 1 seconds
[shaping_diag] success_cum_shaping=282.39 T=213 d_init=94.1 d_final=0.0
 Retrying in 1 seconds
[shaping_diag] success_cum_shaping=282.39 T=216 d_init=94.1 d_final=0.0
 Retrying in 1 seconds
[shaping_diag] success_cum_shaping=282.39 T=227 d_init=94.1 d_final=0.0
 Retrying in 1 seconds
[shaping_diag] success_cum_shaping=282.39 T=235 d_init=94.1 d_final=0.0
 Retrying in 1 seconds
[shaping_diag] success_cum_shaping=282.39 T=196 d_init=94.1 d_final=0.0
 Retrying in 1 seconds
[shaping_diag] success_cum_shaping=282.39 T=221 d_init=94.1 d_final=0.0
 Retrying in 1 seconds
[shaping_diag] success_cum_shaping=282.39 T=208 d_init=94.1 d_final=0.0
 Retrying in 1 seconds
[shaping_diag] success_cum_shaping=282.39 T=231 d_init=94.1 d_final=0.0
 Retrying in 1 seconds
Saved fusion_aux to results/ablation/tier1/1a_stem_right_fusion_aux_nointent_s456/model_fusion_aux_1a_stem_right.pt

Running post-training checkpoint selection (30 eps each)...
 Retrying in 1 seconds
[shaping_diag] success_cum_shaping=282.39 T=227 d_init=94.1 d_final=0.0
 Retrying in 1 seconds
[shaping_diag] success_cum_shaping=282.39 T=185 d_init=94.1 d_final=0.0
 Retrying in 1 seconds
[shaping_diag] success_cum_shaping=282.39 T=147 d_init=94.1 d_final=0.0
 Retrying in 1 seconds
[shaping_diag] success_cum_shaping=282.39 T=188 d_init=94.1 d_final=0.0
 Retrying in 1 seconds
[shaping_diag] success_cum_shaping=282.39 T=196 d_init=94.1 d_final=0.0
 Retrying in 1 seconds
[shaping_diag] success_cum_shaping=282.39 T=188 d_init=94.1 d_final=0.0
 Retrying in 1 seconds
[shaping_diag] success_cum_shaping=282.39 T=187 d_init=94.1 d_final=0.0
 Retrying in 1 seconds
[shaping_diag] success_cum_shaping=282.39 T=186 d_init=94.1 d_final=0.0
 Retrying in 1 seconds
[shaping_diag] success_cum_shaping=282.39 T=185 d_init=94.1 d_final=0.0
 Retrying in 1 seconds
[shaping_diag] success_cum_shaping=282.39 T=187 d_init=94.1 d_final=0.0
 Retrying in 1 seconds
[shaping_diag] success_cum_shaping=282.39 T=195 d_init=94.1 d_final=0.0
 Retrying in 1 seconds
[shaping_diag] success_cum_shaping=282.39 T=217 d_init=94.1 d_final=0.0
 Retrying in 1 seconds
[shaping_diag] success_cum_shaping=282.39 T=157 d_init=94.1 d_final=0.0
 Retrying in 1 seconds
[shaping_diag] success_cum_shaping=282.39 T=229 d_init=94.1 d_final=0.0
 Retrying in 1 seconds
[shaping_diag] success_cum_shaping=282.39 T=241 d_init=94.1 d_final=0.0
 Retrying in 1 seconds
[shaping_diag] success_cum_shaping=282.39 T=214 d_init=94.1 d_final=0.0
 Retrying in 1 seconds
[shaping_diag] success_cum_shaping=282.39 T=180 d_init=94.1 d_final=0.0
 Retrying in 1 seconds
[shaping_diag] success_cum_shaping=282.39 T=185 d_init=94.1 d_final=0.0
 Retrying in 1 seconds
[shaping_diag] success_cum_shaping=282.39 T=199 d_init=94.1 d_final=0.0
 Retrying in 1 seconds
[shaping_diag] success_cum_shaping=282.39 T=192 d_init=94.1 d_final=0.0
 Retrying in 1 seconds
[shaping_diag] success_cum_shaping=282.39 T=192 d_init=94.1 d_final=0.0
 Retrying in 1 seconds
[shaping_diag] success_cum_shaping=282.39 T=184 d_init=94.1 d_final=0.0
 Retrying in 1 seconds
[shaping_diag] success_cum_shaping=282.39 T=183 d_init=94.1 d_final=0.0
 Retrying in 1 seconds
[shaping_diag] success_cum_shaping=282.39 T=195 d_init=94.1 d_final=0.0
 Retrying in 1 seconds
[shaping_diag] success_cum_shaping=282.39 T=196 d_init=94.1 d_final=0.0
 Retrying in 1 seconds
[shaping_diag] success_cum_shaping=282.39 T=241 d_init=94.1 d_final=0.0
 Retrying in 1 seconds
[shaping_diag] success_cum_shaping=282.39 T=182 d_init=94.1 d_final=0.0
 Retrying in 1 seconds
[shaping_diag] success_cum_shaping=282.39 T=212 d_init=94.1 d_final=0.0
 Retrying in 1 seconds
[shaping_diag] success_cum_shaping=282.39 T=225 d_init=94.1 d_final=0.0
 Retrying in 1 seconds
[shaping_diag] success_cum_shaping=282.39 T=182 d_init=94.1 d_final=0.0
  step=200000: return=+403.22, coll=0.00, score=403.22
 Retrying in 1 seconds
[shaping_diag] success_cum_shaping=282.39 T=195 d_init=94.1 d_final=0.0
 Retrying in 1 seconds
[shaping_diag] success_cum_shaping=282.39 T=184 d_init=94.1 d_final=0.0
 Retrying in 1 seconds
[shaping_diag] success_cum_shaping=282.39 T=211 d_init=94.1 d_final=0.0
 Retrying in 1 seconds
[shaping_diag] success_cum_shaping=282.39 T=204 d_init=94.1 d_final=0.0
 Retrying in 1 seconds
[shaping_diag] success_cum_shaping=282.39 T=212 d_init=94.1 d_final=0.0
 Retrying in 1 seconds
[shaping_diag] success_cum_shaping=282.39 T=205 d_init=94.1 d_final=0.0
 Retrying in 1 seconds
[shaping_diag] success_cum_shaping=282.39 T=209 d_init=94.1 d_final=0.0
 Retrying in 1 seconds
[shaping_diag] success_cum_shaping=282.39 T=208 d_init=94.1 d_final=0.0
 Retrying in 1 seconds
[shaping_diag] success_cum_shaping=282.39 T=225 d_init=94.1 d_final=0.0
 Retrying in 1 seconds
[shaping_diag] success_cum_shaping=282.39 T=193 d_init=94.1 d_final=0.0
 Retrying in 1 seconds
[shaping_diag] success_cum_shaping=282.39 T=199 d_init=94.1 d_final=0.0
 Retrying in 1 seconds
[shaping_diag] success_cum_shaping=282.39 T=191 d_init=94.1 d_final=0.0
 Retrying in 1 seconds
[shaping_diag] success_cum_shaping=282.39 T=201 d_init=94.1 d_final=0.0
 Retrying in 1 seconds
[shaping_diag] success_cum_shaping=282.39 T=220 d_init=94.1 d_final=0.0
 Retrying in 1 seconds
[shaping_diag] success_cum_shaping=282.39 T=230 d_init=94.1 d_final=0.0
 Retrying in 1 seconds
[shaping_diag] success_cum_shaping=282.39 T=229 d_init=94.1 d_final=0.0
 Retrying in 1 seconds
[shaping_diag] success_cum_shaping=282.39 T=201 d_init=94.1 d_final=0.0
 Retrying in 1 seconds
[shaping_diag] success_cum_shaping=282.39 T=214 d_init=94.1 d_final=0.0
 Retrying in 1 seconds
[shaping_diag] success_cum_shaping=282.39 T=206 d_init=94.1 d_final=0.0
 Retrying in 1 seconds
[shaping_diag] success_cum_shaping=282.39 T=199 d_init=94.1 d_final=0.0
 Retrying in 1 seconds
[shaping_diag] success_cum_shaping=282.39 T=198 d_init=94.1 d_final=0.0
 Retrying in 1 seconds
[shaping_diag] success_cum_shaping=282.39 T=200 d_init=94.1 d_final=0.0
 Retrying in 1 seconds
[shaping_diag] success_cum_shaping=282.39 T=202 d_init=94.1 d_final=0.0
 Retrying in 1 seconds
[shaping_diag] success_cum_shaping=282.39 T=203 d_init=94.1 d_final=0.0
 Retrying in 1 seconds
[shaping_diag] success_cum_shaping=282.39 T=221 d_init=94.1 d_final=0.0
 Retrying in 1 seconds
[shaping_diag] success_cum_shaping=282.39 T=223 d_init=94.1 d_final=0.0
 Retrying in 1 seconds
[shaping_diag] success_cum_shaping=282.39 T=200 d_init=94.1 d_final=0.0
 Retrying in 1 seconds
[shaping_diag] success_cum_shaping=282.39 T=228 d_init=94.1 d_final=0.0
 Retrying in 1 seconds
[shaping_diag] success_cum_shaping=282.39 T=196 d_init=94.1 d_final=0.0
 Retrying in 1 seconds
[shaping_diag] success_cum_shaping=282.39 T=209 d_init=94.1 d_final=0.0
  step=300000: return=+499.05, coll=0.00, score=499.05
 Retrying in 1 seconds
[shaping_diag] success_cum_shaping=282.39 T=187 d_init=94.1 d_final=0.0
 Retrying in 1 seconds
[shaping_diag] success_cum_shaping=282.39 T=190 d_init=94.1 d_final=0.0
 Retrying in 1 seconds
[shaping_diag] success_cum_shaping=282.39 T=180 d_init=94.1 d_final=0.0
 Retrying in 1 seconds
[shaping_diag] success_cum_shaping=282.39 T=177 d_init=94.1 d_final=0.0
 Retrying in 1 seconds
[shaping_diag] success_cum_shaping=282.39 T=189 d_init=94.1 d_final=0.0
 Retrying in 1 seconds
[shaping_diag] success_cum_shaping=282.39 T=192 d_init=94.1 d_final=0.0
 Retrying in 1 seconds
[shaping_diag] success_cum_shaping=282.39 T=177 d_init=94.1 d_final=0.0
 Retrying in 1 seconds
[shaping_diag] success_cum_shaping=282.39 T=195 d_init=94.1 d_final=0.0
 Retrying in 1 seconds
[shaping_diag] success_cum_shaping=282.39 T=203 d_init=94.1 d_final=0.0
 Retrying in 1 seconds
[shaping_diag] success_cum_shaping=282.39 T=186 d_init=94.1 d_final=0.0
 Retrying in 1 seconds
[shaping_diag] success_cum_shaping=282.39 T=177 d_init=94.1 d_final=0.0
 Retrying in 1 seconds
[shaping_diag] success_cum_shaping=282.39 T=182 d_init=94.1 d_final=0.0
 Retrying in 1 seconds
[shaping_diag] success_cum_shaping=282.39 T=180 d_init=94.1 d_final=0.0
 Retrying in 1 seconds
[shaping_diag] success_cum_shaping=282.39 T=145 d_init=94.1 d_final=0.0
 Retrying in 1 seconds
[shaping_diag] success_cum_shaping=282.39 T=203 d_init=94.1 d_final=0.0
 Retrying in 1 seconds
[shaping_diag] success_cum_shaping=282.39 T=190 d_init=94.1 d_final=0.0
 Retrying in 1 seconds
[shaping_diag] success_cum_shaping=282.39 T=170 d_init=94.1 d_final=0.0
 Retrying in 1 seconds
[shaping_diag] success_cum_shaping=282.39 T=181 d_init=94.1 d_final=0.0
 Retrying in 1 seconds
[shaping_diag] success_cum_shaping=282.39 T=200 d_init=94.1 d_final=0.0
 Retrying in 1 seconds
[shaping_diag] success_cum_shaping=282.39 T=181 d_init=94.1 d_final=0.0
 Retrying in 1 seconds
[shaping_diag] success_cum_shaping=282.39 T=177 d_init=94.1 d_final=0.0
 Retrying in 1 seconds
[shaping_diag] success_cum_shaping=282.39 T=192 d_init=94.1 d_final=0.0
 Retrying in 1 seconds
[shaping_diag] success_cum_shaping=282.39 T=172 d_init=94.1 d_final=0.0
 Retrying in 1 seconds
[shaping_diag] success_cum_shaping=282.39 T=197 d_init=94.1 d_final=0.0
 Retrying in 1 seconds
[shaping_diag] success_cum_shaping=282.39 T=198 d_init=94.1 d_final=0.0
 Retrying in 1 seconds
[shaping_diag] success_cum_shaping=282.39 T=194 d_init=94.1 d_final=0.0
 Retrying in 1 seconds
[shaping_diag] success_cum_shaping=282.39 T=188 d_init=94.1 d_final=0.0
 Retrying in 1 seconds
[shaping_diag] success_cum_shaping=282.39 T=215 d_init=94.1 d_final=0.0
 Retrying in 1 seconds
[shaping_diag] success_cum_shaping=282.39 T=189 d_init=94.1 d_final=0.0
 Retrying in 1 seconds
[shaping_diag] success_cum_shaping=282.39 T=176 d_init=94.1 d_final=0.0
  step=400000: return=+442.83, coll=0.00, score=442.83
 Retrying in 1 seconds
[shaping_diag] success_cum_shaping=282.39 T=187 d_init=94.1 d_final=0.0
 Retrying in 1 seconds
[shaping_diag] success_cum_shaping=282.39 T=190 d_init=94.1 d_final=0.0
 Retrying in 1 seconds
[shaping_diag] success_cum_shaping=282.39 T=180 d_init=94.1 d_final=0.0
 Retrying in 1 seconds
[shaping_diag] success_cum_shaping=282.39 T=177 d_init=94.1 d_final=0.0
 Retrying in 1 seconds
[shaping_diag] success_cum_shaping=282.39 T=189 d_init=94.1 d_final=0.0
 Retrying in 1 seconds
[shaping_diag] success_cum_shaping=282.39 T=192 d_init=94.1 d_final=0.0
 Retrying in 1 seconds
[shaping_diag] success_cum_shaping=282.39 T=177 d_init=94.1 d_final=0.0
 Retrying in 1 seconds
[shaping_diag] success_cum_shaping=282.39 T=195 d_init=94.1 d_final=0.0
 Retrying in 1 seconds
[shaping_diag] success_cum_shaping=282.39 T=203 d_init=94.1 d_final=0.0
 Retrying in 1 seconds
[shaping_diag] success_cum_shaping=282.39 T=186 d_init=94.1 d_final=0.0
 Retrying in 1 seconds
[shaping_diag] success_cum_shaping=282.39 T=177 d_init=94.1 d_final=0.0
 Retrying in 1 seconds
[shaping_diag] success_cum_shaping=282.39 T=182 d_init=94.1 d_final=0.0
 Retrying in 1 seconds
[shaping_diag] success_cum_shaping=282.39 T=180 d_init=94.1 d_final=0.0
 Retrying in 1 seconds
[shaping_diag] success_cum_shaping=282.39 T=145 d_init=94.1 d_final=0.0
 Retrying in 1 seconds
[shaping_diag] success_cum_shaping=282.39 T=203 d_init=94.1 d_final=0.0
 Retrying in 1 seconds
[shaping_diag] success_cum_shaping=282.39 T=190 d_init=94.1 d_final=0.0
 Retrying in 1 seconds
[shaping_diag] success_cum_shaping=282.39 T=170 d_init=94.1 d_final=0.0
 Retrying in 1 seconds
[shaping_diag] success_cum_shaping=282.39 T=181 d_init=94.1 d_final=0.0
 Retrying in 1 seconds
[shaping_diag] success_cum_shaping=282.39 T=200 d_init=94.1 d_final=0.0
 Retrying in 1 seconds
[shaping_diag] success_cum_shaping=282.39 T=181 d_init=94.1 d_final=0.0
 Retrying in 1 seconds
[shaping_diag] success_cum_shaping=282.39 T=177 d_init=94.1 d_final=0.0
 Retrying in 1 seconds
[shaping_diag] success_cum_shaping=282.39 T=192 d_init=94.1 d_final=0.0
 Retrying in 1 seconds
[shaping_diag] success_cum_shaping=282.39 T=172 d_init=94.1 d_final=0.0
 Retrying in 1 seconds
[shaping_diag] success_cum_shaping=282.39 T=197 d_init=94.1 d_final=0.0
 Retrying in 1 seconds
[shaping_diag] success_cum_shaping=282.39 T=198 d_init=94.1 d_final=0.0
 Retrying in 1 seconds
[shaping_diag] success_cum_shaping=282.39 T=194 d_init=94.1 d_final=0.0
 Retrying in 1 seconds
[shaping_diag] success_cum_shaping=282.39 T=188 d_init=94.1 d_final=0.0
 Retrying in 1 seconds
[shaping_diag] success_cum_shaping=282.39 T=215 d_init=94.1 d_final=0.0
 Retrying in 1 seconds
[shaping_diag] success_cum_shaping=282.39 T=189 d_init=94.1 d_final=0.0
 Retrying in 1 seconds
[shaping_diag] success_cum_shaping=282.39 T=176 d_init=94.1 d_final=0.0
  step=final: return=+442.83, coll=0.00, score=442.83
  Best: step=300000 (margin=56.21). Copied to results/ablation/tier1/1a_stem_right_fusion_aux_nointent_s456/model_fusion_aux_1a_stem_right.pt
Training complete. Metrics in results/ablation/tier1/1a_stem_right_fusion_aux_nointent_s456/train_fusion_aux_1a_stem_right.csv
=== EVAL ===
Eval seed=1456 [deterministic]...
 Retrying in 1 seconds
[shaping_diag] success_cum_shaping=282.39 T=191 d_init=94.1 d_final=0.0
 Retrying in 1 seconds
[shaping_diag] success_cum_shaping=282.39 T=216 d_init=94.1 d_final=0.0
 Retrying in 1 seconds
[shaping_diag] success_cum_shaping=282.39 T=205 d_init=94.1 d_final=0.0
 Retrying in 1 seconds
[shaping_diag] success_cum_shaping=282.39 T=203 d_init=94.1 d_final=0.0
 Retrying in 1 seconds
[shaping_diag] success_cum_shaping=282.39 T=226 d_init=94.1 d_final=0.0
 Retrying in 1 seconds
[shaping_diag] success_cum_shaping=282.39 T=202 d_init=94.1 d_final=0.0
 Retrying in 1 seconds
[shaping_diag] success_cum_shaping=282.39 T=216 d_init=94.1 d_final=0.0
 Retrying in 1 seconds
[shaping_diag] success_cum_shaping=282.39 T=208 d_init=94.1 d_final=0.0
 Retrying in 1 seconds
[shaping_diag] success_cum_shaping=282.39 T=192 d_init=94.1 d_final=0.0
 Retrying in 1 seconds
[shaping_diag] success_cum_shaping=282.39 T=214 d_init=94.1 d_final=0.0
 Retrying in 1 seconds
[shaping_diag] success_cum_shaping=282.39 T=235 d_init=94.1 d_final=0.0
 Retrying in 1 seconds
[shaping_diag] success_cum_shaping=282.39 T=203 d_init=94.1 d_final=0.0
 Retrying in 1 seconds
[shaping_diag] success_cum_shaping=282.39 T=214 d_init=94.1 d_final=0.0
 Retrying in 1 seconds
[shaping_diag] success_cum_shaping=282.39 T=203 d_init=94.1 d_final=0.0
 Retrying in 1 seconds
[shaping_diag] success_cum_shaping=282.39 T=202 d_init=94.1 d_final=0.0
 Retrying in 1 seconds
[shaping_diag] success_cum_shaping=282.39 T=199 d_init=94.1 d_final=0.0
 Retrying in 1 seconds
[shaping_diag] success_cum_shaping=282.39 T=190 d_init=94.1 d_final=0.0
 Retrying in 1 seconds
[shaping_diag] success_cum_shaping=282.39 T=192 d_init=94.1 d_final=0.0
 Retrying in 1 seconds
[shaping_diag] success_cum_shaping=282.39 T=225 d_init=94.1 d_final=0.0
 Retrying in 1 seconds
[shaping_diag] success_cum_shaping=282.39 T=214 d_init=94.1 d_final=0.0
 Retrying in 1 seconds
[shaping_diag] success_cum_shaping=282.39 T=211 d_init=94.1 d_final=0.0
 Retrying in 1 seconds
[shaping_diag] success_cum_shaping=282.39 T=197 d_init=94.1 d_final=0.0
 Retrying in 1 seconds
[shaping_diag] success_cum_shaping=282.39 T=229 d_init=94.1 d_final=0.0
 Retrying in 1 seconds
[shaping_diag] success_cum_shaping=282.39 T=205 d_init=94.1 d_final=0.0
 Retrying in 1 seconds
[shaping_diag] success_cum_shaping=282.39 T=230 d_init=94.1 d_final=0.0
 Retrying in 1 seconds
[shaping_diag] success_cum_shaping=282.39 T=179 d_init=94.1 d_final=0.0
 Retrying in 1 seconds
[shaping_diag] success_cum_shaping=282.39 T=188 d_init=94.1 d_final=0.0
 Retrying in 1 seconds
[shaping_diag] success_cum_shaping=282.39 T=207 d_init=94.1 d_final=0.0
 Retrying in 1 seconds
[shaping_diag] success_cum_shaping=282.39 T=193 d_init=94.1 d_final=0.0
 Retrying in 1 seconds
[shaping_diag] success_cum_shaping=282.39 T=193 d_init=94.1 d_final=0.0
 Retrying in 1 seconds
[shaping_diag] success_cum_shaping=282.39 T=209 d_init=94.1 d_final=0.0
 Retrying in 1 seconds
[shaping_diag] success_cum_shaping=282.39 T=237 d_init=94.1 d_final=0.0
 Retrying in 1 seconds
[shaping_diag] success_cum_shaping=282.39 T=218 d_init=94.1 d_final=0.0
 Retrying in 1 seconds
[shaping_diag] success_cum_shaping=282.39 T=212 d_init=94.1 d_final=0.0
 Retrying in 1 seconds
[shaping_diag] success_cum_shaping=282.39 T=201 d_init=94.1 d_final=0.0
 Retrying in 1 seconds
[shaping_diag] success_cum_shaping=282.39 T=227 d_init=94.1 d_final=0.0
 Retrying in 1 seconds
[shaping_diag] success_cum_shaping=282.39 T=228 d_init=94.1 d_final=0.0
 Retrying in 1 seconds
[shaping_diag] success_cum_shaping=282.39 T=227 d_init=94.1 d_final=0.0
 Retrying in 1 seconds
[shaping_diag] success_cum_shaping=282.39 T=193 d_init=94.1 d_final=0.0
 Retrying in 1 seconds
[shaping_diag] success_cum_shaping=282.39 T=199 d_init=94.1 d_final=0.0
 Retrying in 1 seconds
[shaping_diag] success_cum_shaping=282.39 T=200 d_init=94.1 d_final=0.0
 Retrying in 1 seconds
[shaping_diag] success_cum_shaping=282.39 T=199 d_init=94.1 d_final=0.0
 Retrying in 1 seconds
[shaping_diag] success_cum_shaping=282.39 T=205 d_init=94.1 d_final=0.0
 Retrying in 1 seconds
[shaping_diag] success_cum_shaping=282.39 T=211 d_init=94.1 d_final=0.0
 Retrying in 1 seconds
[shaping_diag] success_cum_shaping=282.39 T=230 d_init=94.1 d_final=0.0
 Retrying in 1 seconds
[shaping_diag] success_cum_shaping=282.39 T=226 d_init=94.1 d_final=0.0
 Retrying in 1 seconds
[shaping_diag] success_cum_shaping=282.39 T=198 d_init=94.1 d_final=0.0
 Retrying in 1 seconds
[shaping_diag] success_cum_shaping=282.39 T=209 d_init=94.1 d_final=0.0
 Retrying in 1 seconds
[shaping_diag] success_cum_shaping=282.39 T=228 d_init=94.1 d_final=0.0
 Retrying in 1 seconds
[shaping_diag] success_cum_shaping=282.39 T=211 d_init=94.1 d_final=0.0
 Retrying in 1 seconds
[shaping_diag] success_cum_shaping=282.39 T=203 d_init=94.1 d_final=0.0
 Retrying in 1 seconds
[shaping_diag] success_cum_shaping=282.39 T=201 d_init=94.1 d_final=0.0
 Retrying in 1 seconds
[shaping_diag] success_cum_shaping=282.39 T=201 d_init=94.1 d_final=0.0
 Retrying in 1 seconds
[shaping_diag] success_cum_shaping=282.39 T=225 d_init=94.1 d_final=0.0
 Retrying in 1 seconds
[shaping_diag] success_cum_shaping=282.39 T=195 d_init=94.1 d_final=0.0
 Retrying in 1 seconds
[shaping_diag] success_cum_shaping=282.39 T=221 d_init=94.1 d_final=0.0
 Retrying in 1 seconds
[shaping_diag] success_cum_shaping=282.39 T=230 d_init=94.1 d_final=0.0
 Retrying in 1 seconds
[shaping_diag] success_cum_shaping=282.39 T=201 d_init=94.1 d_final=0.0
 Retrying in 1 seconds
[shaping_diag] success_cum_shaping=282.39 T=244 d_init=94.1 d_final=0.0
 Retrying in 1 seconds
[shaping_diag] success_cum_shaping=282.39 T=202 d_init=94.1 d_final=0.0
 Retrying in 1 seconds
[shaping_diag] success_cum_shaping=282.39 T=194 d_init=94.1 d_final=0.0
 Retrying in 1 seconds
[shaping_diag] success_cum_shaping=282.39 T=203 d_init=94.1 d_final=0.0
 Retrying in 1 seconds
[shaping_diag] success_cum_shaping=282.39 T=234 d_init=94.1 d_final=0.0
 Retrying in 1 seconds
[shaping_diag] success_cum_shaping=282.39 T=208 d_init=94.1 d_final=0.0
 Retrying in 1 seconds
[shaping_diag] success_cum_shaping=282.39 T=226 d_init=94.1 d_final=0.0
 Retrying in 1 seconds
[shaping_diag] success_cum_shaping=282.39 T=208 d_init=94.1 d_final=0.0
 Retrying in 1 seconds
[shaping_diag] success_cum_shaping=282.39 T=216 d_init=94.1 d_final=0.0
 Retrying in 1 seconds
[shaping_diag] success_cum_shaping=282.39 T=211 d_init=94.1 d_final=0.0
 Retrying in 1 seconds
[shaping_diag] success_cum_shaping=282.39 T=236 d_init=94.1 d_final=0.0
 Retrying in 1 seconds
[shaping_diag] success_cum_shaping=282.39 T=200 d_init=94.1 d_final=0.0
 Retrying in 1 seconds
[shaping_diag] success_cum_shaping=282.39 T=193 d_init=94.1 d_final=0.0
 Retrying in 1 seconds
[shaping_diag] success_cum_shaping=282.39 T=196 d_init=94.1 d_final=0.0
 Retrying in 1 seconds
[shaping_diag] success_cum_shaping=282.39 T=247 d_init=94.1 d_final=0.0
 Retrying in 1 seconds
[shaping_diag] success_cum_shaping=282.39 T=180 d_init=94.1 d_final=0.0
 Retrying in 1 seconds
[shaping_diag] success_cum_shaping=282.39 T=224 d_init=94.1 d_final=0.0
 Retrying in 1 seconds
[shaping_diag] success_cum_shaping=282.39 T=204 d_init=94.1 d_final=0.0
 Retrying in 1 seconds
[shaping_diag] success_cum_shaping=282.39 T=206 d_init=94.1 d_final=0.0
 Retrying in 1 seconds
[shaping_diag] success_cum_shaping=282.39 T=186 d_init=94.1 d_final=0.0
 Retrying in 1 seconds
[shaping_diag] success_cum_shaping=282.39 T=203 d_init=94.1 d_final=0.0
 Retrying in 1 seconds
[shaping_diag] success_cum_shaping=282.39 T=191 d_init=94.1 d_final=0.0
 Retrying in 1 seconds
[shaping_diag] success_cum_shaping=282.39 T=212 d_init=94.1 d_final=0.0
 Retrying in 1 seconds
[shaping_diag] success_cum_shaping=282.39 T=210 d_init=94.1 d_final=0.0
 Retrying in 1 seconds
[shaping_diag] success_cum_shaping=282.39 T=212 d_init=94.1 d_final=0.0
 Retrying in 1 seconds
[shaping_diag] success_cum_shaping=282.39 T=195 d_init=94.1 d_final=0.0
 Retrying in 1 seconds
[shaping_diag] success_cum_shaping=282.39 T=211 d_init=94.1 d_final=0.0
 Retrying in 1 seconds
[shaping_diag] success_cum_shaping=282.39 T=213 d_init=94.1 d_final=0.0
 Retrying in 1 seconds
[shaping_diag] success_cum_shaping=282.39 T=206 d_init=94.1 d_final=0.0
 Retrying in 1 seconds
[shaping_diag] success_cum_shaping=282.39 T=236 d_init=94.1 d_final=0.0
 Retrying in 1 seconds
[shaping_diag] success_cum_shaping=282.39 T=194 d_init=94.1 d_final=0.0
 Retrying in 1 seconds
[shaping_diag] success_cum_shaping=282.39 T=227 d_init=94.1 d_final=0.0
 Retrying in 1 seconds
[shaping_diag] success_cum_shaping=282.39 T=207 d_init=94.1 d_final=0.0
 Retrying in 1 seconds
[shaping_diag] success_cum_shaping=282.39 T=213 d_init=94.1 d_final=0.0
 Retrying in 1 seconds
[shaping_diag] success_cum_shaping=282.39 T=213 d_init=94.1 d_final=0.0
 Retrying in 1 seconds
[shaping_diag] success_cum_shaping=282.39 T=205 d_init=94.1 d_final=0.0
 Retrying in 1 seconds
[shaping_diag] success_cum_shaping=282.39 T=200 d_init=94.1 d_final=0.0
 Retrying in 1 seconds
[shaping_diag] success_cum_shaping=282.39 T=200 d_init=94.1 d_final=0.0
 Retrying in 1 seconds
[shaping_diag] success_cum_shaping=282.39 T=231 d_init=94.1 d_final=0.0
 Retrying in 1 seconds
[shaping_diag] success_cum_shaping=282.39 T=219 d_init=94.1 d_final=0.0
 Retrying in 1 seconds
[shaping_diag] success_cum_shaping=282.39 T=202 d_init=94.1 d_final=0.0
 Retrying in 1 seconds
[shaping_diag] success_cum_shaping=282.39 T=225 d_init=94.1 d_final=0.0
  return=492.27 coll=0.000 success=1.000 ttc=6.59 ent=0.97 brakes=1.0
Eval seed=1456 [stochastic]...
 Retrying in 1 seconds
[shaping_diag] success_cum_shaping=282.39 T=205 d_init=94.1 d_final=0.0
 Retrying in 1 seconds
[shaping_diag] success_cum_shaping=282.39 T=224 d_init=94.1 d_final=0.0
 Retrying in 1 seconds
[shaping_diag] success_cum_shaping=282.39 T=224 d_init=94.1 d_final=0.0
 Retrying in 1 seconds
[shaping_diag] success_cum_shaping=282.39 T=220 d_init=94.1 d_final=0.0
 Retrying in 1 seconds
[shaping_diag] success_cum_shaping=282.39 T=238 d_init=94.1 d_final=0.0
 Retrying in 1 seconds
[shaping_diag] success_cum_shaping=282.39 T=218 d_init=94.1 d_final=0.0
 Retrying in 1 seconds
[shaping_diag] success_cum_shaping=282.39 T=224 d_init=94.1 d_final=0.0
 Retrying in 1 seconds
[shaping_diag] success_cum_shaping=282.39 T=224 d_init=94.1 d_final=0.0
 Retrying in 1 seconds
[shaping_diag] success_cum_shaping=282.39 T=206 d_init=94.1 d_final=0.0
 Retrying in 1 seconds
[shaping_diag] success_cum_shaping=282.39 T=218 d_init=94.1 d_final=0.0
 Retrying in 1 seconds
[shaping_diag] success_cum_shaping=282.39 T=238 d_init=94.1 d_final=0.0
 Retrying in 1 seconds
[shaping_diag] success_cum_shaping=282.39 T=209 d_init=94.1 d_final=0.0
 Retrying in 1 seconds
[shaping_diag] success_cum_shaping=282.39 T=248 d_init=94.1 d_final=0.0
 Retrying in 1 seconds
[shaping_diag] success_cum_shaping=282.39 T=219 d_init=94.1 d_final=0.0
 Retrying in 1 seconds
[shaping_diag] success_cum_shaping=282.39 T=219 d_init=94.1 d_final=0.0
 Retrying in 1 seconds
[shaping_diag] success_cum_shaping=282.39 T=205 d_init=94.1 d_final=0.0
 Retrying in 1 seconds
[shaping_diag] success_cum_shaping=282.39 T=208 d_init=94.1 d_final=0.0
 Retrying in 1 seconds
[shaping_diag] success_cum_shaping=282.39 T=211 d_init=94.1 d_final=0.0
 Retrying in 1 seconds
[shaping_diag] success_cum_shaping=282.39 T=223 d_init=94.1 d_final=0.0
 Retrying in 1 seconds
[shaping_diag] success_cum_shaping=282.39 T=217 d_init=94.1 d_final=0.0
 Retrying in 1 seconds
[shaping_diag] success_cum_shaping=282.39 T=219 d_init=94.1 d_final=0.0
 Retrying in 1 seconds
[shaping_diag] success_cum_shaping=282.39 T=212 d_init=94.1 d_final=0.0
 Retrying in 1 seconds
[shaping_diag] success_cum_shaping=282.39 T=250 d_init=94.1 d_final=0.0
 Retrying in 1 seconds
[shaping_diag] success_cum_shaping=282.39 T=208 d_init=94.1 d_final=0.0
 Retrying in 1 seconds
[shaping_diag] success_cum_shaping=282.39 T=230 d_init=94.1 d_final=0.0
 Retrying in 1 seconds
[shaping_diag] success_cum_shaping=282.39 T=199 d_init=94.1 d_final=0.0
 Retrying in 1 seconds
[shaping_diag] success_cum_shaping=282.39 T=206 d_init=94.1 d_final=0.0
 Retrying in 1 seconds
[shaping_diag] success_cum_shaping=282.39 T=232 d_init=94.1 d_final=0.0
 Retrying in 1 seconds
[shaping_diag] success_cum_shaping=282.39 T=201 d_init=94.1 d_final=0.0
 Retrying in 1 seconds
[shaping_diag] success_cum_shaping=282.39 T=201 d_init=94.1 d_final=0.0
 Retrying in 1 seconds
[shaping_diag] success_cum_shaping=282.39 T=210 d_init=94.1 d_final=0.0
 Retrying in 1 seconds
[shaping_diag] success_cum_shaping=282.39 T=243 d_init=94.1 d_final=0.0
 Retrying in 1 seconds
[shaping_diag] success_cum_shaping=282.39 T=207 d_init=94.1 d_final=0.0
 Retrying in 1 seconds
[shaping_diag] success_cum_shaping=282.39 T=224 d_init=94.1 d_final=0.0
 Retrying in 1 seconds
[shaping_diag] success_cum_shaping=282.39 T=209 d_init=94.1 d_final=0.0
 Retrying in 1 seconds
[shaping_diag] success_cum_shaping=282.39 T=242 d_init=94.1 d_final=0.0
 Retrying in 1 seconds
[shaping_diag] success_cum_shaping=282.39 T=238 d_init=94.1 d_final=0.0
 Retrying in 1 seconds
[shaping_diag] success_cum_shaping=282.39 T=248 d_init=94.1 d_final=0.0
 Retrying in 1 seconds
[shaping_diag] success_cum_shaping=282.39 T=208 d_init=94.1 d_final=0.0
 Retrying in 1 seconds
[shaping_diag] success_cum_shaping=282.39 T=205 d_init=94.1 d_final=0.0
 Retrying in 1 seconds
[shaping_diag] success_cum_shaping=282.39 T=220 d_init=94.1 d_final=0.0
 Retrying in 1 seconds
[shaping_diag] success_cum_shaping=282.39 T=208 d_init=94.1 d_final=0.0
 Retrying in 1 seconds
[shaping_diag] success_cum_shaping=282.39 T=203 d_init=94.1 d_final=0.0
 Retrying in 1 seconds
[shaping_diag] success_cum_shaping=282.39 T=216 d_init=94.1 d_final=0.0
 Retrying in 1 seconds
[shaping_diag] success_cum_shaping=282.39 T=219 d_init=94.1 d_final=0.0
 Retrying in 1 seconds
[shaping_diag] success_cum_shaping=282.39 T=237 d_init=94.1 d_final=0.0
 Retrying in 1 seconds
[shaping_diag] success_cum_shaping=282.39 T=208 d_init=94.1 d_final=0.0
 Retrying in 1 seconds
[shaping_diag] success_cum_shaping=282.39 T=227 d_init=94.1 d_final=0.0
 Retrying in 1 seconds
[shaping_diag] success_cum_shaping=282.39 T=225 d_init=94.1 d_final=0.0
 Retrying in 1 seconds
[shaping_diag] success_cum_shaping=282.39 T=231 d_init=94.1 d_final=0.0
 Retrying in 1 seconds
[shaping_diag] success_cum_shaping=282.39 T=232 d_init=94.1 d_final=0.0
 Retrying in 1 seconds
[shaping_diag] success_cum_shaping=282.39 T=214 d_init=94.1 d_final=0.0
 Retrying in 1 seconds
[shaping_diag] success_cum_shaping=282.39 T=219 d_init=94.1 d_final=0.0
 Retrying in 1 seconds
[shaping_diag] success_cum_shaping=282.39 T=235 d_init=94.1 d_final=0.0
 Retrying in 1 seconds
[shaping_diag] success_cum_shaping=282.39 T=223 d_init=94.1 d_final=0.0
 Retrying in 1 seconds
[shaping_diag] success_cum_shaping=282.39 T=238 d_init=94.1 d_final=0.0
 Retrying in 1 seconds
[shaping_diag] success_cum_shaping=282.39 T=235 d_init=94.1 d_final=0.0
 Retrying in 1 seconds
[shaping_diag] success_cum_shaping=282.39 T=210 d_init=94.1 d_final=0.0
 Retrying in 1 seconds
[shaping_diag] success_cum_shaping=282.39 T=254 d_init=94.1 d_final=0.0
 Retrying in 1 seconds
[shaping_diag] success_cum_shaping=282.39 T=219 d_init=94.1 d_final=0.0
 Retrying in 1 seconds
[shaping_diag] success_cum_shaping=282.39 T=199 d_init=94.1 d_final=0.0
 Retrying in 1 seconds
[shaping_diag] success_cum_shaping=282.39 T=194 d_init=94.1 d_final=0.0
 Retrying in 1 seconds
[shaping_diag] success_cum_shaping=282.39 T=236 d_init=94.1 d_final=0.0
 Retrying in 1 seconds
[shaping_diag] success_cum_shaping=282.39 T=192 d_init=94.1 d_final=0.0
 Retrying in 1 seconds
[shaping_diag] success_cum_shaping=282.39 T=232 d_init=94.1 d_final=0.0
 Retrying in 1 seconds
[shaping_diag] success_cum_shaping=282.39 T=213 d_init=94.1 d_final=0.0
 Retrying in 1 seconds
[shaping_diag] success_cum_shaping=282.39 T=243 d_init=94.1 d_final=0.0
 Retrying in 1 seconds
[shaping_diag] success_cum_shaping=282.39 T=226 d_init=94.1 d_final=0.0
 Retrying in 1 seconds
[shaping_diag] success_cum_shaping=282.39 T=224 d_init=94.1 d_final=0.0
 Retrying in 1 seconds
[shaping_diag] success_cum_shaping=282.39 T=213 d_init=94.1 d_final=0.0
 Retrying in 1 seconds
[shaping_diag] success_cum_shaping=282.39 T=220 d_init=94.1 d_final=0.0
 Retrying in 1 seconds
[shaping_diag] success_cum_shaping=282.39 T=214 d_init=94.1 d_final=0.0
 Retrying in 1 seconds
[shaping_diag] success_cum_shaping=282.39 T=253 d_init=94.1 d_final=0.0
 Retrying in 1 seconds
[shaping_diag] success_cum_shaping=282.39 T=198 d_init=94.1 d_final=0.0
 Retrying in 1 seconds
[shaping_diag] success_cum_shaping=282.39 T=235 d_init=94.1 d_final=0.0
 Retrying in 1 seconds
[shaping_diag] success_cum_shaping=282.39 T=220 d_init=94.1 d_final=0.0
 Retrying in 1 seconds
[shaping_diag] success_cum_shaping=282.39 T=223 d_init=94.1 d_final=0.0
 Retrying in 1 seconds
[shaping_diag] success_cum_shaping=282.39 T=183 d_init=94.1 d_final=0.0
 Retrying in 1 seconds
[shaping_diag] success_cum_shaping=282.39 T=214 d_init=94.1 d_final=0.0
 Retrying in 1 seconds
[shaping_diag] success_cum_shaping=282.39 T=194 d_init=94.1 d_final=0.0
 Retrying in 1 seconds
[shaping_diag] success_cum_shaping=282.39 T=233 d_init=94.1 d_final=0.0
 Retrying in 1 seconds
[shaping_diag] success_cum_shaping=282.39 T=232 d_init=94.1 d_final=0.0
 Retrying in 1 seconds
[shaping_diag] success_cum_shaping=282.39 T=232 d_init=94.1 d_final=0.0
 Retrying in 1 seconds
[shaping_diag] success_cum_shaping=282.39 T=209 d_init=94.1 d_final=0.0
 Retrying in 1 seconds
[shaping_diag] success_cum_shaping=282.39 T=237 d_init=94.1 d_final=0.0
 Retrying in 1 seconds
[shaping_diag] success_cum_shaping=282.39 T=236 d_init=94.1 d_final=0.0
 Retrying in 1 seconds
[shaping_diag] success_cum_shaping=282.39 T=217 d_init=94.1 d_final=0.0
 Retrying in 1 seconds
[shaping_diag] success_cum_shaping=282.39 T=238 d_init=94.1 d_final=0.0
 Retrying in 1 seconds
[shaping_diag] success_cum_shaping=282.39 T=216 d_init=94.1 d_final=0.0
 Retrying in 1 seconds
[shaping_diag] success_cum_shaping=282.39 T=236 d_init=94.1 d_final=0.0
 Retrying in 1 seconds
[shaping_diag] success_cum_shaping=282.39 T=217 d_init=94.1 d_final=0.0
 Retrying in 1 seconds
[shaping_diag] success_cum_shaping=282.39 T=237 d_init=94.1 d_final=0.0
 Retrying in 1 seconds
[shaping_diag] success_cum_shaping=282.39 T=234 d_init=94.1 d_final=0.0
 Retrying in 1 seconds
[shaping_diag] success_cum_shaping=282.39 T=215 d_init=94.1 d_final=0.0
 Retrying in 1 seconds
[shaping_diag] success_cum_shaping=282.39 T=212 d_init=94.1 d_final=0.0
 Retrying in 1 seconds
[shaping_diag] success_cum_shaping=282.39 T=203 d_init=94.1 d_final=0.0
 Retrying in 1 seconds
[shaping_diag] success_cum_shaping=282.39 T=231 d_init=94.1 d_final=0.0
 Retrying in 1 seconds
[shaping_diag] success_cum_shaping=282.39 T=231 d_init=94.1 d_final=0.0
 Retrying in 1 seconds
[shaping_diag] success_cum_shaping=282.39 T=216 d_init=94.1 d_final=0.0
 Retrying in 1 seconds
[shaping_diag] success_cum_shaping=282.39 T=223 d_init=94.1 d_final=0.0
  return=482.18 coll=0.000 success=1.000 ttc=7.65 ent=1.32 brakes=1.0
Eval seed=2456 [deterministic]...
 Retrying in 1 seconds
[shaping_diag] success_cum_shaping=282.39 T=192 d_init=94.1 d_final=0.0
 Retrying in 1 seconds
[shaping_diag] success_cum_shaping=282.39 T=201 d_init=94.1 d_final=0.0
 Retrying in 1 seconds
[shaping_diag] success_cum_shaping=282.39 T=217 d_init=94.1 d_final=0.0
 Retrying in 1 seconds
[shaping_diag] success_cum_shaping=282.39 T=204 d_init=94.1 d_final=0.0
 Retrying in 1 seconds
[shaping_diag] success_cum_shaping=282.39 T=222 d_init=94.1 d_final=0.0
 Retrying in 1 seconds
[shaping_diag] success_cum_shaping=282.39 T=205 d_init=94.1 d_final=0.0
 Retrying in 1 seconds
[shaping_diag] success_cum_shaping=282.39 T=201 d_init=94.1 d_final=0.0
 Retrying in 1 seconds
[shaping_diag] success_cum_shaping=282.39 T=192 d_init=94.1 d_final=0.0
 Retrying in 1 seconds
[shaping_diag] success_cum_shaping=282.39 T=206 d_init=94.1 d_final=0.0
 Retrying in 1 seconds
[shaping_diag] success_cum_shaping=282.39 T=226 d_init=94.1 d_final=0.0
 Retrying in 1 seconds
[shaping_diag] success_cum_shaping=282.39 T=196 d_init=94.1 d_final=0.0
 Retrying in 1 seconds
[shaping_diag] success_cum_shaping=282.39 T=207 d_init=94.1 d_final=0.0
 Retrying in 1 seconds
[shaping_diag] success_cum_shaping=282.39 T=186 d_init=94.1 d_final=0.0
 Retrying in 1 seconds
[shaping_diag] success_cum_shaping=282.39 T=222 d_init=94.1 d_final=0.0
 Retrying in 1 seconds
[shaping_diag] success_cum_shaping=282.39 T=193 d_init=94.1 d_final=0.0
 Retrying in 1 seconds
[shaping_diag] success_cum_shaping=282.39 T=191 d_init=94.1 d_final=0.0
 Retrying in 1 seconds
[shaping_diag] success_cum_shaping=282.39 T=207 d_init=94.1 d_final=0.0
 Retrying in 1 seconds
[shaping_diag] success_cum_shaping=282.39 T=194 d_init=94.1 d_final=0.0
 Retrying in 1 seconds
[shaping_diag] success_cum_shaping=282.39 T=207 d_init=94.1 d_final=0.0
 Retrying in 1 seconds
[shaping_diag] success_cum_shaping=282.39 T=185 d_init=94.1 d_final=0.0
 Retrying in 1 seconds
[shaping_diag] success_cum_shaping=282.39 T=181 d_init=94.1 d_final=0.0
 Retrying in 1 seconds
[shaping_diag] success_cum_shaping=282.39 T=188 d_init=94.1 d_final=0.0
 Retrying in 1 seconds
[shaping_diag] success_cum_shaping=282.39 T=232 d_init=94.1 d_final=0.0
 Retrying in 1 seconds
[shaping_diag] success_cum_shaping=282.39 T=201 d_init=94.1 d_final=0.0
 Retrying in 1 seconds
[shaping_diag] success_cum_shaping=282.39 T=203 d_init=94.1 d_final=0.0
 Retrying in 1 seconds
[shaping_diag] success_cum_shaping=282.39 T=257 d_init=94.1 d_final=0.0
 Retrying in 1 seconds
[shaping_diag] success_cum_shaping=282.39 T=232 d_init=94.1 d_final=0.0
 Retrying in 1 seconds
[shaping_diag] success_cum_shaping=282.39 T=197 d_init=94.1 d_final=0.0
 Retrying in 1 seconds
[shaping_diag] success_cum_shaping=282.39 T=194 d_init=94.1 d_final=0.0
 Retrying in 1 seconds
[shaping_diag] success_cum_shaping=282.39 T=228 d_init=94.1 d_final=0.0
 Retrying in 1 seconds
[shaping_diag] success_cum_shaping=282.39 T=187 d_init=94.1 d_final=0.0
 Retrying in 1 seconds
[shaping_diag] success_cum_shaping=282.39 T=202 d_init=94.1 d_final=0.0
 Retrying in 1 seconds
[shaping_diag] success_cum_shaping=282.39 T=198 d_init=94.1 d_final=0.0
 Retrying in 1 seconds
[shaping_diag] success_cum_shaping=282.39 T=205 d_init=94.1 d_final=0.0
 Retrying in 1 seconds
[shaping_diag] success_cum_shaping=282.39 T=212 d_init=94.1 d_final=0.0
 Retrying in 1 seconds
[shaping_diag] success_cum_shaping=282.39 T=209 d_init=94.1 d_final=0.0
 Retrying in 1 seconds
[shaping_diag] success_cum_shaping=282.39 T=227 d_init=94.1 d_final=0.0
 Retrying in 1 seconds
[shaping_diag] success_cum_shaping=282.39 T=223 d_init=94.1 d_final=0.0
 Retrying in 1 seconds
[shaping_diag] success_cum_shaping=282.39 T=227 d_init=94.1 d_final=0.0
 Retrying in 1 seconds
[shaping_diag] success_cum_shaping=282.39 T=195 d_init=94.1 d_final=0.0
 Retrying in 1 seconds
[shaping_diag] success_cum_shaping=282.39 T=217 d_init=94.1 d_final=0.0
 Retrying in 1 seconds
[shaping_diag] success_cum_shaping=282.39 T=225 d_init=94.1 d_final=0.0
 Retrying in 1 seconds
[shaping_diag] success_cum_shaping=282.39 T=205 d_init=94.1 d_final=0.0
 Retrying in 1 seconds
[shaping_diag] success_cum_shaping=282.39 T=211 d_init=94.1 d_final=0.0
 Retrying in 1 seconds
[shaping_diag] success_cum_shaping=282.39 T=192 d_init=94.1 d_final=0.0
 Retrying in 1 seconds
[shaping_diag] success_cum_shaping=282.39 T=244 d_init=94.1 d_final=0.0
 Retrying in 1 seconds
[shaping_diag] success_cum_shaping=282.39 T=234 d_init=94.1 d_final=0.0
 Retrying in 1 seconds
[shaping_diag] success_cum_shaping=282.39 T=229 d_init=94.1 d_final=0.0
 Retrying in 1 seconds
[shaping_diag] success_cum_shaping=282.39 T=200 d_init=94.1 d_final=0.0
 Retrying in 1 seconds
[shaping_diag] success_cum_shaping=282.39 T=207 d_init=94.1 d_final=0.0
 Retrying in 1 seconds
[shaping_diag] success_cum_shaping=282.39 T=221 d_init=94.1 d_final=0.0
 Retrying in 1 seconds
[shaping_diag] success_cum_shaping=282.39 T=218 d_init=94.1 d_final=0.0
 Retrying in 1 seconds
[shaping_diag] success_cum_shaping=282.39 T=216 d_init=94.1 d_final=0.0
 Retrying in 1 seconds
[shaping_diag] success_cum_shaping=282.39 T=195 d_init=94.1 d_final=0.0
 Retrying in 1 seconds
[shaping_diag] success_cum_shaping=282.39 T=231 d_init=94.1 d_final=0.0
 Retrying in 1 seconds
[shaping_diag] success_cum_shaping=282.39 T=199 d_init=94.1 d_final=0.0
 Retrying in 1 seconds
[shaping_diag] success_cum_shaping=282.39 T=207 d_init=94.1 d_final=0.0
 Retrying in 1 seconds
[shaping_diag] success_cum_shaping=282.39 T=209 d_init=94.1 d_final=0.0
 Retrying in 1 seconds
[shaping_diag] success_cum_shaping=282.39 T=226 d_init=94.1 d_final=0.0
 Retrying in 1 seconds
[shaping_diag] success_cum_shaping=282.39 T=211 d_init=94.1 d_final=0.0
 Retrying in 1 seconds
[shaping_diag] success_cum_shaping=282.39 T=236 d_init=94.1 d_final=0.0
 Retrying in 1 seconds
[shaping_diag] success_cum_shaping=282.39 T=214 d_init=94.1 d_final=0.0
 Retrying in 1 seconds
[shaping_diag] success_cum_shaping=282.39 T=220 d_init=94.1 d_final=0.0
 Retrying in 1 seconds
[shaping_diag] success_cum_shaping=282.39 T=191 d_init=94.1 d_final=0.0
 Retrying in 1 seconds
[shaping_diag] success_cum_shaping=282.39 T=208 d_init=94.1 d_final=0.0
 Retrying in 1 seconds
[shaping_diag] success_cum_shaping=282.39 T=191 d_init=94.1 d_final=0.0
 Retrying in 1 seconds
[shaping_diag] success_cum_shaping=282.39 T=192 d_init=94.1 d_final=0.0
 Retrying in 1 seconds
[shaping_diag] success_cum_shaping=282.39 T=213 d_init=94.1 d_final=0.0
 Retrying in 1 seconds
[shaping_diag] success_cum_shaping=282.39 T=206 d_init=94.1 d_final=0.0
 Retrying in 1 seconds
[shaping_diag] success_cum_shaping=282.39 T=213 d_init=94.1 d_final=0.0
 Retrying in 1 seconds
[shaping_diag] success_cum_shaping=282.39 T=217 d_init=94.1 d_final=0.0
 Retrying in 1 seconds
[shaping_diag] success_cum_shaping=282.39 T=193 d_init=94.1 d_final=0.0
 Retrying in 1 seconds
[shaping_diag] success_cum_shaping=282.39 T=208 d_init=94.1 d_final=0.0
 Retrying in 1 seconds
[shaping_diag] success_cum_shaping=282.39 T=192 d_init=94.1 d_final=0.0
 Retrying in 1 seconds
[shaping_diag] success_cum_shaping=282.39 T=222 d_init=94.1 d_final=0.0
 Retrying in 1 seconds
[shaping_diag] success_cum_shaping=282.39 T=223 d_init=94.1 d_final=0.0
 Retrying in 1 seconds
[shaping_diag] success_cum_shaping=282.39 T=200 d_init=94.1 d_final=0.0
 Retrying in 1 seconds
[shaping_diag] success_cum_shaping=282.39 T=209 d_init=94.1 d_final=0.0
 Retrying in 1 seconds
[shaping_diag] success_cum_shaping=282.39 T=223 d_init=94.1 d_final=0.0
 Retrying in 1 seconds
[shaping_diag] success_cum_shaping=282.39 T=228 d_init=94.1 d_final=0.0
 Retrying in 1 seconds
[shaping_diag] success_cum_shaping=282.39 T=224 d_init=94.1 d_final=0.0
 Retrying in 1 seconds
[shaping_diag] success_cum_shaping=282.39 T=202 d_init=94.1 d_final=0.0
 Retrying in 1 seconds
[shaping_diag] success_cum_shaping=282.39 T=216 d_init=94.1 d_final=0.0
 Retrying in 1 seconds
[shaping_diag] success_cum_shaping=282.39 T=230 d_init=94.1 d_final=0.0
 Retrying in 1 seconds
[shaping_diag] success_cum_shaping=282.39 T=195 d_init=94.1 d_final=0.0
 Retrying in 1 seconds
[shaping_diag] success_cum_shaping=282.39 T=191 d_init=94.1 d_final=0.0
 Retrying in 1 seconds
[shaping_diag] success_cum_shaping=282.39 T=206 d_init=94.1 d_final=0.0
 Retrying in 1 seconds
[shaping_diag] success_cum_shaping=282.39 T=192 d_init=94.1 d_final=0.0
 Retrying in 1 seconds
[shaping_diag] success_cum_shaping=282.39 T=227 d_init=94.1 d_final=0.0
 Retrying in 1 seconds
[shaping_diag] success_cum_shaping=282.39 T=203 d_init=94.1 d_final=0.0
 Retrying in 1 seconds
[shaping_diag] success_cum_shaping=282.39 T=202 d_init=94.1 d_final=0.0
 Retrying in 1 seconds
[shaping_diag] success_cum_shaping=282.39 T=196 d_init=94.1 d_final=0.0
 Retrying in 1 seconds
[shaping_diag] success_cum_shaping=282.39 T=202 d_init=94.1 d_final=0.0
 Retrying in 1 seconds
[shaping_diag] success_cum_shaping=282.39 T=203 d_init=94.1 d_final=0.0
 Retrying in 1 seconds
[shaping_diag] success_cum_shaping=282.39 T=204 d_init=94.1 d_final=0.0
 Retrying in 1 seconds
[shaping_diag] success_cum_shaping=282.39 T=233 d_init=94.1 d_final=0.0
 Retrying in 1 seconds
[shaping_diag] success_cum_shaping=282.39 T=202 d_init=94.1 d_final=0.0
 Retrying in 1 seconds
[shaping_diag] success_cum_shaping=282.39 T=227 d_init=94.1 d_final=0.0
 Retrying in 1 seconds
[shaping_diag] success_cum_shaping=282.39 T=194 d_init=94.1 d_final=0.0
 Retrying in 1 seconds
[shaping_diag] success_cum_shaping=282.39 T=234 d_init=94.1 d_final=0.0
  return=494.94 coll=0.000 success=1.000 ttc=6.64 ent=0.97 brakes=1.0
Eval seed=2456 [stochastic]...
 Retrying in 1 seconds
[shaping_diag] success_cum_shaping=282.39 T=208 d_init=94.1 d_final=0.0
 Retrying in 1 seconds
[shaping_diag] success_cum_shaping=282.39 T=210 d_init=94.1 d_final=0.0
 Retrying in 1 seconds
[shaping_diag] success_cum_shaping=282.39 T=214 d_init=94.1 d_final=0.0
 Retrying in 1 seconds
[shaping_diag] success_cum_shaping=282.39 T=224 d_init=94.1 d_final=0.0
 Retrying in 1 seconds
[shaping_diag] success_cum_shaping=282.39 T=244 d_init=94.1 d_final=0.0
 Retrying in 1 seconds
[shaping_diag] success_cum_shaping=282.39 T=219 d_init=94.1 d_final=0.0
 Retrying in 1 seconds
[shaping_diag] success_cum_shaping=282.39 T=205 d_init=94.1 d_final=0.0
 Retrying in 1 seconds
[shaping_diag] success_cum_shaping=282.39 T=195 d_init=94.1 d_final=0.0
 Retrying in 1 seconds
[shaping_diag] success_cum_shaping=282.39 T=234 d_init=94.1 d_final=0.0
 Retrying in 1 seconds
[shaping_diag] success_cum_shaping=282.39 T=220 d_init=94.1 d_final=0.0
 Retrying in 1 seconds
[shaping_diag] success_cum_shaping=282.39 T=211 d_init=94.1 d_final=0.0
 Retrying in 1 seconds
[shaping_diag] success_cum_shaping=282.39 T=208 d_init=94.1 d_final=0.0
 Retrying in 1 seconds
[shaping_diag] success_cum_shaping=282.39 T=201 d_init=94.1 d_final=0.0
 Retrying in 1 seconds
[shaping_diag] success_cum_shaping=282.39 T=234 d_init=94.1 d_final=0.0
 Retrying in 1 seconds
[shaping_diag] success_cum_shaping=282.39 T=231 d_init=94.1 d_final=0.0
 Retrying in 1 seconds
[shaping_diag] success_cum_shaping=282.39 T=209 d_init=94.1 d_final=0.0
 Retrying in 1 seconds
[shaping_diag] success_cum_shaping=282.39 T=221 d_init=94.1 d_final=0.0
 Retrying in 1 seconds
[shaping_diag] success_cum_shaping=282.39 T=227 d_init=94.1 d_final=0.0
 Retrying in 1 seconds
[shaping_diag] success_cum_shaping=282.39 T=198 d_init=94.1 d_final=0.0
 Retrying in 1 seconds
[shaping_diag] success_cum_shaping=282.39 T=198 d_init=94.1 d_final=0.0
 Retrying in 1 seconds
[shaping_diag] success_cum_shaping=282.39 T=196 d_init=94.1 d_final=0.0
 Retrying in 1 seconds
[shaping_diag] success_cum_shaping=282.39 T=207 d_init=94.1 d_final=0.0
 Retrying in 1 seconds
[shaping_diag] success_cum_shaping=282.39 T=225 d_init=94.1 d_final=0.0
 Retrying in 1 seconds
[shaping_diag] success_cum_shaping=282.39 T=207 d_init=94.1 d_final=0.0
 Retrying in 1 seconds
[shaping_diag] success_cum_shaping=282.39 T=213 d_init=94.1 d_final=0.0
 Retrying in 1 seconds
[shaping_diag] success_cum_shaping=282.39 T=231 d_init=94.1 d_final=0.0
 Retrying in 1 seconds
[shaping_diag] success_cum_shaping=282.39 T=242 d_init=94.1 d_final=0.0
 Retrying in 1 seconds
[shaping_diag] success_cum_shaping=282.39 T=200 d_init=94.1 d_final=0.0
 Retrying in 1 seconds
[shaping_diag] success_cum_shaping=282.39 T=214 d_init=94.1 d_final=0.0
 Retrying in 1 seconds
[shaping_diag] success_cum_shaping=282.39 T=243 d_init=94.1 d_final=0.0
 Retrying in 1 seconds
[shaping_diag] success_cum_shaping=282.39 T=207 d_init=94.1 d_final=0.0
 Retrying in 1 seconds
[shaping_diag] success_cum_shaping=282.39 T=220 d_init=94.1 d_final=0.0
 Retrying in 1 seconds
[shaping_diag] success_cum_shaping=282.39 T=210 d_init=94.1 d_final=0.0
 Retrying in 1 seconds
[shaping_diag] success_cum_shaping=282.39 T=220 d_init=94.1 d_final=0.0
 Retrying in 1 seconds
[shaping_diag] success_cum_shaping=282.39 T=227 d_init=94.1 d_final=0.0
 Retrying in 1 seconds
[shaping_diag] success_cum_shaping=282.39 T=185 d_init=94.1 d_final=0.0
 Retrying in 1 seconds
[shaping_diag] success_cum_shaping=282.39 T=228 d_init=94.1 d_final=0.0
 Retrying in 1 seconds
[shaping_diag] success_cum_shaping=282.39 T=245 d_init=94.1 d_final=0.0
 Retrying in 1 seconds
[shaping_diag] success_cum_shaping=282.39 T=248 d_init=94.1 d_final=0.0
 Retrying in 1 seconds
[shaping_diag] success_cum_shaping=282.39 T=195 d_init=94.1 d_final=0.0
 Retrying in 1 seconds
[shaping_diag] success_cum_shaping=282.39 T=214 d_init=94.1 d_final=0.0
 Retrying in 1 seconds
[shaping_diag] success_cum_shaping=282.39 T=238 d_init=94.1 d_final=0.0
 Retrying in 1 seconds
[shaping_diag] success_cum_shaping=282.39 T=234 d_init=94.1 d_final=0.0
 Retrying in 1 seconds
[shaping_diag] success_cum_shaping=282.39 T=219 d_init=94.1 d_final=0.0
 Retrying in 1 seconds
[shaping_diag] success_cum_shaping=282.39 T=210 d_init=94.1 d_final=0.0
 Retrying in 1 seconds
[shaping_diag] success_cum_shaping=282.39 T=237 d_init=94.1 d_final=0.0
 Retrying in 1 seconds
[shaping_diag] success_cum_shaping=282.39 T=220 d_init=94.1 d_final=0.0
 Retrying in 1 seconds
[shaping_diag] success_cum_shaping=282.39 T=230 d_init=94.1 d_final=0.0
 Retrying in 1 seconds
[shaping_diag] success_cum_shaping=282.39 T=213 d_init=94.1 d_final=0.0
 Retrying in 1 seconds
[shaping_diag] success_cum_shaping=282.39 T=218 d_init=94.1 d_final=0.0
 Retrying in 1 seconds
[shaping_diag] success_cum_shaping=282.39 T=229 d_init=94.1 d_final=0.0
 Retrying in 1 seconds
[shaping_diag] success_cum_shaping=282.39 T=243 d_init=94.1 d_final=0.0
 Retrying in 1 seconds
[shaping_diag] success_cum_shaping=282.39 T=235 d_init=94.1 d_final=0.0
 Retrying in 1 seconds
[shaping_diag] success_cum_shaping=282.39 T=213 d_init=94.1 d_final=0.0
 Retrying in 1 seconds
[shaping_diag] success_cum_shaping=282.39 T=241 d_init=94.1 d_final=0.0
 Retrying in 1 seconds
[shaping_diag] success_cum_shaping=282.39 T=208 d_init=94.1 d_final=0.0
 Retrying in 1 seconds
[shaping_diag] success_cum_shaping=282.39 T=207 d_init=94.1 d_final=0.0
 Retrying in 1 seconds
[shaping_diag] success_cum_shaping=282.39 T=222 d_init=94.1 d_final=0.0
 Retrying in 1 seconds
[shaping_diag] success_cum_shaping=282.39 T=219 d_init=94.1 d_final=0.0
 Retrying in 1 seconds
[shaping_diag] success_cum_shaping=282.39 T=221 d_init=94.1 d_final=0.0
 Retrying in 1 seconds
[shaping_diag] success_cum_shaping=282.39 T=239 d_init=94.1 d_final=0.0
 Retrying in 1 seconds
[shaping_diag] success_cum_shaping=282.39 T=234 d_init=94.1 d_final=0.0
 Retrying in 1 seconds
[shaping_diag] success_cum_shaping=282.39 T=221 d_init=94.1 d_final=0.0
 Retrying in 1 seconds
[shaping_diag] success_cum_shaping=282.39 T=208 d_init=94.1 d_final=0.0
 Retrying in 1 seconds
[shaping_diag] success_cum_shaping=282.39 T=203 d_init=94.1 d_final=0.0
 Retrying in 1 seconds
[shaping_diag] success_cum_shaping=282.39 T=212 d_init=94.1 d_final=0.0
 Retrying in 1 seconds
[shaping_diag] success_cum_shaping=282.39 T=194 d_init=94.1 d_final=0.0
 Retrying in 1 seconds
[shaping_diag] success_cum_shaping=282.39 T=234 d_init=94.1 d_final=0.0
 Retrying in 1 seconds
[shaping_diag] success_cum_shaping=282.39 T=221 d_init=94.1 d_final=0.0
 Retrying in 1 seconds
[shaping_diag] success_cum_shaping=282.39 T=236 d_init=94.1 d_final=0.0
 Retrying in 1 seconds
[shaping_diag] success_cum_shaping=282.39 T=198 d_init=94.1 d_final=0.0
 Retrying in 1 seconds
[shaping_diag] success_cum_shaping=282.39 T=213 d_init=94.1 d_final=0.0
 Retrying in 1 seconds
[shaping_diag] success_cum_shaping=282.39 T=224 d_init=94.1 d_final=0.0
 Retrying in 1 seconds
[shaping_diag] success_cum_shaping=282.39 T=210 d_init=94.1 d_final=0.0
 Retrying in 1 seconds
[shaping_diag] success_cum_shaping=282.39 T=235 d_init=94.1 d_final=0.0
 Retrying in 1 seconds
[shaping_diag] success_cum_shaping=282.39 T=235 d_init=94.1 d_final=0.0
 Retrying in 1 seconds
[shaping_diag] success_cum_shaping=282.39 T=215 d_init=94.1 d_final=0.0
 Retrying in 1 seconds
[shaping_diag] success_cum_shaping=282.39 T=223 d_init=94.1 d_final=0.0
 Retrying in 1 seconds
[shaping_diag] success_cum_shaping=282.39 T=239 d_init=94.1 d_final=0.0
 Retrying in 1 seconds
[shaping_diag] success_cum_shaping=282.39 T=240 d_init=94.1 d_final=0.0
 Retrying in 1 seconds
[shaping_diag] success_cum_shaping=282.39 T=228 d_init=94.1 d_final=0.0
 Retrying in 1 seconds
[shaping_diag] success_cum_shaping=282.39 T=218 d_init=94.1 d_final=0.0
 Retrying in 1 seconds
[shaping_diag] success_cum_shaping=282.39 T=212 d_init=94.1 d_final=0.0
 Retrying in 1 seconds
[shaping_diag] success_cum_shaping=282.39 T=239 d_init=94.1 d_final=0.0
 Retrying in 1 seconds
[shaping_diag] success_cum_shaping=282.39 T=221 d_init=94.1 d_final=0.0
 Retrying in 1 seconds
[shaping_diag] success_cum_shaping=282.39 T=217 d_init=94.1 d_final=0.0
 Retrying in 1 seconds
[shaping_diag] success_cum_shaping=282.39 T=204 d_init=94.1 d_final=0.0
 Retrying in 1 seconds
[shaping_diag] success_cum_shaping=282.39 T=209 d_init=94.1 d_final=0.0
 Retrying in 1 seconds
[shaping_diag] success_cum_shaping=282.39 T=240 d_init=94.1 d_final=0.0
 Retrying in 1 seconds
[shaping_diag] success_cum_shaping=282.39 T=221 d_init=94.1 d_final=0.0
 Retrying in 1 seconds
[shaping_diag] success_cum_shaping=282.39 T=220 d_init=94.1 d_final=0.0
 Retrying in 1 seconds
[shaping_diag] success_cum_shaping=282.39 T=190 d_init=94.1 d_final=0.0
 Retrying in 1 seconds
[shaping_diag] success_cum_shaping=282.39 T=214 d_init=94.1 d_final=0.0
 Retrying in 1 seconds
[shaping_diag] success_cum_shaping=282.39 T=220 d_init=94.1 d_final=0.0
 Retrying in 1 seconds
[shaping_diag] success_cum_shaping=282.39 T=209 d_init=94.1 d_final=0.0
 Retrying in 1 seconds
[shaping_diag] success_cum_shaping=282.39 T=239 d_init=94.1 d_final=0.0
 Retrying in 1 seconds
[shaping_diag] success_cum_shaping=282.39 T=205 d_init=94.1 d_final=0.0
 Retrying in 1 seconds
[shaping_diag] success_cum_shaping=282.39 T=237 d_init=94.1 d_final=0.0
 Retrying in 1 seconds
[shaping_diag] success_cum_shaping=282.39 T=217 d_init=94.1 d_final=0.0
 Retrying in 1 seconds
[shaping_diag] success_cum_shaping=282.39 T=233 d_init=94.1 d_final=0.0
  return=487.11 coll=0.000 success=1.000 ttc=7.71 ent=1.32 brakes=1.0
Eval seed=3456 [deterministic]...
 Retrying in 1 seconds
[shaping_diag] success_cum_shaping=282.39 T=199 d_init=94.1 d_final=0.0
 Retrying in 1 seconds
[shaping_diag] success_cum_shaping=282.39 T=210 d_init=94.1 d_final=0.0
 Retrying in 1 seconds
[shaping_diag] success_cum_shaping=282.39 T=235 d_init=94.1 d_final=0.0
 Retrying in 1 seconds
[shaping_diag] success_cum_shaping=282.39 T=193 d_init=94.1 d_final=0.0
 Retrying in 1 seconds
[shaping_diag] success_cum_shaping=282.39 T=195 d_init=94.1 d_final=0.0
 Retrying in 1 seconds
[shaping_diag] success_cum_shaping=282.39 T=192 d_init=94.1 d_final=0.0
 Retrying in 1 seconds
[shaping_diag] success_cum_shaping=282.39 T=182 d_init=94.1 d_final=0.0
 Retrying in 1 seconds
[shaping_diag] success_cum_shaping=282.39 T=218 d_init=94.1 d_final=0.0
 Retrying in 1 seconds
[shaping_diag] success_cum_shaping=282.39 T=184 d_init=94.1 d_final=0.0
 Retrying in 1 seconds
[shaping_diag] success_cum_shaping=282.39 T=198 d_init=94.1 d_final=0.0
 Retrying in 1 seconds
[shaping_diag] success_cum_shaping=282.39 T=212 d_init=94.1 d_final=0.0
 Retrying in 1 seconds
[shaping_diag] success_cum_shaping=282.39 T=201 d_init=94.1 d_final=0.0
 Retrying in 1 seconds
[shaping_diag] success_cum_shaping=282.39 T=221 d_init=94.1 d_final=0.0
 Retrying in 1 seconds
[shaping_diag] success_cum_shaping=282.39 T=211 d_init=94.1 d_final=0.0
 Retrying in 1 seconds
[shaping_diag] success_cum_shaping=282.39 T=193 d_init=94.1 d_final=0.0
 Retrying in 1 seconds
[shaping_diag] success_cum_shaping=282.39 T=188 d_init=94.1 d_final=0.0
 Retrying in 1 seconds
[shaping_diag] success_cum_shaping=282.39 T=220 d_init=94.1 d_final=0.0
 Retrying in 1 seconds
[shaping_diag] success_cum_shaping=282.39 T=228 d_init=94.1 d_final=0.0
 Retrying in 1 seconds
[shaping_diag] success_cum_shaping=282.39 T=208 d_init=94.1 d_final=0.0
 Retrying in 1 seconds
[shaping_diag] success_cum_shaping=282.39 T=200 d_init=94.1 d_final=0.0
 Retrying in 1 seconds
[shaping_diag] success_cum_shaping=282.39 T=191 d_init=94.1 d_final=0.0
 Retrying in 1 seconds
[shaping_diag] success_cum_shaping=282.39 T=193 d_init=94.1 d_final=0.0
 Retrying in 1 seconds
[shaping_diag] success_cum_shaping=282.39 T=199 d_init=94.1 d_final=0.0
 Retrying in 1 seconds
[shaping_diag] success_cum_shaping=282.39 T=218 d_init=94.1 d_final=0.0
 Retrying in 1 seconds
[shaping_diag] success_cum_shaping=282.39 T=236 d_init=94.1 d_final=0.0
 Retrying in 1 seconds
[shaping_diag] success_cum_shaping=282.39 T=205 d_init=94.1 d_final=0.0
 Retrying in 1 seconds
[shaping_diag] success_cum_shaping=282.39 T=211 d_init=94.1 d_final=0.0
 Retrying in 1 seconds
[shaping_diag] success_cum_shaping=282.39 T=210 d_init=94.1 d_final=0.0
 Retrying in 1 seconds
[shaping_diag] success_cum_shaping=282.39 T=205 d_init=94.1 d_final=0.0
 Retrying in 1 seconds
[shaping_diag] success_cum_shaping=282.39 T=204 d_init=94.1 d_final=0.0
 Retrying in 1 seconds
[shaping_diag] success_cum_shaping=282.39 T=215 d_init=94.1 d_final=0.0
 Retrying in 1 seconds
[shaping_diag] success_cum_shaping=282.39 T=184 d_init=94.1 d_final=0.0
 Retrying in 1 seconds
[shaping_diag] success_cum_shaping=282.39 T=203 d_init=94.1 d_final=0.0
 Retrying in 1 seconds
[shaping_diag] success_cum_shaping=282.39 T=203 d_init=94.1 d_final=0.0
 Retrying in 1 seconds
[shaping_diag] success_cum_shaping=282.39 T=223 d_init=94.1 d_final=0.0
 Retrying in 1 seconds
[shaping_diag] success_cum_shaping=282.39 T=225 d_init=94.1 d_final=0.0
 Retrying in 1 seconds
[shaping_diag] success_cum_shaping=282.39 T=211 d_init=94.1 d_final=0.0
 Retrying in 1 seconds
[shaping_diag] success_cum_shaping=282.39 T=217 d_init=94.1 d_final=0.0
 Retrying in 1 seconds
[shaping_diag] success_cum_shaping=282.39 T=207 d_init=94.1 d_final=0.0
 Retrying in 1 seconds
[shaping_diag] success_cum_shaping=282.39 T=235 d_init=94.1 d_final=0.0
 Retrying in 1 seconds
[shaping_diag] success_cum_shaping=282.39 T=205 d_init=94.1 d_final=0.0
 Retrying in 1 seconds
[shaping_diag] success_cum_shaping=282.39 T=205 d_init=94.1 d_final=0.0
 Retrying in 1 seconds
[shaping_diag] success_cum_shaping=282.39 T=189 d_init=94.1 d_final=0.0
 Retrying in 1 seconds
[shaping_diag] success_cum_shaping=282.39 T=206 d_init=94.1 d_final=0.0
 Retrying in 1 seconds
[shaping_diag] success_cum_shaping=282.39 T=218 d_init=94.1 d_final=0.0
 Retrying in 1 seconds
[shaping_diag] success_cum_shaping=282.39 T=225 d_init=94.1 d_final=0.0
 Retrying in 1 seconds
[shaping_diag] success_cum_shaping=282.39 T=207 d_init=94.1 d_final=0.0
 Retrying in 1 seconds
[shaping_diag] success_cum_shaping=282.39 T=192 d_init=94.1 d_final=0.0
 Retrying in 1 seconds
[shaping_diag] success_cum_shaping=282.39 T=202 d_init=94.1 d_final=0.0
 Retrying in 1 seconds
[shaping_diag] success_cum_shaping=282.39 T=228 d_init=94.1 d_final=0.0
 Retrying in 1 seconds
[shaping_diag] success_cum_shaping=282.39 T=190 d_init=94.1 d_final=0.0
 Retrying in 1 seconds
[shaping_diag] success_cum_shaping=282.39 T=212 d_init=94.1 d_final=0.0
 Retrying in 1 seconds
[shaping_diag] success_cum_shaping=282.39 T=212 d_init=94.1 d_final=0.0
 Retrying in 1 seconds
[shaping_diag] success_cum_shaping=282.39 T=222 d_init=94.1 d_final=0.0
 Retrying in 1 seconds
[shaping_diag] success_cum_shaping=282.39 T=203 d_init=94.1 d_final=0.0
 Retrying in 1 seconds
[shaping_diag] success_cum_shaping=282.39 T=189 d_init=94.1 d_final=0.0
 Retrying in 1 seconds
[shaping_diag] success_cum_shaping=282.39 T=204 d_init=94.1 d_final=0.0
 Retrying in 1 seconds
[shaping_diag] success_cum_shaping=282.39 T=203 d_init=94.1 d_final=0.0
 Retrying in 1 seconds
[shaping_diag] success_cum_shaping=282.39 T=226 d_init=94.1 d_final=0.0
 Retrying in 1 seconds
[shaping_diag] success_cum_shaping=282.39 T=204 d_init=94.1 d_final=0.0
 Retrying in 1 seconds
[shaping_diag] success_cum_shaping=282.39 T=204 d_init=94.1 d_final=0.0
 Retrying in 1 seconds
[shaping_diag] success_cum_shaping=282.39 T=197 d_init=94.1 d_final=0.0
 Retrying in 1 seconds
[shaping_diag] success_cum_shaping=282.39 T=190 d_init=94.1 d_final=0.0
 Retrying in 1 seconds
[shaping_diag] success_cum_shaping=282.39 T=224 d_init=94.1 d_final=0.0
 Retrying in 1 seconds
[shaping_diag] success_cum_shaping=282.39 T=188 d_init=94.1 d_final=0.0
 Retrying in 1 seconds
[shaping_diag] success_cum_shaping=282.39 T=214 d_init=94.1 d_final=0.0
 Retrying in 1 seconds
[shaping_diag] success_cum_shaping=282.39 T=213 d_init=94.1 d_final=0.0
 Retrying in 1 seconds
[shaping_diag] success_cum_shaping=282.39 T=204 d_init=94.1 d_final=0.0
 Retrying in 1 seconds
[shaping_diag] success_cum_shaping=282.39 T=216 d_init=94.1 d_final=0.0
 Retrying in 1 seconds
[shaping_diag] success_cum_shaping=282.39 T=227 d_init=94.1 d_final=0.0
 Retrying in 1 seconds
[shaping_diag] success_cum_shaping=282.39 T=228 d_init=94.1 d_final=0.0
 Retrying in 1 seconds
[shaping_diag] success_cum_shaping=282.39 T=227 d_init=94.1 d_final=0.0
 Retrying in 1 seconds
[shaping_diag] success_cum_shaping=282.39 T=211 d_init=94.1 d_final=0.0
 Retrying in 1 seconds
[shaping_diag] success_cum_shaping=282.39 T=188 d_init=94.1 d_final=0.0
 Retrying in 1 seconds
[shaping_diag] success_cum_shaping=282.39 T=189 d_init=94.1 d_final=0.0
 Retrying in 1 seconds
[shaping_diag] success_cum_shaping=282.39 T=221 d_init=94.1 d_final=0.0
 Retrying in 1 seconds
[shaping_diag] success_cum_shaping=282.39 T=181 d_init=94.1 d_final=0.0
 Retrying in 1 seconds
[shaping_diag] success_cum_shaping=282.39 T=190 d_init=94.1 d_final=0.0
 Retrying in 1 seconds
[shaping_diag] success_cum_shaping=282.39 T=198 d_init=94.1 d_final=0.0
 Retrying in 1 seconds
[shaping_diag] success_cum_shaping=282.39 T=214 d_init=94.1 d_final=0.0
 Retrying in 1 seconds
[shaping_diag] success_cum_shaping=282.39 T=201 d_init=94.1 d_final=0.0
 Retrying in 1 seconds
[shaping_diag] success_cum_shaping=282.39 T=206 d_init=94.1 d_final=0.0
 Retrying in 1 seconds
[shaping_diag] success_cum_shaping=282.39 T=197 d_init=94.1 d_final=0.0
 Retrying in 1 seconds
[shaping_diag] success_cum_shaping=282.39 T=220 d_init=94.1 d_final=0.0
 Retrying in 1 seconds
[shaping_diag] success_cum_shaping=282.39 T=209 d_init=94.1 d_final=0.0
 Retrying in 1 seconds
[shaping_diag] success_cum_shaping=282.39 T=185 d_init=94.1 d_final=0.0
 Retrying in 1 seconds
[shaping_diag] success_cum_shaping=282.39 T=223 d_init=94.1 d_final=0.0
 Retrying in 1 seconds
[shaping_diag] success_cum_shaping=282.39 T=201 d_init=94.1 d_final=0.0
 Retrying in 1 seconds
[shaping_diag] success_cum_shaping=282.39 T=191 d_init=94.1 d_final=0.0
 Retrying in 1 seconds
[shaping_diag] success_cum_shaping=282.39 T=219 d_init=94.1 d_final=0.0
 Retrying in 1 seconds
[shaping_diag] success_cum_shaping=282.39 T=202 d_init=94.1 d_final=0.0
 Retrying in 1 seconds
[shaping_diag] success_cum_shaping=282.39 T=236 d_init=94.1 d_final=0.0
 Retrying in 1 seconds
[shaping_diag] success_cum_shaping=282.39 T=203 d_init=94.1 d_final=0.0
 Retrying in 1 seconds
[shaping_diag] success_cum_shaping=282.39 T=225 d_init=94.1 d_final=0.0
 Retrying in 1 seconds
[shaping_diag] success_cum_shaping=282.39 T=214 d_init=94.1 d_final=0.0
 Retrying in 1 seconds
[shaping_diag] success_cum_shaping=282.39 T=205 d_init=94.1 d_final=0.0
 Retrying in 1 seconds
[shaping_diag] success_cum_shaping=282.39 T=188 d_init=94.1 d_final=0.0
 Retrying in 1 seconds
[shaping_diag] success_cum_shaping=282.39 T=227 d_init=94.1 d_final=0.0
 Retrying in 1 seconds
[shaping_diag] success_cum_shaping=282.39 T=223 d_init=94.1 d_final=0.0
 Retrying in 1 seconds
[shaping_diag] success_cum_shaping=282.39 T=218 d_init=94.1 d_final=0.0
  return=482.87 coll=0.000 success=1.000 ttc=6.55 ent=0.97 brakes=1.0
Eval seed=3456 [stochastic]...
 Retrying in 1 seconds
[shaping_diag] success_cum_shaping=282.39 T=211 d_init=94.1 d_final=0.0
 Retrying in 1 seconds
[shaping_diag] success_cum_shaping=282.39 T=222 d_init=94.1 d_final=0.0
 Retrying in 1 seconds
[shaping_diag] success_cum_shaping=282.39 T=242 d_init=94.1 d_final=0.0
 Retrying in 1 seconds
[shaping_diag] success_cum_shaping=282.39 T=202 d_init=94.1 d_final=0.0
 Retrying in 1 seconds
[shaping_diag] success_cum_shaping=282.39 T=209 d_init=94.1 d_final=0.0
 Retrying in 1 seconds
[shaping_diag] success_cum_shaping=282.39 T=218 d_init=94.1 d_final=0.0
 Retrying in 1 seconds
[shaping_diag] success_cum_shaping=282.39 T=207 d_init=94.1 d_final=0.0
 Retrying in 1 seconds
[shaping_diag] success_cum_shaping=282.39 T=210 d_init=94.1 d_final=0.0
 Retrying in 1 seconds
[shaping_diag] success_cum_shaping=282.39 T=191 d_init=94.1 d_final=0.0
 Retrying in 1 seconds
[shaping_diag] success_cum_shaping=282.39 T=219 d_init=94.1 d_final=0.0
 Retrying in 1 seconds
[shaping_diag] success_cum_shaping=282.39 T=220 d_init=94.1 d_final=0.0
 Retrying in 1 seconds
[shaping_diag] success_cum_shaping=282.39 T=215 d_init=94.1 d_final=0.0
 Retrying in 1 seconds
[shaping_diag] success_cum_shaping=282.39 T=240 d_init=94.1 d_final=0.0
 Retrying in 1 seconds
[shaping_diag] success_cum_shaping=282.39 T=219 d_init=94.1 d_final=0.0
 Retrying in 1 seconds
[shaping_diag] success_cum_shaping=282.39 T=204 d_init=94.1 d_final=0.0
 Retrying in 1 seconds
[shaping_diag] success_cum_shaping=282.39 T=212 d_init=94.1 d_final=0.0
 Retrying in 1 seconds
[shaping_diag] success_cum_shaping=282.39 T=222 d_init=94.1 d_final=0.0
 Retrying in 1 seconds
[shaping_diag] success_cum_shaping=282.39 T=231 d_init=94.1 d_final=0.0
 Retrying in 1 seconds
[shaping_diag] success_cum_shaping=282.39 T=221 d_init=94.1 d_final=0.0
 Retrying in 1 seconds
[shaping_diag] success_cum_shaping=282.39 T=215 d_init=94.1 d_final=0.0
 Retrying in 1 seconds
[shaping_diag] success_cum_shaping=282.39 T=216 d_init=94.1 d_final=0.0
 Retrying in 1 seconds
[shaping_diag] success_cum_shaping=282.39 T=218 d_init=94.1 d_final=0.0
 Retrying in 1 seconds
[shaping_diag] success_cum_shaping=282.39 T=213 d_init=94.1 d_final=0.0
 Retrying in 1 seconds
[shaping_diag] success_cum_shaping=282.39 T=226 d_init=94.1 d_final=0.0
 Retrying in 1 seconds
[shaping_diag] success_cum_shaping=282.39 T=235 d_init=94.1 d_final=0.0
 Retrying in 1 seconds
[shaping_diag] success_cum_shaping=282.39 T=220 d_init=94.1 d_final=0.0
 Retrying in 1 seconds
[shaping_diag] success_cum_shaping=282.39 T=225 d_init=94.1 d_final=0.0
 Retrying in 1 seconds
[shaping_diag] success_cum_shaping=282.39 T=218 d_init=94.1 d_final=0.0
 Retrying in 1 seconds
[shaping_diag] success_cum_shaping=282.39 T=220 d_init=94.1 d_final=0.0
 Retrying in 1 seconds
[shaping_diag] success_cum_shaping=282.39 T=223 d_init=94.1 d_final=0.0
 Retrying in 1 seconds
[shaping_diag] success_cum_shaping=282.39 T=235 d_init=94.1 d_final=0.0
 Retrying in 1 seconds
[shaping_diag] success_cum_shaping=282.39 T=200 d_init=94.1 d_final=0.0
 Retrying in 1 seconds
[shaping_diag] success_cum_shaping=282.39 T=200 d_init=94.1 d_final=0.0
 Retrying in 1 seconds
[shaping_diag] success_cum_shaping=282.39 T=214 d_init=94.1 d_final=0.0
 Retrying in 1 seconds
[shaping_diag] success_cum_shaping=282.39 T=241 d_init=94.1 d_final=0.0
 Retrying in 1 seconds
[shaping_diag] success_cum_shaping=282.39 T=221 d_init=94.1 d_final=0.0
 Retrying in 1 seconds
[shaping_diag] success_cum_shaping=282.39 T=231 d_init=94.1 d_final=0.0
 Retrying in 1 seconds
[shaping_diag] success_cum_shaping=282.39 T=225 d_init=94.1 d_final=0.0
 Retrying in 1 seconds
[shaping_diag] success_cum_shaping=282.39 T=202 d_init=94.1 d_final=0.0
 Retrying in 1 seconds
[shaping_diag] success_cum_shaping=282.39 T=244 d_init=94.1 d_final=0.0
 Retrying in 1 seconds
[shaping_diag] success_cum_shaping=282.39 T=216 d_init=94.1 d_final=0.0
 Retrying in 1 seconds
[shaping_diag] success_cum_shaping=282.39 T=210 d_init=94.1 d_final=0.0
 Retrying in 1 seconds
[shaping_diag] success_cum_shaping=282.39 T=216 d_init=94.1 d_final=0.0
 Retrying in 1 seconds
[shaping_diag] success_cum_shaping=282.39 T=208 d_init=94.1 d_final=0.0
 Retrying in 1 seconds
[shaping_diag] success_cum_shaping=282.39 T=226 d_init=94.1 d_final=0.0
 Retrying in 1 seconds
[shaping_diag] success_cum_shaping=282.39 T=213 d_init=94.1 d_final=0.0
 Retrying in 1 seconds
[shaping_diag] success_cum_shaping=282.39 T=225 d_init=94.1 d_final=0.0
 Retrying in 1 seconds
[shaping_diag] success_cum_shaping=282.39 T=212 d_init=94.1 d_final=0.0
 Retrying in 1 seconds
[shaping_diag] success_cum_shaping=282.39 T=220 d_init=94.1 d_final=0.0
 Retrying in 1 seconds
[shaping_diag] success_cum_shaping=282.39 T=243 d_init=94.1 d_final=0.0
 Retrying in 1 seconds
[shaping_diag] success_cum_shaping=282.39 T=203 d_init=94.1 d_final=0.0
 Retrying in 1 seconds
[shaping_diag] success_cum_shaping=282.39 T=218 d_init=94.1 d_final=0.0
 Retrying in 1 seconds
[shaping_diag] success_cum_shaping=282.39 T=237 d_init=94.1 d_final=0.0
 Retrying in 1 seconds
[shaping_diag] success_cum_shaping=282.39 T=230 d_init=94.1 d_final=0.0
 Retrying in 1 seconds
[shaping_diag] success_cum_shaping=282.39 T=213 d_init=94.1 d_final=0.0
 Retrying in 1 seconds
[shaping_diag] success_cum_shaping=282.39 T=194 d_init=94.1 d_final=0.0
 Retrying in 1 seconds
[shaping_diag] success_cum_shaping=282.39 T=204 d_init=94.1 d_final=0.0
 Retrying in 1 seconds
[shaping_diag] success_cum_shaping=282.39 T=221 d_init=94.1 d_final=0.0
 Retrying in 1 seconds
[shaping_diag] success_cum_shaping=282.39 T=230 d_init=94.1 d_final=0.0
 Retrying in 1 seconds
[shaping_diag] success_cum_shaping=282.39 T=207 d_init=94.1 d_final=0.0
 Retrying in 1 seconds
[shaping_diag] success_cum_shaping=282.39 T=218 d_init=94.1 d_final=0.0
 Retrying in 1 seconds
[shaping_diag] success_cum_shaping=282.39 T=197 d_init=94.1 d_final=0.0
 Retrying in 1 seconds
[shaping_diag] success_cum_shaping=282.39 T=205 d_init=94.1 d_final=0.0
 Retrying in 1 seconds
[shaping_diag] success_cum_shaping=282.39 T=244 d_init=94.1 d_final=0.0
 Retrying in 1 seconds
[shaping_diag] success_cum_shaping=282.39 T=201 d_init=94.1 d_final=0.0
 Retrying in 1 seconds
[shaping_diag] success_cum_shaping=282.39 T=220 d_init=94.1 d_final=0.0
 Retrying in 1 seconds
[shaping_diag] success_cum_shaping=282.39 T=214 d_init=94.1 d_final=0.0
 Retrying in 1 seconds
[shaping_diag] success_cum_shaping=282.39 T=205 d_init=94.1 d_final=0.0
 Retrying in 1 seconds
[shaping_diag] success_cum_shaping=282.39 T=229 d_init=94.1 d_final=0.0
 Retrying in 1 seconds
[shaping_diag] success_cum_shaping=282.39 T=247 d_init=94.1 d_final=0.0
 Retrying in 1 seconds
[shaping_diag] success_cum_shaping=282.39 T=233 d_init=94.1 d_final=0.0
 Retrying in 1 seconds
[shaping_diag] success_cum_shaping=282.39 T=232 d_init=94.1 d_final=0.0
 Retrying in 1 seconds
[shaping_diag] success_cum_shaping=282.39 T=224 d_init=94.1 d_final=0.0
 Retrying in 1 seconds
[shaping_diag] success_cum_shaping=282.39 T=200 d_init=94.1 d_final=0.0
 Retrying in 1 seconds
[shaping_diag] success_cum_shaping=282.39 T=200 d_init=94.1 d_final=0.0
 Retrying in 1 seconds
[shaping_diag] success_cum_shaping=282.39 T=232 d_init=94.1 d_final=0.0
 Retrying in 1 seconds
[shaping_diag] success_cum_shaping=282.39 T=190 d_init=94.1 d_final=0.0
 Retrying in 1 seconds
[shaping_diag] success_cum_shaping=282.39 T=202 d_init=94.1 d_final=0.0
 Retrying in 1 seconds
[shaping_diag] success_cum_shaping=282.39 T=211 d_init=94.1 d_final=0.0
 Retrying in 1 seconds
[shaping_diag] success_cum_shaping=282.39 T=206 d_init=94.1 d_final=0.0
 Retrying in 1 seconds
[shaping_diag] success_cum_shaping=282.39 T=213 d_init=94.1 d_final=0.0
 Retrying in 1 seconds
[shaping_diag] success_cum_shaping=282.39 T=230 d_init=94.1 d_final=0.0
 Retrying in 1 seconds
[shaping_diag] success_cum_shaping=282.39 T=205 d_init=94.1 d_final=0.0
 Retrying in 1 seconds
[shaping_diag] success_cum_shaping=282.39 T=218 d_init=94.1 d_final=0.0
 Retrying in 1 seconds
[shaping_diag] success_cum_shaping=282.39 T=216 d_init=94.1 d_final=0.0
 Retrying in 1 seconds
[shaping_diag] success_cum_shaping=282.39 T=192 d_init=94.1 d_final=0.0
 Retrying in 1 seconds
[shaping_diag] success_cum_shaping=282.39 T=211 d_init=94.1 d_final=0.0
 Retrying in 1 seconds
[shaping_diag] success_cum_shaping=282.39 T=207 d_init=94.1 d_final=0.0
 Retrying in 1 seconds
[shaping_diag] success_cum_shaping=282.39 T=212 d_init=94.1 d_final=0.0
 Retrying in 1 seconds
[shaping_diag] success_cum_shaping=282.39 T=225 d_init=94.1 d_final=0.0
 Retrying in 1 seconds
[shaping_diag] success_cum_shaping=282.39 T=214 d_init=94.1 d_final=0.0
 Retrying in 1 seconds
[shaping_diag] success_cum_shaping=282.39 T=216 d_init=94.1 d_final=0.0
 Retrying in 1 seconds
[shaping_diag] success_cum_shaping=282.39 T=218 d_init=94.1 d_final=0.0
 Retrying in 1 seconds
[shaping_diag] success_cum_shaping=282.39 T=233 d_init=94.1 d_final=0.0
 Retrying in 1 seconds
[shaping_diag] success_cum_shaping=282.39 T=238 d_init=94.1 d_final=0.0
 Retrying in 1 seconds
[shaping_diag] success_cum_shaping=282.39 T=198 d_init=94.1 d_final=0.0
 Retrying in 1 seconds
[shaping_diag] success_cum_shaping=282.39 T=209 d_init=94.1 d_final=0.0
 Retrying in 1 seconds
[shaping_diag] success_cum_shaping=282.39 T=227 d_init=94.1 d_final=0.0
 Retrying in 1 seconds
[shaping_diag] success_cum_shaping=282.39 T=235 d_init=94.1 d_final=0.0
 Retrying in 1 seconds
[shaping_diag] success_cum_shaping=282.39 T=225 d_init=94.1 d_final=0.0
  return=472.55 coll=0.000 success=1.000 ttc=7.70 ent=1.30 brakes=1.0
Saved results/ablation/tier1/1a_stem_right_fusion_aux_nointent_s456/eval_fusion_aux_1a_stem_right.csv
