 Retrying in 1 seconds
 Retrying in 1 seconds
 Retrying in 1 seconds
 Retrying in 1 seconds
 Retrying in 1 seconds
 Retrying in 1 seconds
 Retrying in 1 seconds
 Retrying in 1 seconds
 Retrying in 1 seconds
 Retrying in 1 seconds
[shaping_diag] success_cum_shaping=282.39 T=287 d_init=94.1 d_final=0.0
 Retrying in 1 seconds
[shaping_diag] success_cum_shaping=282.39 T=256 d_init=94.1 d_final=0.0
 Retrying in 1 seconds
[shaping_diag] success_cum_shaping=282.39 T=260 d_init=94.1 d_final=0.0
 Retrying in 1 seconds
[shaping_diag] success_cum_shaping=282.39 T=205 d_init=94.1 d_final=0.0
 Retrying in 1 seconds
[shaping_diag] success_cum_shaping=282.39 T=336 d_init=94.1 d_final=0.0
 Retrying in 1 seconds
[shaping_diag] success_cum_shaping=282.39 T=286 d_init=94.1 d_final=0.0
 Retrying in 1 seconds
[shaping_diag] success_cum_shaping=282.39 T=237 d_init=94.1 d_final=0.0
 Retrying in 1 seconds
[shaping_diag] success_cum_shaping=282.39 T=253 d_init=94.1 d_final=0.0
 Retrying in 1 seconds
[shaping_diag] success_cum_shaping=282.39 T=263 d_init=94.1 d_final=0.0
 Retrying in 1 seconds
[shaping_diag] success_cum_shaping=282.39 T=286 d_init=94.1 d_final=0.0
[cbf_aux] step=4096 ret=539.34 coll=0 ttc=10.83 cbf_res=0.0188
 Retrying in 1 seconds
 Retrying in 1 seconds
 Retrying in 1 seconds
 Retrying in 1 seconds
 Retrying in 1 seconds
 Retrying in 1 seconds
 Retrying in 1 seconds
 Retrying in 1 seconds
 Retrying in 1 seconds
 Retrying in 1 seconds
 Retrying in 1 seconds
 Retrying in 1 seconds
 Retrying in 1 seconds
 Retrying in 1 seconds
 Retrying in 1 seconds
 Retrying in 1 seconds
 Retrying in 1 seconds
 Retrying in 1 seconds
 Retrying in 1 seconds
 Retrying in 1 seconds
[shaping_diag] success_cum_shaping=282.39 T=430 d_init=94.1 d_final=0.0
 Retrying in 1 seconds
 Retrying in 1 seconds
[shaping_diag] success_cum_shaping=282.39 T=420 d_init=94.1 d_final=0.0
 Retrying in 1 seconds
 Retrying in 1 seconds
 Retrying in 1 seconds
 Retrying in 1 seconds
 Retrying in 1 seconds
 Retrying in 1 seconds
[shaping_diag] success_cum_shaping=282.39 T=367 d_init=94.1 d_final=0.0
 Retrying in 1 seconds
[shaping_diag] success_cum_shaping=282.39 T=341 d_init=94.1 d_final=0.0
 Retrying in 1 seconds
[shaping_diag] success_cum_shaping=282.39 T=468 d_init=94.1 d_final=0.0
 Retrying in 1 seconds
[shaping_diag] success_cum_shaping=282.39 T=373 d_init=94.1 d_final=0.0
 Retrying in 1 seconds
[shaping_diag] success_cum_shaping=282.39 T=382 d_init=94.1 d_final=0.0
 Retrying in 1 seconds
 Retrying in 1 seconds
[shaping_diag] success_cum_shaping=282.39 T=369 d_init=94.1 d_final=0.0
 Retrying in 1 seconds
[shaping_diag] success_cum_shaping=282.39 T=405 d_init=94.1 d_final=0.0
 Retrying in 1 seconds
 Retrying in 1 seconds
[shaping_diag] success_cum_shaping=282.39 T=368 d_init=94.1 d_final=0.0
 Retrying in 1 seconds
 Retrying in 1 seconds
[shaping_diag] success_cum_shaping=282.39 T=435 d_init=94.1 d_final=0.0
 Retrying in 1 seconds
 Retrying in 1 seconds
 Retrying in 1 seconds
 Retrying in 1 seconds
[shaping_diag] success_cum_shaping=282.39 T=307 d_init=94.1 d_final=0.0
 Retrying in 1 seconds
[shaping_diag] success_cum_shaping=282.39 T=396 d_init=94.1 d_final=0.0
 Retrying in 1 seconds
 Retrying in 1 seconds
 Retrying in 1 seconds
[shaping_diag] success_cum_shaping=282.39 T=359 d_init=94.1 d_final=0.0
 Retrying in 1 seconds
 Retrying in 1 seconds
[shaping_diag] success_cum_shaping=282.39 T=314 d_init=94.1 d_final=0.0
 Retrying in 1 seconds
[shaping_diag] success_cum_shaping=282.39 T=324 d_init=94.1 d_final=0.0
 Retrying in 1 seconds
[shaping_diag] success_cum_shaping=282.39 T=309 d_init=94.1 d_final=0.0
 Retrying in 1 seconds
[shaping_diag] success_cum_shaping=282.39 T=310 d_init=94.1 d_final=0.0
 Retrying in 1 seconds
[shaping_diag] success_cum_shaping=282.39 T=280 d_init=94.1 d_final=0.0
 Retrying in 1 seconds
[shaping_diag] success_cum_shaping=282.39 T=333 d_init=94.1 d_final=0.0
 Retrying in 1 seconds
[shaping_diag] success_cum_shaping=282.39 T=289 d_init=94.1 d_final=0.0
 Retrying in 1 seconds
[shaping_diag] success_cum_shaping=282.39 T=426 d_init=94.1 d_final=0.0
 Retrying in 1 seconds
[shaping_diag] success_cum_shaping=282.39 T=312 d_init=94.1 d_final=0.0
 Retrying in 1 seconds
[shaping_diag] success_cum_shaping=282.39 T=319 d_init=94.1 d_final=0.0
 Retrying in 1 seconds
[shaping_diag] success_cum_shaping=282.39 T=316 d_init=94.1 d_final=0.0
 Retrying in 1 seconds
[shaping_diag] success_cum_shaping=282.39 T=357 d_init=94.1 d_final=0.0
 Retrying in 1 seconds
 Retrying in 1 seconds
[shaping_diag] success_cum_shaping=282.39 T=312 d_init=94.1 d_final=0.0
 Retrying in 1 seconds
[shaping_diag] success_cum_shaping=282.39 T=307 d_init=94.1 d_final=0.0
 Retrying in 1 seconds
[shaping_diag] success_cum_shaping=282.39 T=317 d_init=94.1 d_final=0.0
 Retrying in 1 seconds
[shaping_diag] success_cum_shaping=282.39 T=280 d_init=94.1 d_final=0.0
 Retrying in 1 seconds
[shaping_diag] success_cum_shaping=282.39 T=304 d_init=94.1 d_final=0.0
 Retrying in 1 seconds
[shaping_diag] success_cum_shaping=282.39 T=286 d_init=94.1 d_final=0.0
 Retrying in 1 seconds
[shaping_diag] success_cum_shaping=282.39 T=369 d_init=94.1 d_final=0.0
 Retrying in 1 seconds
[shaping_diag] success_cum_shaping=282.39 T=268 d_init=94.1 d_final=0.0
 Retrying in 1 seconds
[shaping_diag] success_cum_shaping=282.39 T=278 d_init=94.1 d_final=0.0
 Retrying in 1 seconds
[shaping_diag] success_cum_shaping=282.39 T=300 d_init=94.1 d_final=0.0
 Retrying in 1 seconds
[shaping_diag] success_cum_shaping=282.39 T=281 d_init=94.1 d_final=0.0
 Retrying in 1 seconds
[shaping_diag] success_cum_shaping=282.39 T=300 d_init=94.1 d_final=0.0
 Retrying in 1 seconds
[shaping_diag] success_cum_shaping=282.39 T=309 d_init=94.1 d_final=0.0
 Retrying in 1 seconds
 Retrying in 1 seconds
[shaping_diag] success_cum_shaping=282.39 T=304 d_init=94.1 d_final=0.0
 Retrying in 1 seconds
[shaping_diag] success_cum_shaping=282.39 T=276 d_init=94.1 d_final=0.0
 Retrying in 1 seconds
[shaping_diag] success_cum_shaping=282.39 T=292 d_init=94.1 d_final=0.0
 Retrying in 1 seconds
[shaping_diag] success_cum_shaping=282.39 T=293 d_init=94.1 d_final=0.0
 Retrying in 1 seconds
[shaping_diag] success_cum_shaping=282.39 T=299 d_init=94.1 d_final=0.0
 Retrying in 1 seconds
[shaping_diag] success_cum_shaping=282.39 T=269 d_init=94.1 d_final=0.0
 Retrying in 1 seconds
[shaping_diag] success_cum_shaping=282.39 T=282 d_init=94.1 d_final=0.0
 Retrying in 1 seconds
[shaping_diag] success_cum_shaping=282.39 T=285 d_init=94.1 d_final=0.0
 Retrying in 1 seconds
[shaping_diag] success_cum_shaping=282.39 T=258 d_init=94.1 d_final=0.0
 Retrying in 1 seconds
[shaping_diag] success_cum_shaping=282.39 T=280 d_init=94.1 d_final=0.0
 Retrying in 1 seconds
[shaping_diag] success_cum_shaping=282.39 T=266 d_init=94.1 d_final=0.0
 Retrying in 1 seconds
[shaping_diag] success_cum_shaping=282.39 T=302 d_init=94.1 d_final=0.0
 Retrying in 1 seconds
[shaping_diag] success_cum_shaping=282.39 T=284 d_init=94.1 d_final=0.0
 Retrying in 1 seconds
[shaping_diag] success_cum_shaping=282.39 T=324 d_init=94.1 d_final=0.0
 Retrying in 1 seconds
 Retrying in 1 seconds
[shaping_diag] success_cum_shaping=282.39 T=284 d_init=94.1 d_final=0.0
 Retrying in 1 seconds
[shaping_diag] success_cum_shaping=282.39 T=264 d_init=94.1 d_final=0.0
 Retrying in 1 seconds
[shaping_diag] success_cum_shaping=282.39 T=287 d_init=94.1 d_final=0.0
 Retrying in 1 seconds
[shaping_diag] success_cum_shaping=282.39 T=290 d_init=94.1 d_final=0.0
 Retrying in 1 seconds
[shaping_diag] success_cum_shaping=282.39 T=277 d_init=94.1 d_final=0.0
 Retrying in 1 seconds
[shaping_diag] success_cum_shaping=282.39 T=262 d_init=94.1 d_final=0.0
 Retrying in 1 seconds
[shaping_diag] success_cum_shaping=282.39 T=264 d_init=94.1 d_final=0.0
 Retrying in 1 seconds
[shaping_diag] success_cum_shaping=282.39 T=260 d_init=94.1 d_final=0.0
 Retrying in 1 seconds
[shaping_diag] success_cum_shaping=282.39 T=269 d_init=94.1 d_final=0.0
 Retrying in 1 seconds
[shaping_diag] success_cum_shaping=282.39 T=254 d_init=94.1 d_final=0.0
 Retrying in 1 seconds
[shaping_diag] success_cum_shaping=282.39 T=246 d_init=94.1 d_final=0.0
 Retrying in 1 seconds
[shaping_diag] success_cum_shaping=282.39 T=272 d_init=94.1 d_final=0.0
 Retrying in 1 seconds
[shaping_diag] success_cum_shaping=282.39 T=250 d_init=94.1 d_final=0.0
 Retrying in 1 seconds
[shaping_diag] success_cum_shaping=282.39 T=275 d_init=94.1 d_final=0.0
 Retrying in 1 seconds
[shaping_diag] success_cum_shaping=282.39 T=259 d_init=94.1 d_final=0.0
 Retrying in 1 seconds
 Retrying in 1 seconds
[shaping_diag] success_cum_shaping=282.39 T=264 d_init=94.1 d_final=0.0
 Retrying in 1 seconds
[shaping_diag] success_cum_shaping=282.39 T=282 d_init=94.1 d_final=0.0
 Retrying in 1 seconds
[shaping_diag] success_cum_shaping=282.39 T=263 d_init=94.1 d_final=0.0
 Retrying in 1 seconds
[shaping_diag] success_cum_shaping=282.39 T=287 d_init=94.1 d_final=0.0
 Retrying in 1 seconds
[shaping_diag] success_cum_shaping=282.39 T=276 d_init=94.1 d_final=0.0
 Retrying in 1 seconds
[shaping_diag] success_cum_shaping=282.39 T=272 d_init=94.1 d_final=0.0
 Retrying in 1 seconds
[shaping_diag] success_cum_shaping=282.39 T=264 d_init=94.1 d_final=0.0
 Retrying in 1 seconds
[shaping_diag] success_cum_shaping=282.39 T=271 d_init=94.1 d_final=0.0
 Retrying in 1 seconds
[shaping_diag] success_cum_shaping=282.39 T=271 d_init=94.1 d_final=0.0
 Retrying in 1 seconds
[shaping_diag] success_cum_shaping=282.39 T=304 d_init=94.1 d_final=0.0
 Retrying in 1 seconds
[shaping_diag] success_cum_shaping=282.39 T=254 d_init=94.1 d_final=0.0
 Retrying in 1 seconds
[shaping_diag] success_cum_shaping=282.39 T=288 d_init=94.1 d_final=0.0
 Retrying in 1 seconds
[shaping_diag] success_cum_shaping=282.39 T=283 d_init=94.1 d_final=0.0
 Retrying in 1 seconds
[shaping_diag] success_cum_shaping=282.39 T=308 d_init=94.1 d_final=0.0
 Retrying in 1 seconds
 Retrying in 1 seconds
[shaping_diag] success_cum_shaping=282.39 T=247 d_init=94.1 d_final=0.0
 Retrying in 1 seconds
[shaping_diag] success_cum_shaping=282.39 T=242 d_init=94.1 d_final=0.0
 Retrying in 1 seconds
[shaping_diag] success_cum_shaping=282.39 T=272 d_init=94.1 d_final=0.0
 Retrying in 1 seconds
[shaping_diag] success_cum_shaping=282.39 T=256 d_init=94.1 d_final=0.0
 Retrying in 1 seconds
[shaping_diag] success_cum_shaping=282.39 T=254 d_init=94.1 d_final=0.0
 Retrying in 1 seconds
[shaping_diag] success_cum_shaping=282.39 T=245 d_init=94.1 d_final=0.0
 Retrying in 1 seconds
[shaping_diag] success_cum_shaping=282.39 T=241 d_init=94.1 d_final=0.0
 Retrying in 1 seconds
[shaping_diag] success_cum_shaping=282.39 T=263 d_init=94.1 d_final=0.0
 Retrying in 1 seconds
[shaping_diag] success_cum_shaping=282.39 T=256 d_init=94.1 d_final=0.0
 Retrying in 1 seconds
[shaping_diag] success_cum_shaping=282.39 T=267 d_init=94.1 d_final=0.0
[cbf_aux] step=45056 ret=553.53 coll=0 ttc=10.79 cbf_res=0.0000
 Retrying in 1 seconds
[shaping_diag] success_cum_shaping=282.39 T=274 d_init=94.1 d_final=0.0
 Retrying in 1 seconds
[shaping_diag] success_cum_shaping=282.39 T=261 d_init=94.1 d_final=0.0
 Retrying in 1 seconds
[shaping_diag] success_cum_shaping=282.39 T=281 d_init=94.1 d_final=0.0
 Retrying in 1 seconds
[shaping_diag] success_cum_shaping=282.39 T=274 d_init=94.1 d_final=0.0
 Retrying in 1 seconds
[shaping_diag] success_cum_shaping=282.39 T=274 d_init=94.1 d_final=0.0
 Retrying in 1 seconds
[shaping_diag] success_cum_shaping=282.39 T=288 d_init=94.1 d_final=0.0
 Retrying in 1 seconds
[shaping_diag] success_cum_shaping=282.39 T=242 d_init=94.1 d_final=0.0
 Retrying in 1 seconds
[shaping_diag] success_cum_shaping=282.39 T=279 d_init=94.1 d_final=0.0
 Retrying in 1 seconds
[shaping_diag] success_cum_shaping=282.39 T=261 d_init=94.1 d_final=0.0
 Retrying in 1 seconds
[shaping_diag] success_cum_shaping=282.39 T=309 d_init=94.1 d_final=0.0
 Retrying in 1 seconds
[shaping_diag] success_cum_shaping=282.39 T=292 d_init=94.1 d_final=0.0
 Retrying in 1 seconds
[shaping_diag] success_cum_shaping=282.39 T=262 d_init=94.1 d_final=0.0
 Retrying in 1 seconds
[shaping_diag] success_cum_shaping=282.39 T=268 d_init=94.1 d_final=0.0
 Retrying in 1 seconds
[shaping_diag] success_cum_shaping=282.39 T=268 d_init=94.1 d_final=0.0
 Retrying in 1 seconds
 Retrying in 1 seconds
[shaping_diag] success_cum_shaping=282.39 T=253 d_init=94.1 d_final=0.0
 Retrying in 1 seconds
[shaping_diag] success_cum_shaping=282.39 T=257 d_init=94.1 d_final=0.0
 Retrying in 1 seconds
[shaping_diag] success_cum_shaping=282.39 T=254 d_init=94.1 d_final=0.0
 Retrying in 1 seconds
[shaping_diag] success_cum_shaping=282.39 T=268 d_init=94.1 d_final=0.0
 Retrying in 1 seconds
[shaping_diag] success_cum_shaping=282.39 T=239 d_init=94.1 d_final=0.0
 Retrying in 1 seconds
[shaping_diag] success_cum_shaping=282.39 T=269 d_init=94.1 d_final=0.0
 Retrying in 1 seconds
[shaping_diag] success_cum_shaping=282.39 T=276 d_init=94.1 d_final=0.0
 Retrying in 1 seconds
[shaping_diag] success_cum_shaping=282.39 T=245 d_init=94.1 d_final=0.0
 Retrying in 1 seconds
[shaping_diag] success_cum_shaping=282.39 T=244 d_init=94.1 d_final=0.0
 Retrying in 1 seconds
[shaping_diag] success_cum_shaping=282.39 T=266 d_init=94.1 d_final=0.0
 Retrying in 1 seconds
[shaping_diag] success_cum_shaping=282.39 T=268 d_init=94.1 d_final=0.0
 Retrying in 1 seconds
[shaping_diag] success_cum_shaping=282.39 T=224 d_init=94.1 d_final=0.0
 Retrying in 1 seconds
[shaping_diag] success_cum_shaping=282.39 T=236 d_init=94.1 d_final=0.0
 Retrying in 1 seconds
[shaping_diag] success_cum_shaping=282.39 T=263 d_init=94.1 d_final=0.0
 Retrying in 1 seconds
[shaping_diag] success_cum_shaping=282.39 T=236 d_init=94.1 d_final=0.0
 Retrying in 1 seconds
[shaping_diag] success_cum_shaping=282.39 T=263 d_init=94.1 d_final=0.0
 Retrying in 1 seconds
 Retrying in 1 seconds
[shaping_diag] success_cum_shaping=282.39 T=231 d_init=94.1 d_final=0.0
 Retrying in 1 seconds
[shaping_diag] success_cum_shaping=282.39 T=255 d_init=94.1 d_final=0.0
 Retrying in 1 seconds
[shaping_diag] success_cum_shaping=282.39 T=291 d_init=94.1 d_final=0.0
 Retrying in 1 seconds
[shaping_diag] success_cum_shaping=282.39 T=222 d_init=94.1 d_final=0.0
 Retrying in 1 seconds
[shaping_diag] success_cum_shaping=282.39 T=276 d_init=94.1 d_final=0.0
 Retrying in 1 seconds
[shaping_diag] success_cum_shaping=282.39 T=229 d_init=94.1 d_final=0.0
 Retrying in 1 seconds
[shaping_diag] success_cum_shaping=282.39 T=271 d_init=94.1 d_final=0.0
 Retrying in 1 seconds
[shaping_diag] success_cum_shaping=282.39 T=296 d_init=94.1 d_final=0.0
 Retrying in 1 seconds
[shaping_diag] success_cum_shaping=282.39 T=275 d_init=94.1 d_final=0.0
 Retrying in 1 seconds
[shaping_diag] success_cum_shaping=282.39 T=280 d_init=94.1 d_final=0.0
 Retrying in 1 seconds
[shaping_diag] success_cum_shaping=282.39 T=255 d_init=94.1 d_final=0.0
 Retrying in 1 seconds
[shaping_diag] success_cum_shaping=282.39 T=221 d_init=94.1 d_final=0.0
 Retrying in 1 seconds
[shaping_diag] success_cum_shaping=282.39 T=222 d_init=94.1 d_final=0.0
 Retrying in 1 seconds
[shaping_diag] success_cum_shaping=282.39 T=231 d_init=94.1 d_final=0.0
 Retrying in 1 seconds
[shaping_diag] success_cum_shaping=282.39 T=231 d_init=94.1 d_final=0.0
 Retrying in 1 seconds
[shaping_diag] success_cum_shaping=282.39 T=246 d_init=94.1 d_final=0.0
 Retrying in 1 seconds
 Retrying in 1 seconds
[shaping_diag] success_cum_shaping=282.39 T=212 d_init=94.1 d_final=0.0
 Retrying in 1 seconds
[shaping_diag] success_cum_shaping=282.39 T=232 d_init=94.1 d_final=0.0
 Retrying in 1 seconds
[shaping_diag] success_cum_shaping=282.39 T=223 d_init=94.1 d_final=0.0
 Retrying in 1 seconds
[shaping_diag] success_cum_shaping=282.39 T=220 d_init=94.1 d_final=0.0
 Retrying in 1 seconds
[shaping_diag] success_cum_shaping=282.39 T=214 d_init=94.1 d_final=0.0
 Retrying in 1 seconds
[shaping_diag] success_cum_shaping=282.39 T=234 d_init=94.1 d_final=0.0
 Retrying in 1 seconds
[shaping_diag] success_cum_shaping=282.39 T=262 d_init=94.1 d_final=0.0
 Retrying in 1 seconds
[shaping_diag] success_cum_shaping=282.39 T=219 d_init=94.1 d_final=0.0
 Retrying in 1 seconds
[shaping_diag] success_cum_shaping=282.39 T=225 d_init=94.1 d_final=0.0
 Retrying in 1 seconds
[shaping_diag] success_cum_shaping=282.39 T=231 d_init=94.1 d_final=0.0
 Retrying in 1 seconds
[shaping_diag] success_cum_shaping=282.39 T=202 d_init=94.1 d_final=0.0
 Retrying in 1 seconds
[shaping_diag] success_cum_shaping=282.39 T=222 d_init=94.1 d_final=0.0
 Retrying in 1 seconds
[shaping_diag] success_cum_shaping=282.39 T=230 d_init=94.1 d_final=0.0
 Retrying in 1 seconds
[shaping_diag] success_cum_shaping=282.39 T=247 d_init=94.1 d_final=0.0
 Retrying in 1 seconds
[shaping_diag] success_cum_shaping=282.39 T=212 d_init=94.1 d_final=0.0
 Retrying in 1 seconds
[shaping_diag] success_cum_shaping=282.39 T=232 d_init=94.1 d_final=0.0
 Retrying in 1 seconds
[shaping_diag] success_cum_shaping=282.39 T=209 d_init=94.1 d_final=0.0
 Retrying in 1 seconds
[shaping_diag] success_cum_shaping=282.39 T=220 d_init=94.1 d_final=0.0
 Retrying in 1 seconds
 Retrying in 1 seconds
[shaping_diag] success_cum_shaping=282.39 T=223 d_init=94.1 d_final=0.0
 Retrying in 1 seconds
[shaping_diag] success_cum_shaping=282.39 T=213 d_init=94.1 d_final=0.0
 Retrying in 1 seconds
[shaping_diag] success_cum_shaping=282.39 T=202 d_init=94.1 d_final=0.0
 Retrying in 1 seconds
[shaping_diag] success_cum_shaping=282.39 T=250 d_init=94.1 d_final=0.0
 Retrying in 1 seconds
[shaping_diag] success_cum_shaping=282.39 T=222 d_init=94.1 d_final=0.0
 Retrying in 1 seconds
[shaping_diag] success_cum_shaping=282.39 T=218 d_init=94.1 d_final=0.0
 Retrying in 1 seconds
[shaping_diag] success_cum_shaping=282.39 T=191 d_init=94.1 d_final=0.0
 Retrying in 1 seconds
[shaping_diag] success_cum_shaping=282.39 T=242 d_init=94.1 d_final=0.0
 Retrying in 1 seconds
[shaping_diag] success_cum_shaping=282.39 T=205 d_init=94.1 d_final=0.0
 Retrying in 1 seconds
[shaping_diag] success_cum_shaping=282.39 T=232 d_init=94.1 d_final=0.0
 Retrying in 1 seconds
[shaping_diag] success_cum_shaping=282.39 T=260 d_init=94.1 d_final=0.0
 Retrying in 1 seconds
[shaping_diag] success_cum_shaping=282.39 T=209 d_init=94.1 d_final=0.0
 Retrying in 1 seconds
[shaping_diag] success_cum_shaping=282.39 T=216 d_init=94.1 d_final=0.0
 Retrying in 1 seconds
[shaping_diag] success_cum_shaping=282.39 T=247 d_init=94.1 d_final=0.0
 Retrying in 1 seconds
[shaping_diag] success_cum_shaping=282.39 T=228 d_init=94.1 d_final=0.0
 Retrying in 1 seconds
[shaping_diag] success_cum_shaping=282.39 T=239 d_init=94.1 d_final=0.0
 Retrying in 1 seconds
[shaping_diag] success_cum_shaping=282.39 T=242 d_init=94.1 d_final=0.0
 Retrying in 1 seconds
[shaping_diag] success_cum_shaping=282.39 T=235 d_init=94.1 d_final=0.0
 Retrying in 1 seconds
 Retrying in 1 seconds
[shaping_diag] success_cum_shaping=282.39 T=193 d_init=94.1 d_final=0.0
 Retrying in 1 seconds
[shaping_diag] success_cum_shaping=282.39 T=236 d_init=94.1 d_final=0.0
 Retrying in 1 seconds
[shaping_diag] success_cum_shaping=282.39 T=226 d_init=94.1 d_final=0.0
 Retrying in 1 seconds
[shaping_diag] success_cum_shaping=282.39 T=200 d_init=94.1 d_final=0.0
 Retrying in 1 seconds
[shaping_diag] success_cum_shaping=282.39 T=204 d_init=94.1 d_final=0.0
 Retrying in 1 seconds
[shaping_diag] success_cum_shaping=282.39 T=204 d_init=94.1 d_final=0.0
 Retrying in 1 seconds
[shaping_diag] success_cum_shaping=282.39 T=243 d_init=94.1 d_final=0.0
 Retrying in 1 seconds
[shaping_diag] success_cum_shaping=282.39 T=212 d_init=94.1 d_final=0.0
 Retrying in 1 seconds
[shaping_diag] success_cum_shaping=282.39 T=209 d_init=94.1 d_final=0.0
 Retrying in 1 seconds
[shaping_diag] success_cum_shaping=282.39 T=234 d_init=94.1 d_final=0.0
 Retrying in 1 seconds
[shaping_diag] success_cum_shaping=282.39 T=243 d_init=94.1 d_final=0.0
 Retrying in 1 seconds
[shaping_diag] success_cum_shaping=282.39 T=235 d_init=94.1 d_final=0.0
 Retrying in 1 seconds
[shaping_diag] success_cum_shaping=282.39 T=234 d_init=94.1 d_final=0.0
 Retrying in 1 seconds
[shaping_diag] success_cum_shaping=282.39 T=238 d_init=94.1 d_final=0.0
 Retrying in 1 seconds
[shaping_diag] success_cum_shaping=282.39 T=191 d_init=94.1 d_final=0.0
 Retrying in 1 seconds
[shaping_diag] success_cum_shaping=282.39 T=247 d_init=94.1 d_final=0.0
 Retrying in 1 seconds
[shaping_diag] success_cum_shaping=282.39 T=227 d_init=94.1 d_final=0.0
 Retrying in 1 seconds
[shaping_diag] success_cum_shaping=282.39 T=213 d_init=94.1 d_final=0.0
 Retrying in 1 seconds
 Retrying in 1 seconds
[shaping_diag] success_cum_shaping=282.39 T=223 d_init=94.1 d_final=0.0
 Retrying in 1 seconds
[shaping_diag] success_cum_shaping=282.39 T=192 d_init=94.1 d_final=0.0
 Retrying in 1 seconds
[shaping_diag] success_cum_shaping=282.39 T=218 d_init=94.1 d_final=0.0
 Retrying in 1 seconds
[shaping_diag] success_cum_shaping=282.39 T=220 d_init=94.1 d_final=0.0
 Retrying in 1 seconds
[shaping_diag] success_cum_shaping=282.39 T=213 d_init=94.1 d_final=0.0
 Retrying in 1 seconds
[shaping_diag] success_cum_shaping=282.39 T=199 d_init=94.1 d_final=0.0
 Retrying in 1 seconds
[shaping_diag] success_cum_shaping=282.39 T=171 d_init=94.1 d_final=0.0
 Retrying in 1 seconds
[shaping_diag] success_cum_shaping=282.39 T=177 d_init=94.1 d_final=0.0
 Retrying in 1 seconds
[shaping_diag] success_cum_shaping=282.39 T=209 d_init=94.1 d_final=0.0
 Retrying in 1 seconds
[shaping_diag] success_cum_shaping=282.39 T=183 d_init=94.1 d_final=0.0
 Retrying in 1 seconds
[shaping_diag] success_cum_shaping=282.39 T=213 d_init=94.1 d_final=0.0
 Retrying in 1 seconds
[shaping_diag] success_cum_shaping=282.39 T=220 d_init=94.1 d_final=0.0
 Retrying in 1 seconds
[shaping_diag] success_cum_shaping=282.39 T=214 d_init=94.1 d_final=0.0
 Retrying in 1 seconds
[shaping_diag] success_cum_shaping=282.39 T=173 d_init=94.1 d_final=0.0
 Retrying in 1 seconds
[shaping_diag] success_cum_shaping=282.39 T=227 d_init=94.1 d_final=0.0
 Retrying in 1 seconds
[shaping_diag] success_cum_shaping=282.39 T=207 d_init=94.1 d_final=0.0
 Retrying in 1 seconds
[shaping_diag] success_cum_shaping=282.39 T=239 d_init=94.1 d_final=0.0
 Retrying in 1 seconds
[shaping_diag] success_cum_shaping=282.39 T=207 d_init=94.1 d_final=0.0
 Retrying in 1 seconds
[shaping_diag] success_cum_shaping=282.39 T=225 d_init=94.1 d_final=0.0
 Retrying in 1 seconds
 Retrying in 1 seconds
[shaping_diag] success_cum_shaping=282.39 T=200 d_init=94.1 d_final=0.0
 Retrying in 1 seconds
[shaping_diag] success_cum_shaping=282.39 T=213 d_init=94.1 d_final=0.0
 Retrying in 1 seconds
[shaping_diag] success_cum_shaping=282.39 T=191 d_init=94.1 d_final=0.0
 Retrying in 1 seconds
[shaping_diag] success_cum_shaping=282.39 T=197 d_init=94.1 d_final=0.0
 Retrying in 1 seconds
[shaping_diag] success_cum_shaping=282.39 T=199 d_init=94.1 d_final=0.0
 Retrying in 1 seconds
[shaping_diag] success_cum_shaping=282.39 T=201 d_init=94.1 d_final=0.0
 Retrying in 1 seconds
[shaping_diag] success_cum_shaping=282.39 T=239 d_init=94.1 d_final=0.0
 Retrying in 1 seconds
[shaping_diag] success_cum_shaping=282.39 T=225 d_init=94.1 d_final=0.0
 Retrying in 1 seconds
[shaping_diag] success_cum_shaping=282.39 T=217 d_init=94.1 d_final=0.0
 Retrying in 1 seconds
[shaping_diag] success_cum_shaping=282.39 T=190 d_init=94.1 d_final=0.0
 Retrying in 1 seconds
[shaping_diag] success_cum_shaping=282.39 T=194 d_init=94.1 d_final=0.0
 Retrying in 1 seconds
[shaping_diag] success_cum_shaping=282.39 T=214 d_init=94.1 d_final=0.0
 Retrying in 1 seconds
[shaping_diag] success_cum_shaping=282.39 T=170 d_init=94.1 d_final=0.0
 Retrying in 1 seconds
[shaping_diag] success_cum_shaping=282.39 T=224 d_init=94.1 d_final=0.0
 Retrying in 1 seconds
[shaping_diag] success_cum_shaping=282.39 T=225 d_init=94.1 d_final=0.0
 Retrying in 1 seconds
[shaping_diag] success_cum_shaping=282.39 T=205 d_init=94.1 d_final=0.0
 Retrying in 1 seconds
[shaping_diag] success_cum_shaping=282.39 T=217 d_init=94.1 d_final=0.0
 Retrying in 1 seconds
[shaping_diag] success_cum_shaping=282.39 T=167 d_init=94.1 d_final=0.0
 Retrying in 1 seconds
[shaping_diag] success_cum_shaping=282.39 T=183 d_init=94.1 d_final=0.0
 Retrying in 1 seconds
[shaping_diag] success_cum_shaping=282.39 T=189 d_init=94.1 d_final=0.0
 Retrying in 1 seconds
 Retrying in 1 seconds
[shaping_diag] success_cum_shaping=282.39 T=163 d_init=94.1 d_final=0.0
 Retrying in 1 seconds
[shaping_diag] success_cum_shaping=282.39 T=205 d_init=94.1 d_final=0.0
 Retrying in 1 seconds
[shaping_diag] success_cum_shaping=282.39 T=173 d_init=94.1 d_final=0.0
 Retrying in 1 seconds
[shaping_diag] success_cum_shaping=282.39 T=198 d_init=94.1 d_final=0.0
 Retrying in 1 seconds
[shaping_diag] success_cum_shaping=282.39 T=193 d_init=94.1 d_final=0.0
 Retrying in 1 seconds
[shaping_diag] success_cum_shaping=282.39 T=204 d_init=94.1 d_final=0.0
 Retrying in 1 seconds
[shaping_diag] success_cum_shaping=282.39 T=163 d_init=94.1 d_final=0.0
 Retrying in 1 seconds
[shaping_diag] success_cum_shaping=282.39 T=191 d_init=94.1 d_final=0.0
 Retrying in 1 seconds
[shaping_diag] success_cum_shaping=282.39 T=223 d_init=94.1 d_final=0.0
 Retrying in 1 seconds
[shaping_diag] success_cum_shaping=282.39 T=174 d_init=94.1 d_final=0.0
 Retrying in 1 seconds
[shaping_diag] success_cum_shaping=282.39 T=174 d_init=94.1 d_final=0.0
 Retrying in 1 seconds
[shaping_diag] success_cum_shaping=282.39 T=159 d_init=94.1 d_final=0.0
 Retrying in 1 seconds
[shaping_diag] success_cum_shaping=282.39 T=219 d_init=94.1 d_final=0.0
 Retrying in 1 seconds
[shaping_diag] success_cum_shaping=282.39 T=204 d_init=94.1 d_final=0.0
 Retrying in 1 seconds
[shaping_diag] success_cum_shaping=282.39 T=167 d_init=94.1 d_final=0.0
 Retrying in 1 seconds
[shaping_diag] success_cum_shaping=282.39 T=217 d_init=94.1 d_final=0.0
 Retrying in 1 seconds
[shaping_diag] success_cum_shaping=282.39 T=172 d_init=94.1 d_final=0.0
 Retrying in 1 seconds
[shaping_diag] success_cum_shaping=282.39 T=163 d_init=94.1 d_final=0.0
 Retrying in 1 seconds
[shaping_diag] success_cum_shaping=282.39 T=208 d_init=94.1 d_final=0.0
 Retrying in 1 seconds
[shaping_diag] success_cum_shaping=282.39 T=180 d_init=94.1 d_final=0.0
 Retrying in 1 seconds
[shaping_diag] success_cum_shaping=282.39 T=181 d_init=94.1 d_final=0.0
 Retrying in 1 seconds
[shaping_diag] success_cum_shaping=282.39 T=164 d_init=94.1 d_final=0.0
 Retrying in 1 seconds
 Retrying in 1 seconds
[shaping_diag] success_cum_shaping=282.39 T=190 d_init=94.1 d_final=0.0
 Retrying in 1 seconds
[shaping_diag] success_cum_shaping=282.39 T=190 d_init=94.1 d_final=0.0
 Retrying in 1 seconds
[shaping_diag] success_cum_shaping=282.39 T=174 d_init=94.1 d_final=0.0
 Retrying in 1 seconds
[shaping_diag] success_cum_shaping=282.39 T=187 d_init=94.1 d_final=0.0
 Retrying in 1 seconds
[shaping_diag] success_cum_shaping=282.39 T=210 d_init=94.1 d_final=0.0
 Retrying in 1 seconds
[shaping_diag] success_cum_shaping=282.39 T=170 d_init=94.1 d_final=0.0
 Retrying in 1 seconds
[shaping_diag] success_cum_shaping=282.39 T=200 d_init=94.1 d_final=0.0
 Retrying in 1 seconds
[shaping_diag] success_cum_shaping=282.39 T=153 d_init=94.1 d_final=0.0
 Retrying in 1 seconds
[shaping_diag] success_cum_shaping=282.39 T=145 d_init=94.1 d_final=0.0
 Retrying in 1 seconds
[shaping_diag] success_cum_shaping=282.39 T=195 d_init=94.1 d_final=0.0
 Retrying in 1 seconds
[shaping_diag] success_cum_shaping=282.39 T=192 d_init=94.1 d_final=0.0
 Retrying in 1 seconds
[shaping_diag] success_cum_shaping=282.39 T=199 d_init=94.1 d_final=0.0
 Retrying in 1 seconds
[shaping_diag] success_cum_shaping=282.39 T=179 d_init=94.1 d_final=0.0
 Retrying in 1 seconds
[shaping_diag] success_cum_shaping=282.39 T=171 d_init=94.1 d_final=0.0
 Retrying in 1 seconds
[shaping_diag] success_cum_shaping=282.39 T=208 d_init=94.1 d_final=0.0
 Retrying in 1 seconds
[shaping_diag] success_cum_shaping=282.39 T=194 d_init=94.1 d_final=0.0
 Retrying in 1 seconds
[shaping_diag] success_cum_shaping=282.39 T=206 d_init=94.1 d_final=0.0
 Retrying in 1 seconds
[shaping_diag] success_cum_shaping=282.39 T=193 d_init=94.1 d_final=0.0
 Retrying in 1 seconds
[shaping_diag] success_cum_shaping=282.39 T=169 d_init=94.1 d_final=0.0
 Retrying in 1 seconds
[shaping_diag] success_cum_shaping=282.39 T=188 d_init=94.1 d_final=0.0
 Retrying in 1 seconds
[shaping_diag] success_cum_shaping=282.39 T=186 d_init=94.1 d_final=0.0
 Retrying in 1 seconds
[shaping_diag] success_cum_shaping=282.39 T=186 d_init=94.1 d_final=0.0
 Retrying in 1 seconds
 Retrying in 1 seconds
[shaping_diag] success_cum_shaping=282.39 T=103 d_init=94.1 d_final=0.0
 Retrying in 1 seconds
[shaping_diag] success_cum_shaping=282.39 T=102 d_init=94.1 d_final=0.0
 Retrying in 1 seconds
[shaping_diag] success_cum_shaping=282.39 T=103 d_init=94.1 d_final=0.0
 Retrying in 1 seconds
[shaping_diag] success_cum_shaping=282.39 T=103 d_init=94.1 d_final=0.0
 Retrying in 1 seconds
[shaping_diag] success_cum_shaping=282.39 T=103 d_init=94.1 d_final=0.0
 Retrying in 1 seconds
[shaping_diag] success_cum_shaping=282.39 T=102 d_init=94.1 d_final=0.0
 Retrying in 1 seconds
[shaping_diag] success_cum_shaping=282.39 T=102 d_init=94.1 d_final=0.0
 Retrying in 1 seconds
[shaping_diag] success_cum_shaping=282.39 T=103 d_init=94.1 d_final=0.0
 Retrying in 1 seconds
[shaping_diag] success_cum_shaping=282.39 T=104 d_init=94.1 d_final=0.0
 Retrying in 1 seconds
[shaping_diag] success_cum_shaping=282.39 T=102 d_init=94.1 d_final=0.0
[cbf_aux] step=86016 ret=500.79 coll=0 ttc=5.59 cbf_res=0.0000
 Retrying in 1 seconds
[shaping_diag] success_cum_shaping=282.39 T=158 d_init=94.1 d_final=0.0
 Retrying in 1 seconds
[shaping_diag] success_cum_shaping=282.39 T=203 d_init=94.1 d_final=0.0
 Retrying in 1 seconds
[shaping_diag] success_cum_shaping=282.39 T=216 d_init=94.1 d_final=0.0
 Retrying in 1 seconds
[shaping_diag] success_cum_shaping=282.39 T=150 d_init=94.1 d_final=0.0
 Retrying in 1 seconds
[shaping_diag] success_cum_shaping=282.39 T=158 d_init=94.1 d_final=0.0
 Retrying in 1 seconds
[shaping_diag] success_cum_shaping=282.39 T=120 d_init=94.1 d_final=0.0
 Retrying in 1 seconds
[shaping_diag] success_cum_shaping=282.39 T=216 d_init=94.1 d_final=0.0
 Retrying in 1 seconds
[shaping_diag] success_cum_shaping=282.39 T=182 d_init=94.1 d_final=0.0
 Retrying in 1 seconds
[shaping_diag] success_cum_shaping=282.39 T=137 d_init=94.1 d_final=0.0
 Retrying in 1 seconds
[shaping_diag] success_cum_shaping=282.39 T=179 d_init=94.1 d_final=0.0
 Retrying in 1 seconds
[shaping_diag] success_cum_shaping=282.39 T=183 d_init=94.1 d_final=0.0
 Retrying in 1 seconds
[shaping_diag] success_cum_shaping=282.39 T=187 d_init=94.1 d_final=0.0
 Retrying in 1 seconds
[shaping_diag] success_cum_shaping=282.39 T=192 d_init=94.1 d_final=0.0
 Retrying in 1 seconds
[shaping_diag] success_cum_shaping=282.39 T=163 d_init=94.1 d_final=0.0
 Retrying in 1 seconds
[shaping_diag] success_cum_shaping=282.39 T=222 d_init=94.1 d_final=0.0
 Retrying in 1 seconds
[shaping_diag] success_cum_shaping=282.39 T=188 d_init=94.1 d_final=0.0
 Retrying in 1 seconds
[shaping_diag] success_cum_shaping=282.39 T=202 d_init=94.1 d_final=0.0
 Retrying in 1 seconds
[shaping_diag] success_cum_shaping=282.39 T=202 d_init=94.1 d_final=0.0
 Retrying in 1 seconds
[shaping_diag] success_cum_shaping=282.39 T=203 d_init=94.1 d_final=0.0
 Retrying in 1 seconds
[shaping_diag] success_cum_shaping=282.39 T=156 d_init=94.1 d_final=0.0
 Retrying in 1 seconds
[shaping_diag] success_cum_shaping=282.39 T=191 d_init=94.1 d_final=0.0
 Retrying in 1 seconds
[shaping_diag] success_cum_shaping=282.39 T=158 d_init=94.1 d_final=0.0
 Retrying in 1 seconds
 Retrying in 1 seconds
[shaping_diag] success_cum_shaping=282.39 T=188 d_init=94.1 d_final=0.0
 Retrying in 1 seconds
[shaping_diag] success_cum_shaping=282.39 T=192 d_init=94.1 d_final=0.0
Warning: Vehicle 'other' performs emergency braking on lane ':center_8_0' with decel=9.00, wished=4.00, severity=1.00, time=9.60.
Warning: Vehicle 'ego'; junction collision with vehicle 'other', lane=':center_4_0', gap=-1.00, time=9.90 stage=move.
Warning: Vehicle 'other2' performs emergency braking on lane ':center_8_0' with decel=9.00, wished=6.00, severity=1.00, time=9.60.
 Retrying in 1 seconds
 Retrying in 1 seconds
[shaping_diag] success_cum_shaping=282.39 T=128 d_init=94.1 d_final=0.0
 Retrying in 1 seconds
[shaping_diag] success_cum_shaping=282.39 T=140 d_init=94.1 d_final=0.0
 Retrying in 1 seconds
[shaping_diag] success_cum_shaping=282.39 T=186 d_init=94.1 d_final=0.0
 Retrying in 1 seconds
[shaping_diag] success_cum_shaping=282.39 T=176 d_init=94.1 d_final=0.0
 Retrying in 1 seconds
[shaping_diag] success_cum_shaping=282.39 T=174 d_init=94.1 d_final=0.0
 Retrying in 1 seconds
[shaping_diag] success_cum_shaping=282.39 T=161 d_init=94.1 d_final=0.0
 Retrying in 1 seconds
[shaping_diag] success_cum_shaping=282.39 T=165 d_init=94.1 d_final=0.0
 Retrying in 1 seconds
[shaping_diag] success_cum_shaping=282.39 T=182 d_init=94.1 d_final=0.0
 Retrying in 1 seconds
[shaping_diag] success_cum_shaping=282.39 T=125 d_init=94.1 d_final=0.0
 Retrying in 1 seconds
[shaping_diag] success_cum_shaping=282.39 T=210 d_init=94.1 d_final=0.0
 Retrying in 1 seconds
[shaping_diag] success_cum_shaping=282.39 T=132 d_init=94.1 d_final=0.0
 Retrying in 1 seconds
[shaping_diag] success_cum_shaping=282.39 T=185 d_init=94.1 d_final=0.0
 Retrying in 1 seconds
[shaping_diag] success_cum_shaping=282.39 T=189 d_init=94.1 d_final=0.0
 Retrying in 1 seconds
[shaping_diag] success_cum_shaping=282.39 T=171 d_init=94.1 d_final=0.0
 Retrying in 1 seconds
[shaping_diag] success_cum_shaping=282.39 T=169 d_init=94.1 d_final=0.0
 Retrying in 1 seconds
[shaping_diag] success_cum_shaping=282.39 T=152 d_init=94.1 d_final=0.0
 Retrying in 1 seconds
[shaping_diag] success_cum_shaping=282.39 T=176 d_init=94.1 d_final=0.0
 Retrying in 1 seconds
[shaping_diag] success_cum_shaping=282.39 T=170 d_init=94.1 d_final=0.0
 Retrying in 1 seconds
[shaping_diag] success_cum_shaping=282.39 T=186 d_init=94.1 d_final=0.0
 Retrying in 1 seconds
[shaping_diag] success_cum_shaping=282.39 T=132 d_init=94.1 d_final=0.0
Warning: Vehicle 'other2' performs emergency braking on lane ':center_8_0' with decel=9.00, wished=7.00, severity=1.00, time=11.80.
 Retrying in 1 seconds
 Retrying in 1 seconds
[shaping_diag] success_cum_shaping=282.39 T=178 d_init=94.1 d_final=0.0
 Retrying in 1 seconds
 Retrying in 1 seconds
[shaping_diag] success_cum_shaping=282.39 T=130 d_init=94.1 d_final=0.0
 Retrying in 1 seconds
[shaping_diag] success_cum_shaping=282.39 T=128 d_init=94.1 d_final=0.0
 Retrying in 1 seconds
[shaping_diag] success_cum_shaping=282.39 T=120 d_init=94.1 d_final=0.0
 Retrying in 1 seconds
[shaping_diag] success_cum_shaping=282.39 T=164 d_init=94.1 d_final=0.0
 Retrying in 1 seconds
[shaping_diag] success_cum_shaping=282.39 T=122 d_init=94.1 d_final=0.0
 Retrying in 1 seconds
[shaping_diag] success_cum_shaping=282.39 T=116 d_init=94.1 d_final=0.0
 Retrying in 1 seconds
[shaping_diag] success_cum_shaping=282.39 T=170 d_init=94.1 d_final=0.0
 Retrying in 1 seconds
[shaping_diag] success_cum_shaping=282.39 T=139 d_init=94.1 d_final=0.0
 Retrying in 1 seconds
[shaping_diag] success_cum_shaping=282.39 T=120 d_init=94.1 d_final=0.0
 Retrying in 1 seconds
[shaping_diag] success_cum_shaping=282.39 T=128 d_init=94.1 d_final=0.0
 Retrying in 1 seconds
[shaping_diag] success_cum_shaping=282.39 T=204 d_init=94.1 d_final=0.0
 Retrying in 1 seconds
[shaping_diag] success_cum_shaping=282.39 T=172 d_init=94.1 d_final=0.0
 Retrying in 1 seconds
[shaping_diag] success_cum_shaping=282.39 T=185 d_init=94.1 d_final=0.0
 Retrying in 1 seconds
[shaping_diag] success_cum_shaping=282.39 T=120 d_init=94.1 d_final=0.0
 Retrying in 1 seconds
[shaping_diag] success_cum_shaping=282.39 T=138 d_init=94.1 d_final=0.0
 Retrying in 1 seconds
[shaping_diag] success_cum_shaping=282.39 T=120 d_init=94.1 d_final=0.0
 Retrying in 1 seconds
[shaping_diag] success_cum_shaping=282.39 T=170 d_init=94.1 d_final=0.0
 Retrying in 1 seconds
[shaping_diag] success_cum_shaping=282.39 T=116 d_init=94.1 d_final=0.0
 Retrying in 1 seconds
[shaping_diag] success_cum_shaping=282.39 T=177 d_init=94.1 d_final=0.0
 Retrying in 1 seconds
[shaping_diag] success_cum_shaping=282.39 T=122 d_init=94.1 d_final=0.0
 Retrying in 1 seconds
[shaping_diag] success_cum_shaping=282.39 T=131 d_init=94.1 d_final=0.0
 Retrying in 1 seconds
[shaping_diag] success_cum_shaping=282.39 T=177 d_init=94.1 d_final=0.0
 Retrying in 1 seconds
[shaping_diag] success_cum_shaping=282.39 T=135 d_init=94.1 d_final=0.0
 Retrying in 1 seconds
[shaping_diag] success_cum_shaping=282.39 T=134 d_init=94.1 d_final=0.0
 Retrying in 1 seconds
[shaping_diag] success_cum_shaping=282.39 T=118 d_init=94.1 d_final=0.0
 Retrying in 1 seconds
[shaping_diag] success_cum_shaping=282.39 T=130 d_init=94.1 d_final=0.0
Warning: Vehicle 'other' performs emergency braking on lane ':center_8_0' with decel=9.00, wished=4.00, severity=1.00, time=9.30.
Warning: Vehicle 'ego'; junction collision with vehicle 'other', lane=':center_4_0', gap=-1.00, time=9.60 stage=move.
 Retrying in 1 seconds
 Retrying in 1 seconds
[shaping_diag] success_cum_shaping=282.39 T=123 d_init=94.1 d_final=0.0
 Retrying in 1 seconds
 Retrying in 1 seconds
[shaping_diag] success_cum_shaping=282.39 T=188 d_init=94.1 d_final=0.0
 Retrying in 1 seconds
[shaping_diag] success_cum_shaping=282.39 T=125 d_init=94.1 d_final=0.0
 Retrying in 1 seconds
[shaping_diag] success_cum_shaping=282.39 T=124 d_init=94.1 d_final=0.0
 Retrying in 1 seconds
[shaping_diag] success_cum_shaping=282.39 T=119 d_init=94.1 d_final=0.0
 Retrying in 1 seconds
[shaping_diag] success_cum_shaping=282.39 T=124 d_init=94.1 d_final=0.0
 Retrying in 1 seconds
[shaping_diag] success_cum_shaping=282.39 T=130 d_init=94.1 d_final=0.0
 Retrying in 1 seconds
[shaping_diag] success_cum_shaping=282.39 T=129 d_init=94.1 d_final=0.0
 Retrying in 1 seconds
[shaping_diag] success_cum_shaping=282.39 T=118 d_init=94.1 d_final=0.0
 Retrying in 1 seconds
[shaping_diag] success_cum_shaping=282.39 T=161 d_init=94.1 d_final=0.0
 Retrying in 1 seconds
[shaping_diag] success_cum_shaping=282.39 T=129 d_init=94.1 d_final=0.0
 Retrying in 1 seconds
[shaping_diag] success_cum_shaping=282.39 T=132 d_init=94.1 d_final=0.0
 Retrying in 1 seconds
[shaping_diag] success_cum_shaping=282.39 T=125 d_init=94.1 d_final=0.0
 Retrying in 1 seconds
[shaping_diag] success_cum_shaping=282.39 T=131 d_init=94.1 d_final=0.0
 Retrying in 1 seconds
[shaping_diag] success_cum_shaping=282.39 T=128 d_init=94.1 d_final=0.0
 Retrying in 1 seconds
[shaping_diag] success_cum_shaping=282.39 T=110 d_init=94.1 d_final=0.0
 Retrying in 1 seconds
[shaping_diag] success_cum_shaping=282.39 T=123 d_init=94.1 d_final=0.0
 Retrying in 1 seconds
[shaping_diag] success_cum_shaping=282.39 T=127 d_init=94.1 d_final=0.0
 Retrying in 1 seconds
[shaping_diag] success_cum_shaping=282.39 T=141 d_init=94.1 d_final=0.0
 Retrying in 1 seconds
[shaping_diag] success_cum_shaping=282.39 T=126 d_init=94.1 d_final=0.0
 Retrying in 1 seconds
[shaping_diag] success_cum_shaping=282.39 T=131 d_init=94.1 d_final=0.0
 Retrying in 1 seconds
[shaping_diag] success_cum_shaping=282.39 T=165 d_init=94.1 d_final=0.0
 Retrying in 1 seconds
[shaping_diag] success_cum_shaping=282.39 T=121 d_init=94.1 d_final=0.0
 Retrying in 1 seconds
[shaping_diag] success_cum_shaping=282.39 T=122 d_init=94.1 d_final=0.0
 Retrying in 1 seconds
[shaping_diag] success_cum_shaping=282.39 T=186 d_init=94.1 d_final=0.0
 Retrying in 1 seconds
[shaping_diag] success_cum_shaping=282.39 T=141 d_init=94.1 d_final=0.0
 Retrying in 1 seconds
[shaping_diag] success_cum_shaping=282.39 T=114 d_init=94.1 d_final=0.0
 Retrying in 1 seconds
[shaping_diag] success_cum_shaping=282.39 T=114 d_init=94.1 d_final=0.0
 Retrying in 1 seconds
[shaping_diag] success_cum_shaping=282.39 T=118 d_init=94.1 d_final=0.0
 Retrying in 1 seconds
[shaping_diag] success_cum_shaping=282.39 T=116 d_init=94.1 d_final=0.0
 Retrying in 1 seconds
 Retrying in 1 seconds
[shaping_diag] success_cum_shaping=282.39 T=134 d_init=94.1 d_final=0.0
 Retrying in 1 seconds
 Retrying in 1 seconds
[shaping_diag] success_cum_shaping=282.39 T=111 d_init=94.1 d_final=0.0
 Retrying in 1 seconds
[shaping_diag] success_cum_shaping=282.39 T=128 d_init=94.1 d_final=0.0
 Retrying in 1 seconds
[shaping_diag] success_cum_shaping=282.39 T=119 d_init=94.1 d_final=0.0
 Retrying in 1 seconds
[shaping_diag] success_cum_shaping=282.39 T=121 d_init=94.1 d_final=0.0
 Retrying in 1 seconds
[shaping_diag] success_cum_shaping=282.39 T=119 d_init=94.1 d_final=0.0
 Retrying in 1 seconds
[shaping_diag] success_cum_shaping=282.39 T=126 d_init=94.1 d_final=0.0
Warning: Vehicle 'ego'; collision with vehicle 'other', lane='right_out_0', gap=-0.21, time=13.80 stage=move.
 Retrying in 1 seconds
 Retrying in 1 seconds
[shaping_diag] success_cum_shaping=282.39 T=122 d_init=94.1 d_final=0.0
 Retrying in 1 seconds
[shaping_diag] success_cum_shaping=282.39 T=127 d_init=94.1 d_final=0.0
Warning: Vehicle 'other' performs emergency braking on lane ':center_8_0' with decel=9.00, wished=3.00, severity=1.00, time=9.20.
Warning: Vehicle 'ego'; junction collision with vehicle 'other', lane=':center_4_0', gap=-1.00, time=9.50 stage=move.
 Retrying in 1 seconds
 Retrying in 1 seconds
[shaping_diag] success_cum_shaping=282.39 T=119 d_init=94.1 d_final=0.0
 Retrying in 1 seconds
[shaping_diag] success_cum_shaping=282.39 T=123 d_init=94.1 d_final=0.0
 Retrying in 1 seconds
[shaping_diag] success_cum_shaping=282.39 T=135 d_init=94.1 d_final=0.0
 Retrying in 1 seconds
[shaping_diag] success_cum_shaping=282.39 T=112 d_init=94.1 d_final=0.0
 Retrying in 1 seconds
[shaping_diag] success_cum_shaping=282.39 T=114 d_init=94.1 d_final=0.0
 Retrying in 1 seconds
[shaping_diag] success_cum_shaping=282.39 T=123 d_init=94.1 d_final=0.0
Warning: Vehicle 'other2' performs emergency braking on lane ':center_8_0' with decel=9.00, wished=5.00, severity=1.00, time=9.70.
 Retrying in 1 seconds
[shaping_diag] success_cum_shaping=282.39 T=132 d_init=94.1 d_final=0.0
 Retrying in 1 seconds
[shaping_diag] success_cum_shaping=282.39 T=118 d_init=94.1 d_final=0.0
 Retrying in 1 seconds
[shaping_diag] success_cum_shaping=282.39 T=117 d_init=94.1 d_final=0.0
 Retrying in 1 seconds
[shaping_diag] success_cum_shaping=282.39 T=121 d_init=94.1 d_final=0.0
 Retrying in 1 seconds
[shaping_diag] success_cum_shaping=282.39 T=118 d_init=94.1 d_final=0.0
 Retrying in 1 seconds
[shaping_diag] success_cum_shaping=282.39 T=113 d_init=94.1 d_final=0.0
 Retrying in 1 seconds
[shaping_diag] success_cum_shaping=282.39 T=112 d_init=94.1 d_final=0.0
 Retrying in 1 seconds
[shaping_diag] success_cum_shaping=282.39 T=120 d_init=94.1 d_final=0.0
 Retrying in 1 seconds
[shaping_diag] success_cum_shaping=282.39 T=114 d_init=94.1 d_final=0.0
 Retrying in 1 seconds
[shaping_diag] success_cum_shaping=282.39 T=126 d_init=94.1 d_final=0.0
Warning: Vehicle 'other2' performs emergency braking on lane ':center_8_0' with decel=9.00, wished=6.00, severity=1.00, time=8.50.
 Retrying in 1 seconds
[shaping_diag] success_cum_shaping=282.39 T=119 d_init=94.1 d_final=0.0
 Retrying in 1 seconds
[shaping_diag] success_cum_shaping=282.39 T=118 d_init=94.1 d_final=0.0
 Retrying in 1 seconds
[shaping_diag] success_cum_shaping=282.39 T=130 d_init=94.1 d_final=0.0
Warning: Vehicle 'other2' performs emergency braking on lane ':center_8_0' with decel=9.00, wished=6.00, severity=1.00, time=7.90.
Warning: Vehicle 'ego'; junction collision with vehicle 'other2', lane=':center_4_0', gap=-1.00, time=8.30 stage=move.
 Retrying in 1 seconds
 Retrying in 1 seconds
[shaping_diag] success_cum_shaping=282.39 T=121 d_init=94.1 d_final=0.0
 Retrying in 1 seconds
[shaping_diag] success_cum_shaping=282.39 T=135 d_init=94.1 d_final=0.0
 Retrying in 1 seconds
[shaping_diag] success_cum_shaping=282.39 T=129 d_init=94.1 d_final=0.0
 Retrying in 1 seconds
[shaping_diag] success_cum_shaping=282.39 T=130 d_init=94.1 d_final=0.0
 Retrying in 1 seconds
 Retrying in 1 seconds
[shaping_diag] success_cum_shaping=282.39 T=125 d_init=94.1 d_final=0.0
 Retrying in 1 seconds
[shaping_diag] success_cum_shaping=282.39 T=128 d_init=94.1 d_final=0.0
Warning: Vehicle 'other' performs emergency braking on lane ':center_8_0' with decel=9.00, wished=7.00, severity=1.00, time=7.60.
 Retrying in 1 seconds
[shaping_diag] success_cum_shaping=282.39 T=108 d_init=94.1 d_final=0.0
 Retrying in 1 seconds
[shaping_diag] success_cum_shaping=282.39 T=119 d_init=94.1 d_final=0.0
 Retrying in 1 seconds
[shaping_diag] success_cum_shaping=282.39 T=112 d_init=94.1 d_final=0.0
 Retrying in 1 seconds
[shaping_diag] success_cum_shaping=282.39 T=124 d_init=94.1 d_final=0.0
 Retrying in 1 seconds
[shaping_diag] success_cum_shaping=282.39 T=116 d_init=94.1 d_final=0.0
 Retrying in 1 seconds
[shaping_diag] success_cum_shaping=282.39 T=111 d_init=94.1 d_final=0.0
 Retrying in 1 seconds
[shaping_diag] success_cum_shaping=282.39 T=123 d_init=94.1 d_final=0.0
 Retrying in 1 seconds
[shaping_diag] success_cum_shaping=282.39 T=115 d_init=94.1 d_final=0.0
Warning: Vehicle 'other' performs emergency braking on lane ':center_8_0' with decel=9.00, wished=7.00, severity=1.00, time=7.50.
 Retrying in 1 seconds
[shaping_diag] success_cum_shaping=282.39 T=107 d_init=94.1 d_final=0.0
 Retrying in 1 seconds
[shaping_diag] success_cum_shaping=282.39 T=134 d_init=94.1 d_final=0.0
 Retrying in 1 seconds
[shaping_diag] success_cum_shaping=282.39 T=124 d_init=94.1 d_final=0.0
 Retrying in 1 seconds
[shaping_diag] success_cum_shaping=282.39 T=110 d_init=94.1 d_final=0.0
 Retrying in 1 seconds
[shaping_diag] success_cum_shaping=282.39 T=116 d_init=94.1 d_final=0.0
 Retrying in 1 seconds
[shaping_diag] success_cum_shaping=282.39 T=104 d_init=94.1 d_final=0.0
 Retrying in 1 seconds
[shaping_diag] success_cum_shaping=282.39 T=113 d_init=94.1 d_final=0.0
 Retrying in 1 seconds
[shaping_diag] success_cum_shaping=282.39 T=117 d_init=94.1 d_final=0.0
 Retrying in 1 seconds
[shaping_diag] success_cum_shaping=282.39 T=119 d_init=94.1 d_final=0.0
 Retrying in 1 seconds
[shaping_diag] success_cum_shaping=282.39 T=123 d_init=94.1 d_final=0.0
 Retrying in 1 seconds
[shaping_diag] success_cum_shaping=282.39 T=109 d_init=94.1 d_final=0.0
 Retrying in 1 seconds
[shaping_diag] success_cum_shaping=282.39 T=107 d_init=94.1 d_final=0.0
 Retrying in 1 seconds
[shaping_diag] success_cum_shaping=282.39 T=125 d_init=94.1 d_final=0.0
 Retrying in 1 seconds
[shaping_diag] success_cum_shaping=282.39 T=113 d_init=94.1 d_final=0.0
 Retrying in 1 seconds
[shaping_diag] success_cum_shaping=282.39 T=115 d_init=94.1 d_final=0.0
 Retrying in 1 seconds
[shaping_diag] success_cum_shaping=282.39 T=114 d_init=94.1 d_final=0.0
 Retrying in 1 seconds
[shaping_diag] success_cum_shaping=282.39 T=123 d_init=94.1 d_final=0.0
Warning: Vehicle 'other' performs emergency braking on lane ':center_8_0' with decel=9.00, wished=4.00, severity=1.00, time=9.00.
 Retrying in 1 seconds
 Retrying in 1 seconds
[shaping_diag] success_cum_shaping=282.39 T=111 d_init=94.1 d_final=0.0
 Retrying in 1 seconds
[shaping_diag] success_cum_shaping=282.39 T=128 d_init=94.1 d_final=0.0
 Retrying in 1 seconds
[shaping_diag] success_cum_shaping=282.39 T=114 d_init=94.1 d_final=0.0
 Retrying in 1 seconds
[shaping_diag] success_cum_shaping=282.39 T=113 d_init=94.1 d_final=0.0
 Retrying in 1 seconds
[shaping_diag] success_cum_shaping=282.39 T=116 d_init=94.1 d_final=0.0
 Retrying in 1 seconds
[shaping_diag] success_cum_shaping=282.39 T=113 d_init=94.1 d_final=0.0
 Retrying in 1 seconds
[shaping_diag] success_cum_shaping=282.39 T=114 d_init=94.1 d_final=0.0
Warning: Vehicle 'other' performs emergency braking on lane ':center_8_0' with decel=9.00, wished=7.00, severity=1.00, time=7.40.
 Retrying in 1 seconds
 Retrying in 1 seconds
[shaping_diag] success_cum_shaping=282.39 T=106 d_init=94.1 d_final=0.0
Warning: Vehicle 'other' performs emergency braking on lane ':center_8_0' with decel=9.00, wished=5.00, severity=1.00, time=7.80.
Warning: Vehicle 'ego'; junction collision with vehicle 'other', lane=':center_4_0', gap=-1.00, time=8.10 stage=move.
 Retrying in 1 seconds
 Retrying in 1 seconds
[shaping_diag] success_cum_shaping=282.39 T=114 d_init=94.1 d_final=0.0
 Retrying in 1 seconds
[shaping_diag] success_cum_shaping=282.39 T=113 d_init=94.1 d_final=0.0
 Retrying in 1 seconds
[shaping_diag] success_cum_shaping=282.39 T=115 d_init=94.1 d_final=0.0
Warning: Vehicle 'other' performs emergency braking on lane ':center_8_0' with decel=9.00, wished=5.00, severity=1.00, time=8.00.
 Retrying in 1 seconds
[shaping_diag] success_cum_shaping=282.39 T=112 d_init=94.1 d_final=0.0
Warning: Vehicle 'other' performs emergency braking on lane ':center_8_0' with decel=9.00, wished=5.00, severity=1.00, time=7.60.
Warning: Vehicle 'other'; junction collision with vehicle 'ego', lane=':center_8_0', gap=-1.00, time=7.90 stage=move.
 Retrying in 1 seconds
 Retrying in 1 seconds
[shaping_diag] success_cum_shaping=282.39 T=105 d_init=94.1 d_final=0.0
 Retrying in 1 seconds
[shaping_diag] success_cum_shaping=282.39 T=113 d_init=94.1 d_final=0.0
 Retrying in 1 seconds
[shaping_diag] success_cum_shaping=282.39 T=112 d_init=94.1 d_final=0.0
Warning: Vehicle 'ego'; collision with vehicle 'other', lane='right_out_0', gap=-1.06, time=8.00 stage=move.
 Retrying in 1 seconds
 Retrying in 1 seconds
[shaping_diag] success_cum_shaping=282.39 T=107 d_init=94.1 d_final=0.0
 Retrying in 1 seconds
[shaping_diag] success_cum_shaping=282.39 T=111 d_init=94.1 d_final=0.0
 Retrying in 1 seconds
[shaping_diag] success_cum_shaping=282.39 T=113 d_init=94.1 d_final=0.0
 Retrying in 1 seconds
[shaping_diag] success_cum_shaping=282.39 T=111 d_init=94.1 d_final=0.0
 Retrying in 1 seconds
[shaping_diag] success_cum_shaping=282.39 T=110 d_init=94.1 d_final=0.0
 Retrying in 1 seconds
[shaping_diag] success_cum_shaping=282.39 T=115 d_init=94.1 d_final=0.0
 Retrying in 1 seconds
[shaping_diag] success_cum_shaping=282.39 T=118 d_init=94.1 d_final=0.0
 Retrying in 1 seconds
[shaping_diag] success_cum_shaping=282.39 T=108 d_init=94.1 d_final=0.0
Warning: Vehicle 'other' performs emergency braking on lane ':center_8_0' with decel=9.00, wished=5.00, severity=1.00, time=7.50.
 Retrying in 1 seconds
[shaping_diag] success_cum_shaping=282.39 T=106 d_init=94.1 d_final=0.0
 Retrying in 1 seconds
[shaping_diag] success_cum_shaping=282.39 T=111 d_init=94.1 d_final=0.0
 Retrying in 1 seconds
[shaping_diag] success_cum_shaping=282.39 T=114 d_init=94.1 d_final=0.0
 Retrying in 1 seconds
[shaping_diag] success_cum_shaping=282.39 T=107 d_init=94.1 d_final=0.0
 Retrying in 1 seconds
[shaping_diag] success_cum_shaping=282.39 T=106 d_init=94.1 d_final=0.0
 Retrying in 1 seconds
[shaping_diag] success_cum_shaping=282.39 T=108 d_init=94.1 d_final=0.0
 Retrying in 1 seconds
[shaping_diag] success_cum_shaping=282.39 T=109 d_init=94.1 d_final=0.0
 Retrying in 1 seconds
[shaping_diag] success_cum_shaping=282.39 T=121 d_init=94.1 d_final=0.0
 Retrying in 1 seconds
[shaping_diag] success_cum_shaping=282.39 T=116 d_init=94.1 d_final=0.0
Warning: Vehicle 'ego'; junction collision with vehicle 'other', lane=':center_4_0', gap=-1.00, time=8.00 stage=move.
 Retrying in 1 seconds
 Retrying in 1 seconds
[shaping_diag] success_cum_shaping=282.39 T=110 d_init=94.1 d_final=0.0
 Retrying in 1 seconds
[shaping_diag] success_cum_shaping=282.39 T=109 d_init=94.1 d_final=0.0
 Retrying in 1 seconds
[shaping_diag] success_cum_shaping=282.39 T=115 d_init=94.1 d_final=0.0
 Retrying in 1 seconds
[shaping_diag] success_cum_shaping=282.39 T=108 d_init=94.1 d_final=0.0
 Retrying in 1 seconds
[shaping_diag] success_cum_shaping=282.39 T=104 d_init=94.1 d_final=0.0
 Retrying in 1 seconds
[shaping_diag] success_cum_shaping=282.39 T=108 d_init=94.1 d_final=0.0
 Retrying in 1 seconds
[shaping_diag] success_cum_shaping=282.39 T=112 d_init=94.1 d_final=0.0
 Retrying in 1 seconds
[shaping_diag] success_cum_shaping=282.39 T=124 d_init=94.1 d_final=0.0
 Retrying in 1 seconds
[shaping_diag] success_cum_shaping=282.39 T=105 d_init=94.1 d_final=0.0
 Retrying in 1 seconds
 Retrying in 1 seconds
[shaping_diag] success_cum_shaping=282.39 T=105 d_init=94.1 d_final=0.0
 Retrying in 1 seconds
[shaping_diag] success_cum_shaping=282.39 T=108 d_init=94.1 d_final=0.0
 Retrying in 1 seconds
[shaping_diag] success_cum_shaping=282.39 T=113 d_init=94.1 d_final=0.0
 Retrying in 1 seconds
[shaping_diag] success_cum_shaping=282.39 T=109 d_init=94.1 d_final=0.0
 Retrying in 1 seconds
[shaping_diag] success_cum_shaping=282.39 T=106 d_init=94.1 d_final=0.0
 Retrying in 1 seconds
[shaping_diag] success_cum_shaping=282.39 T=104 d_init=94.1 d_final=0.0
 Retrying in 1 seconds
[shaping_diag] success_cum_shaping=282.39 T=113 d_init=94.1 d_final=0.0
 Retrying in 1 seconds
[shaping_diag] success_cum_shaping=282.39 T=112 d_init=94.1 d_final=0.0
 Retrying in 1 seconds
[shaping_diag] success_cum_shaping=282.39 T=113 d_init=94.1 d_final=0.0
 Retrying in 1 seconds
[shaping_diag] success_cum_shaping=282.39 T=113 d_init=94.1 d_final=0.0
 Retrying in 1 seconds
[shaping_diag] success_cum_shaping=282.39 T=106 d_init=94.1 d_final=0.0
Warning: Vehicle 'other' performs emergency braking on lane ':center_8_0' with decel=9.00, wished=6.00, severity=1.00, time=7.30.
Warning: Vehicle 'other' performs emergency braking on lane ':center_8_0' with decel=9.00, wished=5.00, severity=1.00, time=8.00.
 Retrying in 1 seconds
 Retrying in 1 seconds
[shaping_diag] success_cum_shaping=282.39 T=113 d_init=94.1 d_final=0.0
 Retrying in 1 seconds
[shaping_diag] success_cum_shaping=282.39 T=111 d_init=94.1 d_final=0.0
 Retrying in 1 seconds
[shaping_diag] success_cum_shaping=282.39 T=108 d_init=94.1 d_final=0.0
Warning: Vehicle 'ego'; collision with vehicle 'other', lane='right_out_0', gap=-0.53, time=7.50 stage=move.
 Retrying in 1 seconds
 Retrying in 1 seconds
[shaping_diag] success_cum_shaping=282.39 T=110 d_init=94.1 d_final=0.0
Warning: Vehicle 'ego'; junction collision with vehicle 'other', lane=':center_4_0', gap=-1.00, time=7.70 stage=move.
 Retrying in 1 seconds
 Retrying in 1 seconds
[shaping_diag] success_cum_shaping=282.39 T=104 d_init=94.1 d_final=0.0
 Retrying in 1 seconds
[shaping_diag] success_cum_shaping=282.39 T=109 d_init=94.1 d_final=0.0
 Retrying in 1 seconds
[shaping_diag] success_cum_shaping=282.39 T=105 d_init=94.1 d_final=0.0
 Retrying in 1 seconds
[shaping_diag] success_cum_shaping=282.39 T=119 d_init=94.1 d_final=0.0
 Retrying in 1 seconds
[shaping_diag] success_cum_shaping=282.39 T=108 d_init=94.1 d_final=0.0
 Retrying in 1 seconds
[shaping_diag] success_cum_shaping=282.39 T=107 d_init=94.1 d_final=0.0
 Retrying in 1 seconds
[shaping_diag] success_cum_shaping=282.39 T=106 d_init=94.1 d_final=0.0
 Retrying in 1 seconds
[shaping_diag] success_cum_shaping=282.39 T=112 d_init=94.1 d_final=0.0
 Retrying in 1 seconds
[shaping_diag] success_cum_shaping=282.39 T=111 d_init=94.1 d_final=0.0
 Retrying in 1 seconds
[shaping_diag] success_cum_shaping=282.39 T=104 d_init=94.1 d_final=0.0
 Retrying in 1 seconds
[shaping_diag] success_cum_shaping=282.39 T=104 d_init=94.1 d_final=0.0
 Retrying in 1 seconds
[shaping_diag] success_cum_shaping=282.39 T=104 d_init=94.1 d_final=0.0
 Retrying in 1 seconds
[shaping_diag] success_cum_shaping=282.39 T=104 d_init=94.1 d_final=0.0
 Retrying in 1 seconds
[shaping_diag] success_cum_shaping=282.39 T=111 d_init=94.1 d_final=0.0
Warning: Vehicle 'ego'; junction collision with vehicle 'other', lane=':center_4_0', gap=-1.00, time=8.00 stage=move.
 Retrying in 1 seconds
 Retrying in 1 seconds
[shaping_diag] success_cum_shaping=282.39 T=107 d_init=94.1 d_final=0.0
 Retrying in 1 seconds
[shaping_diag] success_cum_shaping=282.39 T=112 d_init=94.1 d_final=0.0
 Retrying in 1 seconds
[shaping_diag] success_cum_shaping=282.39 T=114 d_init=94.1 d_final=0.0
 Retrying in 1 seconds
[shaping_diag] success_cum_shaping=282.39 T=111 d_init=94.1 d_final=0.0
Warning: Vehicle 'other' performs emergency braking on lane ':center_8_0' with decel=9.00, wished=5.00, severity=1.00, time=7.90.
 Retrying in 1 seconds
[shaping_diag] success_cum_shaping=282.39 T=112 d_init=94.1 d_final=0.0
 Retrying in 1 seconds
 Retrying in 1 seconds
 Retrying in 1 seconds
[shaping_diag] success_cum_shaping=282.39 T=112 d_init=94.1 d_final=0.0
 Retrying in 1 seconds
[shaping_diag] success_cum_shaping=282.39 T=113 d_init=94.1 d_final=0.0
 Retrying in 1 seconds
[shaping_diag] success_cum_shaping=282.39 T=105 d_init=94.1 d_final=0.0
Warning: Vehicle 'other2' performs emergency braking on lane ':center_8_0' with decel=9.00, wished=6.00, severity=1.00, time=8.10.
 Retrying in 1 seconds
[shaping_diag] success_cum_shaping=282.39 T=114 d_init=94.1 d_final=0.0
 Retrying in 1 seconds
[shaping_diag] success_cum_shaping=282.39 T=107 d_init=94.1 d_final=0.0
 Retrying in 1 seconds
[shaping_diag] success_cum_shaping=282.39 T=105 d_init=94.1 d_final=0.0
 Retrying in 1 seconds
[shaping_diag] success_cum_shaping=282.39 T=108 d_init=94.1 d_final=0.0
 Retrying in 1 seconds
[shaping_diag] success_cum_shaping=282.39 T=103 d_init=94.1 d_final=0.0
 Retrying in 1 seconds
[shaping_diag] success_cum_shaping=282.39 T=106 d_init=94.1 d_final=0.0
 Retrying in 1 seconds
[shaping_diag] success_cum_shaping=282.39 T=106 d_init=94.1 d_final=0.0
 Retrying in 1 seconds
[shaping_diag] success_cum_shaping=282.39 T=105 d_init=94.1 d_final=0.0
 Retrying in 1 seconds
[shaping_diag] success_cum_shaping=282.39 T=107 d_init=94.1 d_final=0.0
 Retrying in 1 seconds
[shaping_diag] success_cum_shaping=282.39 T=114 d_init=94.1 d_final=0.0
 Retrying in 1 seconds
[shaping_diag] success_cum_shaping=282.39 T=108 d_init=94.1 d_final=0.0
Warning: Vehicle 'ego'; collision with vehicle 'other', lane='right_out_0', gap=-1.39, time=7.80 stage=move.
 Retrying in 1 seconds
 Retrying in 1 seconds
[shaping_diag] success_cum_shaping=282.39 T=107 d_init=94.1 d_final=0.0
 Retrying in 1 seconds
[shaping_diag] success_cum_shaping=282.39 T=107 d_init=94.1 d_final=0.0
 Retrying in 1 seconds
[shaping_diag] success_cum_shaping=282.39 T=108 d_init=94.1 d_final=0.0
 Retrying in 1 seconds
[shaping_diag] success_cum_shaping=282.39 T=106 d_init=94.1 d_final=0.0
 Retrying in 1 seconds
[shaping_diag] success_cum_shaping=282.39 T=114 d_init=94.1 d_final=0.0
 Retrying in 1 seconds
[shaping_diag] success_cum_shaping=282.39 T=106 d_init=94.1 d_final=0.0
 Retrying in 1 seconds
[shaping_diag] success_cum_shaping=282.39 T=115 d_init=94.1 d_final=0.0
Warning: Vehicle 'other' performs emergency braking on lane ':center_8_0' with decel=9.00, wished=5.00, severity=1.00, time=7.70.
 Retrying in 1 seconds
 Retrying in 1 seconds
[shaping_diag] success_cum_shaping=282.39 T=110 d_init=94.1 d_final=0.0
 Retrying in 1 seconds
[shaping_diag] success_cum_shaping=282.39 T=110 d_init=94.1 d_final=0.0
 Retrying in 1 seconds
 Retrying in 1 seconds
[shaping_diag] success_cum_shaping=282.39 T=113 d_init=94.1 d_final=0.0
 Retrying in 1 seconds
[shaping_diag] success_cum_shaping=282.39 T=107 d_init=94.1 d_final=0.0
 Retrying in 1 seconds
[shaping_diag] success_cum_shaping=282.39 T=108 d_init=94.1 d_final=0.0
 Retrying in 1 seconds
[shaping_diag] success_cum_shaping=282.39 T=106 d_init=94.1 d_final=0.0
 Retrying in 1 seconds
[shaping_diag] success_cum_shaping=282.39 T=107 d_init=94.1 d_final=0.0
 Retrying in 1 seconds
[shaping_diag] success_cum_shaping=282.39 T=112 d_init=94.1 d_final=0.0
 Retrying in 1 seconds
[shaping_diag] success_cum_shaping=282.39 T=108 d_init=94.1 d_final=0.0
 Retrying in 1 seconds
[shaping_diag] success_cum_shaping=282.39 T=113 d_init=94.1 d_final=0.0
 Retrying in 1 seconds
[shaping_diag] success_cum_shaping=282.39 T=110 d_init=94.1 d_final=0.0
 Retrying in 1 seconds
[shaping_diag] success_cum_shaping=282.39 T=105 d_init=94.1 d_final=0.0
Warning: Vehicle 'other' performs emergency braking on lane ':center_8_0' with decel=9.00, wished=5.00, severity=1.00, time=7.70.
Warning: Vehicle 'ego'; junction collision with vehicle 'other', lane=':center_4_0', gap=-1.00, time=8.00 stage=move.
 Retrying in 1 seconds
 Retrying in 1 seconds
[shaping_diag] success_cum_shaping=282.39 T=106 d_init=94.1 d_final=0.0
 Retrying in 1 seconds
 Retrying in 1 seconds
[shaping_diag] success_cum_shaping=282.39 T=112 d_init=94.1 d_final=0.0
 Retrying in 1 seconds
[shaping_diag] success_cum_shaping=282.39 T=103 d_init=94.1 d_final=0.0
 Retrying in 1 seconds
[shaping_diag] success_cum_shaping=282.39 T=107 d_init=94.1 d_final=0.0
 Retrying in 1 seconds
[shaping_diag] success_cum_shaping=282.39 T=109 d_init=94.1 d_final=0.0
 Retrying in 1 seconds
[shaping_diag] success_cum_shaping=282.39 T=115 d_init=94.1 d_final=0.0
 Retrying in 1 seconds
[shaping_diag] success_cum_shaping=282.39 T=108 d_init=94.1 d_final=0.0
 Retrying in 1 seconds
[shaping_diag] success_cum_shaping=282.39 T=107 d_init=94.1 d_final=0.0
 Retrying in 1 seconds
[shaping_diag] success_cum_shaping=282.39 T=113 d_init=94.1 d_final=0.0
 Retrying in 1 seconds
[shaping_diag] success_cum_shaping=282.39 T=103 d_init=94.1 d_final=0.0
 Retrying in 1 seconds
[shaping_diag] success_cum_shaping=282.39 T=106 d_init=94.1 d_final=0.0
 Retrying in 1 seconds
[shaping_diag] success_cum_shaping=282.39 T=108 d_init=94.1 d_final=0.0
 Retrying in 1 seconds
[shaping_diag] success_cum_shaping=282.39 T=104 d_init=94.1 d_final=0.0
 Retrying in 1 seconds
[shaping_diag] success_cum_shaping=282.39 T=113 d_init=94.1 d_final=0.0
 Retrying in 1 seconds
[shaping_diag] success_cum_shaping=282.39 T=111 d_init=94.1 d_final=0.0
 Retrying in 1 seconds
[shaping_diag] success_cum_shaping=282.39 T=113 d_init=94.1 d_final=0.0
 Retrying in 1 seconds
[shaping_diag] success_cum_shaping=282.39 T=110 d_init=94.1 d_final=0.0
 Retrying in 1 seconds
[shaping_diag] success_cum_shaping=282.39 T=105 d_init=94.1 d_final=0.0
 Retrying in 1 seconds
[shaping_diag] success_cum_shaping=282.39 T=107 d_init=94.1 d_final=0.0
 Retrying in 1 seconds
[shaping_diag] success_cum_shaping=282.39 T=108 d_init=94.1 d_final=0.0
 Retrying in 1 seconds
[shaping_diag] success_cum_shaping=282.39 T=104 d_init=94.1 d_final=0.0
 Retrying in 1 seconds
[shaping_diag] success_cum_shaping=282.39 T=107 d_init=94.1 d_final=0.0
 Retrying in 1 seconds
[shaping_diag] success_cum_shaping=282.39 T=106 d_init=94.1 d_final=0.0
 Retrying in 1 seconds
[shaping_diag] success_cum_shaping=282.39 T=106 d_init=94.1 d_final=0.0
 Retrying in 1 seconds
[shaping_diag] success_cum_shaping=282.39 T=107 d_init=94.1 d_final=0.0
 Retrying in 1 seconds
[shaping_diag] success_cum_shaping=282.39 T=108 d_init=94.1 d_final=0.0
 Retrying in 1 seconds
[shaping_diag] success_cum_shaping=282.39 T=110 d_init=94.1 d_final=0.0
 Retrying in 1 seconds
[shaping_diag] success_cum_shaping=282.39 T=112 d_init=94.1 d_final=0.0
 Retrying in 1 seconds
[shaping_diag] success_cum_shaping=282.39 T=112 d_init=94.1 d_final=0.0
 Retrying in 1 seconds
[shaping_diag] success_cum_shaping=282.39 T=117 d_init=94.1 d_final=0.0
 Retrying in 1 seconds
[shaping_diag] success_cum_shaping=282.39 T=104 d_init=94.1 d_final=0.0
Warning: Vehicle 'other' performs emergency braking on lane ':center_8_0' with decel=9.00, wished=5.00, severity=1.00, time=8.00.
 Retrying in 1 seconds
 Retrying in 1 seconds
[shaping_diag] success_cum_shaping=282.39 T=107 d_init=94.1 d_final=0.0
 Retrying in 1 seconds
[shaping_diag] success_cum_shaping=282.39 T=115 d_init=94.1 d_final=0.0
 Retrying in 1 seconds
[shaping_diag] success_cum_shaping=282.39 T=113 d_init=94.1 d_final=0.0
 Retrying in 1 seconds
[shaping_diag] success_cum_shaping=282.39 T=116 d_init=94.1 d_final=0.0
 Retrying in 1 seconds
[shaping_diag] success_cum_shaping=282.39 T=106 d_init=94.1 d_final=0.0
 Retrying in 1 seconds
[shaping_diag] success_cum_shaping=282.39 T=104 d_init=94.1 d_final=0.0
 Retrying in 1 seconds
 Retrying in 1 seconds
[shaping_diag] success_cum_shaping=282.39 T=102 d_init=94.1 d_final=0.0
 Retrying in 1 seconds
[shaping_diag] success_cum_shaping=282.39 T=102 d_init=94.1 d_final=0.0
 Retrying in 1 seconds
[shaping_diag] success_cum_shaping=282.39 T=102 d_init=94.1 d_final=0.0
 Retrying in 1 seconds
[shaping_diag] success_cum_shaping=282.39 T=102 d_init=94.1 d_final=0.0
 Retrying in 1 seconds
[shaping_diag] success_cum_shaping=282.39 T=102 d_init=94.1 d_final=0.0
 Retrying in 1 seconds
[shaping_diag] success_cum_shaping=282.39 T=102 d_init=94.1 d_final=0.0
 Retrying in 1 seconds
[shaping_diag] success_cum_shaping=282.39 T=102 d_init=94.1 d_final=0.0
 Retrying in 1 seconds
[shaping_diag] success_cum_shaping=282.39 T=102 d_init=94.1 d_final=0.0
 Retrying in 1 seconds
[shaping_diag] success_cum_shaping=282.39 T=102 d_init=94.1 d_final=0.0
 Retrying in 1 seconds
[shaping_diag] success_cum_shaping=282.39 T=102 d_init=94.1 d_final=0.0
[cbf_aux] step=126976 ret=473.17 coll=0 ttc=5.65 cbf_res=0.2000
 Retrying in 1 seconds
[shaping_diag] success_cum_shaping=282.39 T=107 d_init=94.1 d_final=0.0
Warning: Vehicle 'other' performs emergency braking on lane ':center_8_0' with decel=9.00, wished=5.00, severity=1.00, time=7.20.
 Retrying in 1 seconds
[shaping_diag] success_cum_shaping=282.39 T=104 d_init=94.1 d_final=0.0
 Retrying in 1 seconds
[shaping_diag] success_cum_shaping=282.39 T=103 d_init=94.1 d_final=0.0
 Retrying in 1 seconds
[shaping_diag] success_cum_shaping=282.39 T=108 d_init=94.1 d_final=0.0
 Retrying in 1 seconds
[shaping_diag] success_cum_shaping=282.39 T=106 d_init=94.1 d_final=0.0
 Retrying in 1 seconds
[shaping_diag] success_cum_shaping=282.39 T=106 d_init=94.1 d_final=0.0
 Retrying in 1 seconds
[shaping_diag] success_cum_shaping=282.39 T=108 d_init=94.1 d_final=0.0
Warning: Vehicle 'ego'; junction collision with vehicle 'other', lane=':center_4_0', gap=-1.00, time=7.80 stage=move.
 Retrying in 1 seconds
 Retrying in 1 seconds
[shaping_diag] success_cum_shaping=282.39 T=116 d_init=94.1 d_final=0.0
 Retrying in 1 seconds
[shaping_diag] success_cum_shaping=282.39 T=104 d_init=94.1 d_final=0.0
 Retrying in 1 seconds
[shaping_diag] success_cum_shaping=282.39 T=106 d_init=94.1 d_final=0.0
 Retrying in 1 seconds
[shaping_diag] success_cum_shaping=282.39 T=114 d_init=94.1 d_final=0.0
 Retrying in 1 seconds
[shaping_diag] success_cum_shaping=282.39 T=105 d_init=94.1 d_final=0.0
 Retrying in 1 seconds
[shaping_diag] success_cum_shaping=282.39 T=105 d_init=94.1 d_final=0.0
 Retrying in 1 seconds
[shaping_diag] success_cum_shaping=282.39 T=108 d_init=94.1 d_final=0.0
 Retrying in 1 seconds
[shaping_diag] success_cum_shaping=282.39 T=107 d_init=94.1 d_final=0.0
 Retrying in 1 seconds
[shaping_diag] success_cum_shaping=282.39 T=107 d_init=94.1 d_final=0.0
 Retrying in 1 seconds
[shaping_diag] success_cum_shaping=282.39 T=111 d_init=94.1 d_final=0.0
 Retrying in 1 seconds
[shaping_diag] success_cum_shaping=282.39 T=110 d_init=94.1 d_final=0.0
 Retrying in 1 seconds
[shaping_diag] success_cum_shaping=282.39 T=105 d_init=94.1 d_final=0.0
 Retrying in 1 seconds
[shaping_diag] success_cum_shaping=282.39 T=108 d_init=94.1 d_final=0.0
Warning: Vehicle 'other' performs emergency braking on lane ':center_8_0' with decel=9.00, wished=7.00, severity=1.00, time=7.60.
 Retrying in 1 seconds
 Retrying in 1 seconds
[shaping_diag] success_cum_shaping=282.39 T=105 d_init=94.1 d_final=0.0
 Retrying in 1 seconds
[shaping_diag] success_cum_shaping=282.39 T=104 d_init=94.1 d_final=0.0
 Retrying in 1 seconds
[shaping_diag] success_cum_shaping=282.39 T=112 d_init=94.1 d_final=0.0
 Retrying in 1 seconds
[shaping_diag] success_cum_shaping=282.39 T=106 d_init=94.1 d_final=0.0
 Retrying in 1 seconds
[shaping_diag] success_cum_shaping=282.39 T=105 d_init=94.1 d_final=0.0
 Retrying in 1 seconds
[shaping_diag] success_cum_shaping=282.39 T=108 d_init=94.1 d_final=0.0
 Retrying in 1 seconds
[shaping_diag] success_cum_shaping=282.39 T=107 d_init=94.1 d_final=0.0
 Retrying in 1 seconds
[shaping_diag] success_cum_shaping=282.39 T=105 d_init=94.1 d_final=0.0
 Retrying in 1 seconds
[shaping_diag] success_cum_shaping=282.39 T=104 d_init=94.1 d_final=0.0
 Retrying in 1 seconds
[shaping_diag] success_cum_shaping=282.39 T=105 d_init=94.1 d_final=0.0
Warning: Vehicle 'other' performs emergency braking on lane ':center_8_0' with decel=9.00, wished=5.00, severity=1.00, time=7.50.
 Retrying in 1 seconds
[shaping_diag] success_cum_shaping=282.39 T=107 d_init=94.1 d_final=0.0
 Retrying in 1 seconds
[shaping_diag] success_cum_shaping=282.39 T=109 d_init=94.1 d_final=0.0
 Retrying in 1 seconds
[shaping_diag] success_cum_shaping=282.39 T=103 d_init=94.1 d_final=0.0
 Retrying in 1 seconds
[shaping_diag] success_cum_shaping=282.39 T=106 d_init=94.1 d_final=0.0
 Retrying in 1 seconds
[shaping_diag] success_cum_shaping=282.39 T=105 d_init=94.1 d_final=0.0
 Retrying in 1 seconds
[shaping_diag] success_cum_shaping=282.39 T=113 d_init=94.1 d_final=0.0
 Retrying in 1 seconds
 Retrying in 1 seconds
[shaping_diag] success_cum_shaping=282.39 T=105 d_init=94.1 d_final=0.0
 Retrying in 1 seconds
[shaping_diag] success_cum_shaping=282.39 T=103 d_init=94.1 d_final=0.0
 Retrying in 1 seconds
[shaping_diag] success_cum_shaping=282.39 T=107 d_init=94.1 d_final=0.0
 Retrying in 1 seconds
[shaping_diag] success_cum_shaping=282.39 T=104 d_init=94.1 d_final=0.0
 Retrying in 1 seconds
[shaping_diag] success_cum_shaping=282.39 T=107 d_init=94.1 d_final=0.0
 Retrying in 1 seconds
[shaping_diag] success_cum_shaping=282.39 T=109 d_init=94.1 d_final=0.0
 Retrying in 1 seconds
[shaping_diag] success_cum_shaping=282.39 T=107 d_init=94.1 d_final=0.0
 Retrying in 1 seconds
[shaping_diag] success_cum_shaping=282.39 T=106 d_init=94.1 d_final=0.0
 Retrying in 1 seconds
[shaping_diag] success_cum_shaping=282.39 T=106 d_init=94.1 d_final=0.0
 Retrying in 1 seconds
[shaping_diag] success_cum_shaping=282.39 T=108 d_init=94.1 d_final=0.0
 Retrying in 1 seconds
[shaping_diag] success_cum_shaping=282.39 T=107 d_init=94.1 d_final=0.0
 Retrying in 1 seconds
[shaping_diag] success_cum_shaping=282.39 T=106 d_init=94.1 d_final=0.0
 Retrying in 1 seconds
[shaping_diag] success_cum_shaping=282.39 T=104 d_init=94.1 d_final=0.0
 Retrying in 1 seconds
[shaping_diag] success_cum_shaping=282.39 T=105 d_init=94.1 d_final=0.0
 Retrying in 1 seconds
[shaping_diag] success_cum_shaping=282.39 T=103 d_init=94.1 d_final=0.0
 Retrying in 1 seconds
[shaping_diag] success_cum_shaping=282.39 T=113 d_init=94.1 d_final=0.0
Warning: Vehicle 'other' performs emergency braking on lane ':center_8_0' with decel=9.00, wished=5.00, severity=1.00, time=7.40.
 Retrying in 1 seconds
 Retrying in 1 seconds
 Retrying in 1 seconds
[shaping_diag] success_cum_shaping=282.39 T=104 d_init=94.1 d_final=0.0
Warning: Vehicle 'ego'; junction collision with vehicle 'other', lane=':center_4_0', gap=-1.00, time=8.00 stage=move.
 Retrying in 1 seconds
 Retrying in 1 seconds
[shaping_diag] success_cum_shaping=282.39 T=106 d_init=94.1 d_final=0.0
 Retrying in 1 seconds
[shaping_diag] success_cum_shaping=282.39 T=105 d_init=94.1 d_final=0.0
Warning: Vehicle 'other' performs emergency braking on lane ':center_8_0' with decel=9.00, wished=5.00, severity=1.00, time=7.70.
 Retrying in 1 seconds
[shaping_diag] success_cum_shaping=282.39 T=109 d_init=94.1 d_final=0.0
 Retrying in 1 seconds
[shaping_diag] success_cum_shaping=282.39 T=108 d_init=94.1 d_final=0.0
Warning: Vehicle 'ego'; collision with vehicle 'other', lane='right_out_0', gap=-1.84, time=7.50 stage=move.
 Retrying in 1 seconds
 Retrying in 1 seconds
[shaping_diag] success_cum_shaping=282.39 T=104 d_init=94.1 d_final=0.0
 Retrying in 1 seconds
[shaping_diag] success_cum_shaping=282.39 T=110 d_init=94.1 d_final=0.0
 Retrying in 1 seconds
[shaping_diag] success_cum_shaping=282.39 T=104 d_init=94.1 d_final=0.0
Warning: Vehicle 'other' performs emergency braking on lane ':center_8_0' with decel=9.00, wished=7.00, severity=1.00, time=7.50.
 Retrying in 1 seconds
[shaping_diag] success_cum_shaping=282.39 T=107 d_init=94.1 d_final=0.0
 Retrying in 1 seconds
[shaping_diag] success_cum_shaping=282.39 T=108 d_init=94.1 d_final=0.0
Warning: Vehicle 'other' performs emergency braking on lane ':center_8_0' with decel=9.00, wished=5.00, severity=1.00, time=7.50.
 Retrying in 1 seconds
[shaping_diag] success_cum_shaping=282.39 T=107 d_init=94.1 d_final=0.0
 Retrying in 1 seconds
[shaping_diag] success_cum_shaping=282.39 T=103 d_init=94.1 d_final=0.0
 Retrying in 1 seconds
[shaping_diag] success_cum_shaping=282.39 T=105 d_init=94.1 d_final=0.0
 Retrying in 1 seconds
[shaping_diag] success_cum_shaping=282.39 T=107 d_init=94.1 d_final=0.0
Warning: Vehicle 'other' performs emergency braking on lane ':center_8_0' with decel=9.00, wished=5.00, severity=1.00, time=7.30.
 Retrying in 1 seconds
[shaping_diag] success_cum_shaping=282.39 T=105 d_init=94.1 d_final=0.0
 Retrying in 1 seconds
[shaping_diag] success_cum_shaping=282.39 T=106 d_init=94.1 d_final=0.0
 Retrying in 1 seconds
[shaping_diag] success_cum_shaping=282.39 T=103 d_init=94.1 d_final=0.0
 Retrying in 1 seconds
[shaping_diag] success_cum_shaping=282.39 T=105 d_init=94.1 d_final=0.0
 Retrying in 1 seconds
[shaping_diag] success_cum_shaping=282.39 T=108 d_init=94.1 d_final=0.0
Warning: Vehicle 'other' performs emergency braking on lane ':center_8_0' with decel=9.00, wished=5.00, severity=1.00, time=7.30.
 Retrying in 1 seconds
 Retrying in 1 seconds
[shaping_diag] success_cum_shaping=282.39 T=105 d_init=94.1 d_final=0.0
 Retrying in 1 seconds
[shaping_diag] success_cum_shaping=282.39 T=108 d_init=94.1 d_final=0.0
 Retrying in 1 seconds
[shaping_diag] success_cum_shaping=282.39 T=104 d_init=94.1 d_final=0.0
 Retrying in 1 seconds
[shaping_diag] success_cum_shaping=282.39 T=106 d_init=94.1 d_final=0.0
 Retrying in 1 seconds
[shaping_diag] success_cum_shaping=282.39 T=103 d_init=94.1 d_final=0.0
 Retrying in 1 seconds
[shaping_diag] success_cum_shaping=282.39 T=106 d_init=94.1 d_final=0.0
 Retrying in 1 seconds
[shaping_diag] success_cum_shaping=282.39 T=103 d_init=94.1 d_final=0.0
 Retrying in 1 seconds
[shaping_diag] success_cum_shaping=282.39 T=104 d_init=94.1 d_final=0.0
 Retrying in 1 seconds
[shaping_diag] success_cum_shaping=282.39 T=111 d_init=94.1 d_final=0.0
 Retrying in 1 seconds
[shaping_diag] success_cum_shaping=282.39 T=104 d_init=94.1 d_final=0.0
 Retrying in 1 seconds
[shaping_diag] success_cum_shaping=282.39 T=104 d_init=94.1 d_final=0.0
Warning: Vehicle 'other' performs emergency braking on lane ':center_8_0' with decel=9.00, wished=5.00, severity=1.00, time=7.10.
 Retrying in 1 seconds
[shaping_diag] success_cum_shaping=282.39 T=102 d_init=94.1 d_final=0.0
 Retrying in 1 seconds
[shaping_diag] success_cum_shaping=282.39 T=112 d_init=94.1 d_final=0.0
 Retrying in 1 seconds
[shaping_diag] success_cum_shaping=282.39 T=105 d_init=94.1 d_final=0.0
 Retrying in 1 seconds
[shaping_diag] success_cum_shaping=282.39 T=109 d_init=94.1 d_final=0.0
 Retrying in 1 seconds
[shaping_diag] success_cum_shaping=282.39 T=105 d_init=94.1 d_final=0.0
 Retrying in 1 seconds
[shaping_diag] success_cum_shaping=282.39 T=104 d_init=94.1 d_final=0.0
 Retrying in 1 seconds
[shaping_diag] success_cum_shaping=282.39 T=111 d_init=94.1 d_final=0.0
 Retrying in 1 seconds
[shaping_diag] success_cum_shaping=282.39 T=103 d_init=94.1 d_final=0.0
 Retrying in 1 seconds
[shaping_diag] success_cum_shaping=282.39 T=104 d_init=94.1 d_final=0.0
 Retrying in 1 seconds
[shaping_diag] success_cum_shaping=282.39 T=104 d_init=94.1 d_final=0.0
 Retrying in 1 seconds
[shaping_diag] success_cum_shaping=282.39 T=111 d_init=94.1 d_final=0.0
 Retrying in 1 seconds
[shaping_diag] success_cum_shaping=282.39 T=104 d_init=94.1 d_final=0.0
 Retrying in 1 seconds
[shaping_diag] success_cum_shaping=282.39 T=104 d_init=94.1 d_final=0.0
 Retrying in 1 seconds
[shaping_diag] success_cum_shaping=282.39 T=103 d_init=94.1 d_final=0.0
 Retrying in 1 seconds
[shaping_diag] success_cum_shaping=282.39 T=106 d_init=94.1 d_final=0.0
 Retrying in 1 seconds
[shaping_diag] success_cum_shaping=282.39 T=108 d_init=94.1 d_final=0.0
 Retrying in 1 seconds
[shaping_diag] success_cum_shaping=282.39 T=108 d_init=94.1 d_final=0.0
 Retrying in 1 seconds
[shaping_diag] success_cum_shaping=282.39 T=111 d_init=94.1 d_final=0.0
 Retrying in 1 seconds
[shaping_diag] success_cum_shaping=282.39 T=105 d_init=94.1 d_final=0.0
 Retrying in 1 seconds
[shaping_diag] success_cum_shaping=282.39 T=106 d_init=94.1 d_final=0.0
 Retrying in 1 seconds
[shaping_diag] success_cum_shaping=282.39 T=105 d_init=94.1 d_final=0.0
 Retrying in 1 seconds
[shaping_diag] success_cum_shaping=282.39 T=104 d_init=94.1 d_final=0.0
 Retrying in 1 seconds
[shaping_diag] success_cum_shaping=282.39 T=103 d_init=94.1 d_final=0.0
 Retrying in 1 seconds
 Retrying in 1 seconds
[shaping_diag] success_cum_shaping=282.39 T=104 d_init=94.1 d_final=0.0
 Retrying in 1 seconds
[shaping_diag] success_cum_shaping=282.39 T=107 d_init=94.1 d_final=0.0
 Retrying in 1 seconds
[shaping_diag] success_cum_shaping=282.39 T=111 d_init=94.1 d_final=0.0
 Retrying in 1 seconds
 Retrying in 1 seconds
[shaping_diag] success_cum_shaping=282.39 T=105 d_init=94.1 d_final=0.0
 Retrying in 1 seconds
[shaping_diag] success_cum_shaping=282.39 T=108 d_init=94.1 d_final=0.0
 Retrying in 1 seconds
[shaping_diag] success_cum_shaping=282.39 T=103 d_init=94.1 d_final=0.0
 Retrying in 1 seconds
[shaping_diag] success_cum_shaping=282.39 T=106 d_init=94.1 d_final=0.0
 Retrying in 1 seconds
[shaping_diag] success_cum_shaping=282.39 T=107 d_init=94.1 d_final=0.0
 Retrying in 1 seconds
[shaping_diag] success_cum_shaping=282.39 T=106 d_init=94.1 d_final=0.0
 Retrying in 1 seconds
[shaping_diag] success_cum_shaping=282.39 T=106 d_init=94.1 d_final=0.0
 Retrying in 1 seconds
[shaping_diag] success_cum_shaping=282.39 T=108 d_init=94.1 d_final=0.0
 Retrying in 1 seconds
[shaping_diag] success_cum_shaping=282.39 T=111 d_init=94.1 d_final=0.0
 Retrying in 1 seconds
[shaping_diag] success_cum_shaping=282.39 T=105 d_init=94.1 d_final=0.0
 Retrying in 1 seconds
[shaping_diag] success_cum_shaping=282.39 T=106 d_init=94.1 d_final=0.0
 Retrying in 1 seconds
[shaping_diag] success_cum_shaping=282.39 T=104 d_init=94.1 d_final=0.0
 Retrying in 1 seconds
[shaping_diag] success_cum_shaping=282.39 T=107 d_init=94.1 d_final=0.0
 Retrying in 1 seconds
[shaping_diag] success_cum_shaping=282.39 T=103 d_init=94.1 d_final=0.0
 Retrying in 1 seconds
[shaping_diag] success_cum_shaping=282.39 T=106 d_init=94.1 d_final=0.0
 Retrying in 1 seconds
[shaping_diag] success_cum_shaping=282.39 T=105 d_init=94.1 d_final=0.0
 Retrying in 1 seconds
[shaping_diag] success_cum_shaping=282.39 T=103 d_init=94.1 d_final=0.0
 Retrying in 1 seconds
[shaping_diag] success_cum_shaping=282.39 T=106 d_init=94.1 d_final=0.0
 Retrying in 1 seconds
[shaping_diag] success_cum_shaping=282.39 T=105 d_init=94.1 d_final=0.0
 Retrying in 1 seconds
 Retrying in 1 seconds
[shaping_diag] success_cum_shaping=282.39 T=107 d_init=94.1 d_final=0.0
 Retrying in 1 seconds
[shaping_diag] success_cum_shaping=282.39 T=107 d_init=94.1 d_final=0.0
 Retrying in 1 seconds
[shaping_diag] success_cum_shaping=282.39 T=108 d_init=94.1 d_final=0.0
 Retrying in 1 seconds
[shaping_diag] success_cum_shaping=282.39 T=113 d_init=94.1 d_final=0.0
 Retrying in 1 seconds
[shaping_diag] success_cum_shaping=282.39 T=107 d_init=94.1 d_final=0.0
 Retrying in 1 seconds
[shaping_diag] success_cum_shaping=282.39 T=108 d_init=94.1 d_final=0.0
 Retrying in 1 seconds
[shaping_diag] success_cum_shaping=282.39 T=105 d_init=94.1 d_final=0.0
 Retrying in 1 seconds
[shaping_diag] success_cum_shaping=282.39 T=105 d_init=94.1 d_final=0.0
 Retrying in 1 seconds
[shaping_diag] success_cum_shaping=282.39 T=103 d_init=94.1 d_final=0.0
 Retrying in 1 seconds
[shaping_diag] success_cum_shaping=282.39 T=105 d_init=94.1 d_final=0.0
 Retrying in 1 seconds
[shaping_diag] success_cum_shaping=282.39 T=110 d_init=94.1 d_final=0.0
 Retrying in 1 seconds
[shaping_diag] success_cum_shaping=282.39 T=108 d_init=94.1 d_final=0.0
 Retrying in 1 seconds
[shaping_diag] success_cum_shaping=282.39 T=104 d_init=94.1 d_final=0.0
 Retrying in 1 seconds
[shaping_diag] success_cum_shaping=282.39 T=103 d_init=94.1 d_final=0.0
 Retrying in 1 seconds
[shaping_diag] success_cum_shaping=282.39 T=104 d_init=94.1 d_final=0.0
 Retrying in 1 seconds
[shaping_diag] success_cum_shaping=282.39 T=111 d_init=94.1 d_final=0.0
 Retrying in 1 seconds
[shaping_diag] success_cum_shaping=282.39 T=104 d_init=94.1 d_final=0.0
 Retrying in 1 seconds
[shaping_diag] success_cum_shaping=282.39 T=106 d_init=94.1 d_final=0.0
 Retrying in 1 seconds
 Retrying in 1 seconds
[shaping_diag] success_cum_shaping=282.39 T=107 d_init=94.1 d_final=0.0
 Retrying in 1 seconds
[shaping_diag] success_cum_shaping=282.39 T=108 d_init=94.1 d_final=0.0
 Retrying in 1 seconds
[shaping_diag] success_cum_shaping=282.39 T=109 d_init=94.1 d_final=0.0
 Retrying in 1 seconds
[shaping_diag] success_cum_shaping=282.39 T=109 d_init=94.1 d_final=0.0
 Retrying in 1 seconds
[shaping_diag] success_cum_shaping=282.39 T=104 d_init=94.1 d_final=0.0
 Retrying in 1 seconds
[shaping_diag] success_cum_shaping=282.39 T=105 d_init=94.1 d_final=0.0
 Retrying in 1 seconds
[shaping_diag] success_cum_shaping=282.39 T=106 d_init=94.1 d_final=0.0
 Retrying in 1 seconds
[shaping_diag] success_cum_shaping=282.39 T=105 d_init=94.1 d_final=0.0
 Retrying in 1 seconds
 Retrying in 1 seconds
[shaping_diag] success_cum_shaping=282.39 T=106 d_init=94.1 d_final=0.0
 Retrying in 1 seconds
[shaping_diag] success_cum_shaping=282.39 T=105 d_init=94.1 d_final=0.0
 Retrying in 1 seconds
[shaping_diag] success_cum_shaping=282.39 T=106 d_init=94.1 d_final=0.0
 Retrying in 1 seconds
[shaping_diag] success_cum_shaping=282.39 T=112 d_init=94.1 d_final=0.0
 Retrying in 1 seconds
[shaping_diag] success_cum_shaping=282.39 T=105 d_init=94.1 d_final=0.0
Warning: Vehicle 'other' performs emergency braking on lane ':center_8_0' with decel=9.00, wished=5.00, severity=1.00, time=7.70.
 Retrying in 1 seconds
[shaping_diag] success_cum_shaping=282.39 T=110 d_init=94.1 d_final=0.0
Warning: Vehicle 'ego'; junction collision with vehicle 'other', lane=':center_4_0', gap=-1.00, time=7.30 stage=move.
 Retrying in 1 seconds
 Retrying in 1 seconds
[shaping_diag] success_cum_shaping=282.39 T=104 d_init=94.1 d_final=0.0
 Retrying in 1 seconds
[shaping_diag] success_cum_shaping=282.39 T=105 d_init=94.1 d_final=0.0
 Retrying in 1 seconds
[shaping_diag] success_cum_shaping=282.39 T=103 d_init=94.1 d_final=0.0
 Retrying in 1 seconds
[shaping_diag] success_cum_shaping=282.39 T=107 d_init=94.1 d_final=0.0
 Retrying in 1 seconds
[shaping_diag] success_cum_shaping=282.39 T=110 d_init=94.1 d_final=0.0
 Retrying in 1 seconds
[shaping_diag] success_cum_shaping=282.39 T=105 d_init=94.1 d_final=0.0
 Retrying in 1 seconds
[shaping_diag] success_cum_shaping=282.39 T=110 d_init=94.1 d_final=0.0
 Retrying in 1 seconds
[shaping_diag] success_cum_shaping=282.39 T=104 d_init=94.1 d_final=0.0
 Retrying in 1 seconds
[shaping_diag] success_cum_shaping=282.39 T=107 d_init=94.1 d_final=0.0
 Retrying in 1 seconds
[shaping_diag] success_cum_shaping=282.39 T=103 d_init=94.1 d_final=0.0
 Retrying in 1 seconds
[shaping_diag] success_cum_shaping=282.39 T=104 d_init=94.1 d_final=0.0
 Retrying in 1 seconds
[shaping_diag] success_cum_shaping=282.39 T=105 d_init=94.1 d_final=0.0
 Retrying in 1 seconds
[shaping_diag] success_cum_shaping=282.39 T=109 d_init=94.1 d_final=0.0
Warning: Vehicle 'other' performs emergency braking on lane ':center_8_0' with decel=9.00, wished=7.00, severity=1.00, time=7.30.
 Retrying in 1 seconds
[shaping_diag] success_cum_shaping=282.39 T=105 d_init=94.1 d_final=0.0
 Retrying in 1 seconds
[shaping_diag] success_cum_shaping=282.39 T=107 d_init=94.1 d_final=0.0
 Retrying in 1 seconds
[shaping_diag] success_cum_shaping=282.39 T=107 d_init=94.1 d_final=0.0
 Retrying in 1 seconds
[shaping_diag] success_cum_shaping=282.39 T=102 d_init=94.1 d_final=0.0
 Retrying in 1 seconds
[shaping_diag] success_cum_shaping=282.39 T=105 d_init=94.1 d_final=0.0
Warning: Vehicle 'other' performs emergency braking on lane ':center_8_0' with decel=9.00, wished=5.00, severity=1.00, time=7.30.
 Retrying in 1 seconds
[shaping_diag] success_cum_shaping=282.39 T=106 d_init=94.1 d_final=0.0
 Retrying in 1 seconds
[shaping_diag] success_cum_shaping=282.39 T=108 d_init=94.1 d_final=0.0
 Retrying in 1 seconds
[shaping_diag] success_cum_shaping=282.39 T=108 d_init=94.1 d_final=0.0
 Retrying in 1 seconds
[shaping_diag] success_cum_shaping=282.39 T=104 d_init=94.1 d_final=0.0
 Retrying in 1 seconds
[shaping_diag] success_cum_shaping=282.39 T=104 d_init=94.1 d_final=0.0
 Retrying in 1 seconds
 Retrying in 1 seconds
[shaping_diag] success_cum_shaping=282.39 T=113 d_init=94.1 d_final=0.0
 Retrying in 1 seconds
[shaping_diag] success_cum_shaping=282.39 T=104 d_init=94.1 d_final=0.0
 Retrying in 1 seconds
[shaping_diag] success_cum_shaping=282.39 T=109 d_init=94.1 d_final=0.0
 Retrying in 1 seconds
[shaping_diag] success_cum_shaping=282.39 T=103 d_init=94.1 d_final=0.0
 Retrying in 1 seconds
[shaping_diag] success_cum_shaping=282.39 T=112 d_init=94.1 d_final=0.0
 Retrying in 1 seconds
[shaping_diag] success_cum_shaping=282.39 T=107 d_init=94.1 d_final=0.0
 Retrying in 1 seconds
[shaping_diag] success_cum_shaping=282.39 T=106 d_init=94.1 d_final=0.0
Warning: Vehicle 'other' performs emergency braking on lane ':center_8_0' with decel=9.00, wished=5.00, severity=1.00, time=7.50.
Warning: Vehicle 'ego'; junction collision with vehicle 'other', lane=':center_4_0', gap=-1.00, time=7.80 stage=move.
 Retrying in 1 seconds
 Retrying in 1 seconds
[shaping_diag] success_cum_shaping=282.39 T=103 d_init=94.1 d_final=0.0
 Retrying in 1 seconds
[shaping_diag] success_cum_shaping=282.39 T=104 d_init=94.1 d_final=0.0
 Retrying in 1 seconds
[shaping_diag] success_cum_shaping=282.39 T=105 d_init=94.1 d_final=0.0
 Retrying in 1 seconds
[shaping_diag] success_cum_shaping=282.39 T=104 d_init=94.1 d_final=0.0
 Retrying in 1 seconds
[shaping_diag] success_cum_shaping=282.39 T=104 d_init=94.1 d_final=0.0
 Retrying in 1 seconds
[shaping_diag] success_cum_shaping=282.39 T=104 d_init=94.1 d_final=0.0
Warning: Vehicle 'other' performs emergency braking on lane ':center_8_0' with decel=9.00, wished=5.00, severity=1.00, time=7.20.
 Retrying in 1 seconds
[shaping_diag] success_cum_shaping=282.39 T=104 d_init=94.1 d_final=0.0
 Retrying in 1 seconds
[shaping_diag] success_cum_shaping=282.39 T=108 d_init=94.1 d_final=0.0
 Retrying in 1 seconds
[shaping_diag] success_cum_shaping=282.39 T=104 d_init=94.1 d_final=0.0
 Retrying in 1 seconds
[shaping_diag] success_cum_shaping=282.39 T=105 d_init=94.1 d_final=0.0
 Retrying in 1 seconds
[shaping_diag] success_cum_shaping=282.39 T=108 d_init=94.1 d_final=0.0
 Retrying in 1 seconds
[shaping_diag] success_cum_shaping=282.39 T=106 d_init=94.1 d_final=0.0
 Retrying in 1 seconds
[shaping_diag] success_cum_shaping=282.39 T=104 d_init=94.1 d_final=0.0
 Retrying in 1 seconds
[shaping_diag] success_cum_shaping=282.39 T=105 d_init=94.1 d_final=0.0
 Retrying in 1 seconds
[shaping_diag] success_cum_shaping=282.39 T=105 d_init=94.1 d_final=0.0
 Retrying in 1 seconds
[shaping_diag] success_cum_shaping=282.39 T=104 d_init=94.1 d_final=0.0
 Retrying in 1 seconds
[shaping_diag] success_cum_shaping=282.39 T=104 d_init=94.1 d_final=0.0
 Retrying in 1 seconds
[shaping_diag] success_cum_shaping=282.39 T=108 d_init=94.1 d_final=0.0
 Retrying in 1 seconds
[shaping_diag] success_cum_shaping=282.39 T=106 d_init=94.1 d_final=0.0
 Retrying in 1 seconds
[shaping_diag] success_cum_shaping=282.39 T=108 d_init=94.1 d_final=0.0
 Retrying in 1 seconds
[shaping_diag] success_cum_shaping=282.39 T=107 d_init=94.1 d_final=0.0
 Retrying in 1 seconds
[shaping_diag] success_cum_shaping=282.39 T=106 d_init=94.1 d_final=0.0
Warning: Vehicle 'other' performs emergency braking on lane ':center_8_0' with decel=9.00, wished=5.00, severity=1.00, time=7.70.
 Retrying in 1 seconds
 Retrying in 1 seconds
[shaping_diag] success_cum_shaping=282.39 T=104 d_init=94.1 d_final=0.0
 Retrying in 1 seconds
[shaping_diag] success_cum_shaping=282.39 T=104 d_init=94.1 d_final=0.0
 Retrying in 1 seconds
[shaping_diag] success_cum_shaping=282.39 T=104 d_init=94.1 d_final=0.0
 Retrying in 1 seconds
[shaping_diag] success_cum_shaping=282.39 T=103 d_init=94.1 d_final=0.0
 Retrying in 1 seconds
[shaping_diag] success_cum_shaping=282.39 T=104 d_init=94.1 d_final=0.0
 Retrying in 1 seconds
[shaping_diag] success_cum_shaping=282.39 T=102 d_init=94.1 d_final=0.0
 Retrying in 1 seconds
[shaping_diag] success_cum_shaping=282.39 T=104 d_init=94.1 d_final=0.0
 Retrying in 1 seconds
[shaping_diag] success_cum_shaping=282.39 T=104 d_init=94.1 d_final=0.0
 Retrying in 1 seconds
 Retrying in 1 seconds
[shaping_diag] success_cum_shaping=282.39 T=103 d_init=94.1 d_final=0.0
 Retrying in 1 seconds
[shaping_diag] success_cum_shaping=282.39 T=107 d_init=94.1 d_final=0.0
 Retrying in 1 seconds
[shaping_diag] success_cum_shaping=282.39 T=106 d_init=94.1 d_final=0.0
Warning: Vehicle 'ego'; junction collision with vehicle 'other', lane=':center_4_0', gap=-1.00, time=7.70 stage=move.
 Retrying in 1 seconds
 Retrying in 1 seconds
[shaping_diag] success_cum_shaping=282.39 T=104 d_init=94.1 d_final=0.0
 Retrying in 1 seconds
[shaping_diag] success_cum_shaping=282.39 T=105 d_init=94.1 d_final=0.0
 Retrying in 1 seconds
[shaping_diag] success_cum_shaping=282.39 T=105 d_init=94.1 d_final=0.0
 Retrying in 1 seconds
[shaping_diag] success_cum_shaping=282.39 T=103 d_init=94.1 d_final=0.0
 Retrying in 1 seconds
[shaping_diag] success_cum_shaping=282.39 T=105 d_init=94.1 d_final=0.0
 Retrying in 1 seconds
[shaping_diag] success_cum_shaping=282.39 T=109 d_init=94.1 d_final=0.0
 Retrying in 1 seconds
[shaping_diag] success_cum_shaping=282.39 T=110 d_init=94.1 d_final=0.0
 Retrying in 1 seconds
[shaping_diag] success_cum_shaping=282.39 T=103 d_init=94.1 d_final=0.0
 Retrying in 1 seconds
[shaping_diag] success_cum_shaping=282.39 T=103 d_init=94.1 d_final=0.0
 Retrying in 1 seconds
[shaping_diag] success_cum_shaping=282.39 T=103 d_init=94.1 d_final=0.0
 Retrying in 1 seconds
[shaping_diag] success_cum_shaping=282.39 T=103 d_init=94.1 d_final=0.0
 Retrying in 1 seconds
[shaping_diag] success_cum_shaping=282.39 T=105 d_init=94.1 d_final=0.0
Warning: Vehicle 'other' performs emergency braking on lane ':center_8_0' with decel=9.00, wished=5.00, severity=1.00, time=7.50.
 Retrying in 1 seconds
[shaping_diag] success_cum_shaping=282.39 T=109 d_init=94.1 d_final=0.0
 Retrying in 1 seconds
[shaping_diag] success_cum_shaping=282.39 T=109 d_init=94.1 d_final=0.0
 Retrying in 1 seconds
[shaping_diag] success_cum_shaping=282.39 T=104 d_init=94.1 d_final=0.0
 Retrying in 1 seconds
[shaping_diag] success_cum_shaping=282.39 T=107 d_init=94.1 d_final=0.0
 Retrying in 1 seconds
[shaping_diag] success_cum_shaping=282.39 T=103 d_init=94.1 d_final=0.0
 Retrying in 1 seconds
[shaping_diag] success_cum_shaping=282.39 T=105 d_init=94.1 d_final=0.0
Warning: Vehicle 'ego'; junction collision with vehicle 'other', lane=':center_4_0', gap=-1.00, time=7.80 stage=move.
 Retrying in 1 seconds
 Retrying in 1 seconds
[shaping_diag] success_cum_shaping=282.39 T=102 d_init=94.1 d_final=0.0
Warning: Vehicle 'other' performs emergency braking on lane ':center_8_0' with decel=9.00, wished=5.00, severity=1.00, time=7.40.
Warning: Vehicle 'ego'; junction collision with vehicle 'other', lane=':center_4_0', gap=-1.00, time=7.70 stage=move.
 Retrying in 1 seconds
 Retrying in 1 seconds
[shaping_diag] success_cum_shaping=282.39 T=106 d_init=94.1 d_final=0.0
 Retrying in 1 seconds
[shaping_diag] success_cum_shaping=282.39 T=113 d_init=94.1 d_final=0.0
 Retrying in 1 seconds
[shaping_diag] success_cum_shaping=282.39 T=104 d_init=94.1 d_final=0.0
 Retrying in 1 seconds
[shaping_diag] success_cum_shaping=282.39 T=106 d_init=94.1 d_final=0.0
 Retrying in 1 seconds
[shaping_diag] success_cum_shaping=282.39 T=106 d_init=94.1 d_final=0.0
 Retrying in 1 seconds
[shaping_diag] success_cum_shaping=282.39 T=105 d_init=94.1 d_final=0.0
 Retrying in 1 seconds
[shaping_diag] success_cum_shaping=282.39 T=105 d_init=94.1 d_final=0.0
 Retrying in 1 seconds
[shaping_diag] success_cum_shaping=282.39 T=102 d_init=94.1 d_final=0.0
 Retrying in 1 seconds
[shaping_diag] success_cum_shaping=282.39 T=102 d_init=94.1 d_final=0.0
 Retrying in 1 seconds
[shaping_diag] success_cum_shaping=282.39 T=106 d_init=94.1 d_final=0.0
Warning: Vehicle 'other' performs emergency braking on lane ':center_8_0' with decel=9.00, wished=5.00, severity=1.00, time=7.20.
 Retrying in 1 seconds
[shaping_diag] success_cum_shaping=282.39 T=104 d_init=94.1 d_final=0.0
 Retrying in 1 seconds
[shaping_diag] success_cum_shaping=282.39 T=108 d_init=94.1 d_final=0.0
 Retrying in 1 seconds
[shaping_diag] success_cum_shaping=282.39 T=106 d_init=94.1 d_final=0.0
 Retrying in 1 seconds
 Retrying in 1 seconds
[shaping_diag] success_cum_shaping=282.39 T=103 d_init=94.1 d_final=0.0
 Retrying in 1 seconds
 Retrying in 1 seconds
[shaping_diag] success_cum_shaping=282.39 T=104 d_init=94.1 d_final=0.0
 Retrying in 1 seconds
[shaping_diag] success_cum_shaping=282.39 T=102 d_init=94.1 d_final=0.0
 Retrying in 1 seconds
[shaping_diag] success_cum_shaping=282.39 T=103 d_init=94.1 d_final=0.0
 Retrying in 1 seconds
[shaping_diag] success_cum_shaping=282.39 T=104 d_init=94.1 d_final=0.0
 Retrying in 1 seconds
[shaping_diag] success_cum_shaping=282.39 T=103 d_init=94.1 d_final=0.0
 Retrying in 1 seconds
[shaping_diag] success_cum_shaping=282.39 T=107 d_init=94.1 d_final=0.0
 Retrying in 1 seconds
[shaping_diag] success_cum_shaping=282.39 T=111 d_init=94.1 d_final=0.0
 Retrying in 1 seconds
[shaping_diag] success_cum_shaping=282.39 T=105 d_init=94.1 d_final=0.0
 Retrying in 1 seconds
[shaping_diag] success_cum_shaping=282.39 T=103 d_init=94.1 d_final=0.0
 Retrying in 1 seconds
[shaping_diag] success_cum_shaping=282.39 T=103 d_init=94.1 d_final=0.0
Warning: Vehicle 'other' performs emergency braking on lane ':center_8_0' with decel=9.00, wished=7.00, severity=1.00, time=7.30.
Warning: Vehicle 'other'; junction collision with vehicle 'ego', lane=':center_8_0', gap=-1.00, time=7.60 stage=move.
 Retrying in 1 seconds
 Retrying in 1 seconds
[shaping_diag] success_cum_shaping=282.39 T=104 d_init=94.1 d_final=0.0
Warning: Vehicle 'other' performs emergency braking on lane ':center_8_0' with decel=9.00, wished=5.00, severity=1.00, time=7.20.
 Retrying in 1 seconds
 Retrying in 1 seconds
[shaping_diag] success_cum_shaping=282.39 T=104 d_init=94.1 d_final=0.0
Warning: Vehicle 'ego'; junction collision with vehicle 'other', lane=':center_4_0', gap=-1.00, time=7.30 stage=move.
 Retrying in 1 seconds
 Retrying in 1 seconds
[shaping_diag] success_cum_shaping=282.39 T=104 d_init=94.1 d_final=0.0
Warning: Vehicle 'other' performs emergency braking on lane ':center_8_0' with decel=9.00, wished=6.00, severity=1.00, time=7.20.
 Retrying in 1 seconds
[shaping_diag] success_cum_shaping=282.39 T=104 d_init=94.1 d_final=0.0
 Retrying in 1 seconds
[shaping_diag] success_cum_shaping=282.39 T=107 d_init=94.1 d_final=0.0
Warning: Vehicle 'other' performs emergency braking on lane ':center_8_0' with decel=9.00, wished=6.00, severity=1.00, time=7.10.
Warning: Vehicle 'ego'; junction collision with vehicle 'other', lane=':center_4_0', gap=-1.00, time=7.40 stage=move.
 Retrying in 1 seconds
 Retrying in 1 seconds
[shaping_diag] success_cum_shaping=282.39 T=104 d_init=94.1 d_final=0.0
 Retrying in 1 seconds
[shaping_diag] success_cum_shaping=282.39 T=103 d_init=94.1 d_final=0.0
 Retrying in 1 seconds
[shaping_diag] success_cum_shaping=282.39 T=103 d_init=94.1 d_final=0.0
 Retrying in 1 seconds
[shaping_diag] success_cum_shaping=282.39 T=103 d_init=94.1 d_final=0.0
 Retrying in 1 seconds
[shaping_diag] success_cum_shaping=282.39 T=103 d_init=94.1 d_final=0.0
 Retrying in 1 seconds
[shaping_diag] success_cum_shaping=282.39 T=103 d_init=94.1 d_final=0.0
 Retrying in 1 seconds
[shaping_diag] success_cum_shaping=282.39 T=103 d_init=94.1 d_final=0.0
Warning: Vehicle 'other' performs emergency braking on lane ':center_8_0' with decel=9.00, wished=5.00, severity=1.00, time=7.30.
 Retrying in 1 seconds
[shaping_diag] success_cum_shaping=282.39 T=105 d_init=94.1 d_final=0.0
 Retrying in 1 seconds
[shaping_diag] success_cum_shaping=282.39 T=104 d_init=94.1 d_final=0.0
 Retrying in 1 seconds
[shaping_diag] success_cum_shaping=282.39 T=103 d_init=94.1 d_final=0.0
 Retrying in 1 seconds
[shaping_diag] success_cum_shaping=282.39 T=106 d_init=94.1 d_final=0.0
 Retrying in 1 seconds
[shaping_diag] success_cum_shaping=282.39 T=104 d_init=94.1 d_final=0.0
 Retrying in 1 seconds
[shaping_diag] success_cum_shaping=282.39 T=102 d_init=94.1 d_final=0.0
 Retrying in 1 seconds
[shaping_diag] success_cum_shaping=282.39 T=104 d_init=94.1 d_final=0.0
Warning: Vehicle 'other' performs emergency braking on lane ':center_8_0' with decel=9.00, wished=5.00, severity=1.00, time=7.50.
Warning: Vehicle 'ego'; junction collision with vehicle 'other', lane=':center_4_0', gap=-1.00, time=7.70 stage=move.
 Retrying in 1 seconds
 Retrying in 1 seconds
[shaping_diag] success_cum_shaping=282.39 T=104 d_init=94.1 d_final=0.0
 Retrying in 1 seconds
[shaping_diag] success_cum_shaping=282.39 T=104 d_init=94.1 d_final=0.0
 Retrying in 1 seconds
[shaping_diag] success_cum_shaping=282.39 T=106 d_init=94.1 d_final=0.0
 Retrying in 1 seconds
[shaping_diag] success_cum_shaping=282.39 T=103 d_init=94.1 d_final=0.0
Warning: Vehicle 'other' performs emergency braking on lane ':center_8_0' with decel=9.00, wished=5.00, severity=1.00, time=7.30.
 Retrying in 1 seconds
[shaping_diag] success_cum_shaping=282.39 T=106 d_init=94.1 d_final=0.0
 Retrying in 1 seconds
[shaping_diag] success_cum_shaping=282.39 T=106 d_init=94.1 d_final=0.0
Warning: Vehicle 'ego'; collision with vehicle 'other', lane='right_out_0', gap=-1.35, time=8.10 stage=move.
 Retrying in 1 seconds
 Retrying in 1 seconds
 Retrying in 1 seconds
[shaping_diag] success_cum_shaping=282.39 T=106 d_init=94.1 d_final=0.0
 Retrying in 1 seconds
[shaping_diag] success_cum_shaping=282.39 T=113 d_init=94.1 d_final=0.0
 Retrying in 1 seconds
[shaping_diag] success_cum_shaping=282.39 T=103 d_init=94.1 d_final=0.0
 Retrying in 1 seconds
[shaping_diag] success_cum_shaping=282.39 T=105 d_init=94.1 d_final=0.0
Warning: Vehicle 'ego'; junction collision with vehicle 'other', lane=':center_4_0', gap=-1.00, time=7.80 stage=move.
 Retrying in 1 seconds
 Retrying in 1 seconds
[shaping_diag] success_cum_shaping=282.39 T=104 d_init=94.1 d_final=0.0
 Retrying in 1 seconds
[shaping_diag] success_cum_shaping=282.39 T=110 d_init=94.1 d_final=0.0
 Retrying in 1 seconds
[shaping_diag] success_cum_shaping=282.39 T=106 d_init=94.1 d_final=0.0
 Retrying in 1 seconds
[shaping_diag] success_cum_shaping=282.39 T=103 d_init=94.1 d_final=0.0
Warning: Vehicle 'ego'; collision with vehicle 'other', lane='right_out_0', gap=-1.61, time=7.80 stage=move.
 Retrying in 1 seconds
 Retrying in 1 seconds
[shaping_diag] success_cum_shaping=282.39 T=111 d_init=94.1 d_final=0.0
 Retrying in 1 seconds
[shaping_diag] success_cum_shaping=282.39 T=107 d_init=94.1 d_final=0.0
 Retrying in 1 seconds
[shaping_diag] success_cum_shaping=282.39 T=107 d_init=94.1 d_final=0.0
 Retrying in 1 seconds
[shaping_diag] success_cum_shaping=282.39 T=104 d_init=94.1 d_final=0.0
 Retrying in 1 seconds
[shaping_diag] success_cum_shaping=282.39 T=105 d_init=94.1 d_final=0.0
 Retrying in 1 seconds
[shaping_diag] success_cum_shaping=282.39 T=104 d_init=94.1 d_final=0.0
 Retrying in 1 seconds
[shaping_diag] success_cum_shaping=282.39 T=102 d_init=94.1 d_final=0.0
 Retrying in 1 seconds
[shaping_diag] success_cum_shaping=282.39 T=105 d_init=94.1 d_final=0.0
 Retrying in 1 seconds
[shaping_diag] success_cum_shaping=282.39 T=103 d_init=94.1 d_final=0.0
 Retrying in 1 seconds
[shaping_diag] success_cum_shaping=282.39 T=106 d_init=94.1 d_final=0.0
 Retrying in 1 seconds
[shaping_diag] success_cum_shaping=282.39 T=103 d_init=94.1 d_final=0.0
 Retrying in 1 seconds
[shaping_diag] success_cum_shaping=282.39 T=112 d_init=94.1 d_final=0.0
 Retrying in 1 seconds
[shaping_diag] success_cum_shaping=282.39 T=107 d_init=94.1 d_final=0.0
 Retrying in 1 seconds
[shaping_diag] success_cum_shaping=282.39 T=106 d_init=94.1 d_final=0.0
 Retrying in 1 seconds
[shaping_diag] success_cum_shaping=282.39 T=104 d_init=94.1 d_final=0.0
 Retrying in 1 seconds
[shaping_diag] success_cum_shaping=282.39 T=105 d_init=94.1 d_final=0.0
 Retrying in 1 seconds
[shaping_diag] success_cum_shaping=282.39 T=104 d_init=94.1 d_final=0.0
 Retrying in 1 seconds
[shaping_diag] success_cum_shaping=282.39 T=102 d_init=94.1 d_final=0.0
 Retrying in 1 seconds
[shaping_diag] success_cum_shaping=282.39 T=102 d_init=94.1 d_final=0.0
 Retrying in 1 seconds
[shaping_diag] success_cum_shaping=282.39 T=103 d_init=94.1 d_final=0.0
 Retrying in 1 seconds
[shaping_diag] success_cum_shaping=282.39 T=106 d_init=94.1 d_final=0.0
 Retrying in 1 seconds
[shaping_diag] success_cum_shaping=282.39 T=104 d_init=94.1 d_final=0.0
 Retrying in 1 seconds
[shaping_diag] success_cum_shaping=282.39 T=106 d_init=94.1 d_final=0.0
 Retrying in 1 seconds
[shaping_diag] success_cum_shaping=282.39 T=105 d_init=94.1 d_final=0.0
 Retrying in 1 seconds
[shaping_diag] success_cum_shaping=282.39 T=107 d_init=94.1 d_final=0.0
 Retrying in 1 seconds
[shaping_diag] success_cum_shaping=282.39 T=107 d_init=94.1 d_final=0.0
 Retrying in 1 seconds
[shaping_diag] success_cum_shaping=282.39 T=105 d_init=94.1 d_final=0.0
Warning: Vehicle 'ego'; junction collision with vehicle 'other', lane=':center_4_0', gap=-1.00, time=7.50 stage=move.
 Retrying in 1 seconds
 Retrying in 1 seconds
 Retrying in 1 seconds
[shaping_diag] success_cum_shaping=282.39 T=104 d_init=94.1 d_final=0.0
Warning: Vehicle 'other' performs emergency braking on lane ':center_8_0' with decel=9.00, wished=7.00, severity=1.00, time=7.50.
 Retrying in 1 seconds
[shaping_diag] success_cum_shaping=282.39 T=108 d_init=94.1 d_final=0.0
 Retrying in 1 seconds
[shaping_diag] success_cum_shaping=282.39 T=107 d_init=94.1 d_final=0.0
 Retrying in 1 seconds
[shaping_diag] success_cum_shaping=282.39 T=103 d_init=94.1 d_final=0.0
 Retrying in 1 seconds
[shaping_diag] success_cum_shaping=282.39 T=114 d_init=94.1 d_final=0.0
 Retrying in 1 seconds
[shaping_diag] success_cum_shaping=282.39 T=123 d_init=94.1 d_final=0.0
 Retrying in 1 seconds
[shaping_diag] success_cum_shaping=282.39 T=103 d_init=94.1 d_final=0.0
Warning: Vehicle 'other' performs emergency braking on lane ':center_8_0' with decel=9.00, wished=5.00, severity=1.00, time=7.50.
Warning: Vehicle 'ego'; junction collision with vehicle 'other', lane=':center_4_0', gap=-1.00, time=7.80 stage=move.
 Retrying in 1 seconds
 Retrying in 1 seconds
[shaping_diag] success_cum_shaping=282.39 T=104 d_init=94.1 d_final=0.0
 Retrying in 1 seconds
[shaping_diag] success_cum_shaping=282.39 T=103 d_init=94.1 d_final=0.0
 Retrying in 1 seconds
[shaping_diag] success_cum_shaping=282.39 T=113 d_init=94.1 d_final=0.0
 Retrying in 1 seconds
[shaping_diag] success_cum_shaping=282.39 T=109 d_init=94.1 d_final=0.0
 Retrying in 1 seconds
[shaping_diag] success_cum_shaping=282.39 T=103 d_init=94.1 d_final=0.0
 Retrying in 1 seconds
[shaping_diag] success_cum_shaping=282.39 T=110 d_init=94.1 d_final=0.0
Warning: Vehicle 'other' performs emergency braking on lane ':center_8_0' with decel=9.00, wished=5.00, severity=1.00, time=7.50.
 Retrying in 1 seconds
 Retrying in 1 seconds
[shaping_diag] success_cum_shaping=282.39 T=103 d_init=94.1 d_final=0.0
 Retrying in 1 seconds
[shaping_diag] success_cum_shaping=282.39 T=104 d_init=94.1 d_final=0.0
 Retrying in 1 seconds
[shaping_diag] success_cum_shaping=282.39 T=103 d_init=94.1 d_final=0.0
 Retrying in 1 seconds
[shaping_diag] success_cum_shaping=282.39 T=104 d_init=94.1 d_final=0.0
 Retrying in 1 seconds
[shaping_diag] success_cum_shaping=282.39 T=104 d_init=94.1 d_final=0.0
 Retrying in 1 seconds
[shaping_diag] success_cum_shaping=282.39 T=114 d_init=94.1 d_final=0.0
 Retrying in 1 seconds
[shaping_diag] success_cum_shaping=282.39 T=103 d_init=94.1 d_final=0.0
 Retrying in 1 seconds
[shaping_diag] success_cum_shaping=282.39 T=103 d_init=94.1 d_final=0.0
 Retrying in 1 seconds
[shaping_diag] success_cum_shaping=282.39 T=105 d_init=94.1 d_final=0.0
 Retrying in 1 seconds
[shaping_diag] success_cum_shaping=282.39 T=103 d_init=94.1 d_final=0.0
 Retrying in 1 seconds
[shaping_diag] success_cum_shaping=282.39 T=105 d_init=94.1 d_final=0.0
 Retrying in 1 seconds
[shaping_diag] success_cum_shaping=282.39 T=103 d_init=94.1 d_final=0.0
 Retrying in 1 seconds
[shaping_diag] success_cum_shaping=282.39 T=103 d_init=94.1 d_final=0.0
 Retrying in 1 seconds
[shaping_diag] success_cum_shaping=282.39 T=106 d_init=94.1 d_final=0.0
 Retrying in 1 seconds
[shaping_diag] success_cum_shaping=282.39 T=103 d_init=94.1 d_final=0.0
 Retrying in 1 seconds
[shaping_diag] success_cum_shaping=282.39 T=107 d_init=94.1 d_final=0.0
 Retrying in 1 seconds
[shaping_diag] success_cum_shaping=282.39 T=104 d_init=94.1 d_final=0.0
 Retrying in 1 seconds
[shaping_diag] success_cum_shaping=282.39 T=104 d_init=94.1 d_final=0.0
 Retrying in 1 seconds
[shaping_diag] success_cum_shaping=282.39 T=104 d_init=94.1 d_final=0.0
 Retrying in 1 seconds
[shaping_diag] success_cum_shaping=282.39 T=105 d_init=94.1 d_final=0.0
 Retrying in 1 seconds
[shaping_diag] success_cum_shaping=282.39 T=107 d_init=94.1 d_final=0.0
 Retrying in 1 seconds
[shaping_diag] success_cum_shaping=282.39 T=104 d_init=94.1 d_final=0.0
Warning: Vehicle 'ego'; junction collision with vehicle 'other', lane=':center_4_0', gap=-1.00, time=7.50 stage=move.
 Retrying in 1 seconds
 Retrying in 1 seconds
[shaping_diag] success_cum_shaping=282.39 T=103 d_init=94.1 d_final=0.0
 Retrying in 1 seconds
 Retrying in 1 seconds
[shaping_diag] success_cum_shaping=282.39 T=102 d_init=94.1 d_final=0.0
 Retrying in 1 seconds
[shaping_diag] success_cum_shaping=282.39 T=102 d_init=94.1 d_final=0.0
 Retrying in 1 seconds
[shaping_diag] success_cum_shaping=282.39 T=102 d_init=94.1 d_final=0.0
 Retrying in 1 seconds
[shaping_diag] success_cum_shaping=282.39 T=102 d_init=94.1 d_final=0.0
 Retrying in 1 seconds
[shaping_diag] success_cum_shaping=282.39 T=102 d_init=94.1 d_final=0.0
 Retrying in 1 seconds
[shaping_diag] success_cum_shaping=282.39 T=102 d_init=94.1 d_final=0.0
 Retrying in 1 seconds
[shaping_diag] success_cum_shaping=282.39 T=102 d_init=94.1 d_final=0.0
 Retrying in 1 seconds
[shaping_diag] success_cum_shaping=282.39 T=102 d_init=94.1 d_final=0.0
 Retrying in 1 seconds
[shaping_diag] success_cum_shaping=282.39 T=102 d_init=94.1 d_final=0.0
Warning: Vehicle 'other' performs emergency braking on lane ':center_8_0' with decel=9.00, wished=5.00, severity=1.00, time=7.10.
 Retrying in 1 seconds
[shaping_diag] success_cum_shaping=282.39 T=102 d_init=94.1 d_final=0.0
[cbf_aux] step=167936 ret=462.76 coll=0 ttc=6.14 cbf_res=0.0443
 Retrying in 1 seconds
[shaping_diag] success_cum_shaping=282.39 T=102 d_init=94.1 d_final=0.0
 Retrying in 1 seconds
[shaping_diag] success_cum_shaping=282.39 T=102 d_init=94.1 d_final=0.0
 Retrying in 1 seconds
[shaping_diag] success_cum_shaping=282.39 T=102 d_init=94.1 d_final=0.0
 Retrying in 1 seconds
[shaping_diag] success_cum_shaping=282.39 T=107 d_init=94.1 d_final=0.0
 Retrying in 1 seconds
[shaping_diag] success_cum_shaping=282.39 T=110 d_init=94.1 d_final=0.0
 Retrying in 1 seconds
 Retrying in 1 seconds
[shaping_diag] success_cum_shaping=282.39 T=103 d_init=94.1 d_final=0.0
 Retrying in 1 seconds
[shaping_diag] success_cum_shaping=282.39 T=105 d_init=94.1 d_final=0.0
 Retrying in 1 seconds
[shaping_diag] success_cum_shaping=282.39 T=113 d_init=94.1 d_final=0.0
 Retrying in 1 seconds
[shaping_diag] success_cum_shaping=282.39 T=102 d_init=94.1 d_final=0.0
 Retrying in 1 seconds
[shaping_diag] success_cum_shaping=282.39 T=103 d_init=94.1 d_final=0.0
 Retrying in 1 seconds
[shaping_diag] success_cum_shaping=282.39 T=107 d_init=94.1 d_final=0.0
 Retrying in 1 seconds
[shaping_diag] success_cum_shaping=282.39 T=107 d_init=94.1 d_final=0.0
 Retrying in 1 seconds
[shaping_diag] success_cum_shaping=282.39 T=104 d_init=94.1 d_final=0.0
 Retrying in 1 seconds
[shaping_diag] success_cum_shaping=282.39 T=104 d_init=94.1 d_final=0.0
 Retrying in 1 seconds
[shaping_diag] success_cum_shaping=282.39 T=114 d_init=94.1 d_final=0.0
 Retrying in 1 seconds
[shaping_diag] success_cum_shaping=282.39 T=103 d_init=94.1 d_final=0.0
 Retrying in 1 seconds
[shaping_diag] success_cum_shaping=282.39 T=102 d_init=94.1 d_final=0.0
 Retrying in 1 seconds
[shaping_diag] success_cum_shaping=282.39 T=105 d_init=94.1 d_final=0.0
 Retrying in 1 seconds
[shaping_diag] success_cum_shaping=282.39 T=104 d_init=94.1 d_final=0.0
 Retrying in 1 seconds
[shaping_diag] success_cum_shaping=282.39 T=104 d_init=94.1 d_final=0.0
 Retrying in 1 seconds
[shaping_diag] success_cum_shaping=282.39 T=107 d_init=94.1 d_final=0.0
 Retrying in 1 seconds
[shaping_diag] success_cum_shaping=282.39 T=104 d_init=94.1 d_final=0.0
 Retrying in 1 seconds
[shaping_diag] success_cum_shaping=282.39 T=102 d_init=94.1 d_final=0.0
 Retrying in 1 seconds
[shaping_diag] success_cum_shaping=282.39 T=112 d_init=94.1 d_final=0.0
Warning: Vehicle 'other' performs emergency braking on lane ':center_8_0' with decel=9.00, wished=5.00, severity=1.00, time=7.60.
 Retrying in 1 seconds
 Retrying in 1 seconds
[shaping_diag] success_cum_shaping=282.39 T=104 d_init=94.1 d_final=0.0
 Retrying in 1 seconds
[shaping_diag] success_cum_shaping=282.39 T=114 d_init=94.1 d_final=0.0
 Retrying in 1 seconds
[shaping_diag] success_cum_shaping=282.39 T=112 d_init=94.1 d_final=0.0
 Retrying in 1 seconds
[shaping_diag] success_cum_shaping=282.39 T=102 d_init=94.1 d_final=0.0
 Retrying in 1 seconds
[shaping_diag] success_cum_shaping=282.39 T=105 d_init=94.1 d_final=0.0
 Retrying in 1 seconds
[shaping_diag] success_cum_shaping=282.39 T=105 d_init=94.1 d_final=0.0
 Retrying in 1 seconds
[shaping_diag] success_cum_shaping=282.39 T=102 d_init=94.1 d_final=0.0
 Retrying in 1 seconds
[shaping_diag] success_cum_shaping=282.39 T=104 d_init=94.1 d_final=0.0
 Retrying in 1 seconds
[shaping_diag] success_cum_shaping=282.39 T=106 d_init=94.1 d_final=0.0
 Retrying in 1 seconds
[shaping_diag] success_cum_shaping=282.39 T=104 d_init=94.1 d_final=0.0
Warning: Vehicle 'other' performs emergency braking on lane ':center_8_0' with decel=9.00, wished=5.00, severity=1.00, time=7.40.
 Retrying in 1 seconds
[shaping_diag] success_cum_shaping=282.39 T=107 d_init=94.1 d_final=0.0
 Retrying in 1 seconds
[shaping_diag] success_cum_shaping=282.39 T=104 d_init=94.1 d_final=0.0
 Retrying in 1 seconds
[shaping_diag] success_cum_shaping=282.39 T=108 d_init=94.1 d_final=0.0
 Retrying in 1 seconds
 Retrying in 1 seconds
[shaping_diag] success_cum_shaping=282.39 T=117 d_init=94.1 d_final=0.0
 Retrying in 1 seconds
[shaping_diag] success_cum_shaping=282.39 T=110 d_init=94.1 d_final=0.0
 Retrying in 1 seconds
[shaping_diag] success_cum_shaping=282.39 T=107 d_init=94.1 d_final=0.0
 Retrying in 1 seconds
[shaping_diag] success_cum_shaping=282.39 T=108 d_init=94.1 d_final=0.0
Warning: Vehicle 'ego'; junction collision with vehicle 'other', lane=':center_4_0', gap=-1.00, time=7.70 stage=move.
 Retrying in 1 seconds
 Retrying in 1 seconds
[shaping_diag] success_cum_shaping=282.39 T=111 d_init=94.1 d_final=0.0
 Retrying in 1 seconds
[shaping_diag] success_cum_shaping=282.39 T=114 d_init=94.1 d_final=0.0
Warning: Vehicle 'other' performs emergency braking on lane ':center_8_0' with decel=9.00, wished=5.00, severity=1.00, time=7.30.
 Retrying in 1 seconds
[shaping_diag] success_cum_shaping=282.39 T=105 d_init=94.1 d_final=0.0
 Retrying in 1 seconds
[shaping_diag] success_cum_shaping=282.39 T=112 d_init=94.1 d_final=0.0
 Retrying in 1 seconds
[shaping_diag] success_cum_shaping=282.39 T=107 d_init=94.1 d_final=0.0
 Retrying in 1 seconds
[shaping_diag] success_cum_shaping=282.39 T=105 d_init=94.1 d_final=0.0
 Retrying in 1 seconds
[shaping_diag] success_cum_shaping=282.39 T=118 d_init=94.1 d_final=0.0
 Retrying in 1 seconds
[shaping_diag] success_cum_shaping=282.39 T=105 d_init=94.1 d_final=0.0
 Retrying in 1 seconds
[shaping_diag] success_cum_shaping=282.39 T=124 d_init=94.1 d_final=0.0
 Retrying in 1 seconds
[shaping_diag] success_cum_shaping=282.39 T=119 d_init=94.1 d_final=0.0
 Retrying in 1 seconds
[shaping_diag] success_cum_shaping=282.39 T=110 d_init=94.1 d_final=0.0
 Retrying in 1 seconds
[shaping_diag] success_cum_shaping=282.39 T=104 d_init=94.1 d_final=0.0
 Retrying in 1 seconds
[shaping_diag] success_cum_shaping=282.39 T=104 d_init=94.1 d_final=0.0
 Retrying in 1 seconds
[shaping_diag] success_cum_shaping=282.39 T=114 d_init=94.1 d_final=0.0
 Retrying in 1 seconds
[shaping_diag] success_cum_shaping=282.39 T=115 d_init=94.1 d_final=0.0
 Retrying in 1 seconds
[shaping_diag] success_cum_shaping=282.39 T=104 d_init=94.1 d_final=0.0
 Retrying in 1 seconds
[shaping_diag] success_cum_shaping=282.39 T=108 d_init=94.1 d_final=0.0
 Retrying in 1 seconds
[shaping_diag] success_cum_shaping=282.39 T=103 d_init=94.1 d_final=0.0
 Retrying in 1 seconds
[shaping_diag] success_cum_shaping=282.39 T=113 d_init=94.1 d_final=0.0
 Retrying in 1 seconds
[shaping_diag] success_cum_shaping=282.39 T=104 d_init=94.1 d_final=0.0
 Retrying in 1 seconds
[shaping_diag] success_cum_shaping=282.39 T=107 d_init=94.1 d_final=0.0
 Retrying in 1 seconds
[shaping_diag] success_cum_shaping=282.39 T=103 d_init=94.1 d_final=0.0
 Retrying in 1 seconds
[shaping_diag] success_cum_shaping=282.39 T=112 d_init=94.1 d_final=0.0
 Retrying in 1 seconds
[shaping_diag] success_cum_shaping=282.39 T=104 d_init=94.1 d_final=0.0
 Retrying in 1 seconds
[shaping_diag] success_cum_shaping=282.39 T=104 d_init=94.1 d_final=0.0
 Retrying in 1 seconds
[shaping_diag] success_cum_shaping=282.39 T=103 d_init=94.1 d_final=0.0
 Retrying in 1 seconds
[shaping_diag] success_cum_shaping=282.39 T=109 d_init=94.1 d_final=0.0
 Retrying in 1 seconds
[shaping_diag] success_cum_shaping=282.39 T=117 d_init=94.1 d_final=0.0
 Retrying in 1 seconds
[shaping_diag] success_cum_shaping=282.39 T=104 d_init=94.1 d_final=0.0
 Retrying in 1 seconds
[shaping_diag] success_cum_shaping=282.39 T=105 d_init=94.1 d_final=0.0
 Retrying in 1 seconds
[shaping_diag] success_cum_shaping=282.39 T=103 d_init=94.1 d_final=0.0
 Retrying in 1 seconds
[shaping_diag] success_cum_shaping=282.39 T=105 d_init=94.1 d_final=0.0
 Retrying in 1 seconds
 Retrying in 1 seconds
[shaping_diag] success_cum_shaping=282.39 T=107 d_init=94.1 d_final=0.0
 Retrying in 1 seconds
[shaping_diag] success_cum_shaping=282.39 T=106 d_init=94.1 d_final=0.0
 Retrying in 1 seconds
[shaping_diag] success_cum_shaping=282.39 T=105 d_init=94.1 d_final=0.0
 Retrying in 1 seconds
[shaping_diag] success_cum_shaping=282.39 T=107 d_init=94.1 d_final=0.0
 Retrying in 1 seconds
[shaping_diag] success_cum_shaping=282.39 T=118 d_init=94.1 d_final=0.0
 Retrying in 1 seconds
[shaping_diag] success_cum_shaping=282.39 T=106 d_init=94.1 d_final=0.0
 Retrying in 1 seconds
[shaping_diag] success_cum_shaping=282.39 T=103 d_init=94.1 d_final=0.0
 Retrying in 1 seconds
[shaping_diag] success_cum_shaping=282.39 T=111 d_init=94.1 d_final=0.0
 Retrying in 1 seconds
[shaping_diag] success_cum_shaping=282.39 T=105 d_init=94.1 d_final=0.0
Warning: Vehicle 'ego'; collision with vehicle 'other', lane='right_out_0', gap=-0.16, time=7.90 stage=move.
 Retrying in 1 seconds
 Retrying in 1 seconds
[shaping_diag] success_cum_shaping=282.39 T=119 d_init=94.1 d_final=0.0
 Retrying in 1 seconds
[shaping_diag] success_cum_shaping=282.39 T=118 d_init=94.1 d_final=0.0
 Retrying in 1 seconds
[shaping_diag] success_cum_shaping=282.39 T=103 d_init=94.1 d_final=0.0
 Retrying in 1 seconds
[shaping_diag] success_cum_shaping=282.39 T=105 d_init=94.1 d_final=0.0
 Retrying in 1 seconds
[shaping_diag] success_cum_shaping=282.39 T=109 d_init=94.1 d_final=0.0
 Retrying in 1 seconds
[shaping_diag] success_cum_shaping=282.39 T=113 d_init=94.1 d_final=0.0
 Retrying in 1 seconds
[shaping_diag] success_cum_shaping=282.39 T=106 d_init=94.1 d_final=0.0
 Retrying in 1 seconds
[shaping_diag] success_cum_shaping=282.39 T=107 d_init=94.1 d_final=0.0
Warning: Vehicle 'other' performs emergency braking on lane ':center_8_0' with decel=9.00, wished=5.00, severity=1.00, time=7.40.
 Retrying in 1 seconds
[shaping_diag] success_cum_shaping=282.39 T=107 d_init=94.1 d_final=0.0
 Retrying in 1 seconds
[shaping_diag] success_cum_shaping=282.39 T=104 d_init=94.1 d_final=0.0
 Retrying in 1 seconds
[shaping_diag] success_cum_shaping=282.39 T=102 d_init=94.1 d_final=0.0
Warning: Vehicle 'other' performs emergency braking on lane ':center_8_0' with decel=9.00, wished=5.00, severity=1.00, time=7.70.
 Retrying in 1 seconds
[shaping_diag] success_cum_shaping=282.39 T=111 d_init=94.1 d_final=0.0
 Retrying in 1 seconds
[shaping_diag] success_cum_shaping=282.39 T=104 d_init=94.1 d_final=0.0
 Retrying in 1 seconds
[shaping_diag] success_cum_shaping=282.39 T=105 d_init=94.1 d_final=0.0
 Retrying in 1 seconds
[shaping_diag] success_cum_shaping=282.39 T=108 d_init=94.1 d_final=0.0
 Retrying in 1 seconds
[shaping_diag] success_cum_shaping=282.39 T=109 d_init=94.1 d_final=0.0
 Retrying in 1 seconds
[shaping_diag] success_cum_shaping=282.39 T=103 d_init=94.1 d_final=0.0
 Retrying in 1 seconds
[shaping_diag] success_cum_shaping=282.39 T=106 d_init=94.1 d_final=0.0
 Retrying in 1 seconds
[shaping_diag] success_cum_shaping=282.39 T=105 d_init=94.1 d_final=0.0
 Retrying in 1 seconds
[shaping_diag] success_cum_shaping=282.39 T=108 d_init=94.1 d_final=0.0
 Retrying in 1 seconds
[shaping_diag] success_cum_shaping=282.39 T=105 d_init=94.1 d_final=0.0
 Retrying in 1 seconds
[shaping_diag] success_cum_shaping=282.39 T=105 d_init=94.1 d_final=0.0
 Retrying in 1 seconds
[shaping_diag] success_cum_shaping=282.39 T=107 d_init=94.1 d_final=0.0
 Retrying in 1 seconds
[shaping_diag] success_cum_shaping=282.39 T=114 d_init=94.1 d_final=0.0
 Retrying in 1 seconds
[shaping_diag] success_cum_shaping=282.39 T=103 d_init=94.1 d_final=0.0
 Retrying in 1 seconds
[shaping_diag] success_cum_shaping=282.39 T=111 d_init=94.1 d_final=0.0
 Retrying in 1 seconds
[shaping_diag] success_cum_shaping=282.39 T=109 d_init=94.1 d_final=0.0
 Retrying in 1 seconds
[shaping_diag] success_cum_shaping=282.39 T=105 d_init=94.1 d_final=0.0
 Retrying in 1 seconds
 Retrying in 1 seconds
[shaping_diag] success_cum_shaping=282.39 T=107 d_init=94.1 d_final=0.0
 Retrying in 1 seconds
[shaping_diag] success_cum_shaping=282.39 T=106 d_init=94.1 d_final=0.0
 Retrying in 1 seconds
[shaping_diag] success_cum_shaping=282.39 T=105 d_init=94.1 d_final=0.0
Warning: Vehicle 'other' performs emergency braking on lane ':center_8_0' with decel=9.00, wished=5.00, severity=1.00, time=7.20.
 Retrying in 1 seconds
[shaping_diag] success_cum_shaping=282.39 T=104 d_init=94.1 d_final=0.0
 Retrying in 1 seconds
[shaping_diag] success_cum_shaping=282.39 T=103 d_init=94.1 d_final=0.0
 Retrying in 1 seconds
[shaping_diag] success_cum_shaping=282.39 T=103 d_init=94.1 d_final=0.0
 Retrying in 1 seconds
[shaping_diag] success_cum_shaping=282.39 T=106 d_init=94.1 d_final=0.0
 Retrying in 1 seconds
[shaping_diag] success_cum_shaping=282.39 T=105 d_init=94.1 d_final=0.0
 Retrying in 1 seconds
[shaping_diag] success_cum_shaping=282.39 T=104 d_init=94.1 d_final=0.0
 Retrying in 1 seconds
[shaping_diag] success_cum_shaping=282.39 T=103 d_init=94.1 d_final=0.0
 Retrying in 1 seconds
[shaping_diag] success_cum_shaping=282.39 T=104 d_init=94.1 d_final=0.0
 Retrying in 1 seconds
[shaping_diag] success_cum_shaping=282.39 T=105 d_init=94.1 d_final=0.0
 Retrying in 1 seconds
[shaping_diag] success_cum_shaping=282.39 T=103 d_init=94.1 d_final=0.0
 Retrying in 1 seconds
[shaping_diag] success_cum_shaping=282.39 T=106 d_init=94.1 d_final=0.0
 Retrying in 1 seconds
[shaping_diag] success_cum_shaping=282.39 T=103 d_init=94.1 d_final=0.0
 Retrying in 1 seconds
[shaping_diag] success_cum_shaping=282.39 T=105 d_init=94.1 d_final=0.0
 Retrying in 1 seconds
[shaping_diag] success_cum_shaping=282.39 T=107 d_init=94.1 d_final=0.0
 Retrying in 1 seconds
[shaping_diag] success_cum_shaping=282.39 T=109 d_init=94.1 d_final=0.0
Warning: Vehicle 'other' performs emergency braking on lane ':center_8_0' with decel=9.00, wished=5.00, severity=1.00, time=7.20.
 Retrying in 1 seconds
[shaping_diag] success_cum_shaping=282.39 T=105 d_init=94.1 d_final=0.0
 Retrying in 1 seconds
[shaping_diag] success_cum_shaping=282.39 T=108 d_init=94.1 d_final=0.0
 Retrying in 1 seconds
[shaping_diag] success_cum_shaping=282.39 T=103 d_init=94.1 d_final=0.0
 Retrying in 1 seconds
[shaping_diag] success_cum_shaping=282.39 T=102 d_init=94.1 d_final=0.0
 Retrying in 1 seconds
[shaping_diag] success_cum_shaping=282.39 T=103 d_init=94.1 d_final=0.0
 Retrying in 1 seconds
[shaping_diag] success_cum_shaping=282.39 T=104 d_init=94.1 d_final=0.0
 Retrying in 1 seconds
[shaping_diag] success_cum_shaping=282.39 T=108 d_init=94.1 d_final=0.0
 Retrying in 1 seconds
[shaping_diag] success_cum_shaping=282.39 T=106 d_init=94.1 d_final=0.0
 Retrying in 1 seconds
[shaping_diag] success_cum_shaping=282.39 T=103 d_init=94.1 d_final=0.0
Warning: Vehicle 'other' performs emergency braking on lane ':center_8_0' with decel=9.00, wished=5.00, severity=1.00, time=7.30.
 Retrying in 1 seconds
[shaping_diag] success_cum_shaping=282.39 T=105 d_init=94.1 d_final=0.0
 Retrying in 1 seconds
[shaping_diag] success_cum_shaping=282.39 T=103 d_init=94.1 d_final=0.0
 Retrying in 1 seconds
[shaping_diag] success_cum_shaping=282.39 T=107 d_init=94.1 d_final=0.0
 Retrying in 1 seconds
[shaping_diag] success_cum_shaping=282.39 T=104 d_init=94.1 d_final=0.0
 Retrying in 1 seconds
[shaping_diag] success_cum_shaping=282.39 T=105 d_init=94.1 d_final=0.0
 Retrying in 1 seconds
[shaping_diag] success_cum_shaping=282.39 T=107 d_init=94.1 d_final=0.0
 Retrying in 1 seconds
[shaping_diag] success_cum_shaping=282.39 T=103 d_init=94.1 d_final=0.0
 Retrying in 1 seconds
[shaping_diag] success_cum_shaping=282.39 T=105 d_init=94.1 d_final=0.0
 Retrying in 1 seconds
[shaping_diag] success_cum_shaping=282.39 T=103 d_init=94.1 d_final=0.0
 Retrying in 1 seconds
[shaping_diag] success_cum_shaping=282.39 T=105 d_init=94.1 d_final=0.0
 Retrying in 1 seconds
[shaping_diag] success_cum_shaping=282.39 T=103 d_init=94.1 d_final=0.0
 Retrying in 1 seconds
[shaping_diag] success_cum_shaping=282.39 T=115 d_init=94.1 d_final=0.0
 Retrying in 1 seconds
 Retrying in 1 seconds
[shaping_diag] success_cum_shaping=282.39 T=108 d_init=94.1 d_final=0.0
 Retrying in 1 seconds
[shaping_diag] success_cum_shaping=282.39 T=105 d_init=94.1 d_final=0.0
 Retrying in 1 seconds
[shaping_diag] success_cum_shaping=282.39 T=105 d_init=94.1 d_final=0.0
 Retrying in 1 seconds
[shaping_diag] success_cum_shaping=282.39 T=105 d_init=94.1 d_final=0.0
 Retrying in 1 seconds
[shaping_diag] success_cum_shaping=282.39 T=103 d_init=94.1 d_final=0.0
 Retrying in 1 seconds
[shaping_diag] success_cum_shaping=282.39 T=104 d_init=94.1 d_final=0.0
 Retrying in 1 seconds
[shaping_diag] success_cum_shaping=282.39 T=104 d_init=94.1 d_final=0.0
 Retrying in 1 seconds
[shaping_diag] success_cum_shaping=282.39 T=107 d_init=94.1 d_final=0.0
 Retrying in 1 seconds
[shaping_diag] success_cum_shaping=282.39 T=105 d_init=94.1 d_final=0.0
 Retrying in 1 seconds
[shaping_diag] success_cum_shaping=282.39 T=105 d_init=94.1 d_final=0.0
 Retrying in 1 seconds
[shaping_diag] success_cum_shaping=282.39 T=104 d_init=94.1 d_final=0.0
 Retrying in 1 seconds
[shaping_diag] success_cum_shaping=282.39 T=103 d_init=94.1 d_final=0.0
 Retrying in 1 seconds
[shaping_diag] success_cum_shaping=282.39 T=104 d_init=94.1 d_final=0.0
 Retrying in 1 seconds
[shaping_diag] success_cum_shaping=282.39 T=107 d_init=94.1 d_final=0.0
 Retrying in 1 seconds
[shaping_diag] success_cum_shaping=282.39 T=106 d_init=94.1 d_final=0.0
 Retrying in 1 seconds
[shaping_diag] success_cum_shaping=282.39 T=108 d_init=94.1 d_final=0.0
 Retrying in 1 seconds
[shaping_diag] success_cum_shaping=282.39 T=104 d_init=94.1 d_final=0.0
 Retrying in 1 seconds
[shaping_diag] success_cum_shaping=282.39 T=103 d_init=94.1 d_final=0.0
 Retrying in 1 seconds
[shaping_diag] success_cum_shaping=282.39 T=107 d_init=94.1 d_final=0.0
 Retrying in 1 seconds
[shaping_diag] success_cum_shaping=282.39 T=105 d_init=94.1 d_final=0.0
 Retrying in 1 seconds
[shaping_diag] success_cum_shaping=282.39 T=105 d_init=94.1 d_final=0.0
 Retrying in 1 seconds
[shaping_diag] success_cum_shaping=282.39 T=104 d_init=94.1 d_final=0.0
 Retrying in 1 seconds
[shaping_diag] success_cum_shaping=282.39 T=104 d_init=94.1 d_final=0.0
 Retrying in 1 seconds
[shaping_diag] success_cum_shaping=282.39 T=104 d_init=94.1 d_final=0.0
 Retrying in 1 seconds
[shaping_diag] success_cum_shaping=282.39 T=107 d_init=94.1 d_final=0.0
 Retrying in 1 seconds
[shaping_diag] success_cum_shaping=282.39 T=104 d_init=94.1 d_final=0.0
 Retrying in 1 seconds
[shaping_diag] success_cum_shaping=282.39 T=103 d_init=94.1 d_final=0.0
 Retrying in 1 seconds
[shaping_diag] success_cum_shaping=282.39 T=104 d_init=94.1 d_final=0.0
Warning: Vehicle 'ego'; junction collision with vehicle 'other', lane=':center_4_0', gap=-1.00, time=7.40 stage=move.
 Retrying in 1 seconds
 Retrying in 1 seconds
[shaping_diag] success_cum_shaping=282.39 T=108 d_init=94.1 d_final=0.0
 Retrying in 1 seconds
[shaping_diag] success_cum_shaping=282.39 T=105 d_init=94.1 d_final=0.0
 Retrying in 1 seconds
[shaping_diag] success_cum_shaping=282.39 T=105 d_init=94.1 d_final=0.0
 Retrying in 1 seconds
[shaping_diag] success_cum_shaping=282.39 T=104 d_init=94.1 d_final=0.0
 Retrying in 1 seconds
[shaping_diag] success_cum_shaping=282.39 T=105 d_init=94.1 d_final=0.0
 Retrying in 1 seconds
[shaping_diag] success_cum_shaping=282.39 T=107 d_init=94.1 d_final=0.0
 Retrying in 1 seconds
[shaping_diag] success_cum_shaping=282.39 T=105 d_init=94.1 d_final=0.0
 Retrying in 1 seconds
[shaping_diag] success_cum_shaping=282.39 T=105 d_init=94.1 d_final=0.0
 Retrying in 1 seconds
 Retrying in 1 seconds
[shaping_diag] success_cum_shaping=282.39 T=105 d_init=94.1 d_final=0.0
 Retrying in 1 seconds
 Retrying in 1 seconds
[shaping_diag] success_cum_shaping=282.39 T=106 d_init=94.1 d_final=0.0
 Retrying in 1 seconds
[shaping_diag] success_cum_shaping=282.39 T=105 d_init=94.1 d_final=0.0
 Retrying in 1 seconds
[shaping_diag] success_cum_shaping=282.39 T=113 d_init=94.1 d_final=0.0
 Retrying in 1 seconds
[shaping_diag] success_cum_shaping=282.39 T=104 d_init=94.1 d_final=0.0
 Retrying in 1 seconds
[shaping_diag] success_cum_shaping=282.39 T=103 d_init=94.1 d_final=0.0
 Retrying in 1 seconds
[shaping_diag] success_cum_shaping=282.39 T=105 d_init=94.1 d_final=0.0
 Retrying in 1 seconds
[shaping_diag] success_cum_shaping=282.39 T=104 d_init=94.1 d_final=0.0
 Retrying in 1 seconds
[shaping_diag] success_cum_shaping=282.39 T=106 d_init=94.1 d_final=0.0
 Retrying in 1 seconds
[shaping_diag] success_cum_shaping=282.39 T=104 d_init=94.1 d_final=0.0
 Retrying in 1 seconds
[shaping_diag] success_cum_shaping=282.39 T=102 d_init=94.1 d_final=0.0
 Retrying in 1 seconds
[shaping_diag] success_cum_shaping=282.39 T=103 d_init=94.1 d_final=0.0
 Retrying in 1 seconds
[shaping_diag] success_cum_shaping=282.39 T=106 d_init=94.1 d_final=0.0
 Retrying in 1 seconds
[shaping_diag] success_cum_shaping=282.39 T=104 d_init=94.1 d_final=0.0
 Retrying in 1 seconds
[shaping_diag] success_cum_shaping=282.39 T=103 d_init=94.1 d_final=0.0
 Retrying in 1 seconds
[shaping_diag] success_cum_shaping=282.39 T=128 d_init=94.1 d_final=0.0
 Retrying in 1 seconds
[shaping_diag] success_cum_shaping=282.39 T=126 d_init=94.1 d_final=0.0
 Retrying in 1 seconds
[shaping_diag] success_cum_shaping=282.39 T=104 d_init=94.1 d_final=0.0
 Retrying in 1 seconds
[shaping_diag] success_cum_shaping=282.39 T=106 d_init=94.1 d_final=0.0
 Retrying in 1 seconds
[shaping_diag] success_cum_shaping=282.39 T=104 d_init=94.1 d_final=0.0
 Retrying in 1 seconds
[shaping_diag] success_cum_shaping=282.39 T=104 d_init=94.1 d_final=0.0
 Retrying in 1 seconds
[shaping_diag] success_cum_shaping=282.39 T=123 d_init=94.1 d_final=0.0
 Retrying in 1 seconds
[shaping_diag] success_cum_shaping=282.39 T=103 d_init=94.1 d_final=0.0
 Retrying in 1 seconds
[shaping_diag] success_cum_shaping=282.39 T=106 d_init=94.1 d_final=0.0
 Retrying in 1 seconds
[shaping_diag] success_cum_shaping=282.39 T=107 d_init=94.1 d_final=0.0
 Retrying in 1 seconds
[shaping_diag] success_cum_shaping=282.39 T=105 d_init=94.1 d_final=0.0
 Retrying in 1 seconds
[shaping_diag] success_cum_shaping=282.39 T=106 d_init=94.1 d_final=0.0
 Retrying in 1 seconds
[shaping_diag] success_cum_shaping=282.39 T=104 d_init=94.1 d_final=0.0
 Retrying in 1 seconds
[shaping_diag] success_cum_shaping=282.39 T=103 d_init=94.1 d_final=0.0
 Retrying in 1 seconds
[shaping_diag] success_cum_shaping=282.39 T=139 d_init=94.1 d_final=0.0
 Retrying in 1 seconds
[shaping_diag] success_cum_shaping=282.39 T=103 d_init=94.1 d_final=0.0
 Retrying in 1 seconds
[shaping_diag] success_cum_shaping=282.39 T=103 d_init=94.1 d_final=0.0
 Retrying in 1 seconds
[shaping_diag] success_cum_shaping=282.39 T=102 d_init=94.1 d_final=0.0
 Retrying in 1 seconds
[shaping_diag] success_cum_shaping=282.39 T=104 d_init=94.1 d_final=0.0
 Retrying in 1 seconds
[shaping_diag] success_cum_shaping=282.39 T=105 d_init=94.1 d_final=0.0
 Retrying in 1 seconds
[shaping_diag] success_cum_shaping=282.39 T=104 d_init=94.1 d_final=0.0
 Retrying in 1 seconds
[shaping_diag] success_cum_shaping=282.39 T=107 d_init=94.1 d_final=0.0
 Retrying in 1 seconds
[shaping_diag] success_cum_shaping=282.39 T=104 d_init=94.1 d_final=0.0
 Retrying in 1 seconds
[shaping_diag] success_cum_shaping=282.39 T=103 d_init=94.1 d_final=0.0
 Retrying in 1 seconds
 Retrying in 1 seconds
[shaping_diag] success_cum_shaping=282.39 T=102 d_init=94.1 d_final=0.0
 Retrying in 1 seconds
[shaping_diag] success_cum_shaping=282.39 T=104 d_init=94.1 d_final=0.0
 Retrying in 1 seconds
[shaping_diag] success_cum_shaping=282.39 T=138 d_init=94.1 d_final=0.0
 Retrying in 1 seconds
[shaping_diag] success_cum_shaping=282.39 T=140 d_init=94.1 d_final=0.0
 Retrying in 1 seconds
[shaping_diag] success_cum_shaping=282.39 T=104 d_init=94.1 d_final=0.0
 Retrying in 1 seconds
[shaping_diag] success_cum_shaping=282.39 T=105 d_init=94.1 d_final=0.0
 Retrying in 1 seconds
[shaping_diag] success_cum_shaping=282.39 T=104 d_init=94.1 d_final=0.0
 Retrying in 1 seconds
[shaping_diag] success_cum_shaping=282.39 T=106 d_init=94.1 d_final=0.0
 Retrying in 1 seconds
[shaping_diag] success_cum_shaping=282.39 T=104 d_init=94.1 d_final=0.0
 Retrying in 1 seconds
[shaping_diag] success_cum_shaping=282.39 T=104 d_init=94.1 d_final=0.0
Warning: Vehicle 'other' performs emergency braking on lane ':center_8_0' with decel=9.00, wished=7.00, severity=1.00, time=7.30.
Warning: Vehicle 'ego'; junction collision with vehicle 'other', lane=':center_4_0', gap=-1.00, time=7.60 stage=move.
 Retrying in 1 seconds
 Retrying in 1 seconds
[shaping_diag] success_cum_shaping=282.39 T=106 d_init=94.1 d_final=0.0
 Retrying in 1 seconds
[shaping_diag] success_cum_shaping=282.39 T=105 d_init=94.1 d_final=0.0
 Retrying in 1 seconds
[shaping_diag] success_cum_shaping=282.39 T=104 d_init=94.1 d_final=0.0
 Retrying in 1 seconds
[shaping_diag] success_cum_shaping=282.39 T=105 d_init=94.1 d_final=0.0
 Retrying in 1 seconds
[shaping_diag] success_cum_shaping=282.39 T=102 d_init=94.1 d_final=0.0
 Retrying in 1 seconds
[shaping_diag] success_cum_shaping=282.39 T=103 d_init=94.1 d_final=0.0
 Retrying in 1 seconds
[shaping_diag] success_cum_shaping=282.39 T=104 d_init=94.1 d_final=0.0
 Retrying in 1 seconds
[shaping_diag] success_cum_shaping=282.39 T=105 d_init=94.1 d_final=0.0
 Retrying in 1 seconds
[shaping_diag] success_cum_shaping=282.39 T=110 d_init=94.1 d_final=0.0
 Retrying in 1 seconds
[shaping_diag] success_cum_shaping=282.39 T=105 d_init=94.1 d_final=0.0
 Retrying in 1 seconds
[shaping_diag] success_cum_shaping=282.39 T=106 d_init=94.1 d_final=0.0
 Retrying in 1 seconds
[shaping_diag] success_cum_shaping=282.39 T=104 d_init=94.1 d_final=0.0
 Retrying in 1 seconds
[shaping_diag] success_cum_shaping=282.39 T=105 d_init=94.1 d_final=0.0
 Retrying in 1 seconds
[shaping_diag] success_cum_shaping=282.39 T=103 d_init=94.1 d_final=0.0
 Retrying in 1 seconds
[shaping_diag] success_cum_shaping=282.39 T=103 d_init=94.1 d_final=0.0
 Retrying in 1 seconds
[shaping_diag] success_cum_shaping=282.39 T=104 d_init=94.1 d_final=0.0
 Retrying in 1 seconds
[shaping_diag] success_cum_shaping=282.39 T=104 d_init=94.1 d_final=0.0
 Retrying in 1 seconds
[shaping_diag] success_cum_shaping=282.39 T=105 d_init=94.1 d_final=0.0
 Retrying in 1 seconds
[shaping_diag] success_cum_shaping=282.39 T=103 d_init=94.1 d_final=0.0
 Retrying in 1 seconds
[shaping_diag] success_cum_shaping=282.39 T=106 d_init=94.1 d_final=0.0
 Retrying in 1 seconds
[shaping_diag] success_cum_shaping=282.39 T=104 d_init=94.1 d_final=0.0
 Retrying in 1 seconds
[shaping_diag] success_cum_shaping=282.39 T=103 d_init=94.1 d_final=0.0
 Retrying in 1 seconds
[shaping_diag] success_cum_shaping=282.39 T=103 d_init=94.1 d_final=0.0
 Retrying in 1 seconds
[shaping_diag] success_cum_shaping=282.39 T=106 d_init=94.1 d_final=0.0
 Retrying in 1 seconds
[shaping_diag] success_cum_shaping=282.39 T=103 d_init=94.1 d_final=0.0
 Retrying in 1 seconds
[shaping_diag] success_cum_shaping=282.39 T=104 d_init=94.1 d_final=0.0
 Retrying in 1 seconds
[shaping_diag] success_cum_shaping=282.39 T=104 d_init=94.1 d_final=0.0
 Retrying in 1 seconds
 Retrying in 1 seconds
[shaping_diag] success_cum_shaping=282.39 T=107 d_init=94.1 d_final=0.0
 Retrying in 1 seconds
[shaping_diag] success_cum_shaping=282.39 T=102 d_init=94.1 d_final=0.0
 Retrying in 1 seconds
[shaping_diag] success_cum_shaping=282.39 T=102 d_init=94.1 d_final=0.0
 Retrying in 1 seconds
[shaping_diag] success_cum_shaping=282.39 T=103 d_init=94.1 d_final=0.0
 Retrying in 1 seconds
[shaping_diag] success_cum_shaping=282.39 T=104 d_init=94.1 d_final=0.0
 Retrying in 1 seconds
[shaping_diag] success_cum_shaping=282.39 T=106 d_init=94.1 d_final=0.0
 Retrying in 1 seconds
[shaping_diag] success_cum_shaping=282.39 T=103 d_init=94.1 d_final=0.0
 Retrying in 1 seconds
[shaping_diag] success_cum_shaping=282.39 T=104 d_init=94.1 d_final=0.0
 Retrying in 1 seconds
[shaping_diag] success_cum_shaping=282.39 T=132 d_init=94.1 d_final=0.0
 Retrying in 1 seconds
[shaping_diag] success_cum_shaping=282.39 T=103 d_init=94.1 d_final=0.0
 Retrying in 1 seconds
[shaping_diag] success_cum_shaping=282.39 T=103 d_init=94.1 d_final=0.0
 Retrying in 1 seconds
[shaping_diag] success_cum_shaping=282.39 T=128 d_init=94.1 d_final=0.0
 Retrying in 1 seconds
[shaping_diag] success_cum_shaping=282.39 T=103 d_init=94.1 d_final=0.0
 Retrying in 1 seconds
[shaping_diag] success_cum_shaping=282.39 T=104 d_init=94.1 d_final=0.0
 Retrying in 1 seconds
[shaping_diag] success_cum_shaping=282.39 T=104 d_init=94.1 d_final=0.0
 Retrying in 1 seconds
[shaping_diag] success_cum_shaping=282.39 T=103 d_init=94.1 d_final=0.0
 Retrying in 1 seconds
[shaping_diag] success_cum_shaping=282.39 T=106 d_init=94.1 d_final=0.0
 Retrying in 1 seconds
[shaping_diag] success_cum_shaping=282.39 T=103 d_init=94.1 d_final=0.0
 Retrying in 1 seconds
[shaping_diag] success_cum_shaping=282.39 T=106 d_init=94.1 d_final=0.0
 Retrying in 1 seconds
[shaping_diag] success_cum_shaping=282.39 T=103 d_init=94.1 d_final=0.0
 Retrying in 1 seconds
[shaping_diag] success_cum_shaping=282.39 T=107 d_init=94.1 d_final=0.0
 Retrying in 1 seconds
[shaping_diag] success_cum_shaping=282.39 T=103 d_init=94.1 d_final=0.0
 Retrying in 1 seconds
[shaping_diag] success_cum_shaping=282.39 T=103 d_init=94.1 d_final=0.0
 Retrying in 1 seconds
[shaping_diag] success_cum_shaping=282.39 T=102 d_init=94.1 d_final=0.0
 Retrying in 1 seconds
[shaping_diag] success_cum_shaping=282.39 T=105 d_init=94.1 d_final=0.0
 Retrying in 1 seconds
[shaping_diag] success_cum_shaping=282.39 T=103 d_init=94.1 d_final=0.0
 Retrying in 1 seconds
[shaping_diag] success_cum_shaping=282.39 T=105 d_init=94.1 d_final=0.0
 Retrying in 1 seconds
[shaping_diag] success_cum_shaping=282.39 T=104 d_init=94.1 d_final=0.0
 Retrying in 1 seconds
[shaping_diag] success_cum_shaping=282.39 T=104 d_init=94.1 d_final=0.0
Warning: Vehicle 'other' performs emergency braking on lane ':center_8_0' with decel=9.00, wished=5.00, severity=1.00, time=7.50.
 Retrying in 1 seconds
 Retrying in 1 seconds
[shaping_diag] success_cum_shaping=282.39 T=105 d_init=94.1 d_final=0.0
 Retrying in 1 seconds
[shaping_diag] success_cum_shaping=282.39 T=103 d_init=94.1 d_final=0.0
 Retrying in 1 seconds
[shaping_diag] success_cum_shaping=282.39 T=107 d_init=94.1 d_final=0.0
 Retrying in 1 seconds
[shaping_diag] success_cum_shaping=282.39 T=106 d_init=94.1 d_final=0.0
 Retrying in 1 seconds
[shaping_diag] success_cum_shaping=282.39 T=103 d_init=94.1 d_final=0.0
 Retrying in 1 seconds
[shaping_diag] success_cum_shaping=282.39 T=103 d_init=94.1 d_final=0.0
 Retrying in 1 seconds
[shaping_diag] success_cum_shaping=282.39 T=107 d_init=94.1 d_final=0.0
Warning: Vehicle 'other' performs emergency braking on lane ':center_8_0' with decel=9.00, wished=7.00, severity=1.00, time=7.70.
 Retrying in 1 seconds
 Retrying in 1 seconds
[shaping_diag] success_cum_shaping=282.39 T=104 d_init=94.1 d_final=0.0
 Retrying in 1 seconds
 Retrying in 1 seconds
[shaping_diag] success_cum_shaping=282.39 T=108 d_init=94.1 d_final=0.0
 Retrying in 1 seconds
[shaping_diag] success_cum_shaping=282.39 T=103 d_init=94.1 d_final=0.0
 Retrying in 1 seconds
[shaping_diag] success_cum_shaping=282.39 T=105 d_init=94.1 d_final=0.0
 Retrying in 1 seconds
[shaping_diag] success_cum_shaping=282.39 T=103 d_init=94.1 d_final=0.0
 Retrying in 1 seconds
[shaping_diag] success_cum_shaping=282.39 T=105 d_init=94.1 d_final=0.0
 Retrying in 1 seconds
[shaping_diag] success_cum_shaping=282.39 T=104 d_init=94.1 d_final=0.0
Warning: Vehicle 'ego'; junction collision with vehicle 'other', lane=':center_4_0', gap=-1.00, time=8.00 stage=move.
 Retrying in 1 seconds
 Retrying in 1 seconds
[shaping_diag] success_cum_shaping=282.39 T=103 d_init=94.1 d_final=0.0
 Retrying in 1 seconds
[shaping_diag] success_cum_shaping=282.39 T=104 d_init=94.1 d_final=0.0
 Retrying in 1 seconds
[shaping_diag] success_cum_shaping=282.39 T=105 d_init=94.1 d_final=0.0
 Retrying in 1 seconds
[shaping_diag] success_cum_shaping=282.39 T=102 d_init=94.1 d_final=0.0
 Retrying in 1 seconds
[shaping_diag] success_cum_shaping=282.39 T=104 d_init=94.1 d_final=0.0
 Retrying in 1 seconds
[shaping_diag] success_cum_shaping=282.39 T=103 d_init=94.1 d_final=0.0
Warning: Vehicle 'ego'; junction collision with vehicle 'other', lane=':center_4_0', gap=-1.00, time=7.50 stage=move.
 Retrying in 1 seconds
 Retrying in 1 seconds
[shaping_diag] success_cum_shaping=282.39 T=104 d_init=94.1 d_final=0.0
 Retrying in 1 seconds
[shaping_diag] success_cum_shaping=282.39 T=104 d_init=94.1 d_final=0.0
 Retrying in 1 seconds
[shaping_diag] success_cum_shaping=282.39 T=103 d_init=94.1 d_final=0.0
 Retrying in 1 seconds
[shaping_diag] success_cum_shaping=282.39 T=105 d_init=94.1 d_final=0.0
 Retrying in 1 seconds
[shaping_diag] success_cum_shaping=282.39 T=104 d_init=94.1 d_final=0.0
 Retrying in 1 seconds
[shaping_diag] success_cum_shaping=282.39 T=109 d_init=94.1 d_final=0.0
 Retrying in 1 seconds
[shaping_diag] success_cum_shaping=282.39 T=104 d_init=94.1 d_final=0.0
 Retrying in 1 seconds
[shaping_diag] success_cum_shaping=282.39 T=104 d_init=94.1 d_final=0.0
 Retrying in 1 seconds
[shaping_diag] success_cum_shaping=282.39 T=103 d_init=94.1 d_final=0.0
 Retrying in 1 seconds
[shaping_diag] success_cum_shaping=282.39 T=106 d_init=94.1 d_final=0.0
 Retrying in 1 seconds
[shaping_diag] success_cum_shaping=282.39 T=103 d_init=94.1 d_final=0.0
Warning: Vehicle 'ego'; collision with vehicle 'other', lane='right_out_0', gap=-1.32, time=8.00 stage=move.
 Retrying in 1 seconds
 Retrying in 1 seconds
[shaping_diag] success_cum_shaping=282.39 T=103 d_init=94.1 d_final=0.0
 Retrying in 1 seconds
[shaping_diag] success_cum_shaping=282.39 T=104 d_init=94.1 d_final=0.0
 Retrying in 1 seconds
[shaping_diag] success_cum_shaping=282.39 T=103 d_init=94.1 d_final=0.0
 Retrying in 1 seconds
[shaping_diag] success_cum_shaping=282.39 T=110 d_init=94.1 d_final=0.0
 Retrying in 1 seconds
[shaping_diag] success_cum_shaping=282.39 T=104 d_init=94.1 d_final=0.0
 Retrying in 1 seconds
[shaping_diag] success_cum_shaping=282.39 T=103 d_init=94.1 d_final=0.0
 Retrying in 1 seconds
[shaping_diag] success_cum_shaping=282.39 T=114 d_init=94.1 d_final=0.0
 Retrying in 1 seconds
[shaping_diag] success_cum_shaping=282.39 T=103 d_init=94.1 d_final=0.0
Warning: Vehicle 'ego'; junction collision with vehicle 'other', lane=':center_4_0', gap=-1.00, time=7.80 stage=move.
 Retrying in 1 seconds
 Retrying in 1 seconds
[shaping_diag] success_cum_shaping=282.39 T=103 d_init=94.1 d_final=0.0
 Retrying in 1 seconds
[shaping_diag] success_cum_shaping=282.39 T=106 d_init=94.1 d_final=0.0
Warning: Vehicle 'other' performs emergency braking on lane ':center_8_0' with decel=9.00, wished=7.00, severity=1.00, time=7.50.
 Retrying in 1 seconds
 Retrying in 1 seconds
[shaping_diag] success_cum_shaping=282.39 T=102 d_init=94.1 d_final=0.0
 Retrying in 1 seconds
[shaping_diag] success_cum_shaping=282.39 T=103 d_init=94.1 d_final=0.0
 Retrying in 1 seconds
 Retrying in 1 seconds
[shaping_diag] success_cum_shaping=282.39 T=103 d_init=94.1 d_final=0.0
 Retrying in 1 seconds
[shaping_diag] success_cum_shaping=282.39 T=103 d_init=94.1 d_final=0.0
 Retrying in 1 seconds
[shaping_diag] success_cum_shaping=282.39 T=104 d_init=94.1 d_final=0.0
 Retrying in 1 seconds
[shaping_diag] success_cum_shaping=282.39 T=103 d_init=94.1 d_final=0.0
Warning: Vehicle 'ego'; junction collision with vehicle 'other', lane=':center_4_0', gap=-1.00, time=8.00 stage=move.
Warning: Vehicle 'other' performs emergency braking on lane ':center_8_0' with decel=9.00, wished=5.00, severity=1.00, time=7.20.
Warning: Vehicle 'ego'; junction collision with vehicle 'other', lane=':center_4_0', gap=-1.00, time=7.40 stage=move.
 Retrying in 1 seconds
 Retrying in 1 seconds
 Retrying in 1 seconds
[shaping_diag] success_cum_shaping=282.39 T=122 d_init=94.1 d_final=0.0
 Retrying in 1 seconds
[shaping_diag] success_cum_shaping=282.39 T=105 d_init=94.1 d_final=0.0
 Retrying in 1 seconds
[shaping_diag] success_cum_shaping=282.39 T=103 d_init=94.1 d_final=0.0
 Retrying in 1 seconds
[shaping_diag] success_cum_shaping=282.39 T=104 d_init=94.1 d_final=0.0
 Retrying in 1 seconds
[shaping_diag] success_cum_shaping=282.39 T=103 d_init=94.1 d_final=0.0
 Retrying in 1 seconds
[shaping_diag] success_cum_shaping=282.39 T=109 d_init=94.1 d_final=0.0
 Retrying in 1 seconds
[shaping_diag] success_cum_shaping=282.39 T=102 d_init=94.1 d_final=0.0
 Retrying in 1 seconds
[shaping_diag] success_cum_shaping=282.39 T=102 d_init=94.1 d_final=0.0
 Retrying in 1 seconds
 Retrying in 1 seconds
[shaping_diag] success_cum_shaping=282.39 T=121 d_init=94.1 d_final=0.0
 Retrying in 1 seconds
[shaping_diag] success_cum_shaping=282.39 T=118 d_init=94.1 d_final=0.0
 Retrying in 1 seconds
[shaping_diag] success_cum_shaping=282.39 T=103 d_init=94.1 d_final=0.0
 Retrying in 1 seconds
[shaping_diag] success_cum_shaping=282.39 T=107 d_init=94.1 d_final=0.0
 Retrying in 1 seconds
[shaping_diag] success_cum_shaping=282.39 T=103 d_init=94.1 d_final=0.0
Warning: Vehicle 'other' performs emergency braking on lane ':center_8_0' with decel=9.00, wished=5.00, severity=1.00, time=7.50.
Warning: Vehicle 'ego'; junction collision with vehicle 'other', lane=':center_4_0', gap=-1.00, time=7.80 stage=move.
 Retrying in 1 seconds
 Retrying in 1 seconds
[shaping_diag] success_cum_shaping=282.39 T=103 d_init=94.1 d_final=0.0
 Retrying in 1 seconds
[shaping_diag] success_cum_shaping=282.39 T=119 d_init=94.1 d_final=0.0
 Retrying in 1 seconds
[shaping_diag] success_cum_shaping=282.39 T=115 d_init=94.1 d_final=0.0
 Retrying in 1 seconds
[shaping_diag] success_cum_shaping=282.39 T=103 d_init=94.1 d_final=0.0
 Retrying in 1 seconds
[shaping_diag] success_cum_shaping=282.39 T=103 d_init=94.1 d_final=0.0
 Retrying in 1 seconds
[shaping_diag] success_cum_shaping=282.39 T=103 d_init=94.1 d_final=0.0
 Retrying in 1 seconds
[shaping_diag] success_cum_shaping=282.39 T=103 d_init=94.1 d_final=0.0
 Retrying in 1 seconds
[shaping_diag] success_cum_shaping=282.39 T=103 d_init=94.1 d_final=0.0
 Retrying in 1 seconds
[shaping_diag] success_cum_shaping=282.39 T=103 d_init=94.1 d_final=0.0
 Retrying in 1 seconds
[shaping_diag] success_cum_shaping=282.39 T=108 d_init=94.1 d_final=0.0
 Retrying in 1 seconds
[shaping_diag] success_cum_shaping=282.39 T=103 d_init=94.1 d_final=0.0
 Retrying in 1 seconds
[shaping_diag] success_cum_shaping=282.39 T=106 d_init=94.1 d_final=0.0
Warning: Vehicle 'other' performs emergency braking on lane ':center_8_0' with decel=9.00, wished=5.00, severity=1.00, time=7.80.
 Retrying in 1 seconds
 Retrying in 1 seconds
[shaping_diag] success_cum_shaping=282.39 T=104 d_init=94.1 d_final=0.0
 Retrying in 1 seconds
[shaping_diag] success_cum_shaping=282.39 T=103 d_init=94.1 d_final=0.0
Warning: Vehicle 'other' performs emergency braking on lane ':center_8_0' with decel=9.00, wished=5.00, severity=1.00, time=7.10.
 Retrying in 1 seconds
[shaping_diag] success_cum_shaping=282.39 T=104 d_init=94.1 d_final=0.0
 Retrying in 1 seconds
[shaping_diag] success_cum_shaping=282.39 T=123 d_init=94.1 d_final=0.0
 Retrying in 1 seconds
[shaping_diag] success_cum_shaping=282.39 T=104 d_init=94.1 d_final=0.0
 Retrying in 1 seconds
 Retrying in 1 seconds
[shaping_diag] success_cum_shaping=282.39 T=102 d_init=94.1 d_final=0.0
 Retrying in 1 seconds
[shaping_diag] success_cum_shaping=282.39 T=102 d_init=94.1 d_final=0.0
 Retrying in 1 seconds
[shaping_diag] success_cum_shaping=282.39 T=102 d_init=94.1 d_final=0.0
 Retrying in 1 seconds
[shaping_diag] success_cum_shaping=282.39 T=102 d_init=94.1 d_final=0.0
 Retrying in 1 seconds
[shaping_diag] success_cum_shaping=282.39 T=102 d_init=94.1 d_final=0.0
 Retrying in 1 seconds
[shaping_diag] success_cum_shaping=282.39 T=102 d_init=94.1 d_final=0.0
 Retrying in 1 seconds
[shaping_diag] success_cum_shaping=282.39 T=102 d_init=94.1 d_final=0.0
 Retrying in 1 seconds
[shaping_diag] success_cum_shaping=282.39 T=102 d_init=94.1 d_final=0.0
 Retrying in 1 seconds
[shaping_diag] success_cum_shaping=282.39 T=102 d_init=94.1 d_final=0.0
 Retrying in 1 seconds
[shaping_diag] success_cum_shaping=282.39 T=102 d_init=94.1 d_final=0.0
[cbf_aux] step=208896 ret=455.02 coll=0 ttc=7.12 cbf_res=0.3012
 Retrying in 1 seconds
[shaping_diag] success_cum_shaping=282.39 T=103 d_init=94.1 d_final=0.0
 Retrying in 1 seconds
[shaping_diag] success_cum_shaping=282.39 T=103 d_init=94.1 d_final=0.0
Warning: Vehicle 'ego'; junction collision with vehicle 'other', lane=':center_4_0', gap=-1.00, time=7.80 stage=move.
 Retrying in 1 seconds
 Retrying in 1 seconds
[shaping_diag] success_cum_shaping=282.39 T=106 d_init=94.1 d_final=0.0
 Retrying in 1 seconds
[shaping_diag] success_cum_shaping=282.39 T=105 d_init=94.1 d_final=0.0
 Retrying in 1 seconds
[shaping_diag] success_cum_shaping=282.39 T=103 d_init=94.1 d_final=0.0
 Retrying in 1 seconds
[shaping_diag] success_cum_shaping=282.39 T=104 d_init=94.1 d_final=0.0
 Retrying in 1 seconds
[shaping_diag] success_cum_shaping=282.39 T=103 d_init=94.1 d_final=0.0
 Retrying in 1 seconds
[shaping_diag] success_cum_shaping=282.39 T=104 d_init=94.1 d_final=0.0
 Retrying in 1 seconds
[shaping_diag] success_cum_shaping=282.39 T=103 d_init=94.1 d_final=0.0
 Retrying in 1 seconds
[shaping_diag] success_cum_shaping=282.39 T=103 d_init=94.1 d_final=0.0
 Retrying in 1 seconds
[shaping_diag] success_cum_shaping=282.39 T=105 d_init=94.1 d_final=0.0
 Retrying in 1 seconds
[shaping_diag] success_cum_shaping=282.39 T=107 d_init=94.1 d_final=0.0
 Retrying in 1 seconds
[shaping_diag] success_cum_shaping=282.39 T=103 d_init=94.1 d_final=0.0
 Retrying in 1 seconds
[shaping_diag] success_cum_shaping=282.39 T=103 d_init=94.1 d_final=0.0
 Retrying in 1 seconds
[shaping_diag] success_cum_shaping=282.39 T=103 d_init=94.1 d_final=0.0
 Retrying in 1 seconds
[shaping_diag] success_cum_shaping=282.39 T=104 d_init=94.1 d_final=0.0
 Retrying in 1 seconds
[shaping_diag] success_cum_shaping=282.39 T=103 d_init=94.1 d_final=0.0
 Retrying in 1 seconds
[shaping_diag] success_cum_shaping=282.39 T=102 d_init=94.1 d_final=0.0
 Retrying in 1 seconds
[shaping_diag] success_cum_shaping=282.39 T=108 d_init=94.1 d_final=0.0
 Retrying in 1 seconds
[shaping_diag] success_cum_shaping=282.39 T=103 d_init=94.1 d_final=0.0
 Retrying in 1 seconds
[shaping_diag] success_cum_shaping=282.39 T=113 d_init=94.1 d_final=0.0
 Retrying in 1 seconds
[shaping_diag] success_cum_shaping=282.39 T=106 d_init=94.1 d_final=0.0
 Retrying in 1 seconds
[shaping_diag] success_cum_shaping=282.39 T=104 d_init=94.1 d_final=0.0
 Retrying in 1 seconds
[shaping_diag] success_cum_shaping=282.39 T=103 d_init=94.1 d_final=0.0
 Retrying in 1 seconds
[shaping_diag] success_cum_shaping=282.39 T=111 d_init=94.1 d_final=0.0
 Retrying in 1 seconds
[shaping_diag] success_cum_shaping=282.39 T=104 d_init=94.1 d_final=0.0
 Retrying in 1 seconds
[shaping_diag] success_cum_shaping=282.39 T=104 d_init=94.1 d_final=0.0
 Retrying in 1 seconds
[shaping_diag] success_cum_shaping=282.39 T=104 d_init=94.1 d_final=0.0
 Retrying in 1 seconds
[shaping_diag] success_cum_shaping=282.39 T=104 d_init=94.1 d_final=0.0
 Retrying in 1 seconds
[shaping_diag] success_cum_shaping=282.39 T=116 d_init=94.1 d_final=0.0
 Retrying in 1 seconds
[shaping_diag] success_cum_shaping=282.39 T=104 d_init=94.1 d_final=0.0
 Retrying in 1 seconds
[shaping_diag] success_cum_shaping=282.39 T=103 d_init=94.1 d_final=0.0
 Retrying in 1 seconds
[shaping_diag] success_cum_shaping=282.39 T=104 d_init=94.1 d_final=0.0
 Retrying in 1 seconds
[shaping_diag] success_cum_shaping=282.39 T=105 d_init=94.1 d_final=0.0
 Retrying in 1 seconds
[shaping_diag] success_cum_shaping=282.39 T=103 d_init=94.1 d_final=0.0
 Retrying in 1 seconds
[shaping_diag] success_cum_shaping=282.39 T=106 d_init=94.1 d_final=0.0
 Retrying in 1 seconds
[shaping_diag] success_cum_shaping=282.39 T=112 d_init=94.1 d_final=0.0
 Retrying in 1 seconds
[shaping_diag] success_cum_shaping=282.39 T=104 d_init=94.1 d_final=0.0
 Retrying in 1 seconds
 Retrying in 1 seconds
[shaping_diag] success_cum_shaping=282.39 T=106 d_init=94.1 d_final=0.0
 Retrying in 1 seconds
[shaping_diag] success_cum_shaping=282.39 T=104 d_init=94.1 d_final=0.0
 Retrying in 1 seconds
[shaping_diag] success_cum_shaping=282.39 T=102 d_init=94.1 d_final=0.0
 Retrying in 1 seconds
[shaping_diag] success_cum_shaping=282.39 T=104 d_init=94.1 d_final=0.0
 Retrying in 1 seconds
[shaping_diag] success_cum_shaping=282.39 T=103 d_init=94.1 d_final=0.0
 Retrying in 1 seconds
[shaping_diag] success_cum_shaping=282.39 T=104 d_init=94.1 d_final=0.0
 Retrying in 1 seconds
[shaping_diag] success_cum_shaping=282.39 T=103 d_init=94.1 d_final=0.0
 Retrying in 1 seconds
[shaping_diag] success_cum_shaping=282.39 T=108 d_init=94.1 d_final=0.0
 Retrying in 1 seconds
[shaping_diag] success_cum_shaping=282.39 T=102 d_init=94.1 d_final=0.0
 Retrying in 1 seconds
[shaping_diag] success_cum_shaping=282.39 T=102 d_init=94.1 d_final=0.0
 Retrying in 1 seconds
[shaping_diag] success_cum_shaping=282.39 T=103 d_init=94.1 d_final=0.0
 Retrying in 1 seconds
[shaping_diag] success_cum_shaping=282.39 T=103 d_init=94.1 d_final=0.0
 Retrying in 1 seconds
[shaping_diag] success_cum_shaping=282.39 T=103 d_init=94.1 d_final=0.0
 Retrying in 1 seconds
[shaping_diag] success_cum_shaping=282.39 T=102 d_init=94.1 d_final=0.0
 Retrying in 1 seconds
[shaping_diag] success_cum_shaping=282.39 T=105 d_init=94.1 d_final=0.0
 Retrying in 1 seconds
[shaping_diag] success_cum_shaping=282.39 T=103 d_init=94.1 d_final=0.0
 Retrying in 1 seconds
[shaping_diag] success_cum_shaping=282.39 T=129 d_init=94.1 d_final=0.0
 Retrying in 1 seconds
[shaping_diag] success_cum_shaping=282.39 T=103 d_init=94.1 d_final=0.0
 Retrying in 1 seconds
[shaping_diag] success_cum_shaping=282.39 T=103 d_init=94.1 d_final=0.0
 Retrying in 1 seconds
[shaping_diag] success_cum_shaping=282.39 T=103 d_init=94.1 d_final=0.0
 Retrying in 1 seconds
[shaping_diag] success_cum_shaping=282.39 T=103 d_init=94.1 d_final=0.0
 Retrying in 1 seconds
[shaping_diag] success_cum_shaping=282.39 T=107 d_init=94.1 d_final=0.0
 Retrying in 1 seconds
[shaping_diag] success_cum_shaping=282.39 T=105 d_init=94.1 d_final=0.0
 Retrying in 1 seconds
[shaping_diag] success_cum_shaping=282.39 T=102 d_init=94.1 d_final=0.0
 Retrying in 1 seconds
[shaping_diag] success_cum_shaping=282.39 T=104 d_init=94.1 d_final=0.0
 Retrying in 1 seconds
[shaping_diag] success_cum_shaping=282.39 T=103 d_init=94.1 d_final=0.0
 Retrying in 1 seconds
[shaping_diag] success_cum_shaping=282.39 T=103 d_init=94.1 d_final=0.0
 Retrying in 1 seconds
[shaping_diag] success_cum_shaping=282.39 T=102 d_init=94.1 d_final=0.0
 Retrying in 1 seconds
[shaping_diag] success_cum_shaping=282.39 T=104 d_init=94.1 d_final=0.0
Warning: Vehicle 'ego'; collision with vehicle 'other', lane='right_out_0', gap=-0.68, time=7.70 stage=move.
 Retrying in 1 seconds
 Retrying in 1 seconds
[shaping_diag] success_cum_shaping=282.39 T=104 d_init=94.1 d_final=0.0
 Retrying in 1 seconds
[shaping_diag] success_cum_shaping=282.39 T=104 d_init=94.1 d_final=0.0
 Retrying in 1 seconds
[shaping_diag] success_cum_shaping=282.39 T=110 d_init=94.1 d_final=0.0
 Retrying in 1 seconds
[shaping_diag] success_cum_shaping=282.39 T=105 d_init=94.1 d_final=0.0
 Retrying in 1 seconds
[shaping_diag] success_cum_shaping=282.39 T=103 d_init=94.1 d_final=0.0
 Retrying in 1 seconds
[shaping_diag] success_cum_shaping=282.39 T=104 d_init=94.1 d_final=0.0
 Retrying in 1 seconds
[shaping_diag] success_cum_shaping=282.39 T=108 d_init=94.1 d_final=0.0
 Retrying in 1 seconds
[shaping_diag] success_cum_shaping=282.39 T=104 d_init=94.1 d_final=0.0
 Retrying in 1 seconds
[shaping_diag] success_cum_shaping=282.39 T=102 d_init=94.1 d_final=0.0
 Retrying in 1 seconds
 Retrying in 1 seconds
[shaping_diag] success_cum_shaping=282.39 T=103 d_init=94.1 d_final=0.0
 Retrying in 1 seconds
[shaping_diag] success_cum_shaping=282.39 T=102 d_init=94.1 d_final=0.0
 Retrying in 1 seconds
[shaping_diag] success_cum_shaping=282.39 T=103 d_init=94.1 d_final=0.0
 Retrying in 1 seconds
[shaping_diag] success_cum_shaping=282.39 T=104 d_init=94.1 d_final=0.0
 Retrying in 1 seconds
[shaping_diag] success_cum_shaping=282.39 T=103 d_init=94.1 d_final=0.0
 Retrying in 1 seconds
[shaping_diag] success_cum_shaping=282.39 T=103 d_init=94.1 d_final=0.0
 Retrying in 1 seconds
[shaping_diag] success_cum_shaping=282.39 T=105 d_init=94.1 d_final=0.0
 Retrying in 1 seconds
[shaping_diag] success_cum_shaping=282.39 T=104 d_init=94.1 d_final=0.0
 Retrying in 1 seconds
[shaping_diag] success_cum_shaping=282.39 T=103 d_init=94.1 d_final=0.0
 Retrying in 1 seconds
[shaping_diag] success_cum_shaping=282.39 T=106 d_init=94.1 d_final=0.0
 Retrying in 1 seconds
[shaping_diag] success_cum_shaping=282.39 T=103 d_init=94.1 d_final=0.0
 Retrying in 1 seconds
[shaping_diag] success_cum_shaping=282.39 T=105 d_init=94.1 d_final=0.0
 Retrying in 1 seconds
[shaping_diag] success_cum_shaping=282.39 T=103 d_init=94.1 d_final=0.0
 Retrying in 1 seconds
[shaping_diag] success_cum_shaping=282.39 T=103 d_init=94.1 d_final=0.0
 Retrying in 1 seconds
[shaping_diag] success_cum_shaping=282.39 T=103 d_init=94.1 d_final=0.0
 Retrying in 1 seconds
[shaping_diag] success_cum_shaping=282.39 T=103 d_init=94.1 d_final=0.0
 Retrying in 1 seconds
[shaping_diag] success_cum_shaping=282.39 T=104 d_init=94.1 d_final=0.0
 Retrying in 1 seconds
[shaping_diag] success_cum_shaping=282.39 T=102 d_init=94.1 d_final=0.0
 Retrying in 1 seconds
[shaping_diag] success_cum_shaping=282.39 T=103 d_init=94.1 d_final=0.0
 Retrying in 1 seconds
[shaping_diag] success_cum_shaping=282.39 T=103 d_init=94.1 d_final=0.0
 Retrying in 1 seconds
[shaping_diag] success_cum_shaping=282.39 T=103 d_init=94.1 d_final=0.0
 Retrying in 1 seconds
[shaping_diag] success_cum_shaping=282.39 T=103 d_init=94.1 d_final=0.0
 Retrying in 1 seconds
[shaping_diag] success_cum_shaping=282.39 T=104 d_init=94.1 d_final=0.0
 Retrying in 1 seconds
[shaping_diag] success_cum_shaping=282.39 T=103 d_init=94.1 d_final=0.0
 Retrying in 1 seconds
[shaping_diag] success_cum_shaping=282.39 T=107 d_init=94.1 d_final=0.0
 Retrying in 1 seconds
[shaping_diag] success_cum_shaping=282.39 T=103 d_init=94.1 d_final=0.0
 Retrying in 1 seconds
[shaping_diag] success_cum_shaping=282.39 T=104 d_init=94.1 d_final=0.0
 Retrying in 1 seconds
[shaping_diag] success_cum_shaping=282.39 T=103 d_init=94.1 d_final=0.0
 Retrying in 1 seconds
[shaping_diag] success_cum_shaping=282.39 T=104 d_init=94.1 d_final=0.0
 Retrying in 1 seconds
[shaping_diag] success_cum_shaping=282.39 T=109 d_init=94.1 d_final=0.0
 Retrying in 1 seconds
[shaping_diag] success_cum_shaping=282.39 T=103 d_init=94.1 d_final=0.0
 Retrying in 1 seconds
[shaping_diag] success_cum_shaping=282.39 T=103 d_init=94.1 d_final=0.0
 Retrying in 1 seconds
[shaping_diag] success_cum_shaping=282.39 T=104 d_init=94.1 d_final=0.0
 Retrying in 1 seconds
[shaping_diag] success_cum_shaping=282.39 T=103 d_init=94.1 d_final=0.0
 Retrying in 1 seconds
[shaping_diag] success_cum_shaping=282.39 T=102 d_init=94.1 d_final=0.0
 Retrying in 1 seconds
[shaping_diag] success_cum_shaping=282.39 T=104 d_init=94.1 d_final=0.0
 Retrying in 1 seconds
[shaping_diag] success_cum_shaping=282.39 T=104 d_init=94.1 d_final=0.0
 Retrying in 1 seconds
[shaping_diag] success_cum_shaping=282.39 T=118 d_init=94.1 d_final=0.0
 Retrying in 1 seconds
[shaping_diag] success_cum_shaping=282.39 T=103 d_init=94.1 d_final=0.0
Warning: Vehicle 'ego'; collision with vehicle 'other', lane='right_out_0', gap=-0.86, time=7.70 stage=move.
 Retrying in 1 seconds
 Retrying in 1 seconds
 Retrying in 1 seconds
[shaping_diag] success_cum_shaping=282.39 T=103 d_init=94.1 d_final=0.0
 Retrying in 1 seconds
[shaping_diag] success_cum_shaping=282.39 T=103 d_init=94.1 d_final=0.0
Warning: Vehicle 'ego'; collision with vehicle 'other', lane='right_out_0', gap=-0.48, time=8.10 stage=move.
 Retrying in 1 seconds
 Retrying in 1 seconds
[shaping_diag] success_cum_shaping=282.39 T=103 d_init=94.1 d_final=0.0
 Retrying in 1 seconds
[shaping_diag] success_cum_shaping=282.39 T=104 d_init=94.1 d_final=0.0
 Retrying in 1 seconds
[shaping_diag] success_cum_shaping=282.39 T=107 d_init=94.1 d_final=0.0
 Retrying in 1 seconds
[shaping_diag] success_cum_shaping=282.39 T=108 d_init=94.1 d_final=0.0
Warning: Vehicle 'other' performs emergency braking on lane ':center_8_0' with decel=9.00, wished=5.00, severity=1.00, time=7.50.
 Retrying in 1 seconds
 Retrying in 1 seconds
 Retrying in 1 seconds
[shaping_diag] success_cum_shaping=282.39 T=104 d_init=94.1 d_final=0.0
 Retrying in 1 seconds
[shaping_diag] success_cum_shaping=282.39 T=104 d_init=94.1 d_final=0.0
 Retrying in 1 seconds
[shaping_diag] success_cum_shaping=282.39 T=115 d_init=94.1 d_final=0.0
 Retrying in 1 seconds
[shaping_diag] success_cum_shaping=282.39 T=103 d_init=94.1 d_final=0.0
 Retrying in 1 seconds
[shaping_diag] success_cum_shaping=282.39 T=107 d_init=94.1 d_final=0.0
Warning: Vehicle 'other' performs emergency braking on lane ':center_8_0' with decel=9.00, wished=7.00, severity=1.00, time=7.40.
 Retrying in 1 seconds
 Retrying in 1 seconds
[shaping_diag] success_cum_shaping=282.39 T=104 d_init=94.1 d_final=0.0
 Retrying in 1 seconds
[shaping_diag] success_cum_shaping=282.39 T=114 d_init=94.1 d_final=0.0
 Retrying in 1 seconds
[shaping_diag] success_cum_shaping=282.39 T=105 d_init=94.1 d_final=0.0
 Retrying in 1 seconds
[shaping_diag] success_cum_shaping=282.39 T=105 d_init=94.1 d_final=0.0
 Retrying in 1 seconds
[shaping_diag] success_cum_shaping=282.39 T=108 d_init=94.1 d_final=0.0
 Retrying in 1 seconds
[shaping_diag] success_cum_shaping=282.39 T=105 d_init=94.1 d_final=0.0
 Retrying in 1 seconds
[shaping_diag] success_cum_shaping=282.39 T=103 d_init=94.1 d_final=0.0
 Retrying in 1 seconds
[shaping_diag] success_cum_shaping=282.39 T=114 d_init=94.1 d_final=0.0
 Retrying in 1 seconds
[shaping_diag] success_cum_shaping=282.39 T=108 d_init=94.1 d_final=0.0
 Retrying in 1 seconds
[shaping_diag] success_cum_shaping=282.39 T=104 d_init=94.1 d_final=0.0
 Retrying in 1 seconds
[shaping_diag] success_cum_shaping=282.39 T=104 d_init=94.1 d_final=0.0
 Retrying in 1 seconds
[shaping_diag] success_cum_shaping=282.39 T=112 d_init=94.1 d_final=0.0
 Retrying in 1 seconds
[shaping_diag] success_cum_shaping=282.39 T=104 d_init=94.1 d_final=0.0
 Retrying in 1 seconds
[shaping_diag] success_cum_shaping=282.39 T=106 d_init=94.1 d_final=0.0
 Retrying in 1 seconds
[shaping_diag] success_cum_shaping=282.39 T=108 d_init=94.1 d_final=0.0
 Retrying in 1 seconds
[shaping_diag] success_cum_shaping=282.39 T=110 d_init=94.1 d_final=0.0
 Retrying in 1 seconds
[shaping_diag] success_cum_shaping=282.39 T=109 d_init=94.1 d_final=0.0
 Retrying in 1 seconds
[shaping_diag] success_cum_shaping=282.39 T=105 d_init=94.1 d_final=0.0
 Retrying in 1 seconds
[shaping_diag] success_cum_shaping=282.39 T=106 d_init=94.1 d_final=0.0
 Retrying in 1 seconds
[shaping_diag] success_cum_shaping=282.39 T=104 d_init=94.1 d_final=0.0
 Retrying in 1 seconds
[shaping_diag] success_cum_shaping=282.39 T=110 d_init=94.1 d_final=0.0
 Retrying in 1 seconds
[shaping_diag] success_cum_shaping=282.39 T=105 d_init=94.1 d_final=0.0
 Retrying in 1 seconds
[shaping_diag] success_cum_shaping=282.39 T=104 d_init=94.1 d_final=0.0
 Retrying in 1 seconds
 Retrying in 1 seconds
[shaping_diag] success_cum_shaping=282.39 T=109 d_init=94.1 d_final=0.0
 Retrying in 1 seconds
[shaping_diag] success_cum_shaping=282.39 T=105 d_init=94.1 d_final=0.0
 Retrying in 1 seconds
[shaping_diag] success_cum_shaping=282.39 T=106 d_init=94.1 d_final=0.0
 Retrying in 1 seconds
[shaping_diag] success_cum_shaping=282.39 T=104 d_init=94.1 d_final=0.0
 Retrying in 1 seconds
[shaping_diag] success_cum_shaping=282.39 T=106 d_init=94.1 d_final=0.0
 Retrying in 1 seconds
[shaping_diag] success_cum_shaping=282.39 T=103 d_init=94.1 d_final=0.0
 Retrying in 1 seconds
[shaping_diag] success_cum_shaping=282.39 T=106 d_init=94.1 d_final=0.0
 Retrying in 1 seconds
[shaping_diag] success_cum_shaping=282.39 T=105 d_init=94.1 d_final=0.0
 Retrying in 1 seconds
[shaping_diag] success_cum_shaping=282.39 T=106 d_init=94.1 d_final=0.0
 Retrying in 1 seconds
[shaping_diag] success_cum_shaping=282.39 T=110 d_init=94.1 d_final=0.0
 Retrying in 1 seconds
[shaping_diag] success_cum_shaping=282.39 T=105 d_init=94.1 d_final=0.0
 Retrying in 1 seconds
[shaping_diag] success_cum_shaping=282.39 T=108 d_init=94.1 d_final=0.0
 Retrying in 1 seconds
[shaping_diag] success_cum_shaping=282.39 T=107 d_init=94.1 d_final=0.0
 Retrying in 1 seconds
[shaping_diag] success_cum_shaping=282.39 T=106 d_init=94.1 d_final=0.0
Warning: Vehicle 'other' performs emergency braking on lane ':center_8_0' with decel=9.00, wished=5.00, severity=1.00, time=7.30.
Warning: Vehicle 'ego'; junction collision with vehicle 'other', lane=':center_4_0', gap=-1.00, time=7.60 stage=move.
 Retrying in 1 seconds
 Retrying in 1 seconds
[shaping_diag] success_cum_shaping=282.39 T=107 d_init=94.1 d_final=0.0
 Retrying in 1 seconds
[shaping_diag] success_cum_shaping=282.39 T=105 d_init=94.1 d_final=0.0
 Retrying in 1 seconds
[shaping_diag] success_cum_shaping=282.39 T=103 d_init=94.1 d_final=0.0
 Retrying in 1 seconds
[shaping_diag] success_cum_shaping=282.39 T=110 d_init=94.1 d_final=0.0
 Retrying in 1 seconds
[shaping_diag] success_cum_shaping=282.39 T=106 d_init=94.1 d_final=0.0
 Retrying in 1 seconds
[shaping_diag] success_cum_shaping=282.39 T=106 d_init=94.1 d_final=0.0
 Retrying in 1 seconds
[shaping_diag] success_cum_shaping=282.39 T=109 d_init=94.1 d_final=0.0
 Retrying in 1 seconds
[shaping_diag] success_cum_shaping=282.39 T=108 d_init=94.1 d_final=0.0
 Retrying in 1 seconds
[shaping_diag] success_cum_shaping=282.39 T=104 d_init=94.1 d_final=0.0
Warning: Vehicle 'other' performs emergency braking on lane ':center_8_0' with decel=9.00, wished=7.00, severity=1.00, time=7.40.
 Retrying in 1 seconds
[shaping_diag] success_cum_shaping=282.39 T=106 d_init=94.1 d_final=0.0
 Retrying in 1 seconds
[shaping_diag] success_cum_shaping=282.39 T=105 d_init=94.1 d_final=0.0
Warning: Vehicle 'other' performs emergency braking on lane ':center_8_0' with decel=9.00, wished=6.00, severity=1.00, time=7.30.
Warning: Vehicle 'ego'; junction collision with vehicle 'other', lane=':center_4_0', gap=-1.00, time=7.60 stage=move.
 Retrying in 1 seconds
 Retrying in 1 seconds
[shaping_diag] success_cum_shaping=282.39 T=108 d_init=94.1 d_final=0.0
 Retrying in 1 seconds
[shaping_diag] success_cum_shaping=282.39 T=107 d_init=94.1 d_final=0.0
 Retrying in 1 seconds
[shaping_diag] success_cum_shaping=282.39 T=105 d_init=94.1 d_final=0.0
 Retrying in 1 seconds
[shaping_diag] success_cum_shaping=282.39 T=105 d_init=94.1 d_final=0.0
 Retrying in 1 seconds
[shaping_diag] success_cum_shaping=282.39 T=105 d_init=94.1 d_final=0.0
 Retrying in 1 seconds
[shaping_diag] success_cum_shaping=282.39 T=107 d_init=94.1 d_final=0.0
 Retrying in 1 seconds
[shaping_diag] success_cum_shaping=282.39 T=106 d_init=94.1 d_final=0.0
 Retrying in 1 seconds
[shaping_diag] success_cum_shaping=282.39 T=104 d_init=94.1 d_final=0.0
 Retrying in 1 seconds
[shaping_diag] success_cum_shaping=282.39 T=110 d_init=94.1 d_final=0.0
 Retrying in 1 seconds
[shaping_diag] success_cum_shaping=282.39 T=103 d_init=94.1 d_final=0.0
 Retrying in 1 seconds
[shaping_diag] success_cum_shaping=282.39 T=108 d_init=94.1 d_final=0.0
 Retrying in 1 seconds
[shaping_diag] success_cum_shaping=282.39 T=109 d_init=94.1 d_final=0.0
 Retrying in 1 seconds
 Retrying in 1 seconds
[shaping_diag] success_cum_shaping=282.39 T=105 d_init=94.1 d_final=0.0
 Retrying in 1 seconds
[shaping_diag] success_cum_shaping=282.39 T=104 d_init=94.1 d_final=0.0
 Retrying in 1 seconds
[shaping_diag] success_cum_shaping=282.39 T=109 d_init=94.1 d_final=0.0
 Retrying in 1 seconds
 Retrying in 1 seconds
[shaping_diag] success_cum_shaping=282.39 T=107 d_init=94.1 d_final=0.0
Warning: Vehicle 'ego'; junction collision with vehicle 'other', lane=':center_4_0', gap=-1.00, time=7.60 stage=move.
 Retrying in 1 seconds
 Retrying in 1 seconds
[shaping_diag] success_cum_shaping=282.39 T=104 d_init=94.1 d_final=0.0
 Retrying in 1 seconds
[shaping_diag] success_cum_shaping=282.39 T=103 d_init=94.1 d_final=0.0
 Retrying in 1 seconds
[shaping_diag] success_cum_shaping=282.39 T=108 d_init=94.1 d_final=0.0
Warning: Vehicle 'other' performs emergency braking on lane ':center_8_0' with decel=9.00, wished=5.00, severity=1.00, time=7.50.
 Retrying in 1 seconds
 Retrying in 1 seconds
[shaping_diag] success_cum_shaping=282.39 T=106 d_init=94.1 d_final=0.0
Warning: Vehicle 'other' performs emergency braking on lane ':center_8_0' with decel=9.00, wished=5.00, severity=1.00, time=7.60.
 Retrying in 1 seconds
 Retrying in 1 seconds
[shaping_diag] success_cum_shaping=282.39 T=104 d_init=94.1 d_final=0.0
 Retrying in 1 seconds
[shaping_diag] success_cum_shaping=282.39 T=105 d_init=94.1 d_final=0.0
 Retrying in 1 seconds
[shaping_diag] success_cum_shaping=282.39 T=104 d_init=94.1 d_final=0.0
 Retrying in 1 seconds
[shaping_diag] success_cum_shaping=282.39 T=103 d_init=94.1 d_final=0.0
 Retrying in 1 seconds
[shaping_diag] success_cum_shaping=282.39 T=107 d_init=94.1 d_final=0.0
 Retrying in 1 seconds
[shaping_diag] success_cum_shaping=282.39 T=106 d_init=94.1 d_final=0.0
 Retrying in 1 seconds
[shaping_diag] success_cum_shaping=282.39 T=104 d_init=94.1 d_final=0.0
 Retrying in 1 seconds
[shaping_diag] success_cum_shaping=282.39 T=105 d_init=94.1 d_final=0.0
 Retrying in 1 seconds
[shaping_diag] success_cum_shaping=282.39 T=102 d_init=94.1 d_final=0.0
Warning: Vehicle 'other' performs emergency braking on lane ':center_8_0' with decel=9.00, wished=7.00, severity=1.00, time=7.40.
 Retrying in 1 seconds
[shaping_diag] success_cum_shaping=282.39 T=105 d_init=94.1 d_final=0.0
 Retrying in 1 seconds
[shaping_diag] success_cum_shaping=282.39 T=104 d_init=94.1 d_final=0.0
 Retrying in 1 seconds
[shaping_diag] success_cum_shaping=282.39 T=105 d_init=94.1 d_final=0.0
 Retrying in 1 seconds
[shaping_diag] success_cum_shaping=282.39 T=104 d_init=94.1 d_final=0.0
 Retrying in 1 seconds
[shaping_diag] success_cum_shaping=282.39 T=105 d_init=94.1 d_final=0.0
 Retrying in 1 seconds
[shaping_diag] success_cum_shaping=282.39 T=103 d_init=94.1 d_final=0.0
 Retrying in 1 seconds
[shaping_diag] success_cum_shaping=282.39 T=104 d_init=94.1 d_final=0.0
 Retrying in 1 seconds
[shaping_diag] success_cum_shaping=282.39 T=105 d_init=94.1 d_final=0.0
 Retrying in 1 seconds
[shaping_diag] success_cum_shaping=282.39 T=103 d_init=94.1 d_final=0.0
 Retrying in 1 seconds
[shaping_diag] success_cum_shaping=282.39 T=104 d_init=94.1 d_final=0.0
 Retrying in 1 seconds
[shaping_diag] success_cum_shaping=282.39 T=105 d_init=94.1 d_final=0.0
 Retrying in 1 seconds
[shaping_diag] success_cum_shaping=282.39 T=105 d_init=94.1 d_final=0.0
 Retrying in 1 seconds
[shaping_diag] success_cum_shaping=282.39 T=104 d_init=94.1 d_final=0.0
Warning: Vehicle 'other' performs emergency braking on lane ':center_8_0' with decel=9.00, wished=5.00, severity=1.00, time=7.30.
Warning: Vehicle 'ego'; junction collision with vehicle 'other', lane=':center_4_0', gap=-1.00, time=7.60 stage=move.
 Retrying in 1 seconds
 Retrying in 1 seconds
[shaping_diag] success_cum_shaping=282.39 T=105 d_init=94.1 d_final=0.0
 Retrying in 1 seconds
[shaping_diag] success_cum_shaping=282.39 T=104 d_init=94.1 d_final=0.0
 Retrying in 1 seconds
[shaping_diag] success_cum_shaping=282.39 T=107 d_init=94.1 d_final=0.0
 Retrying in 1 seconds
[shaping_diag] success_cum_shaping=282.39 T=103 d_init=94.1 d_final=0.0
 Retrying in 1 seconds
[shaping_diag] success_cum_shaping=282.39 T=102 d_init=94.1 d_final=0.0
 Retrying in 1 seconds
 Retrying in 1 seconds
[shaping_diag] success_cum_shaping=282.39 T=105 d_init=94.1 d_final=0.0
 Retrying in 1 seconds
[shaping_diag] success_cum_shaping=282.39 T=103 d_init=94.1 d_final=0.0
 Retrying in 1 seconds
[shaping_diag] success_cum_shaping=282.39 T=106 d_init=94.1 d_final=0.0
 Retrying in 1 seconds
[shaping_diag] success_cum_shaping=282.39 T=103 d_init=94.1 d_final=0.0
 Retrying in 1 seconds
[shaping_diag] success_cum_shaping=282.39 T=103 d_init=94.1 d_final=0.0
 Retrying in 1 seconds
[shaping_diag] success_cum_shaping=282.39 T=104 d_init=94.1 d_final=0.0
 Retrying in 1 seconds
[shaping_diag] success_cum_shaping=282.39 T=115 d_init=94.1 d_final=0.0
 Retrying in 1 seconds
[shaping_diag] success_cum_shaping=282.39 T=102 d_init=94.1 d_final=0.0
 Retrying in 1 seconds
[shaping_diag] success_cum_shaping=282.39 T=140 d_init=94.1 d_final=0.0
 Retrying in 1 seconds
[shaping_diag] success_cum_shaping=282.39 T=103 d_init=94.1 d_final=0.0
 Retrying in 1 seconds
[shaping_diag] success_cum_shaping=282.39 T=102 d_init=94.1 d_final=0.0
 Retrying in 1 seconds
[shaping_diag] success_cum_shaping=282.39 T=102 d_init=94.1 d_final=0.0
Warning: Vehicle 'ego'; junction collision with vehicle 'other', lane=':center_4_0', gap=-1.00, time=8.20 stage=move.
 Retrying in 1 seconds
 Retrying in 1 seconds
[shaping_diag] success_cum_shaping=282.39 T=112 d_init=94.1 d_final=0.0
 Retrying in 1 seconds
[shaping_diag] success_cum_shaping=282.39 T=103 d_init=94.1 d_final=0.0
 Retrying in 1 seconds
[shaping_diag] success_cum_shaping=282.39 T=103 d_init=94.1 d_final=0.0
 Retrying in 1 seconds
[shaping_diag] success_cum_shaping=282.39 T=103 d_init=94.1 d_final=0.0
 Retrying in 1 seconds
[shaping_diag] success_cum_shaping=282.39 T=105 d_init=94.1 d_final=0.0
 Retrying in 1 seconds
[shaping_diag] success_cum_shaping=282.39 T=105 d_init=94.1 d_final=0.0
 Retrying in 1 seconds
[shaping_diag] success_cum_shaping=282.39 T=113 d_init=94.1 d_final=0.0
 Retrying in 1 seconds
[shaping_diag] success_cum_shaping=282.39 T=104 d_init=94.1 d_final=0.0
 Retrying in 1 seconds
[shaping_diag] success_cum_shaping=282.39 T=104 d_init=94.1 d_final=0.0
 Retrying in 1 seconds
[shaping_diag] success_cum_shaping=282.39 T=105 d_init=94.1 d_final=0.0
 Retrying in 1 seconds
[shaping_diag] success_cum_shaping=282.39 T=102 d_init=94.1 d_final=0.0
 Retrying in 1 seconds
[shaping_diag] success_cum_shaping=282.39 T=103 d_init=94.1 d_final=0.0
 Retrying in 1 seconds
[shaping_diag] success_cum_shaping=282.39 T=104 d_init=94.1 d_final=0.0
 Retrying in 1 seconds
[shaping_diag] success_cum_shaping=282.39 T=120 d_init=94.1 d_final=0.0
 Retrying in 1 seconds
[shaping_diag] success_cum_shaping=282.39 T=103 d_init=94.1 d_final=0.0
 Retrying in 1 seconds
[shaping_diag] success_cum_shaping=282.39 T=107 d_init=94.1 d_final=0.0
 Retrying in 1 seconds
[shaping_diag] success_cum_shaping=282.39 T=127 d_init=94.1 d_final=0.0
 Retrying in 1 seconds
[shaping_diag] success_cum_shaping=282.39 T=125 d_init=94.1 d_final=0.0
 Retrying in 1 seconds
[shaping_diag] success_cum_shaping=282.39 T=104 d_init=94.1 d_final=0.0
 Retrying in 1 seconds
[shaping_diag] success_cum_shaping=282.39 T=104 d_init=94.1 d_final=0.0
 Retrying in 1 seconds
[shaping_diag] success_cum_shaping=282.39 T=103 d_init=94.1 d_final=0.0
 Retrying in 1 seconds
[shaping_diag] success_cum_shaping=282.39 T=103 d_init=94.1 d_final=0.0
 Retrying in 1 seconds
[shaping_diag] success_cum_shaping=282.39 T=103 d_init=94.1 d_final=0.0
 Retrying in 1 seconds
[shaping_diag] success_cum_shaping=282.39 T=103 d_init=94.1 d_final=0.0
 Retrying in 1 seconds
[shaping_diag] success_cum_shaping=282.39 T=105 d_init=94.1 d_final=0.0
 Retrying in 1 seconds
 Retrying in 1 seconds
[shaping_diag] success_cum_shaping=282.39 T=104 d_init=94.1 d_final=0.0
 Retrying in 1 seconds
[shaping_diag] success_cum_shaping=282.39 T=102 d_init=94.1 d_final=0.0
 Retrying in 1 seconds
[shaping_diag] success_cum_shaping=282.39 T=105 d_init=94.1 d_final=0.0
 Retrying in 1 seconds
[shaping_diag] success_cum_shaping=282.39 T=106 d_init=94.1 d_final=0.0
 Retrying in 1 seconds
[shaping_diag] success_cum_shaping=282.39 T=103 d_init=94.1 d_final=0.0
 Retrying in 1 seconds
[shaping_diag] success_cum_shaping=282.39 T=107 d_init=94.1 d_final=0.0
 Retrying in 1 seconds
[shaping_diag] success_cum_shaping=282.39 T=108 d_init=94.1 d_final=0.0
 Retrying in 1 seconds
[shaping_diag] success_cum_shaping=282.39 T=103 d_init=94.1 d_final=0.0
 Retrying in 1 seconds
[shaping_diag] success_cum_shaping=282.39 T=105 d_init=94.1 d_final=0.0
 Retrying in 1 seconds
[shaping_diag] success_cum_shaping=282.39 T=103 d_init=94.1 d_final=0.0
 Retrying in 1 seconds
[shaping_diag] success_cum_shaping=282.39 T=119 d_init=94.1 d_final=0.0
 Retrying in 1 seconds
[shaping_diag] success_cum_shaping=282.39 T=104 d_init=94.1 d_final=0.0
 Retrying in 1 seconds
[shaping_diag] success_cum_shaping=282.39 T=104 d_init=94.1 d_final=0.0
 Retrying in 1 seconds
[shaping_diag] success_cum_shaping=282.39 T=106 d_init=94.1 d_final=0.0
Warning: Vehicle 'other' performs emergency braking on lane ':center_8_0' with decel=9.00, wished=5.00, severity=1.00, time=7.90.
 Retrying in 1 seconds
[shaping_diag] success_cum_shaping=282.39 T=111 d_init=94.1 d_final=0.0
 Retrying in 1 seconds
[shaping_diag] success_cum_shaping=282.39 T=104 d_init=94.1 d_final=0.0
Warning: Vehicle 'ego'; junction collision with vehicle 'other', lane=':center_4_0', gap=-1.00, time=7.80 stage=move.
 Retrying in 1 seconds
 Retrying in 1 seconds
[shaping_diag] success_cum_shaping=282.39 T=103 d_init=94.1 d_final=0.0
 Retrying in 1 seconds
[shaping_diag] success_cum_shaping=282.39 T=102 d_init=94.1 d_final=0.0
 Retrying in 1 seconds
[shaping_diag] success_cum_shaping=282.39 T=103 d_init=94.1 d_final=0.0
 Retrying in 1 seconds
[shaping_diag] success_cum_shaping=282.39 T=103 d_init=94.1 d_final=0.0
 Retrying in 1 seconds
[shaping_diag] success_cum_shaping=282.39 T=104 d_init=94.1 d_final=0.0
 Retrying in 1 seconds
[shaping_diag] success_cum_shaping=282.39 T=106 d_init=94.1 d_final=0.0
 Retrying in 1 seconds
[shaping_diag] success_cum_shaping=282.39 T=103 d_init=94.1 d_final=0.0
 Retrying in 1 seconds
[shaping_diag] success_cum_shaping=282.39 T=106 d_init=94.1 d_final=0.0
 Retrying in 1 seconds
[shaping_diag] success_cum_shaping=282.39 T=105 d_init=94.1 d_final=0.0
 Retrying in 1 seconds
[shaping_diag] success_cum_shaping=282.39 T=105 d_init=94.1 d_final=0.0
 Retrying in 1 seconds
[shaping_diag] success_cum_shaping=282.39 T=104 d_init=94.1 d_final=0.0
Warning: Vehicle 'ego'; junction collision with vehicle 'other', lane=':center_4_0', gap=-1.00, time=7.80 stage=move.
Warning: Vehicle 'other' performs emergency braking on lane ':center_8_0' with decel=9.00, wished=7.00, severity=1.00, time=7.50.
 Retrying in 1 seconds
 Retrying in 1 seconds
[shaping_diag] success_cum_shaping=282.39 T=108 d_init=94.1 d_final=0.0
 Retrying in 1 seconds
[shaping_diag] success_cum_shaping=282.39 T=103 d_init=94.1 d_final=0.0
 Retrying in 1 seconds
[shaping_diag] success_cum_shaping=282.39 T=105 d_init=94.1 d_final=0.0
 Retrying in 1 seconds
[shaping_diag] success_cum_shaping=282.39 T=104 d_init=94.1 d_final=0.0
Warning: Vehicle 'other' performs emergency braking on lane ':center_8_0' with decel=9.00, wished=5.00, severity=1.00, time=7.60.
Warning: Vehicle 'ego'; junction collision with vehicle 'other', lane=':center_4_0', gap=-1.00, time=7.90 stage=move.
 Retrying in 1 seconds
 Retrying in 1 seconds
[shaping_diag] success_cum_shaping=282.39 T=112 d_init=94.1 d_final=0.0
 Retrying in 1 seconds
[shaping_diag] success_cum_shaping=282.39 T=113 d_init=94.1 d_final=0.0
 Retrying in 1 seconds
[shaping_diag] success_cum_shaping=282.39 T=115 d_init=94.1 d_final=0.0
 Retrying in 1 seconds
[shaping_diag] success_cum_shaping=282.39 T=106 d_init=94.1 d_final=0.0
 Retrying in 1 seconds
[shaping_diag] success_cum_shaping=282.39 T=102 d_init=94.1 d_final=0.0
 Retrying in 1 seconds
 Retrying in 1 seconds
[shaping_diag] success_cum_shaping=282.39 T=102 d_init=94.1 d_final=0.0
 Retrying in 1 seconds
[shaping_diag] success_cum_shaping=282.39 T=103 d_init=94.1 d_final=0.0
 Retrying in 1 seconds
[shaping_diag] success_cum_shaping=282.39 T=105 d_init=94.1 d_final=0.0
 Retrying in 1 seconds
[shaping_diag] success_cum_shaping=282.39 T=111 d_init=94.1 d_final=0.0
 Retrying in 1 seconds
[shaping_diag] success_cum_shaping=282.39 T=125 d_init=94.1 d_final=0.0
 Retrying in 1 seconds
[shaping_diag] success_cum_shaping=282.39 T=105 d_init=94.1 d_final=0.0
 Retrying in 1 seconds
[shaping_diag] success_cum_shaping=282.39 T=106 d_init=94.1 d_final=0.0
 Retrying in 1 seconds
[shaping_diag] success_cum_shaping=282.39 T=105 d_init=94.1 d_final=0.0
 Retrying in 1 seconds
[shaping_diag] success_cum_shaping=282.39 T=105 d_init=94.1 d_final=0.0
 Retrying in 1 seconds
[shaping_diag] success_cum_shaping=282.39 T=135 d_init=94.1 d_final=0.0
 Retrying in 1 seconds
[shaping_diag] success_cum_shaping=282.39 T=104 d_init=94.1 d_final=0.0
 Retrying in 1 seconds
[shaping_diag] success_cum_shaping=282.39 T=106 d_init=94.1 d_final=0.0
 Retrying in 1 seconds
[shaping_diag] success_cum_shaping=282.39 T=103 d_init=94.1 d_final=0.0
 Retrying in 1 seconds
[shaping_diag] success_cum_shaping=282.39 T=105 d_init=94.1 d_final=0.0
 Retrying in 1 seconds
[shaping_diag] success_cum_shaping=282.39 T=103 d_init=94.1 d_final=0.0
 Retrying in 1 seconds
[shaping_diag] success_cum_shaping=282.39 T=102 d_init=94.1 d_final=0.0
 Retrying in 1 seconds
[shaping_diag] success_cum_shaping=282.39 T=106 d_init=94.1 d_final=0.0
 Retrying in 1 seconds
[shaping_diag] success_cum_shaping=282.39 T=104 d_init=94.1 d_final=0.0
 Retrying in 1 seconds
[shaping_diag] success_cum_shaping=282.39 T=103 d_init=94.1 d_final=0.0
 Retrying in 1 seconds
[shaping_diag] success_cum_shaping=282.39 T=110 d_init=94.1 d_final=0.0
 Retrying in 1 seconds
[shaping_diag] success_cum_shaping=282.39 T=113 d_init=94.1 d_final=0.0
 Retrying in 1 seconds
[shaping_diag] success_cum_shaping=282.39 T=106 d_init=94.1 d_final=0.0
 Retrying in 1 seconds
[shaping_diag] success_cum_shaping=282.39 T=104 d_init=94.1 d_final=0.0
 Retrying in 1 seconds
[shaping_diag] success_cum_shaping=282.39 T=103 d_init=94.1 d_final=0.0
 Retrying in 1 seconds
[shaping_diag] success_cum_shaping=282.39 T=103 d_init=94.1 d_final=0.0
 Retrying in 1 seconds
[shaping_diag] success_cum_shaping=282.39 T=103 d_init=94.1 d_final=0.0
 Retrying in 1 seconds
[shaping_diag] success_cum_shaping=282.39 T=104 d_init=94.1 d_final=0.0
 Retrying in 1 seconds
[shaping_diag] success_cum_shaping=282.39 T=106 d_init=94.1 d_final=0.0
 Retrying in 1 seconds
[shaping_diag] success_cum_shaping=282.39 T=115 d_init=94.1 d_final=0.0
 Retrying in 1 seconds
[shaping_diag] success_cum_shaping=282.39 T=104 d_init=94.1 d_final=0.0
 Retrying in 1 seconds
[shaping_diag] success_cum_shaping=282.39 T=105 d_init=94.1 d_final=0.0
 Retrying in 1 seconds
[shaping_diag] success_cum_shaping=282.39 T=110 d_init=94.1 d_final=0.0
 Retrying in 1 seconds
[shaping_diag] success_cum_shaping=282.39 T=104 d_init=94.1 d_final=0.0
 Retrying in 1 seconds
[shaping_diag] success_cum_shaping=282.39 T=102 d_init=94.1 d_final=0.0
 Retrying in 1 seconds
[shaping_diag] success_cum_shaping=282.39 T=103 d_init=94.1 d_final=0.0
 Retrying in 1 seconds
[shaping_diag] success_cum_shaping=282.39 T=105 d_init=94.1 d_final=0.0
 Retrying in 1 seconds
[shaping_diag] success_cum_shaping=282.39 T=105 d_init=94.1 d_final=0.0
 Retrying in 1 seconds
[shaping_diag] success_cum_shaping=282.39 T=110 d_init=94.1 d_final=0.0
 Retrying in 1 seconds
 Retrying in 1 seconds
[shaping_diag] success_cum_shaping=282.39 T=103 d_init=94.1 d_final=0.0
 Retrying in 1 seconds
[shaping_diag] success_cum_shaping=282.39 T=105 d_init=94.1 d_final=0.0
 Retrying in 1 seconds
[shaping_diag] success_cum_shaping=282.39 T=103 d_init=94.1 d_final=0.0
 Retrying in 1 seconds
[shaping_diag] success_cum_shaping=282.39 T=107 d_init=94.1 d_final=0.0
 Retrying in 1 seconds
[shaping_diag] success_cum_shaping=282.39 T=103 d_init=94.1 d_final=0.0
 Retrying in 1 seconds
[shaping_diag] success_cum_shaping=282.39 T=103 d_init=94.1 d_final=0.0
Warning: Vehicle 'other' performs emergency braking on lane ':center_8_0' with decel=9.00, wished=6.00, severity=1.00, time=7.20.
 Retrying in 1 seconds
[shaping_diag] success_cum_shaping=282.39 T=103 d_init=94.1 d_final=0.0
Warning: Vehicle 'other' performs emergency braking on lane ':center_8_0' with decel=9.00, wished=5.00, severity=1.00, time=7.50.
Warning: Vehicle 'ego'; junction collision with vehicle 'other', lane=':center_4_0', gap=-1.00, time=7.80 stage=move.
 Retrying in 1 seconds
 Retrying in 1 seconds
[shaping_diag] success_cum_shaping=282.39 T=103 d_init=94.1 d_final=0.0
Warning: Vehicle 'other' performs emergency braking on lane ':center_8_0' with decel=9.00, wished=7.00, severity=1.00, time=7.20.
 Retrying in 1 seconds
[shaping_diag] success_cum_shaping=282.39 T=104 d_init=94.1 d_final=0.0
 Retrying in 1 seconds
[shaping_diag] success_cum_shaping=282.39 T=105 d_init=94.1 d_final=0.0
 Retrying in 1 seconds
[shaping_diag] success_cum_shaping=282.39 T=102 d_init=94.1 d_final=0.0
 Retrying in 1 seconds
[shaping_diag] success_cum_shaping=282.39 T=114 d_init=94.1 d_final=0.0
 Retrying in 1 seconds
[shaping_diag] success_cum_shaping=282.39 T=105 d_init=94.1 d_final=0.0
 Retrying in 1 seconds
[shaping_diag] success_cum_shaping=282.39 T=104 d_init=94.1 d_final=0.0
 Retrying in 1 seconds
[shaping_diag] success_cum_shaping=282.39 T=116 d_init=94.1 d_final=0.0
Warning: Vehicle 'ego'; collision with vehicle 'other', lane='right_out_0', gap=-0.92, time=7.90 stage=move.
 Retrying in 1 seconds
 Retrying in 1 seconds
[shaping_diag] success_cum_shaping=282.39 T=106 d_init=94.1 d_final=0.0
 Retrying in 1 seconds
[shaping_diag] success_cum_shaping=282.39 T=104 d_init=94.1 d_final=0.0
Warning: Vehicle 'other' performs emergency braking on lane ':center_8_0' with decel=9.00, wished=5.00, severity=1.00, time=7.40.
 Retrying in 1 seconds
 Retrying in 1 seconds
[shaping_diag] success_cum_shaping=282.39 T=106 d_init=94.1 d_final=0.0
 Retrying in 1 seconds
[shaping_diag] success_cum_shaping=282.39 T=107 d_init=94.1 d_final=0.0
 Retrying in 1 seconds
[shaping_diag] success_cum_shaping=282.39 T=108 d_init=94.1 d_final=0.0
 Retrying in 1 seconds
[shaping_diag] success_cum_shaping=282.39 T=103 d_init=94.1 d_final=0.0
 Retrying in 1 seconds
[shaping_diag] success_cum_shaping=282.39 T=106 d_init=94.1 d_final=0.0
 Retrying in 1 seconds
[shaping_diag] success_cum_shaping=282.39 T=104 d_init=94.1 d_final=0.0
 Retrying in 1 seconds
[shaping_diag] success_cum_shaping=282.39 T=102 d_init=94.1 d_final=0.0
 Retrying in 1 seconds
[shaping_diag] success_cum_shaping=282.39 T=104 d_init=94.1 d_final=0.0
 Retrying in 1 seconds
[shaping_diag] success_cum_shaping=282.39 T=106 d_init=94.1 d_final=0.0
 Retrying in 1 seconds
[shaping_diag] success_cum_shaping=282.39 T=105 d_init=94.1 d_final=0.0
 Retrying in 1 seconds
[shaping_diag] success_cum_shaping=282.39 T=107 d_init=94.1 d_final=0.0
 Retrying in 1 seconds
[shaping_diag] success_cum_shaping=282.39 T=103 d_init=94.1 d_final=0.0
 Retrying in 1 seconds
[shaping_diag] success_cum_shaping=282.39 T=106 d_init=94.1 d_final=0.0
 Retrying in 1 seconds
[shaping_diag] success_cum_shaping=282.39 T=107 d_init=94.1 d_final=0.0
 Retrying in 1 seconds
[shaping_diag] success_cum_shaping=282.39 T=105 d_init=94.1 d_final=0.0
Warning: Vehicle 'ego'; collision with vehicle 'other', lane='right_out_0', gap=-0.54, time=7.80 stage=move.
 Retrying in 1 seconds
 Retrying in 1 seconds
[shaping_diag] success_cum_shaping=282.39 T=104 d_init=94.1 d_final=0.0
 Retrying in 1 seconds
[shaping_diag] success_cum_shaping=282.39 T=104 d_init=94.1 d_final=0.0
 Retrying in 1 seconds
[shaping_diag] success_cum_shaping=282.39 T=108 d_init=94.1 d_final=0.0
 Retrying in 1 seconds
 Retrying in 1 seconds
[shaping_diag] success_cum_shaping=282.39 T=102 d_init=94.1 d_final=0.0
 Retrying in 1 seconds
[shaping_diag] success_cum_shaping=282.39 T=102 d_init=94.1 d_final=0.0
 Retrying in 1 seconds
[shaping_diag] success_cum_shaping=282.39 T=102 d_init=94.1 d_final=0.0
 Retrying in 1 seconds
[shaping_diag] success_cum_shaping=282.39 T=102 d_init=94.1 d_final=0.0
 Retrying in 1 seconds
[shaping_diag] success_cum_shaping=282.39 T=120 d_init=94.1 d_final=0.0
 Retrying in 1 seconds
[shaping_diag] success_cum_shaping=282.39 T=102 d_init=94.1 d_final=0.0
 Retrying in 1 seconds
[shaping_diag] success_cum_shaping=282.39 T=102 d_init=94.1 d_final=0.0
 Retrying in 1 seconds
[shaping_diag] success_cum_shaping=282.39 T=104 d_init=94.1 d_final=0.0
 Retrying in 1 seconds
[shaping_diag] success_cum_shaping=282.39 T=102 d_init=94.1 d_final=0.0
 Retrying in 1 seconds
[shaping_diag] success_cum_shaping=282.39 T=102 d_init=94.1 d_final=0.0
[cbf_aux] step=249856 ret=447.97 coll=0 ttc=6.47 cbf_res=0.9258
 Retrying in 1 seconds
[shaping_diag] success_cum_shaping=282.39 T=102 d_init=94.1 d_final=0.0
 Retrying in 1 seconds
[shaping_diag] success_cum_shaping=282.39 T=103 d_init=94.1 d_final=0.0
 Retrying in 1 seconds
[shaping_diag] success_cum_shaping=282.39 T=105 d_init=94.1 d_final=0.0
 Retrying in 1 seconds
[shaping_diag] success_cum_shaping=282.39 T=104 d_init=94.1 d_final=0.0
 Retrying in 1 seconds
[shaping_diag] success_cum_shaping=282.39 T=103 d_init=94.1 d_final=0.0
 Retrying in 1 seconds
[shaping_diag] success_cum_shaping=282.39 T=103 d_init=94.1 d_final=0.0
 Retrying in 1 seconds
[shaping_diag] success_cum_shaping=282.39 T=104 d_init=94.1 d_final=0.0
 Retrying in 1 seconds
[shaping_diag] success_cum_shaping=282.39 T=102 d_init=94.1 d_final=0.0
 Retrying in 1 seconds
[shaping_diag] success_cum_shaping=282.39 T=126 d_init=94.1 d_final=0.0
 Retrying in 1 seconds
[shaping_diag] success_cum_shaping=282.39 T=105 d_init=94.1 d_final=0.0
 Retrying in 1 seconds
[shaping_diag] success_cum_shaping=282.39 T=103 d_init=94.1 d_final=0.0
 Retrying in 1 seconds
[shaping_diag] success_cum_shaping=282.39 T=102 d_init=94.1 d_final=0.0
 Retrying in 1 seconds
[shaping_diag] success_cum_shaping=282.39 T=105 d_init=94.1 d_final=0.0
 Retrying in 1 seconds
[shaping_diag] success_cum_shaping=282.39 T=104 d_init=94.1 d_final=0.0
 Retrying in 1 seconds
[shaping_diag] success_cum_shaping=282.39 T=103 d_init=94.1 d_final=0.0
 Retrying in 1 seconds
[shaping_diag] success_cum_shaping=282.39 T=103 d_init=94.1 d_final=0.0
Warning: Vehicle 'other' performs emergency braking on lane ':center_8_0' with decel=9.00, wished=5.00, severity=1.00, time=7.40.
 Retrying in 1 seconds
[shaping_diag] success_cum_shaping=282.39 T=107 d_init=94.1 d_final=0.0
 Retrying in 1 seconds
[shaping_diag] success_cum_shaping=282.39 T=103 d_init=94.1 d_final=0.0
 Retrying in 1 seconds
[shaping_diag] success_cum_shaping=282.39 T=102 d_init=94.1 d_final=0.0
 Retrying in 1 seconds
[shaping_diag] success_cum_shaping=282.39 T=103 d_init=94.1 d_final=0.0
 Retrying in 1 seconds
[shaping_diag] success_cum_shaping=282.39 T=103 d_init=94.1 d_final=0.0
 Retrying in 1 seconds
[shaping_diag] success_cum_shaping=282.39 T=104 d_init=94.1 d_final=0.0
 Retrying in 1 seconds
[shaping_diag] success_cum_shaping=282.39 T=104 d_init=94.1 d_final=0.0
 Retrying in 1 seconds
[shaping_diag] success_cum_shaping=282.39 T=102 d_init=94.1 d_final=0.0
 Retrying in 1 seconds
[shaping_diag] success_cum_shaping=282.39 T=103 d_init=94.1 d_final=0.0
 Retrying in 1 seconds
[shaping_diag] success_cum_shaping=282.39 T=104 d_init=94.1 d_final=0.0
 Retrying in 1 seconds
[shaping_diag] success_cum_shaping=282.39 T=105 d_init=94.1 d_final=0.0
 Retrying in 1 seconds
[shaping_diag] success_cum_shaping=282.39 T=105 d_init=94.1 d_final=0.0
 Retrying in 1 seconds
[shaping_diag] success_cum_shaping=282.39 T=103 d_init=94.1 d_final=0.0
 Retrying in 1 seconds
[shaping_diag] success_cum_shaping=282.39 T=103 d_init=94.1 d_final=0.0
 Retrying in 1 seconds
[shaping_diag] success_cum_shaping=282.39 T=103 d_init=94.1 d_final=0.0
 Retrying in 1 seconds
[shaping_diag] success_cum_shaping=282.39 T=103 d_init=94.1 d_final=0.0
 Retrying in 1 seconds
[shaping_diag] success_cum_shaping=282.39 T=104 d_init=94.1 d_final=0.0
 Retrying in 1 seconds
[shaping_diag] success_cum_shaping=282.39 T=109 d_init=94.1 d_final=0.0
 Retrying in 1 seconds
[shaping_diag] success_cum_shaping=282.39 T=104 d_init=94.1 d_final=0.0
 Retrying in 1 seconds
[shaping_diag] success_cum_shaping=282.39 T=104 d_init=94.1 d_final=0.0
 Retrying in 1 seconds
[shaping_diag] success_cum_shaping=282.39 T=103 d_init=94.1 d_final=0.0
 Retrying in 1 seconds
[shaping_diag] success_cum_shaping=282.39 T=103 d_init=94.1 d_final=0.0
 Retrying in 1 seconds
[shaping_diag] success_cum_shaping=282.39 T=102 d_init=94.1 d_final=0.0
 Retrying in 1 seconds
 Retrying in 1 seconds
[shaping_diag] success_cum_shaping=282.39 T=104 d_init=94.1 d_final=0.0
 Retrying in 1 seconds
[shaping_diag] success_cum_shaping=282.39 T=103 d_init=94.1 d_final=0.0
 Retrying in 1 seconds
[shaping_diag] success_cum_shaping=282.39 T=108 d_init=94.1 d_final=0.0
 Retrying in 1 seconds
[shaping_diag] success_cum_shaping=282.39 T=102 d_init=94.1 d_final=0.0
 Retrying in 1 seconds
[shaping_diag] success_cum_shaping=282.39 T=105 d_init=94.1 d_final=0.0
 Retrying in 1 seconds
[shaping_diag] success_cum_shaping=282.39 T=102 d_init=94.1 d_final=0.0
 Retrying in 1 seconds
[shaping_diag] success_cum_shaping=282.39 T=104 d_init=94.1 d_final=0.0
 Retrying in 1 seconds
[shaping_diag] success_cum_shaping=282.39 T=107 d_init=94.1 d_final=0.0
 Retrying in 1 seconds
[shaping_diag] success_cum_shaping=282.39 T=103 d_init=94.1 d_final=0.0
 Retrying in 1 seconds
[shaping_diag] success_cum_shaping=282.39 T=104 d_init=94.1 d_final=0.0
 Retrying in 1 seconds
[shaping_diag] success_cum_shaping=282.39 T=104 d_init=94.1 d_final=0.0
 Retrying in 1 seconds
[shaping_diag] success_cum_shaping=282.39 T=104 d_init=94.1 d_final=0.0
 Retrying in 1 seconds
[shaping_diag] success_cum_shaping=282.39 T=102 d_init=94.1 d_final=0.0
 Retrying in 1 seconds
[shaping_diag] success_cum_shaping=282.39 T=104 d_init=94.1 d_final=0.0
 Retrying in 1 seconds
[shaping_diag] success_cum_shaping=282.39 T=102 d_init=94.1 d_final=0.0
 Retrying in 1 seconds
[shaping_diag] success_cum_shaping=282.39 T=104 d_init=94.1 d_final=0.0
Warning: Vehicle 'other' performs emergency braking on lane ':center_8_0' with decel=9.00, wished=5.00, severity=1.00, time=7.20.
 Retrying in 1 seconds
 Retrying in 1 seconds
[shaping_diag] success_cum_shaping=282.39 T=104 d_init=94.1 d_final=0.0
 Retrying in 1 seconds
[shaping_diag] success_cum_shaping=282.39 T=105 d_init=94.1 d_final=0.0
 Retrying in 1 seconds
[shaping_diag] success_cum_shaping=282.39 T=103 d_init=94.1 d_final=0.0
 Retrying in 1 seconds
[shaping_diag] success_cum_shaping=282.39 T=104 d_init=94.1 d_final=0.0
 Retrying in 1 seconds
[shaping_diag] success_cum_shaping=282.39 T=102 d_init=94.1 d_final=0.0
 Retrying in 1 seconds
[shaping_diag] success_cum_shaping=282.39 T=102 d_init=94.1 d_final=0.0
 Retrying in 1 seconds
[shaping_diag] success_cum_shaping=282.39 T=107 d_init=94.1 d_final=0.0
 Retrying in 1 seconds
[shaping_diag] success_cum_shaping=282.39 T=105 d_init=94.1 d_final=0.0
Warning: Vehicle 'ego'; collision with vehicle 'other', lane='right_out_0', gap=-1.42, time=8.00 stage=move.
 Retrying in 1 seconds
 Retrying in 1 seconds
[shaping_diag] success_cum_shaping=282.39 T=103 d_init=94.1 d_final=0.0
 Retrying in 1 seconds
[shaping_diag] success_cum_shaping=282.39 T=102 d_init=94.1 d_final=0.0
 Retrying in 1 seconds
[shaping_diag] success_cum_shaping=282.39 T=110 d_init=94.1 d_final=0.0
Warning: Vehicle 'other' performs emergency braking on lane ':center_8_0' with decel=9.00, wished=5.00, severity=1.00, time=7.40.
 Retrying in 1 seconds
 Retrying in 1 seconds
[shaping_diag] success_cum_shaping=282.39 T=106 d_init=94.1 d_final=0.0
 Retrying in 1 seconds
[shaping_diag] success_cum_shaping=282.39 T=148 d_init=94.1 d_final=0.0
 Retrying in 1 seconds
[shaping_diag] success_cum_shaping=282.39 T=103 d_init=94.1 d_final=0.0
 Retrying in 1 seconds
[shaping_diag] success_cum_shaping=282.39 T=105 d_init=94.1 d_final=0.0
Warning: Vehicle 'other' performs emergency braking on lane ':center_8_0' with decel=9.00, wished=5.00, severity=1.00, time=7.10.
 Retrying in 1 seconds
[shaping_diag] success_cum_shaping=282.39 T=103 d_init=94.1 d_final=0.0
 Retrying in 1 seconds
[shaping_diag] success_cum_shaping=282.39 T=105 d_init=94.1 d_final=0.0
 Retrying in 1 seconds
[shaping_diag] success_cum_shaping=282.39 T=104 d_init=94.1 d_final=0.0
 Retrying in 1 seconds
[shaping_diag] success_cum_shaping=282.39 T=105 d_init=94.1 d_final=0.0
 Retrying in 1 seconds
[shaping_diag] success_cum_shaping=282.39 T=103 d_init=94.1 d_final=0.0
 Retrying in 1 seconds
 Retrying in 1 seconds
[shaping_diag] success_cum_shaping=282.39 T=103 d_init=94.1 d_final=0.0
 Retrying in 1 seconds
[shaping_diag] success_cum_shaping=282.39 T=106 d_init=94.1 d_final=0.0
 Retrying in 1 seconds
[shaping_diag] success_cum_shaping=282.39 T=106 d_init=94.1 d_final=0.0
 Retrying in 1 seconds
[shaping_diag] success_cum_shaping=282.39 T=105 d_init=94.1 d_final=0.0
 Retrying in 1 seconds
[shaping_diag] success_cum_shaping=282.39 T=104 d_init=94.1 d_final=0.0
 Retrying in 1 seconds
[shaping_diag] success_cum_shaping=282.39 T=202 d_init=94.1 d_final=0.0
 Retrying in 1 seconds
[shaping_diag] success_cum_shaping=282.39 T=102 d_init=94.1 d_final=0.0
 Retrying in 1 seconds
[shaping_diag] success_cum_shaping=282.39 T=102 d_init=94.1 d_final=0.0
 Retrying in 1 seconds
[shaping_diag] success_cum_shaping=282.39 T=148 d_init=94.1 d_final=0.0
Warning: Vehicle 'ego'; collision with vehicle 'other', lane='right_out_0', gap=-0.51, time=8.00 stage=move.
 Retrying in 1 seconds
 Retrying in 1 seconds
[shaping_diag] success_cum_shaping=282.39 T=115 d_init=94.1 d_final=0.0
 Retrying in 1 seconds
[shaping_diag] success_cum_shaping=282.39 T=112 d_init=94.1 d_final=0.0
 Retrying in 1 seconds
[shaping_diag] success_cum_shaping=282.39 T=103 d_init=94.1 d_final=0.0
 Retrying in 1 seconds
[shaping_diag] success_cum_shaping=282.39 T=103 d_init=94.1 d_final=0.0
Warning: Vehicle 'other' performs emergency braking on lane ':center_8_0' with decel=9.00, wished=6.00, severity=1.00, time=7.10.
 Retrying in 1 seconds
[shaping_diag] success_cum_shaping=282.39 T=103 d_init=94.1 d_final=0.0
 Retrying in 1 seconds
[shaping_diag] success_cum_shaping=282.39 T=106 d_init=94.1 d_final=0.0
 Retrying in 1 seconds
[shaping_diag] success_cum_shaping=282.39 T=105 d_init=94.1 d_final=0.0
 Retrying in 1 seconds
[shaping_diag] success_cum_shaping=282.39 T=105 d_init=94.1 d_final=0.0
 Retrying in 1 seconds
[shaping_diag] success_cum_shaping=282.39 T=103 d_init=94.1 d_final=0.0
 Retrying in 1 seconds
[shaping_diag] success_cum_shaping=282.39 T=104 d_init=94.1 d_final=0.0
 Retrying in 1 seconds
[shaping_diag] success_cum_shaping=282.39 T=105 d_init=94.1 d_final=0.0
 Retrying in 1 seconds
[shaping_diag] success_cum_shaping=282.39 T=106 d_init=94.1 d_final=0.0
 Retrying in 1 seconds
[shaping_diag] success_cum_shaping=282.39 T=103 d_init=94.1 d_final=0.0
 Retrying in 1 seconds
[shaping_diag] success_cum_shaping=282.39 T=103 d_init=94.1 d_final=0.0
 Retrying in 1 seconds
[shaping_diag] success_cum_shaping=282.39 T=103 d_init=94.1 d_final=0.0
 Retrying in 1 seconds
[shaping_diag] success_cum_shaping=282.39 T=104 d_init=94.1 d_final=0.0
Warning: Vehicle 'ego'; junction collision with vehicle 'other', lane=':center_4_0', gap=-1.00, time=7.60 stage=move.
 Retrying in 1 seconds
 Retrying in 1 seconds
[shaping_diag] success_cum_shaping=282.39 T=103 d_init=94.1 d_final=0.0
 Retrying in 1 seconds
[shaping_diag] success_cum_shaping=282.39 T=104 d_init=94.1 d_final=0.0
 Retrying in 1 seconds
[shaping_diag] success_cum_shaping=282.39 T=103 d_init=94.1 d_final=0.0
 Retrying in 1 seconds
[shaping_diag] success_cum_shaping=282.39 T=111 d_init=94.1 d_final=0.0
 Retrying in 1 seconds
[shaping_diag] success_cum_shaping=282.39 T=104 d_init=94.1 d_final=0.0
 Retrying in 1 seconds
[shaping_diag] success_cum_shaping=282.39 T=103 d_init=94.1 d_final=0.0
 Retrying in 1 seconds
[shaping_diag] success_cum_shaping=282.39 T=106 d_init=94.1 d_final=0.0
 Retrying in 1 seconds
[shaping_diag] success_cum_shaping=282.39 T=103 d_init=94.1 d_final=0.0
 Retrying in 1 seconds
[shaping_diag] success_cum_shaping=282.39 T=102 d_init=94.1 d_final=0.0
 Retrying in 1 seconds
[shaping_diag] success_cum_shaping=282.39 T=103 d_init=94.1 d_final=0.0
 Retrying in 1 seconds
 Retrying in 1 seconds
[shaping_diag] success_cum_shaping=282.39 T=103 d_init=94.1 d_final=0.0
 Retrying in 1 seconds
[shaping_diag] success_cum_shaping=282.39 T=102 d_init=94.1 d_final=0.0
 Retrying in 1 seconds
[shaping_diag] success_cum_shaping=282.39 T=106 d_init=94.1 d_final=0.0
 Retrying in 1 seconds
[shaping_diag] success_cum_shaping=282.39 T=104 d_init=94.1 d_final=0.0
 Retrying in 1 seconds
[shaping_diag] success_cum_shaping=282.39 T=104 d_init=94.1 d_final=0.0
 Retrying in 1 seconds
[shaping_diag] success_cum_shaping=282.39 T=104 d_init=94.1 d_final=0.0
 Retrying in 1 seconds
[shaping_diag] success_cum_shaping=282.39 T=136 d_init=94.1 d_final=0.0
 Retrying in 1 seconds
[shaping_diag] success_cum_shaping=282.39 T=103 d_init=94.1 d_final=0.0
 Retrying in 1 seconds
[shaping_diag] success_cum_shaping=282.39 T=104 d_init=94.1 d_final=0.0
 Retrying in 1 seconds
[shaping_diag] success_cum_shaping=282.39 T=145 d_init=94.1 d_final=0.0
 Retrying in 1 seconds
[shaping_diag] success_cum_shaping=282.39 T=102 d_init=94.1 d_final=0.0
 Retrying in 1 seconds
[shaping_diag] success_cum_shaping=282.39 T=102 d_init=94.1 d_final=0.0
 Retrying in 1 seconds
[shaping_diag] success_cum_shaping=282.39 T=103 d_init=94.1 d_final=0.0
 Retrying in 1 seconds
[shaping_diag] success_cum_shaping=282.39 T=106 d_init=94.1 d_final=0.0
 Retrying in 1 seconds
[shaping_diag] success_cum_shaping=282.39 T=103 d_init=94.1 d_final=0.0
 Retrying in 1 seconds
[shaping_diag] success_cum_shaping=282.39 T=105 d_init=94.1 d_final=0.0
 Retrying in 1 seconds
[shaping_diag] success_cum_shaping=282.39 T=103 d_init=94.1 d_final=0.0
 Retrying in 1 seconds
[shaping_diag] success_cum_shaping=282.39 T=106 d_init=94.1 d_final=0.0
 Retrying in 1 seconds
[shaping_diag] success_cum_shaping=282.39 T=102 d_init=94.1 d_final=0.0
Warning: Vehicle 'other' performs emergency braking on lane ':center_8_0' with decel=9.00, wished=6.00, severity=1.00, time=7.40.
Warning: Vehicle 'other' performs emergency braking on lane ':center_8_0' with decel=9.00, wished=7.00, severity=1.00, time=7.10.
Warning: Vehicle 'ego'; junction collision with vehicle 'other', lane=':center_4_0', gap=-1.00, time=7.40 stage=move.
 Retrying in 1 seconds
 Retrying in 1 seconds
 Retrying in 1 seconds
[shaping_diag] success_cum_shaping=282.39 T=103 d_init=94.1 d_final=0.0
 Retrying in 1 seconds
[shaping_diag] success_cum_shaping=282.39 T=104 d_init=94.1 d_final=0.0
 Retrying in 1 seconds
[shaping_diag] success_cum_shaping=282.39 T=102 d_init=94.1 d_final=0.0
 Retrying in 1 seconds
[shaping_diag] success_cum_shaping=282.39 T=102 d_init=94.1 d_final=0.0
 Retrying in 1 seconds
[shaping_diag] success_cum_shaping=282.39 T=103 d_init=94.1 d_final=0.0
 Retrying in 1 seconds
[shaping_diag] success_cum_shaping=282.39 T=103 d_init=94.1 d_final=0.0
 Retrying in 1 seconds
[shaping_diag] success_cum_shaping=282.39 T=103 d_init=94.1 d_final=0.0
 Retrying in 1 seconds
[shaping_diag] success_cum_shaping=282.39 T=103 d_init=94.1 d_final=0.0
 Retrying in 1 seconds
[shaping_diag] success_cum_shaping=282.39 T=105 d_init=94.1 d_final=0.0
 Retrying in 1 seconds
[shaping_diag] success_cum_shaping=282.39 T=104 d_init=94.1 d_final=0.0
 Retrying in 1 seconds
[shaping_diag] success_cum_shaping=282.39 T=104 d_init=94.1 d_final=0.0
 Retrying in 1 seconds
[shaping_diag] success_cum_shaping=282.39 T=103 d_init=94.1 d_final=0.0
 Retrying in 1 seconds
[shaping_diag] success_cum_shaping=282.39 T=102 d_init=94.1 d_final=0.0
 Retrying in 1 seconds
[shaping_diag] success_cum_shaping=282.39 T=104 d_init=94.1 d_final=0.0
 Retrying in 1 seconds
[shaping_diag] success_cum_shaping=282.39 T=148 d_init=94.1 d_final=0.0
 Retrying in 1 seconds
[shaping_diag] success_cum_shaping=282.39 T=102 d_init=94.1 d_final=0.0
 Retrying in 1 seconds
[shaping_diag] success_cum_shaping=282.39 T=116 d_init=94.1 d_final=0.0
 Retrying in 1 seconds
 Retrying in 1 seconds
[shaping_diag] success_cum_shaping=282.39 T=103 d_init=94.1 d_final=0.0
Warning: Vehicle 'ego'; junction collision with vehicle 'other', lane=':center_4_0', gap=-1.00, time=7.70 stage=move.
 Retrying in 1 seconds
 Retrying in 1 seconds
[shaping_diag] success_cum_shaping=282.39 T=104 d_init=94.1 d_final=0.0
 Retrying in 1 seconds
[shaping_diag] success_cum_shaping=282.39 T=102 d_init=94.1 d_final=0.0
 Retrying in 1 seconds
[shaping_diag] success_cum_shaping=282.39 T=103 d_init=94.1 d_final=0.0
 Retrying in 1 seconds
[shaping_diag] success_cum_shaping=282.39 T=103 d_init=94.1 d_final=0.0
 Retrying in 1 seconds
[shaping_diag] success_cum_shaping=282.39 T=104 d_init=94.1 d_final=0.0
 Retrying in 1 seconds
[shaping_diag] success_cum_shaping=282.39 T=104 d_init=94.1 d_final=0.0
 Retrying in 1 seconds
[shaping_diag] success_cum_shaping=282.39 T=104 d_init=94.1 d_final=0.0
 Retrying in 1 seconds
[shaping_diag] success_cum_shaping=282.39 T=103 d_init=94.1 d_final=0.0
Warning: Vehicle 'other' performs emergency braking on lane ':center_8_0' with decel=9.00, wished=6.00, severity=1.00, time=7.20.
 Retrying in 1 seconds
 Retrying in 1 seconds
 Retrying in 1 seconds
[shaping_diag] success_cum_shaping=282.39 T=104 d_init=94.1 d_final=0.0
 Retrying in 1 seconds
[shaping_diag] success_cum_shaping=282.39 T=103 d_init=94.1 d_final=0.0
 Retrying in 1 seconds
[shaping_diag] success_cum_shaping=282.39 T=105 d_init=94.1 d_final=0.0
 Retrying in 1 seconds
[shaping_diag] success_cum_shaping=282.39 T=104 d_init=94.1 d_final=0.0
 Retrying in 1 seconds
[shaping_diag] success_cum_shaping=282.39 T=104 d_init=94.1 d_final=0.0
 Retrying in 1 seconds
[shaping_diag] success_cum_shaping=282.39 T=104 d_init=94.1 d_final=0.0
 Retrying in 1 seconds
[shaping_diag] success_cum_shaping=282.39 T=104 d_init=94.1 d_final=0.0
 Retrying in 1 seconds
[shaping_diag] success_cum_shaping=282.39 T=104 d_init=94.1 d_final=0.0
 Retrying in 1 seconds
[shaping_diag] success_cum_shaping=282.39 T=104 d_init=94.1 d_final=0.0
 Retrying in 1 seconds
[shaping_diag] success_cum_shaping=282.39 T=102 d_init=94.1 d_final=0.0
 Retrying in 1 seconds
[shaping_diag] success_cum_shaping=282.39 T=104 d_init=94.1 d_final=0.0
 Retrying in 1 seconds
[shaping_diag] success_cum_shaping=282.39 T=102 d_init=94.1 d_final=0.0
 Retrying in 1 seconds
[shaping_diag] success_cum_shaping=282.39 T=103 d_init=94.1 d_final=0.0
 Retrying in 1 seconds
[shaping_diag] success_cum_shaping=282.39 T=104 d_init=94.1 d_final=0.0
 Retrying in 1 seconds
[shaping_diag] success_cum_shaping=282.39 T=104 d_init=94.1 d_final=0.0
 Retrying in 1 seconds
[shaping_diag] success_cum_shaping=282.39 T=104 d_init=94.1 d_final=0.0
 Retrying in 1 seconds
[shaping_diag] success_cum_shaping=282.39 T=103 d_init=94.1 d_final=0.0
 Retrying in 1 seconds
[shaping_diag] success_cum_shaping=282.39 T=103 d_init=94.1 d_final=0.0
 Retrying in 1 seconds
[shaping_diag] success_cum_shaping=282.39 T=102 d_init=94.1 d_final=0.0
 Retrying in 1 seconds
[shaping_diag] success_cum_shaping=282.39 T=103 d_init=94.1 d_final=0.0
 Retrying in 1 seconds
[shaping_diag] success_cum_shaping=282.39 T=114 d_init=94.1 d_final=0.0
 Retrying in 1 seconds
[shaping_diag] success_cum_shaping=282.39 T=104 d_init=94.1 d_final=0.0
 Retrying in 1 seconds
[shaping_diag] success_cum_shaping=282.39 T=103 d_init=94.1 d_final=0.0
 Retrying in 1 seconds
[shaping_diag] success_cum_shaping=282.39 T=103 d_init=94.1 d_final=0.0
 Retrying in 1 seconds
[shaping_diag] success_cum_shaping=282.39 T=103 d_init=94.1 d_final=0.0
 Retrying in 1 seconds
[shaping_diag] success_cum_shaping=282.39 T=104 d_init=94.1 d_final=0.0
 Retrying in 1 seconds
[shaping_diag] success_cum_shaping=282.39 T=103 d_init=94.1 d_final=0.0
 Retrying in 1 seconds
[shaping_diag] success_cum_shaping=282.39 T=103 d_init=94.1 d_final=0.0
 Retrying in 1 seconds
 Retrying in 1 seconds
[shaping_diag] success_cum_shaping=282.39 T=107 d_init=94.1 d_final=0.0
 Retrying in 1 seconds
[shaping_diag] success_cum_shaping=282.39 T=118 d_init=94.1 d_final=0.0
 Retrying in 1 seconds
[shaping_diag] success_cum_shaping=282.39 T=102 d_init=94.1 d_final=0.0
 Retrying in 1 seconds
[shaping_diag] success_cum_shaping=282.39 T=105 d_init=94.1 d_final=0.0
 Retrying in 1 seconds
[shaping_diag] success_cum_shaping=282.39 T=103 d_init=94.1 d_final=0.0
 Retrying in 1 seconds
[shaping_diag] success_cum_shaping=282.39 T=102 d_init=94.1 d_final=0.0
 Retrying in 1 seconds
[shaping_diag] success_cum_shaping=282.39 T=103 d_init=94.1 d_final=0.0
 Retrying in 1 seconds
[shaping_diag] success_cum_shaping=282.39 T=103 d_init=94.1 d_final=0.0
 Retrying in 1 seconds
[shaping_diag] success_cum_shaping=282.39 T=103 d_init=94.1 d_final=0.0
 Retrying in 1 seconds
[shaping_diag] success_cum_shaping=282.39 T=103 d_init=94.1 d_final=0.0
 Retrying in 1 seconds
[shaping_diag] success_cum_shaping=282.39 T=102 d_init=94.1 d_final=0.0
 Retrying in 1 seconds
[shaping_diag] success_cum_shaping=282.39 T=102 d_init=94.1 d_final=0.0
 Retrying in 1 seconds
[shaping_diag] success_cum_shaping=282.39 T=104 d_init=94.1 d_final=0.0
 Retrying in 1 seconds
[shaping_diag] success_cum_shaping=282.39 T=103 d_init=94.1 d_final=0.0
 Retrying in 1 seconds
[shaping_diag] success_cum_shaping=282.39 T=102 d_init=94.1 d_final=0.0
 Retrying in 1 seconds
[shaping_diag] success_cum_shaping=282.39 T=105 d_init=94.1 d_final=0.0
 Retrying in 1 seconds
[shaping_diag] success_cum_shaping=282.39 T=107 d_init=94.1 d_final=0.0
 Retrying in 1 seconds
[shaping_diag] success_cum_shaping=282.39 T=103 d_init=94.1 d_final=0.0
 Retrying in 1 seconds
[shaping_diag] success_cum_shaping=282.39 T=103 d_init=94.1 d_final=0.0
 Retrying in 1 seconds
[shaping_diag] success_cum_shaping=282.39 T=125 d_init=94.1 d_final=0.0
 Retrying in 1 seconds
[shaping_diag] success_cum_shaping=282.39 T=102 d_init=94.1 d_final=0.0
 Retrying in 1 seconds
[shaping_diag] success_cum_shaping=282.39 T=129 d_init=94.1 d_final=0.0
 Retrying in 1 seconds
[shaping_diag] success_cum_shaping=282.39 T=103 d_init=94.1 d_final=0.0
 Retrying in 1 seconds
[shaping_diag] success_cum_shaping=282.39 T=138 d_init=94.1 d_final=0.0
 Retrying in 1 seconds
[shaping_diag] success_cum_shaping=282.39 T=102 d_init=94.1 d_final=0.0
 Retrying in 1 seconds
[shaping_diag] success_cum_shaping=282.39 T=104 d_init=94.1 d_final=0.0
 Retrying in 1 seconds
[shaping_diag] success_cum_shaping=282.39 T=103 d_init=94.1 d_final=0.0
 Retrying in 1 seconds
[shaping_diag] success_cum_shaping=282.39 T=103 d_init=94.1 d_final=0.0
 Retrying in 1 seconds
[shaping_diag] success_cum_shaping=282.39 T=102 d_init=94.1 d_final=0.0
 Retrying in 1 seconds
[shaping_diag] success_cum_shaping=282.39 T=103 d_init=94.1 d_final=0.0
 Retrying in 1 seconds
[shaping_diag] success_cum_shaping=282.39 T=104 d_init=94.1 d_final=0.0
 Retrying in 1 seconds
[shaping_diag] success_cum_shaping=282.39 T=106 d_init=94.1 d_final=0.0
 Retrying in 1 seconds
[shaping_diag] success_cum_shaping=282.39 T=103 d_init=94.1 d_final=0.0
 Retrying in 1 seconds
[shaping_diag] success_cum_shaping=282.39 T=103 d_init=94.1 d_final=0.0
 Retrying in 1 seconds
[shaping_diag] success_cum_shaping=282.39 T=103 d_init=94.1 d_final=0.0
 Retrying in 1 seconds
[shaping_diag] success_cum_shaping=282.39 T=102 d_init=94.1 d_final=0.0
 Retrying in 1 seconds
[shaping_diag] success_cum_shaping=282.39 T=102 d_init=94.1 d_final=0.0
 Retrying in 1 seconds
[shaping_diag] success_cum_shaping=282.39 T=105 d_init=94.1 d_final=0.0
 Retrying in 1 seconds
 Retrying in 1 seconds
[shaping_diag] success_cum_shaping=282.39 T=121 d_init=94.1 d_final=0.0
 Retrying in 1 seconds
[shaping_diag] success_cum_shaping=282.39 T=103 d_init=94.1 d_final=0.0
 Retrying in 1 seconds
[shaping_diag] success_cum_shaping=282.39 T=102 d_init=94.1 d_final=0.0
 Retrying in 1 seconds
[shaping_diag] success_cum_shaping=282.39 T=102 d_init=94.1 d_final=0.0
 Retrying in 1 seconds
[shaping_diag] success_cum_shaping=282.39 T=103 d_init=94.1 d_final=0.0
 Retrying in 1 seconds
[shaping_diag] success_cum_shaping=282.39 T=102 d_init=94.1 d_final=0.0
 Retrying in 1 seconds
[shaping_diag] success_cum_shaping=282.39 T=103 d_init=94.1 d_final=0.0
 Retrying in 1 seconds
[shaping_diag] success_cum_shaping=282.39 T=103 d_init=94.1 d_final=0.0
 Retrying in 1 seconds
[shaping_diag] success_cum_shaping=282.39 T=104 d_init=94.1 d_final=0.0
 Retrying in 1 seconds
[shaping_diag] success_cum_shaping=282.39 T=102 d_init=94.1 d_final=0.0
 Retrying in 1 seconds
[shaping_diag] success_cum_shaping=282.39 T=104 d_init=94.1 d_final=0.0
 Retrying in 1 seconds
[shaping_diag] success_cum_shaping=282.39 T=103 d_init=94.1 d_final=0.0
 Retrying in 1 seconds
[shaping_diag] success_cum_shaping=282.39 T=106 d_init=94.1 d_final=0.0
 Retrying in 1 seconds
[shaping_diag] success_cum_shaping=282.39 T=103 d_init=94.1 d_final=0.0
 Retrying in 1 seconds
[shaping_diag] success_cum_shaping=282.39 T=103 d_init=94.1 d_final=0.0
 Retrying in 1 seconds
[shaping_diag] success_cum_shaping=282.39 T=103 d_init=94.1 d_final=0.0
 Retrying in 1 seconds
[shaping_diag] success_cum_shaping=282.39 T=103 d_init=94.1 d_final=0.0
 Retrying in 1 seconds
[shaping_diag] success_cum_shaping=282.39 T=102 d_init=94.1 d_final=0.0
 Retrying in 1 seconds
[shaping_diag] success_cum_shaping=282.39 T=103 d_init=94.1 d_final=0.0
 Retrying in 1 seconds
[shaping_diag] success_cum_shaping=282.39 T=104 d_init=94.1 d_final=0.0
 Retrying in 1 seconds
[shaping_diag] success_cum_shaping=282.39 T=103 d_init=94.1 d_final=0.0
 Retrying in 1 seconds
[shaping_diag] success_cum_shaping=282.39 T=103 d_init=94.1 d_final=0.0
 Retrying in 1 seconds
[shaping_diag] success_cum_shaping=282.39 T=105 d_init=94.1 d_final=0.0
 Retrying in 1 seconds
[shaping_diag] success_cum_shaping=282.39 T=103 d_init=94.1 d_final=0.0
 Retrying in 1 seconds
[shaping_diag] success_cum_shaping=282.39 T=103 d_init=94.1 d_final=0.0
 Retrying in 1 seconds
[shaping_diag] success_cum_shaping=282.39 T=105 d_init=94.1 d_final=0.0
 Retrying in 1 seconds
[shaping_diag] success_cum_shaping=282.39 T=103 d_init=94.1 d_final=0.0
 Retrying in 1 seconds
[shaping_diag] success_cum_shaping=282.39 T=103 d_init=94.1 d_final=0.0
 Retrying in 1 seconds
[shaping_diag] success_cum_shaping=282.39 T=105 d_init=94.1 d_final=0.0
 Retrying in 1 seconds
[shaping_diag] success_cum_shaping=282.39 T=105 d_init=94.1 d_final=0.0
 Retrying in 1 seconds
[shaping_diag] success_cum_shaping=282.39 T=104 d_init=94.1 d_final=0.0
 Retrying in 1 seconds
[shaping_diag] success_cum_shaping=282.39 T=102 d_init=94.1 d_final=0.0
 Retrying in 1 seconds
[shaping_diag] success_cum_shaping=282.39 T=103 d_init=94.1 d_final=0.0
 Retrying in 1 seconds
[shaping_diag] success_cum_shaping=282.39 T=102 d_init=94.1 d_final=0.0
 Retrying in 1 seconds
[shaping_diag] success_cum_shaping=282.39 T=134 d_init=94.1 d_final=0.0
 Retrying in 1 seconds
[shaping_diag] success_cum_shaping=282.39 T=102 d_init=94.1 d_final=0.0
 Retrying in 1 seconds
[shaping_diag] success_cum_shaping=282.39 T=102 d_init=94.1 d_final=0.0
 Retrying in 1 seconds
[shaping_diag] success_cum_shaping=282.39 T=127 d_init=94.1 d_final=0.0
 Retrying in 1 seconds
 Retrying in 1 seconds
[shaping_diag] success_cum_shaping=282.39 T=103 d_init=94.1 d_final=0.0
Warning: Vehicle 'ego'; junction collision with vehicle 'other', lane=':center_4_0', gap=-1.00, time=7.70 stage=move.
 Retrying in 1 seconds
 Retrying in 1 seconds
[shaping_diag] success_cum_shaping=282.39 T=102 d_init=94.1 d_final=0.0
 Retrying in 1 seconds
[shaping_diag] success_cum_shaping=282.39 T=103 d_init=94.1 d_final=0.0
 Retrying in 1 seconds
[shaping_diag] success_cum_shaping=282.39 T=102 d_init=94.1 d_final=0.0
 Retrying in 1 seconds
[shaping_diag] success_cum_shaping=282.39 T=102 d_init=94.1 d_final=0.0
 Retrying in 1 seconds
[shaping_diag] success_cum_shaping=282.39 T=103 d_init=94.1 d_final=0.0
 Retrying in 1 seconds
[shaping_diag] success_cum_shaping=282.39 T=102 d_init=94.1 d_final=0.0
 Retrying in 1 seconds
[shaping_diag] success_cum_shaping=282.39 T=102 d_init=94.1 d_final=0.0
 Retrying in 1 seconds
[shaping_diag] success_cum_shaping=282.39 T=103 d_init=94.1 d_final=0.0
 Retrying in 1 seconds
[shaping_diag] success_cum_shaping=282.39 T=102 d_init=94.1 d_final=0.0
 Retrying in 1 seconds
[shaping_diag] success_cum_shaping=282.39 T=105 d_init=94.1 d_final=0.0
 Retrying in 1 seconds
[shaping_diag] success_cum_shaping=282.39 T=139 d_init=94.1 d_final=0.0
 Retrying in 1 seconds
[shaping_diag] success_cum_shaping=282.39 T=103 d_init=94.1 d_final=0.0
 Retrying in 1 seconds
[shaping_diag] success_cum_shaping=282.39 T=102 d_init=94.1 d_final=0.0
 Retrying in 1 seconds
[shaping_diag] success_cum_shaping=282.39 T=103 d_init=94.1 d_final=0.0
 Retrying in 1 seconds
[shaping_diag] success_cum_shaping=282.39 T=102 d_init=94.1 d_final=0.0
 Retrying in 1 seconds
[shaping_diag] success_cum_shaping=282.39 T=103 d_init=94.1 d_final=0.0
 Retrying in 1 seconds
[shaping_diag] success_cum_shaping=282.39 T=103 d_init=94.1 d_final=0.0
 Retrying in 1 seconds
[shaping_diag] success_cum_shaping=282.39 T=104 d_init=94.1 d_final=0.0
 Retrying in 1 seconds
[shaping_diag] success_cum_shaping=282.39 T=102 d_init=94.1 d_final=0.0
 Retrying in 1 seconds
[shaping_diag] success_cum_shaping=282.39 T=109 d_init=94.1 d_final=0.0
 Retrying in 1 seconds
[shaping_diag] success_cum_shaping=282.39 T=102 d_init=94.1 d_final=0.0
 Retrying in 1 seconds
[shaping_diag] success_cum_shaping=282.39 T=114 d_init=94.1 d_final=0.0
Warning: Vehicle 'other' performs emergency braking on lane ':center_8_0' with decel=9.00, wished=6.00, severity=1.00, time=7.10.
 Retrying in 1 seconds
[shaping_diag] success_cum_shaping=282.39 T=102 d_init=94.1 d_final=0.0
 Retrying in 1 seconds
[shaping_diag] success_cum_shaping=282.39 T=103 d_init=94.1 d_final=0.0
 Retrying in 1 seconds
[shaping_diag] success_cum_shaping=282.39 T=102 d_init=94.1 d_final=0.0
 Retrying in 1 seconds
[shaping_diag] success_cum_shaping=282.39 T=102 d_init=94.1 d_final=0.0
 Retrying in 1 seconds
[shaping_diag] success_cum_shaping=282.39 T=102 d_init=94.1 d_final=0.0
 Retrying in 1 seconds
[shaping_diag] success_cum_shaping=282.39 T=103 d_init=94.1 d_final=0.0
 Retrying in 1 seconds
[shaping_diag] success_cum_shaping=282.39 T=103 d_init=94.1 d_final=0.0
 Retrying in 1 seconds
[shaping_diag] success_cum_shaping=282.39 T=103 d_init=94.1 d_final=0.0
 Retrying in 1 seconds
[shaping_diag] success_cum_shaping=282.39 T=103 d_init=94.1 d_final=0.0
 Retrying in 1 seconds
[shaping_diag] success_cum_shaping=282.39 T=103 d_init=94.1 d_final=0.0
 Retrying in 1 seconds
[shaping_diag] success_cum_shaping=282.39 T=102 d_init=94.1 d_final=0.0
 Retrying in 1 seconds
[shaping_diag] success_cum_shaping=282.39 T=102 d_init=94.1 d_final=0.0
 Retrying in 1 seconds
[shaping_diag] success_cum_shaping=282.39 T=103 d_init=94.1 d_final=0.0
 Retrying in 1 seconds
[shaping_diag] success_cum_shaping=282.39 T=104 d_init=94.1 d_final=0.0
 Retrying in 1 seconds
[shaping_diag] success_cum_shaping=282.39 T=103 d_init=94.1 d_final=0.0
 Retrying in 1 seconds
 Retrying in 1 seconds
[shaping_diag] success_cum_shaping=282.39 T=102 d_init=94.1 d_final=0.0
 Retrying in 1 seconds
[shaping_diag] success_cum_shaping=282.39 T=103 d_init=94.1 d_final=0.0
 Retrying in 1 seconds
[shaping_diag] success_cum_shaping=282.39 T=102 d_init=94.1 d_final=0.0
 Retrying in 1 seconds
[shaping_diag] success_cum_shaping=282.39 T=126 d_init=94.1 d_final=0.0
 Retrying in 1 seconds
[shaping_diag] success_cum_shaping=282.39 T=103 d_init=94.1 d_final=0.0
 Retrying in 1 seconds
[shaping_diag] success_cum_shaping=282.39 T=103 d_init=94.1 d_final=0.0
 Retrying in 1 seconds
[shaping_diag] success_cum_shaping=282.39 T=102 d_init=94.1 d_final=0.0
 Retrying in 1 seconds
[shaping_diag] success_cum_shaping=282.39 T=104 d_init=94.1 d_final=0.0
 Retrying in 1 seconds
[shaping_diag] success_cum_shaping=282.39 T=103 d_init=94.1 d_final=0.0
 Retrying in 1 seconds
[shaping_diag] success_cum_shaping=282.39 T=103 d_init=94.1 d_final=0.0
 Retrying in 1 seconds
[shaping_diag] success_cum_shaping=282.39 T=105 d_init=94.1 d_final=0.0
Warning: Vehicle 'ego'; junction collision with vehicle 'other', lane=':center_4_0', gap=-1.00, time=7.80 stage=move.
 Retrying in 1 seconds
 Retrying in 1 seconds
[shaping_diag] success_cum_shaping=282.39 T=103 d_init=94.1 d_final=0.0
 Retrying in 1 seconds
[shaping_diag] success_cum_shaping=282.39 T=102 d_init=94.1 d_final=0.0
 Retrying in 1 seconds
[shaping_diag] success_cum_shaping=282.39 T=102 d_init=94.1 d_final=0.0
 Retrying in 1 seconds
[shaping_diag] success_cum_shaping=282.39 T=103 d_init=94.1 d_final=0.0
 Retrying in 1 seconds
[shaping_diag] success_cum_shaping=282.39 T=102 d_init=94.1 d_final=0.0
 Retrying in 1 seconds
[shaping_diag] success_cum_shaping=282.39 T=103 d_init=94.1 d_final=0.0
 Retrying in 1 seconds
[shaping_diag] success_cum_shaping=282.39 T=103 d_init=94.1 d_final=0.0
 Retrying in 1 seconds
[shaping_diag] success_cum_shaping=282.39 T=111 d_init=94.1 d_final=0.0
 Retrying in 1 seconds
[shaping_diag] success_cum_shaping=282.39 T=135 d_init=94.1 d_final=0.0
 Retrying in 1 seconds
[shaping_diag] success_cum_shaping=282.39 T=103 d_init=94.1 d_final=0.0
 Retrying in 1 seconds
[shaping_diag] success_cum_shaping=282.39 T=102 d_init=94.1 d_final=0.0
 Retrying in 1 seconds
[shaping_diag] success_cum_shaping=282.39 T=103 d_init=94.1 d_final=0.0
 Retrying in 1 seconds
[shaping_diag] success_cum_shaping=282.39 T=103 d_init=94.1 d_final=0.0
 Retrying in 1 seconds
[shaping_diag] success_cum_shaping=282.39 T=103 d_init=94.1 d_final=0.0
 Retrying in 1 seconds
[shaping_diag] success_cum_shaping=282.39 T=104 d_init=94.1 d_final=0.0
 Retrying in 1 seconds
[shaping_diag] success_cum_shaping=282.39 T=102 d_init=94.1 d_final=0.0
 Retrying in 1 seconds
[shaping_diag] success_cum_shaping=282.39 T=102 d_init=94.1 d_final=0.0
 Retrying in 1 seconds
[shaping_diag] success_cum_shaping=282.39 T=103 d_init=94.1 d_final=0.0
 Retrying in 1 seconds
[shaping_diag] success_cum_shaping=282.39 T=102 d_init=94.1 d_final=0.0
 Retrying in 1 seconds
[shaping_diag] success_cum_shaping=282.39 T=103 d_init=94.1 d_final=0.0
Warning: Vehicle 'other' performs emergency braking on lane ':center_8_0' with decel=9.00, wished=7.00, severity=1.00, time=7.50.
 Retrying in 1 seconds
 Retrying in 1 seconds
[shaping_diag] success_cum_shaping=282.39 T=102 d_init=94.1 d_final=0.0
 Retrying in 1 seconds
[shaping_diag] success_cum_shaping=282.39 T=102 d_init=94.1 d_final=0.0
 Retrying in 1 seconds
[shaping_diag] success_cum_shaping=282.39 T=105 d_init=94.1 d_final=0.0
 Retrying in 1 seconds
[shaping_diag] success_cum_shaping=282.39 T=102 d_init=94.1 d_final=0.0
 Retrying in 1 seconds
[shaping_diag] success_cum_shaping=282.39 T=102 d_init=94.1 d_final=0.0
 Retrying in 1 seconds
[shaping_diag] success_cum_shaping=282.39 T=103 d_init=94.1 d_final=0.0
 Retrying in 1 seconds
 Retrying in 1 seconds
[shaping_diag] success_cum_shaping=282.39 T=103 d_init=94.1 d_final=0.0
 Retrying in 1 seconds
[shaping_diag] success_cum_shaping=282.39 T=102 d_init=94.1 d_final=0.0
 Retrying in 1 seconds
[shaping_diag] success_cum_shaping=282.39 T=102 d_init=94.1 d_final=0.0
 Retrying in 1 seconds
[shaping_diag] success_cum_shaping=282.39 T=102 d_init=94.1 d_final=0.0
 Retrying in 1 seconds
[shaping_diag] success_cum_shaping=282.39 T=103 d_init=94.1 d_final=0.0
 Retrying in 1 seconds
[shaping_diag] success_cum_shaping=282.39 T=104 d_init=94.1 d_final=0.0
 Retrying in 1 seconds
[shaping_diag] success_cum_shaping=282.39 T=104 d_init=94.1 d_final=0.0
 Retrying in 1 seconds
[shaping_diag] success_cum_shaping=282.39 T=103 d_init=94.1 d_final=0.0
 Retrying in 1 seconds
[shaping_diag] success_cum_shaping=282.39 T=102 d_init=94.1 d_final=0.0
 Retrying in 1 seconds
[shaping_diag] success_cum_shaping=282.39 T=102 d_init=94.1 d_final=0.0
 Retrying in 1 seconds
[shaping_diag] success_cum_shaping=282.39 T=105 d_init=94.1 d_final=0.0
Warning: Vehicle 'other' performs emergency braking on lane ':center_8_0' with decel=9.00, wished=6.00, severity=1.00, time=7.10.
 Retrying in 1 seconds
 Retrying in 1 seconds
[shaping_diag] success_cum_shaping=282.39 T=105 d_init=94.1 d_final=0.0
 Retrying in 1 seconds
[shaping_diag] success_cum_shaping=282.39 T=104 d_init=94.1 d_final=0.0
 Retrying in 1 seconds
[shaping_diag] success_cum_shaping=282.39 T=102 d_init=94.1 d_final=0.0
 Retrying in 1 seconds
[shaping_diag] success_cum_shaping=282.39 T=103 d_init=94.1 d_final=0.0
 Retrying in 1 seconds
[shaping_diag] success_cum_shaping=282.39 T=102 d_init=94.1 d_final=0.0
 Retrying in 1 seconds
[shaping_diag] success_cum_shaping=282.39 T=102 d_init=94.1 d_final=0.0
 Retrying in 1 seconds
[shaping_diag] success_cum_shaping=282.39 T=102 d_init=94.1 d_final=0.0
 Retrying in 1 seconds
[shaping_diag] success_cum_shaping=282.39 T=103 d_init=94.1 d_final=0.0
 Retrying in 1 seconds
[shaping_diag] success_cum_shaping=282.39 T=104 d_init=94.1 d_final=0.0
 Retrying in 1 seconds
[shaping_diag] success_cum_shaping=282.39 T=102 d_init=94.1 d_final=0.0
 Retrying in 1 seconds
[shaping_diag] success_cum_shaping=282.39 T=103 d_init=94.1 d_final=0.0
 Retrying in 1 seconds
[shaping_diag] success_cum_shaping=282.39 T=102 d_init=94.1 d_final=0.0
Warning: Vehicle 'other' performs emergency braking on lane ':center_8_0' with decel=9.00, wished=5.00, severity=1.00, time=7.40.
 Retrying in 1 seconds
[shaping_diag] success_cum_shaping=282.39 T=105 d_init=94.1 d_final=0.0
 Retrying in 1 seconds
[shaping_diag] success_cum_shaping=282.39 T=102 d_init=94.1 d_final=0.0
 Retrying in 1 seconds
[shaping_diag] success_cum_shaping=282.39 T=103 d_init=94.1 d_final=0.0
 Retrying in 1 seconds
[shaping_diag] success_cum_shaping=282.39 T=102 d_init=94.1 d_final=0.0
 Retrying in 1 seconds
[shaping_diag] success_cum_shaping=282.39 T=105 d_init=94.1 d_final=0.0
 Retrying in 1 seconds
[shaping_diag] success_cum_shaping=282.39 T=103 d_init=94.1 d_final=0.0
 Retrying in 1 seconds
[shaping_diag] success_cum_shaping=282.39 T=102 d_init=94.1 d_final=0.0
 Retrying in 1 seconds
[shaping_diag] success_cum_shaping=282.39 T=103 d_init=94.1 d_final=0.0
Warning: Vehicle 'ego'; junction collision with vehicle 'other', lane=':center_4_0', gap=-1.00, time=7.20 stage=move.
 Retrying in 1 seconds
 Retrying in 1 seconds
[shaping_diag] success_cum_shaping=282.39 T=102 d_init=94.1 d_final=0.0
 Retrying in 1 seconds
[shaping_diag] success_cum_shaping=282.39 T=102 d_init=94.1 d_final=0.0
 Retrying in 1 seconds
[shaping_diag] success_cum_shaping=282.39 T=104 d_init=94.1 d_final=0.0
 Retrying in 1 seconds
[shaping_diag] success_cum_shaping=282.39 T=102 d_init=94.1 d_final=0.0
Warning: Vehicle 'ego'; collision with vehicle 'other', lane='right_out_0', gap=-1.29, time=7.60 stage=move.
Warning: Vehicle 'other' performs emergency braking on lane ':center_8_0' with decel=9.00, wished=6.00, severity=1.00, time=7.10.
 Retrying in 1 seconds
 Retrying in 1 seconds
[shaping_diag] success_cum_shaping=282.39 T=103 d_init=94.1 d_final=0.0
 Retrying in 1 seconds
[shaping_diag] success_cum_shaping=282.39 T=102 d_init=94.1 d_final=0.0
 Retrying in 1 seconds
 Retrying in 1 seconds
[shaping_diag] success_cum_shaping=282.39 T=102 d_init=94.1 d_final=0.0
 Retrying in 1 seconds
[shaping_diag] success_cum_shaping=282.39 T=102 d_init=94.1 d_final=0.0
Warning: Vehicle 'other' performs emergency braking on lane ':center_8_0' with decel=9.00, wished=5.00, severity=1.00, time=7.10.
 Retrying in 1 seconds
 Retrying in 1 seconds
[shaping_diag] success_cum_shaping=282.39 T=102 d_init=94.1 d_final=0.0
 Retrying in 1 seconds
[shaping_diag] success_cum_shaping=282.39 T=102 d_init=94.1 d_final=0.0
 Retrying in 1 seconds
[shaping_diag] success_cum_shaping=282.39 T=102 d_init=94.1 d_final=0.0
 Retrying in 1 seconds
[shaping_diag] success_cum_shaping=282.39 T=102 d_init=94.1 d_final=0.0
 Retrying in 1 seconds
[shaping_diag] success_cum_shaping=282.39 T=102 d_init=94.1 d_final=0.0
Warning: Vehicle 'other' performs emergency braking on lane ':center_8_0' with decel=9.00, wished=7.00, severity=1.00, time=7.10.
 Retrying in 1 seconds
[shaping_diag] success_cum_shaping=282.39 T=102 d_init=94.1 d_final=0.0
 Retrying in 1 seconds
[shaping_diag] success_cum_shaping=282.39 T=102 d_init=94.1 d_final=0.0
[cbf_aux] step=290816 ret=438.40 coll=1 ttc=5.69 cbf_res=0.0000
 Retrying in 1 seconds
[shaping_diag] success_cum_shaping=282.39 T=103 d_init=94.1 d_final=0.0
 Retrying in 1 seconds
[shaping_diag] success_cum_shaping=282.39 T=103 d_init=94.1 d_final=0.0
 Retrying in 1 seconds
[shaping_diag] success_cum_shaping=282.39 T=103 d_init=94.1 d_final=0.0
 Retrying in 1 seconds
[shaping_diag] success_cum_shaping=282.39 T=102 d_init=94.1 d_final=0.0
 Retrying in 1 seconds
[shaping_diag] success_cum_shaping=282.39 T=102 d_init=94.1 d_final=0.0
 Retrying in 1 seconds
[shaping_diag] success_cum_shaping=282.39 T=103 d_init=94.1 d_final=0.0
 Retrying in 1 seconds
[shaping_diag] success_cum_shaping=282.39 T=102 d_init=94.1 d_final=0.0
 Retrying in 1 seconds
[shaping_diag] success_cum_shaping=282.39 T=102 d_init=94.1 d_final=0.0
 Retrying in 1 seconds
[shaping_diag] success_cum_shaping=282.39 T=102 d_init=94.1 d_final=0.0
 Retrying in 1 seconds
[shaping_diag] success_cum_shaping=282.39 T=103 d_init=94.1 d_final=0.0
 Retrying in 1 seconds
[shaping_diag] success_cum_shaping=282.39 T=103 d_init=94.1 d_final=0.0
 Retrying in 1 seconds
[shaping_diag] success_cum_shaping=282.39 T=103 d_init=94.1 d_final=0.0
 Retrying in 1 seconds
[shaping_diag] success_cum_shaping=282.39 T=103 d_init=94.1 d_final=0.0
 Retrying in 1 seconds
[shaping_diag] success_cum_shaping=282.39 T=103 d_init=94.1 d_final=0.0
 Retrying in 1 seconds
[shaping_diag] success_cum_shaping=282.39 T=103 d_init=94.1 d_final=0.0
 Retrying in 1 seconds
[shaping_diag] success_cum_shaping=282.39 T=103 d_init=94.1 d_final=0.0
 Retrying in 1 seconds
[shaping_diag] success_cum_shaping=282.39 T=103 d_init=94.1 d_final=0.0
 Retrying in 1 seconds
[shaping_diag] success_cum_shaping=282.39 T=106 d_init=94.1 d_final=0.0
Warning: Vehicle 'other' performs emergency braking on lane ':center_8_0' with decel=9.00, wished=6.00, severity=1.00, time=7.10.
 Retrying in 1 seconds
[shaping_diag] success_cum_shaping=282.39 T=103 d_init=94.1 d_final=0.0
 Retrying in 1 seconds
[shaping_diag] success_cum_shaping=282.39 T=102 d_init=94.1 d_final=0.0
 Retrying in 1 seconds
[shaping_diag] success_cum_shaping=282.39 T=102 d_init=94.1 d_final=0.0
 Retrying in 1 seconds
[shaping_diag] success_cum_shaping=282.39 T=104 d_init=94.1 d_final=0.0
 Retrying in 1 seconds
[shaping_diag] success_cum_shaping=282.39 T=102 d_init=94.1 d_final=0.0
 Retrying in 1 seconds
[shaping_diag] success_cum_shaping=282.39 T=102 d_init=94.1 d_final=0.0
 Retrying in 1 seconds
[shaping_diag] success_cum_shaping=282.39 T=103 d_init=94.1 d_final=0.0
 Retrying in 1 seconds
[shaping_diag] success_cum_shaping=282.39 T=103 d_init=94.1 d_final=0.0
 Retrying in 1 seconds
[shaping_diag] success_cum_shaping=282.39 T=102 d_init=94.1 d_final=0.0
 Retrying in 1 seconds
[shaping_diag] success_cum_shaping=282.39 T=107 d_init=94.1 d_final=0.0
 Retrying in 1 seconds
[shaping_diag] success_cum_shaping=282.39 T=104 d_init=94.1 d_final=0.0
 Retrying in 1 seconds
[shaping_diag] success_cum_shaping=282.39 T=103 d_init=94.1 d_final=0.0
 Retrying in 1 seconds
[shaping_diag] success_cum_shaping=282.39 T=103 d_init=94.1 d_final=0.0
 Retrying in 1 seconds
[shaping_diag] success_cum_shaping=282.39 T=103 d_init=94.1 d_final=0.0
 Retrying in 1 seconds
[shaping_diag] success_cum_shaping=282.39 T=103 d_init=94.1 d_final=0.0
 Retrying in 1 seconds
[shaping_diag] success_cum_shaping=282.39 T=103 d_init=94.1 d_final=0.0
 Retrying in 1 seconds
[shaping_diag] success_cum_shaping=282.39 T=103 d_init=94.1 d_final=0.0
Warning: Vehicle 'other' performs emergency braking on lane ':center_8_0' with decel=9.00, wished=5.00, severity=1.00, time=7.20.
 Retrying in 1 seconds
[shaping_diag] success_cum_shaping=282.39 T=104 d_init=94.1 d_final=0.0
 Retrying in 1 seconds
[shaping_diag] success_cum_shaping=282.39 T=102 d_init=94.1 d_final=0.0
 Retrying in 1 seconds
[shaping_diag] success_cum_shaping=282.39 T=102 d_init=94.1 d_final=0.0
Warning: Vehicle 'other' performs emergency braking on lane ':center_8_0' with decel=9.00, wished=6.00, severity=1.00, time=7.10.
 Retrying in 1 seconds
[shaping_diag] success_cum_shaping=282.39 T=103 d_init=94.1 d_final=0.0
 Retrying in 1 seconds
 Retrying in 1 seconds
[shaping_diag] success_cum_shaping=282.39 T=103 d_init=94.1 d_final=0.0
 Retrying in 1 seconds
[shaping_diag] success_cum_shaping=282.39 T=104 d_init=94.1 d_final=0.0
 Retrying in 1 seconds
[shaping_diag] success_cum_shaping=282.39 T=104 d_init=94.1 d_final=0.0
 Retrying in 1 seconds
[shaping_diag] success_cum_shaping=282.39 T=102 d_init=94.1 d_final=0.0
 Retrying in 1 seconds
[shaping_diag] success_cum_shaping=282.39 T=103 d_init=94.1 d_final=0.0
 Retrying in 1 seconds
[shaping_diag] success_cum_shaping=282.39 T=103 d_init=94.1 d_final=0.0
 Retrying in 1 seconds
[shaping_diag] success_cum_shaping=282.39 T=105 d_init=94.1 d_final=0.0
 Retrying in 1 seconds
[shaping_diag] success_cum_shaping=282.39 T=103 d_init=94.1 d_final=0.0
 Retrying in 1 seconds
[shaping_diag] success_cum_shaping=282.39 T=102 d_init=94.1 d_final=0.0
Warning: Vehicle 'other' performs emergency braking on lane ':center_8_0' with decel=9.00, wished=6.00, severity=1.00, time=7.20.
Warning: Vehicle 'ego'; junction collision with vehicle 'other', lane=':center_4_0', gap=-1.00, time=7.40 stage=move.
 Retrying in 1 seconds
 Retrying in 1 seconds
[shaping_diag] success_cum_shaping=282.39 T=102 d_init=94.1 d_final=0.0
 Retrying in 1 seconds
[shaping_diag] success_cum_shaping=282.39 T=103 d_init=94.1 d_final=0.0
 Retrying in 1 seconds
[shaping_diag] success_cum_shaping=282.39 T=104 d_init=94.1 d_final=0.0
 Retrying in 1 seconds
[shaping_diag] success_cum_shaping=282.39 T=102 d_init=94.1 d_final=0.0
 Retrying in 1 seconds
[shaping_diag] success_cum_shaping=282.39 T=103 d_init=94.1 d_final=0.0
 Retrying in 1 seconds
[shaping_diag] success_cum_shaping=282.39 T=103 d_init=94.1 d_final=0.0
 Retrying in 1 seconds
[shaping_diag] success_cum_shaping=282.39 T=102 d_init=94.1 d_final=0.0
 Retrying in 1 seconds
[shaping_diag] success_cum_shaping=282.39 T=103 d_init=94.1 d_final=0.0
 Retrying in 1 seconds
[shaping_diag] success_cum_shaping=282.39 T=106 d_init=94.1 d_final=0.0
 Retrying in 1 seconds
[shaping_diag] success_cum_shaping=282.39 T=103 d_init=94.1 d_final=0.0
 Retrying in 1 seconds
 Retrying in 1 seconds
[shaping_diag] success_cum_shaping=282.39 T=104 d_init=94.1 d_final=0.0
 Retrying in 1 seconds
[shaping_diag] success_cum_shaping=282.39 T=103 d_init=94.1 d_final=0.0
 Retrying in 1 seconds
[shaping_diag] success_cum_shaping=282.39 T=102 d_init=94.1 d_final=0.0
Warning: Vehicle 'ego'; junction collision with vehicle 'other', lane=':center_4_0', gap=-1.00, time=7.30 stage=move.
 Retrying in 1 seconds
 Retrying in 1 seconds
[shaping_diag] success_cum_shaping=282.39 T=103 d_init=94.1 d_final=0.0
 Retrying in 1 seconds
[shaping_diag] success_cum_shaping=282.39 T=103 d_init=94.1 d_final=0.0
 Retrying in 1 seconds
[shaping_diag] success_cum_shaping=282.39 T=102 d_init=94.1 d_final=0.0
 Retrying in 1 seconds
[shaping_diag] success_cum_shaping=282.39 T=104 d_init=94.1 d_final=0.0
 Retrying in 1 seconds
[shaping_diag] success_cum_shaping=282.39 T=103 d_init=94.1 d_final=0.0
 Retrying in 1 seconds
[shaping_diag] success_cum_shaping=282.39 T=103 d_init=94.1 d_final=0.0
 Retrying in 1 seconds
[shaping_diag] success_cum_shaping=282.39 T=103 d_init=94.1 d_final=0.0
 Retrying in 1 seconds
[shaping_diag] success_cum_shaping=282.39 T=104 d_init=94.1 d_final=0.0
Warning: Vehicle 'other' performs emergency braking on lane ':center_8_0' with decel=9.00, wished=6.00, severity=1.00, time=7.20.
Warning: Vehicle 'ego'; junction collision with vehicle 'other', lane=':center_4_0', gap=-1.00, time=7.40 stage=move.
 Retrying in 1 seconds
 Retrying in 1 seconds
[shaping_diag] success_cum_shaping=282.39 T=103 d_init=94.1 d_final=0.0
 Retrying in 1 seconds
[shaping_diag] success_cum_shaping=282.39 T=103 d_init=94.1 d_final=0.0
 Retrying in 1 seconds
[shaping_diag] success_cum_shaping=282.39 T=103 d_init=94.1 d_final=0.0
Warning: Vehicle 'other' performs emergency braking on lane ':center_8_0' with decel=9.00, wished=5.00, severity=1.00, time=7.20.
 Retrying in 1 seconds
[shaping_diag] success_cum_shaping=282.39 T=103 d_init=94.1 d_final=0.0
 Retrying in 1 seconds
[shaping_diag] success_cum_shaping=282.39 T=104 d_init=94.1 d_final=0.0
 Retrying in 1 seconds
[shaping_diag] success_cum_shaping=282.39 T=103 d_init=94.1 d_final=0.0
 Retrying in 1 seconds
 Retrying in 1 seconds
[shaping_diag] success_cum_shaping=282.39 T=103 d_init=94.1 d_final=0.0
 Retrying in 1 seconds
[shaping_diag] success_cum_shaping=282.39 T=104 d_init=94.1 d_final=0.0
 Retrying in 1 seconds
[shaping_diag] success_cum_shaping=282.39 T=102 d_init=94.1 d_final=0.0
 Retrying in 1 seconds
[shaping_diag] success_cum_shaping=282.39 T=103 d_init=94.1 d_final=0.0
Warning: Vehicle 'ego'; collision with vehicle 'other', lane='right_out_0', gap=-0.11, time=7.50 stage=move.
 Retrying in 1 seconds
 Retrying in 1 seconds
[shaping_diag] success_cum_shaping=282.39 T=103 d_init=94.1 d_final=0.0
 Retrying in 1 seconds
[shaping_diag] success_cum_shaping=282.39 T=102 d_init=94.1 d_final=0.0
 Retrying in 1 seconds
[shaping_diag] success_cum_shaping=282.39 T=103 d_init=94.1 d_final=0.0
 Retrying in 1 seconds
[shaping_diag] success_cum_shaping=282.39 T=105 d_init=94.1 d_final=0.0
 Retrying in 1 seconds
[shaping_diag] success_cum_shaping=282.39 T=102 d_init=94.1 d_final=0.0
 Retrying in 1 seconds
[shaping_diag] success_cum_shaping=282.39 T=102 d_init=94.1 d_final=0.0
 Retrying in 1 seconds
[shaping_diag] success_cum_shaping=282.39 T=103 d_init=94.1 d_final=0.0
 Retrying in 1 seconds
[shaping_diag] success_cum_shaping=282.39 T=104 d_init=94.1 d_final=0.0
 Retrying in 1 seconds
[shaping_diag] success_cum_shaping=282.39 T=103 d_init=94.1 d_final=0.0
 Retrying in 1 seconds
[shaping_diag] success_cum_shaping=282.39 T=103 d_init=94.1 d_final=0.0
 Retrying in 1 seconds
[shaping_diag] success_cum_shaping=282.39 T=102 d_init=94.1 d_final=0.0
 Retrying in 1 seconds
[shaping_diag] success_cum_shaping=282.39 T=104 d_init=94.1 d_final=0.0
 Retrying in 1 seconds
[shaping_diag] success_cum_shaping=282.39 T=129 d_init=94.1 d_final=0.0
 Retrying in 1 seconds
[shaping_diag] success_cum_shaping=282.39 T=102 d_init=94.1 d_final=0.0
Warning: Vehicle 'other' performs emergency braking on lane ':center_8_0' with decel=9.00, wished=5.00, severity=1.00, time=7.10.
 Retrying in 1 seconds
 Retrying in 1 seconds
[shaping_diag] success_cum_shaping=282.39 T=103 d_init=94.1 d_final=0.0
 Retrying in 1 seconds
[shaping_diag] success_cum_shaping=282.39 T=180 d_init=94.1 d_final=0.0
 Retrying in 1 seconds
[shaping_diag] success_cum_shaping=282.39 T=185 d_init=94.1 d_final=0.0
Warning: Vehicle 'other' performs emergency braking on lane ':center_8_0' with decel=9.00, wished=5.00, severity=1.00, time=7.10.
 Retrying in 1 seconds
[shaping_diag] success_cum_shaping=282.39 T=103 d_init=94.1 d_final=0.0
 Retrying in 1 seconds
[shaping_diag] success_cum_shaping=282.39 T=102 d_init=94.1 d_final=0.0
 Retrying in 1 seconds
[shaping_diag] success_cum_shaping=282.39 T=103 d_init=94.1 d_final=0.0
 Retrying in 1 seconds
[shaping_diag] success_cum_shaping=282.39 T=103 d_init=94.1 d_final=0.0
 Retrying in 1 seconds
[shaping_diag] success_cum_shaping=282.39 T=112 d_init=94.1 d_final=0.0
 Retrying in 1 seconds
[shaping_diag] success_cum_shaping=282.39 T=103 d_init=94.1 d_final=0.0
 Retrying in 1 seconds
[shaping_diag] success_cum_shaping=282.39 T=103 d_init=94.1 d_final=0.0
 Retrying in 1 seconds
[shaping_diag] success_cum_shaping=282.39 T=103 d_init=94.1 d_final=0.0
 Retrying in 1 seconds
[shaping_diag] success_cum_shaping=282.39 T=102 d_init=94.1 d_final=0.0
 Retrying in 1 seconds
[shaping_diag] success_cum_shaping=282.39 T=103 d_init=94.1 d_final=0.0
 Retrying in 1 seconds
[shaping_diag] success_cum_shaping=282.39 T=103 d_init=94.1 d_final=0.0
 Retrying in 1 seconds
[shaping_diag] success_cum_shaping=282.39 T=104 d_init=94.1 d_final=0.0
 Retrying in 1 seconds
[shaping_diag] success_cum_shaping=282.39 T=103 d_init=94.1 d_final=0.0
 Retrying in 1 seconds
[shaping_diag] success_cum_shaping=282.39 T=103 d_init=94.1 d_final=0.0
 Retrying in 1 seconds
[shaping_diag] success_cum_shaping=282.39 T=102 d_init=94.1 d_final=0.0
 Retrying in 1 seconds
 Retrying in 1 seconds
[shaping_diag] success_cum_shaping=282.39 T=102 d_init=94.1 d_final=0.0
 Retrying in 1 seconds
[shaping_diag] success_cum_shaping=282.39 T=103 d_init=94.1 d_final=0.0
 Retrying in 1 seconds
[shaping_diag] success_cum_shaping=282.39 T=104 d_init=94.1 d_final=0.0
 Retrying in 1 seconds
[shaping_diag] success_cum_shaping=282.39 T=103 d_init=94.1 d_final=0.0
 Retrying in 1 seconds
[shaping_diag] success_cum_shaping=282.39 T=103 d_init=94.1 d_final=0.0
 Retrying in 1 seconds
[shaping_diag] success_cum_shaping=282.39 T=156 d_init=94.1 d_final=0.0
Warning: Vehicle 'other' performs emergency braking on lane ':center_8_0' with decel=9.00, wished=7.00, severity=1.00, time=7.20.
Warning: Vehicle 'other'; junction collision with vehicle 'ego', lane=':center_8_0', gap=-1.00, time=7.50 stage=move.
 Retrying in 1 seconds
 Retrying in 1 seconds
[shaping_diag] success_cum_shaping=282.39 T=102 d_init=94.1 d_final=0.0
 Retrying in 1 seconds
[shaping_diag] success_cum_shaping=282.39 T=103 d_init=94.1 d_final=0.0
 Retrying in 1 seconds
[shaping_diag] success_cum_shaping=282.39 T=104 d_init=94.1 d_final=0.0
 Retrying in 1 seconds
[shaping_diag] success_cum_shaping=282.39 T=103 d_init=94.1 d_final=0.0
 Retrying in 1 seconds
[shaping_diag] success_cum_shaping=282.39 T=103 d_init=94.1 d_final=0.0
 Retrying in 1 seconds
[shaping_diag] success_cum_shaping=282.39 T=103 d_init=94.1 d_final=0.0
 Retrying in 1 seconds
[shaping_diag] success_cum_shaping=282.39 T=103 d_init=94.1 d_final=0.0
 Retrying in 1 seconds
[shaping_diag] success_cum_shaping=282.39 T=120 d_init=94.1 d_final=0.0
 Retrying in 1 seconds
[shaping_diag] success_cum_shaping=282.39 T=103 d_init=94.1 d_final=0.0
 Retrying in 1 seconds
[shaping_diag] success_cum_shaping=282.39 T=115 d_init=94.1 d_final=0.0
 Retrying in 1 seconds
[shaping_diag] success_cum_shaping=282.39 T=113 d_init=94.1 d_final=0.0
 Retrying in 1 seconds
[shaping_diag] success_cum_shaping=282.39 T=102 d_init=94.1 d_final=0.0
 Retrying in 1 seconds
[shaping_diag] success_cum_shaping=282.39 T=103 d_init=94.1 d_final=0.0
 Retrying in 1 seconds
[shaping_diag] success_cum_shaping=282.39 T=102 d_init=94.1 d_final=0.0
 Retrying in 1 seconds
[shaping_diag] success_cum_shaping=282.39 T=104 d_init=94.1 d_final=0.0
 Retrying in 1 seconds
[shaping_diag] success_cum_shaping=282.39 T=105 d_init=94.1 d_final=0.0
 Retrying in 1 seconds
[shaping_diag] success_cum_shaping=282.39 T=102 d_init=94.1 d_final=0.0
 Retrying in 1 seconds
[shaping_diag] success_cum_shaping=282.39 T=103 d_init=94.1 d_final=0.0
 Retrying in 1 seconds
[shaping_diag] success_cum_shaping=282.39 T=104 d_init=94.1 d_final=0.0
 Retrying in 1 seconds
[shaping_diag] success_cum_shaping=282.39 T=106 d_init=94.1 d_final=0.0
 Retrying in 1 seconds
[shaping_diag] success_cum_shaping=282.39 T=163 d_init=94.1 d_final=0.0
 Retrying in 1 seconds
[shaping_diag] success_cum_shaping=282.39 T=103 d_init=94.1 d_final=0.0
 Retrying in 1 seconds
[shaping_diag] success_cum_shaping=282.39 T=102 d_init=94.1 d_final=0.0
 Retrying in 1 seconds
[shaping_diag] success_cum_shaping=282.39 T=103 d_init=94.1 d_final=0.0
 Retrying in 1 seconds
[shaping_diag] success_cum_shaping=282.39 T=103 d_init=94.1 d_final=0.0
Warning: Vehicle 'ego'; junction collision with vehicle 'other', lane=':center_4_0', gap=-1.00, time=7.50 stage=move.
 Retrying in 1 seconds
 Retrying in 1 seconds
[shaping_diag] success_cum_shaping=282.39 T=103 d_init=94.1 d_final=0.0
 Retrying in 1 seconds
[shaping_diag] success_cum_shaping=282.39 T=103 d_init=94.1 d_final=0.0
 Retrying in 1 seconds
[shaping_diag] success_cum_shaping=282.39 T=103 d_init=94.1 d_final=0.0
 Retrying in 1 seconds
[shaping_diag] success_cum_shaping=282.39 T=104 d_init=94.1 d_final=0.0
 Retrying in 1 seconds
[shaping_diag] success_cum_shaping=282.39 T=102 d_init=94.1 d_final=0.0
 Retrying in 1 seconds
 Retrying in 1 seconds
[shaping_diag] success_cum_shaping=282.39 T=102 d_init=94.1 d_final=0.0
 Retrying in 1 seconds
[shaping_diag] success_cum_shaping=282.39 T=103 d_init=94.1 d_final=0.0
 Retrying in 1 seconds
[shaping_diag] success_cum_shaping=282.39 T=103 d_init=94.1 d_final=0.0
 Retrying in 1 seconds
[shaping_diag] success_cum_shaping=282.39 T=103 d_init=94.1 d_final=0.0
 Retrying in 1 seconds
[shaping_diag] success_cum_shaping=282.39 T=107 d_init=94.1 d_final=0.0
 Retrying in 1 seconds
[shaping_diag] success_cum_shaping=282.39 T=163 d_init=94.1 d_final=0.0
 Retrying in 1 seconds
[shaping_diag] success_cum_shaping=282.39 T=177 d_init=94.1 d_final=0.0
 Retrying in 1 seconds
[shaping_diag] success_cum_shaping=282.39 T=151 d_init=94.1 d_final=0.0
Warning: Vehicle 'other' performs emergency braking on lane ':center_8_0' with decel=9.00, wished=5.00, severity=1.00, time=7.40.
 Retrying in 1 seconds
[shaping_diag] success_cum_shaping=282.39 T=105 d_init=94.1 d_final=0.0
 Retrying in 1 seconds
[shaping_diag] success_cum_shaping=282.39 T=105 d_init=94.1 d_final=0.0
 Retrying in 1 seconds
[shaping_diag] success_cum_shaping=282.39 T=103 d_init=94.1 d_final=0.0
 Retrying in 1 seconds
[shaping_diag] success_cum_shaping=282.39 T=104 d_init=94.1 d_final=0.0
 Retrying in 1 seconds
[shaping_diag] success_cum_shaping=282.39 T=103 d_init=94.1 d_final=0.0
 Retrying in 1 seconds
[shaping_diag] success_cum_shaping=282.39 T=112 d_init=94.1 d_final=0.0
 Retrying in 1 seconds
[shaping_diag] success_cum_shaping=282.39 T=103 d_init=94.1 d_final=0.0
Warning: Vehicle 'ego'; junction collision with vehicle 'other', lane=':center_4_0', gap=-1.00, time=7.30 stage=move.
 Retrying in 1 seconds
 Retrying in 1 seconds
[shaping_diag] success_cum_shaping=282.39 T=102 d_init=94.1 d_final=0.0
 Retrying in 1 seconds
[shaping_diag] success_cum_shaping=282.39 T=103 d_init=94.1 d_final=0.0
 Retrying in 1 seconds
[shaping_diag] success_cum_shaping=282.39 T=103 d_init=94.1 d_final=0.0
 Retrying in 1 seconds
[shaping_diag] success_cum_shaping=282.39 T=103 d_init=94.1 d_final=0.0
 Retrying in 1 seconds
[shaping_diag] success_cum_shaping=282.39 T=181 d_init=94.1 d_final=0.0
 Retrying in 1 seconds
[shaping_diag] success_cum_shaping=282.39 T=104 d_init=94.1 d_final=0.0
 Retrying in 1 seconds
[shaping_diag] success_cum_shaping=282.39 T=103 d_init=94.1 d_final=0.0
 Retrying in 1 seconds
[shaping_diag] success_cum_shaping=282.39 T=102 d_init=94.1 d_final=0.0
 Retrying in 1 seconds
[shaping_diag] success_cum_shaping=282.39 T=115 d_init=94.1 d_final=0.0
 Retrying in 1 seconds
[shaping_diag] success_cum_shaping=282.39 T=178 d_init=94.1 d_final=0.0
 Retrying in 1 seconds
[shaping_diag] success_cum_shaping=282.39 T=103 d_init=94.1 d_final=0.0
 Retrying in 1 seconds
[shaping_diag] success_cum_shaping=282.39 T=104 d_init=94.1 d_final=0.0
 Retrying in 1 seconds
[shaping_diag] success_cum_shaping=282.39 T=105 d_init=94.1 d_final=0.0
 Retrying in 1 seconds
[shaping_diag] success_cum_shaping=282.39 T=104 d_init=94.1 d_final=0.0
 Retrying in 1 seconds
[shaping_diag] success_cum_shaping=282.39 T=102 d_init=94.1 d_final=0.0
 Retrying in 1 seconds
[shaping_diag] success_cum_shaping=282.39 T=105 d_init=94.1 d_final=0.0
 Retrying in 1 seconds
[shaping_diag] success_cum_shaping=282.39 T=106 d_init=94.1 d_final=0.0
 Retrying in 1 seconds
[shaping_diag] success_cum_shaping=282.39 T=103 d_init=94.1 d_final=0.0
 Retrying in 1 seconds
[shaping_diag] success_cum_shaping=282.39 T=103 d_init=94.1 d_final=0.0
 Retrying in 1 seconds
[shaping_diag] success_cum_shaping=282.39 T=103 d_init=94.1 d_final=0.0
 Retrying in 1 seconds
 Retrying in 1 seconds
[shaping_diag] success_cum_shaping=282.39 T=113 d_init=94.1 d_final=0.0
 Retrying in 1 seconds
[shaping_diag] success_cum_shaping=282.39 T=104 d_init=94.1 d_final=0.0
 Retrying in 1 seconds
[shaping_diag] success_cum_shaping=282.39 T=103 d_init=94.1 d_final=0.0
 Retrying in 1 seconds
[shaping_diag] success_cum_shaping=282.39 T=176 d_init=94.1 d_final=0.0
Warning: Vehicle 'other' performs emergency braking on lane ':center_8_0' with decel=9.00, wished=6.00, severity=1.00, time=7.10.
Warning: Vehicle 'ego'; junction collision with vehicle 'other', lane=':center_4_0', gap=-1.00, time=7.30 stage=move.
 Retrying in 1 seconds
 Retrying in 1 seconds
[shaping_diag] success_cum_shaping=282.39 T=107 d_init=94.1 d_final=0.0
 Retrying in 1 seconds
[shaping_diag] success_cum_shaping=282.39 T=102 d_init=94.1 d_final=0.0
 Retrying in 1 seconds
[shaping_diag] success_cum_shaping=282.39 T=106 d_init=94.1 d_final=0.0
 Retrying in 1 seconds
[shaping_diag] success_cum_shaping=282.39 T=102 d_init=94.1 d_final=0.0
 Retrying in 1 seconds
[shaping_diag] success_cum_shaping=282.39 T=126 d_init=94.1 d_final=0.0
 Retrying in 1 seconds
[shaping_diag] success_cum_shaping=282.39 T=103 d_init=94.1 d_final=0.0
 Retrying in 1 seconds
[shaping_diag] success_cum_shaping=282.39 T=103 d_init=94.1 d_final=0.0
 Retrying in 1 seconds
[shaping_diag] success_cum_shaping=282.39 T=104 d_init=94.1 d_final=0.0
 Retrying in 1 seconds
[shaping_diag] success_cum_shaping=282.39 T=107 d_init=94.1 d_final=0.0
 Retrying in 1 seconds
[shaping_diag] success_cum_shaping=282.39 T=106 d_init=94.1 d_final=0.0
Warning: Vehicle 'ego'; collision with vehicle 'other', lane='right_out_0', gap=-1.15, time=7.80 stage=move.
 Retrying in 1 seconds
 Retrying in 1 seconds
[shaping_diag] success_cum_shaping=282.39 T=104 d_init=94.1 d_final=0.0
 Retrying in 1 seconds
[shaping_diag] success_cum_shaping=282.39 T=103 d_init=94.1 d_final=0.0
 Retrying in 1 seconds
[shaping_diag] success_cum_shaping=282.39 T=103 d_init=94.1 d_final=0.0
 Retrying in 1 seconds
[shaping_diag] success_cum_shaping=282.39 T=103 d_init=94.1 d_final=0.0
 Retrying in 1 seconds
[shaping_diag] success_cum_shaping=282.39 T=103 d_init=94.1 d_final=0.0
 Retrying in 1 seconds
[shaping_diag] success_cum_shaping=282.39 T=113 d_init=94.1 d_final=0.0
 Retrying in 1 seconds
[shaping_diag] success_cum_shaping=282.39 T=105 d_init=94.1 d_final=0.0
 Retrying in 1 seconds
[shaping_diag] success_cum_shaping=282.39 T=103 d_init=94.1 d_final=0.0
 Retrying in 1 seconds
[shaping_diag] success_cum_shaping=282.39 T=107 d_init=94.1 d_final=0.0
 Retrying in 1 seconds
[shaping_diag] success_cum_shaping=282.39 T=104 d_init=94.1 d_final=0.0
 Retrying in 1 seconds
[shaping_diag] success_cum_shaping=282.39 T=103 d_init=94.1 d_final=0.0
 Retrying in 1 seconds
[shaping_diag] success_cum_shaping=282.39 T=108 d_init=94.1 d_final=0.0
 Retrying in 1 seconds
[shaping_diag] success_cum_shaping=282.39 T=104 d_init=94.1 d_final=0.0
 Retrying in 1 seconds
[shaping_diag] success_cum_shaping=282.39 T=183 d_init=94.1 d_final=0.0
 Retrying in 1 seconds
[shaping_diag] success_cum_shaping=282.39 T=102 d_init=94.1 d_final=0.0
 Retrying in 1 seconds
[shaping_diag] success_cum_shaping=282.39 T=103 d_init=94.1 d_final=0.0
 Retrying in 1 seconds
[shaping_diag] success_cum_shaping=282.39 T=104 d_init=94.1 d_final=0.0
 Retrying in 1 seconds
[shaping_diag] success_cum_shaping=282.39 T=103 d_init=94.1 d_final=0.0
 Retrying in 1 seconds
[shaping_diag] success_cum_shaping=282.39 T=103 d_init=94.1 d_final=0.0
 Retrying in 1 seconds
[shaping_diag] success_cum_shaping=282.39 T=103 d_init=94.1 d_final=0.0
 Retrying in 1 seconds
[shaping_diag] success_cum_shaping=282.39 T=105 d_init=94.1 d_final=0.0
 Retrying in 1 seconds
[shaping_diag] success_cum_shaping=282.39 T=102 d_init=94.1 d_final=0.0
 Retrying in 1 seconds
 Retrying in 1 seconds
[shaping_diag] success_cum_shaping=282.39 T=107 d_init=94.1 d_final=0.0
 Retrying in 1 seconds
[shaping_diag] success_cum_shaping=282.39 T=104 d_init=94.1 d_final=0.0
 Retrying in 1 seconds
[shaping_diag] success_cum_shaping=282.39 T=102 d_init=94.1 d_final=0.0
 Retrying in 1 seconds
[shaping_diag] success_cum_shaping=282.39 T=104 d_init=94.1 d_final=0.0
 Retrying in 1 seconds
[shaping_diag] success_cum_shaping=282.39 T=104 d_init=94.1 d_final=0.0
 Retrying in 1 seconds
[shaping_diag] success_cum_shaping=282.39 T=104 d_init=94.1 d_final=0.0
 Retrying in 1 seconds
[shaping_diag] success_cum_shaping=282.39 T=107 d_init=94.1 d_final=0.0
 Retrying in 1 seconds
[shaping_diag] success_cum_shaping=282.39 T=103 d_init=94.1 d_final=0.0
 Retrying in 1 seconds
[shaping_diag] success_cum_shaping=282.39 T=103 d_init=94.1 d_final=0.0
 Retrying in 1 seconds
[shaping_diag] success_cum_shaping=282.39 T=103 d_init=94.1 d_final=0.0
Warning: Vehicle 'ego'; junction collision with vehicle 'other', lane=':center_4_0', gap=-1.00, time=7.40 stage=move.
 Retrying in 1 seconds
 Retrying in 1 seconds
[shaping_diag] success_cum_shaping=282.39 T=104 d_init=94.1 d_final=0.0
Warning: Vehicle 'other' performs emergency braking on lane ':center_8_0' with decel=9.00, wished=7.00, severity=1.00, time=7.20.
 Retrying in 1 seconds
[shaping_diag] success_cum_shaping=282.39 T=104 d_init=94.1 d_final=0.0
 Retrying in 1 seconds
[shaping_diag] success_cum_shaping=282.39 T=103 d_init=94.1 d_final=0.0
 Retrying in 1 seconds
[shaping_diag] success_cum_shaping=282.39 T=104 d_init=94.1 d_final=0.0
Warning: Vehicle 'ego'; junction collision with vehicle 'other', lane=':center_4_0', gap=-1.00, time=7.30 stage=move.
Warning: Vehicle 'other' performs emergency braking on lane ':center_8_0' with decel=9.00, wished=5.00, severity=1.00, time=7.10.
 Retrying in 1 seconds
 Retrying in 1 seconds
[shaping_diag] success_cum_shaping=282.39 T=103 d_init=94.1 d_final=0.0
 Retrying in 1 seconds
[shaping_diag] success_cum_shaping=282.39 T=103 d_init=94.1 d_final=0.0
 Retrying in 1 seconds
[shaping_diag] success_cum_shaping=282.39 T=103 d_init=94.1 d_final=0.0
 Retrying in 1 seconds
[shaping_diag] success_cum_shaping=282.39 T=106 d_init=94.1 d_final=0.0
 Retrying in 1 seconds
[shaping_diag] success_cum_shaping=282.39 T=107 d_init=94.1 d_final=0.0
 Retrying in 1 seconds
[shaping_diag] success_cum_shaping=282.39 T=103 d_init=94.1 d_final=0.0
 Retrying in 1 seconds
[shaping_diag] success_cum_shaping=282.39 T=106 d_init=94.1 d_final=0.0
 Retrying in 1 seconds
[shaping_diag] success_cum_shaping=282.39 T=105 d_init=94.1 d_final=0.0
 Retrying in 1 seconds
[shaping_diag] success_cum_shaping=282.39 T=105 d_init=94.1 d_final=0.0
 Retrying in 1 seconds
[shaping_diag] success_cum_shaping=282.39 T=102 d_init=94.1 d_final=0.0
 Retrying in 1 seconds
[shaping_diag] success_cum_shaping=282.39 T=105 d_init=94.1 d_final=0.0
 Retrying in 1 seconds
[shaping_diag] success_cum_shaping=282.39 T=106 d_init=94.1 d_final=0.0
 Retrying in 1 seconds
[shaping_diag] success_cum_shaping=282.39 T=103 d_init=94.1 d_final=0.0
 Retrying in 1 seconds
[shaping_diag] success_cum_shaping=282.39 T=105 d_init=94.1 d_final=0.0
 Retrying in 1 seconds
[shaping_diag] success_cum_shaping=282.39 T=168 d_init=94.1 d_final=0.0
 Retrying in 1 seconds
[shaping_diag] success_cum_shaping=282.39 T=102 d_init=94.1 d_final=0.0
 Retrying in 1 seconds
[shaping_diag] success_cum_shaping=282.39 T=103 d_init=94.1 d_final=0.0
 Retrying in 1 seconds
[shaping_diag] success_cum_shaping=282.39 T=103 d_init=94.1 d_final=0.0
 Retrying in 1 seconds
[shaping_diag] success_cum_shaping=282.39 T=113 d_init=94.1 d_final=0.0
Warning: Vehicle 'ego'; junction collision with vehicle 'other', lane=':center_4_0', gap=-1.00, time=7.40 stage=move.
 Retrying in 1 seconds
 Retrying in 1 seconds
[shaping_diag] success_cum_shaping=282.39 T=103 d_init=94.1 d_final=0.0
 Retrying in 1 seconds
[shaping_diag] success_cum_shaping=282.39 T=103 d_init=94.1 d_final=0.0
 Retrying in 1 seconds
[shaping_diag] success_cum_shaping=282.39 T=106 d_init=94.1 d_final=0.0
 Retrying in 1 seconds
 Retrying in 1 seconds
[shaping_diag] success_cum_shaping=282.39 T=137 d_init=94.1 d_final=0.0
 Retrying in 1 seconds
[shaping_diag] success_cum_shaping=282.39 T=103 d_init=94.1 d_final=0.0
 Retrying in 1 seconds
[shaping_diag] success_cum_shaping=282.39 T=103 d_init=94.1 d_final=0.0
 Retrying in 1 seconds
[shaping_diag] success_cum_shaping=282.39 T=103 d_init=94.1 d_final=0.0
 Retrying in 1 seconds
[shaping_diag] success_cum_shaping=282.39 T=102 d_init=94.1 d_final=0.0
 Retrying in 1 seconds
[shaping_diag] success_cum_shaping=282.39 T=104 d_init=94.1 d_final=0.0
 Retrying in 1 seconds
[shaping_diag] success_cum_shaping=282.39 T=127 d_init=94.1 d_final=0.0
 Retrying in 1 seconds
[shaping_diag] success_cum_shaping=282.39 T=103 d_init=94.1 d_final=0.0
 Retrying in 1 seconds
[shaping_diag] success_cum_shaping=282.39 T=103 d_init=94.1 d_final=0.0
 Retrying in 1 seconds
[shaping_diag] success_cum_shaping=282.39 T=103 d_init=94.1 d_final=0.0
 Retrying in 1 seconds
[shaping_diag] success_cum_shaping=282.39 T=104 d_init=94.1 d_final=0.0
 Retrying in 1 seconds
[shaping_diag] success_cum_shaping=282.39 T=103 d_init=94.1 d_final=0.0
 Retrying in 1 seconds
[shaping_diag] success_cum_shaping=282.39 T=104 d_init=94.1 d_final=0.0
 Retrying in 1 seconds
[shaping_diag] success_cum_shaping=282.39 T=104 d_init=94.1 d_final=0.0
 Retrying in 1 seconds
[shaping_diag] success_cum_shaping=282.39 T=103 d_init=94.1 d_final=0.0
 Retrying in 1 seconds
[shaping_diag] success_cum_shaping=282.39 T=102 d_init=94.1 d_final=0.0
 Retrying in 1 seconds
[shaping_diag] success_cum_shaping=282.39 T=103 d_init=94.1 d_final=0.0
 Retrying in 1 seconds
[shaping_diag] success_cum_shaping=282.39 T=103 d_init=94.1 d_final=0.0
 Retrying in 1 seconds
[shaping_diag] success_cum_shaping=282.39 T=103 d_init=94.1 d_final=0.0
 Retrying in 1 seconds
[shaping_diag] success_cum_shaping=282.39 T=103 d_init=94.1 d_final=0.0
 Retrying in 1 seconds
[shaping_diag] success_cum_shaping=282.39 T=104 d_init=94.1 d_final=0.0
 Retrying in 1 seconds
[shaping_diag] success_cum_shaping=282.39 T=118 d_init=94.1 d_final=0.0
 Retrying in 1 seconds
[shaping_diag] success_cum_shaping=282.39 T=102 d_init=94.1 d_final=0.0
 Retrying in 1 seconds
[shaping_diag] success_cum_shaping=282.39 T=104 d_init=94.1 d_final=0.0
 Retrying in 1 seconds
[shaping_diag] success_cum_shaping=282.39 T=103 d_init=94.1 d_final=0.0
 Retrying in 1 seconds
[shaping_diag] success_cum_shaping=282.39 T=106 d_init=94.1 d_final=0.0
 Retrying in 1 seconds
[shaping_diag] success_cum_shaping=282.39 T=103 d_init=94.1 d_final=0.0
 Retrying in 1 seconds
[shaping_diag] success_cum_shaping=282.39 T=102 d_init=94.1 d_final=0.0
 Retrying in 1 seconds
[shaping_diag] success_cum_shaping=282.39 T=102 d_init=94.1 d_final=0.0
 Retrying in 1 seconds
[shaping_diag] success_cum_shaping=282.39 T=103 d_init=94.1 d_final=0.0
 Retrying in 1 seconds
[shaping_diag] success_cum_shaping=282.39 T=102 d_init=94.1 d_final=0.0
 Retrying in 1 seconds
[shaping_diag] success_cum_shaping=282.39 T=103 d_init=94.1 d_final=0.0
 Retrying in 1 seconds
[shaping_diag] success_cum_shaping=282.39 T=102 d_init=94.1 d_final=0.0
 Retrying in 1 seconds
[shaping_diag] success_cum_shaping=282.39 T=105 d_init=94.1 d_final=0.0
 Retrying in 1 seconds
[shaping_diag] success_cum_shaping=282.39 T=102 d_init=94.1 d_final=0.0
 Retrying in 1 seconds
[shaping_diag] success_cum_shaping=282.39 T=103 d_init=94.1 d_final=0.0
Warning: Vehicle 'other' performs emergency braking on lane ':center_8_0' with decel=9.00, wished=5.00, severity=1.00, time=7.10.
 Retrying in 1 seconds
[shaping_diag] success_cum_shaping=282.39 T=103 d_init=94.1 d_final=0.0
 Retrying in 1 seconds
[shaping_diag] success_cum_shaping=282.39 T=102 d_init=94.1 d_final=0.0
Warning: Vehicle 'other' performs emergency braking on lane ':center_8_0' with decel=9.00, wished=5.00, severity=1.00, time=7.10.
 Retrying in 1 seconds
[shaping_diag] success_cum_shaping=282.39 T=102 d_init=94.1 d_final=0.0
 Retrying in 1 seconds
 Retrying in 1 seconds
[shaping_diag] success_cum_shaping=282.39 T=103 d_init=94.1 d_final=0.0
 Retrying in 1 seconds
[shaping_diag] success_cum_shaping=282.39 T=103 d_init=94.1 d_final=0.0
 Retrying in 1 seconds
[shaping_diag] success_cum_shaping=282.39 T=102 d_init=94.1 d_final=0.0
 Retrying in 1 seconds
[shaping_diag] success_cum_shaping=282.39 T=103 d_init=94.1 d_final=0.0
 Retrying in 1 seconds
[shaping_diag] success_cum_shaping=282.39 T=102 d_init=94.1 d_final=0.0
 Retrying in 1 seconds
[shaping_diag] success_cum_shaping=282.39 T=105 d_init=94.1 d_final=0.0
 Retrying in 1 seconds
[shaping_diag] success_cum_shaping=282.39 T=103 d_init=94.1 d_final=0.0
 Retrying in 1 seconds
[shaping_diag] success_cum_shaping=282.39 T=103 d_init=94.1 d_final=0.0
 Retrying in 1 seconds
[shaping_diag] success_cum_shaping=282.39 T=104 d_init=94.1 d_final=0.0
 Retrying in 1 seconds
[shaping_diag] success_cum_shaping=282.39 T=103 d_init=94.1 d_final=0.0
 Retrying in 1 seconds
[shaping_diag] success_cum_shaping=282.39 T=103 d_init=94.1 d_final=0.0
 Retrying in 1 seconds
[shaping_diag] success_cum_shaping=282.39 T=108 d_init=94.1 d_final=0.0
Warning: Vehicle 'other' performs emergency braking on lane ':center_8_0' with decel=9.00, wished=7.00, severity=1.00, time=7.10.
 Retrying in 1 seconds
[shaping_diag] success_cum_shaping=282.39 T=103 d_init=94.1 d_final=0.0
 Retrying in 1 seconds
[shaping_diag] success_cum_shaping=282.39 T=103 d_init=94.1 d_final=0.0
 Retrying in 1 seconds
[shaping_diag] success_cum_shaping=282.39 T=110 d_init=94.1 d_final=0.0
 Retrying in 1 seconds
[shaping_diag] success_cum_shaping=282.39 T=104 d_init=94.1 d_final=0.0
 Retrying in 1 seconds
[shaping_diag] success_cum_shaping=282.39 T=103 d_init=94.1 d_final=0.0
 Retrying in 1 seconds
[shaping_diag] success_cum_shaping=282.39 T=103 d_init=94.1 d_final=0.0
 Retrying in 1 seconds
[shaping_diag] success_cum_shaping=282.39 T=104 d_init=94.1 d_final=0.0
 Retrying in 1 seconds
[shaping_diag] success_cum_shaping=282.39 T=104 d_init=94.1 d_final=0.0
 Retrying in 1 seconds
[shaping_diag] success_cum_shaping=282.39 T=104 d_init=94.1 d_final=0.0
 Retrying in 1 seconds
[shaping_diag] success_cum_shaping=282.39 T=104 d_init=94.1 d_final=0.0
 Retrying in 1 seconds
[shaping_diag] success_cum_shaping=282.39 T=102 d_init=94.1 d_final=0.0
Warning: Vehicle 'other' performs emergency braking on lane ':center_8_0' with decel=9.00, wished=5.00, severity=1.00, time=7.20.
 Retrying in 1 seconds
[shaping_diag] success_cum_shaping=282.39 T=104 d_init=94.1 d_final=0.0
 Retrying in 1 seconds
[shaping_diag] success_cum_shaping=282.39 T=102 d_init=94.1 d_final=0.0
 Retrying in 1 seconds
[shaping_diag] success_cum_shaping=282.39 T=104 d_init=94.1 d_final=0.0
 Retrying in 1 seconds
[shaping_diag] success_cum_shaping=282.39 T=102 d_init=94.1 d_final=0.0
 Retrying in 1 seconds
[shaping_diag] success_cum_shaping=282.39 T=104 d_init=94.1 d_final=0.0
 Retrying in 1 seconds
[shaping_diag] success_cum_shaping=282.39 T=102 d_init=94.1 d_final=0.0
 Retrying in 1 seconds
[shaping_diag] success_cum_shaping=282.39 T=102 d_init=94.1 d_final=0.0
Warning: Vehicle 'other' performs emergency braking on lane ':center_8_0' with decel=9.00, wished=5.00, severity=1.00, time=7.20.
 Retrying in 1 seconds
[shaping_diag] success_cum_shaping=282.39 T=104 d_init=94.1 d_final=0.0
 Retrying in 1 seconds
[shaping_diag] success_cum_shaping=282.39 T=103 d_init=94.1 d_final=0.0
Warning: Vehicle 'other2' performs emergency braking on lane ':center_8_0' with decel=9.00, wished=5.00, severity=1.00, time=8.30.
 Retrying in 1 seconds
[shaping_diag] success_cum_shaping=282.39 T=117 d_init=94.1 d_final=0.0
 Retrying in 1 seconds
[shaping_diag] success_cum_shaping=282.39 T=103 d_init=94.1 d_final=0.0
 Retrying in 1 seconds
[shaping_diag] success_cum_shaping=282.39 T=102 d_init=94.1 d_final=0.0
 Retrying in 1 seconds
[shaping_diag] success_cum_shaping=282.39 T=103 d_init=94.1 d_final=0.0
 Retrying in 1 seconds
[shaping_diag] success_cum_shaping=282.39 T=103 d_init=94.1 d_final=0.0
 Retrying in 1 seconds
[shaping_diag] success_cum_shaping=282.39 T=103 d_init=94.1 d_final=0.0
Warning: Vehicle 'other' performs emergency braking on lane ':center_8_0' with decel=9.00, wished=5.00, severity=1.00, time=7.10.
Warning: Vehicle 'ego'; junction collision with vehicle 'other', lane=':center_4_0', gap=-1.00, time=7.40 stage=move.
 Retrying in 1 seconds
 Retrying in 1 seconds
 Retrying in 1 seconds
[shaping_diag] success_cum_shaping=282.39 T=103 d_init=94.1 d_final=0.0
 Retrying in 1 seconds
[shaping_diag] success_cum_shaping=282.39 T=104 d_init=94.1 d_final=0.0
 Retrying in 1 seconds
[shaping_diag] success_cum_shaping=282.39 T=104 d_init=94.1 d_final=0.0
 Retrying in 1 seconds
[shaping_diag] success_cum_shaping=282.39 T=103 d_init=94.1 d_final=0.0
 Retrying in 1 seconds
[shaping_diag] success_cum_shaping=282.39 T=103 d_init=94.1 d_final=0.0
 Retrying in 1 seconds
[shaping_diag] success_cum_shaping=282.39 T=103 d_init=94.1 d_final=0.0
 Retrying in 1 seconds
[shaping_diag] success_cum_shaping=282.39 T=105 d_init=94.1 d_final=0.0
 Retrying in 1 seconds
[shaping_diag] success_cum_shaping=282.39 T=103 d_init=94.1 d_final=0.0
 Retrying in 1 seconds
[shaping_diag] success_cum_shaping=282.39 T=108 d_init=94.1 d_final=0.0
 Retrying in 1 seconds
[shaping_diag] success_cum_shaping=282.39 T=102 d_init=94.1 d_final=0.0
 Retrying in 1 seconds
[shaping_diag] success_cum_shaping=282.39 T=103 d_init=94.1 d_final=0.0
Warning: Vehicle 'other' performs emergency braking on lane ':center_8_0' with decel=9.00, wished=5.00, severity=1.00, time=7.10.
 Retrying in 1 seconds
[shaping_diag] success_cum_shaping=282.39 T=104 d_init=94.1 d_final=0.0
 Retrying in 1 seconds
[shaping_diag] success_cum_shaping=282.39 T=103 d_init=94.1 d_final=0.0
 Retrying in 1 seconds
[shaping_diag] success_cum_shaping=282.39 T=103 d_init=94.1 d_final=0.0
Warning: Vehicle 'ego'; junction collision with vehicle 'other', lane=':center_4_0', gap=-1.00, time=7.20 stage=move.
 Retrying in 1 seconds
 Retrying in 1 seconds
[shaping_diag] success_cum_shaping=282.39 T=102 d_init=94.1 d_final=0.0
 Retrying in 1 seconds
[shaping_diag] success_cum_shaping=282.39 T=103 d_init=94.1 d_final=0.0
 Retrying in 1 seconds
[shaping_diag] success_cum_shaping=282.39 T=103 d_init=94.1 d_final=0.0
 Retrying in 1 seconds
[shaping_diag] success_cum_shaping=282.39 T=103 d_init=94.1 d_final=0.0
 Retrying in 1 seconds
[shaping_diag] success_cum_shaping=282.39 T=103 d_init=94.1 d_final=0.0
 Retrying in 1 seconds
[shaping_diag] success_cum_shaping=282.39 T=103 d_init=94.1 d_final=0.0
 Retrying in 1 seconds
[shaping_diag] success_cum_shaping=282.39 T=102 d_init=94.1 d_final=0.0
 Retrying in 1 seconds
[shaping_diag] success_cum_shaping=282.39 T=103 d_init=94.1 d_final=0.0
 Retrying in 1 seconds
[shaping_diag] success_cum_shaping=282.39 T=102 d_init=94.1 d_final=0.0
 Retrying in 1 seconds
[shaping_diag] success_cum_shaping=282.39 T=104 d_init=94.1 d_final=0.0
 Retrying in 1 seconds
[shaping_diag] success_cum_shaping=282.39 T=104 d_init=94.1 d_final=0.0
 Retrying in 1 seconds
[shaping_diag] success_cum_shaping=282.39 T=103 d_init=94.1 d_final=0.0
 Retrying in 1 seconds
[shaping_diag] success_cum_shaping=282.39 T=105 d_init=94.1 d_final=0.0
 Retrying in 1 seconds
[shaping_diag] success_cum_shaping=282.39 T=103 d_init=94.1 d_final=0.0
 Retrying in 1 seconds
[shaping_diag] success_cum_shaping=282.39 T=103 d_init=94.1 d_final=0.0
 Retrying in 1 seconds
[shaping_diag] success_cum_shaping=282.39 T=156 d_init=94.1 d_final=0.0
 Retrying in 1 seconds
[shaping_diag] success_cum_shaping=282.39 T=106 d_init=94.1 d_final=0.0
 Retrying in 1 seconds
[shaping_diag] success_cum_shaping=282.39 T=103 d_init=94.1 d_final=0.0
 Retrying in 1 seconds
[shaping_diag] success_cum_shaping=282.39 T=103 d_init=94.1 d_final=0.0
 Retrying in 1 seconds
[shaping_diag] success_cum_shaping=282.39 T=103 d_init=94.1 d_final=0.0
 Retrying in 1 seconds
[shaping_diag] success_cum_shaping=282.39 T=106 d_init=94.1 d_final=0.0
 Retrying in 1 seconds
[shaping_diag] success_cum_shaping=282.39 T=103 d_init=94.1 d_final=0.0
 Retrying in 1 seconds
[shaping_diag] success_cum_shaping=282.39 T=102 d_init=94.1 d_final=0.0
 Retrying in 1 seconds
[shaping_diag] success_cum_shaping=282.39 T=102 d_init=94.1 d_final=0.0
 Retrying in 1 seconds
 Retrying in 1 seconds
[shaping_diag] success_cum_shaping=282.39 T=102 d_init=94.1 d_final=0.0
 Retrying in 1 seconds
[shaping_diag] success_cum_shaping=282.39 T=102 d_init=94.1 d_final=0.0
 Retrying in 1 seconds
[shaping_diag] success_cum_shaping=282.39 T=102 d_init=94.1 d_final=0.0
 Retrying in 1 seconds
[shaping_diag] success_cum_shaping=282.39 T=102 d_init=94.1 d_final=0.0
 Retrying in 1 seconds
[shaping_diag] success_cum_shaping=282.39 T=102 d_init=94.1 d_final=0.0
 Retrying in 1 seconds
[shaping_diag] success_cum_shaping=282.39 T=102 d_init=94.1 d_final=0.0
 Retrying in 1 seconds
[shaping_diag] success_cum_shaping=282.39 T=102 d_init=94.1 d_final=0.0
 Retrying in 1 seconds
[shaping_diag] success_cum_shaping=282.39 T=102 d_init=94.1 d_final=0.0
 Retrying in 1 seconds
[shaping_diag] success_cum_shaping=282.39 T=102 d_init=94.1 d_final=0.0
 Retrying in 1 seconds
[shaping_diag] success_cum_shaping=282.39 T=102 d_init=94.1 d_final=0.0
[cbf_aux] step=331776 ret=436.90 coll=0 ttc=6.42 cbf_res=0.0000
 Retrying in 1 seconds
[shaping_diag] success_cum_shaping=282.39 T=108 d_init=94.1 d_final=0.0
 Retrying in 1 seconds
[shaping_diag] success_cum_shaping=282.39 T=218 d_init=94.1 d_final=0.0
Warning: Vehicle 'other' performs emergency braking on lane ':center_8_0' with decel=9.00, wished=5.00, severity=1.00, time=7.30.
 Retrying in 1 seconds
[shaping_diag] success_cum_shaping=282.39 T=107 d_init=94.1 d_final=0.0
 Retrying in 1 seconds
[shaping_diag] success_cum_shaping=282.39 T=103 d_init=94.1 d_final=0.0
 Retrying in 1 seconds
[shaping_diag] success_cum_shaping=282.39 T=103 d_init=94.1 d_final=0.0
 Retrying in 1 seconds
[shaping_diag] success_cum_shaping=282.39 T=106 d_init=94.1 d_final=0.0
 Retrying in 1 seconds
[shaping_diag] success_cum_shaping=282.39 T=205 d_init=94.1 d_final=0.0
 Retrying in 1 seconds
[shaping_diag] success_cum_shaping=282.39 T=102 d_init=94.1 d_final=0.0
 Retrying in 1 seconds
[shaping_diag] success_cum_shaping=282.39 T=106 d_init=94.1 d_final=0.0
 Retrying in 1 seconds
[shaping_diag] success_cum_shaping=282.39 T=103 d_init=94.1 d_final=0.0
 Retrying in 1 seconds
[shaping_diag] success_cum_shaping=282.39 T=106 d_init=94.1 d_final=0.0
 Retrying in 1 seconds
[shaping_diag] success_cum_shaping=282.39 T=103 d_init=94.1 d_final=0.0
 Retrying in 1 seconds
[shaping_diag] success_cum_shaping=282.39 T=107 d_init=94.1 d_final=0.0
 Retrying in 1 seconds
[shaping_diag] success_cum_shaping=282.39 T=103 d_init=94.1 d_final=0.0
 Retrying in 1 seconds
[shaping_diag] success_cum_shaping=282.39 T=106 d_init=94.1 d_final=0.0
 Retrying in 1 seconds
[shaping_diag] success_cum_shaping=282.39 T=106 d_init=94.1 d_final=0.0
 Retrying in 1 seconds
[shaping_diag] success_cum_shaping=282.39 T=105 d_init=94.1 d_final=0.0
 Retrying in 1 seconds
[shaping_diag] success_cum_shaping=282.39 T=107 d_init=94.1 d_final=0.0
 Retrying in 1 seconds
[shaping_diag] success_cum_shaping=282.39 T=109 d_init=94.1 d_final=0.0
 Retrying in 1 seconds
[shaping_diag] success_cum_shaping=282.39 T=102 d_init=94.1 d_final=0.0
 Retrying in 1 seconds
[shaping_diag] success_cum_shaping=282.39 T=103 d_init=94.1 d_final=0.0
 Retrying in 1 seconds
[shaping_diag] success_cum_shaping=282.39 T=103 d_init=94.1 d_final=0.0
 Retrying in 1 seconds
[shaping_diag] success_cum_shaping=282.39 T=106 d_init=94.1 d_final=0.0
 Retrying in 1 seconds
[shaping_diag] success_cum_shaping=282.39 T=102 d_init=94.1 d_final=0.0
 Retrying in 1 seconds
[shaping_diag] success_cum_shaping=282.39 T=103 d_init=94.1 d_final=0.0
 Retrying in 1 seconds
[shaping_diag] success_cum_shaping=282.39 T=102 d_init=94.1 d_final=0.0
 Retrying in 1 seconds
[shaping_diag] success_cum_shaping=282.39 T=104 d_init=94.1 d_final=0.0
 Retrying in 1 seconds
[shaping_diag] success_cum_shaping=282.39 T=105 d_init=94.1 d_final=0.0
 Retrying in 1 seconds
[shaping_diag] success_cum_shaping=282.39 T=104 d_init=94.1 d_final=0.0
 Retrying in 1 seconds
[shaping_diag] success_cum_shaping=282.39 T=103 d_init=94.1 d_final=0.0
 Retrying in 1 seconds
[shaping_diag] success_cum_shaping=282.39 T=106 d_init=94.1 d_final=0.0
 Retrying in 1 seconds
[shaping_diag] success_cum_shaping=282.39 T=103 d_init=94.1 d_final=0.0
 Retrying in 1 seconds
[shaping_diag] success_cum_shaping=282.39 T=107 d_init=94.1 d_final=0.0
 Retrying in 1 seconds
[shaping_diag] success_cum_shaping=282.39 T=103 d_init=94.1 d_final=0.0
 Retrying in 1 seconds
[shaping_diag] success_cum_shaping=282.39 T=110 d_init=94.1 d_final=0.0
 Retrying in 1 seconds
[shaping_diag] success_cum_shaping=282.39 T=102 d_init=94.1 d_final=0.0
 Retrying in 1 seconds
 Retrying in 1 seconds
[shaping_diag] success_cum_shaping=282.39 T=106 d_init=94.1 d_final=0.0
 Retrying in 1 seconds
[shaping_diag] success_cum_shaping=282.39 T=105 d_init=94.1 d_final=0.0
 Retrying in 1 seconds
[shaping_diag] success_cum_shaping=282.39 T=103 d_init=94.1 d_final=0.0
 Retrying in 1 seconds
[shaping_diag] success_cum_shaping=282.39 T=103 d_init=94.1 d_final=0.0
 Retrying in 1 seconds
[shaping_diag] success_cum_shaping=282.39 T=118 d_init=94.1 d_final=0.0
 Retrying in 1 seconds
[shaping_diag] success_cum_shaping=282.39 T=103 d_init=94.1 d_final=0.0
 Retrying in 1 seconds
[shaping_diag] success_cum_shaping=282.39 T=103 d_init=94.1 d_final=0.0
 Retrying in 1 seconds
[shaping_diag] success_cum_shaping=282.39 T=103 d_init=94.1 d_final=0.0
 Retrying in 1 seconds
[shaping_diag] success_cum_shaping=282.39 T=103 d_init=94.1 d_final=0.0
 Retrying in 1 seconds
[shaping_diag] success_cum_shaping=282.39 T=104 d_init=94.1 d_final=0.0
 Retrying in 1 seconds
[shaping_diag] success_cum_shaping=282.39 T=104 d_init=94.1 d_final=0.0
 Retrying in 1 seconds
[shaping_diag] success_cum_shaping=282.39 T=104 d_init=94.1 d_final=0.0
 Retrying in 1 seconds
[shaping_diag] success_cum_shaping=282.39 T=103 d_init=94.1 d_final=0.0
 Retrying in 1 seconds
[shaping_diag] success_cum_shaping=282.39 T=102 d_init=94.1 d_final=0.0
 Retrying in 1 seconds
[shaping_diag] success_cum_shaping=282.39 T=104 d_init=94.1 d_final=0.0
 Retrying in 1 seconds
[shaping_diag] success_cum_shaping=282.39 T=104 d_init=94.1 d_final=0.0
 Retrying in 1 seconds
[shaping_diag] success_cum_shaping=282.39 T=103 d_init=94.1 d_final=0.0
 Retrying in 1 seconds
[shaping_diag] success_cum_shaping=282.39 T=103 d_init=94.1 d_final=0.0
 Retrying in 1 seconds
[shaping_diag] success_cum_shaping=282.39 T=104 d_init=94.1 d_final=0.0
Warning: Vehicle 'ego'; junction collision with vehicle 'other', lane=':center_4_0', gap=-1.00, time=7.40 stage=move.
 Retrying in 1 seconds
 Retrying in 1 seconds
[shaping_diag] success_cum_shaping=282.39 T=105 d_init=94.1 d_final=0.0
 Retrying in 1 seconds
[shaping_diag] success_cum_shaping=282.39 T=219 d_init=94.1 d_final=0.0
 Retrying in 1 seconds
[shaping_diag] success_cum_shaping=282.39 T=103 d_init=94.1 d_final=0.0
 Retrying in 1 seconds
[shaping_diag] success_cum_shaping=282.39 T=102 d_init=94.1 d_final=0.0
 Retrying in 1 seconds
[shaping_diag] success_cum_shaping=282.39 T=103 d_init=94.1 d_final=0.0
 Retrying in 1 seconds
[shaping_diag] success_cum_shaping=282.39 T=103 d_init=94.1 d_final=0.0
 Retrying in 1 seconds
[shaping_diag] success_cum_shaping=282.39 T=103 d_init=94.1 d_final=0.0
 Retrying in 1 seconds
[shaping_diag] success_cum_shaping=282.39 T=103 d_init=94.1 d_final=0.0
 Retrying in 1 seconds
[shaping_diag] success_cum_shaping=282.39 T=105 d_init=94.1 d_final=0.0
 Retrying in 1 seconds
[shaping_diag] success_cum_shaping=282.39 T=104 d_init=94.1 d_final=0.0
 Retrying in 1 seconds
[shaping_diag] success_cum_shaping=282.39 T=206 d_init=94.1 d_final=0.0
 Retrying in 1 seconds
[shaping_diag] success_cum_shaping=282.39 T=103 d_init=94.1 d_final=0.0
 Retrying in 1 seconds
[shaping_diag] success_cum_shaping=282.39 T=102 d_init=94.1 d_final=0.0
 Retrying in 1 seconds
[shaping_diag] success_cum_shaping=282.39 T=105 d_init=94.1 d_final=0.0
Warning: Vehicle 'other' performs emergency braking on lane ':center_8_0' with decel=9.00, wished=5.00, severity=1.00, time=7.30.
Warning: Vehicle 'other' performs emergency braking on lane ':center_8_0' with decel=9.00, wished=5.00, severity=1.00, time=8.00.
 Retrying in 1 seconds
 Retrying in 1 seconds
 Retrying in 1 seconds
[shaping_diag] success_cum_shaping=282.39 T=107 d_init=94.1 d_final=0.0
 Retrying in 1 seconds
[shaping_diag] success_cum_shaping=282.39 T=103 d_init=94.1 d_final=0.0
 Retrying in 1 seconds
 Retrying in 1 seconds
[shaping_diag] success_cum_shaping=282.39 T=104 d_init=94.1 d_final=0.0
 Retrying in 1 seconds
[shaping_diag] success_cum_shaping=282.39 T=104 d_init=94.1 d_final=0.0
 Retrying in 1 seconds
[shaping_diag] success_cum_shaping=282.39 T=103 d_init=94.1 d_final=0.0
 Retrying in 1 seconds
[shaping_diag] success_cum_shaping=282.39 T=103 d_init=94.1 d_final=0.0
 Retrying in 1 seconds
[shaping_diag] success_cum_shaping=282.39 T=102 d_init=94.1 d_final=0.0
 Retrying in 1 seconds
[shaping_diag] success_cum_shaping=282.39 T=103 d_init=94.1 d_final=0.0
 Retrying in 1 seconds
[shaping_diag] success_cum_shaping=282.39 T=108 d_init=94.1 d_final=0.0
 Retrying in 1 seconds
[shaping_diag] success_cum_shaping=282.39 T=104 d_init=94.1 d_final=0.0
 Retrying in 1 seconds
[shaping_diag] success_cum_shaping=282.39 T=103 d_init=94.1 d_final=0.0
 Retrying in 1 seconds
[shaping_diag] success_cum_shaping=282.39 T=103 d_init=94.1 d_final=0.0
 Retrying in 1 seconds
[shaping_diag] success_cum_shaping=282.39 T=103 d_init=94.1 d_final=0.0
 Retrying in 1 seconds
[shaping_diag] success_cum_shaping=282.39 T=103 d_init=94.1 d_final=0.0
 Retrying in 1 seconds
[shaping_diag] success_cum_shaping=282.39 T=102 d_init=94.1 d_final=0.0
 Retrying in 1 seconds
[shaping_diag] success_cum_shaping=282.39 T=106 d_init=94.1 d_final=0.0
 Retrying in 1 seconds
[shaping_diag] success_cum_shaping=282.39 T=103 d_init=94.1 d_final=0.0
 Retrying in 1 seconds
[shaping_diag] success_cum_shaping=282.39 T=103 d_init=94.1 d_final=0.0
 Retrying in 1 seconds
[shaping_diag] success_cum_shaping=282.39 T=213 d_init=94.1 d_final=0.0
 Retrying in 1 seconds
[shaping_diag] success_cum_shaping=282.39 T=104 d_init=94.1 d_final=0.0
 Retrying in 1 seconds
[shaping_diag] success_cum_shaping=282.39 T=102 d_init=94.1 d_final=0.0
 Retrying in 1 seconds
[shaping_diag] success_cum_shaping=282.39 T=103 d_init=94.1 d_final=0.0
 Retrying in 1 seconds
[shaping_diag] success_cum_shaping=282.39 T=131 d_init=94.1 d_final=0.0
Warning: Vehicle 'other' performs emergency braking on lane ':center_8_0' with decel=9.00, wished=5.00, severity=1.00, time=7.20.
 Retrying in 1 seconds
[shaping_diag] success_cum_shaping=282.39 T=108 d_init=94.1 d_final=0.0
 Retrying in 1 seconds
[shaping_diag] success_cum_shaping=282.39 T=102 d_init=94.1 d_final=0.0
 Retrying in 1 seconds
[shaping_diag] success_cum_shaping=282.39 T=102 d_init=94.1 d_final=0.0
 Retrying in 1 seconds
[shaping_diag] success_cum_shaping=282.39 T=102 d_init=94.1 d_final=0.0
 Retrying in 1 seconds
[shaping_diag] success_cum_shaping=282.39 T=103 d_init=94.1 d_final=0.0
 Retrying in 1 seconds
[shaping_diag] success_cum_shaping=282.39 T=102 d_init=94.1 d_final=0.0
 Retrying in 1 seconds
[shaping_diag] success_cum_shaping=282.39 T=102 d_init=94.1 d_final=0.0
 Retrying in 1 seconds
[shaping_diag] success_cum_shaping=282.39 T=103 d_init=94.1 d_final=0.0
 Retrying in 1 seconds
[shaping_diag] success_cum_shaping=282.39 T=103 d_init=94.1 d_final=0.0
 Retrying in 1 seconds
[shaping_diag] success_cum_shaping=282.39 T=103 d_init=94.1 d_final=0.0
 Retrying in 1 seconds
[shaping_diag] success_cum_shaping=282.39 T=103 d_init=94.1 d_final=0.0
 Retrying in 1 seconds
[shaping_diag] success_cum_shaping=282.39 T=103 d_init=94.1 d_final=0.0
 Retrying in 1 seconds
[shaping_diag] success_cum_shaping=282.39 T=102 d_init=94.1 d_final=0.0
 Retrying in 1 seconds
[shaping_diag] success_cum_shaping=282.39 T=105 d_init=94.1 d_final=0.0
 Retrying in 1 seconds
[shaping_diag] success_cum_shaping=282.39 T=103 d_init=94.1 d_final=0.0
 Retrying in 1 seconds
[shaping_diag] success_cum_shaping=282.39 T=104 d_init=94.1 d_final=0.0
 Retrying in 1 seconds
[shaping_diag] success_cum_shaping=282.39 T=103 d_init=94.1 d_final=0.0
 Retrying in 1 seconds
 Retrying in 1 seconds
[shaping_diag] success_cum_shaping=282.39 T=103 d_init=94.1 d_final=0.0
 Retrying in 1 seconds
[shaping_diag] success_cum_shaping=282.39 T=103 d_init=94.1 d_final=0.0
 Retrying in 1 seconds
[shaping_diag] success_cum_shaping=282.39 T=103 d_init=94.1 d_final=0.0
 Retrying in 1 seconds
[shaping_diag] success_cum_shaping=282.39 T=107 d_init=94.1 d_final=0.0
 Retrying in 1 seconds
[shaping_diag] success_cum_shaping=282.39 T=104 d_init=94.1 d_final=0.0
 Retrying in 1 seconds
[shaping_diag] success_cum_shaping=282.39 T=232 d_init=94.1 d_final=0.0
 Retrying in 1 seconds
[shaping_diag] success_cum_shaping=282.39 T=233 d_init=94.1 d_final=0.0
 Retrying in 1 seconds
[shaping_diag] success_cum_shaping=282.39 T=104 d_init=94.1 d_final=0.0
 Retrying in 1 seconds
[shaping_diag] success_cum_shaping=282.39 T=104 d_init=94.1 d_final=0.0
 Retrying in 1 seconds
[shaping_diag] success_cum_shaping=282.39 T=102 d_init=94.1 d_final=0.0
 Retrying in 1 seconds
[shaping_diag] success_cum_shaping=282.39 T=103 d_init=94.1 d_final=0.0
 Retrying in 1 seconds
[shaping_diag] success_cum_shaping=282.39 T=103 d_init=94.1 d_final=0.0
 Retrying in 1 seconds
[shaping_diag] success_cum_shaping=282.39 T=105 d_init=94.1 d_final=0.0
 Retrying in 1 seconds
[shaping_diag] success_cum_shaping=282.39 T=105 d_init=94.1 d_final=0.0
 Retrying in 1 seconds
[shaping_diag] success_cum_shaping=282.39 T=107 d_init=94.1 d_final=0.0
 Retrying in 1 seconds
[shaping_diag] success_cum_shaping=282.39 T=103 d_init=94.1 d_final=0.0
 Retrying in 1 seconds
[shaping_diag] success_cum_shaping=282.39 T=103 d_init=94.1 d_final=0.0
 Retrying in 1 seconds
[shaping_diag] success_cum_shaping=282.39 T=102 d_init=94.1 d_final=0.0
 Retrying in 1 seconds
[shaping_diag] success_cum_shaping=282.39 T=228 d_init=94.1 d_final=0.0
 Retrying in 1 seconds
[shaping_diag] success_cum_shaping=282.39 T=103 d_init=94.1 d_final=0.0
 Retrying in 1 seconds
[shaping_diag] success_cum_shaping=282.39 T=103 d_init=94.1 d_final=0.0
 Retrying in 1 seconds
[shaping_diag] success_cum_shaping=282.39 T=107 d_init=94.1 d_final=0.0
 Retrying in 1 seconds
[shaping_diag] success_cum_shaping=282.39 T=106 d_init=94.1 d_final=0.0
 Retrying in 1 seconds
[shaping_diag] success_cum_shaping=282.39 T=105 d_init=94.1 d_final=0.0
 Retrying in 1 seconds
[shaping_diag] success_cum_shaping=282.39 T=103 d_init=94.1 d_final=0.0
 Retrying in 1 seconds
[shaping_diag] success_cum_shaping=282.39 T=110 d_init=94.1 d_final=0.0
 Retrying in 1 seconds
[shaping_diag] success_cum_shaping=282.39 T=104 d_init=94.1 d_final=0.0
 Retrying in 1 seconds
[shaping_diag] success_cum_shaping=282.39 T=104 d_init=94.1 d_final=0.0
 Retrying in 1 seconds
[shaping_diag] success_cum_shaping=282.39 T=102 d_init=94.1 d_final=0.0
 Retrying in 1 seconds
[shaping_diag] success_cum_shaping=282.39 T=103 d_init=94.1 d_final=0.0
 Retrying in 1 seconds
[shaping_diag] success_cum_shaping=282.39 T=103 d_init=94.1 d_final=0.0
 Retrying in 1 seconds
[shaping_diag] success_cum_shaping=282.39 T=110 d_init=94.1 d_final=0.0
Warning: Vehicle 'other2' performs emergency braking on lane ':center_8_0' with decel=9.00, wished=6.00, severity=1.00, time=8.90.
 Retrying in 1 seconds
[shaping_diag] success_cum_shaping=282.39 T=124 d_init=94.1 d_final=0.0
 Retrying in 1 seconds
[shaping_diag] success_cum_shaping=282.39 T=208 d_init=94.1 d_final=0.0
 Retrying in 1 seconds
 Retrying in 1 seconds
[shaping_diag] success_cum_shaping=282.39 T=105 d_init=94.1 d_final=0.0
 Retrying in 1 seconds
[shaping_diag] success_cum_shaping=282.39 T=103 d_init=94.1 d_final=0.0
 Retrying in 1 seconds
[shaping_diag] success_cum_shaping=282.39 T=103 d_init=94.1 d_final=0.0
 Retrying in 1 seconds
[shaping_diag] success_cum_shaping=282.39 T=106 d_init=94.1 d_final=0.0
 Retrying in 1 seconds
[shaping_diag] success_cum_shaping=282.39 T=105 d_init=94.1 d_final=0.0
 Retrying in 1 seconds
[shaping_diag] success_cum_shaping=282.39 T=104 d_init=94.1 d_final=0.0
 Retrying in 1 seconds
[shaping_diag] success_cum_shaping=282.39 T=113 d_init=94.1 d_final=0.0
 Retrying in 1 seconds
[shaping_diag] success_cum_shaping=282.39 T=103 d_init=94.1 d_final=0.0
 Retrying in 1 seconds
[shaping_diag] success_cum_shaping=282.39 T=102 d_init=94.1 d_final=0.0
 Retrying in 1 seconds
[shaping_diag] success_cum_shaping=282.39 T=104 d_init=94.1 d_final=0.0
 Retrying in 1 seconds
[shaping_diag] success_cum_shaping=282.39 T=104 d_init=94.1 d_final=0.0
 Retrying in 1 seconds
[shaping_diag] success_cum_shaping=282.39 T=106 d_init=94.1 d_final=0.0
 Retrying in 1 seconds
[shaping_diag] success_cum_shaping=282.39 T=122 d_init=94.1 d_final=0.0
 Retrying in 1 seconds
[shaping_diag] success_cum_shaping=282.39 T=103 d_init=94.1 d_final=0.0
 Retrying in 1 seconds
[shaping_diag] success_cum_shaping=282.39 T=106 d_init=94.1 d_final=0.0
 Retrying in 1 seconds
[shaping_diag] success_cum_shaping=282.39 T=103 d_init=94.1 d_final=0.0
 Retrying in 1 seconds
[shaping_diag] success_cum_shaping=282.39 T=102 d_init=94.1 d_final=0.0
Warning: Vehicle 'ego'; junction collision with vehicle 'other', lane=':center_4_0', gap=-1.00, time=7.30 stage=move.
 Retrying in 1 seconds
 Retrying in 1 seconds
[shaping_diag] success_cum_shaping=282.39 T=105 d_init=94.1 d_final=0.0
Warning: Vehicle 'other' performs emergency braking on lane ':center_8_0' with decel=9.00, wished=5.00, severity=1.00, time=7.20.
 Retrying in 1 seconds
[shaping_diag] success_cum_shaping=282.39 T=106 d_init=94.1 d_final=0.0
 Retrying in 1 seconds
[shaping_diag] success_cum_shaping=282.39 T=104 d_init=94.1 d_final=0.0
 Retrying in 1 seconds
[shaping_diag] success_cum_shaping=282.39 T=102 d_init=94.1 d_final=0.0
 Retrying in 1 seconds
[shaping_diag] success_cum_shaping=282.39 T=107 d_init=94.1 d_final=0.0
 Retrying in 1 seconds
[shaping_diag] success_cum_shaping=282.39 T=104 d_init=94.1 d_final=0.0
 Retrying in 1 seconds
[shaping_diag] success_cum_shaping=282.39 T=104 d_init=94.1 d_final=0.0
 Retrying in 1 seconds
[shaping_diag] success_cum_shaping=282.39 T=104 d_init=94.1 d_final=0.0
 Retrying in 1 seconds
[shaping_diag] success_cum_shaping=282.39 T=103 d_init=94.1 d_final=0.0
 Retrying in 1 seconds
[shaping_diag] success_cum_shaping=282.39 T=104 d_init=94.1 d_final=0.0
 Retrying in 1 seconds
[shaping_diag] success_cum_shaping=282.39 T=107 d_init=94.1 d_final=0.0
 Retrying in 1 seconds
[shaping_diag] success_cum_shaping=282.39 T=105 d_init=94.1 d_final=0.0
 Retrying in 1 seconds
[shaping_diag] success_cum_shaping=282.39 T=105 d_init=94.1 d_final=0.0
 Retrying in 1 seconds
[shaping_diag] success_cum_shaping=282.39 T=104 d_init=94.1 d_final=0.0
 Retrying in 1 seconds
[shaping_diag] success_cum_shaping=282.39 T=103 d_init=94.1 d_final=0.0
 Retrying in 1 seconds
[shaping_diag] success_cum_shaping=282.39 T=104 d_init=94.1 d_final=0.0
 Retrying in 1 seconds
[shaping_diag] success_cum_shaping=282.39 T=106 d_init=94.1 d_final=0.0
 Retrying in 1 seconds
[shaping_diag] success_cum_shaping=282.39 T=104 d_init=94.1 d_final=0.0
 Retrying in 1 seconds
[shaping_diag] success_cum_shaping=282.39 T=103 d_init=94.1 d_final=0.0
 Retrying in 1 seconds
[shaping_diag] success_cum_shaping=282.39 T=103 d_init=94.1 d_final=0.0
 Retrying in 1 seconds
[shaping_diag] success_cum_shaping=282.39 T=104 d_init=94.1 d_final=0.0
Warning: Vehicle 'other' performs emergency braking on lane ':center_8_0' with decel=9.00, wished=5.00, severity=1.00, time=7.10.
Warning: Vehicle 'ego'; junction collision with vehicle 'other', lane=':center_4_0', gap=-1.00, time=7.30 stage=move.
Warning: Vehicle 'other' performs emergency braking on lane ':center_8_0' with decel=9.00, wished=7.00, severity=1.00, time=7.20.
 Retrying in 1 seconds
 Retrying in 1 seconds
 Retrying in 1 seconds
[shaping_diag] success_cum_shaping=282.39 T=104 d_init=94.1 d_final=0.0
 Retrying in 1 seconds
[shaping_diag] success_cum_shaping=282.39 T=105 d_init=94.1 d_final=0.0
 Retrying in 1 seconds
[shaping_diag] success_cum_shaping=282.39 T=104 d_init=94.1 d_final=0.0
 Retrying in 1 seconds
[shaping_diag] success_cum_shaping=282.39 T=105 d_init=94.1 d_final=0.0
 Retrying in 1 seconds
[shaping_diag] success_cum_shaping=282.39 T=107 d_init=94.1 d_final=0.0
 Retrying in 1 seconds
[shaping_diag] success_cum_shaping=282.39 T=103 d_init=94.1 d_final=0.0
 Retrying in 1 seconds
[shaping_diag] success_cum_shaping=282.39 T=104 d_init=94.1 d_final=0.0
 Retrying in 1 seconds
[shaping_diag] success_cum_shaping=282.39 T=103 d_init=94.1 d_final=0.0
 Retrying in 1 seconds
[shaping_diag] success_cum_shaping=282.39 T=106 d_init=94.1 d_final=0.0
 Retrying in 1 seconds
[shaping_diag] success_cum_shaping=282.39 T=103 d_init=94.1 d_final=0.0
 Retrying in 1 seconds
[shaping_diag] success_cum_shaping=282.39 T=107 d_init=94.1 d_final=0.0
 Retrying in 1 seconds
[shaping_diag] success_cum_shaping=282.39 T=103 d_init=94.1 d_final=0.0
 Retrying in 1 seconds
[shaping_diag] success_cum_shaping=282.39 T=107 d_init=94.1 d_final=0.0
 Retrying in 1 seconds
[shaping_diag] success_cum_shaping=282.39 T=103 d_init=94.1 d_final=0.0
 Retrying in 1 seconds
[shaping_diag] success_cum_shaping=282.39 T=103 d_init=94.1 d_final=0.0
 Retrying in 1 seconds
[shaping_diag] success_cum_shaping=282.39 T=103 d_init=94.1 d_final=0.0
 Retrying in 1 seconds
[shaping_diag] success_cum_shaping=282.39 T=104 d_init=94.1 d_final=0.0
 Retrying in 1 seconds
[shaping_diag] success_cum_shaping=282.39 T=104 d_init=94.1 d_final=0.0
 Retrying in 1 seconds
[shaping_diag] success_cum_shaping=282.39 T=103 d_init=94.1 d_final=0.0
 Retrying in 1 seconds
[shaping_diag] success_cum_shaping=282.39 T=105 d_init=94.1 d_final=0.0
 Retrying in 1 seconds
[shaping_diag] success_cum_shaping=282.39 T=103 d_init=94.1 d_final=0.0
 Retrying in 1 seconds
[shaping_diag] success_cum_shaping=282.39 T=104 d_init=94.1 d_final=0.0
 Retrying in 1 seconds
[shaping_diag] success_cum_shaping=282.39 T=104 d_init=94.1 d_final=0.0
 Retrying in 1 seconds
[shaping_diag] success_cum_shaping=282.39 T=104 d_init=94.1 d_final=0.0
 Retrying in 1 seconds
[shaping_diag] success_cum_shaping=282.39 T=103 d_init=94.1 d_final=0.0
 Retrying in 1 seconds
[shaping_diag] success_cum_shaping=282.39 T=108 d_init=94.1 d_final=0.0
 Retrying in 1 seconds
[shaping_diag] success_cum_shaping=282.39 T=105 d_init=94.1 d_final=0.0
 Retrying in 1 seconds
[shaping_diag] success_cum_shaping=282.39 T=102 d_init=94.1 d_final=0.0
 Retrying in 1 seconds
[shaping_diag] success_cum_shaping=282.39 T=103 d_init=94.1 d_final=0.0
 Retrying in 1 seconds
[shaping_diag] success_cum_shaping=282.39 T=147 d_init=94.1 d_final=0.0
 Retrying in 1 seconds
[shaping_diag] success_cum_shaping=282.39 T=103 d_init=94.1 d_final=0.0
 Retrying in 1 seconds
[shaping_diag] success_cum_shaping=282.39 T=103 d_init=94.1 d_final=0.0
 Retrying in 1 seconds
[shaping_diag] success_cum_shaping=282.39 T=103 d_init=94.1 d_final=0.0
 Retrying in 1 seconds
[shaping_diag] success_cum_shaping=282.39 T=104 d_init=94.1 d_final=0.0
Warning: Vehicle 'ego'; collision with vehicle 'other', lane='right_out_0', gap=-1.73, time=7.50 stage=move.
 Retrying in 1 seconds
 Retrying in 1 seconds
[shaping_diag] success_cum_shaping=282.39 T=103 d_init=94.1 d_final=0.0
 Retrying in 1 seconds
[shaping_diag] success_cum_shaping=282.39 T=105 d_init=94.1 d_final=0.0
Warning: Vehicle 'ego'; junction collision with vehicle 'other', lane=':center_4_0', gap=-1.00, time=7.60 stage=move.
 Retrying in 1 seconds
 Retrying in 1 seconds
 Retrying in 1 seconds
[shaping_diag] success_cum_shaping=282.39 T=103 d_init=94.1 d_final=0.0
 Retrying in 1 seconds
[shaping_diag] success_cum_shaping=282.39 T=103 d_init=94.1 d_final=0.0
 Retrying in 1 seconds
[shaping_diag] success_cum_shaping=282.39 T=103 d_init=94.1 d_final=0.0
 Retrying in 1 seconds
[shaping_diag] success_cum_shaping=282.39 T=106 d_init=94.1 d_final=0.0
 Retrying in 1 seconds
[shaping_diag] success_cum_shaping=282.39 T=102 d_init=94.1 d_final=0.0
 Retrying in 1 seconds
[shaping_diag] success_cum_shaping=282.39 T=102 d_init=94.1 d_final=0.0
 Retrying in 1 seconds
[shaping_diag] success_cum_shaping=282.39 T=102 d_init=94.1 d_final=0.0
 Retrying in 1 seconds
[shaping_diag] success_cum_shaping=282.39 T=106 d_init=94.1 d_final=0.0
 Retrying in 1 seconds
[shaping_diag] success_cum_shaping=282.39 T=103 d_init=94.1 d_final=0.0
 Retrying in 1 seconds
[shaping_diag] success_cum_shaping=282.39 T=103 d_init=94.1 d_final=0.0
 Retrying in 1 seconds
[shaping_diag] success_cum_shaping=282.39 T=102 d_init=94.1 d_final=0.0
 Retrying in 1 seconds
[shaping_diag] success_cum_shaping=282.39 T=103 d_init=94.1 d_final=0.0
 Retrying in 1 seconds
[shaping_diag] success_cum_shaping=282.39 T=103 d_init=94.1 d_final=0.0
 Retrying in 1 seconds
[shaping_diag] success_cum_shaping=282.39 T=102 d_init=94.1 d_final=0.0
 Retrying in 1 seconds
 Retrying in 1 seconds
[shaping_diag] success_cum_shaping=282.39 T=102 d_init=94.1 d_final=0.0
 Retrying in 1 seconds
[shaping_diag] success_cum_shaping=282.39 T=103 d_init=94.1 d_final=0.0
 Retrying in 1 seconds
[shaping_diag] success_cum_shaping=282.39 T=102 d_init=94.1 d_final=0.0
 Retrying in 1 seconds
[shaping_diag] success_cum_shaping=282.39 T=103 d_init=94.1 d_final=0.0
 Retrying in 1 seconds
[shaping_diag] success_cum_shaping=282.39 T=102 d_init=94.1 d_final=0.0
 Retrying in 1 seconds
[shaping_diag] success_cum_shaping=282.39 T=104 d_init=94.1 d_final=0.0
 Retrying in 1 seconds
[shaping_diag] success_cum_shaping=282.39 T=103 d_init=94.1 d_final=0.0
Warning: Vehicle 'other' performs emergency braking on lane ':center_8_0' with decel=9.00, wished=6.00, severity=1.00, time=7.30.
 Retrying in 1 seconds
 Retrying in 1 seconds
[shaping_diag] success_cum_shaping=282.39 T=103 d_init=94.1 d_final=0.0
 Retrying in 1 seconds
[shaping_diag] success_cum_shaping=282.39 T=103 d_init=94.1 d_final=0.0
 Retrying in 1 seconds
[shaping_diag] success_cum_shaping=282.39 T=107 d_init=94.1 d_final=0.0
 Retrying in 1 seconds
[shaping_diag] success_cum_shaping=282.39 T=104 d_init=94.1 d_final=0.0
 Retrying in 1 seconds
[shaping_diag] success_cum_shaping=282.39 T=103 d_init=94.1 d_final=0.0
 Retrying in 1 seconds
[shaping_diag] success_cum_shaping=282.39 T=103 d_init=94.1 d_final=0.0
 Retrying in 1 seconds
[shaping_diag] success_cum_shaping=282.39 T=104 d_init=94.1 d_final=0.0
 Retrying in 1 seconds
 Retrying in 1 seconds
[shaping_diag] success_cum_shaping=282.39 T=103 d_init=94.1 d_final=0.0
 Retrying in 1 seconds
[shaping_diag] success_cum_shaping=282.39 T=103 d_init=94.1 d_final=0.0
 Retrying in 1 seconds
[shaping_diag] success_cum_shaping=282.39 T=104 d_init=94.1 d_final=0.0
 Retrying in 1 seconds
[shaping_diag] success_cum_shaping=282.39 T=104 d_init=94.1 d_final=0.0
Warning: Vehicle 'other' performs emergency braking on lane ':center_8_0' with decel=9.00, wished=5.00, severity=1.00, time=7.30.
 Retrying in 1 seconds
[shaping_diag] success_cum_shaping=282.39 T=106 d_init=94.1 d_final=0.0
 Retrying in 1 seconds
[shaping_diag] success_cum_shaping=282.39 T=103 d_init=94.1 d_final=0.0
 Retrying in 1 seconds
[shaping_diag] success_cum_shaping=282.39 T=103 d_init=94.1 d_final=0.0
 Retrying in 1 seconds
[shaping_diag] success_cum_shaping=282.39 T=103 d_init=94.1 d_final=0.0
 Retrying in 1 seconds
[shaping_diag] success_cum_shaping=282.39 T=106 d_init=94.1 d_final=0.0
 Retrying in 1 seconds
 Retrying in 1 seconds
[shaping_diag] success_cum_shaping=282.39 T=118 d_init=94.1 d_final=0.0
 Retrying in 1 seconds
[shaping_diag] success_cum_shaping=282.39 T=102 d_init=94.1 d_final=0.0
 Retrying in 1 seconds
[shaping_diag] success_cum_shaping=282.39 T=108 d_init=94.1 d_final=0.0
 Retrying in 1 seconds
[shaping_diag] success_cum_shaping=282.39 T=128 d_init=94.1 d_final=0.0
 Retrying in 1 seconds
[shaping_diag] success_cum_shaping=282.39 T=102 d_init=94.1 d_final=0.0
 Retrying in 1 seconds
[shaping_diag] success_cum_shaping=282.39 T=103 d_init=94.1 d_final=0.0
 Retrying in 1 seconds
[shaping_diag] success_cum_shaping=282.39 T=103 d_init=94.1 d_final=0.0
 Retrying in 1 seconds
[shaping_diag] success_cum_shaping=282.39 T=102 d_init=94.1 d_final=0.0
 Retrying in 1 seconds
[shaping_diag] success_cum_shaping=282.39 T=103 d_init=94.1 d_final=0.0
 Retrying in 1 seconds
[shaping_diag] success_cum_shaping=282.39 T=104 d_init=94.1 d_final=0.0
 Retrying in 1 seconds
[shaping_diag] success_cum_shaping=282.39 T=103 d_init=94.1 d_final=0.0
 Retrying in 1 seconds
[shaping_diag] success_cum_shaping=282.39 T=103 d_init=94.1 d_final=0.0
 Retrying in 1 seconds
[shaping_diag] success_cum_shaping=282.39 T=104 d_init=94.1 d_final=0.0
 Retrying in 1 seconds
[shaping_diag] success_cum_shaping=282.39 T=105 d_init=94.1 d_final=0.0
 Retrying in 1 seconds
[shaping_diag] success_cum_shaping=282.39 T=103 d_init=94.1 d_final=0.0
 Retrying in 1 seconds
[shaping_diag] success_cum_shaping=282.39 T=102 d_init=94.1 d_final=0.0
 Retrying in 1 seconds
[shaping_diag] success_cum_shaping=282.39 T=103 d_init=94.1 d_final=0.0
 Retrying in 1 seconds
[shaping_diag] success_cum_shaping=282.39 T=103 d_init=94.1 d_final=0.0
 Retrying in 1 seconds
[shaping_diag] success_cum_shaping=282.39 T=103 d_init=94.1 d_final=0.0
 Retrying in 1 seconds
[shaping_diag] success_cum_shaping=282.39 T=103 d_init=94.1 d_final=0.0
 Retrying in 1 seconds
[shaping_diag] success_cum_shaping=282.39 T=104 d_init=94.1 d_final=0.0
 Retrying in 1 seconds
[shaping_diag] success_cum_shaping=282.39 T=103 d_init=94.1 d_final=0.0
 Retrying in 1 seconds
[shaping_diag] success_cum_shaping=282.39 T=102 d_init=94.1 d_final=0.0
 Retrying in 1 seconds
[shaping_diag] success_cum_shaping=282.39 T=104 d_init=94.1 d_final=0.0
 Retrying in 1 seconds
[shaping_diag] success_cum_shaping=282.39 T=103 d_init=94.1 d_final=0.0
 Retrying in 1 seconds
[shaping_diag] success_cum_shaping=282.39 T=104 d_init=94.1 d_final=0.0
 Retrying in 1 seconds
[shaping_diag] success_cum_shaping=282.39 T=103 d_init=94.1 d_final=0.0
 Retrying in 1 seconds
[shaping_diag] success_cum_shaping=282.39 T=103 d_init=94.1 d_final=0.0
 Retrying in 1 seconds
[shaping_diag] success_cum_shaping=282.39 T=105 d_init=94.1 d_final=0.0
 Retrying in 1 seconds
[shaping_diag] success_cum_shaping=282.39 T=103 d_init=94.1 d_final=0.0
 Retrying in 1 seconds
[shaping_diag] success_cum_shaping=282.39 T=106 d_init=94.1 d_final=0.0
 Retrying in 1 seconds
[shaping_diag] success_cum_shaping=282.39 T=103 d_init=94.1 d_final=0.0
 Retrying in 1 seconds
[shaping_diag] success_cum_shaping=282.39 T=104 d_init=94.1 d_final=0.0
 Retrying in 1 seconds
[shaping_diag] success_cum_shaping=282.39 T=104 d_init=94.1 d_final=0.0
 Retrying in 1 seconds
[shaping_diag] success_cum_shaping=282.39 T=103 d_init=94.1 d_final=0.0
 Retrying in 1 seconds
[shaping_diag] success_cum_shaping=282.39 T=104 d_init=94.1 d_final=0.0
 Retrying in 1 seconds
[shaping_diag] success_cum_shaping=282.39 T=102 d_init=94.1 d_final=0.0
 Retrying in 1 seconds
[shaping_diag] success_cum_shaping=282.39 T=103 d_init=94.1 d_final=0.0
 Retrying in 1 seconds
[shaping_diag] success_cum_shaping=282.39 T=103 d_init=94.1 d_final=0.0
 Retrying in 1 seconds
 Retrying in 1 seconds
[shaping_diag] success_cum_shaping=282.39 T=104 d_init=94.1 d_final=0.0
 Retrying in 1 seconds
[shaping_diag] success_cum_shaping=282.39 T=103 d_init=94.1 d_final=0.0
 Retrying in 1 seconds
[shaping_diag] success_cum_shaping=282.39 T=112 d_init=94.1 d_final=0.0
 Retrying in 1 seconds
[shaping_diag] success_cum_shaping=282.39 T=103 d_init=94.1 d_final=0.0
 Retrying in 1 seconds
[shaping_diag] success_cum_shaping=282.39 T=103 d_init=94.1 d_final=0.0
 Retrying in 1 seconds
[shaping_diag] success_cum_shaping=282.39 T=103 d_init=94.1 d_final=0.0
 Retrying in 1 seconds
[shaping_diag] success_cum_shaping=282.39 T=103 d_init=94.1 d_final=0.0
 Retrying in 1 seconds
[shaping_diag] success_cum_shaping=282.39 T=103 d_init=94.1 d_final=0.0
 Retrying in 1 seconds
[shaping_diag] success_cum_shaping=282.39 T=103 d_init=94.1 d_final=0.0
 Retrying in 1 seconds
[shaping_diag] success_cum_shaping=282.39 T=103 d_init=94.1 d_final=0.0
 Retrying in 1 seconds
[shaping_diag] success_cum_shaping=282.39 T=103 d_init=94.1 d_final=0.0
 Retrying in 1 seconds
[shaping_diag] success_cum_shaping=282.39 T=114 d_init=94.1 d_final=0.0
 Retrying in 1 seconds
[shaping_diag] success_cum_shaping=282.39 T=117 d_init=94.1 d_final=0.0
 Retrying in 1 seconds
[shaping_diag] success_cum_shaping=282.39 T=102 d_init=94.1 d_final=0.0
 Retrying in 1 seconds
[shaping_diag] success_cum_shaping=282.39 T=102 d_init=94.1 d_final=0.0
 Retrying in 1 seconds
[shaping_diag] success_cum_shaping=282.39 T=102 d_init=94.1 d_final=0.0
 Retrying in 1 seconds
[shaping_diag] success_cum_shaping=282.39 T=103 d_init=94.1 d_final=0.0
 Retrying in 1 seconds
[shaping_diag] success_cum_shaping=282.39 T=104 d_init=94.1 d_final=0.0
 Retrying in 1 seconds
[shaping_diag] success_cum_shaping=282.39 T=103 d_init=94.1 d_final=0.0
 Retrying in 1 seconds
[shaping_diag] success_cum_shaping=282.39 T=102 d_init=94.1 d_final=0.0
 Retrying in 1 seconds
[shaping_diag] success_cum_shaping=282.39 T=104 d_init=94.1 d_final=0.0
 Retrying in 1 seconds
[shaping_diag] success_cum_shaping=282.39 T=110 d_init=94.1 d_final=0.0
 Retrying in 1 seconds
[shaping_diag] success_cum_shaping=282.39 T=103 d_init=94.1 d_final=0.0
 Retrying in 1 seconds
[shaping_diag] success_cum_shaping=282.39 T=102 d_init=94.1 d_final=0.0
 Retrying in 1 seconds
[shaping_diag] success_cum_shaping=282.39 T=103 d_init=94.1 d_final=0.0
 Retrying in 1 seconds
[shaping_diag] success_cum_shaping=282.39 T=102 d_init=94.1 d_final=0.0
 Retrying in 1 seconds
[shaping_diag] success_cum_shaping=282.39 T=103 d_init=94.1 d_final=0.0
 Retrying in 1 seconds
[shaping_diag] success_cum_shaping=282.39 T=104 d_init=94.1 d_final=0.0
 Retrying in 1 seconds
[shaping_diag] success_cum_shaping=282.39 T=103 d_init=94.1 d_final=0.0
 Retrying in 1 seconds
[shaping_diag] success_cum_shaping=282.39 T=104 d_init=94.1 d_final=0.0
 Retrying in 1 seconds
[shaping_diag] success_cum_shaping=282.39 T=104 d_init=94.1 d_final=0.0
 Retrying in 1 seconds
[shaping_diag] success_cum_shaping=282.39 T=102 d_init=94.1 d_final=0.0
 Retrying in 1 seconds
[shaping_diag] success_cum_shaping=282.39 T=103 d_init=94.1 d_final=0.0
 Retrying in 1 seconds
[shaping_diag] success_cum_shaping=282.39 T=103 d_init=94.1 d_final=0.0
 Retrying in 1 seconds
[shaping_diag] success_cum_shaping=282.39 T=103 d_init=94.1 d_final=0.0
 Retrying in 1 seconds
[shaping_diag] success_cum_shaping=282.39 T=102 d_init=94.1 d_final=0.0
 Retrying in 1 seconds
[shaping_diag] success_cum_shaping=282.39 T=103 d_init=94.1 d_final=0.0
 Retrying in 1 seconds
[shaping_diag] success_cum_shaping=282.39 T=105 d_init=94.1 d_final=0.0
 Retrying in 1 seconds
[shaping_diag] success_cum_shaping=282.39 T=103 d_init=94.1 d_final=0.0
Warning: Vehicle 'other' performs emergency braking on lane ':center_8_0' with decel=9.00, wished=5.00, severity=1.00, time=7.30.
 Retrying in 1 seconds
 Retrying in 1 seconds
 Retrying in 1 seconds
[shaping_diag] success_cum_shaping=282.39 T=103 d_init=94.1 d_final=0.0
Warning: Vehicle 'ego'; collision with vehicle 'other', lane='right_out_0', gap=-1.62, time=7.80 stage=move.
 Retrying in 1 seconds
 Retrying in 1 seconds
[shaping_diag] success_cum_shaping=282.39 T=103 d_init=94.1 d_final=0.0
 Retrying in 1 seconds
[shaping_diag] success_cum_shaping=282.39 T=104 d_init=94.1 d_final=0.0
 Retrying in 1 seconds
[shaping_diag] success_cum_shaping=282.39 T=103 d_init=94.1 d_final=0.0
 Retrying in 1 seconds
[shaping_diag] success_cum_shaping=282.39 T=103 d_init=94.1 d_final=0.0
 Retrying in 1 seconds
[shaping_diag] success_cum_shaping=282.39 T=105 d_init=94.1 d_final=0.0
 Retrying in 1 seconds
[shaping_diag] success_cum_shaping=282.39 T=104 d_init=94.1 d_final=0.0
Warning: Vehicle 'other' performs emergency braking on lane ':center_8_0' with decel=9.00, wished=7.00, severity=1.00, time=7.10.
 Retrying in 1 seconds
 Retrying in 1 seconds
[shaping_diag] success_cum_shaping=282.39 T=102 d_init=94.1 d_final=0.0
 Retrying in 1 seconds
[shaping_diag] success_cum_shaping=282.39 T=105 d_init=94.1 d_final=0.0
 Retrying in 1 seconds
[shaping_diag] success_cum_shaping=282.39 T=102 d_init=94.1 d_final=0.0
 Retrying in 1 seconds
[shaping_diag] success_cum_shaping=282.39 T=104 d_init=94.1 d_final=0.0
 Retrying in 1 seconds
[shaping_diag] success_cum_shaping=282.39 T=103 d_init=94.1 d_final=0.0
 Retrying in 1 seconds
[shaping_diag] success_cum_shaping=282.39 T=103 d_init=94.1 d_final=0.0
 Retrying in 1 seconds
[shaping_diag] success_cum_shaping=282.39 T=102 d_init=94.1 d_final=0.0
 Retrying in 1 seconds
 Retrying in 1 seconds
[shaping_diag] success_cum_shaping=282.39 T=102 d_init=94.1 d_final=0.0
 Retrying in 1 seconds
[shaping_diag] success_cum_shaping=282.39 T=103 d_init=94.1 d_final=0.0
 Retrying in 1 seconds
[shaping_diag] success_cum_shaping=282.39 T=103 d_init=94.1 d_final=0.0
 Retrying in 1 seconds
[shaping_diag] success_cum_shaping=282.39 T=103 d_init=94.1 d_final=0.0
 Retrying in 1 seconds
[shaping_diag] success_cum_shaping=282.39 T=104 d_init=94.1 d_final=0.0
 Retrying in 1 seconds
[shaping_diag] success_cum_shaping=282.39 T=104 d_init=94.1 d_final=0.0
 Retrying in 1 seconds
[shaping_diag] success_cum_shaping=282.39 T=103 d_init=94.1 d_final=0.0
 Retrying in 1 seconds
[shaping_diag] success_cum_shaping=282.39 T=105 d_init=94.1 d_final=0.0
 Retrying in 1 seconds
[shaping_diag] success_cum_shaping=282.39 T=108 d_init=94.1 d_final=0.0
 Retrying in 1 seconds
[shaping_diag] success_cum_shaping=282.39 T=103 d_init=94.1 d_final=0.0
 Retrying in 1 seconds
[shaping_diag] success_cum_shaping=282.39 T=103 d_init=94.1 d_final=0.0
 Retrying in 1 seconds
[shaping_diag] success_cum_shaping=282.39 T=103 d_init=94.1 d_final=0.0
 Retrying in 1 seconds
[shaping_diag] success_cum_shaping=282.39 T=106 d_init=94.1 d_final=0.0
Warning: Vehicle 'ego'; collision with vehicle 'other', lane='right_out_0', gap=-0.92, time=7.40 stage=move.
 Retrying in 1 seconds
 Retrying in 1 seconds
[shaping_diag] success_cum_shaping=282.39 T=102 d_init=94.1 d_final=0.0
 Retrying in 1 seconds
[shaping_diag] success_cum_shaping=282.39 T=103 d_init=94.1 d_final=0.0
 Retrying in 1 seconds
[shaping_diag] success_cum_shaping=282.39 T=103 d_init=94.1 d_final=0.0
 Retrying in 1 seconds
[shaping_diag] success_cum_shaping=282.39 T=103 d_init=94.1 d_final=0.0
 Retrying in 1 seconds
[shaping_diag] success_cum_shaping=282.39 T=104 d_init=94.1 d_final=0.0
 Retrying in 1 seconds
[shaping_diag] success_cum_shaping=282.39 T=103 d_init=94.1 d_final=0.0
 Retrying in 1 seconds
[shaping_diag] success_cum_shaping=282.39 T=104 d_init=94.1 d_final=0.0
 Retrying in 1 seconds
[shaping_diag] success_cum_shaping=282.39 T=103 d_init=94.1 d_final=0.0
 Retrying in 1 seconds
[shaping_diag] success_cum_shaping=282.39 T=103 d_init=94.1 d_final=0.0
Warning: Vehicle 'other' performs emergency braking on lane ':center_8_0' with decel=9.00, wished=6.00, severity=1.00, time=7.10.
 Retrying in 1 seconds
 Retrying in 1 seconds
 Retrying in 1 seconds
[shaping_diag] success_cum_shaping=282.39 T=102 d_init=94.1 d_final=0.0
 Retrying in 1 seconds
[shaping_diag] success_cum_shaping=282.39 T=102 d_init=94.1 d_final=0.0
Warning: Vehicle 'ego'; collision with vehicle 'other', lane='right_out_0', gap=-0.39, time=7.40 stage=move.
Warning: Vehicle 'other' performs emergency braking on lane ':center_8_0' with decel=9.00, wished=7.00, severity=1.00, time=7.20.
Warning: Vehicle 'ego'; junction collision with vehicle 'other', lane=':center_4_0', gap=-1.00, time=7.70 stage=move.
 Retrying in 1 seconds
 Retrying in 1 seconds
 Retrying in 1 seconds
[shaping_diag] success_cum_shaping=282.39 T=102 d_init=94.1 d_final=0.0
 Retrying in 1 seconds
[shaping_diag] success_cum_shaping=282.39 T=102 d_init=94.1 d_final=0.0
 Retrying in 1 seconds
[shaping_diag] success_cum_shaping=282.39 T=102 d_init=94.1 d_final=0.0
 Retrying in 1 seconds
[shaping_diag] success_cum_shaping=282.39 T=106 d_init=94.1 d_final=0.0
 Retrying in 1 seconds
[shaping_diag] success_cum_shaping=282.39 T=102 d_init=94.1 d_final=0.0
[cbf_aux] step=372736 ret=422.99 coll=3 ttc=5.73 cbf_res=0.0000
 Retrying in 1 seconds
[shaping_diag] success_cum_shaping=282.39 T=105 d_init=94.1 d_final=0.0
 Retrying in 1 seconds
[shaping_diag] success_cum_shaping=282.39 T=105 d_init=94.1 d_final=0.0
 Retrying in 1 seconds
[shaping_diag] success_cum_shaping=282.39 T=104 d_init=94.1 d_final=0.0
 Retrying in 1 seconds
[shaping_diag] success_cum_shaping=282.39 T=106 d_init=94.1 d_final=0.0
 Retrying in 1 seconds
[shaping_diag] success_cum_shaping=282.39 T=105 d_init=94.1 d_final=0.0
 Retrying in 1 seconds
[shaping_diag] success_cum_shaping=282.39 T=103 d_init=94.1 d_final=0.0
 Retrying in 1 seconds
[shaping_diag] success_cum_shaping=282.39 T=105 d_init=94.1 d_final=0.0
 Retrying in 1 seconds
[shaping_diag] success_cum_shaping=282.39 T=107 d_init=94.1 d_final=0.0
 Retrying in 1 seconds
[shaping_diag] success_cum_shaping=282.39 T=103 d_init=94.1 d_final=0.0
 Retrying in 1 seconds
[shaping_diag] success_cum_shaping=282.39 T=104 d_init=94.1 d_final=0.0
 Retrying in 1 seconds
[shaping_diag] success_cum_shaping=282.39 T=104 d_init=94.1 d_final=0.0
 Retrying in 1 seconds
[shaping_diag] success_cum_shaping=282.39 T=105 d_init=94.1 d_final=0.0
 Retrying in 1 seconds
[shaping_diag] success_cum_shaping=282.39 T=103 d_init=94.1 d_final=0.0
 Retrying in 1 seconds
[shaping_diag] success_cum_shaping=282.39 T=105 d_init=94.1 d_final=0.0
 Retrying in 1 seconds
[shaping_diag] success_cum_shaping=282.39 T=103 d_init=94.1 d_final=0.0
 Retrying in 1 seconds
[shaping_diag] success_cum_shaping=282.39 T=104 d_init=94.1 d_final=0.0
 Retrying in 1 seconds
[shaping_diag] success_cum_shaping=282.39 T=103 d_init=94.1 d_final=0.0
 Retrying in 1 seconds
[shaping_diag] success_cum_shaping=282.39 T=104 d_init=94.1 d_final=0.0
 Retrying in 1 seconds
[shaping_diag] success_cum_shaping=282.39 T=110 d_init=94.1 d_final=0.0
 Retrying in 1 seconds
[shaping_diag] success_cum_shaping=282.39 T=104 d_init=94.1 d_final=0.0
 Retrying in 1 seconds
[shaping_diag] success_cum_shaping=282.39 T=105 d_init=94.1 d_final=0.0
 Retrying in 1 seconds
[shaping_diag] success_cum_shaping=282.39 T=106 d_init=94.1 d_final=0.0
 Retrying in 1 seconds
[shaping_diag] success_cum_shaping=282.39 T=107 d_init=94.1 d_final=0.0
 Retrying in 1 seconds
[shaping_diag] success_cum_shaping=282.39 T=103 d_init=94.1 d_final=0.0
 Retrying in 1 seconds
[shaping_diag] success_cum_shaping=282.39 T=103 d_init=94.1 d_final=0.0
 Retrying in 1 seconds
[shaping_diag] success_cum_shaping=282.39 T=110 d_init=94.1 d_final=0.0
 Retrying in 1 seconds
[shaping_diag] success_cum_shaping=282.39 T=111 d_init=94.1 d_final=0.0
 Retrying in 1 seconds
[shaping_diag] success_cum_shaping=282.39 T=104 d_init=94.1 d_final=0.0
 Retrying in 1 seconds
[shaping_diag] success_cum_shaping=282.39 T=103 d_init=94.1 d_final=0.0
 Retrying in 1 seconds
[shaping_diag] success_cum_shaping=282.39 T=103 d_init=94.1 d_final=0.0
 Retrying in 1 seconds
 Retrying in 1 seconds
[shaping_diag] success_cum_shaping=282.39 T=103 d_init=94.1 d_final=0.0
 Retrying in 1 seconds
[shaping_diag] success_cum_shaping=282.39 T=104 d_init=94.1 d_final=0.0
 Retrying in 1 seconds
[shaping_diag] success_cum_shaping=282.39 T=107 d_init=94.1 d_final=0.0
Warning: Vehicle 'other' performs emergency braking on lane ':center_8_0' with decel=9.00, wished=7.00, severity=1.00, time=7.60.
Warning: Vehicle 'ego'; junction collision with vehicle 'other', lane=':center_4_0', gap=-1.00, time=7.90 stage=move.
 Retrying in 1 seconds
 Retrying in 1 seconds
[shaping_diag] success_cum_shaping=282.39 T=105 d_init=94.1 d_final=0.0
 Retrying in 1 seconds
[shaping_diag] success_cum_shaping=282.39 T=103 d_init=94.1 d_final=0.0
 Retrying in 1 seconds
[shaping_diag] success_cum_shaping=282.39 T=103 d_init=94.1 d_final=0.0
 Retrying in 1 seconds
[shaping_diag] success_cum_shaping=282.39 T=102 d_init=94.1 d_final=0.0
 Retrying in 1 seconds
 Retrying in 1 seconds
[shaping_diag] success_cum_shaping=282.39 T=105 d_init=94.1 d_final=0.0
 Retrying in 1 seconds
[shaping_diag] success_cum_shaping=282.39 T=103 d_init=94.1 d_final=0.0
 Retrying in 1 seconds
[shaping_diag] success_cum_shaping=282.39 T=103 d_init=94.1 d_final=0.0
 Retrying in 1 seconds
[shaping_diag] success_cum_shaping=282.39 T=104 d_init=94.1 d_final=0.0
 Retrying in 1 seconds
[shaping_diag] success_cum_shaping=282.39 T=106 d_init=94.1 d_final=0.0
Warning: Vehicle 'other' performs emergency braking on lane ':center_8_0' with decel=9.00, wished=5.00, severity=1.00, time=7.30.
 Retrying in 1 seconds
 Retrying in 1 seconds
[shaping_diag] success_cum_shaping=282.39 T=107 d_init=94.1 d_final=0.0
 Retrying in 1 seconds
[shaping_diag] success_cum_shaping=282.39 T=137 d_init=94.1 d_final=0.0
 Retrying in 1 seconds
[shaping_diag] success_cum_shaping=282.39 T=103 d_init=94.1 d_final=0.0
 Retrying in 1 seconds
[shaping_diag] success_cum_shaping=282.39 T=109 d_init=94.1 d_final=0.0
Warning: Vehicle 'ego'; collision with vehicle 'other', lane='right_out_0', gap=-0.73, time=7.80 stage=move.
 Retrying in 1 seconds
 Retrying in 1 seconds
[shaping_diag] success_cum_shaping=282.39 T=107 d_init=94.1 d_final=0.0
 Retrying in 1 seconds
[shaping_diag] success_cum_shaping=282.39 T=144 d_init=94.1 d_final=0.0
 Retrying in 1 seconds
[shaping_diag] success_cum_shaping=282.39 T=103 d_init=94.1 d_final=0.0
 Retrying in 1 seconds
[shaping_diag] success_cum_shaping=282.39 T=103 d_init=94.1 d_final=0.0
 Retrying in 1 seconds
[shaping_diag] success_cum_shaping=282.39 T=104 d_init=94.1 d_final=0.0
 Retrying in 1 seconds
[shaping_diag] success_cum_shaping=282.39 T=104 d_init=94.1 d_final=0.0
 Retrying in 1 seconds
[shaping_diag] success_cum_shaping=282.39 T=105 d_init=94.1 d_final=0.0
 Retrying in 1 seconds
[shaping_diag] success_cum_shaping=282.39 T=105 d_init=94.1 d_final=0.0
Warning: Vehicle 'other' performs emergency braking on lane ':center_8_0' with decel=9.00, wished=7.00, severity=1.00, time=7.20.
Warning: Vehicle 'ego'; junction collision with vehicle 'other', lane=':center_4_0', gap=-1.00, time=7.60 stage=move.
 Retrying in 1 seconds
 Retrying in 1 seconds
[shaping_diag] success_cum_shaping=282.39 T=106 d_init=94.1 d_final=0.0
Warning: Vehicle 'ego'; junction collision with vehicle 'other', lane=':center_4_0', gap=-1.00, time=7.70 stage=move.
Warning: Vehicle 'other' performs emergency braking on lane ':center_8_0' with decel=9.00, wished=7.00, severity=1.00, time=7.30.
Warning: Vehicle 'ego'; junction collision with vehicle 'other', lane=':center_4_0', gap=-1.00, time=7.70 stage=move.
 Retrying in 1 seconds
 Retrying in 1 seconds
 Retrying in 1 seconds
[shaping_diag] success_cum_shaping=282.39 T=103 d_init=94.1 d_final=0.0
 Retrying in 1 seconds
[shaping_diag] success_cum_shaping=282.39 T=103 d_init=94.1 d_final=0.0
Warning: Vehicle 'other' performs emergency braking on lane ':center_8_0' with decel=9.00, wished=7.00, severity=1.00, time=7.80.
 Retrying in 1 seconds
 Retrying in 1 seconds
[shaping_diag] success_cum_shaping=282.39 T=109 d_init=94.1 d_final=0.0
 Retrying in 1 seconds
[shaping_diag] success_cum_shaping=282.39 T=106 d_init=94.1 d_final=0.0
 Retrying in 1 seconds
[shaping_diag] success_cum_shaping=282.39 T=103 d_init=94.1 d_final=0.0
 Retrying in 1 seconds
[shaping_diag] success_cum_shaping=282.39 T=109 d_init=94.1 d_final=0.0
 Retrying in 1 seconds
[shaping_diag] success_cum_shaping=282.39 T=105 d_init=94.1 d_final=0.0
Warning: Vehicle 'ego'; collision with vehicle 'other', lane='right_out_0', gap=-1.23, time=7.50 stage=move.
 Retrying in 1 seconds
 Retrying in 1 seconds
[shaping_diag] success_cum_shaping=282.39 T=103 d_init=94.1 d_final=0.0
 Retrying in 1 seconds
[shaping_diag] success_cum_shaping=282.39 T=103 d_init=94.1 d_final=0.0
 Retrying in 1 seconds
[shaping_diag] success_cum_shaping=282.39 T=103 d_init=94.1 d_final=0.0
 Retrying in 1 seconds
[shaping_diag] success_cum_shaping=282.39 T=104 d_init=94.1 d_final=0.0
Warning: Vehicle 'other' performs emergency braking on lane ':center_8_0' with decel=9.00, wished=5.00, severity=1.00, time=7.20.
 Retrying in 1 seconds
[shaping_diag] success_cum_shaping=282.39 T=109 d_init=94.1 d_final=0.0
 Retrying in 1 seconds
[shaping_diag] success_cum_shaping=282.39 T=105 d_init=94.1 d_final=0.0
 Retrying in 1 seconds
[shaping_diag] success_cum_shaping=282.39 T=105 d_init=94.1 d_final=0.0
 Retrying in 1 seconds
[shaping_diag] success_cum_shaping=282.39 T=104 d_init=94.1 d_final=0.0
 Retrying in 1 seconds
 Retrying in 1 seconds
[shaping_diag] success_cum_shaping=282.39 T=102 d_init=94.1 d_final=0.0
 Retrying in 1 seconds
[shaping_diag] success_cum_shaping=282.39 T=103 d_init=94.1 d_final=0.0
 Retrying in 1 seconds
[shaping_diag] success_cum_shaping=282.39 T=104 d_init=94.1 d_final=0.0
 Retrying in 1 seconds
[shaping_diag] success_cum_shaping=282.39 T=102 d_init=94.1 d_final=0.0
 Retrying in 1 seconds
[shaping_diag] success_cum_shaping=282.39 T=103 d_init=94.1 d_final=0.0
 Retrying in 1 seconds
[shaping_diag] success_cum_shaping=282.39 T=102 d_init=94.1 d_final=0.0
 Retrying in 1 seconds
[shaping_diag] success_cum_shaping=282.39 T=103 d_init=94.1 d_final=0.0
 Retrying in 1 seconds
[shaping_diag] success_cum_shaping=282.39 T=102 d_init=94.1 d_final=0.0
 Retrying in 1 seconds
[shaping_diag] success_cum_shaping=282.39 T=103 d_init=94.1 d_final=0.0
 Retrying in 1 seconds
[shaping_diag] success_cum_shaping=282.39 T=115 d_init=94.1 d_final=0.0
 Retrying in 1 seconds
[shaping_diag] success_cum_shaping=282.39 T=103 d_init=94.1 d_final=0.0
 Retrying in 1 seconds
[shaping_diag] success_cum_shaping=282.39 T=103 d_init=94.1 d_final=0.0
 Retrying in 1 seconds
[shaping_diag] success_cum_shaping=282.39 T=102 d_init=94.1 d_final=0.0
 Retrying in 1 seconds
 Retrying in 1 seconds
[shaping_diag] success_cum_shaping=282.39 T=103 d_init=94.1 d_final=0.0
 Retrying in 1 seconds
[shaping_diag] success_cum_shaping=282.39 T=107 d_init=94.1 d_final=0.0
 Retrying in 1 seconds
[shaping_diag] success_cum_shaping=282.39 T=104 d_init=94.1 d_final=0.0
 Retrying in 1 seconds
[shaping_diag] success_cum_shaping=282.39 T=102 d_init=94.1 d_final=0.0
 Retrying in 1 seconds
[shaping_diag] success_cum_shaping=282.39 T=103 d_init=94.1 d_final=0.0
 Retrying in 1 seconds
[shaping_diag] success_cum_shaping=282.39 T=113 d_init=94.1 d_final=0.0
 Retrying in 1 seconds
[shaping_diag] success_cum_shaping=282.39 T=102 d_init=94.1 d_final=0.0
 Retrying in 1 seconds
[shaping_diag] success_cum_shaping=282.39 T=103 d_init=94.1 d_final=0.0
 Retrying in 1 seconds
[shaping_diag] success_cum_shaping=282.39 T=102 d_init=94.1 d_final=0.0
 Retrying in 1 seconds
[shaping_diag] success_cum_shaping=282.39 T=105 d_init=94.1 d_final=0.0
 Retrying in 1 seconds
[shaping_diag] success_cum_shaping=282.39 T=102 d_init=94.1 d_final=0.0
 Retrying in 1 seconds
[shaping_diag] success_cum_shaping=282.39 T=109 d_init=94.1 d_final=0.0
 Retrying in 1 seconds
[shaping_diag] success_cum_shaping=282.39 T=106 d_init=94.1 d_final=0.0
 Retrying in 1 seconds
[shaping_diag] success_cum_shaping=282.39 T=102 d_init=94.1 d_final=0.0
 Retrying in 1 seconds
[shaping_diag] success_cum_shaping=282.39 T=108 d_init=94.1 d_final=0.0
 Retrying in 1 seconds
[shaping_diag] success_cum_shaping=282.39 T=109 d_init=94.1 d_final=0.0
 Retrying in 1 seconds
[shaping_diag] success_cum_shaping=282.39 T=103 d_init=94.1 d_final=0.0
 Retrying in 1 seconds
[shaping_diag] success_cum_shaping=282.39 T=103 d_init=94.1 d_final=0.0
 Retrying in 1 seconds
[shaping_diag] success_cum_shaping=282.39 T=102 d_init=94.1 d_final=0.0
 Retrying in 1 seconds
[shaping_diag] success_cum_shaping=282.39 T=103 d_init=94.1 d_final=0.0
 Retrying in 1 seconds
[shaping_diag] success_cum_shaping=282.39 T=103 d_init=94.1 d_final=0.0
 Retrying in 1 seconds
[shaping_diag] success_cum_shaping=282.39 T=102 d_init=94.1 d_final=0.0
 Retrying in 1 seconds
[shaping_diag] success_cum_shaping=282.39 T=103 d_init=94.1 d_final=0.0
 Retrying in 1 seconds
[shaping_diag] success_cum_shaping=282.39 T=103 d_init=94.1 d_final=0.0
 Retrying in 1 seconds
[shaping_diag] success_cum_shaping=282.39 T=110 d_init=94.1 d_final=0.0
 Retrying in 1 seconds
 Retrying in 1 seconds
[shaping_diag] success_cum_shaping=282.39 T=108 d_init=94.1 d_final=0.0
 Retrying in 1 seconds
[shaping_diag] success_cum_shaping=282.39 T=106 d_init=94.1 d_final=0.0
 Retrying in 1 seconds
[shaping_diag] success_cum_shaping=282.39 T=102 d_init=94.1 d_final=0.0
 Retrying in 1 seconds
[shaping_diag] success_cum_shaping=282.39 T=103 d_init=94.1 d_final=0.0
 Retrying in 1 seconds
[shaping_diag] success_cum_shaping=282.39 T=106 d_init=94.1 d_final=0.0
 Retrying in 1 seconds
[shaping_diag] success_cum_shaping=282.39 T=104 d_init=94.1 d_final=0.0
 Retrying in 1 seconds
[shaping_diag] success_cum_shaping=282.39 T=103 d_init=94.1 d_final=0.0
 Retrying in 1 seconds
[shaping_diag] success_cum_shaping=282.39 T=106 d_init=94.1 d_final=0.0
 Retrying in 1 seconds
[shaping_diag] success_cum_shaping=282.39 T=103 d_init=94.1 d_final=0.0
 Retrying in 1 seconds
[shaping_diag] success_cum_shaping=282.39 T=108 d_init=94.1 d_final=0.0
 Retrying in 1 seconds
[shaping_diag] success_cum_shaping=282.39 T=107 d_init=94.1 d_final=0.0
 Retrying in 1 seconds
[shaping_diag] success_cum_shaping=282.39 T=103 d_init=94.1 d_final=0.0
 Retrying in 1 seconds
[shaping_diag] success_cum_shaping=282.39 T=103 d_init=94.1 d_final=0.0
 Retrying in 1 seconds
[shaping_diag] success_cum_shaping=282.39 T=103 d_init=94.1 d_final=0.0
 Retrying in 1 seconds
[shaping_diag] success_cum_shaping=282.39 T=104 d_init=94.1 d_final=0.0
 Retrying in 1 seconds
 Retrying in 1 seconds
[shaping_diag] success_cum_shaping=282.39 T=104 d_init=94.1 d_final=0.0
 Retrying in 1 seconds
[shaping_diag] success_cum_shaping=282.39 T=105 d_init=94.1 d_final=0.0
 Retrying in 1 seconds
[shaping_diag] success_cum_shaping=282.39 T=103 d_init=94.1 d_final=0.0
 Retrying in 1 seconds
[shaping_diag] success_cum_shaping=282.39 T=105 d_init=94.1 d_final=0.0
 Retrying in 1 seconds
[shaping_diag] success_cum_shaping=282.39 T=136 d_init=94.1 d_final=0.0
Warning: Vehicle 'ego'; junction collision with vehicle 'other', lane=':center_4_0', gap=-1.00, time=7.50 stage=move.
 Retrying in 1 seconds
 Retrying in 1 seconds
[shaping_diag] success_cum_shaping=282.39 T=103 d_init=94.1 d_final=0.0
 Retrying in 1 seconds
[shaping_diag] success_cum_shaping=282.39 T=105 d_init=94.1 d_final=0.0
 Retrying in 1 seconds
[shaping_diag] success_cum_shaping=282.39 T=104 d_init=94.1 d_final=0.0
Warning: Vehicle 'other' performs emergency braking on lane ':center_8_0' with decel=9.00, wished=5.00, severity=1.00, time=7.20.
 Retrying in 1 seconds
[shaping_diag] success_cum_shaping=282.39 T=105 d_init=94.1 d_final=0.0
 Retrying in 1 seconds
[shaping_diag] success_cum_shaping=282.39 T=103 d_init=94.1 d_final=0.0
 Retrying in 1 seconds
[shaping_diag] success_cum_shaping=282.39 T=105 d_init=94.1 d_final=0.0
 Retrying in 1 seconds
[shaping_diag] success_cum_shaping=282.39 T=108 d_init=94.1 d_final=0.0
 Retrying in 1 seconds
[shaping_diag] success_cum_shaping=282.39 T=103 d_init=94.1 d_final=0.0
 Retrying in 1 seconds
[shaping_diag] success_cum_shaping=282.39 T=103 d_init=94.1 d_final=0.0
 Retrying in 1 seconds
[shaping_diag] success_cum_shaping=282.39 T=102 d_init=94.1 d_final=0.0
 Retrying in 1 seconds
[shaping_diag] success_cum_shaping=282.39 T=107 d_init=94.1 d_final=0.0
 Retrying in 1 seconds
[shaping_diag] success_cum_shaping=282.39 T=104 d_init=94.1 d_final=0.0
 Retrying in 1 seconds
[shaping_diag] success_cum_shaping=282.39 T=112 d_init=94.1 d_final=0.0
 Retrying in 1 seconds
[shaping_diag] success_cum_shaping=282.39 T=103 d_init=94.1 d_final=0.0
 Retrying in 1 seconds
[shaping_diag] success_cum_shaping=282.39 T=117 d_init=94.1 d_final=0.0
 Retrying in 1 seconds
[shaping_diag] success_cum_shaping=282.39 T=105 d_init=94.1 d_final=0.0
 Retrying in 1 seconds
[shaping_diag] success_cum_shaping=282.39 T=103 d_init=94.1 d_final=0.0
 Retrying in 1 seconds
 Retrying in 1 seconds
[shaping_diag] success_cum_shaping=282.39 T=103 d_init=94.1 d_final=0.0
 Retrying in 1 seconds
[shaping_diag] success_cum_shaping=282.39 T=104 d_init=94.1 d_final=0.0
 Retrying in 1 seconds
[shaping_diag] success_cum_shaping=282.39 T=104 d_init=94.1 d_final=0.0
 Retrying in 1 seconds
[shaping_diag] success_cum_shaping=282.39 T=104 d_init=94.1 d_final=0.0
 Retrying in 1 seconds
[shaping_diag] success_cum_shaping=282.39 T=108 d_init=94.1 d_final=0.0
 Retrying in 1 seconds
[shaping_diag] success_cum_shaping=282.39 T=105 d_init=94.1 d_final=0.0
 Retrying in 1 seconds
[shaping_diag] success_cum_shaping=282.39 T=106 d_init=94.1 d_final=0.0
 Retrying in 1 seconds
[shaping_diag] success_cum_shaping=282.39 T=105 d_init=94.1 d_final=0.0
 Retrying in 1 seconds
[shaping_diag] success_cum_shaping=282.39 T=105 d_init=94.1 d_final=0.0
 Retrying in 1 seconds
[shaping_diag] success_cum_shaping=282.39 T=103 d_init=94.1 d_final=0.0
 Retrying in 1 seconds
[shaping_diag] success_cum_shaping=282.39 T=103 d_init=94.1 d_final=0.0
 Retrying in 1 seconds
[shaping_diag] success_cum_shaping=282.39 T=105 d_init=94.1 d_final=0.0
 Retrying in 1 seconds
[shaping_diag] success_cum_shaping=282.39 T=105 d_init=94.1 d_final=0.0
 Retrying in 1 seconds
[shaping_diag] success_cum_shaping=282.39 T=104 d_init=94.1 d_final=0.0
 Retrying in 1 seconds
[shaping_diag] success_cum_shaping=282.39 T=108 d_init=94.1 d_final=0.0
 Retrying in 1 seconds
[shaping_diag] success_cum_shaping=282.39 T=103 d_init=94.1 d_final=0.0
 Retrying in 1 seconds
[shaping_diag] success_cum_shaping=282.39 T=109 d_init=94.1 d_final=0.0
 Retrying in 1 seconds
[shaping_diag] success_cum_shaping=282.39 T=103 d_init=94.1 d_final=0.0
Warning: Vehicle 'ego'; junction collision with vehicle 'other', lane=':center_4_0', gap=-1.00, time=7.50 stage=move.
Warning: Vehicle 'other' performs emergency braking on lane ':center_8_0' with decel=9.00, wished=5.00, severity=1.00, time=7.70.
 Retrying in 1 seconds
 Retrying in 1 seconds
[shaping_diag] success_cum_shaping=282.39 T=118 d_init=94.1 d_final=0.0
Warning: Vehicle 'other' performs emergency braking on lane ':center_8_0' with decel=9.00, wished=5.00, severity=1.00, time=7.40.
 Retrying in 1 seconds
[shaping_diag] success_cum_shaping=282.39 T=107 d_init=94.1 d_final=0.0
 Retrying in 1 seconds
[shaping_diag] success_cum_shaping=282.39 T=103 d_init=94.1 d_final=0.0
 Retrying in 1 seconds
[shaping_diag] success_cum_shaping=282.39 T=127 d_init=94.1 d_final=0.0
 Retrying in 1 seconds
[shaping_diag] success_cum_shaping=282.39 T=102 d_init=94.1 d_final=0.0
Warning: Vehicle 'other' performs emergency braking on lane ':center_8_0' with decel=9.00, wished=7.00, severity=1.00, time=7.30.
 Retrying in 1 seconds
[shaping_diag] success_cum_shaping=282.39 T=107 d_init=94.1 d_final=0.0
 Retrying in 1 seconds
[shaping_diag] success_cum_shaping=282.39 T=111 d_init=94.1 d_final=0.0
 Retrying in 1 seconds
[shaping_diag] success_cum_shaping=282.39 T=105 d_init=94.1 d_final=0.0
 Retrying in 1 seconds
[shaping_diag] success_cum_shaping=282.39 T=104 d_init=94.1 d_final=0.0
Warning: Vehicle 'other' performs emergency braking on lane ':center_8_0' with decel=9.00, wished=7.00, severity=1.00, time=7.30.
 Retrying in 1 seconds
 Retrying in 1 seconds
[shaping_diag] success_cum_shaping=282.39 T=134 d_init=94.1 d_final=0.0
 Retrying in 1 seconds
[shaping_diag] success_cum_shaping=282.39 T=102 d_init=94.1 d_final=0.0
 Retrying in 1 seconds
[shaping_diag] success_cum_shaping=282.39 T=104 d_init=94.1 d_final=0.0
 Retrying in 1 seconds
[shaping_diag] success_cum_shaping=282.39 T=120 d_init=94.1 d_final=0.0
 Retrying in 1 seconds
[shaping_diag] success_cum_shaping=282.39 T=113 d_init=94.1 d_final=0.0
 Retrying in 1 seconds
[shaping_diag] success_cum_shaping=282.39 T=105 d_init=94.1 d_final=0.0
 Retrying in 1 seconds
[shaping_diag] success_cum_shaping=282.39 T=107 d_init=94.1 d_final=0.0
 Retrying in 1 seconds
[shaping_diag] success_cum_shaping=282.39 T=103 d_init=94.1 d_final=0.0
 Retrying in 1 seconds
[shaping_diag] success_cum_shaping=282.39 T=102 d_init=94.1 d_final=0.0
 Retrying in 1 seconds
 Retrying in 1 seconds
[shaping_diag] success_cum_shaping=282.39 T=103 d_init=94.1 d_final=0.0
 Retrying in 1 seconds
[shaping_diag] success_cum_shaping=282.39 T=104 d_init=94.1 d_final=0.0
 Retrying in 1 seconds
[shaping_diag] success_cum_shaping=282.39 T=103 d_init=94.1 d_final=0.0
 Retrying in 1 seconds
[shaping_diag] success_cum_shaping=282.39 T=104 d_init=94.1 d_final=0.0
 Retrying in 1 seconds
[shaping_diag] success_cum_shaping=282.39 T=103 d_init=94.1 d_final=0.0
 Retrying in 1 seconds
[shaping_diag] success_cum_shaping=282.39 T=103 d_init=94.1 d_final=0.0
 Retrying in 1 seconds
[shaping_diag] success_cum_shaping=282.39 T=103 d_init=94.1 d_final=0.0
 Retrying in 1 seconds
[shaping_diag] success_cum_shaping=282.39 T=106 d_init=94.1 d_final=0.0
 Retrying in 1 seconds
[shaping_diag] success_cum_shaping=282.39 T=103 d_init=94.1 d_final=0.0
 Retrying in 1 seconds
[shaping_diag] success_cum_shaping=282.39 T=103 d_init=94.1 d_final=0.0
 Retrying in 1 seconds
[shaping_diag] success_cum_shaping=282.39 T=108 d_init=94.1 d_final=0.0
 Retrying in 1 seconds
[shaping_diag] success_cum_shaping=282.39 T=104 d_init=94.1 d_final=0.0
Warning: Vehicle 'other' performs emergency braking on lane ':center_8_0' with decel=9.00, wished=5.00, severity=1.00, time=7.50.
 Retrying in 1 seconds
 Retrying in 1 seconds
[shaping_diag] success_cum_shaping=282.39 T=103 d_init=94.1 d_final=0.0
 Retrying in 1 seconds
[shaping_diag] success_cum_shaping=282.39 T=103 d_init=94.1 d_final=0.0
 Retrying in 1 seconds
[shaping_diag] success_cum_shaping=282.39 T=103 d_init=94.1 d_final=0.0
 Retrying in 1 seconds
[shaping_diag] success_cum_shaping=282.39 T=102 d_init=94.1 d_final=0.0
 Retrying in 1 seconds
[shaping_diag] success_cum_shaping=282.39 T=105 d_init=94.1 d_final=0.0
 Retrying in 1 seconds
[shaping_diag] success_cum_shaping=282.39 T=103 d_init=94.1 d_final=0.0
 Retrying in 1 seconds
[shaping_diag] success_cum_shaping=282.39 T=104 d_init=94.1 d_final=0.0
 Retrying in 1 seconds
[shaping_diag] success_cum_shaping=282.39 T=106 d_init=94.1 d_final=0.0
 Retrying in 1 seconds
[shaping_diag] success_cum_shaping=282.39 T=102 d_init=94.1 d_final=0.0
 Retrying in 1 seconds
[shaping_diag] success_cum_shaping=282.39 T=105 d_init=94.1 d_final=0.0
 Retrying in 1 seconds
[shaping_diag] success_cum_shaping=282.39 T=135 d_init=94.1 d_final=0.0
 Retrying in 1 seconds
[shaping_diag] success_cum_shaping=282.39 T=114 d_init=94.1 d_final=0.0
 Retrying in 1 seconds
[shaping_diag] success_cum_shaping=282.39 T=103 d_init=94.1 d_final=0.0
 Retrying in 1 seconds
[shaping_diag] success_cum_shaping=282.39 T=103 d_init=94.1 d_final=0.0
 Retrying in 1 seconds
[shaping_diag] success_cum_shaping=282.39 T=105 d_init=94.1 d_final=0.0
 Retrying in 1 seconds
[shaping_diag] success_cum_shaping=282.39 T=106 d_init=94.1 d_final=0.0
 Retrying in 1 seconds
[shaping_diag] success_cum_shaping=282.39 T=103 d_init=94.1 d_final=0.0
 Retrying in 1 seconds
[shaping_diag] success_cum_shaping=282.39 T=103 d_init=94.1 d_final=0.0
 Retrying in 1 seconds
[shaping_diag] success_cum_shaping=282.39 T=103 d_init=94.1 d_final=0.0
 Retrying in 1 seconds
[shaping_diag] success_cum_shaping=282.39 T=104 d_init=94.1 d_final=0.0
 Retrying in 1 seconds
[shaping_diag] success_cum_shaping=282.39 T=103 d_init=94.1 d_final=0.0
 Retrying in 1 seconds
[shaping_diag] success_cum_shaping=282.39 T=102 d_init=94.1 d_final=0.0
 Retrying in 1 seconds
[shaping_diag] success_cum_shaping=282.39 T=114 d_init=94.1 d_final=0.0
 Retrying in 1 seconds
[shaping_diag] success_cum_shaping=282.39 T=104 d_init=94.1 d_final=0.0
 Retrying in 1 seconds
[shaping_diag] success_cum_shaping=282.39 T=102 d_init=94.1 d_final=0.0
 Retrying in 1 seconds
[shaping_diag] success_cum_shaping=282.39 T=103 d_init=94.1 d_final=0.0
 Retrying in 1 seconds
 Retrying in 1 seconds
[shaping_diag] success_cum_shaping=282.39 T=105 d_init=94.1 d_final=0.0
 Retrying in 1 seconds
[shaping_diag] success_cum_shaping=282.39 T=104 d_init=94.1 d_final=0.0
 Retrying in 1 seconds
[shaping_diag] success_cum_shaping=282.39 T=106 d_init=94.1 d_final=0.0
 Retrying in 1 seconds
[shaping_diag] success_cum_shaping=282.39 T=102 d_init=94.1 d_final=0.0
 Retrying in 1 seconds
[shaping_diag] success_cum_shaping=282.39 T=105 d_init=94.1 d_final=0.0
 Retrying in 1 seconds
[shaping_diag] success_cum_shaping=282.39 T=103 d_init=94.1 d_final=0.0
 Retrying in 1 seconds
 Retrying in 1 seconds
[shaping_diag] success_cum_shaping=282.39 T=103 d_init=94.1 d_final=0.0
 Retrying in 1 seconds
[shaping_diag] success_cum_shaping=282.39 T=103 d_init=94.1 d_final=0.0
 Retrying in 1 seconds
[shaping_diag] success_cum_shaping=282.39 T=104 d_init=94.1 d_final=0.0
Warning: Vehicle 'ego'; junction collision with vehicle 'other', lane=':center_4_0', gap=-1.00, time=7.50 stage=move.
 Retrying in 1 seconds
 Retrying in 1 seconds
[shaping_diag] success_cum_shaping=282.39 T=102 d_init=94.1 d_final=0.0
 Retrying in 1 seconds
[shaping_diag] success_cum_shaping=282.39 T=104 d_init=94.1 d_final=0.0
 Retrying in 1 seconds
[shaping_diag] success_cum_shaping=282.39 T=102 d_init=94.1 d_final=0.0
 Retrying in 1 seconds
[shaping_diag] success_cum_shaping=282.39 T=103 d_init=94.1 d_final=0.0
 Retrying in 1 seconds
[shaping_diag] success_cum_shaping=282.39 T=103 d_init=94.1 d_final=0.0
 Retrying in 1 seconds
[shaping_diag] success_cum_shaping=282.39 T=103 d_init=94.1 d_final=0.0
Warning: Vehicle 'other' performs emergency braking on lane ':center_8_0' with decel=9.00, wished=5.00, severity=1.00, time=7.10.
Warning: Vehicle 'ego'; junction collision with vehicle 'other', lane=':center_4_0', gap=-1.00, time=7.30 stage=move.
 Retrying in 1 seconds
 Retrying in 1 seconds
[shaping_diag] success_cum_shaping=282.39 T=105 d_init=94.1 d_final=0.0
 Retrying in 1 seconds
[shaping_diag] success_cum_shaping=282.39 T=103 d_init=94.1 d_final=0.0
 Retrying in 1 seconds
[shaping_diag] success_cum_shaping=282.39 T=102 d_init=94.1 d_final=0.0
Warning: Vehicle 'other' performs emergency braking on lane ':center_8_0' with decel=9.00, wished=7.00, severity=1.00, time=7.30.
 Retrying in 1 seconds
[shaping_diag] success_cum_shaping=282.39 T=105 d_init=94.1 d_final=0.0
 Retrying in 1 seconds
[shaping_diag] success_cum_shaping=282.39 T=105 d_init=94.1 d_final=0.0
 Retrying in 1 seconds
[shaping_diag] success_cum_shaping=282.39 T=103 d_init=94.1 d_final=0.0
 Retrying in 1 seconds
[shaping_diag] success_cum_shaping=282.39 T=103 d_init=94.1 d_final=0.0
 Retrying in 1 seconds
[shaping_diag] success_cum_shaping=282.39 T=104 d_init=94.1 d_final=0.0
 Retrying in 1 seconds
[shaping_diag] success_cum_shaping=282.39 T=107 d_init=94.1 d_final=0.0
 Retrying in 1 seconds
[shaping_diag] success_cum_shaping=282.39 T=104 d_init=94.1 d_final=0.0
 Retrying in 1 seconds
[shaping_diag] success_cum_shaping=282.39 T=105 d_init=94.1 d_final=0.0
 Retrying in 1 seconds
[shaping_diag] success_cum_shaping=282.39 T=103 d_init=94.1 d_final=0.0
 Retrying in 1 seconds
[shaping_diag] success_cum_shaping=282.39 T=103 d_init=94.1 d_final=0.0
 Retrying in 1 seconds
[shaping_diag] success_cum_shaping=282.39 T=103 d_init=94.1 d_final=0.0
 Retrying in 1 seconds
[shaping_diag] success_cum_shaping=282.39 T=103 d_init=94.1 d_final=0.0
 Retrying in 1 seconds
 Retrying in 1 seconds
[shaping_diag] success_cum_shaping=282.39 T=107 d_init=94.1 d_final=0.0
 Retrying in 1 seconds
[shaping_diag] success_cum_shaping=282.39 T=103 d_init=94.1 d_final=0.0
 Retrying in 1 seconds
[shaping_diag] success_cum_shaping=282.39 T=104 d_init=94.1 d_final=0.0
 Retrying in 1 seconds
[shaping_diag] success_cum_shaping=282.39 T=103 d_init=94.1 d_final=0.0
 Retrying in 1 seconds
[shaping_diag] success_cum_shaping=282.39 T=102 d_init=94.1 d_final=0.0
 Retrying in 1 seconds
[shaping_diag] success_cum_shaping=282.39 T=104 d_init=94.1 d_final=0.0
 Retrying in 1 seconds
Saved cbf_aux to results/ablation/tier1/1a_stem_right_cbf_aux_nointent_s123/model_cbf_aux_1a_stem_right.pt

Running post-training checkpoint selection (30 eps each)...
 Retrying in 1 seconds
[shaping_diag] success_cum_shaping=282.39 T=102 d_init=94.1 d_final=0.0
 Retrying in 1 seconds
[shaping_diag] success_cum_shaping=282.39 T=102 d_init=94.1 d_final=0.0
 Retrying in 1 seconds
 Retrying in 1 seconds
[shaping_diag] success_cum_shaping=282.39 T=102 d_init=94.1 d_final=0.0
 Retrying in 1 seconds
[shaping_diag] success_cum_shaping=282.39 T=102 d_init=94.1 d_final=0.0
 Retrying in 1 seconds
[shaping_diag] success_cum_shaping=282.39 T=102 d_init=94.1 d_final=0.0
 Retrying in 1 seconds
[shaping_diag] success_cum_shaping=282.39 T=102 d_init=94.1 d_final=0.0
Warning: Vehicle 'other' performs emergency braking on lane ':center_8_0' with decel=9.00, wished=6.00, severity=1.00, time=7.10.
Warning: Vehicle 'ego'; junction collision with vehicle 'other', lane=':center_4_0', gap=-1.00, time=7.30 stage=move.
 Retrying in 1 seconds
 Retrying in 1 seconds
[shaping_diag] success_cum_shaping=282.39 T=102 d_init=94.1 d_final=0.0
 Retrying in 1 seconds
[shaping_diag] success_cum_shaping=282.39 T=102 d_init=94.1 d_final=0.0
Warning: Vehicle 'other' performs emergency braking on lane ':center_8_0' with decel=9.00, wished=6.00, severity=1.00, time=7.10.
 Retrying in 1 seconds
[shaping_diag] success_cum_shaping=282.39 T=102 d_init=94.1 d_final=0.0
 Retrying in 1 seconds
[shaping_diag] success_cum_shaping=282.39 T=102 d_init=94.1 d_final=0.0
 Retrying in 1 seconds
[shaping_diag] success_cum_shaping=282.39 T=102 d_init=94.1 d_final=0.0
 Retrying in 1 seconds
[shaping_diag] success_cum_shaping=282.39 T=102 d_init=94.1 d_final=0.0
 Retrying in 1 seconds
[shaping_diag] success_cum_shaping=282.39 T=102 d_init=94.1 d_final=0.0
 Retrying in 1 seconds
[shaping_diag] success_cum_shaping=282.39 T=102 d_init=94.1 d_final=0.0
 Retrying in 1 seconds
[shaping_diag] success_cum_shaping=282.39 T=102 d_init=94.1 d_final=0.0
 Retrying in 1 seconds
[shaping_diag] success_cum_shaping=282.39 T=102 d_init=94.1 d_final=0.0
 Retrying in 1 seconds
[shaping_diag] success_cum_shaping=282.39 T=102 d_init=94.1 d_final=0.0
 Retrying in 1 seconds
[shaping_diag] success_cum_shaping=282.39 T=102 d_init=94.1 d_final=0.0
 Retrying in 1 seconds
[shaping_diag] success_cum_shaping=282.39 T=102 d_init=94.1 d_final=0.0
 Retrying in 1 seconds
[shaping_diag] success_cum_shaping=282.39 T=102 d_init=94.1 d_final=0.0
 Retrying in 1 seconds
[shaping_diag] success_cum_shaping=282.39 T=102 d_init=94.1 d_final=0.0
Warning: Vehicle 'other' performs emergency braking on lane ':center_8_0' with decel=9.00, wished=6.00, severity=1.00, time=7.10.
Warning: Vehicle 'ego'; junction collision with vehicle 'other', lane=':center_4_0', gap=-1.00, time=7.30 stage=move.
Warning: Vehicle 'ego'; collision with vehicle 'other', lane='right_out_0', gap=-1.03, time=7.40 stage=move.
 Retrying in 1 seconds
 Retrying in 1 seconds
 Retrying in 1 seconds
[shaping_diag] success_cum_shaping=282.39 T=102 d_init=94.1 d_final=0.0
 Retrying in 1 seconds
[shaping_diag] success_cum_shaping=282.39 T=102 d_init=94.1 d_final=0.0
 Retrying in 1 seconds
[shaping_diag] success_cum_shaping=282.39 T=102 d_init=94.1 d_final=0.0
 Retrying in 1 seconds
[shaping_diag] success_cum_shaping=282.39 T=102 d_init=94.1 d_final=0.0
Warning: Vehicle 'other' performs emergency braking on lane ':center_8_0' with decel=9.00, wished=5.00, severity=1.00, time=7.10.
Warning: Vehicle 'ego'; junction collision with vehicle 'other', lane=':center_4_0', gap=-1.00, time=7.30 stage=move.
 Retrying in 1 seconds
  step=200000: return=+377.65, coll=0.17, score=360.98
 Retrying in 1 seconds
[shaping_diag] success_cum_shaping=282.39 T=102 d_init=94.1 d_final=0.0
 Retrying in 1 seconds
[shaping_diag] success_cum_shaping=282.39 T=102 d_init=94.1 d_final=0.0
 Retrying in 1 seconds
[shaping_diag] success_cum_shaping=282.39 T=154 d_init=94.1 d_final=0.0
 Retrying in 1 seconds
[shaping_diag] success_cum_shaping=282.39 T=102 d_init=94.1 d_final=0.0
 Retrying in 1 seconds
[shaping_diag] success_cum_shaping=282.39 T=159 d_init=94.1 d_final=0.0
 Retrying in 1 seconds
[shaping_diag] success_cum_shaping=282.39 T=102 d_init=94.1 d_final=0.0
Warning: Vehicle 'other' performs emergency braking on lane ':center_8_0' with decel=9.00, wished=5.00, severity=1.00, time=7.50.
Warning: Vehicle 'other' performs emergency braking on lane ':center_8_0' with decel=9.00, wished=6.00, severity=1.00, time=7.10.
Warning: Vehicle 'ego'; junction collision with vehicle 'other', lane=':center_4_0', gap=-1.00, time=7.30 stage=move.
 Retrying in 1 seconds
 Retrying in 1 seconds
 Retrying in 1 seconds
[shaping_diag] success_cum_shaping=282.39 T=102 d_init=94.1 d_final=0.0
 Retrying in 1 seconds
[shaping_diag] success_cum_shaping=282.39 T=102 d_init=94.1 d_final=0.0
 Retrying in 1 seconds
 Retrying in 1 seconds
[shaping_diag] success_cum_shaping=282.39 T=102 d_init=94.1 d_final=0.0
 Retrying in 1 seconds
[shaping_diag] success_cum_shaping=282.39 T=102 d_init=94.1 d_final=0.0
 Retrying in 1 seconds
[shaping_diag] success_cum_shaping=282.39 T=102 d_init=94.1 d_final=0.0
 Retrying in 1 seconds
[shaping_diag] success_cum_shaping=282.39 T=102 d_init=94.1 d_final=0.0
 Retrying in 1 seconds
[shaping_diag] success_cum_shaping=282.39 T=134 d_init=94.1 d_final=0.0
 Retrying in 1 seconds
[shaping_diag] success_cum_shaping=282.39 T=145 d_init=94.1 d_final=0.0
 Retrying in 1 seconds
[shaping_diag] success_cum_shaping=282.39 T=102 d_init=94.1 d_final=0.0
 Retrying in 1 seconds
[shaping_diag] success_cum_shaping=282.39 T=102 d_init=94.1 d_final=0.0
 Retrying in 1 seconds
[shaping_diag] success_cum_shaping=282.39 T=102 d_init=94.1 d_final=0.0
 Retrying in 1 seconds
[shaping_diag] success_cum_shaping=282.39 T=106 d_init=94.1 d_final=0.0
 Retrying in 1 seconds
[shaping_diag] success_cum_shaping=282.39 T=102 d_init=94.1 d_final=0.0
 Retrying in 1 seconds
[shaping_diag] success_cum_shaping=282.39 T=102 d_init=94.1 d_final=0.0
 Retrying in 1 seconds
[shaping_diag] success_cum_shaping=282.39 T=160 d_init=94.1 d_final=0.0
Warning: Vehicle 'ego'; collision with vehicle 'other', lane='right_out_0', gap=-1.03, time=7.40 stage=move.
 Retrying in 1 seconds
 Retrying in 1 seconds
[shaping_diag] success_cum_shaping=282.39 T=102 d_init=94.1 d_final=0.0
 Retrying in 1 seconds
[shaping_diag] success_cum_shaping=282.39 T=131 d_init=94.1 d_final=0.0
 Retrying in 1 seconds
[shaping_diag] success_cum_shaping=282.39 T=102 d_init=94.1 d_final=0.0
 Retrying in 1 seconds
[shaping_diag] success_cum_shaping=282.39 T=102 d_init=94.1 d_final=0.0
 Retrying in 1 seconds
  step=300000: return=+339.19, coll=0.10, score=329.19
 Retrying in 1 seconds
[shaping_diag] success_cum_shaping=282.39 T=102 d_init=94.1 d_final=0.0
 Retrying in 1 seconds
[shaping_diag] success_cum_shaping=282.39 T=102 d_init=94.1 d_final=0.0
 Retrying in 1 seconds
 Retrying in 1 seconds
[shaping_diag] success_cum_shaping=282.39 T=102 d_init=94.1 d_final=0.0
 Retrying in 1 seconds
[shaping_diag] success_cum_shaping=282.39 T=102 d_init=94.1 d_final=0.0
 Retrying in 1 seconds
[shaping_diag] success_cum_shaping=282.39 T=102 d_init=94.1 d_final=0.0
 Retrying in 1 seconds
[shaping_diag] success_cum_shaping=282.39 T=102 d_init=94.1 d_final=0.0
Warning: Vehicle 'other' performs emergency braking on lane ':center_8_0' with decel=9.00, wished=6.00, severity=1.00, time=7.10.
Warning: Vehicle 'ego'; junction collision with vehicle 'other', lane=':center_4_0', gap=-1.00, time=7.40 stage=move.
 Retrying in 1 seconds
 Retrying in 1 seconds
[shaping_diag] success_cum_shaping=282.39 T=102 d_init=94.1 d_final=0.0
 Retrying in 1 seconds
[shaping_diag] success_cum_shaping=282.39 T=102 d_init=94.1 d_final=0.0
Warning: Vehicle 'other' performs emergency braking on lane ':center_8_0' with decel=9.00, wished=6.00, severity=1.00, time=7.10.
 Retrying in 1 seconds
[shaping_diag] success_cum_shaping=282.39 T=103 d_init=94.1 d_final=0.0
 Retrying in 1 seconds
[shaping_diag] success_cum_shaping=282.39 T=102 d_init=94.1 d_final=0.0
 Retrying in 1 seconds
[shaping_diag] success_cum_shaping=282.39 T=102 d_init=94.1 d_final=0.0
 Retrying in 1 seconds
[shaping_diag] success_cum_shaping=282.39 T=102 d_init=94.1 d_final=0.0
 Retrying in 1 seconds
[shaping_diag] success_cum_shaping=282.39 T=102 d_init=94.1 d_final=0.0
 Retrying in 1 seconds
[shaping_diag] success_cum_shaping=282.39 T=102 d_init=94.1 d_final=0.0
 Retrying in 1 seconds
[shaping_diag] success_cum_shaping=282.39 T=102 d_init=94.1 d_final=0.0
 Retrying in 1 seconds
[shaping_diag] success_cum_shaping=282.39 T=102 d_init=94.1 d_final=0.0
 Retrying in 1 seconds
[shaping_diag] success_cum_shaping=282.39 T=102 d_init=94.1 d_final=0.0
 Retrying in 1 seconds
[shaping_diag] success_cum_shaping=282.39 T=102 d_init=94.1 d_final=0.0
 Retrying in 1 seconds
[shaping_diag] success_cum_shaping=282.39 T=102 d_init=94.1 d_final=0.0
 Retrying in 1 seconds
[shaping_diag] success_cum_shaping=282.39 T=102 d_init=94.1 d_final=0.0
 Retrying in 1 seconds
[shaping_diag] success_cum_shaping=282.39 T=102 d_init=94.1 d_final=0.0
Warning: Vehicle 'other' performs emergency braking on lane ':center_8_0' with decel=9.00, wished=6.00, severity=1.00, time=7.10.
Warning: Vehicle 'ego'; junction collision with vehicle 'other', lane=':center_4_0', gap=-1.00, time=7.40 stage=move.
 Retrying in 1 seconds
 Retrying in 1 seconds
[shaping_diag] success_cum_shaping=282.39 T=108 d_init=94.1 d_final=0.0
 Retrying in 1 seconds
[shaping_diag] success_cum_shaping=282.39 T=102 d_init=94.1 d_final=0.0
 Retrying in 1 seconds
[shaping_diag] success_cum_shaping=282.39 T=102 d_init=94.1 d_final=0.0
 Retrying in 1 seconds
[shaping_diag] success_cum_shaping=282.39 T=102 d_init=94.1 d_final=0.0
 Retrying in 1 seconds
[shaping_diag] success_cum_shaping=282.39 T=102 d_init=94.1 d_final=0.0
Warning: Vehicle 'other' performs emergency braking on lane ':center_8_0' with decel=9.00, wished=5.00, severity=1.00, time=7.10.
 Retrying in 1 seconds
  step=400000: return=+385.87, coll=0.13, score=372.53
 Retrying in 1 seconds
[shaping_diag] success_cum_shaping=282.39 T=102 d_init=94.1 d_final=0.0
 Retrying in 1 seconds
[shaping_diag] success_cum_shaping=282.39 T=102 d_init=94.1 d_final=0.0
 Retrying in 1 seconds
 Retrying in 1 seconds
[shaping_diag] success_cum_shaping=282.39 T=102 d_init=94.1 d_final=0.0
 Retrying in 1 seconds
[shaping_diag] success_cum_shaping=282.39 T=102 d_init=94.1 d_final=0.0
 Retrying in 1 seconds
[shaping_diag] success_cum_shaping=282.39 T=102 d_init=94.1 d_final=0.0
 Retrying in 1 seconds
[shaping_diag] success_cum_shaping=282.39 T=102 d_init=94.1 d_final=0.0
Warning: Vehicle 'other' performs emergency braking on lane ':center_8_0' with decel=9.00, wished=6.00, severity=1.00, time=7.10.
Warning: Vehicle 'ego'; junction collision with vehicle 'other', lane=':center_4_0', gap=-1.00, time=7.40 stage=move.
 Retrying in 1 seconds
 Retrying in 1 seconds
[shaping_diag] success_cum_shaping=282.39 T=102 d_init=94.1 d_final=0.0
 Retrying in 1 seconds
[shaping_diag] success_cum_shaping=282.39 T=102 d_init=94.1 d_final=0.0
Warning: Vehicle 'other' performs emergency braking on lane ':center_8_0' with decel=9.00, wished=6.00, severity=1.00, time=7.10.
 Retrying in 1 seconds
[shaping_diag] success_cum_shaping=282.39 T=103 d_init=94.1 d_final=0.0
 Retrying in 1 seconds
[shaping_diag] success_cum_shaping=282.39 T=102 d_init=94.1 d_final=0.0
 Retrying in 1 seconds
[shaping_diag] success_cum_shaping=282.39 T=102 d_init=94.1 d_final=0.0
 Retrying in 1 seconds
[shaping_diag] success_cum_shaping=282.39 T=102 d_init=94.1 d_final=0.0
 Retrying in 1 seconds
[shaping_diag] success_cum_shaping=282.39 T=102 d_init=94.1 d_final=0.0
 Retrying in 1 seconds
[shaping_diag] success_cum_shaping=282.39 T=102 d_init=94.1 d_final=0.0
 Retrying in 1 seconds
[shaping_diag] success_cum_shaping=282.39 T=102 d_init=94.1 d_final=0.0
 Retrying in 1 seconds
[shaping_diag] success_cum_shaping=282.39 T=102 d_init=94.1 d_final=0.0
 Retrying in 1 seconds
[shaping_diag] success_cum_shaping=282.39 T=102 d_init=94.1 d_final=0.0
 Retrying in 1 seconds
[shaping_diag] success_cum_shaping=282.39 T=102 d_init=94.1 d_final=0.0
 Retrying in 1 seconds
[shaping_diag] success_cum_shaping=282.39 T=102 d_init=94.1 d_final=0.0
 Retrying in 1 seconds
[shaping_diag] success_cum_shaping=282.39 T=102 d_init=94.1 d_final=0.0
 Retrying in 1 seconds
[shaping_diag] success_cum_shaping=282.39 T=102 d_init=94.1 d_final=0.0
Warning: Vehicle 'other' performs emergency braking on lane ':center_8_0' with decel=9.00, wished=6.00, severity=1.00, time=7.10.
Warning: Vehicle 'ego'; junction collision with vehicle 'other', lane=':center_4_0', gap=-1.00, time=7.40 stage=move.
 Retrying in 1 seconds
 Retrying in 1 seconds
[shaping_diag] success_cum_shaping=282.39 T=108 d_init=94.1 d_final=0.0
 Retrying in 1 seconds
[shaping_diag] success_cum_shaping=282.39 T=102 d_init=94.1 d_final=0.0
 Retrying in 1 seconds
[shaping_diag] success_cum_shaping=282.39 T=102 d_init=94.1 d_final=0.0
 Retrying in 1 seconds
[shaping_diag] success_cum_shaping=282.39 T=102 d_init=94.1 d_final=0.0
 Retrying in 1 seconds
[shaping_diag] success_cum_shaping=282.39 T=102 d_init=94.1 d_final=0.0
Warning: Vehicle 'other' performs emergency braking on lane ':center_8_0' with decel=9.00, wished=5.00, severity=1.00, time=7.10.
 Retrying in 1 seconds
  step=final: return=+385.87, coll=0.13, score=372.53
  Keeping final checkpoint (best_step=400000, margin=0.00)
Training complete. Metrics in results/ablation/tier1/1a_stem_right_cbf_aux_nointent_s123/train_cbf_aux_1a_stem_right.csv
=== EVAL ===
Warning: Vehicle 'other' performs emergency braking on lane ':center_8_0' with decel=9.00, wished=7.00, severity=1.00, time=7.10.
Eval seed=1123 [deterministic]...
 Retrying in 1 seconds
[shaping_diag] success_cum_shaping=282.39 T=103 d_init=94.1 d_final=0.0
 Retrying in 1 seconds
[shaping_diag] success_cum_shaping=282.39 T=102 d_init=94.1 d_final=0.0
 Retrying in 1 seconds
[shaping_diag] success_cum_shaping=282.39 T=102 d_init=94.1 d_final=0.0
 Retrying in 1 seconds
[shaping_diag] success_cum_shaping=282.39 T=102 d_init=94.1 d_final=0.0
 Retrying in 1 seconds
[shaping_diag] success_cum_shaping=282.39 T=102 d_init=94.1 d_final=0.0
Warning: Vehicle 'other' performs emergency braking on lane ':center_8_0' with decel=9.00, wished=6.00, severity=1.00, time=7.10.
 Retrying in 1 seconds
[shaping_diag] success_cum_shaping=282.39 T=103 d_init=94.1 d_final=0.0
 Retrying in 1 seconds
[shaping_diag] success_cum_shaping=282.39 T=102 d_init=94.1 d_final=0.0
 Retrying in 1 seconds
[shaping_diag] success_cum_shaping=282.39 T=102 d_init=94.1 d_final=0.0
 Retrying in 1 seconds
[shaping_diag] success_cum_shaping=282.39 T=102 d_init=94.1 d_final=0.0
 Retrying in 1 seconds
[shaping_diag] success_cum_shaping=282.39 T=102 d_init=94.1 d_final=0.0
 Retrying in 1 seconds
[shaping_diag] success_cum_shaping=282.39 T=102 d_init=94.1 d_final=0.0
 Retrying in 1 seconds
[shaping_diag] success_cum_shaping=282.39 T=102 d_init=94.1 d_final=0.0
 Retrying in 1 seconds
[shaping_diag] success_cum_shaping=282.39 T=102 d_init=94.1 d_final=0.0
 Retrying in 1 seconds
[shaping_diag] success_cum_shaping=282.39 T=102 d_init=94.1 d_final=0.0
 Retrying in 1 seconds
[shaping_diag] success_cum_shaping=282.39 T=102 d_init=94.1 d_final=0.0
Warning: Vehicle 'other' performs emergency braking on lane ':center_8_0' with decel=9.00, wished=6.00, severity=1.00, time=7.10.
 Retrying in 1 seconds
[shaping_diag] success_cum_shaping=282.39 T=102 d_init=94.1 d_final=0.0
 Retrying in 1 seconds
[shaping_diag] success_cum_shaping=282.39 T=102 d_init=94.1 d_final=0.0
Warning: Vehicle 'ego'; junction collision with vehicle 'other', lane=':center_4_0', gap=-1.00, time=7.20 stage=move.
 Retrying in 1 seconds
 Retrying in 1 seconds
[shaping_diag] success_cum_shaping=282.39 T=102 d_init=94.1 d_final=0.0
 Retrying in 1 seconds
[shaping_diag] success_cum_shaping=282.39 T=102 d_init=94.1 d_final=0.0
 Retrying in 1 seconds
[shaping_diag] success_cum_shaping=282.39 T=108 d_init=94.1 d_final=0.0
 Retrying in 1 seconds
[shaping_diag] success_cum_shaping=282.39 T=102 d_init=94.1 d_final=0.0
 Retrying in 1 seconds
[shaping_diag] success_cum_shaping=282.39 T=102 d_init=94.1 d_final=0.0
Warning: Vehicle 'other' performs emergency braking on lane ':center_8_0' with decel=9.00, wished=7.00, severity=1.00, time=7.10.
 Retrying in 1 seconds
 Retrying in 1 seconds
 Retrying in 1 seconds
[shaping_diag] success_cum_shaping=282.39 T=102 d_init=94.1 d_final=0.0
 Retrying in 1 seconds
[shaping_diag] success_cum_shaping=282.39 T=102 d_init=94.1 d_final=0.0
 Retrying in 1 seconds
[shaping_diag] success_cum_shaping=282.39 T=102 d_init=94.1 d_final=0.0
 Retrying in 1 seconds
[shaping_diag] success_cum_shaping=282.39 T=102 d_init=94.1 d_final=0.0
 Retrying in 1 seconds
[shaping_diag] success_cum_shaping=282.39 T=102 d_init=94.1 d_final=0.0
 Retrying in 1 seconds
[shaping_diag] success_cum_shaping=282.39 T=102 d_init=94.1 d_final=0.0
 Retrying in 1 seconds
[shaping_diag] success_cum_shaping=282.39 T=102 d_init=94.1 d_final=0.0
 Retrying in 1 seconds
[shaping_diag] success_cum_shaping=282.39 T=102 d_init=94.1 d_final=0.0
 Retrying in 1 seconds
[shaping_diag] success_cum_shaping=282.39 T=102 d_init=94.1 d_final=0.0
 Retrying in 1 seconds
[shaping_diag] success_cum_shaping=282.39 T=102 d_init=94.1 d_final=0.0
 Retrying in 1 seconds
[shaping_diag] success_cum_shaping=282.39 T=102 d_init=94.1 d_final=0.0
 Retrying in 1 seconds
[shaping_diag] success_cum_shaping=282.39 T=102 d_init=94.1 d_final=0.0
 Retrying in 1 seconds
[shaping_diag] success_cum_shaping=282.39 T=102 d_init=94.1 d_final=0.0
 Retrying in 1 seconds
[shaping_diag] success_cum_shaping=282.39 T=102 d_init=94.1 d_final=0.0
 Retrying in 1 seconds
[shaping_diag] success_cum_shaping=282.39 T=102 d_init=94.1 d_final=0.0
 Retrying in 1 seconds
[shaping_diag] success_cum_shaping=282.39 T=102 d_init=94.1 d_final=0.0
 Retrying in 1 seconds
[shaping_diag] success_cum_shaping=282.39 T=102 d_init=94.1 d_final=0.0
 Retrying in 1 seconds
[shaping_diag] success_cum_shaping=282.39 T=102 d_init=94.1 d_final=0.0
Warning: Vehicle 'ego'; junction collision with vehicle 'other', lane=':center_4_0', gap=-1.00, time=7.20 stage=move.
 Retrying in 1 seconds
 Retrying in 1 seconds
[shaping_diag] success_cum_shaping=282.39 T=102 d_init=94.1 d_final=0.0
 Retrying in 1 seconds
[shaping_diag] success_cum_shaping=282.39 T=102 d_init=94.1 d_final=0.0
 Retrying in 1 seconds
[shaping_diag] success_cum_shaping=282.39 T=102 d_init=94.1 d_final=0.0
 Retrying in 1 seconds
[shaping_diag] success_cum_shaping=282.39 T=102 d_init=94.1 d_final=0.0
Warning: Vehicle 'other' performs emergency braking on lane ':center_8_0' with decel=9.00, wished=6.00, severity=1.00, time=7.10.
 Retrying in 1 seconds
 Retrying in 1 seconds
[shaping_diag] success_cum_shaping=282.39 T=102 d_init=94.1 d_final=0.0
 Retrying in 1 seconds
[shaping_diag] success_cum_shaping=282.39 T=102 d_init=94.1 d_final=0.0
 Retrying in 1 seconds
[shaping_diag] success_cum_shaping=282.39 T=102 d_init=94.1 d_final=0.0
Warning: Vehicle 'other' performs emergency braking on lane ':center_8_0' with decel=9.00, wished=5.00, severity=1.00, time=7.10.
 Retrying in 1 seconds
[shaping_diag] success_cum_shaping=282.39 T=103 d_init=94.1 d_final=0.0
 Retrying in 1 seconds
[shaping_diag] success_cum_shaping=282.39 T=102 d_init=94.1 d_final=0.0
 Retrying in 1 seconds
[shaping_diag] success_cum_shaping=282.39 T=102 d_init=94.1 d_final=0.0
 Retrying in 1 seconds
[shaping_diag] success_cum_shaping=282.39 T=102 d_init=94.1 d_final=0.0
 Retrying in 1 seconds
[shaping_diag] success_cum_shaping=282.39 T=102 d_init=94.1 d_final=0.0
 Retrying in 1 seconds
[shaping_diag] success_cum_shaping=282.39 T=102 d_init=94.1 d_final=0.0
 Retrying in 1 seconds
[shaping_diag] success_cum_shaping=282.39 T=102 d_init=94.1 d_final=0.0
 Retrying in 1 seconds
[shaping_diag] success_cum_shaping=282.39 T=102 d_init=94.1 d_final=0.0
 Retrying in 1 seconds
[shaping_diag] success_cum_shaping=282.39 T=102 d_init=94.1 d_final=0.0
 Retrying in 1 seconds
[shaping_diag] success_cum_shaping=282.39 T=102 d_init=94.1 d_final=0.0
 Retrying in 1 seconds
[shaping_diag] success_cum_shaping=282.39 T=102 d_init=94.1 d_final=0.0
 Retrying in 1 seconds
[shaping_diag] success_cum_shaping=282.39 T=102 d_init=94.1 d_final=0.0
 Retrying in 1 seconds
[shaping_diag] success_cum_shaping=282.39 T=102 d_init=94.1 d_final=0.0
 Retrying in 1 seconds
[shaping_diag] success_cum_shaping=282.39 T=102 d_init=94.1 d_final=0.0
 Retrying in 1 seconds
[shaping_diag] success_cum_shaping=282.39 T=102 d_init=94.1 d_final=0.0
 Retrying in 1 seconds
[shaping_diag] success_cum_shaping=282.39 T=102 d_init=94.1 d_final=0.0
 Retrying in 1 seconds
[shaping_diag] success_cum_shaping=282.39 T=102 d_init=94.1 d_final=0.0
 Retrying in 1 seconds
[shaping_diag] success_cum_shaping=282.39 T=102 d_init=94.1 d_final=0.0
 Retrying in 1 seconds
[shaping_diag] success_cum_shaping=282.39 T=102 d_init=94.1 d_final=0.0
 Retrying in 1 seconds
[shaping_diag] success_cum_shaping=282.39 T=102 d_init=94.1 d_final=0.0
 Retrying in 1 seconds
[shaping_diag] success_cum_shaping=282.39 T=102 d_init=94.1 d_final=0.0
 Retrying in 1 seconds
[shaping_diag] success_cum_shaping=282.39 T=102 d_init=94.1 d_final=0.0
 Retrying in 1 seconds
[shaping_diag] success_cum_shaping=282.39 T=102 d_init=94.1 d_final=0.0
 Retrying in 1 seconds
[shaping_diag] success_cum_shaping=282.39 T=102 d_init=94.1 d_final=0.0
 Retrying in 1 seconds
[shaping_diag] success_cum_shaping=282.39 T=102 d_init=94.1 d_final=0.0
 Retrying in 1 seconds
[shaping_diag] success_cum_shaping=282.39 T=102 d_init=94.1 d_final=0.0
 Retrying in 1 seconds
[shaping_diag] success_cum_shaping=282.39 T=102 d_init=94.1 d_final=0.0
 Retrying in 1 seconds
[shaping_diag] success_cum_shaping=282.39 T=102 d_init=94.1 d_final=0.0
 Retrying in 1 seconds
[shaping_diag] success_cum_shaping=282.39 T=102 d_init=94.1 d_final=0.0
 Retrying in 1 seconds
[shaping_diag] success_cum_shaping=282.39 T=102 d_init=94.1 d_final=0.0
 Retrying in 1 seconds
[shaping_diag] success_cum_shaping=282.39 T=102 d_init=94.1 d_final=0.0
 Retrying in 1 seconds
[shaping_diag] success_cum_shaping=282.39 T=102 d_init=94.1 d_final=0.0
 Retrying in 1 seconds
[shaping_diag] success_cum_shaping=282.39 T=102 d_init=94.1 d_final=0.0
 Retrying in 1 seconds
[shaping_diag] success_cum_shaping=282.39 T=102 d_init=94.1 d_final=0.0
 Retrying in 1 seconds
[shaping_diag] success_cum_shaping=282.39 T=102 d_init=94.1 d_final=0.0
 Retrying in 1 seconds
[shaping_diag] success_cum_shaping=282.39 T=102 d_init=94.1 d_final=0.0
 Retrying in 1 seconds
[shaping_diag] success_cum_shaping=282.39 T=102 d_init=94.1 d_final=0.0
 Retrying in 1 seconds
[shaping_diag] success_cum_shaping=282.39 T=102 d_init=94.1 d_final=0.0
 Retrying in 1 seconds
[shaping_diag] success_cum_shaping=282.39 T=102 d_init=94.1 d_final=0.0
 Retrying in 1 seconds
[shaping_diag] success_cum_shaping=282.39 T=102 d_init=94.1 d_final=0.0
 Retrying in 1 seconds
[shaping_diag] success_cum_shaping=282.39 T=102 d_init=94.1 d_final=0.0
Warning: Vehicle 'other' performs emergency braking on lane ':center_8_0' with decel=9.00, wished=6.00, severity=1.00, time=7.10.
 Retrying in 1 seconds
[shaping_diag] success_cum_shaping=282.39 T=103 d_init=94.1 d_final=0.0
 Retrying in 1 seconds
[shaping_diag] success_cum_shaping=282.39 T=102 d_init=94.1 d_final=0.0
 Retrying in 1 seconds
[shaping_diag] success_cum_shaping=282.39 T=102 d_init=94.1 d_final=0.0
 Retrying in 1 seconds
[shaping_diag] success_cum_shaping=282.39 T=102 d_init=94.1 d_final=0.0
 Retrying in 1 seconds
[shaping_diag] success_cum_shaping=282.39 T=102 d_init=94.1 d_final=0.0
 Retrying in 1 seconds
[shaping_diag] success_cum_shaping=282.39 T=102 d_init=94.1 d_final=0.0
 Retrying in 1 seconds
[shaping_diag] success_cum_shaping=282.39 T=102 d_init=94.1 d_final=0.0
Warning: Vehicle 'other' performs emergency braking on lane ':center_8_0' with decel=9.00, wished=7.00, severity=1.00, time=7.30.
  return=413.83 coll=0.050 success=0.950 ttc=6.42 ent=0.03 brakes=0.9
Eval seed=1123 [stochastic]...
 Retrying in 1 seconds
 Retrying in 1 seconds
[shaping_diag] success_cum_shaping=282.39 T=103 d_init=94.1 d_final=0.0
 Retrying in 1 seconds
[shaping_diag] success_cum_shaping=282.39 T=103 d_init=94.1 d_final=0.0
 Retrying in 1 seconds
[shaping_diag] success_cum_shaping=282.39 T=103 d_init=94.1 d_final=0.0
 Retrying in 1 seconds
[shaping_diag] success_cum_shaping=282.39 T=103 d_init=94.1 d_final=0.0
 Retrying in 1 seconds
[shaping_diag] success_cum_shaping=282.39 T=126 d_init=94.1 d_final=0.0
 Retrying in 1 seconds
[shaping_diag] success_cum_shaping=282.39 T=105 d_init=94.1 d_final=0.0
 Retrying in 1 seconds
[shaping_diag] success_cum_shaping=282.39 T=106 d_init=94.1 d_final=0.0
 Retrying in 1 seconds
[shaping_diag] success_cum_shaping=282.39 T=102 d_init=94.1 d_final=0.0
 Retrying in 1 seconds
[shaping_diag] success_cum_shaping=282.39 T=103 d_init=94.1 d_final=0.0
 Retrying in 1 seconds
[shaping_diag] success_cum_shaping=282.39 T=103 d_init=94.1 d_final=0.0
 Retrying in 1 seconds
[shaping_diag] success_cum_shaping=282.39 T=103 d_init=94.1 d_final=0.0
 Retrying in 1 seconds
[shaping_diag] success_cum_shaping=282.39 T=106 d_init=94.1 d_final=0.0
 Retrying in 1 seconds
[shaping_diag] success_cum_shaping=282.39 T=104 d_init=94.1 d_final=0.0
 Retrying in 1 seconds
[shaping_diag] success_cum_shaping=282.39 T=104 d_init=94.1 d_final=0.0
 Retrying in 1 seconds
[shaping_diag] success_cum_shaping=282.39 T=135 d_init=94.1 d_final=0.0
 Retrying in 1 seconds
[shaping_diag] success_cum_shaping=282.39 T=105 d_init=94.1 d_final=0.0
 Retrying in 1 seconds
[shaping_diag] success_cum_shaping=282.39 T=120 d_init=94.1 d_final=0.0
 Retrying in 1 seconds
[shaping_diag] success_cum_shaping=282.39 T=114 d_init=94.1 d_final=0.0
 Retrying in 1 seconds
[shaping_diag] success_cum_shaping=282.39 T=102 d_init=94.1 d_final=0.0
 Retrying in 1 seconds
[shaping_diag] success_cum_shaping=282.39 T=152 d_init=94.1 d_final=0.0
 Retrying in 1 seconds
[shaping_diag] success_cum_shaping=282.39 T=103 d_init=94.1 d_final=0.0
 Retrying in 1 seconds
[shaping_diag] success_cum_shaping=282.39 T=103 d_init=94.1 d_final=0.0
 Retrying in 1 seconds
[shaping_diag] success_cum_shaping=282.39 T=139 d_init=94.1 d_final=0.0
 Retrying in 1 seconds
[shaping_diag] success_cum_shaping=282.39 T=135 d_init=94.1 d_final=0.0
 Retrying in 1 seconds
[shaping_diag] success_cum_shaping=282.39 T=102 d_init=94.1 d_final=0.0
 Retrying in 1 seconds
[shaping_diag] success_cum_shaping=282.39 T=103 d_init=94.1 d_final=0.0
 Retrying in 1 seconds
[shaping_diag] success_cum_shaping=282.39 T=103 d_init=94.1 d_final=0.0
 Retrying in 1 seconds
[shaping_diag] success_cum_shaping=282.39 T=103 d_init=94.1 d_final=0.0
 Retrying in 1 seconds
[shaping_diag] success_cum_shaping=282.39 T=106 d_init=94.1 d_final=0.0
 Retrying in 1 seconds
[shaping_diag] success_cum_shaping=282.39 T=103 d_init=94.1 d_final=0.0
 Retrying in 1 seconds
[shaping_diag] success_cum_shaping=282.39 T=103 d_init=94.1 d_final=0.0
 Retrying in 1 seconds
[shaping_diag] success_cum_shaping=282.39 T=105 d_init=94.1 d_final=0.0
 Retrying in 1 seconds
[shaping_diag] success_cum_shaping=282.39 T=103 d_init=94.1 d_final=0.0
 Retrying in 1 seconds
[shaping_diag] success_cum_shaping=282.39 T=107 d_init=94.1 d_final=0.0
 Retrying in 1 seconds
[shaping_diag] success_cum_shaping=282.39 T=103 d_init=94.1 d_final=0.0
 Retrying in 1 seconds
[shaping_diag] success_cum_shaping=282.39 T=102 d_init=94.1 d_final=0.0
 Retrying in 1 seconds
[shaping_diag] success_cum_shaping=282.39 T=104 d_init=94.1 d_final=0.0
 Retrying in 1 seconds
[shaping_diag] success_cum_shaping=282.39 T=103 d_init=94.1 d_final=0.0
 Retrying in 1 seconds
[shaping_diag] success_cum_shaping=282.39 T=103 d_init=94.1 d_final=0.0
 Retrying in 1 seconds
[shaping_diag] success_cum_shaping=282.39 T=102 d_init=94.1 d_final=0.0
 Retrying in 1 seconds
[shaping_diag] success_cum_shaping=282.39 T=103 d_init=94.1 d_final=0.0
Warning: Vehicle 'other' performs emergency braking on lane ':center_8_0' with decel=9.00, wished=7.00, severity=1.00, time=7.30.
 Retrying in 1 seconds
[shaping_diag] success_cum_shaping=282.39 T=105 d_init=94.1 d_final=0.0
 Retrying in 1 seconds
[shaping_diag] success_cum_shaping=282.39 T=198 d_init=94.1 d_final=0.0
 Retrying in 1 seconds
[shaping_diag] success_cum_shaping=282.39 T=103 d_init=94.1 d_final=0.0
 Retrying in 1 seconds
[shaping_diag] success_cum_shaping=282.39 T=102 d_init=94.1 d_final=0.0
 Retrying in 1 seconds
[shaping_diag] success_cum_shaping=282.39 T=103 d_init=94.1 d_final=0.0
 Retrying in 1 seconds
[shaping_diag] success_cum_shaping=282.39 T=104 d_init=94.1 d_final=0.0
 Retrying in 1 seconds
[shaping_diag] success_cum_shaping=282.39 T=132 d_init=94.1 d_final=0.0
 Retrying in 1 seconds
[shaping_diag] success_cum_shaping=282.39 T=103 d_init=94.1 d_final=0.0
 Retrying in 1 seconds
[shaping_diag] success_cum_shaping=282.39 T=103 d_init=94.1 d_final=0.0
 Retrying in 1 seconds
[shaping_diag] success_cum_shaping=282.39 T=103 d_init=94.1 d_final=0.0
Warning: Vehicle 'other' performs emergency braking on lane ':center_8_0' with decel=9.00, wished=5.00, severity=1.00, time=7.20.
Warning: Vehicle 'ego'; junction collision with vehicle 'other', lane=':center_4_0', gap=-1.00, time=7.50 stage=move.
 Retrying in 1 seconds
 Retrying in 1 seconds
[shaping_diag] success_cum_shaping=282.39 T=104 d_init=94.1 d_final=0.0
 Retrying in 1 seconds
[shaping_diag] success_cum_shaping=282.39 T=103 d_init=94.1 d_final=0.0
 Retrying in 1 seconds
[shaping_diag] success_cum_shaping=282.39 T=104 d_init=94.1 d_final=0.0
 Retrying in 1 seconds
[shaping_diag] success_cum_shaping=282.39 T=103 d_init=94.1 d_final=0.0
 Retrying in 1 seconds
[shaping_diag] success_cum_shaping=282.39 T=102 d_init=94.1 d_final=0.0
 Retrying in 1 seconds
[shaping_diag] success_cum_shaping=282.39 T=103 d_init=94.1 d_final=0.0
Warning: Vehicle 'other' performs emergency braking on lane ':center_8_0' with decel=9.00, wished=5.00, severity=1.00, time=7.20.
 Retrying in 1 seconds
[shaping_diag] success_cum_shaping=282.39 T=105 d_init=94.1 d_final=0.0
 Retrying in 1 seconds
[shaping_diag] success_cum_shaping=282.39 T=103 d_init=94.1 d_final=0.0
 Retrying in 1 seconds
[shaping_diag] success_cum_shaping=282.39 T=103 d_init=94.1 d_final=0.0
 Retrying in 1 seconds
[shaping_diag] success_cum_shaping=282.39 T=106 d_init=94.1 d_final=0.0
 Retrying in 1 seconds
[shaping_diag] success_cum_shaping=282.39 T=103 d_init=94.1 d_final=0.0
 Retrying in 1 seconds
[shaping_diag] success_cum_shaping=282.39 T=103 d_init=94.1 d_final=0.0
 Retrying in 1 seconds
[shaping_diag] success_cum_shaping=282.39 T=103 d_init=94.1 d_final=0.0
 Retrying in 1 seconds
[shaping_diag] success_cum_shaping=282.39 T=105 d_init=94.1 d_final=0.0
 Retrying in 1 seconds
[shaping_diag] success_cum_shaping=282.39 T=107 d_init=94.1 d_final=0.0
 Retrying in 1 seconds
[shaping_diag] success_cum_shaping=282.39 T=103 d_init=94.1 d_final=0.0
 Retrying in 1 seconds
[shaping_diag] success_cum_shaping=282.39 T=104 d_init=94.1 d_final=0.0
 Retrying in 1 seconds
[shaping_diag] success_cum_shaping=282.39 T=105 d_init=94.1 d_final=0.0
 Retrying in 1 seconds
[shaping_diag] success_cum_shaping=282.39 T=103 d_init=94.1 d_final=0.0
 Retrying in 1 seconds
[shaping_diag] success_cum_shaping=282.39 T=105 d_init=94.1 d_final=0.0
 Retrying in 1 seconds
[shaping_diag] success_cum_shaping=282.39 T=104 d_init=94.1 d_final=0.0
 Retrying in 1 seconds
[shaping_diag] success_cum_shaping=282.39 T=103 d_init=94.1 d_final=0.0
 Retrying in 1 seconds
[shaping_diag] success_cum_shaping=282.39 T=105 d_init=94.1 d_final=0.0
 Retrying in 1 seconds
[shaping_diag] success_cum_shaping=282.39 T=103 d_init=94.1 d_final=0.0
 Retrying in 1 seconds
[shaping_diag] success_cum_shaping=282.39 T=103 d_init=94.1 d_final=0.0
 Retrying in 1 seconds
[shaping_diag] success_cum_shaping=282.39 T=106 d_init=94.1 d_final=0.0
 Retrying in 1 seconds
[shaping_diag] success_cum_shaping=282.39 T=105 d_init=94.1 d_final=0.0
 Retrying in 1 seconds
[shaping_diag] success_cum_shaping=282.39 T=103 d_init=94.1 d_final=0.0
 Retrying in 1 seconds
[shaping_diag] success_cum_shaping=282.39 T=104 d_init=94.1 d_final=0.0
 Retrying in 1 seconds
[shaping_diag] success_cum_shaping=282.39 T=104 d_init=94.1 d_final=0.0
Warning: Vehicle 'other' performs emergency braking on lane ':center_8_0' with decel=9.00, wished=5.00, severity=1.00, time=7.20.
 Retrying in 1 seconds
[shaping_diag] success_cum_shaping=282.39 T=104 d_init=94.1 d_final=0.0
 Retrying in 1 seconds
[shaping_diag] success_cum_shaping=282.39 T=105 d_init=94.1 d_final=0.0
 Retrying in 1 seconds
[shaping_diag] success_cum_shaping=282.39 T=103 d_init=94.1 d_final=0.0
 Retrying in 1 seconds
[shaping_diag] success_cum_shaping=282.39 T=105 d_init=94.1 d_final=0.0
 Retrying in 1 seconds
[shaping_diag] success_cum_shaping=282.39 T=103 d_init=94.1 d_final=0.0
 Retrying in 1 seconds
[shaping_diag] success_cum_shaping=282.39 T=103 d_init=94.1 d_final=0.0
 Retrying in 1 seconds
[shaping_diag] success_cum_shaping=282.39 T=102 d_init=94.1 d_final=0.0
 Retrying in 1 seconds
[shaping_diag] success_cum_shaping=282.39 T=103 d_init=94.1 d_final=0.0
 Retrying in 1 seconds
[shaping_diag] success_cum_shaping=282.39 T=103 d_init=94.1 d_final=0.0
 Retrying in 1 seconds
[shaping_diag] success_cum_shaping=282.39 T=114 d_init=94.1 d_final=0.0
 Retrying in 1 seconds
 Retrying in 1 seconds
[shaping_diag] success_cum_shaping=282.39 T=103 d_init=94.1 d_final=0.0
 Retrying in 1 seconds
[shaping_diag] success_cum_shaping=282.39 T=103 d_init=94.1 d_final=0.0
 Retrying in 1 seconds
[shaping_diag] success_cum_shaping=282.39 T=104 d_init=94.1 d_final=0.0
 Retrying in 1 seconds
[shaping_diag] success_cum_shaping=282.39 T=104 d_init=94.1 d_final=0.0
 Retrying in 1 seconds
[shaping_diag] success_cum_shaping=282.39 T=103 d_init=94.1 d_final=0.0
 Retrying in 1 seconds
[shaping_diag] success_cum_shaping=282.39 T=103 d_init=94.1 d_final=0.0
  return=409.71 coll=0.030 success=0.970 ttc=6.34 ent=0.49 brakes=1.0
Eval seed=2123 [deterministic]...
 Retrying in 1 seconds
[shaping_diag] success_cum_shaping=282.39 T=102 d_init=94.1 d_final=0.0
Warning: Vehicle 'other' performs emergency braking on lane ':center_8_0' with decel=9.00, wished=5.00, severity=1.00, time=7.10.
 Retrying in 1 seconds
[shaping_diag] success_cum_shaping=282.39 T=102 d_init=94.1 d_final=0.0
 Retrying in 1 seconds
[shaping_diag] success_cum_shaping=282.39 T=102 d_init=94.1 d_final=0.0
Warning: Vehicle 'other' performs emergency braking on lane ':center_8_0' with decel=9.00, wished=7.00, severity=1.00, time=7.10.
 Retrying in 1 seconds
 Retrying in 1 seconds
[shaping_diag] success_cum_shaping=282.39 T=102 d_init=94.1 d_final=0.0
 Retrying in 1 seconds
[shaping_diag] success_cum_shaping=282.39 T=102 d_init=94.1 d_final=0.0
 Retrying in 1 seconds
[shaping_diag] success_cum_shaping=282.39 T=102 d_init=94.1 d_final=0.0
 Retrying in 1 seconds
[shaping_diag] success_cum_shaping=282.39 T=102 d_init=94.1 d_final=0.0
 Retrying in 1 seconds
[shaping_diag] success_cum_shaping=282.39 T=102 d_init=94.1 d_final=0.0
Warning: Vehicle 'other' performs emergency braking on lane ':center_8_0' with decel=9.00, wished=5.00, severity=1.00, time=7.10.
 Retrying in 1 seconds
[shaping_diag] success_cum_shaping=282.39 T=103 d_init=94.1 d_final=0.0
 Retrying in 1 seconds
[shaping_diag] success_cum_shaping=282.39 T=102 d_init=94.1 d_final=0.0
Warning: Vehicle 'ego'; junction collision with vehicle 'other', lane=':center_4_0', gap=-1.00, time=7.20 stage=move.
 Retrying in 1 seconds
 Retrying in 1 seconds
[shaping_diag] success_cum_shaping=282.39 T=102 d_init=94.1 d_final=0.0
 Retrying in 1 seconds
[shaping_diag] success_cum_shaping=282.39 T=108 d_init=94.1 d_final=0.0
 Retrying in 1 seconds
[shaping_diag] success_cum_shaping=282.39 T=102 d_init=94.1 d_final=0.0
 Retrying in 1 seconds
[shaping_diag] success_cum_shaping=282.39 T=102 d_init=94.1 d_final=0.0
 Retrying in 1 seconds
[shaping_diag] success_cum_shaping=282.39 T=102 d_init=94.1 d_final=0.0
 Retrying in 1 seconds
[shaping_diag] success_cum_shaping=282.39 T=102 d_init=94.1 d_final=0.0
 Retrying in 1 seconds
[shaping_diag] success_cum_shaping=282.39 T=102 d_init=94.1 d_final=0.0
Warning: Vehicle 'other' performs emergency braking on lane ':center_8_0' with decel=9.00, wished=5.00, severity=1.00, time=7.10.
Warning: Vehicle 'other' performs emergency braking on lane ':center_8_0' with decel=9.00, wished=5.00, severity=1.00, time=7.10.
Warning: Vehicle 'ego'; junction collision with vehicle 'other', lane=':center_4_0', gap=-1.00, time=7.40 stage=move.
 Retrying in 1 seconds
 Retrying in 1 seconds
 Retrying in 1 seconds
[shaping_diag] success_cum_shaping=282.39 T=102 d_init=94.1 d_final=0.0
 Retrying in 1 seconds
[shaping_diag] success_cum_shaping=282.39 T=102 d_init=94.1 d_final=0.0
 Retrying in 1 seconds
[shaping_diag] success_cum_shaping=282.39 T=102 d_init=94.1 d_final=0.0
 Retrying in 1 seconds
[shaping_diag] success_cum_shaping=282.39 T=102 d_init=94.1 d_final=0.0
 Retrying in 1 seconds
[shaping_diag] success_cum_shaping=282.39 T=102 d_init=94.1 d_final=0.0
 Retrying in 1 seconds
[shaping_diag] success_cum_shaping=282.39 T=102 d_init=94.1 d_final=0.0
Warning: Vehicle 'other' performs emergency braking on lane ':center_8_0' with decel=9.00, wished=5.00, severity=1.00, time=7.10.
Warning: Vehicle 'ego'; junction collision with vehicle 'other', lane=':center_4_0', gap=-1.00, time=7.40 stage=move.
 Retrying in 1 seconds
 Retrying in 1 seconds
[shaping_diag] success_cum_shaping=282.39 T=102 d_init=94.1 d_final=0.0
 Retrying in 1 seconds
[shaping_diag] success_cum_shaping=282.39 T=102 d_init=94.1 d_final=0.0
 Retrying in 1 seconds
[shaping_diag] success_cum_shaping=282.39 T=102 d_init=94.1 d_final=0.0
 Retrying in 1 seconds
[shaping_diag] success_cum_shaping=282.39 T=102 d_init=94.1 d_final=0.0
 Retrying in 1 seconds
[shaping_diag] success_cum_shaping=282.39 T=102 d_init=94.1 d_final=0.0
 Retrying in 1 seconds
[shaping_diag] success_cum_shaping=282.39 T=102 d_init=94.1 d_final=0.0
 Retrying in 1 seconds
[shaping_diag] success_cum_shaping=282.39 T=102 d_init=94.1 d_final=0.0
 Retrying in 1 seconds
[shaping_diag] success_cum_shaping=282.39 T=102 d_init=94.1 d_final=0.0
 Retrying in 1 seconds
[shaping_diag] success_cum_shaping=282.39 T=102 d_init=94.1 d_final=0.0
 Retrying in 1 seconds
[shaping_diag] success_cum_shaping=282.39 T=102 d_init=94.1 d_final=0.0
 Retrying in 1 seconds
[shaping_diag] success_cum_shaping=282.39 T=102 d_init=94.1 d_final=0.0
 Retrying in 1 seconds
[shaping_diag] success_cum_shaping=282.39 T=102 d_init=94.1 d_final=0.0
 Retrying in 1 seconds
[shaping_diag] success_cum_shaping=282.39 T=102 d_init=94.1 d_final=0.0
 Retrying in 1 seconds
[shaping_diag] success_cum_shaping=282.39 T=102 d_init=94.1 d_final=0.0
 Retrying in 1 seconds
[shaping_diag] success_cum_shaping=282.39 T=102 d_init=94.1 d_final=0.0
 Retrying in 1 seconds
[shaping_diag] success_cum_shaping=282.39 T=102 d_init=94.1 d_final=0.0
 Retrying in 1 seconds
[shaping_diag] success_cum_shaping=282.39 T=102 d_init=94.1 d_final=0.0
 Retrying in 1 seconds
[shaping_diag] success_cum_shaping=282.39 T=102 d_init=94.1 d_final=0.0
 Retrying in 1 seconds
[shaping_diag] success_cum_shaping=282.39 T=102 d_init=94.1 d_final=0.0
 Retrying in 1 seconds
[shaping_diag] success_cum_shaping=282.39 T=102 d_init=94.1 d_final=0.0
 Retrying in 1 seconds
[shaping_diag] success_cum_shaping=282.39 T=102 d_init=94.1 d_final=0.0
 Retrying in 1 seconds
[shaping_diag] success_cum_shaping=282.39 T=102 d_init=94.1 d_final=0.0
 Retrying in 1 seconds
[shaping_diag] success_cum_shaping=282.39 T=102 d_init=94.1 d_final=0.0
 Retrying in 1 seconds
[shaping_diag] success_cum_shaping=282.39 T=102 d_init=94.1 d_final=0.0
 Retrying in 1 seconds
[shaping_diag] success_cum_shaping=282.39 T=102 d_init=94.1 d_final=0.0
 Retrying in 1 seconds
[shaping_diag] success_cum_shaping=282.39 T=102 d_init=94.1 d_final=0.0
 Retrying in 1 seconds
[shaping_diag] success_cum_shaping=282.39 T=102 d_init=94.1 d_final=0.0
 Retrying in 1 seconds
[shaping_diag] success_cum_shaping=282.39 T=102 d_init=94.1 d_final=0.0
 Retrying in 1 seconds
[shaping_diag] success_cum_shaping=282.39 T=102 d_init=94.1 d_final=0.0
 Retrying in 1 seconds
[shaping_diag] success_cum_shaping=282.39 T=102 d_init=94.1 d_final=0.0
 Retrying in 1 seconds
[shaping_diag] success_cum_shaping=282.39 T=102 d_init=94.1 d_final=0.0
 Retrying in 1 seconds
[shaping_diag] success_cum_shaping=282.39 T=102 d_init=94.1 d_final=0.0
 Retrying in 1 seconds
[shaping_diag] success_cum_shaping=282.39 T=102 d_init=94.1 d_final=0.0
 Retrying in 1 seconds
[shaping_diag] success_cum_shaping=282.39 T=102 d_init=94.1 d_final=0.0
 Retrying in 1 seconds
[shaping_diag] success_cum_shaping=282.39 T=102 d_init=94.1 d_final=0.0
 Retrying in 1 seconds
[shaping_diag] success_cum_shaping=282.39 T=102 d_init=94.1 d_final=0.0
 Retrying in 1 seconds
[shaping_diag] success_cum_shaping=282.39 T=102 d_init=94.1 d_final=0.0
 Retrying in 1 seconds
[shaping_diag] success_cum_shaping=282.39 T=102 d_init=94.1 d_final=0.0
 Retrying in 1 seconds
[shaping_diag] success_cum_shaping=282.39 T=102 d_init=94.1 d_final=0.0
 Retrying in 1 seconds
[shaping_diag] success_cum_shaping=282.39 T=102 d_init=94.1 d_final=0.0
 Retrying in 1 seconds
[shaping_diag] success_cum_shaping=282.39 T=102 d_init=94.1 d_final=0.0
 Retrying in 1 seconds
[shaping_diag] success_cum_shaping=282.39 T=102 d_init=94.1 d_final=0.0
 Retrying in 1 seconds
[shaping_diag] success_cum_shaping=282.39 T=102 d_init=94.1 d_final=0.0
 Retrying in 1 seconds
[shaping_diag] success_cum_shaping=282.39 T=102 d_init=94.1 d_final=0.0
 Retrying in 1 seconds
[shaping_diag] success_cum_shaping=282.39 T=102 d_init=94.1 d_final=0.0
 Retrying in 1 seconds
[shaping_diag] success_cum_shaping=282.39 T=102 d_init=94.1 d_final=0.0
 Retrying in 1 seconds
[shaping_diag] success_cum_shaping=282.39 T=102 d_init=94.1 d_final=0.0
 Retrying in 1 seconds
[shaping_diag] success_cum_shaping=282.39 T=102 d_init=94.1 d_final=0.0
 Retrying in 1 seconds
[shaping_diag] success_cum_shaping=282.39 T=102 d_init=94.1 d_final=0.0
 Retrying in 1 seconds
[shaping_diag] success_cum_shaping=282.39 T=102 d_init=94.1 d_final=0.0
 Retrying in 1 seconds
[shaping_diag] success_cum_shaping=282.39 T=102 d_init=94.1 d_final=0.0
 Retrying in 1 seconds
[shaping_diag] success_cum_shaping=282.39 T=102 d_init=94.1 d_final=0.0
 Retrying in 1 seconds
[shaping_diag] success_cum_shaping=282.39 T=102 d_init=94.1 d_final=0.0
 Retrying in 1 seconds
[shaping_diag] success_cum_shaping=282.39 T=102 d_init=94.1 d_final=0.0
 Retrying in 1 seconds
[shaping_diag] success_cum_shaping=282.39 T=102 d_init=94.1 d_final=0.0
 Retrying in 1 seconds
[shaping_diag] success_cum_shaping=282.39 T=102 d_init=94.1 d_final=0.0
 Retrying in 1 seconds
[shaping_diag] success_cum_shaping=282.39 T=102 d_init=94.1 d_final=0.0
 Retrying in 1 seconds
[shaping_diag] success_cum_shaping=282.39 T=102 d_init=94.1 d_final=0.0
Warning: Vehicle 'other' performs emergency braking on lane ':center_8_0' with decel=9.00, wished=5.00, severity=1.00, time=7.10.
 Retrying in 1 seconds
[shaping_diag] success_cum_shaping=282.39 T=102 d_init=94.1 d_final=0.0
 Retrying in 1 seconds
[shaping_diag] success_cum_shaping=282.39 T=102 d_init=94.1 d_final=0.0
 Retrying in 1 seconds
[shaping_diag] success_cum_shaping=282.39 T=102 d_init=94.1 d_final=0.0
 Retrying in 1 seconds
[shaping_diag] success_cum_shaping=282.39 T=102 d_init=94.1 d_final=0.0
 Retrying in 1 seconds
[shaping_diag] success_cum_shaping=282.39 T=102 d_init=94.1 d_final=0.0
 Retrying in 1 seconds
[shaping_diag] success_cum_shaping=282.39 T=102 d_init=94.1 d_final=0.0
 Retrying in 1 seconds
[shaping_diag] success_cum_shaping=282.39 T=102 d_init=94.1 d_final=0.0
 Retrying in 1 seconds
[shaping_diag] success_cum_shaping=282.39 T=102 d_init=94.1 d_final=0.0
 Retrying in 1 seconds
[shaping_diag] success_cum_shaping=282.39 T=102 d_init=94.1 d_final=0.0
Warning: Vehicle 'other' performs emergency braking on lane ':center_8_0' with decel=9.00, wished=6.00, severity=1.00, time=7.10.
 Retrying in 1 seconds
[shaping_diag] success_cum_shaping=282.39 T=103 d_init=94.1 d_final=0.0
 Retrying in 1 seconds
[shaping_diag] success_cum_shaping=282.39 T=102 d_init=94.1 d_final=0.0
 Retrying in 1 seconds
[shaping_diag] success_cum_shaping=282.39 T=102 d_init=94.1 d_final=0.0
Warning: Vehicle 'other' performs emergency braking on lane ':center_8_0' with decel=9.00, wished=5.00, severity=1.00, time=7.10.
 Retrying in 1 seconds
[shaping_diag] success_cum_shaping=282.39 T=102 d_init=94.1 d_final=0.0
 Retrying in 1 seconds
[shaping_diag] success_cum_shaping=282.39 T=102 d_init=94.1 d_final=0.0
  return=395.43 coll=0.050 success=0.950 ttc=6.00 ent=0.02 brakes=0.9
Eval seed=2123 [stochastic]...
 Retrying in 1 seconds
[shaping_diag] success_cum_shaping=282.39 T=107 d_init=94.1 d_final=0.0
 Retrying in 1 seconds
[shaping_diag] success_cum_shaping=282.39 T=147 d_init=94.1 d_final=0.0
 Retrying in 1 seconds
[shaping_diag] success_cum_shaping=282.39 T=103 d_init=94.1 d_final=0.0
 Retrying in 1 seconds
[shaping_diag] success_cum_shaping=282.39 T=187 d_init=94.1 d_final=0.0
 Retrying in 1 seconds
[shaping_diag] success_cum_shaping=282.39 T=104 d_init=94.1 d_final=0.0
 Retrying in 1 seconds
[shaping_diag] success_cum_shaping=282.39 T=102 d_init=94.1 d_final=0.0
 Retrying in 1 seconds
[shaping_diag] success_cum_shaping=282.39 T=103 d_init=94.1 d_final=0.0
 Retrying in 1 seconds
[shaping_diag] success_cum_shaping=282.39 T=104 d_init=94.1 d_final=0.0
 Retrying in 1 seconds
[shaping_diag] success_cum_shaping=282.39 T=103 d_init=94.1 d_final=0.0
Warning: Vehicle 'ego'; junction collision with vehicle 'other', lane=':center_4_0', gap=-1.00, time=7.70 stage=move.
 Retrying in 1 seconds
 Retrying in 1 seconds
[shaping_diag] success_cum_shaping=282.39 T=104 d_init=94.1 d_final=0.0
 Retrying in 1 seconds
[shaping_diag] success_cum_shaping=282.39 T=121 d_init=94.1 d_final=0.0
 Retrying in 1 seconds
[shaping_diag] success_cum_shaping=282.39 T=103 d_init=94.1 d_final=0.0
 Retrying in 1 seconds
[shaping_diag] success_cum_shaping=282.39 T=150 d_init=94.1 d_final=0.0
 Retrying in 1 seconds
[shaping_diag] success_cum_shaping=282.39 T=103 d_init=94.1 d_final=0.0
 Retrying in 1 seconds
[shaping_diag] success_cum_shaping=282.39 T=104 d_init=94.1 d_final=0.0
 Retrying in 1 seconds
[shaping_diag] success_cum_shaping=282.39 T=103 d_init=94.1 d_final=0.0
 Retrying in 1 seconds
[shaping_diag] success_cum_shaping=282.39 T=103 d_init=94.1 d_final=0.0
 Retrying in 1 seconds
[shaping_diag] success_cum_shaping=282.39 T=104 d_init=94.1 d_final=0.0
 Retrying in 1 seconds
[shaping_diag] success_cum_shaping=282.39 T=128 d_init=94.1 d_final=0.0
 Retrying in 1 seconds
[shaping_diag] success_cum_shaping=282.39 T=131 d_init=94.1 d_final=0.0
 Retrying in 1 seconds
[shaping_diag] success_cum_shaping=282.39 T=102 d_init=94.1 d_final=0.0
 Retrying in 1 seconds
[shaping_diag] success_cum_shaping=282.39 T=104 d_init=94.1 d_final=0.0
 Retrying in 1 seconds
[shaping_diag] success_cum_shaping=282.39 T=103 d_init=94.1 d_final=0.0
 Retrying in 1 seconds
[shaping_diag] success_cum_shaping=282.39 T=104 d_init=94.1 d_final=0.0
 Retrying in 1 seconds
[shaping_diag] success_cum_shaping=282.39 T=105 d_init=94.1 d_final=0.0
 Retrying in 1 seconds
[shaping_diag] success_cum_shaping=282.39 T=112 d_init=94.1 d_final=0.0
 Retrying in 1 seconds
[shaping_diag] success_cum_shaping=282.39 T=121 d_init=94.1 d_final=0.0
 Retrying in 1 seconds
[shaping_diag] success_cum_shaping=282.39 T=103 d_init=94.1 d_final=0.0
 Retrying in 1 seconds
[shaping_diag] success_cum_shaping=282.39 T=103 d_init=94.1 d_final=0.0
 Retrying in 1 seconds
[shaping_diag] success_cum_shaping=282.39 T=103 d_init=94.1 d_final=0.0
 Retrying in 1 seconds
[shaping_diag] success_cum_shaping=282.39 T=105 d_init=94.1 d_final=0.0
Warning: Vehicle 'other' performs emergency braking on lane ':center_8_0' with decel=9.00, wished=5.00, severity=1.00, time=7.20.
 Retrying in 1 seconds
[shaping_diag] success_cum_shaping=282.39 T=105 d_init=94.1 d_final=0.0
 Retrying in 1 seconds
[shaping_diag] success_cum_shaping=282.39 T=104 d_init=94.1 d_final=0.0
 Retrying in 1 seconds
[shaping_diag] success_cum_shaping=282.39 T=104 d_init=94.1 d_final=0.0
 Retrying in 1 seconds
[shaping_diag] success_cum_shaping=282.39 T=103 d_init=94.1 d_final=0.0
 Retrying in 1 seconds
[shaping_diag] success_cum_shaping=282.39 T=103 d_init=94.1 d_final=0.0
 Retrying in 1 seconds
[shaping_diag] success_cum_shaping=282.39 T=103 d_init=94.1 d_final=0.0
 Retrying in 1 seconds
[shaping_diag] success_cum_shaping=282.39 T=103 d_init=94.1 d_final=0.0
 Retrying in 1 seconds
[shaping_diag] success_cum_shaping=282.39 T=107 d_init=94.1 d_final=0.0
 Retrying in 1 seconds
[shaping_diag] success_cum_shaping=282.39 T=105 d_init=94.1 d_final=0.0
 Retrying in 1 seconds
[shaping_diag] success_cum_shaping=282.39 T=103 d_init=94.1 d_final=0.0
 Retrying in 1 seconds
[shaping_diag] success_cum_shaping=282.39 T=102 d_init=94.1 d_final=0.0
 Retrying in 1 seconds
[shaping_diag] success_cum_shaping=282.39 T=103 d_init=94.1 d_final=0.0
 Retrying in 1 seconds
[shaping_diag] success_cum_shaping=282.39 T=106 d_init=94.1 d_final=0.0
 Retrying in 1 seconds
[shaping_diag] success_cum_shaping=282.39 T=103 d_init=94.1 d_final=0.0
 Retrying in 1 seconds
[shaping_diag] success_cum_shaping=282.39 T=103 d_init=94.1 d_final=0.0
 Retrying in 1 seconds
[shaping_diag] success_cum_shaping=282.39 T=102 d_init=94.1 d_final=0.0
 Retrying in 1 seconds
[shaping_diag] success_cum_shaping=282.39 T=111 d_init=94.1 d_final=0.0
 Retrying in 1 seconds
[shaping_diag] success_cum_shaping=282.39 T=104 d_init=94.1 d_final=0.0
 Retrying in 1 seconds
[shaping_diag] success_cum_shaping=282.39 T=104 d_init=94.1 d_final=0.0
 Retrying in 1 seconds
[shaping_diag] success_cum_shaping=282.39 T=103 d_init=94.1 d_final=0.0
 Retrying in 1 seconds
[shaping_diag] success_cum_shaping=282.39 T=104 d_init=94.1 d_final=0.0
 Retrying in 1 seconds
[shaping_diag] success_cum_shaping=282.39 T=105 d_init=94.1 d_final=0.0
 Retrying in 1 seconds
[shaping_diag] success_cum_shaping=282.39 T=103 d_init=94.1 d_final=0.0
 Retrying in 1 seconds
[shaping_diag] success_cum_shaping=282.39 T=105 d_init=94.1 d_final=0.0
 Retrying in 1 seconds
[shaping_diag] success_cum_shaping=282.39 T=103 d_init=94.1 d_final=0.0
 Retrying in 1 seconds
[shaping_diag] success_cum_shaping=282.39 T=103 d_init=94.1 d_final=0.0
 Retrying in 1 seconds
[shaping_diag] success_cum_shaping=282.39 T=103 d_init=94.1 d_final=0.0
 Retrying in 1 seconds
[shaping_diag] success_cum_shaping=282.39 T=104 d_init=94.1 d_final=0.0
 Retrying in 1 seconds
[shaping_diag] success_cum_shaping=282.39 T=105 d_init=94.1 d_final=0.0
 Retrying in 1 seconds
[shaping_diag] success_cum_shaping=282.39 T=105 d_init=94.1 d_final=0.0
 Retrying in 1 seconds
[shaping_diag] success_cum_shaping=282.39 T=103 d_init=94.1 d_final=0.0
 Retrying in 1 seconds
[shaping_diag] success_cum_shaping=282.39 T=104 d_init=94.1 d_final=0.0
 Retrying in 1 seconds
[shaping_diag] success_cum_shaping=282.39 T=103 d_init=94.1 d_final=0.0
 Retrying in 1 seconds
[shaping_diag] success_cum_shaping=282.39 T=103 d_init=94.1 d_final=0.0
 Retrying in 1 seconds
[shaping_diag] success_cum_shaping=282.39 T=107 d_init=94.1 d_final=0.0
 Retrying in 1 seconds
[shaping_diag] success_cum_shaping=282.39 T=103 d_init=94.1 d_final=0.0
 Retrying in 1 seconds
[shaping_diag] success_cum_shaping=282.39 T=103 d_init=94.1 d_final=0.0
 Retrying in 1 seconds
[shaping_diag] success_cum_shaping=282.39 T=116 d_init=94.1 d_final=0.0
 Retrying in 1 seconds
[shaping_diag] success_cum_shaping=282.39 T=105 d_init=94.1 d_final=0.0
 Retrying in 1 seconds
[shaping_diag] success_cum_shaping=282.39 T=103 d_init=94.1 d_final=0.0
 Retrying in 1 seconds
[shaping_diag] success_cum_shaping=282.39 T=105 d_init=94.1 d_final=0.0
 Retrying in 1 seconds
[shaping_diag] success_cum_shaping=282.39 T=104 d_init=94.1 d_final=0.0
 Retrying in 1 seconds
[shaping_diag] success_cum_shaping=282.39 T=132 d_init=94.1 d_final=0.0
 Retrying in 1 seconds
[shaping_diag] success_cum_shaping=282.39 T=103 d_init=94.1 d_final=0.0
 Retrying in 1 seconds
[shaping_diag] success_cum_shaping=282.39 T=103 d_init=94.1 d_final=0.0
 Retrying in 1 seconds
[shaping_diag] success_cum_shaping=282.39 T=103 d_init=94.1 d_final=0.0
 Retrying in 1 seconds
[shaping_diag] success_cum_shaping=282.39 T=105 d_init=94.1 d_final=0.0
 Retrying in 1 seconds
[shaping_diag] success_cum_shaping=282.39 T=103 d_init=94.1 d_final=0.0
 Retrying in 1 seconds
[shaping_diag] success_cum_shaping=282.39 T=105 d_init=94.1 d_final=0.0
 Retrying in 1 seconds
[shaping_diag] success_cum_shaping=282.39 T=105 d_init=94.1 d_final=0.0
 Retrying in 1 seconds
[shaping_diag] success_cum_shaping=282.39 T=103 d_init=94.1 d_final=0.0
 Retrying in 1 seconds
[shaping_diag] success_cum_shaping=282.39 T=107 d_init=94.1 d_final=0.0
 Retrying in 1 seconds
[shaping_diag] success_cum_shaping=282.39 T=102 d_init=94.1 d_final=0.0
 Retrying in 1 seconds
[shaping_diag] success_cum_shaping=282.39 T=106 d_init=94.1 d_final=0.0
Warning: Vehicle 'other' performs emergency braking on lane ':center_8_0' with decel=9.00, wished=5.00, severity=1.00, time=7.50.
 Retrying in 1 seconds
 Retrying in 1 seconds
[shaping_diag] success_cum_shaping=282.39 T=104 d_init=94.1 d_final=0.0
 Retrying in 1 seconds
[shaping_diag] success_cum_shaping=282.39 T=103 d_init=94.1 d_final=0.0
 Retrying in 1 seconds
[shaping_diag] success_cum_shaping=282.39 T=104 d_init=94.1 d_final=0.0
 Retrying in 1 seconds
[shaping_diag] success_cum_shaping=282.39 T=102 d_init=94.1 d_final=0.0
 Retrying in 1 seconds
[shaping_diag] success_cum_shaping=282.39 T=105 d_init=94.1 d_final=0.0
 Retrying in 1 seconds
[shaping_diag] success_cum_shaping=282.39 T=109 d_init=94.1 d_final=0.0
 Retrying in 1 seconds
[shaping_diag] success_cum_shaping=282.39 T=103 d_init=94.1 d_final=0.0
 Retrying in 1 seconds
[shaping_diag] success_cum_shaping=282.39 T=102 d_init=94.1 d_final=0.0
Warning: Vehicle 'other' performs emergency braking on lane ':center_8_0' with decel=9.00, wished=6.00, severity=1.00, time=7.10.
 Retrying in 1 seconds
[shaping_diag] success_cum_shaping=282.39 T=103 d_init=94.1 d_final=0.0
 Retrying in 1 seconds
[shaping_diag] success_cum_shaping=282.39 T=107 d_init=94.1 d_final=0.0
 Retrying in 1 seconds
[shaping_diag] success_cum_shaping=282.39 T=104 d_init=94.1 d_final=0.0
Warning: Vehicle 'other' performs emergency braking on lane ':center_8_0' with decel=9.00, wished=5.00, severity=1.00, time=7.20.
 Retrying in 1 seconds
[shaping_diag] success_cum_shaping=282.39 T=104 d_init=94.1 d_final=0.0
 Retrying in 1 seconds
[shaping_diag] success_cum_shaping=282.39 T=102 d_init=94.1 d_final=0.0
  return=396.86 coll=0.020 success=0.980 ttc=5.99 ent=0.52 brakes=1.0
Eval seed=3123 [deterministic]...
 Retrying in 1 seconds
[shaping_diag] success_cum_shaping=282.39 T=102 d_init=94.1 d_final=0.0
 Retrying in 1 seconds
[shaping_diag] success_cum_shaping=282.39 T=102 d_init=94.1 d_final=0.0
Warning: Vehicle 'other' performs emergency braking on lane ':center_8_0' with decel=9.00, wished=7.00, severity=1.00, time=7.10.
 Retrying in 1 seconds
[shaping_diag] success_cum_shaping=282.39 T=103 d_init=94.1 d_final=0.0
 Retrying in 1 seconds
[shaping_diag] success_cum_shaping=282.39 T=102 d_init=94.1 d_final=0.0
 Retrying in 1 seconds
[shaping_diag] success_cum_shaping=282.39 T=102 d_init=94.1 d_final=0.0
 Retrying in 1 seconds
[shaping_diag] success_cum_shaping=282.39 T=102 d_init=94.1 d_final=0.0
 Retrying in 1 seconds
[shaping_diag] success_cum_shaping=282.39 T=102 d_init=94.1 d_final=0.0
 Retrying in 1 seconds
 Retrying in 1 seconds
[shaping_diag] success_cum_shaping=282.39 T=102 d_init=94.1 d_final=0.0
 Retrying in 1 seconds
[shaping_diag] success_cum_shaping=282.39 T=102 d_init=94.1 d_final=0.0
 Retrying in 1 seconds
[shaping_diag] success_cum_shaping=282.39 T=102 d_init=94.1 d_final=0.0
 Retrying in 1 seconds
[shaping_diag] success_cum_shaping=282.39 T=102 d_init=94.1 d_final=0.0
Warning: Vehicle 'other' performs emergency braking on lane ':center_8_0' with decel=9.00, wished=7.00, severity=1.00, time=7.10.
 Retrying in 1 seconds
[shaping_diag] success_cum_shaping=282.39 T=102 d_init=94.1 d_final=0.0
 Retrying in 1 seconds
[shaping_diag] success_cum_shaping=282.39 T=102 d_init=94.1 d_final=0.0
 Retrying in 1 seconds
[shaping_diag] success_cum_shaping=282.39 T=102 d_init=94.1 d_final=0.0
 Retrying in 1 seconds
[shaping_diag] success_cum_shaping=282.39 T=102 d_init=94.1 d_final=0.0
 Retrying in 1 seconds
[shaping_diag] success_cum_shaping=282.39 T=102 d_init=94.1 d_final=0.0
 Retrying in 1 seconds
[shaping_diag] success_cum_shaping=282.39 T=108 d_init=94.1 d_final=0.0
 Retrying in 1 seconds
[shaping_diag] success_cum_shaping=282.39 T=102 d_init=94.1 d_final=0.0
 Retrying in 1 seconds
[shaping_diag] success_cum_shaping=282.39 T=102 d_init=94.1 d_final=0.0
 Retrying in 1 seconds
[shaping_diag] success_cum_shaping=282.39 T=102 d_init=94.1 d_final=0.0
 Retrying in 1 seconds
[shaping_diag] success_cum_shaping=282.39 T=102 d_init=94.1 d_final=0.0
 Retrying in 1 seconds
[shaping_diag] success_cum_shaping=282.39 T=102 d_init=94.1 d_final=0.0
 Retrying in 1 seconds
[shaping_diag] success_cum_shaping=282.39 T=102 d_init=94.1 d_final=0.0
Warning: Vehicle 'other' performs emergency braking on lane ':center_8_0' with decel=9.00, wished=5.00, severity=1.00, time=7.10.
 Retrying in 1 seconds
 Retrying in 1 seconds
[shaping_diag] success_cum_shaping=282.39 T=102 d_init=94.1 d_final=0.0
 Retrying in 1 seconds
[shaping_diag] success_cum_shaping=282.39 T=102 d_init=94.1 d_final=0.0
 Retrying in 1 seconds
[shaping_diag] success_cum_shaping=282.39 T=102 d_init=94.1 d_final=0.0
 Retrying in 1 seconds
[shaping_diag] success_cum_shaping=282.39 T=102 d_init=94.1 d_final=0.0
 Retrying in 1 seconds
[shaping_diag] success_cum_shaping=282.39 T=102 d_init=94.1 d_final=0.0
 Retrying in 1 seconds
[shaping_diag] success_cum_shaping=282.39 T=102 d_init=94.1 d_final=0.0
 Retrying in 1 seconds
[shaping_diag] success_cum_shaping=282.39 T=102 d_init=94.1 d_final=0.0
 Retrying in 1 seconds
[shaping_diag] success_cum_shaping=282.39 T=102 d_init=94.1 d_final=0.0
 Retrying in 1 seconds
[shaping_diag] success_cum_shaping=282.39 T=103 d_init=94.1 d_final=0.0
 Retrying in 1 seconds
[shaping_diag] success_cum_shaping=282.39 T=102 d_init=94.1 d_final=0.0
 Retrying in 1 seconds
[shaping_diag] success_cum_shaping=282.39 T=102 d_init=94.1 d_final=0.0
 Retrying in 1 seconds
[shaping_diag] success_cum_shaping=282.39 T=102 d_init=94.1 d_final=0.0
 Retrying in 1 seconds
[shaping_diag] success_cum_shaping=282.39 T=102 d_init=94.1 d_final=0.0
 Retrying in 1 seconds
[shaping_diag] success_cum_shaping=282.39 T=102 d_init=94.1 d_final=0.0
 Retrying in 1 seconds
[shaping_diag] success_cum_shaping=282.39 T=102 d_init=94.1 d_final=0.0
 Retrying in 1 seconds
[shaping_diag] success_cum_shaping=282.39 T=102 d_init=94.1 d_final=0.0
 Retrying in 1 seconds
[shaping_diag] success_cum_shaping=282.39 T=102 d_init=94.1 d_final=0.0
 Retrying in 1 seconds
[shaping_diag] success_cum_shaping=282.39 T=102 d_init=94.1 d_final=0.0
 Retrying in 1 seconds
[shaping_diag] success_cum_shaping=282.39 T=102 d_init=94.1 d_final=0.0
 Retrying in 1 seconds
[shaping_diag] success_cum_shaping=282.39 T=102 d_init=94.1 d_final=0.0
 Retrying in 1 seconds
[shaping_diag] success_cum_shaping=282.39 T=102 d_init=94.1 d_final=0.0
 Retrying in 1 seconds
[shaping_diag] success_cum_shaping=282.39 T=102 d_init=94.1 d_final=0.0
 Retrying in 1 seconds
[shaping_diag] success_cum_shaping=282.39 T=102 d_init=94.1 d_final=0.0
 Retrying in 1 seconds
[shaping_diag] success_cum_shaping=282.39 T=102 d_init=94.1 d_final=0.0
 Retrying in 1 seconds
[shaping_diag] success_cum_shaping=282.39 T=102 d_init=94.1 d_final=0.0
Warning: Vehicle 'other' performs emergency braking on lane ':center_8_0' with decel=9.00, wished=6.00, severity=1.00, time=7.10.
Warning: Vehicle 'ego'; junction collision with vehicle 'other', lane=':center_4_0', gap=-1.00, time=7.40 stage=move.
 Retrying in 1 seconds
 Retrying in 1 seconds
[shaping_diag] success_cum_shaping=282.39 T=102 d_init=94.1 d_final=0.0
 Retrying in 1 seconds
[shaping_diag] success_cum_shaping=282.39 T=102 d_init=94.1 d_final=0.0
 Retrying in 1 seconds
[shaping_diag] success_cum_shaping=282.39 T=102 d_init=94.1 d_final=0.0
 Retrying in 1 seconds
[shaping_diag] success_cum_shaping=282.39 T=102 d_init=94.1 d_final=0.0
 Retrying in 1 seconds
[shaping_diag] success_cum_shaping=282.39 T=102 d_init=94.1 d_final=0.0
 Retrying in 1 seconds
[shaping_diag] success_cum_shaping=282.39 T=102 d_init=94.1 d_final=0.0
 Retrying in 1 seconds
[shaping_diag] success_cum_shaping=282.39 T=102 d_init=94.1 d_final=0.0
 Retrying in 1 seconds
[shaping_diag] success_cum_shaping=282.39 T=102 d_init=94.1 d_final=0.0
 Retrying in 1 seconds
[shaping_diag] success_cum_shaping=282.39 T=102 d_init=94.1 d_final=0.0
 Retrying in 1 seconds
[shaping_diag] success_cum_shaping=282.39 T=102 d_init=94.1 d_final=0.0
 Retrying in 1 seconds
[shaping_diag] success_cum_shaping=282.39 T=102 d_init=94.1 d_final=0.0
 Retrying in 1 seconds
[shaping_diag] success_cum_shaping=282.39 T=102 d_init=94.1 d_final=0.0
Warning: Vehicle 'other' performs emergency braking on lane ':center_8_0' with decel=9.00, wished=6.00, severity=1.00, time=7.10.
 Retrying in 1 seconds
[shaping_diag] success_cum_shaping=282.39 T=103 d_init=94.1 d_final=0.0
 Retrying in 1 seconds
[shaping_diag] success_cum_shaping=282.39 T=102 d_init=94.1 d_final=0.0
 Retrying in 1 seconds
[shaping_diag] success_cum_shaping=282.39 T=102 d_init=94.1 d_final=0.0
 Retrying in 1 seconds
[shaping_diag] success_cum_shaping=282.39 T=102 d_init=94.1 d_final=0.0
 Retrying in 1 seconds
[shaping_diag] success_cum_shaping=282.39 T=102 d_init=94.1 d_final=0.0
 Retrying in 1 seconds
[shaping_diag] success_cum_shaping=282.39 T=102 d_init=94.1 d_final=0.0
 Retrying in 1 seconds
[shaping_diag] success_cum_shaping=282.39 T=102 d_init=94.1 d_final=0.0
 Retrying in 1 seconds
[shaping_diag] success_cum_shaping=282.39 T=102 d_init=94.1 d_final=0.0
 Retrying in 1 seconds
[shaping_diag] success_cum_shaping=282.39 T=102 d_init=94.1 d_final=0.0
Warning: Vehicle 'other' performs emergency braking on lane ':center_8_0' with decel=9.00, wished=6.00, severity=1.00, time=7.10.
 Retrying in 1 seconds
 Retrying in 1 seconds
[shaping_diag] success_cum_shaping=282.39 T=102 d_init=94.1 d_final=0.0
 Retrying in 1 seconds
[shaping_diag] success_cum_shaping=282.39 T=102 d_init=94.1 d_final=0.0
 Retrying in 1 seconds
[shaping_diag] success_cum_shaping=282.39 T=102 d_init=94.1 d_final=0.0
 Retrying in 1 seconds
[shaping_diag] success_cum_shaping=282.39 T=102 d_init=94.1 d_final=0.0
 Retrying in 1 seconds
[shaping_diag] success_cum_shaping=282.39 T=102 d_init=94.1 d_final=0.0
 Retrying in 1 seconds
[shaping_diag] success_cum_shaping=282.39 T=106 d_init=94.1 d_final=0.0
 Retrying in 1 seconds
[shaping_diag] success_cum_shaping=282.39 T=102 d_init=94.1 d_final=0.0
Warning: Vehicle 'other' performs emergency braking on lane ':center_8_0' with decel=9.00, wished=5.00, severity=1.00, time=7.10.
 Retrying in 1 seconds
[shaping_diag] success_cum_shaping=282.39 T=102 d_init=94.1 d_final=0.0
 Retrying in 1 seconds
[shaping_diag] success_cum_shaping=282.39 T=102 d_init=94.1 d_final=0.0
 Retrying in 1 seconds
[shaping_diag] success_cum_shaping=282.39 T=102 d_init=94.1 d_final=0.0
 Retrying in 1 seconds
[shaping_diag] success_cum_shaping=282.39 T=103 d_init=94.1 d_final=0.0
 Retrying in 1 seconds
[shaping_diag] success_cum_shaping=282.39 T=102 d_init=94.1 d_final=0.0
Warning: Vehicle 'other' performs emergency braking on lane ':center_8_0' with decel=9.00, wished=5.00, severity=1.00, time=7.10.
 Retrying in 1 seconds
[shaping_diag] success_cum_shaping=282.39 T=102 d_init=94.1 d_final=0.0
 Retrying in 1 seconds
[shaping_diag] success_cum_shaping=282.39 T=102 d_init=94.1 d_final=0.0
 Retrying in 1 seconds
[shaping_diag] success_cum_shaping=282.39 T=102 d_init=94.1 d_final=0.0
 Retrying in 1 seconds
[shaping_diag] success_cum_shaping=282.39 T=102 d_init=94.1 d_final=0.0
Warning: Vehicle 'other' performs emergency braking on lane ':center_8_0' with decel=9.00, wished=5.00, severity=1.00, time=7.10.
 Retrying in 1 seconds
[shaping_diag] success_cum_shaping=282.39 T=102 d_init=94.1 d_final=0.0
 Retrying in 1 seconds
[shaping_diag] success_cum_shaping=282.39 T=102 d_init=94.1 d_final=0.0
 Retrying in 1 seconds
[shaping_diag] success_cum_shaping=282.39 T=102 d_init=94.1 d_final=0.0
 Retrying in 1 seconds
[shaping_diag] success_cum_shaping=282.39 T=102 d_init=94.1 d_final=0.0
 Retrying in 1 seconds
[shaping_diag] success_cum_shaping=282.39 T=102 d_init=94.1 d_final=0.0
 Retrying in 1 seconds
[shaping_diag] success_cum_shaping=282.39 T=102 d_init=94.1 d_final=0.0
 Retrying in 1 seconds
[shaping_diag] success_cum_shaping=282.39 T=102 d_init=94.1 d_final=0.0
 Retrying in 1 seconds
[shaping_diag] success_cum_shaping=282.39 T=102 d_init=94.1 d_final=0.0
Warning: Vehicle 'other' performs emergency braking on lane ':center_8_0' with decel=9.00, wished=6.00, severity=1.00, time=7.10.
 Retrying in 1 seconds
 Retrying in 1 seconds
[shaping_diag] success_cum_shaping=282.39 T=102 d_init=94.1 d_final=0.0
 Retrying in 1 seconds
[shaping_diag] success_cum_shaping=282.39 T=102 d_init=94.1 d_final=0.0
  return=392.44 coll=0.050 success=0.950 ttc=5.95 ent=0.03 brakes=0.9
Eval seed=3123 [stochastic]...
 Retrying in 1 seconds
[shaping_diag] success_cum_shaping=282.39 T=103 d_init=94.1 d_final=0.0
 Retrying in 1 seconds
[shaping_diag] success_cum_shaping=282.39 T=103 d_init=94.1 d_final=0.0
 Retrying in 1 seconds
 Retrying in 1 seconds
[shaping_diag] success_cum_shaping=282.39 T=103 d_init=94.1 d_final=0.0
 Retrying in 1 seconds
[shaping_diag] success_cum_shaping=282.39 T=103 d_init=94.1 d_final=0.0
 Retrying in 1 seconds
[shaping_diag] success_cum_shaping=282.39 T=103 d_init=94.1 d_final=0.0
 Retrying in 1 seconds
[shaping_diag] success_cum_shaping=282.39 T=105 d_init=94.1 d_final=0.0
 Retrying in 1 seconds
[shaping_diag] success_cum_shaping=282.39 T=161 d_init=94.1 d_final=0.0
 Retrying in 1 seconds
[shaping_diag] success_cum_shaping=282.39 T=104 d_init=94.1 d_final=0.0
 Retrying in 1 seconds
[shaping_diag] success_cum_shaping=282.39 T=103 d_init=94.1 d_final=0.0
 Retrying in 1 seconds
[shaping_diag] success_cum_shaping=282.39 T=103 d_init=94.1 d_final=0.0
 Retrying in 1 seconds
[shaping_diag] success_cum_shaping=282.39 T=106 d_init=94.1 d_final=0.0
Warning: Vehicle 'other' performs emergency braking on lane ':center_8_0' with decel=9.00, wished=7.00, severity=1.00, time=7.20.
 Retrying in 1 seconds
[shaping_diag] success_cum_shaping=282.39 T=105 d_init=94.1 d_final=0.0
 Retrying in 1 seconds
[shaping_diag] success_cum_shaping=282.39 T=103 d_init=94.1 d_final=0.0
 Retrying in 1 seconds
[shaping_diag] success_cum_shaping=282.39 T=104 d_init=94.1 d_final=0.0
 Retrying in 1 seconds
[shaping_diag] success_cum_shaping=282.39 T=104 d_init=94.1 d_final=0.0
 Retrying in 1 seconds
[shaping_diag] success_cum_shaping=282.39 T=104 d_init=94.1 d_final=0.0
 Retrying in 1 seconds
[shaping_diag] success_cum_shaping=282.39 T=227 d_init=94.1 d_final=0.0
 Retrying in 1 seconds
[shaping_diag] success_cum_shaping=282.39 T=104 d_init=94.1 d_final=0.0
 Retrying in 1 seconds
[shaping_diag] success_cum_shaping=282.39 T=103 d_init=94.1 d_final=0.0
 Retrying in 1 seconds
[shaping_diag] success_cum_shaping=282.39 T=106 d_init=94.1 d_final=0.0
 Retrying in 1 seconds
[shaping_diag] success_cum_shaping=282.39 T=103 d_init=94.1 d_final=0.0
 Retrying in 1 seconds
[shaping_diag] success_cum_shaping=282.39 T=103 d_init=94.1 d_final=0.0
 Retrying in 1 seconds
[shaping_diag] success_cum_shaping=282.39 T=104 d_init=94.1 d_final=0.0
 Retrying in 1 seconds
[shaping_diag] success_cum_shaping=282.39 T=121 d_init=94.1 d_final=0.0
 Retrying in 1 seconds
[shaping_diag] success_cum_shaping=282.39 T=103 d_init=94.1 d_final=0.0
 Retrying in 1 seconds
[shaping_diag] success_cum_shaping=282.39 T=104 d_init=94.1 d_final=0.0
 Retrying in 1 seconds
[shaping_diag] success_cum_shaping=282.39 T=103 d_init=94.1 d_final=0.0
 Retrying in 1 seconds
[shaping_diag] success_cum_shaping=282.39 T=103 d_init=94.1 d_final=0.0
 Retrying in 1 seconds
[shaping_diag] success_cum_shaping=282.39 T=103 d_init=94.1 d_final=0.0
 Retrying in 1 seconds
[shaping_diag] success_cum_shaping=282.39 T=109 d_init=94.1 d_final=0.0
 Retrying in 1 seconds
[shaping_diag] success_cum_shaping=282.39 T=103 d_init=94.1 d_final=0.0
 Retrying in 1 seconds
[shaping_diag] success_cum_shaping=282.39 T=107 d_init=94.1 d_final=0.0
 Retrying in 1 seconds
[shaping_diag] success_cum_shaping=282.39 T=113 d_init=94.1 d_final=0.0
 Retrying in 1 seconds
[shaping_diag] success_cum_shaping=282.39 T=103 d_init=94.1 d_final=0.0
 Retrying in 1 seconds
[shaping_diag] success_cum_shaping=282.39 T=103 d_init=94.1 d_final=0.0
 Retrying in 1 seconds
[shaping_diag] success_cum_shaping=282.39 T=104 d_init=94.1 d_final=0.0
 Retrying in 1 seconds
[shaping_diag] success_cum_shaping=282.39 T=106 d_init=94.1 d_final=0.0
 Retrying in 1 seconds
[shaping_diag] success_cum_shaping=282.39 T=102 d_init=94.1 d_final=0.0
 Retrying in 1 seconds
[shaping_diag] success_cum_shaping=282.39 T=104 d_init=94.1 d_final=0.0
 Retrying in 1 seconds
[shaping_diag] success_cum_shaping=282.39 T=103 d_init=94.1 d_final=0.0
 Retrying in 1 seconds
[shaping_diag] success_cum_shaping=282.39 T=103 d_init=94.1 d_final=0.0
 Retrying in 1 seconds
[shaping_diag] success_cum_shaping=282.39 T=103 d_init=94.1 d_final=0.0
 Retrying in 1 seconds
[shaping_diag] success_cum_shaping=282.39 T=102 d_init=94.1 d_final=0.0
 Retrying in 1 seconds
[shaping_diag] success_cum_shaping=282.39 T=105 d_init=94.1 d_final=0.0
 Retrying in 1 seconds
[shaping_diag] success_cum_shaping=282.39 T=103 d_init=94.1 d_final=0.0
 Retrying in 1 seconds
[shaping_diag] success_cum_shaping=282.39 T=104 d_init=94.1 d_final=0.0
 Retrying in 1 seconds
[shaping_diag] success_cum_shaping=282.39 T=103 d_init=94.1 d_final=0.0
 Retrying in 1 seconds
[shaping_diag] success_cum_shaping=282.39 T=104 d_init=94.1 d_final=0.0
 Retrying in 1 seconds
[shaping_diag] success_cum_shaping=282.39 T=104 d_init=94.1 d_final=0.0
 Retrying in 1 seconds
[shaping_diag] success_cum_shaping=282.39 T=123 d_init=94.1 d_final=0.0
 Retrying in 1 seconds
[shaping_diag] success_cum_shaping=282.39 T=105 d_init=94.1 d_final=0.0
 Retrying in 1 seconds
[shaping_diag] success_cum_shaping=282.39 T=103 d_init=94.1 d_final=0.0
 Retrying in 1 seconds
[shaping_diag] success_cum_shaping=282.39 T=106 d_init=94.1 d_final=0.0
 Retrying in 1 seconds
[shaping_diag] success_cum_shaping=282.39 T=104 d_init=94.1 d_final=0.0
 Retrying in 1 seconds
[shaping_diag] success_cum_shaping=282.39 T=107 d_init=94.1 d_final=0.0
 Retrying in 1 seconds
[shaping_diag] success_cum_shaping=282.39 T=102 d_init=94.1 d_final=0.0
 Retrying in 1 seconds
[shaping_diag] success_cum_shaping=282.39 T=103 d_init=94.1 d_final=0.0
 Retrying in 1 seconds
[shaping_diag] success_cum_shaping=282.39 T=104 d_init=94.1 d_final=0.0
 Retrying in 1 seconds
[shaping_diag] success_cum_shaping=282.39 T=103 d_init=94.1 d_final=0.0
 Retrying in 1 seconds
[shaping_diag] success_cum_shaping=282.39 T=107 d_init=94.1 d_final=0.0
 Retrying in 1 seconds
[shaping_diag] success_cum_shaping=282.39 T=105 d_init=94.1 d_final=0.0
 Retrying in 1 seconds
[shaping_diag] success_cum_shaping=282.39 T=103 d_init=94.1 d_final=0.0
 Retrying in 1 seconds
 Retrying in 1 seconds
[shaping_diag] success_cum_shaping=282.39 T=103 d_init=94.1 d_final=0.0
 Retrying in 1 seconds
[shaping_diag] success_cum_shaping=282.39 T=104 d_init=94.1 d_final=0.0
 Retrying in 1 seconds
[shaping_diag] success_cum_shaping=282.39 T=104 d_init=94.1 d_final=0.0
 Retrying in 1 seconds
[shaping_diag] success_cum_shaping=282.39 T=105 d_init=94.1 d_final=0.0
 Retrying in 1 seconds
[shaping_diag] success_cum_shaping=282.39 T=107 d_init=94.1 d_final=0.0
 Retrying in 1 seconds
[shaping_diag] success_cum_shaping=282.39 T=103 d_init=94.1 d_final=0.0
 Retrying in 1 seconds
[shaping_diag] success_cum_shaping=282.39 T=103 d_init=94.1 d_final=0.0
 Retrying in 1 seconds
[shaping_diag] success_cum_shaping=282.39 T=104 d_init=94.1 d_final=0.0
 Retrying in 1 seconds
[shaping_diag] success_cum_shaping=282.39 T=161 d_init=94.1 d_final=0.0
 Retrying in 1 seconds
[shaping_diag] success_cum_shaping=282.39 T=103 d_init=94.1 d_final=0.0
 Retrying in 1 seconds
[shaping_diag] success_cum_shaping=282.39 T=103 d_init=94.1 d_final=0.0
 Retrying in 1 seconds
[shaping_diag] success_cum_shaping=282.39 T=106 d_init=94.1 d_final=0.0
 Retrying in 1 seconds
[shaping_diag] success_cum_shaping=282.39 T=107 d_init=94.1 d_final=0.0
 Retrying in 1 seconds
[shaping_diag] success_cum_shaping=282.39 T=112 d_init=94.1 d_final=0.0
 Retrying in 1 seconds
[shaping_diag] success_cum_shaping=282.39 T=137 d_init=94.1 d_final=0.0
Warning: Vehicle 'other' performs emergency braking on lane ':center_8_0' with decel=9.00, wished=7.00, severity=1.00, time=7.50.
Warning: Vehicle 'ego'; junction collision with vehicle 'other', lane=':center_4_0', gap=-1.00, time=7.90 stage=move.
 Retrying in 1 seconds
 Retrying in 1 seconds
[shaping_diag] success_cum_shaping=282.39 T=138 d_init=94.1 d_final=0.0
Warning: Vehicle 'other' performs emergency braking on lane ':center_8_0' with decel=9.00, wished=5.00, severity=1.00, time=7.40.
 Retrying in 1 seconds
[shaping_diag] success_cum_shaping=282.39 T=106 d_init=94.1 d_final=0.0
 Retrying in 1 seconds
[shaping_diag] success_cum_shaping=282.39 T=104 d_init=94.1 d_final=0.0
 Retrying in 1 seconds
[shaping_diag] success_cum_shaping=282.39 T=104 d_init=94.1 d_final=0.0
 Retrying in 1 seconds
[shaping_diag] success_cum_shaping=282.39 T=103 d_init=94.1 d_final=0.0
Warning: Vehicle 'other' performs emergency braking on lane ':center_8_0' with decel=9.00, wished=5.00, severity=1.00, time=7.30.
Warning: Vehicle 'ego'; junction collision with vehicle 'other', lane=':center_4_0', gap=-1.00, time=7.60 stage=move.
 Retrying in 1 seconds
 Retrying in 1 seconds
[shaping_diag] success_cum_shaping=282.39 T=103 d_init=94.1 d_final=0.0
 Retrying in 1 seconds
[shaping_diag] success_cum_shaping=282.39 T=102 d_init=94.1 d_final=0.0
 Retrying in 1 seconds
[shaping_diag] success_cum_shaping=282.39 T=105 d_init=94.1 d_final=0.0
Warning: Vehicle 'other' performs emergency braking on lane ':center_8_0' with decel=9.00, wished=5.00, severity=1.00, time=7.20.
 Retrying in 1 seconds
[shaping_diag] success_cum_shaping=282.39 T=105 d_init=94.1 d_final=0.0
 Retrying in 1 seconds
[shaping_diag] success_cum_shaping=282.39 T=109 d_init=94.1 d_final=0.0
 Retrying in 1 seconds
[shaping_diag] success_cum_shaping=282.39 T=103 d_init=94.1 d_final=0.0
 Retrying in 1 seconds
[shaping_diag] success_cum_shaping=282.39 T=103 d_init=94.1 d_final=0.0
 Retrying in 1 seconds
[shaping_diag] success_cum_shaping=282.39 T=103 d_init=94.1 d_final=0.0
 Retrying in 1 seconds
[shaping_diag] success_cum_shaping=282.39 T=104 d_init=94.1 d_final=0.0
 Retrying in 1 seconds
[shaping_diag] success_cum_shaping=282.39 T=103 d_init=94.1 d_final=0.0
 Retrying in 1 seconds
[shaping_diag] success_cum_shaping=282.39 T=103 d_init=94.1 d_final=0.0
 Retrying in 1 seconds
[shaping_diag] success_cum_shaping=282.39 T=127 d_init=94.1 d_final=0.0
 Retrying in 1 seconds
[shaping_diag] success_cum_shaping=282.39 T=109 d_init=94.1 d_final=0.0
 Retrying in 1 seconds
[shaping_diag] success_cum_shaping=282.39 T=105 d_init=94.1 d_final=0.0
  return=384.60 coll=0.040 success=0.960 ttc=5.90 ent=0.53 brakes=1.0
Saved results/ablation/tier1/1a_stem_right_cbf_aux_nointent_s123/eval_cbf_aux_1a_stem_right.csv
