 Retrying in 1 seconds
 Retrying in 1 seconds
 Retrying in 1 seconds
 Retrying in 1 seconds
 Retrying in 1 seconds
 Retrying in 1 seconds
 Retrying in 1 seconds
 Retrying in 1 seconds
 Retrying in 1 seconds
 Retrying in 1 seconds
 Retrying in 1 seconds
 Retrying in 1 seconds
[shaping_diag] success_cum_shaping=282.39 T=114 d_init=94.1 d_final=0.0
 Retrying in 1 seconds
[shaping_diag] success_cum_shaping=282.39 T=112 d_init=94.1 d_final=0.0
Warning: Vehicle 'other' performs emergency braking on lane ':center_8_0' with decel=9.00, wished=5.00, severity=1.00, time=7.90.
 Retrying in 1 seconds
[shaping_diag] success_cum_shaping=282.39 T=114 d_init=94.1 d_final=0.0
 Retrying in 1 seconds
 Retrying in 1 seconds
 Retrying in 1 seconds
 Retrying in 1 seconds
 Retrying in 1 seconds
[shaping_diag] success_cum_shaping=282.39 T=113 d_init=94.1 d_final=0.0
[cbf_aux] step=4096 ret=158.09 coll=0 ttc=9.50 cbf_res=0.0000
 Retrying in 1 seconds
 Retrying in 1 seconds
 Retrying in 1 seconds
 Retrying in 1 seconds
 Retrying in 1 seconds
 Retrying in 1 seconds
 Retrying in 1 seconds
 Retrying in 1 seconds
 Retrying in 1 seconds
 Retrying in 1 seconds
 Retrying in 1 seconds
 Retrying in 1 seconds
 Retrying in 1 seconds
 Retrying in 1 seconds
 Retrying in 1 seconds
 Retrying in 1 seconds
 Retrying in 1 seconds
 Retrying in 1 seconds
 Retrying in 1 seconds
[shaping_diag] success_cum_shaping=282.39 T=413 d_init=94.1 d_final=0.0
 Retrying in 1 seconds
[shaping_diag] success_cum_shaping=282.39 T=405 d_init=94.1 d_final=0.0
 Retrying in 1 seconds
[shaping_diag] success_cum_shaping=282.39 T=391 d_init=94.1 d_final=0.0
 Retrying in 1 seconds
[shaping_diag] success_cum_shaping=282.39 T=392 d_init=94.1 d_final=0.0
 Retrying in 1 seconds
[shaping_diag] success_cum_shaping=282.39 T=476 d_init=94.1 d_final=0.0
 Retrying in 1 seconds
[shaping_diag] success_cum_shaping=282.39 T=428 d_init=94.1 d_final=0.0
 Retrying in 1 seconds
[shaping_diag] success_cum_shaping=282.39 T=412 d_init=94.1 d_final=0.0
 Retrying in 1 seconds
[shaping_diag] success_cum_shaping=282.39 T=455 d_init=94.1 d_final=0.0
 Retrying in 1 seconds
[shaping_diag] success_cum_shaping=282.39 T=432 d_init=94.1 d_final=0.0
 Retrying in 1 seconds
 Retrying in 1 seconds
 Retrying in 1 seconds
 Retrying in 1 seconds
[shaping_diag] success_cum_shaping=282.39 T=356 d_init=94.1 d_final=0.0
 Retrying in 1 seconds
 Retrying in 1 seconds
 Retrying in 1 seconds
 Retrying in 1 seconds
[shaping_diag] success_cum_shaping=282.39 T=395 d_init=94.1 d_final=0.0
 Retrying in 1 seconds
 Retrying in 1 seconds
 Retrying in 1 seconds
[shaping_diag] success_cum_shaping=282.39 T=464 d_init=94.1 d_final=0.0
 Retrying in 1 seconds
[shaping_diag] success_cum_shaping=282.39 T=346 d_init=94.1 d_final=0.0
 Retrying in 1 seconds
[shaping_diag] success_cum_shaping=282.39 T=325 d_init=94.1 d_final=0.0
 Retrying in 1 seconds
[shaping_diag] success_cum_shaping=282.39 T=495 d_init=94.1 d_final=0.0
 Retrying in 1 seconds
[shaping_diag] success_cum_shaping=282.39 T=378 d_init=94.1 d_final=0.0
 Retrying in 1 seconds
[shaping_diag] success_cum_shaping=282.39 T=495 d_init=94.1 d_final=0.0
 Retrying in 1 seconds
[shaping_diag] success_cum_shaping=282.39 T=391 d_init=94.1 d_final=0.0
 Retrying in 1 seconds
[shaping_diag] success_cum_shaping=282.39 T=334 d_init=94.1 d_final=0.0
 Retrying in 1 seconds
[shaping_diag] success_cum_shaping=282.39 T=369 d_init=94.1 d_final=0.0
 Retrying in 1 seconds
[shaping_diag] success_cum_shaping=282.39 T=350 d_init=94.1 d_final=0.0
 Retrying in 1 seconds
 Retrying in 1 seconds
[shaping_diag] success_cum_shaping=282.39 T=352 d_init=94.1 d_final=0.0
 Retrying in 1 seconds
[shaping_diag] success_cum_shaping=282.39 T=345 d_init=94.1 d_final=0.0
 Retrying in 1 seconds
[shaping_diag] success_cum_shaping=282.39 T=351 d_init=94.1 d_final=0.0
 Retrying in 1 seconds
[shaping_diag] success_cum_shaping=282.39 T=286 d_init=94.1 d_final=0.0
 Retrying in 1 seconds
[shaping_diag] success_cum_shaping=282.39 T=293 d_init=94.1 d_final=0.0
 Retrying in 1 seconds
[shaping_diag] success_cum_shaping=282.39 T=269 d_init=94.1 d_final=0.0
 Retrying in 1 seconds
[shaping_diag] success_cum_shaping=282.39 T=326 d_init=94.1 d_final=0.0
 Retrying in 1 seconds
[shaping_diag] success_cum_shaping=282.39 T=333 d_init=94.1 d_final=0.0
 Retrying in 1 seconds
[shaping_diag] success_cum_shaping=282.39 T=352 d_init=94.1 d_final=0.0
 Retrying in 1 seconds
[shaping_diag] success_cum_shaping=282.39 T=392 d_init=94.1 d_final=0.0
 Retrying in 1 seconds
[shaping_diag] success_cum_shaping=282.39 T=354 d_init=94.1 d_final=0.0
 Retrying in 1 seconds
[shaping_diag] success_cum_shaping=282.39 T=321 d_init=94.1 d_final=0.0
 Retrying in 1 seconds
 Retrying in 1 seconds
[shaping_diag] success_cum_shaping=282.39 T=341 d_init=94.1 d_final=0.0
 Retrying in 1 seconds
[shaping_diag] success_cum_shaping=282.39 T=280 d_init=94.1 d_final=0.0
 Retrying in 1 seconds
[shaping_diag] success_cum_shaping=282.39 T=394 d_init=94.1 d_final=0.0
 Retrying in 1 seconds
[shaping_diag] success_cum_shaping=282.39 T=288 d_init=94.1 d_final=0.0
 Retrying in 1 seconds
[shaping_diag] success_cum_shaping=282.39 T=306 d_init=94.1 d_final=0.0
 Retrying in 1 seconds
[shaping_diag] success_cum_shaping=282.39 T=337 d_init=94.1 d_final=0.0
 Retrying in 1 seconds
[shaping_diag] success_cum_shaping=282.39 T=365 d_init=94.1 d_final=0.0
 Retrying in 1 seconds
[shaping_diag] success_cum_shaping=282.39 T=325 d_init=94.1 d_final=0.0
 Retrying in 1 seconds
[shaping_diag] success_cum_shaping=282.39 T=316 d_init=94.1 d_final=0.0
 Retrying in 1 seconds
[shaping_diag] success_cum_shaping=282.39 T=326 d_init=94.1 d_final=0.0
 Retrying in 1 seconds
[shaping_diag] success_cum_shaping=282.39 T=317 d_init=94.1 d_final=0.0
 Retrying in 1 seconds
[shaping_diag] success_cum_shaping=282.39 T=316 d_init=94.1 d_final=0.0
 Retrying in 1 seconds
 Retrying in 1 seconds
[shaping_diag] success_cum_shaping=282.39 T=270 d_init=94.1 d_final=0.0
 Retrying in 1 seconds
[shaping_diag] success_cum_shaping=282.39 T=295 d_init=94.1 d_final=0.0
 Retrying in 1 seconds
[shaping_diag] success_cum_shaping=282.39 T=301 d_init=94.1 d_final=0.0
 Retrying in 1 seconds
[shaping_diag] success_cum_shaping=282.39 T=327 d_init=94.1 d_final=0.0
 Retrying in 1 seconds
[shaping_diag] success_cum_shaping=282.39 T=289 d_init=94.1 d_final=0.0
 Retrying in 1 seconds
[shaping_diag] success_cum_shaping=282.39 T=326 d_init=94.1 d_final=0.0
 Retrying in 1 seconds
[shaping_diag] success_cum_shaping=282.39 T=329 d_init=94.1 d_final=0.0
 Retrying in 1 seconds
[shaping_diag] success_cum_shaping=282.39 T=308 d_init=94.1 d_final=0.0
 Retrying in 1 seconds
[shaping_diag] success_cum_shaping=282.39 T=341 d_init=94.1 d_final=0.0
 Retrying in 1 seconds
[shaping_diag] success_cum_shaping=282.39 T=266 d_init=94.1 d_final=0.0
 Retrying in 1 seconds
[shaping_diag] success_cum_shaping=282.39 T=323 d_init=94.1 d_final=0.0
 Retrying in 1 seconds
[shaping_diag] success_cum_shaping=282.39 T=343 d_init=94.1 d_final=0.0
 Retrying in 1 seconds
[shaping_diag] success_cum_shaping=282.39 T=301 d_init=94.1 d_final=0.0
 Retrying in 1 seconds
 Retrying in 1 seconds
[shaping_diag] success_cum_shaping=282.39 T=347 d_init=94.1 d_final=0.0
 Retrying in 1 seconds
[shaping_diag] success_cum_shaping=282.39 T=255 d_init=94.1 d_final=0.0
 Retrying in 1 seconds
[shaping_diag] success_cum_shaping=282.39 T=290 d_init=94.1 d_final=0.0
 Retrying in 1 seconds
[shaping_diag] success_cum_shaping=282.39 T=293 d_init=94.1 d_final=0.0
 Retrying in 1 seconds
[shaping_diag] success_cum_shaping=282.39 T=301 d_init=94.1 d_final=0.0
 Retrying in 1 seconds
[shaping_diag] success_cum_shaping=282.39 T=309 d_init=94.1 d_final=0.0
 Retrying in 1 seconds
[shaping_diag] success_cum_shaping=282.39 T=295 d_init=94.1 d_final=0.0
 Retrying in 1 seconds
[shaping_diag] success_cum_shaping=282.39 T=318 d_init=94.1 d_final=0.0
 Retrying in 1 seconds
[shaping_diag] success_cum_shaping=282.39 T=300 d_init=94.1 d_final=0.0
 Retrying in 1 seconds
[shaping_diag] success_cum_shaping=282.39 T=320 d_init=94.1 d_final=0.0
 Retrying in 1 seconds
[shaping_diag] success_cum_shaping=282.39 T=261 d_init=94.1 d_final=0.0
 Retrying in 1 seconds
[shaping_diag] success_cum_shaping=282.39 T=276 d_init=94.1 d_final=0.0
 Retrying in 1 seconds
[shaping_diag] success_cum_shaping=282.39 T=272 d_init=94.1 d_final=0.0
 Retrying in 1 seconds
 Retrying in 1 seconds
[shaping_diag] success_cum_shaping=282.39 T=276 d_init=94.1 d_final=0.0
 Retrying in 1 seconds
[shaping_diag] success_cum_shaping=282.39 T=279 d_init=94.1 d_final=0.0
 Retrying in 1 seconds
[shaping_diag] success_cum_shaping=282.39 T=261 d_init=94.1 d_final=0.0
 Retrying in 1 seconds
[shaping_diag] success_cum_shaping=282.39 T=209 d_init=94.1 d_final=0.0
 Retrying in 1 seconds
[shaping_diag] success_cum_shaping=282.39 T=272 d_init=94.1 d_final=0.0
 Retrying in 1 seconds
[shaping_diag] success_cum_shaping=282.39 T=258 d_init=94.1 d_final=0.0
 Retrying in 1 seconds
[shaping_diag] success_cum_shaping=282.39 T=257 d_init=94.1 d_final=0.0
 Retrying in 1 seconds
[shaping_diag] success_cum_shaping=282.39 T=313 d_init=94.1 d_final=0.0
 Retrying in 1 seconds
[shaping_diag] success_cum_shaping=282.39 T=258 d_init=94.1 d_final=0.0
 Retrying in 1 seconds
[shaping_diag] success_cum_shaping=282.39 T=278 d_init=94.1 d_final=0.0
 Retrying in 1 seconds
[shaping_diag] success_cum_shaping=282.39 T=263 d_init=94.1 d_final=0.0
 Retrying in 1 seconds
[shaping_diag] success_cum_shaping=282.39 T=270 d_init=94.1 d_final=0.0
 Retrying in 1 seconds
[shaping_diag] success_cum_shaping=282.39 T=267 d_init=94.1 d_final=0.0
 Retrying in 1 seconds
[shaping_diag] success_cum_shaping=282.39 T=295 d_init=94.1 d_final=0.0
 Retrying in 1 seconds
[shaping_diag] success_cum_shaping=282.39 T=301 d_init=94.1 d_final=0.0
 Retrying in 1 seconds
 Retrying in 1 seconds
[shaping_diag] success_cum_shaping=282.39 T=157 d_init=94.1 d_final=0.0
 Retrying in 1 seconds
[shaping_diag] success_cum_shaping=282.39 T=173 d_init=94.1 d_final=0.0
 Retrying in 1 seconds
[shaping_diag] success_cum_shaping=282.39 T=161 d_init=94.1 d_final=0.0
 Retrying in 1 seconds
[shaping_diag] success_cum_shaping=282.39 T=178 d_init=94.1 d_final=0.0
 Retrying in 1 seconds
[shaping_diag] success_cum_shaping=282.39 T=157 d_init=94.1 d_final=0.0
 Retrying in 1 seconds
[shaping_diag] success_cum_shaping=282.39 T=119 d_init=94.1 d_final=0.0
 Retrying in 1 seconds
[shaping_diag] success_cum_shaping=282.39 T=148 d_init=94.1 d_final=0.0
 Retrying in 1 seconds
[shaping_diag] success_cum_shaping=282.39 T=165 d_init=94.1 d_final=0.0
 Retrying in 1 seconds
[shaping_diag] success_cum_shaping=282.39 T=121 d_init=94.1 d_final=0.0
 Retrying in 1 seconds
[shaping_diag] success_cum_shaping=282.39 T=152 d_init=94.1 d_final=0.0
[cbf_aux] step=45056 ret=259.43 coll=0 ttc=7.28 cbf_res=0.1360
 Retrying in 1 seconds
[shaping_diag] success_cum_shaping=282.39 T=248 d_init=94.1 d_final=0.0
 Retrying in 1 seconds
[shaping_diag] success_cum_shaping=282.39 T=240 d_init=94.1 d_final=0.0
 Retrying in 1 seconds
[shaping_diag] success_cum_shaping=282.39 T=297 d_init=94.1 d_final=0.0
 Retrying in 1 seconds
[shaping_diag] success_cum_shaping=282.39 T=259 d_init=94.1 d_final=0.0
 Retrying in 1 seconds
[shaping_diag] success_cum_shaping=282.39 T=293 d_init=94.1 d_final=0.0
 Retrying in 1 seconds
[shaping_diag] success_cum_shaping=282.39 T=245 d_init=94.1 d_final=0.0
 Retrying in 1 seconds
[shaping_diag] success_cum_shaping=282.39 T=240 d_init=94.1 d_final=0.0
 Retrying in 1 seconds
[shaping_diag] success_cum_shaping=282.39 T=243 d_init=94.1 d_final=0.0
 Retrying in 1 seconds
[shaping_diag] success_cum_shaping=282.39 T=263 d_init=94.1 d_final=0.0
 Retrying in 1 seconds
[shaping_diag] success_cum_shaping=282.39 T=270 d_init=94.1 d_final=0.0
 Retrying in 1 seconds
[shaping_diag] success_cum_shaping=282.39 T=292 d_init=94.1 d_final=0.0
 Retrying in 1 seconds
[shaping_diag] success_cum_shaping=282.39 T=272 d_init=94.1 d_final=0.0
 Retrying in 1 seconds
[shaping_diag] success_cum_shaping=282.39 T=297 d_init=94.1 d_final=0.0
 Retrying in 1 seconds
[shaping_diag] success_cum_shaping=282.39 T=267 d_init=94.1 d_final=0.0
 Retrying in 1 seconds
[shaping_diag] success_cum_shaping=282.39 T=238 d_init=94.1 d_final=0.0
 Retrying in 1 seconds
 Retrying in 1 seconds
[shaping_diag] success_cum_shaping=282.39 T=228 d_init=94.1 d_final=0.0
 Retrying in 1 seconds
[shaping_diag] success_cum_shaping=282.39 T=258 d_init=94.1 d_final=0.0
 Retrying in 1 seconds
[shaping_diag] success_cum_shaping=282.39 T=255 d_init=94.1 d_final=0.0
 Retrying in 1 seconds
[shaping_diag] success_cum_shaping=282.39 T=237 d_init=94.1 d_final=0.0
 Retrying in 1 seconds
[shaping_diag] success_cum_shaping=282.39 T=274 d_init=94.1 d_final=0.0
 Retrying in 1 seconds
[shaping_diag] success_cum_shaping=282.39 T=252 d_init=94.1 d_final=0.0
 Retrying in 1 seconds
[shaping_diag] success_cum_shaping=282.39 T=263 d_init=94.1 d_final=0.0
 Retrying in 1 seconds
[shaping_diag] success_cum_shaping=282.39 T=261 d_init=94.1 d_final=0.0
 Retrying in 1 seconds
[shaping_diag] success_cum_shaping=282.39 T=254 d_init=94.1 d_final=0.0
 Retrying in 1 seconds
[shaping_diag] success_cum_shaping=282.39 T=236 d_init=94.1 d_final=0.0
 Retrying in 1 seconds
[shaping_diag] success_cum_shaping=282.39 T=239 d_init=94.1 d_final=0.0
 Retrying in 1 seconds
[shaping_diag] success_cum_shaping=282.39 T=263 d_init=94.1 d_final=0.0
 Retrying in 1 seconds
[shaping_diag] success_cum_shaping=282.39 T=279 d_init=94.1 d_final=0.0
 Retrying in 1 seconds
[shaping_diag] success_cum_shaping=282.39 T=229 d_init=94.1 d_final=0.0
 Retrying in 1 seconds
[shaping_diag] success_cum_shaping=282.39 T=257 d_init=94.1 d_final=0.0
 Retrying in 1 seconds
[shaping_diag] success_cum_shaping=282.39 T=245 d_init=94.1 d_final=0.0
 Retrying in 1 seconds
 Retrying in 1 seconds
[shaping_diag] success_cum_shaping=282.39 T=230 d_init=94.1 d_final=0.0
 Retrying in 1 seconds
[shaping_diag] success_cum_shaping=282.39 T=234 d_init=94.1 d_final=0.0
 Retrying in 1 seconds
[shaping_diag] success_cum_shaping=282.39 T=262 d_init=94.1 d_final=0.0
 Retrying in 1 seconds
[shaping_diag] success_cum_shaping=282.39 T=251 d_init=94.1 d_final=0.0
 Retrying in 1 seconds
[shaping_diag] success_cum_shaping=282.39 T=291 d_init=94.1 d_final=0.0
 Retrying in 1 seconds
[shaping_diag] success_cum_shaping=282.39 T=253 d_init=94.1 d_final=0.0
 Retrying in 1 seconds
[shaping_diag] success_cum_shaping=282.39 T=249 d_init=94.1 d_final=0.0
 Retrying in 1 seconds
[shaping_diag] success_cum_shaping=282.39 T=242 d_init=94.1 d_final=0.0
 Retrying in 1 seconds
[shaping_diag] success_cum_shaping=282.39 T=273 d_init=94.1 d_final=0.0
 Retrying in 1 seconds
[shaping_diag] success_cum_shaping=282.39 T=260 d_init=94.1 d_final=0.0
 Retrying in 1 seconds
[shaping_diag] success_cum_shaping=282.39 T=280 d_init=94.1 d_final=0.0
 Retrying in 1 seconds
[shaping_diag] success_cum_shaping=282.39 T=275 d_init=94.1 d_final=0.0
 Retrying in 1 seconds
[shaping_diag] success_cum_shaping=282.39 T=264 d_init=94.1 d_final=0.0
 Retrying in 1 seconds
[shaping_diag] success_cum_shaping=282.39 T=253 d_init=94.1 d_final=0.0
 Retrying in 1 seconds
[shaping_diag] success_cum_shaping=282.39 T=271 d_init=94.1 d_final=0.0
 Retrying in 1 seconds
 Retrying in 1 seconds
[shaping_diag] success_cum_shaping=282.39 T=259 d_init=94.1 d_final=0.0
 Retrying in 1 seconds
[shaping_diag] success_cum_shaping=282.39 T=242 d_init=94.1 d_final=0.0
 Retrying in 1 seconds
[shaping_diag] success_cum_shaping=282.39 T=230 d_init=94.1 d_final=0.0
 Retrying in 1 seconds
[shaping_diag] success_cum_shaping=282.39 T=258 d_init=94.1 d_final=0.0
 Retrying in 1 seconds
[shaping_diag] success_cum_shaping=282.39 T=241 d_init=94.1 d_final=0.0
 Retrying in 1 seconds
[shaping_diag] success_cum_shaping=282.39 T=261 d_init=94.1 d_final=0.0
 Retrying in 1 seconds
[shaping_diag] success_cum_shaping=282.39 T=210 d_init=94.1 d_final=0.0
 Retrying in 1 seconds
[shaping_diag] success_cum_shaping=282.39 T=239 d_init=94.1 d_final=0.0
 Retrying in 1 seconds
[shaping_diag] success_cum_shaping=282.39 T=236 d_init=94.1 d_final=0.0
 Retrying in 1 seconds
[shaping_diag] success_cum_shaping=282.39 T=236 d_init=94.1 d_final=0.0
 Retrying in 1 seconds
[shaping_diag] success_cum_shaping=282.39 T=235 d_init=94.1 d_final=0.0
 Retrying in 1 seconds
[shaping_diag] success_cum_shaping=282.39 T=258 d_init=94.1 d_final=0.0
 Retrying in 1 seconds
[shaping_diag] success_cum_shaping=282.39 T=250 d_init=94.1 d_final=0.0
 Retrying in 1 seconds
[shaping_diag] success_cum_shaping=282.39 T=278 d_init=94.1 d_final=0.0
 Retrying in 1 seconds
[shaping_diag] success_cum_shaping=282.39 T=216 d_init=94.1 d_final=0.0
 Retrying in 1 seconds
[shaping_diag] success_cum_shaping=282.39 T=239 d_init=94.1 d_final=0.0
 Retrying in 1 seconds
 Retrying in 1 seconds
[shaping_diag] success_cum_shaping=282.39 T=219 d_init=94.1 d_final=0.0
 Retrying in 1 seconds
[shaping_diag] success_cum_shaping=282.39 T=240 d_init=94.1 d_final=0.0
 Retrying in 1 seconds
[shaping_diag] success_cum_shaping=282.39 T=251 d_init=94.1 d_final=0.0
 Retrying in 1 seconds
[shaping_diag] success_cum_shaping=282.39 T=226 d_init=94.1 d_final=0.0
 Retrying in 1 seconds
[shaping_diag] success_cum_shaping=282.39 T=252 d_init=94.1 d_final=0.0
 Retrying in 1 seconds
[shaping_diag] success_cum_shaping=282.39 T=224 d_init=94.1 d_final=0.0
 Retrying in 1 seconds
[shaping_diag] success_cum_shaping=282.39 T=243 d_init=94.1 d_final=0.0
 Retrying in 1 seconds
[shaping_diag] success_cum_shaping=282.39 T=216 d_init=94.1 d_final=0.0
 Retrying in 1 seconds
[shaping_diag] success_cum_shaping=282.39 T=217 d_init=94.1 d_final=0.0
 Retrying in 1 seconds
[shaping_diag] success_cum_shaping=282.39 T=245 d_init=94.1 d_final=0.0
 Retrying in 1 seconds
[shaping_diag] success_cum_shaping=282.39 T=236 d_init=94.1 d_final=0.0
 Retrying in 1 seconds
[shaping_diag] success_cum_shaping=282.39 T=255 d_init=94.1 d_final=0.0
 Retrying in 1 seconds
[shaping_diag] success_cum_shaping=282.39 T=245 d_init=94.1 d_final=0.0
 Retrying in 1 seconds
[shaping_diag] success_cum_shaping=282.39 T=271 d_init=94.1 d_final=0.0
 Retrying in 1 seconds
[shaping_diag] success_cum_shaping=282.39 T=239 d_init=94.1 d_final=0.0
 Retrying in 1 seconds
[shaping_diag] success_cum_shaping=282.39 T=256 d_init=94.1 d_final=0.0
 Retrying in 1 seconds
[shaping_diag] success_cum_shaping=282.39 T=253 d_init=94.1 d_final=0.0
 Retrying in 1 seconds
 Retrying in 1 seconds
[shaping_diag] success_cum_shaping=282.39 T=230 d_init=94.1 d_final=0.0
 Retrying in 1 seconds
[shaping_diag] success_cum_shaping=282.39 T=211 d_init=94.1 d_final=0.0
 Retrying in 1 seconds
[shaping_diag] success_cum_shaping=282.39 T=244 d_init=94.1 d_final=0.0
 Retrying in 1 seconds
[shaping_diag] success_cum_shaping=282.39 T=223 d_init=94.1 d_final=0.0
 Retrying in 1 seconds
[shaping_diag] success_cum_shaping=282.39 T=232 d_init=94.1 d_final=0.0
 Retrying in 1 seconds
[shaping_diag] success_cum_shaping=282.39 T=234 d_init=94.1 d_final=0.0
 Retrying in 1 seconds
[shaping_diag] success_cum_shaping=282.39 T=229 d_init=94.1 d_final=0.0
 Retrying in 1 seconds
[shaping_diag] success_cum_shaping=282.39 T=240 d_init=94.1 d_final=0.0
 Retrying in 1 seconds
[shaping_diag] success_cum_shaping=282.39 T=208 d_init=94.1 d_final=0.0
 Retrying in 1 seconds
[shaping_diag] success_cum_shaping=282.39 T=248 d_init=94.1 d_final=0.0
 Retrying in 1 seconds
[shaping_diag] success_cum_shaping=282.39 T=209 d_init=94.1 d_final=0.0
 Retrying in 1 seconds
[shaping_diag] success_cum_shaping=282.39 T=261 d_init=94.1 d_final=0.0
 Retrying in 1 seconds
[shaping_diag] success_cum_shaping=282.39 T=237 d_init=94.1 d_final=0.0
 Retrying in 1 seconds
[shaping_diag] success_cum_shaping=282.39 T=227 d_init=94.1 d_final=0.0
 Retrying in 1 seconds
[shaping_diag] success_cum_shaping=282.39 T=228 d_init=94.1 d_final=0.0
 Retrying in 1 seconds
[shaping_diag] success_cum_shaping=282.39 T=241 d_init=94.1 d_final=0.0
 Retrying in 1 seconds
[shaping_diag] success_cum_shaping=282.39 T=250 d_init=94.1 d_final=0.0
 Retrying in 1 seconds
 Retrying in 1 seconds
[shaping_diag] success_cum_shaping=282.39 T=228 d_init=94.1 d_final=0.0
 Retrying in 1 seconds
[shaping_diag] success_cum_shaping=282.39 T=201 d_init=94.1 d_final=0.0
 Retrying in 1 seconds
[shaping_diag] success_cum_shaping=282.39 T=236 d_init=94.1 d_final=0.0
 Retrying in 1 seconds
[shaping_diag] success_cum_shaping=282.39 T=227 d_init=94.1 d_final=0.0
 Retrying in 1 seconds
[shaping_diag] success_cum_shaping=282.39 T=219 d_init=94.1 d_final=0.0
 Retrying in 1 seconds
[shaping_diag] success_cum_shaping=282.39 T=235 d_init=94.1 d_final=0.0
 Retrying in 1 seconds
[shaping_diag] success_cum_shaping=282.39 T=218 d_init=94.1 d_final=0.0
 Retrying in 1 seconds
[shaping_diag] success_cum_shaping=282.39 T=231 d_init=94.1 d_final=0.0
 Retrying in 1 seconds
[shaping_diag] success_cum_shaping=282.39 T=226 d_init=94.1 d_final=0.0
 Retrying in 1 seconds
[shaping_diag] success_cum_shaping=282.39 T=224 d_init=94.1 d_final=0.0
 Retrying in 1 seconds
[shaping_diag] success_cum_shaping=282.39 T=253 d_init=94.1 d_final=0.0
 Retrying in 1 seconds
[shaping_diag] success_cum_shaping=282.39 T=200 d_init=94.1 d_final=0.0
 Retrying in 1 seconds
[shaping_diag] success_cum_shaping=282.39 T=207 d_init=94.1 d_final=0.0
 Retrying in 1 seconds
[shaping_diag] success_cum_shaping=282.39 T=232 d_init=94.1 d_final=0.0
 Retrying in 1 seconds
[shaping_diag] success_cum_shaping=282.39 T=222 d_init=94.1 d_final=0.0
 Retrying in 1 seconds
[shaping_diag] success_cum_shaping=282.39 T=229 d_init=94.1 d_final=0.0
 Retrying in 1 seconds
[shaping_diag] success_cum_shaping=282.39 T=235 d_init=94.1 d_final=0.0
 Retrying in 1 seconds
[shaping_diag] success_cum_shaping=282.39 T=249 d_init=94.1 d_final=0.0
 Retrying in 1 seconds
 Retrying in 1 seconds
[shaping_diag] success_cum_shaping=282.39 T=222 d_init=94.1 d_final=0.0
 Retrying in 1 seconds
[shaping_diag] success_cum_shaping=282.39 T=257 d_init=94.1 d_final=0.0
 Retrying in 1 seconds
[shaping_diag] success_cum_shaping=282.39 T=252 d_init=94.1 d_final=0.0
 Retrying in 1 seconds
[shaping_diag] success_cum_shaping=282.39 T=228 d_init=94.1 d_final=0.0
 Retrying in 1 seconds
[shaping_diag] success_cum_shaping=282.39 T=254 d_init=94.1 d_final=0.0
 Retrying in 1 seconds
[shaping_diag] success_cum_shaping=282.39 T=257 d_init=94.1 d_final=0.0
 Retrying in 1 seconds
[shaping_diag] success_cum_shaping=282.39 T=240 d_init=94.1 d_final=0.0
 Retrying in 1 seconds
[shaping_diag] success_cum_shaping=282.39 T=234 d_init=94.1 d_final=0.0
 Retrying in 1 seconds
[shaping_diag] success_cum_shaping=282.39 T=228 d_init=94.1 d_final=0.0
 Retrying in 1 seconds
[shaping_diag] success_cum_shaping=282.39 T=231 d_init=94.1 d_final=0.0
 Retrying in 1 seconds
[shaping_diag] success_cum_shaping=282.39 T=204 d_init=94.1 d_final=0.0
 Retrying in 1 seconds
[shaping_diag] success_cum_shaping=282.39 T=214 d_init=94.1 d_final=0.0
 Retrying in 1 seconds
[shaping_diag] success_cum_shaping=282.39 T=199 d_init=94.1 d_final=0.0
 Retrying in 1 seconds
[shaping_diag] success_cum_shaping=282.39 T=234 d_init=94.1 d_final=0.0
 Retrying in 1 seconds
[shaping_diag] success_cum_shaping=282.39 T=230 d_init=94.1 d_final=0.0
 Retrying in 1 seconds
[shaping_diag] success_cum_shaping=282.39 T=231 d_init=94.1 d_final=0.0
 Retrying in 1 seconds
[shaping_diag] success_cum_shaping=282.39 T=230 d_init=94.1 d_final=0.0
 Retrying in 1 seconds
 Retrying in 1 seconds
[shaping_diag] success_cum_shaping=282.39 T=201 d_init=94.1 d_final=0.0
 Retrying in 1 seconds
[shaping_diag] success_cum_shaping=282.39 T=199 d_init=94.1 d_final=0.0
 Retrying in 1 seconds
[shaping_diag] success_cum_shaping=282.39 T=245 d_init=94.1 d_final=0.0
 Retrying in 1 seconds
[shaping_diag] success_cum_shaping=282.39 T=218 d_init=94.1 d_final=0.0
 Retrying in 1 seconds
[shaping_diag] success_cum_shaping=282.39 T=233 d_init=94.1 d_final=0.0
 Retrying in 1 seconds
[shaping_diag] success_cum_shaping=282.39 T=225 d_init=94.1 d_final=0.0
 Retrying in 1 seconds
[shaping_diag] success_cum_shaping=282.39 T=214 d_init=94.1 d_final=0.0
 Retrying in 1 seconds
[shaping_diag] success_cum_shaping=282.39 T=227 d_init=94.1 d_final=0.0
 Retrying in 1 seconds
[shaping_diag] success_cum_shaping=282.39 T=232 d_init=94.1 d_final=0.0
 Retrying in 1 seconds
[shaping_diag] success_cum_shaping=282.39 T=197 d_init=94.1 d_final=0.0
 Retrying in 1 seconds
[shaping_diag] success_cum_shaping=282.39 T=221 d_init=94.1 d_final=0.0
 Retrying in 1 seconds
[shaping_diag] success_cum_shaping=282.39 T=183 d_init=94.1 d_final=0.0
 Retrying in 1 seconds
[shaping_diag] success_cum_shaping=282.39 T=213 d_init=94.1 d_final=0.0
 Retrying in 1 seconds
[shaping_diag] success_cum_shaping=282.39 T=229 d_init=94.1 d_final=0.0
 Retrying in 1 seconds
[shaping_diag] success_cum_shaping=282.39 T=214 d_init=94.1 d_final=0.0
 Retrying in 1 seconds
[shaping_diag] success_cum_shaping=282.39 T=248 d_init=94.1 d_final=0.0
 Retrying in 1 seconds
[shaping_diag] success_cum_shaping=282.39 T=220 d_init=94.1 d_final=0.0
 Retrying in 1 seconds
[shaping_diag] success_cum_shaping=282.39 T=200 d_init=94.1 d_final=0.0
 Retrying in 1 seconds
 Retrying in 1 seconds
[shaping_diag] success_cum_shaping=282.39 T=216 d_init=94.1 d_final=0.0
 Retrying in 1 seconds
[shaping_diag] success_cum_shaping=282.39 T=250 d_init=94.1 d_final=0.0
 Retrying in 1 seconds
[shaping_diag] success_cum_shaping=282.39 T=236 d_init=94.1 d_final=0.0
 Retrying in 1 seconds
[shaping_diag] success_cum_shaping=282.39 T=215 d_init=94.1 d_final=0.0
 Retrying in 1 seconds
[shaping_diag] success_cum_shaping=282.39 T=228 d_init=94.1 d_final=0.0
 Retrying in 1 seconds
[shaping_diag] success_cum_shaping=282.39 T=226 d_init=94.1 d_final=0.0
 Retrying in 1 seconds
[shaping_diag] success_cum_shaping=282.39 T=230 d_init=94.1 d_final=0.0
 Retrying in 1 seconds
[shaping_diag] success_cum_shaping=282.39 T=227 d_init=94.1 d_final=0.0
 Retrying in 1 seconds
[shaping_diag] success_cum_shaping=282.39 T=216 d_init=94.1 d_final=0.0
 Retrying in 1 seconds
[shaping_diag] success_cum_shaping=282.39 T=222 d_init=94.1 d_final=0.0
 Retrying in 1 seconds
[shaping_diag] success_cum_shaping=282.39 T=221 d_init=94.1 d_final=0.0
 Retrying in 1 seconds
[shaping_diag] success_cum_shaping=282.39 T=219 d_init=94.1 d_final=0.0
 Retrying in 1 seconds
[shaping_diag] success_cum_shaping=282.39 T=219 d_init=94.1 d_final=0.0
 Retrying in 1 seconds
[shaping_diag] success_cum_shaping=282.39 T=239 d_init=94.1 d_final=0.0
 Retrying in 1 seconds
[shaping_diag] success_cum_shaping=282.39 T=229 d_init=94.1 d_final=0.0
 Retrying in 1 seconds
[shaping_diag] success_cum_shaping=282.39 T=229 d_init=94.1 d_final=0.0
 Retrying in 1 seconds
[shaping_diag] success_cum_shaping=282.39 T=225 d_init=94.1 d_final=0.0
 Retrying in 1 seconds
[shaping_diag] success_cum_shaping=282.39 T=246 d_init=94.1 d_final=0.0
 Retrying in 1 seconds
 Retrying in 1 seconds
[shaping_diag] success_cum_shaping=282.39 T=177 d_init=94.1 d_final=0.0
 Retrying in 1 seconds
[shaping_diag] success_cum_shaping=282.39 T=269 d_init=94.1 d_final=0.0
Warning: Vehicle 'other' performs emergency braking on lane ':center_8_0' with decel=9.00, wished=3.00, severity=1.00, time=9.90.
 Retrying in 1 seconds
[shaping_diag] success_cum_shaping=282.39 T=133 d_init=94.1 d_final=0.0
 Retrying in 1 seconds
[shaping_diag] success_cum_shaping=282.39 T=157 d_init=94.1 d_final=0.0
 Retrying in 1 seconds
[shaping_diag] success_cum_shaping=282.39 T=179 d_init=94.1 d_final=0.0
 Retrying in 1 seconds
[shaping_diag] success_cum_shaping=282.39 T=171 d_init=94.1 d_final=0.0
 Retrying in 1 seconds
[shaping_diag] success_cum_shaping=282.39 T=251 d_init=94.1 d_final=0.0
 Retrying in 1 seconds
[shaping_diag] success_cum_shaping=282.39 T=252 d_init=94.1 d_final=0.0
 Retrying in 1 seconds
[shaping_diag] success_cum_shaping=282.39 T=114 d_init=94.1 d_final=0.0
 Retrying in 1 seconds
[shaping_diag] success_cum_shaping=282.39 T=161 d_init=94.1 d_final=0.0
[cbf_aux] step=86016 ret=319.80 coll=0 ttc=7.73 cbf_res=0.0000
 Retrying in 1 seconds
[shaping_diag] success_cum_shaping=282.39 T=244 d_init=94.1 d_final=0.0
 Retrying in 1 seconds
[shaping_diag] success_cum_shaping=282.39 T=227 d_init=94.1 d_final=0.0
 Retrying in 1 seconds
[shaping_diag] success_cum_shaping=282.39 T=211 d_init=94.1 d_final=0.0
 Retrying in 1 seconds
[shaping_diag] success_cum_shaping=282.39 T=229 d_init=94.1 d_final=0.0
 Retrying in 1 seconds
[shaping_diag] success_cum_shaping=282.39 T=226 d_init=94.1 d_final=0.0
 Retrying in 1 seconds
[shaping_diag] success_cum_shaping=282.39 T=240 d_init=94.1 d_final=0.0
 Retrying in 1 seconds
[shaping_diag] success_cum_shaping=282.39 T=234 d_init=94.1 d_final=0.0
 Retrying in 1 seconds
[shaping_diag] success_cum_shaping=282.39 T=214 d_init=94.1 d_final=0.0
 Retrying in 1 seconds
[shaping_diag] success_cum_shaping=282.39 T=264 d_init=94.1 d_final=0.0
 Retrying in 1 seconds
[shaping_diag] success_cum_shaping=282.39 T=219 d_init=94.1 d_final=0.0
 Retrying in 1 seconds
[shaping_diag] success_cum_shaping=282.39 T=226 d_init=94.1 d_final=0.0
 Retrying in 1 seconds
[shaping_diag] success_cum_shaping=282.39 T=236 d_init=94.1 d_final=0.0
 Retrying in 1 seconds
[shaping_diag] success_cum_shaping=282.39 T=204 d_init=94.1 d_final=0.0
 Retrying in 1 seconds
[shaping_diag] success_cum_shaping=282.39 T=245 d_init=94.1 d_final=0.0
 Retrying in 1 seconds
[shaping_diag] success_cum_shaping=282.39 T=247 d_init=94.1 d_final=0.0
 Retrying in 1 seconds
[shaping_diag] success_cum_shaping=282.39 T=246 d_init=94.1 d_final=0.0
 Retrying in 1 seconds
[shaping_diag] success_cum_shaping=282.39 T=211 d_init=94.1 d_final=0.0
 Retrying in 1 seconds
 Retrying in 1 seconds
[shaping_diag] success_cum_shaping=282.39 T=204 d_init=94.1 d_final=0.0
 Retrying in 1 seconds
[shaping_diag] success_cum_shaping=282.39 T=253 d_init=94.1 d_final=0.0
 Retrying in 1 seconds
[shaping_diag] success_cum_shaping=282.39 T=214 d_init=94.1 d_final=0.0
 Retrying in 1 seconds
[shaping_diag] success_cum_shaping=282.39 T=194 d_init=94.1 d_final=0.0
 Retrying in 1 seconds
[shaping_diag] success_cum_shaping=282.39 T=216 d_init=94.1 d_final=0.0
 Retrying in 1 seconds
[shaping_diag] success_cum_shaping=282.39 T=234 d_init=94.1 d_final=0.0
 Retrying in 1 seconds
[shaping_diag] success_cum_shaping=282.39 T=233 d_init=94.1 d_final=0.0
 Retrying in 1 seconds
[shaping_diag] success_cum_shaping=282.39 T=211 d_init=94.1 d_final=0.0
 Retrying in 1 seconds
[shaping_diag] success_cum_shaping=282.39 T=214 d_init=94.1 d_final=0.0
 Retrying in 1 seconds
[shaping_diag] success_cum_shaping=282.39 T=202 d_init=94.1 d_final=0.0
 Retrying in 1 seconds
[shaping_diag] success_cum_shaping=282.39 T=221 d_init=94.1 d_final=0.0
 Retrying in 1 seconds
[shaping_diag] success_cum_shaping=282.39 T=203 d_init=94.1 d_final=0.0
 Retrying in 1 seconds
[shaping_diag] success_cum_shaping=282.39 T=250 d_init=94.1 d_final=0.0
 Retrying in 1 seconds
[shaping_diag] success_cum_shaping=282.39 T=251 d_init=94.1 d_final=0.0
 Retrying in 1 seconds
[shaping_diag] success_cum_shaping=282.39 T=218 d_init=94.1 d_final=0.0
 Retrying in 1 seconds
[shaping_diag] success_cum_shaping=282.39 T=238 d_init=94.1 d_final=0.0
 Retrying in 1 seconds
[shaping_diag] success_cum_shaping=282.39 T=235 d_init=94.1 d_final=0.0
 Retrying in 1 seconds
[shaping_diag] success_cum_shaping=282.39 T=229 d_init=94.1 d_final=0.0
 Retrying in 1 seconds
 Retrying in 1 seconds
[shaping_diag] success_cum_shaping=282.39 T=198 d_init=94.1 d_final=0.0
 Retrying in 1 seconds
[shaping_diag] success_cum_shaping=282.39 T=224 d_init=94.1 d_final=0.0
 Retrying in 1 seconds
[shaping_diag] success_cum_shaping=282.39 T=199 d_init=94.1 d_final=0.0
 Retrying in 1 seconds
[shaping_diag] success_cum_shaping=282.39 T=226 d_init=94.1 d_final=0.0
 Retrying in 1 seconds
[shaping_diag] success_cum_shaping=282.39 T=228 d_init=94.1 d_final=0.0
 Retrying in 1 seconds
[shaping_diag] success_cum_shaping=282.39 T=191 d_init=94.1 d_final=0.0
 Retrying in 1 seconds
[shaping_diag] success_cum_shaping=282.39 T=187 d_init=94.1 d_final=0.0
 Retrying in 1 seconds
[shaping_diag] success_cum_shaping=282.39 T=183 d_init=94.1 d_final=0.0
 Retrying in 1 seconds
[shaping_diag] success_cum_shaping=282.39 T=228 d_init=94.1 d_final=0.0
 Retrying in 1 seconds
[shaping_diag] success_cum_shaping=282.39 T=182 d_init=94.1 d_final=0.0
 Retrying in 1 seconds
[shaping_diag] success_cum_shaping=282.39 T=227 d_init=94.1 d_final=0.0
 Retrying in 1 seconds
[shaping_diag] success_cum_shaping=282.39 T=226 d_init=94.1 d_final=0.0
 Retrying in 1 seconds
[shaping_diag] success_cum_shaping=282.39 T=217 d_init=94.1 d_final=0.0
 Retrying in 1 seconds
[shaping_diag] success_cum_shaping=282.39 T=159 d_init=94.1 d_final=0.0
 Retrying in 1 seconds
[shaping_diag] success_cum_shaping=282.39 T=222 d_init=94.1 d_final=0.0
 Retrying in 1 seconds
[shaping_diag] success_cum_shaping=282.39 T=230 d_init=94.1 d_final=0.0
 Retrying in 1 seconds
[shaping_diag] success_cum_shaping=282.39 T=195 d_init=94.1 d_final=0.0
 Retrying in 1 seconds
[shaping_diag] success_cum_shaping=282.39 T=202 d_init=94.1 d_final=0.0
 Retrying in 1 seconds
[shaping_diag] success_cum_shaping=282.39 T=251 d_init=94.1 d_final=0.0
 Retrying in 1 seconds
 Retrying in 1 seconds
[shaping_diag] success_cum_shaping=282.39 T=195 d_init=94.1 d_final=0.0
 Retrying in 1 seconds
[shaping_diag] success_cum_shaping=282.39 T=233 d_init=94.1 d_final=0.0
 Retrying in 1 seconds
[shaping_diag] success_cum_shaping=282.39 T=191 d_init=94.1 d_final=0.0
 Retrying in 1 seconds
[shaping_diag] success_cum_shaping=282.39 T=217 d_init=94.1 d_final=0.0
 Retrying in 1 seconds
[shaping_diag] success_cum_shaping=282.39 T=207 d_init=94.1 d_final=0.0
 Retrying in 1 seconds
 Retrying in 1 seconds
[shaping_diag] success_cum_shaping=282.39 T=151 d_init=94.1 d_final=0.0
 Retrying in 1 seconds
[shaping_diag] success_cum_shaping=282.39 T=163 d_init=94.1 d_final=0.0
 Retrying in 1 seconds
[shaping_diag] success_cum_shaping=282.39 T=216 d_init=94.1 d_final=0.0
 Retrying in 1 seconds
[shaping_diag] success_cum_shaping=282.39 T=202 d_init=94.1 d_final=0.0
 Retrying in 1 seconds
[shaping_diag] success_cum_shaping=282.39 T=212 d_init=94.1 d_final=0.0
 Retrying in 1 seconds
[shaping_diag] success_cum_shaping=282.39 T=205 d_init=94.1 d_final=0.0
 Retrying in 1 seconds
[shaping_diag] success_cum_shaping=282.39 T=201 d_init=94.1 d_final=0.0
 Retrying in 1 seconds
[shaping_diag] success_cum_shaping=282.39 T=228 d_init=94.1 d_final=0.0
 Retrying in 1 seconds
[shaping_diag] success_cum_shaping=282.39 T=216 d_init=94.1 d_final=0.0
 Retrying in 1 seconds
[shaping_diag] success_cum_shaping=282.39 T=208 d_init=94.1 d_final=0.0
 Retrying in 1 seconds
[shaping_diag] success_cum_shaping=282.39 T=160 d_init=94.1 d_final=0.0
 Retrying in 1 seconds
[shaping_diag] success_cum_shaping=282.39 T=226 d_init=94.1 d_final=0.0
 Retrying in 1 seconds
[shaping_diag] success_cum_shaping=282.39 T=149 d_init=94.1 d_final=0.0
 Retrying in 1 seconds
[shaping_diag] success_cum_shaping=282.39 T=227 d_init=94.1 d_final=0.0
 Retrying in 1 seconds
 Retrying in 1 seconds
[shaping_diag] success_cum_shaping=282.39 T=141 d_init=94.1 d_final=0.0
 Retrying in 1 seconds
[shaping_diag] success_cum_shaping=282.39 T=220 d_init=94.1 d_final=0.0
 Retrying in 1 seconds
[shaping_diag] success_cum_shaping=282.39 T=244 d_init=94.1 d_final=0.0
Warning: Vehicle 'ego'; collision with vehicle 'other2', lane='right_out_0', gap=-1.64, time=12.60 stage=move.
Warning: Vehicle 'other2' performs emergency braking on lane ':center_8_0' with decel=9.00, wished=5.00, severity=1.00, time=11.80.
 Retrying in 1 seconds
 Retrying in 1 seconds
[shaping_diag] success_cum_shaping=282.39 T=153 d_init=94.1 d_final=0.0
 Retrying in 1 seconds
[shaping_diag] success_cum_shaping=282.39 T=151 d_init=94.1 d_final=0.0
 Retrying in 1 seconds
[shaping_diag] success_cum_shaping=282.39 T=241 d_init=94.1 d_final=0.0
 Retrying in 1 seconds
[shaping_diag] success_cum_shaping=282.39 T=148 d_init=94.1 d_final=0.0
 Retrying in 1 seconds
[shaping_diag] success_cum_shaping=282.39 T=129 d_init=94.1 d_final=0.0
 Retrying in 1 seconds
[shaping_diag] success_cum_shaping=282.39 T=215 d_init=94.1 d_final=0.0
 Retrying in 1 seconds
[shaping_diag] success_cum_shaping=282.39 T=172 d_init=94.1 d_final=0.0
 Retrying in 1 seconds
[shaping_diag] success_cum_shaping=282.39 T=147 d_init=94.1 d_final=0.0
 Retrying in 1 seconds
[shaping_diag] success_cum_shaping=282.39 T=207 d_init=94.1 d_final=0.0
 Retrying in 1 seconds
[shaping_diag] success_cum_shaping=282.39 T=165 d_init=94.1 d_final=0.0
 Retrying in 1 seconds
[shaping_diag] success_cum_shaping=282.39 T=143 d_init=94.1 d_final=0.0
 Retrying in 1 seconds
[shaping_diag] success_cum_shaping=282.39 T=188 d_init=94.1 d_final=0.0
 Retrying in 1 seconds
[shaping_diag] success_cum_shaping=282.39 T=150 d_init=94.1 d_final=0.0
 Retrying in 1 seconds
[shaping_diag] success_cum_shaping=282.39 T=191 d_init=94.1 d_final=0.0
 Retrying in 1 seconds
[shaping_diag] success_cum_shaping=282.39 T=198 d_init=94.1 d_final=0.0
Warning: Vehicle 'ego'; collision with vehicle 'other', lane='right_out_0', gap=-0.51, time=10.60 stage=move.
 Retrying in 1 seconds
 Retrying in 1 seconds
[shaping_diag] success_cum_shaping=282.39 T=145 d_init=94.1 d_final=0.0
 Retrying in 1 seconds
[shaping_diag] success_cum_shaping=282.39 T=208 d_init=94.1 d_final=0.0
 Retrying in 1 seconds
[shaping_diag] success_cum_shaping=282.39 T=220 d_init=94.1 d_final=0.0
 Retrying in 1 seconds
 Retrying in 1 seconds
 Retrying in 1 seconds
[shaping_diag] success_cum_shaping=282.39 T=156 d_init=94.1 d_final=0.0
 Retrying in 1 seconds
[shaping_diag] success_cum_shaping=282.39 T=119 d_init=94.1 d_final=0.0
 Retrying in 1 seconds
[shaping_diag] success_cum_shaping=282.39 T=165 d_init=94.1 d_final=0.0
 Retrying in 1 seconds
[shaping_diag] success_cum_shaping=282.39 T=187 d_init=94.1 d_final=0.0
 Retrying in 1 seconds
[shaping_diag] success_cum_shaping=282.39 T=116 d_init=94.1 d_final=0.0
 Retrying in 1 seconds
[shaping_diag] success_cum_shaping=282.39 T=138 d_init=94.1 d_final=0.0
 Retrying in 1 seconds
[shaping_diag] success_cum_shaping=282.39 T=122 d_init=94.1 d_final=0.0
 Retrying in 1 seconds
[shaping_diag] success_cum_shaping=282.39 T=156 d_init=94.1 d_final=0.0
 Retrying in 1 seconds
[shaping_diag] success_cum_shaping=282.39 T=208 d_init=94.1 d_final=0.0
 Retrying in 1 seconds
[shaping_diag] success_cum_shaping=282.39 T=129 d_init=94.1 d_final=0.0
 Retrying in 1 seconds
[shaping_diag] success_cum_shaping=282.39 T=134 d_init=94.1 d_final=0.0
 Retrying in 1 seconds
[shaping_diag] success_cum_shaping=282.39 T=133 d_init=94.1 d_final=0.0
 Retrying in 1 seconds
[shaping_diag] success_cum_shaping=282.39 T=149 d_init=94.1 d_final=0.0
 Retrying in 1 seconds
[shaping_diag] success_cum_shaping=282.39 T=158 d_init=94.1 d_final=0.0
 Retrying in 1 seconds
[shaping_diag] success_cum_shaping=282.39 T=136 d_init=94.1 d_final=0.0
 Retrying in 1 seconds
[shaping_diag] success_cum_shaping=282.39 T=204 d_init=94.1 d_final=0.0
 Retrying in 1 seconds
[shaping_diag] success_cum_shaping=282.39 T=137 d_init=94.1 d_final=0.0
 Retrying in 1 seconds
[shaping_diag] success_cum_shaping=282.39 T=134 d_init=94.1 d_final=0.0
Warning: Vehicle 'ego'; collision with vehicle 'other2', lane='right_out_0', gap=-0.93, time=10.70 stage=move.
 Retrying in 1 seconds
 Retrying in 1 seconds
[shaping_diag] success_cum_shaping=282.39 T=136 d_init=94.1 d_final=0.0
 Retrying in 1 seconds
[shaping_diag] success_cum_shaping=282.39 T=135 d_init=94.1 d_final=0.0
 Retrying in 1 seconds
[shaping_diag] success_cum_shaping=282.39 T=133 d_init=94.1 d_final=0.0
 Retrying in 1 seconds
[shaping_diag] success_cum_shaping=282.39 T=125 d_init=94.1 d_final=0.0
 Retrying in 1 seconds
[shaping_diag] success_cum_shaping=282.39 T=135 d_init=94.1 d_final=0.0
 Retrying in 1 seconds
[shaping_diag] success_cum_shaping=282.39 T=115 d_init=94.1 d_final=0.0
 Retrying in 1 seconds
[shaping_diag] success_cum_shaping=282.39 T=153 d_init=94.1 d_final=0.0
Warning: Vehicle 'other' performs emergency braking on lane ':center_8_0' with decel=9.00, wished=4.00, severity=1.00, time=9.10.
Warning: Vehicle 'ego'; junction collision with vehicle 'other', lane=':center_4_0', gap=-1.00, time=9.50 stage=move.
 Retrying in 1 seconds
 Retrying in 1 seconds
[shaping_diag] success_cum_shaping=282.39 T=125 d_init=94.1 d_final=0.0
 Retrying in 1 seconds
 Retrying in 1 seconds
[shaping_diag] success_cum_shaping=282.39 T=172 d_init=94.1 d_final=0.0
 Retrying in 1 seconds
[shaping_diag] success_cum_shaping=282.39 T=123 d_init=94.1 d_final=0.0
 Retrying in 1 seconds
[shaping_diag] success_cum_shaping=282.39 T=136 d_init=94.1 d_final=0.0
 Retrying in 1 seconds
[shaping_diag] success_cum_shaping=282.39 T=164 d_init=94.1 d_final=0.0
 Retrying in 1 seconds
[shaping_diag] success_cum_shaping=282.39 T=115 d_init=94.1 d_final=0.0
Warning: Vehicle 'other2' performs emergency braking on lane ':center_8_0' with decel=9.00, wished=5.00, severity=1.00, time=9.60.
 Retrying in 1 seconds
 Retrying in 1 seconds
[shaping_diag] success_cum_shaping=282.39 T=183 d_init=94.1 d_final=0.0
 Retrying in 1 seconds
[shaping_diag] success_cum_shaping=282.39 T=123 d_init=94.1 d_final=0.0
 Retrying in 1 seconds
[shaping_diag] success_cum_shaping=282.39 T=140 d_init=94.1 d_final=0.0
 Retrying in 1 seconds
[shaping_diag] success_cum_shaping=282.39 T=114 d_init=94.1 d_final=0.0
 Retrying in 1 seconds
[shaping_diag] success_cum_shaping=282.39 T=208 d_init=94.1 d_final=0.0
 Retrying in 1 seconds
[shaping_diag] success_cum_shaping=282.39 T=121 d_init=94.1 d_final=0.0
 Retrying in 1 seconds
[shaping_diag] success_cum_shaping=282.39 T=132 d_init=94.1 d_final=0.0
 Retrying in 1 seconds
[shaping_diag] success_cum_shaping=282.39 T=117 d_init=94.1 d_final=0.0
Warning: Vehicle 'other2' performs emergency braking on lane ':center_8_0' with decel=9.00, wished=5.00, severity=1.00, time=9.80.
 Retrying in 1 seconds
 Retrying in 1 seconds
[shaping_diag] success_cum_shaping=282.39 T=124 d_init=94.1 d_final=0.0
 Retrying in 1 seconds
[shaping_diag] success_cum_shaping=282.39 T=118 d_init=94.1 d_final=0.0
Warning: Vehicle 'other2' performs emergency braking on lane ':center_8_0' with decel=9.00, wished=4.00, severity=1.00, time=11.70.
 Retrying in 1 seconds
 Retrying in 1 seconds
[shaping_diag] success_cum_shaping=282.39 T=125 d_init=94.1 d_final=0.0
 Retrying in 1 seconds
[shaping_diag] success_cum_shaping=282.39 T=118 d_init=94.1 d_final=0.0
 Retrying in 1 seconds
[shaping_diag] success_cum_shaping=282.39 T=136 d_init=94.1 d_final=0.0
 Retrying in 1 seconds
[shaping_diag] success_cum_shaping=282.39 T=128 d_init=94.1 d_final=0.0
 Retrying in 1 seconds
[shaping_diag] success_cum_shaping=282.39 T=132 d_init=94.1 d_final=0.0
Warning: Vehicle 'other' performs emergency braking on lane ':center_8_0' with decel=9.00, wished=5.00, severity=1.00, time=8.20.
 Retrying in 1 seconds
[shaping_diag] success_cum_shaping=282.39 T=117 d_init=94.1 d_final=0.0
Warning: Vehicle 'other2' performs emergency braking on lane ':center_8_0' with decel=9.00, wished=5.00, severity=1.00, time=9.60.
 Retrying in 1 seconds
[shaping_diag] success_cum_shaping=282.39 T=131 d_init=94.1 d_final=0.0
Warning: Vehicle 'other2' performs emergency braking on lane ':center_8_0' with decel=9.00, wished=5.00, severity=1.00, time=9.80.
 Retrying in 1 seconds
[shaping_diag] success_cum_shaping=282.39 T=131 d_init=94.1 d_final=0.0
 Retrying in 1 seconds
[shaping_diag] success_cum_shaping=282.39 T=135 d_init=94.1 d_final=0.0
 Retrying in 1 seconds
[shaping_diag] success_cum_shaping=282.39 T=129 d_init=94.1 d_final=0.0
 Retrying in 1 seconds
[shaping_diag] success_cum_shaping=282.39 T=126 d_init=94.1 d_final=0.0
 Retrying in 1 seconds
[shaping_diag] success_cum_shaping=282.39 T=128 d_init=94.1 d_final=0.0
 Retrying in 1 seconds
[shaping_diag] success_cum_shaping=282.39 T=132 d_init=94.1 d_final=0.0
 Retrying in 1 seconds
 Retrying in 1 seconds
[shaping_diag] success_cum_shaping=282.39 T=122 d_init=94.1 d_final=0.0
 Retrying in 1 seconds
[shaping_diag] success_cum_shaping=282.39 T=114 d_init=94.1 d_final=0.0
 Retrying in 1 seconds
[shaping_diag] success_cum_shaping=282.39 T=136 d_init=94.1 d_final=0.0
 Retrying in 1 seconds
[shaping_diag] success_cum_shaping=282.39 T=118 d_init=94.1 d_final=0.0
 Retrying in 1 seconds
[shaping_diag] success_cum_shaping=282.39 T=113 d_init=94.1 d_final=0.0
 Retrying in 1 seconds
[shaping_diag] success_cum_shaping=282.39 T=119 d_init=94.1 d_final=0.0
 Retrying in 1 seconds
[shaping_diag] success_cum_shaping=282.39 T=112 d_init=94.1 d_final=0.0
 Retrying in 1 seconds
[shaping_diag] success_cum_shaping=282.39 T=112 d_init=94.1 d_final=0.0
 Retrying in 1 seconds
[shaping_diag] success_cum_shaping=282.39 T=142 d_init=94.1 d_final=0.0
 Retrying in 1 seconds
[shaping_diag] success_cum_shaping=282.39 T=113 d_init=94.1 d_final=0.0
 Retrying in 1 seconds
[shaping_diag] success_cum_shaping=282.39 T=113 d_init=94.1 d_final=0.0
Warning: Vehicle 'other' performs emergency braking on lane ':center_8_0' with decel=9.00, wished=4.00, severity=1.00, time=9.20.
Warning: Vehicle 'other'; junction collision with vehicle 'ego', lane=':center_8_0', gap=-1.00, time=9.60 stage=move.
 Retrying in 1 seconds
 Retrying in 1 seconds
[shaping_diag] success_cum_shaping=282.39 T=117 d_init=94.1 d_final=0.0
 Retrying in 1 seconds
[shaping_diag] success_cum_shaping=282.39 T=121 d_init=94.1 d_final=0.0
 Retrying in 1 seconds
[shaping_diag] success_cum_shaping=282.39 T=181 d_init=94.1 d_final=0.0
 Retrying in 1 seconds
[shaping_diag] success_cum_shaping=282.39 T=123 d_init=94.1 d_final=0.0
 Retrying in 1 seconds
[shaping_diag] success_cum_shaping=282.39 T=113 d_init=94.1 d_final=0.0
 Retrying in 1 seconds
[shaping_diag] success_cum_shaping=282.39 T=156 d_init=94.1 d_final=0.0
 Retrying in 1 seconds
[shaping_diag] success_cum_shaping=282.39 T=113 d_init=94.1 d_final=0.0
 Retrying in 1 seconds
[shaping_diag] success_cum_shaping=282.39 T=171 d_init=94.1 d_final=0.0
 Retrying in 1 seconds
[shaping_diag] success_cum_shaping=282.39 T=118 d_init=94.1 d_final=0.0
 Retrying in 1 seconds
[shaping_diag] success_cum_shaping=282.39 T=125 d_init=94.1 d_final=0.0
 Retrying in 1 seconds
[shaping_diag] success_cum_shaping=282.39 T=190 d_init=94.1 d_final=0.0
 Retrying in 1 seconds
[shaping_diag] success_cum_shaping=282.39 T=115 d_init=94.1 d_final=0.0
Warning: Vehicle 'ego'; junction collision with vehicle 'other2', lane=':center_4_0', gap=-1.00, time=11.30 stage=move.
Warning: Vehicle 'other' performs emergency braking on lane ':center_8_0' with decel=9.00, wished=5.00, severity=1.00, time=8.00.
 Retrying in 1 seconds
 Retrying in 1 seconds
 Retrying in 1 seconds
[shaping_diag] success_cum_shaping=282.39 T=111 d_init=94.1 d_final=0.0
 Retrying in 1 seconds
[shaping_diag] success_cum_shaping=282.39 T=118 d_init=94.1 d_final=0.0
 Retrying in 1 seconds
[shaping_diag] success_cum_shaping=282.39 T=135 d_init=94.1 d_final=0.0
 Retrying in 1 seconds
[shaping_diag] success_cum_shaping=282.39 T=130 d_init=94.1 d_final=0.0
 Retrying in 1 seconds
[shaping_diag] success_cum_shaping=282.39 T=112 d_init=94.1 d_final=0.0
 Retrying in 1 seconds
[shaping_diag] success_cum_shaping=282.39 T=150 d_init=94.1 d_final=0.0
Warning: Vehicle 'other2' performs emergency braking on lane ':center_8_0' with decel=9.00, wished=6.00, severity=1.00, time=8.40.
 Retrying in 1 seconds
 Retrying in 1 seconds
 Retrying in 1 seconds
[shaping_diag] success_cum_shaping=282.39 T=110 d_init=94.1 d_final=0.0
Warning: Vehicle 'ego'; collision with vehicle 'other', lane='right_out_0', gap=-0.05, time=8.80 stage=move.
 Retrying in 1 seconds
 Retrying in 1 seconds
[shaping_diag] success_cum_shaping=282.39 T=123 d_init=94.1 d_final=0.0
Warning: Vehicle 'other' performs emergency braking on lane ':center_8_0' with decel=9.00, wished=5.00, severity=1.00, time=8.10.
 Retrying in 1 seconds
 Retrying in 1 seconds
[shaping_diag] success_cum_shaping=282.39 T=114 d_init=94.1 d_final=0.0
 Retrying in 1 seconds
[shaping_diag] success_cum_shaping=282.39 T=143 d_init=94.1 d_final=0.0
 Retrying in 1 seconds
[shaping_diag] success_cum_shaping=282.39 T=125 d_init=94.1 d_final=0.0
 Retrying in 1 seconds
[shaping_diag] success_cum_shaping=282.39 T=112 d_init=94.1 d_final=0.0
 Retrying in 1 seconds
[shaping_diag] success_cum_shaping=282.39 T=187 d_init=94.1 d_final=0.0
 Retrying in 1 seconds
[shaping_diag] success_cum_shaping=282.39 T=124 d_init=94.1 d_final=0.0
 Retrying in 1 seconds
[shaping_diag] success_cum_shaping=282.39 T=116 d_init=94.1 d_final=0.0
 Retrying in 1 seconds
[shaping_diag] success_cum_shaping=282.39 T=118 d_init=94.1 d_final=0.0
Warning: Vehicle 'other' performs emergency braking on lane ':center_8_0' with decel=9.00, wished=4.00, severity=1.00, time=8.80.
 Retrying in 1 seconds
[shaping_diag] success_cum_shaping=282.39 T=121 d_init=94.1 d_final=0.0
 Retrying in 1 seconds
[shaping_diag] success_cum_shaping=282.39 T=114 d_init=94.1 d_final=0.0
 Retrying in 1 seconds
[shaping_diag] success_cum_shaping=282.39 T=185 d_init=94.1 d_final=0.0
 Retrying in 1 seconds
[shaping_diag] success_cum_shaping=282.39 T=110 d_init=94.1 d_final=0.0
 Retrying in 1 seconds
[shaping_diag] success_cum_shaping=282.39 T=114 d_init=94.1 d_final=0.0
 Retrying in 1 seconds
[shaping_diag] success_cum_shaping=282.39 T=112 d_init=94.1 d_final=0.0
Warning: Vehicle 'ego'; collision with vehicle 'other', lane='right_out_0', gap=-1.20, time=8.70 stage=move.
 Retrying in 1 seconds
 Retrying in 1 seconds
[shaping_diag] success_cum_shaping=282.39 T=119 d_init=94.1 d_final=0.0
 Retrying in 1 seconds
[shaping_diag] success_cum_shaping=282.39 T=113 d_init=94.1 d_final=0.0
 Retrying in 1 seconds
[shaping_diag] success_cum_shaping=282.39 T=122 d_init=94.1 d_final=0.0
 Retrying in 1 seconds
[shaping_diag] success_cum_shaping=282.39 T=110 d_init=94.1 d_final=0.0
 Retrying in 1 seconds
[shaping_diag] success_cum_shaping=282.39 T=112 d_init=94.1 d_final=0.0
 Retrying in 1 seconds
 Retrying in 1 seconds
[shaping_diag] success_cum_shaping=282.39 T=117 d_init=94.1 d_final=0.0
 Retrying in 1 seconds
[shaping_diag] success_cum_shaping=282.39 T=116 d_init=94.1 d_final=0.0
 Retrying in 1 seconds
[shaping_diag] success_cum_shaping=282.39 T=124 d_init=94.1 d_final=0.0
 Retrying in 1 seconds
[shaping_diag] success_cum_shaping=282.39 T=121 d_init=94.1 d_final=0.0
 Retrying in 1 seconds
[shaping_diag] success_cum_shaping=282.39 T=119 d_init=94.1 d_final=0.0
 Retrying in 1 seconds
[shaping_diag] success_cum_shaping=282.39 T=129 d_init=94.1 d_final=0.0
 Retrying in 1 seconds
[shaping_diag] success_cum_shaping=282.39 T=114 d_init=94.1 d_final=0.0
 Retrying in 1 seconds
[shaping_diag] success_cum_shaping=282.39 T=110 d_init=94.1 d_final=0.0
 Retrying in 1 seconds
 Retrying in 1 seconds
[shaping_diag] success_cum_shaping=282.39 T=107 d_init=94.1 d_final=0.0
 Retrying in 1 seconds
[shaping_diag] success_cum_shaping=282.39 T=109 d_init=94.1 d_final=0.0
 Retrying in 1 seconds
[shaping_diag] success_cum_shaping=282.39 T=110 d_init=94.1 d_final=0.0
 Retrying in 1 seconds
[shaping_diag] success_cum_shaping=282.39 T=112 d_init=94.1 d_final=0.0
 Retrying in 1 seconds
[shaping_diag] success_cum_shaping=282.39 T=119 d_init=94.1 d_final=0.0
 Retrying in 1 seconds
[shaping_diag] success_cum_shaping=282.39 T=107 d_init=94.1 d_final=0.0
 Retrying in 1 seconds
[shaping_diag] success_cum_shaping=282.39 T=126 d_init=94.1 d_final=0.0
 Retrying in 1 seconds
[shaping_diag] success_cum_shaping=282.39 T=112 d_init=94.1 d_final=0.0
 Retrying in 1 seconds
[shaping_diag] success_cum_shaping=282.39 T=128 d_init=94.1 d_final=0.0
 Retrying in 1 seconds
[shaping_diag] success_cum_shaping=282.39 T=125 d_init=94.1 d_final=0.0
 Retrying in 1 seconds
[shaping_diag] success_cum_shaping=282.39 T=114 d_init=94.1 d_final=0.0
 Retrying in 1 seconds
[shaping_diag] success_cum_shaping=282.39 T=134 d_init=94.1 d_final=0.0
 Retrying in 1 seconds
[shaping_diag] success_cum_shaping=282.39 T=112 d_init=94.1 d_final=0.0
 Retrying in 1 seconds
[shaping_diag] success_cum_shaping=282.39 T=134 d_init=94.1 d_final=0.0
 Retrying in 1 seconds
[shaping_diag] success_cum_shaping=282.39 T=107 d_init=94.1 d_final=0.0
 Retrying in 1 seconds
[shaping_diag] success_cum_shaping=282.39 T=118 d_init=94.1 d_final=0.0
 Retrying in 1 seconds
[shaping_diag] success_cum_shaping=282.39 T=120 d_init=94.1 d_final=0.0
 Retrying in 1 seconds
[shaping_diag] success_cum_shaping=282.39 T=116 d_init=94.1 d_final=0.0
 Retrying in 1 seconds
[shaping_diag] success_cum_shaping=282.39 T=106 d_init=94.1 d_final=0.0
 Retrying in 1 seconds
[shaping_diag] success_cum_shaping=282.39 T=110 d_init=94.1 d_final=0.0
 Retrying in 1 seconds
[shaping_diag] success_cum_shaping=282.39 T=113 d_init=94.1 d_final=0.0
 Retrying in 1 seconds
[shaping_diag] success_cum_shaping=282.39 T=149 d_init=94.1 d_final=0.0
 Retrying in 1 seconds
[shaping_diag] success_cum_shaping=282.39 T=112 d_init=94.1 d_final=0.0
 Retrying in 1 seconds
[shaping_diag] success_cum_shaping=282.39 T=114 d_init=94.1 d_final=0.0
 Retrying in 1 seconds
[shaping_diag] success_cum_shaping=282.39 T=112 d_init=94.1 d_final=0.0
 Retrying in 1 seconds
[shaping_diag] success_cum_shaping=282.39 T=130 d_init=94.1 d_final=0.0
 Retrying in 1 seconds
[shaping_diag] success_cum_shaping=282.39 T=113 d_init=94.1 d_final=0.0
 Retrying in 1 seconds
[shaping_diag] success_cum_shaping=282.39 T=110 d_init=94.1 d_final=0.0
 Retrying in 1 seconds
[shaping_diag] success_cum_shaping=282.39 T=116 d_init=94.1 d_final=0.0
 Retrying in 1 seconds
[shaping_diag] success_cum_shaping=282.39 T=108 d_init=94.1 d_final=0.0
Warning: Vehicle 'ego'; collision with vehicle 'other', lane='right_out_0', gap=-1.78, time=7.80 stage=move.
Warning: Vehicle 'other' performs emergency braking on lane ':center_8_0' with decel=9.00, wished=3.00, severity=1.00, time=9.00.
 Retrying in 1 seconds
 Retrying in 1 seconds
[shaping_diag] success_cum_shaping=282.39 T=124 d_init=94.1 d_final=0.0
 Retrying in 1 seconds
[shaping_diag] success_cum_shaping=282.39 T=117 d_init=94.1 d_final=0.0
 Retrying in 1 seconds
[shaping_diag] success_cum_shaping=282.39 T=112 d_init=94.1 d_final=0.0
 Retrying in 1 seconds
[shaping_diag] success_cum_shaping=282.39 T=110 d_init=94.1 d_final=0.0
 Retrying in 1 seconds
 Retrying in 1 seconds
[shaping_diag] success_cum_shaping=282.39 T=102 d_init=94.1 d_final=0.0
 Retrying in 1 seconds
[shaping_diag] success_cum_shaping=282.39 T=102 d_init=94.1 d_final=0.0
 Retrying in 1 seconds
[shaping_diag] success_cum_shaping=282.39 T=102 d_init=94.1 d_final=0.0
 Retrying in 1 seconds
[shaping_diag] success_cum_shaping=282.39 T=102 d_init=94.1 d_final=0.0
 Retrying in 1 seconds
[shaping_diag] success_cum_shaping=282.39 T=102 d_init=94.1 d_final=0.0
 Retrying in 1 seconds
[shaping_diag] success_cum_shaping=282.39 T=102 d_init=94.1 d_final=0.0
 Retrying in 1 seconds
[shaping_diag] success_cum_shaping=282.39 T=102 d_init=94.1 d_final=0.0
 Retrying in 1 seconds
[shaping_diag] success_cum_shaping=282.39 T=102 d_init=94.1 d_final=0.0
Warning: Vehicle 'other' performs emergency braking on lane ':center_8_0' with decel=9.00, wished=5.00, severity=1.00, time=7.10.
 Retrying in 1 seconds
[shaping_diag] success_cum_shaping=282.39 T=102 d_init=94.1 d_final=0.0
 Retrying in 1 seconds
[shaping_diag] success_cum_shaping=282.39 T=102 d_init=94.1 d_final=0.0
[cbf_aux] step=126976 ret=337.63 coll=0 ttc=5.36 cbf_res=0.0000
 Retrying in 1 seconds
[shaping_diag] success_cum_shaping=282.39 T=112 d_init=94.1 d_final=0.0
 Retrying in 1 seconds
[shaping_diag] success_cum_shaping=282.39 T=117 d_init=94.1 d_final=0.0
 Retrying in 1 seconds
[shaping_diag] success_cum_shaping=282.39 T=116 d_init=94.1 d_final=0.0
 Retrying in 1 seconds
[shaping_diag] success_cum_shaping=282.39 T=116 d_init=94.1 d_final=0.0
 Retrying in 1 seconds
[shaping_diag] success_cum_shaping=282.39 T=110 d_init=94.1 d_final=0.0
 Retrying in 1 seconds
[shaping_diag] success_cum_shaping=282.39 T=115 d_init=94.1 d_final=0.0
 Retrying in 1 seconds
[shaping_diag] success_cum_shaping=282.39 T=108 d_init=94.1 d_final=0.0
 Retrying in 1 seconds
[shaping_diag] success_cum_shaping=282.39 T=109 d_init=94.1 d_final=0.0
 Retrying in 1 seconds
[shaping_diag] success_cum_shaping=282.39 T=112 d_init=94.1 d_final=0.0
 Retrying in 1 seconds
[shaping_diag] success_cum_shaping=282.39 T=114 d_init=94.1 d_final=0.0
Warning: Vehicle 'other2' performs emergency braking on lane ':center_8_0' with decel=9.00, wished=6.00, severity=1.00, time=8.70.
 Retrying in 1 seconds
[shaping_diag] success_cum_shaping=282.39 T=120 d_init=94.1 d_final=0.0
 Retrying in 1 seconds
[shaping_diag] success_cum_shaping=282.39 T=116 d_init=94.1 d_final=0.0
 Retrying in 1 seconds
[shaping_diag] success_cum_shaping=282.39 T=105 d_init=94.1 d_final=0.0
 Retrying in 1 seconds
[shaping_diag] success_cum_shaping=282.39 T=107 d_init=94.1 d_final=0.0
 Retrying in 1 seconds
[shaping_diag] success_cum_shaping=282.39 T=110 d_init=94.1 d_final=0.0
 Retrying in 1 seconds
[shaping_diag] success_cum_shaping=282.39 T=123 d_init=94.1 d_final=0.0
Warning: Vehicle 'other' performs emergency braking on lane ':center_8_0' with decel=9.00, wished=5.00, severity=1.00, time=7.70.
 Retrying in 1 seconds
[shaping_diag] success_cum_shaping=282.39 T=110 d_init=94.1 d_final=0.0
 Retrying in 1 seconds
[shaping_diag] success_cum_shaping=282.39 T=120 d_init=94.1 d_final=0.0
Warning: Vehicle 'other2' performs emergency braking on lane ':center_8_0' with decel=9.00, wished=7.00, severity=1.00, time=8.60.
 Retrying in 1 seconds
[shaping_diag] success_cum_shaping=282.39 T=119 d_init=94.1 d_final=0.0
 Retrying in 1 seconds
[shaping_diag] success_cum_shaping=282.39 T=108 d_init=94.1 d_final=0.0
 Retrying in 1 seconds
[shaping_diag] success_cum_shaping=282.39 T=116 d_init=94.1 d_final=0.0
 Retrying in 1 seconds
[shaping_diag] success_cum_shaping=282.39 T=134 d_init=94.1 d_final=0.0
 Retrying in 1 seconds
[shaping_diag] success_cum_shaping=282.39 T=110 d_init=94.1 d_final=0.0
 Retrying in 1 seconds
[shaping_diag] success_cum_shaping=282.39 T=110 d_init=94.1 d_final=0.0
Warning: Vehicle 'ego'; junction collision with vehicle 'other', lane=':center_4_0', gap=-1.00, time=8.50 stage=move.
 Retrying in 1 seconds
 Retrying in 1 seconds
[shaping_diag] success_cum_shaping=282.39 T=117 d_init=94.1 d_final=0.0
 Retrying in 1 seconds
[shaping_diag] success_cum_shaping=282.39 T=108 d_init=94.1 d_final=0.0
 Retrying in 1 seconds
[shaping_diag] success_cum_shaping=282.39 T=113 d_init=94.1 d_final=0.0
 Retrying in 1 seconds
[shaping_diag] success_cum_shaping=282.39 T=117 d_init=94.1 d_final=0.0
 Retrying in 1 seconds
[shaping_diag] success_cum_shaping=282.39 T=109 d_init=94.1 d_final=0.0
 Retrying in 1 seconds
[shaping_diag] success_cum_shaping=282.39 T=113 d_init=94.1 d_final=0.0
 Retrying in 1 seconds
[shaping_diag] success_cum_shaping=282.39 T=107 d_init=94.1 d_final=0.0
 Retrying in 1 seconds
[shaping_diag] success_cum_shaping=282.39 T=115 d_init=94.1 d_final=0.0
 Retrying in 1 seconds
[shaping_diag] success_cum_shaping=282.39 T=109 d_init=94.1 d_final=0.0
 Retrying in 1 seconds
[shaping_diag] success_cum_shaping=282.39 T=114 d_init=94.1 d_final=0.0
 Retrying in 1 seconds
[shaping_diag] success_cum_shaping=282.39 T=112 d_init=94.1 d_final=0.0
 Retrying in 1 seconds
 Retrying in 1 seconds
[shaping_diag] success_cum_shaping=282.39 T=106 d_init=94.1 d_final=0.0
 Retrying in 1 seconds
[shaping_diag] success_cum_shaping=282.39 T=107 d_init=94.1 d_final=0.0
 Retrying in 1 seconds
[shaping_diag] success_cum_shaping=282.39 T=117 d_init=94.1 d_final=0.0
 Retrying in 1 seconds
[shaping_diag] success_cum_shaping=282.39 T=114 d_init=94.1 d_final=0.0
 Retrying in 1 seconds
[shaping_diag] success_cum_shaping=282.39 T=110 d_init=94.1 d_final=0.0
 Retrying in 1 seconds
[shaping_diag] success_cum_shaping=282.39 T=102 d_init=94.1 d_final=0.0
 Retrying in 1 seconds
[shaping_diag] success_cum_shaping=282.39 T=108 d_init=94.1 d_final=0.0
 Retrying in 1 seconds
[shaping_diag] success_cum_shaping=282.39 T=110 d_init=94.1 d_final=0.0
 Retrying in 1 seconds
[shaping_diag] success_cum_shaping=282.39 T=104 d_init=94.1 d_final=0.0
 Retrying in 1 seconds
[shaping_diag] success_cum_shaping=282.39 T=113 d_init=94.1 d_final=0.0
 Retrying in 1 seconds
[shaping_diag] success_cum_shaping=282.39 T=105 d_init=94.1 d_final=0.0
Warning: Vehicle 'other' performs emergency braking on lane ':center_8_0' with decel=9.00, wished=4.00, severity=1.00, time=8.50.
 Retrying in 1 seconds
[shaping_diag] success_cum_shaping=282.39 T=117 d_init=94.1 d_final=0.0
 Retrying in 1 seconds
[shaping_diag] success_cum_shaping=282.39 T=110 d_init=94.1 d_final=0.0
 Retrying in 1 seconds
[shaping_diag] success_cum_shaping=282.39 T=109 d_init=94.1 d_final=0.0
 Retrying in 1 seconds
[shaping_diag] success_cum_shaping=282.39 T=107 d_init=94.1 d_final=0.0
 Retrying in 1 seconds
[shaping_diag] success_cum_shaping=282.39 T=106 d_init=94.1 d_final=0.0
 Retrying in 1 seconds
[shaping_diag] success_cum_shaping=282.39 T=109 d_init=94.1 d_final=0.0
 Retrying in 1 seconds
[shaping_diag] success_cum_shaping=282.39 T=108 d_init=94.1 d_final=0.0
Warning: Vehicle 'other' performs emergency braking on lane ':center_8_0' with decel=9.00, wished=5.00, severity=1.00, time=7.30.
 Retrying in 1 seconds
[shaping_diag] success_cum_shaping=282.39 T=105 d_init=94.1 d_final=0.0
 Retrying in 1 seconds
[shaping_diag] success_cum_shaping=282.39 T=104 d_init=94.1 d_final=0.0
 Retrying in 1 seconds
[shaping_diag] success_cum_shaping=282.39 T=109 d_init=94.1 d_final=0.0
 Retrying in 1 seconds
[shaping_diag] success_cum_shaping=282.39 T=109 d_init=94.1 d_final=0.0
 Retrying in 1 seconds
[shaping_diag] success_cum_shaping=282.39 T=110 d_init=94.1 d_final=0.0
 Retrying in 1 seconds
 Retrying in 1 seconds
[shaping_diag] success_cum_shaping=282.39 T=108 d_init=94.1 d_final=0.0
 Retrying in 1 seconds
[shaping_diag] success_cum_shaping=282.39 T=107 d_init=94.1 d_final=0.0
 Retrying in 1 seconds
[shaping_diag] success_cum_shaping=282.39 T=109 d_init=94.1 d_final=0.0
 Retrying in 1 seconds
[shaping_diag] success_cum_shaping=282.39 T=112 d_init=94.1 d_final=0.0
 Retrying in 1 seconds
[shaping_diag] success_cum_shaping=282.39 T=111 d_init=94.1 d_final=0.0
 Retrying in 1 seconds
[shaping_diag] success_cum_shaping=282.39 T=108 d_init=94.1 d_final=0.0
 Retrying in 1 seconds
[shaping_diag] success_cum_shaping=282.39 T=107 d_init=94.1 d_final=0.0
 Retrying in 1 seconds
[shaping_diag] success_cum_shaping=282.39 T=106 d_init=94.1 d_final=0.0
 Retrying in 1 seconds
[shaping_diag] success_cum_shaping=282.39 T=107 d_init=94.1 d_final=0.0
 Retrying in 1 seconds
[shaping_diag] success_cum_shaping=282.39 T=116 d_init=94.1 d_final=0.0
 Retrying in 1 seconds
[shaping_diag] success_cum_shaping=282.39 T=107 d_init=94.1 d_final=0.0
 Retrying in 1 seconds
[shaping_diag] success_cum_shaping=282.39 T=108 d_init=94.1 d_final=0.0
 Retrying in 1 seconds
[shaping_diag] success_cum_shaping=282.39 T=116 d_init=94.1 d_final=0.0
 Retrying in 1 seconds
 Retrying in 1 seconds
[shaping_diag] success_cum_shaping=282.39 T=106 d_init=94.1 d_final=0.0
 Retrying in 1 seconds
[shaping_diag] success_cum_shaping=282.39 T=104 d_init=94.1 d_final=0.0
 Retrying in 1 seconds
[shaping_diag] success_cum_shaping=282.39 T=108 d_init=94.1 d_final=0.0
 Retrying in 1 seconds
[shaping_diag] success_cum_shaping=282.39 T=119 d_init=94.1 d_final=0.0
 Retrying in 1 seconds
[shaping_diag] success_cum_shaping=282.39 T=107 d_init=94.1 d_final=0.0
 Retrying in 1 seconds
[shaping_diag] success_cum_shaping=282.39 T=103 d_init=94.1 d_final=0.0
 Retrying in 1 seconds
 Retrying in 1 seconds
[shaping_diag] success_cum_shaping=282.39 T=104 d_init=94.1 d_final=0.0
 Retrying in 1 seconds
[shaping_diag] success_cum_shaping=282.39 T=108 d_init=94.1 d_final=0.0
 Retrying in 1 seconds
[shaping_diag] success_cum_shaping=282.39 T=105 d_init=94.1 d_final=0.0
 Retrying in 1 seconds
[shaping_diag] success_cum_shaping=282.39 T=105 d_init=94.1 d_final=0.0
 Retrying in 1 seconds
[shaping_diag] success_cum_shaping=282.39 T=112 d_init=94.1 d_final=0.0
 Retrying in 1 seconds
[shaping_diag] success_cum_shaping=282.39 T=106 d_init=94.1 d_final=0.0
 Retrying in 1 seconds
[shaping_diag] success_cum_shaping=282.39 T=105 d_init=94.1 d_final=0.0
 Retrying in 1 seconds
[shaping_diag] success_cum_shaping=282.39 T=105 d_init=94.1 d_final=0.0
 Retrying in 1 seconds
[shaping_diag] success_cum_shaping=282.39 T=105 d_init=94.1 d_final=0.0
Warning: Vehicle 'ego'; collision with vehicle 'other', lane='right_out_0', gap=-1.96, time=7.80 stage=move.
 Retrying in 1 seconds
 Retrying in 1 seconds
 Retrying in 1 seconds
[shaping_diag] success_cum_shaping=282.39 T=108 d_init=94.1 d_final=0.0
 Retrying in 1 seconds
[shaping_diag] success_cum_shaping=282.39 T=109 d_init=94.1 d_final=0.0
Warning: Vehicle 'ego'; collision with vehicle 'other', lane='right_out_0', gap=-1.75, time=8.00 stage=move.
 Retrying in 1 seconds
 Retrying in 1 seconds
[shaping_diag] success_cum_shaping=282.39 T=112 d_init=94.1 d_final=0.0
 Retrying in 1 seconds
[shaping_diag] success_cum_shaping=282.39 T=105 d_init=94.1 d_final=0.0
 Retrying in 1 seconds
[shaping_diag] success_cum_shaping=282.39 T=105 d_init=94.1 d_final=0.0
 Retrying in 1 seconds
[shaping_diag] success_cum_shaping=282.39 T=107 d_init=94.1 d_final=0.0
 Retrying in 1 seconds
[shaping_diag] success_cum_shaping=282.39 T=107 d_init=94.1 d_final=0.0
 Retrying in 1 seconds
[shaping_diag] success_cum_shaping=282.39 T=109 d_init=94.1 d_final=0.0
 Retrying in 1 seconds
[shaping_diag] success_cum_shaping=282.39 T=105 d_init=94.1 d_final=0.0
 Retrying in 1 seconds
[shaping_diag] success_cum_shaping=282.39 T=105 d_init=94.1 d_final=0.0
 Retrying in 1 seconds
[shaping_diag] success_cum_shaping=282.39 T=118 d_init=94.1 d_final=0.0
Warning: Vehicle 'other' performs emergency braking on lane ':center_8_0' with decel=9.00, wished=5.00, severity=1.00, time=7.60.
Warning: Vehicle 'ego'; junction collision with vehicle 'other', lane=':center_4_0', gap=-1.00, time=7.80 stage=move.
 Retrying in 1 seconds
 Retrying in 1 seconds
[shaping_diag] success_cum_shaping=282.39 T=119 d_init=94.1 d_final=0.0
 Retrying in 1 seconds
[shaping_diag] success_cum_shaping=282.39 T=116 d_init=94.1 d_final=0.0
 Retrying in 1 seconds
[shaping_diag] success_cum_shaping=282.39 T=106 d_init=94.1 d_final=0.0
 Retrying in 1 seconds
[shaping_diag] success_cum_shaping=282.39 T=108 d_init=94.1 d_final=0.0
 Retrying in 1 seconds
[shaping_diag] success_cum_shaping=282.39 T=106 d_init=94.1 d_final=0.0
 Retrying in 1 seconds
[shaping_diag] success_cum_shaping=282.39 T=105 d_init=94.1 d_final=0.0
 Retrying in 1 seconds
[shaping_diag] success_cum_shaping=282.39 T=110 d_init=94.1 d_final=0.0
 Retrying in 1 seconds
[shaping_diag] success_cum_shaping=282.39 T=106 d_init=94.1 d_final=0.0
 Retrying in 1 seconds
 Retrying in 1 seconds
[shaping_diag] success_cum_shaping=282.39 T=105 d_init=94.1 d_final=0.0
 Retrying in 1 seconds
[shaping_diag] success_cum_shaping=282.39 T=104 d_init=94.1 d_final=0.0
 Retrying in 1 seconds
[shaping_diag] success_cum_shaping=282.39 T=106 d_init=94.1 d_final=0.0
 Retrying in 1 seconds
[shaping_diag] success_cum_shaping=282.39 T=106 d_init=94.1 d_final=0.0
 Retrying in 1 seconds
[shaping_diag] success_cum_shaping=282.39 T=107 d_init=94.1 d_final=0.0
 Retrying in 1 seconds
[shaping_diag] success_cum_shaping=282.39 T=105 d_init=94.1 d_final=0.0
 Retrying in 1 seconds
[shaping_diag] success_cum_shaping=282.39 T=104 d_init=94.1 d_final=0.0
Warning: Vehicle 'other' performs emergency braking on lane ':center_8_0' with decel=9.00, wished=6.00, severity=1.00, time=7.40.
 Retrying in 1 seconds
 Retrying in 1 seconds
[shaping_diag] success_cum_shaping=282.39 T=107 d_init=94.1 d_final=0.0
 Retrying in 1 seconds
[shaping_diag] success_cum_shaping=282.39 T=105 d_init=94.1 d_final=0.0
 Retrying in 1 seconds
[shaping_diag] success_cum_shaping=282.39 T=107 d_init=94.1 d_final=0.0
 Retrying in 1 seconds
[shaping_diag] success_cum_shaping=282.39 T=105 d_init=94.1 d_final=0.0
Warning: Vehicle 'other' performs emergency braking on lane ':center_8_0' with decel=9.00, wished=5.00, severity=1.00, time=7.50.
 Retrying in 1 seconds
[shaping_diag] success_cum_shaping=282.39 T=108 d_init=94.1 d_final=0.0
 Retrying in 1 seconds
[shaping_diag] success_cum_shaping=282.39 T=103 d_init=94.1 d_final=0.0
 Retrying in 1 seconds
[shaping_diag] success_cum_shaping=282.39 T=105 d_init=94.1 d_final=0.0
 Retrying in 1 seconds
[shaping_diag] success_cum_shaping=282.39 T=106 d_init=94.1 d_final=0.0
Warning: Vehicle 'other' performs emergency braking on lane ':center_8_0' with decel=9.00, wished=5.00, severity=1.00, time=7.40.
 Retrying in 1 seconds
[shaping_diag] success_cum_shaping=282.39 T=106 d_init=94.1 d_final=0.0
 Retrying in 1 seconds
[shaping_diag] success_cum_shaping=282.39 T=106 d_init=94.1 d_final=0.0
 Retrying in 1 seconds
[shaping_diag] success_cum_shaping=282.39 T=106 d_init=94.1 d_final=0.0
 Retrying in 1 seconds
[shaping_diag] success_cum_shaping=282.39 T=103 d_init=94.1 d_final=0.0
 Retrying in 1 seconds
[shaping_diag] success_cum_shaping=282.39 T=103 d_init=94.1 d_final=0.0
 Retrying in 1 seconds
[shaping_diag] success_cum_shaping=282.39 T=104 d_init=94.1 d_final=0.0
 Retrying in 1 seconds
[shaping_diag] success_cum_shaping=282.39 T=110 d_init=94.1 d_final=0.0
 Retrying in 1 seconds
[shaping_diag] success_cum_shaping=282.39 T=108 d_init=94.1 d_final=0.0
 Retrying in 1 seconds
[shaping_diag] success_cum_shaping=282.39 T=105 d_init=94.1 d_final=0.0
 Retrying in 1 seconds
[shaping_diag] success_cum_shaping=282.39 T=107 d_init=94.1 d_final=0.0
 Retrying in 1 seconds
[shaping_diag] success_cum_shaping=282.39 T=105 d_init=94.1 d_final=0.0
 Retrying in 1 seconds
[shaping_diag] success_cum_shaping=282.39 T=105 d_init=94.1 d_final=0.0
 Retrying in 1 seconds
[shaping_diag] success_cum_shaping=282.39 T=107 d_init=94.1 d_final=0.0
Warning: Vehicle 'other' performs emergency braking on lane ':center_8_0' with decel=9.00, wished=7.00, severity=1.00, time=7.40.
 Retrying in 1 seconds
[shaping_diag] success_cum_shaping=282.39 T=105 d_init=94.1 d_final=0.0
 Retrying in 1 seconds
[shaping_diag] success_cum_shaping=282.39 T=108 d_init=94.1 d_final=0.0
 Retrying in 1 seconds
[shaping_diag] success_cum_shaping=282.39 T=114 d_init=94.1 d_final=0.0
 Retrying in 1 seconds
[shaping_diag] success_cum_shaping=282.39 T=106 d_init=94.1 d_final=0.0
 Retrying in 1 seconds
[shaping_diag] success_cum_shaping=282.39 T=103 d_init=94.1 d_final=0.0
 Retrying in 1 seconds
[shaping_diag] success_cum_shaping=282.39 T=105 d_init=94.1 d_final=0.0
 Retrying in 1 seconds
[shaping_diag] success_cum_shaping=282.39 T=110 d_init=94.1 d_final=0.0
 Retrying in 1 seconds
[shaping_diag] success_cum_shaping=282.39 T=105 d_init=94.1 d_final=0.0
 Retrying in 1 seconds
[shaping_diag] success_cum_shaping=282.39 T=105 d_init=94.1 d_final=0.0
 Retrying in 1 seconds
[shaping_diag] success_cum_shaping=282.39 T=103 d_init=94.1 d_final=0.0
 Retrying in 1 seconds
 Retrying in 1 seconds
[shaping_diag] success_cum_shaping=282.39 T=110 d_init=94.1 d_final=0.0
 Retrying in 1 seconds
[shaping_diag] success_cum_shaping=282.39 T=108 d_init=94.1 d_final=0.0
 Retrying in 1 seconds
[shaping_diag] success_cum_shaping=282.39 T=105 d_init=94.1 d_final=0.0
 Retrying in 1 seconds
[shaping_diag] success_cum_shaping=282.39 T=111 d_init=94.1 d_final=0.0
 Retrying in 1 seconds
[shaping_diag] success_cum_shaping=282.39 T=105 d_init=94.1 d_final=0.0
 Retrying in 1 seconds
[shaping_diag] success_cum_shaping=282.39 T=109 d_init=94.1 d_final=0.0
Warning: Vehicle 'other2' performs emergency braking on lane ':center_8_0' with decel=9.00, wished=6.00, severity=1.00, time=7.60.
 Retrying in 1 seconds
[shaping_diag] success_cum_shaping=282.39 T=108 d_init=94.1 d_final=0.0
 Retrying in 1 seconds
[shaping_diag] success_cum_shaping=282.39 T=110 d_init=94.1 d_final=0.0
 Retrying in 1 seconds
[shaping_diag] success_cum_shaping=282.39 T=111 d_init=94.1 d_final=0.0
 Retrying in 1 seconds
[shaping_diag] success_cum_shaping=282.39 T=105 d_init=94.1 d_final=0.0
 Retrying in 1 seconds
[shaping_diag] success_cum_shaping=282.39 T=104 d_init=94.1 d_final=0.0
 Retrying in 1 seconds
[shaping_diag] success_cum_shaping=282.39 T=108 d_init=94.1 d_final=0.0
 Retrying in 1 seconds
[shaping_diag] success_cum_shaping=282.39 T=106 d_init=94.1 d_final=0.0
 Retrying in 1 seconds
[shaping_diag] success_cum_shaping=282.39 T=108 d_init=94.1 d_final=0.0
Warning: Vehicle 'ego'; collision with vehicle 'other', lane='right_out_0', gap=-0.98, time=8.10 stage=move.
 Retrying in 1 seconds
 Retrying in 1 seconds
[shaping_diag] success_cum_shaping=282.39 T=103 d_init=94.1 d_final=0.0
 Retrying in 1 seconds
[shaping_diag] success_cum_shaping=282.39 T=106 d_init=94.1 d_final=0.0
 Retrying in 1 seconds
[shaping_diag] success_cum_shaping=282.39 T=105 d_init=94.1 d_final=0.0
 Retrying in 1 seconds
[shaping_diag] success_cum_shaping=282.39 T=105 d_init=94.1 d_final=0.0
 Retrying in 1 seconds
[shaping_diag] success_cum_shaping=282.39 T=109 d_init=94.1 d_final=0.0
Warning: Vehicle 'ego'; junction collision with vehicle 'other', lane=':center_4_0', gap=-1.00, time=7.40 stage=move.
 Retrying in 1 seconds
 Retrying in 1 seconds
[shaping_diag] success_cum_shaping=282.39 T=104 d_init=94.1 d_final=0.0
 Retrying in 1 seconds
[shaping_diag] success_cum_shaping=282.39 T=104 d_init=94.1 d_final=0.0
 Retrying in 1 seconds
[shaping_diag] success_cum_shaping=282.39 T=104 d_init=94.1 d_final=0.0
 Retrying in 1 seconds
[shaping_diag] success_cum_shaping=282.39 T=105 d_init=94.1 d_final=0.0
 Retrying in 1 seconds
[shaping_diag] success_cum_shaping=282.39 T=107 d_init=94.1 d_final=0.0
 Retrying in 1 seconds
[shaping_diag] success_cum_shaping=282.39 T=106 d_init=94.1 d_final=0.0
 Retrying in 1 seconds
[shaping_diag] success_cum_shaping=282.39 T=108 d_init=94.1 d_final=0.0
 Retrying in 1 seconds
[shaping_diag] success_cum_shaping=282.39 T=105 d_init=94.1 d_final=0.0
 Retrying in 1 seconds
[shaping_diag] success_cum_shaping=282.39 T=104 d_init=94.1 d_final=0.0
 Retrying in 1 seconds
[shaping_diag] success_cum_shaping=282.39 T=107 d_init=94.1 d_final=0.0
 Retrying in 1 seconds
[shaping_diag] success_cum_shaping=282.39 T=105 d_init=94.1 d_final=0.0
 Retrying in 1 seconds
[shaping_diag] success_cum_shaping=282.39 T=107 d_init=94.1 d_final=0.0
 Retrying in 1 seconds
[shaping_diag] success_cum_shaping=282.39 T=105 d_init=94.1 d_final=0.0
 Retrying in 1 seconds
[shaping_diag] success_cum_shaping=282.39 T=106 d_init=94.1 d_final=0.0
 Retrying in 1 seconds
[shaping_diag] success_cum_shaping=282.39 T=106 d_init=94.1 d_final=0.0
 Retrying in 1 seconds
[shaping_diag] success_cum_shaping=282.39 T=110 d_init=94.1 d_final=0.0
 Retrying in 1 seconds
[shaping_diag] success_cum_shaping=282.39 T=107 d_init=94.1 d_final=0.0
 Retrying in 1 seconds
[shaping_diag] success_cum_shaping=282.39 T=104 d_init=94.1 d_final=0.0
 Retrying in 1 seconds
 Retrying in 1 seconds
[shaping_diag] success_cum_shaping=282.39 T=106 d_init=94.1 d_final=0.0
 Retrying in 1 seconds
[shaping_diag] success_cum_shaping=282.39 T=106 d_init=94.1 d_final=0.0
 Retrying in 1 seconds
[shaping_diag] success_cum_shaping=282.39 T=106 d_init=94.1 d_final=0.0
 Retrying in 1 seconds
[shaping_diag] success_cum_shaping=282.39 T=105 d_init=94.1 d_final=0.0
 Retrying in 1 seconds
[shaping_diag] success_cum_shaping=282.39 T=104 d_init=94.1 d_final=0.0
 Retrying in 1 seconds
[shaping_diag] success_cum_shaping=282.39 T=108 d_init=94.1 d_final=0.0
 Retrying in 1 seconds
[shaping_diag] success_cum_shaping=282.39 T=106 d_init=94.1 d_final=0.0
 Retrying in 1 seconds
[shaping_diag] success_cum_shaping=282.39 T=105 d_init=94.1 d_final=0.0
 Retrying in 1 seconds
[shaping_diag] success_cum_shaping=282.39 T=105 d_init=94.1 d_final=0.0
 Retrying in 1 seconds
[shaping_diag] success_cum_shaping=282.39 T=105 d_init=94.1 d_final=0.0
Warning: Vehicle 'ego'; collision with vehicle 'other', lane='right_out_0', gap=-0.74, time=7.90 stage=move.
 Retrying in 1 seconds
 Retrying in 1 seconds
[shaping_diag] success_cum_shaping=282.39 T=103 d_init=94.1 d_final=0.0
 Retrying in 1 seconds
[shaping_diag] success_cum_shaping=282.39 T=105 d_init=94.1 d_final=0.0
 Retrying in 1 seconds
[shaping_diag] success_cum_shaping=282.39 T=106 d_init=94.1 d_final=0.0
 Retrying in 1 seconds
[shaping_diag] success_cum_shaping=282.39 T=106 d_init=94.1 d_final=0.0
 Retrying in 1 seconds
[shaping_diag] success_cum_shaping=282.39 T=104 d_init=94.1 d_final=0.0
 Retrying in 1 seconds
[shaping_diag] success_cum_shaping=282.39 T=103 d_init=94.1 d_final=0.0
 Retrying in 1 seconds
[shaping_diag] success_cum_shaping=282.39 T=106 d_init=94.1 d_final=0.0
 Retrying in 1 seconds
[shaping_diag] success_cum_shaping=282.39 T=106 d_init=94.1 d_final=0.0
 Retrying in 1 seconds
[shaping_diag] success_cum_shaping=282.39 T=105 d_init=94.1 d_final=0.0
 Retrying in 1 seconds
[shaping_diag] success_cum_shaping=282.39 T=110 d_init=94.1 d_final=0.0
 Retrying in 1 seconds
[shaping_diag] success_cum_shaping=282.39 T=111 d_init=94.1 d_final=0.0
 Retrying in 1 seconds
[shaping_diag] success_cum_shaping=282.39 T=105 d_init=94.1 d_final=0.0
 Retrying in 1 seconds
[shaping_diag] success_cum_shaping=282.39 T=105 d_init=94.1 d_final=0.0
 Retrying in 1 seconds
[shaping_diag] success_cum_shaping=282.39 T=106 d_init=94.1 d_final=0.0
 Retrying in 1 seconds
[shaping_diag] success_cum_shaping=282.39 T=104 d_init=94.1 d_final=0.0
 Retrying in 1 seconds
[shaping_diag] success_cum_shaping=282.39 T=104 d_init=94.1 d_final=0.0
 Retrying in 1 seconds
[shaping_diag] success_cum_shaping=282.39 T=104 d_init=94.1 d_final=0.0
 Retrying in 1 seconds
[shaping_diag] success_cum_shaping=282.39 T=108 d_init=94.1 d_final=0.0
 Retrying in 1 seconds
[shaping_diag] success_cum_shaping=282.39 T=104 d_init=94.1 d_final=0.0
 Retrying in 1 seconds
[shaping_diag] success_cum_shaping=282.39 T=108 d_init=94.1 d_final=0.0
 Retrying in 1 seconds
[shaping_diag] success_cum_shaping=282.39 T=108 d_init=94.1 d_final=0.0
 Retrying in 1 seconds
[shaping_diag] success_cum_shaping=282.39 T=111 d_init=94.1 d_final=0.0
 Retrying in 1 seconds
[shaping_diag] success_cum_shaping=282.39 T=108 d_init=94.1 d_final=0.0
 Retrying in 1 seconds
[shaping_diag] success_cum_shaping=282.39 T=105 d_init=94.1 d_final=0.0
 Retrying in 1 seconds
[shaping_diag] success_cum_shaping=282.39 T=107 d_init=94.1 d_final=0.0
 Retrying in 1 seconds
[shaping_diag] success_cum_shaping=282.39 T=104 d_init=94.1 d_final=0.0
 Retrying in 1 seconds
[shaping_diag] success_cum_shaping=282.39 T=106 d_init=94.1 d_final=0.0
 Retrying in 1 seconds
 Retrying in 1 seconds
[shaping_diag] success_cum_shaping=282.39 T=108 d_init=94.1 d_final=0.0
 Retrying in 1 seconds
[shaping_diag] success_cum_shaping=282.39 T=104 d_init=94.1 d_final=0.0
 Retrying in 1 seconds
[shaping_diag] success_cum_shaping=282.39 T=106 d_init=94.1 d_final=0.0
Warning: Vehicle 'other' performs emergency braking on lane ':center_8_0' with decel=9.00, wished=7.00, severity=1.00, time=7.50.
 Retrying in 1 seconds
[shaping_diag] success_cum_shaping=282.39 T=107 d_init=94.1 d_final=0.0
 Retrying in 1 seconds
[shaping_diag] success_cum_shaping=282.39 T=108 d_init=94.1 d_final=0.0
 Retrying in 1 seconds
[shaping_diag] success_cum_shaping=282.39 T=105 d_init=94.1 d_final=0.0
 Retrying in 1 seconds
[shaping_diag] success_cum_shaping=282.39 T=112 d_init=94.1 d_final=0.0
 Retrying in 1 seconds
[shaping_diag] success_cum_shaping=282.39 T=103 d_init=94.1 d_final=0.0
 Retrying in 1 seconds
[shaping_diag] success_cum_shaping=282.39 T=105 d_init=94.1 d_final=0.0
 Retrying in 1 seconds
[shaping_diag] success_cum_shaping=282.39 T=106 d_init=94.1 d_final=0.0
 Retrying in 1 seconds
[shaping_diag] success_cum_shaping=282.39 T=111 d_init=94.1 d_final=0.0
 Retrying in 1 seconds
[shaping_diag] success_cum_shaping=282.39 T=108 d_init=94.1 d_final=0.0
 Retrying in 1 seconds
[shaping_diag] success_cum_shaping=282.39 T=106 d_init=94.1 d_final=0.0
 Retrying in 1 seconds
[shaping_diag] success_cum_shaping=282.39 T=108 d_init=94.1 d_final=0.0
Warning: Vehicle 'other' performs emergency braking on lane ':center_8_0' with decel=9.00, wished=5.00, severity=1.00, time=7.40.
 Retrying in 1 seconds
[shaping_diag] success_cum_shaping=282.39 T=106 d_init=94.1 d_final=0.0
 Retrying in 1 seconds
[shaping_diag] success_cum_shaping=282.39 T=105 d_init=94.1 d_final=0.0
 Retrying in 1 seconds
[shaping_diag] success_cum_shaping=282.39 T=106 d_init=94.1 d_final=0.0
 Retrying in 1 seconds
[shaping_diag] success_cum_shaping=282.39 T=106 d_init=94.1 d_final=0.0
 Retrying in 1 seconds
[shaping_diag] success_cum_shaping=282.39 T=107 d_init=94.1 d_final=0.0
 Retrying in 1 seconds
[shaping_diag] success_cum_shaping=282.39 T=103 d_init=94.1 d_final=0.0
 Retrying in 1 seconds
[shaping_diag] success_cum_shaping=282.39 T=107 d_init=94.1 d_final=0.0
 Retrying in 1 seconds
[shaping_diag] success_cum_shaping=282.39 T=104 d_init=94.1 d_final=0.0
 Retrying in 1 seconds
[shaping_diag] success_cum_shaping=282.39 T=105 d_init=94.1 d_final=0.0
 Retrying in 1 seconds
[shaping_diag] success_cum_shaping=282.39 T=109 d_init=94.1 d_final=0.0
 Retrying in 1 seconds
[shaping_diag] success_cum_shaping=282.39 T=104 d_init=94.1 d_final=0.0
Warning: Vehicle 'other' performs emergency braking on lane ':center_8_0' with decel=9.00, wished=5.00, severity=1.00, time=7.80.
Warning: Vehicle 'other'; junction collision with vehicle 'ego', lane=':center_8_0', gap=-1.00, time=8.20 stage=move.
 Retrying in 1 seconds
 Retrying in 1 seconds
[shaping_diag] success_cum_shaping=282.39 T=105 d_init=94.1 d_final=0.0
 Retrying in 1 seconds
[shaping_diag] success_cum_shaping=282.39 T=104 d_init=94.1 d_final=0.0
 Retrying in 1 seconds
[shaping_diag] success_cum_shaping=282.39 T=103 d_init=94.1 d_final=0.0
 Retrying in 1 seconds
[shaping_diag] success_cum_shaping=282.39 T=107 d_init=94.1 d_final=0.0
 Retrying in 1 seconds
[shaping_diag] success_cum_shaping=282.39 T=106 d_init=94.1 d_final=0.0
 Retrying in 1 seconds
[shaping_diag] success_cum_shaping=282.39 T=108 d_init=94.1 d_final=0.0
 Retrying in 1 seconds
[shaping_diag] success_cum_shaping=282.39 T=105 d_init=94.1 d_final=0.0
 Retrying in 1 seconds
[shaping_diag] success_cum_shaping=282.39 T=107 d_init=94.1 d_final=0.0
 Retrying in 1 seconds
[shaping_diag] success_cum_shaping=282.39 T=106 d_init=94.1 d_final=0.0
 Retrying in 1 seconds
[shaping_diag] success_cum_shaping=282.39 T=107 d_init=94.1 d_final=0.0
 Retrying in 1 seconds
[shaping_diag] success_cum_shaping=282.39 T=105 d_init=94.1 d_final=0.0
 Retrying in 1 seconds
[shaping_diag] success_cum_shaping=282.39 T=107 d_init=94.1 d_final=0.0
 Retrying in 1 seconds
 Retrying in 1 seconds
[shaping_diag] success_cum_shaping=282.39 T=103 d_init=94.1 d_final=0.0
Warning: Vehicle 'ego'; collision with vehicle 'other', lane='right_out_0', gap=-0.90, time=8.00 stage=move.
 Retrying in 1 seconds
 Retrying in 1 seconds
[shaping_diag] success_cum_shaping=282.39 T=104 d_init=94.1 d_final=0.0
 Retrying in 1 seconds
[shaping_diag] success_cum_shaping=282.39 T=107 d_init=94.1 d_final=0.0
 Retrying in 1 seconds
[shaping_diag] success_cum_shaping=282.39 T=104 d_init=94.1 d_final=0.0
 Retrying in 1 seconds
[shaping_diag] success_cum_shaping=282.39 T=105 d_init=94.1 d_final=0.0
 Retrying in 1 seconds
[shaping_diag] success_cum_shaping=282.39 T=107 d_init=94.1 d_final=0.0
 Retrying in 1 seconds
[shaping_diag] success_cum_shaping=282.39 T=103 d_init=94.1 d_final=0.0
 Retrying in 1 seconds
[shaping_diag] success_cum_shaping=282.39 T=105 d_init=94.1 d_final=0.0
 Retrying in 1 seconds
[shaping_diag] success_cum_shaping=282.39 T=105 d_init=94.1 d_final=0.0
 Retrying in 1 seconds
[shaping_diag] success_cum_shaping=282.39 T=103 d_init=94.1 d_final=0.0
 Retrying in 1 seconds
[shaping_diag] success_cum_shaping=282.39 T=105 d_init=94.1 d_final=0.0
 Retrying in 1 seconds
[shaping_diag] success_cum_shaping=282.39 T=109 d_init=94.1 d_final=0.0
 Retrying in 1 seconds
[shaping_diag] success_cum_shaping=282.39 T=106 d_init=94.1 d_final=0.0
 Retrying in 1 seconds
[shaping_diag] success_cum_shaping=282.39 T=105 d_init=94.1 d_final=0.0
 Retrying in 1 seconds
[shaping_diag] success_cum_shaping=282.39 T=104 d_init=94.1 d_final=0.0
 Retrying in 1 seconds
[shaping_diag] success_cum_shaping=282.39 T=104 d_init=94.1 d_final=0.0
 Retrying in 1 seconds
[shaping_diag] success_cum_shaping=282.39 T=103 d_init=94.1 d_final=0.0
 Retrying in 1 seconds
[shaping_diag] success_cum_shaping=282.39 T=105 d_init=94.1 d_final=0.0
 Retrying in 1 seconds
[shaping_diag] success_cum_shaping=282.39 T=106 d_init=94.1 d_final=0.0
 Retrying in 1 seconds
[shaping_diag] success_cum_shaping=282.39 T=108 d_init=94.1 d_final=0.0
 Retrying in 1 seconds
[shaping_diag] success_cum_shaping=282.39 T=105 d_init=94.1 d_final=0.0
 Retrying in 1 seconds
[shaping_diag] success_cum_shaping=282.39 T=108 d_init=94.1 d_final=0.0
 Retrying in 1 seconds
[shaping_diag] success_cum_shaping=282.39 T=105 d_init=94.1 d_final=0.0
 Retrying in 1 seconds
[shaping_diag] success_cum_shaping=282.39 T=106 d_init=94.1 d_final=0.0
 Retrying in 1 seconds
[shaping_diag] success_cum_shaping=282.39 T=105 d_init=94.1 d_final=0.0
 Retrying in 1 seconds
[shaping_diag] success_cum_shaping=282.39 T=103 d_init=94.1 d_final=0.0
 Retrying in 1 seconds
[shaping_diag] success_cum_shaping=282.39 T=103 d_init=94.1 d_final=0.0
 Retrying in 1 seconds
[shaping_diag] success_cum_shaping=282.39 T=104 d_init=94.1 d_final=0.0
 Retrying in 1 seconds
[shaping_diag] success_cum_shaping=282.39 T=108 d_init=94.1 d_final=0.0
 Retrying in 1 seconds
[shaping_diag] success_cum_shaping=282.39 T=106 d_init=94.1 d_final=0.0
 Retrying in 1 seconds
[shaping_diag] success_cum_shaping=282.39 T=107 d_init=94.1 d_final=0.0
 Retrying in 1 seconds
[shaping_diag] success_cum_shaping=282.39 T=106 d_init=94.1 d_final=0.0
Warning: Vehicle 'ego'; collision with vehicle 'other', lane='right_out_0', gap=-0.32, time=8.10 stage=move.
 Retrying in 1 seconds
 Retrying in 1 seconds
[shaping_diag] success_cum_shaping=282.39 T=104 d_init=94.1 d_final=0.0
 Retrying in 1 seconds
[shaping_diag] success_cum_shaping=282.39 T=106 d_init=94.1 d_final=0.0
 Retrying in 1 seconds
[shaping_diag] success_cum_shaping=282.39 T=106 d_init=94.1 d_final=0.0
 Retrying in 1 seconds
[shaping_diag] success_cum_shaping=282.39 T=105 d_init=94.1 d_final=0.0
 Retrying in 1 seconds
[shaping_diag] success_cum_shaping=282.39 T=104 d_init=94.1 d_final=0.0
Warning: Vehicle 'other' performs emergency braking on lane ':center_8_0' with decel=9.00, wished=5.00, severity=1.00, time=7.40.
Warning: Vehicle 'ego'; junction collision with vehicle 'other', lane=':center_4_0', gap=-1.00, time=7.70 stage=move.
 Retrying in 1 seconds
 Retrying in 1 seconds
 Retrying in 1 seconds
[shaping_diag] success_cum_shaping=282.39 T=109 d_init=94.1 d_final=0.0
 Retrying in 1 seconds
[shaping_diag] success_cum_shaping=282.39 T=105 d_init=94.1 d_final=0.0
Warning: Vehicle 'other' performs emergency braking on lane ':center_8_0' with decel=9.00, wished=5.00, severity=1.00, time=7.30.
 Retrying in 1 seconds
[shaping_diag] success_cum_shaping=282.39 T=105 d_init=94.1 d_final=0.0
 Retrying in 1 seconds
[shaping_diag] success_cum_shaping=282.39 T=104 d_init=94.1 d_final=0.0
 Retrying in 1 seconds
[shaping_diag] success_cum_shaping=282.39 T=103 d_init=94.1 d_final=0.0
 Retrying in 1 seconds
[shaping_diag] success_cum_shaping=282.39 T=104 d_init=94.1 d_final=0.0
 Retrying in 1 seconds
[shaping_diag] success_cum_shaping=282.39 T=109 d_init=94.1 d_final=0.0
 Retrying in 1 seconds
[shaping_diag] success_cum_shaping=282.39 T=103 d_init=94.1 d_final=0.0
Warning: Vehicle 'other' performs emergency braking on lane ':center_8_0' with decel=9.00, wished=5.00, severity=1.00, time=7.20.
Warning: Vehicle 'other' performs emergency braking on lane ':center_8_0' with decel=9.00, wished=7.00, severity=1.00, time=7.40.
 Retrying in 1 seconds
 Retrying in 1 seconds
 Retrying in 1 seconds
[shaping_diag] success_cum_shaping=282.39 T=104 d_init=94.1 d_final=0.0
 Retrying in 1 seconds
[shaping_diag] success_cum_shaping=282.39 T=106 d_init=94.1 d_final=0.0
 Retrying in 1 seconds
[shaping_diag] success_cum_shaping=282.39 T=104 d_init=94.1 d_final=0.0
 Retrying in 1 seconds
[shaping_diag] success_cum_shaping=282.39 T=108 d_init=94.1 d_final=0.0
 Retrying in 1 seconds
[shaping_diag] success_cum_shaping=282.39 T=106 d_init=94.1 d_final=0.0
 Retrying in 1 seconds
[shaping_diag] success_cum_shaping=282.39 T=107 d_init=94.1 d_final=0.0
 Retrying in 1 seconds
[shaping_diag] success_cum_shaping=282.39 T=119 d_init=94.1 d_final=0.0
 Retrying in 1 seconds
[shaping_diag] success_cum_shaping=282.39 T=106 d_init=94.1 d_final=0.0
 Retrying in 1 seconds
[shaping_diag] success_cum_shaping=282.39 T=108 d_init=94.1 d_final=0.0
 Retrying in 1 seconds
[shaping_diag] success_cum_shaping=282.39 T=110 d_init=94.1 d_final=0.0
 Retrying in 1 seconds
[shaping_diag] success_cum_shaping=282.39 T=104 d_init=94.1 d_final=0.0
 Retrying in 1 seconds
[shaping_diag] success_cum_shaping=282.39 T=106 d_init=94.1 d_final=0.0
 Retrying in 1 seconds
[shaping_diag] success_cum_shaping=282.39 T=103 d_init=94.1 d_final=0.0
 Retrying in 1 seconds
[shaping_diag] success_cum_shaping=282.39 T=109 d_init=94.1 d_final=0.0
 Retrying in 1 seconds
[shaping_diag] success_cum_shaping=282.39 T=106 d_init=94.1 d_final=0.0
 Retrying in 1 seconds
[shaping_diag] success_cum_shaping=282.39 T=114 d_init=94.1 d_final=0.0
 Retrying in 1 seconds
[shaping_diag] success_cum_shaping=282.39 T=104 d_init=94.1 d_final=0.0
 Retrying in 1 seconds
[shaping_diag] success_cum_shaping=282.39 T=103 d_init=94.1 d_final=0.0
 Retrying in 1 seconds
[shaping_diag] success_cum_shaping=282.39 T=104 d_init=94.1 d_final=0.0
 Retrying in 1 seconds
[shaping_diag] success_cum_shaping=282.39 T=108 d_init=94.1 d_final=0.0
 Retrying in 1 seconds
[shaping_diag] success_cum_shaping=282.39 T=108 d_init=94.1 d_final=0.0
Warning: Vehicle 'ego'; collision with vehicle 'other', lane='right_out_0', gap=-1.44, time=7.90 stage=move.
 Retrying in 1 seconds
 Retrying in 1 seconds
[shaping_diag] success_cum_shaping=282.39 T=105 d_init=94.1 d_final=0.0
 Retrying in 1 seconds
 Retrying in 1 seconds
[shaping_diag] success_cum_shaping=282.39 T=103 d_init=94.1 d_final=0.0
 Retrying in 1 seconds
[shaping_diag] success_cum_shaping=282.39 T=104 d_init=94.1 d_final=0.0
Warning: Vehicle 'ego'; junction collision with vehicle 'other', lane=':center_4_0', gap=-1.00, time=7.80 stage=move.
 Retrying in 1 seconds
 Retrying in 1 seconds
[shaping_diag] success_cum_shaping=282.39 T=105 d_init=94.1 d_final=0.0
 Retrying in 1 seconds
[shaping_diag] success_cum_shaping=282.39 T=105 d_init=94.1 d_final=0.0
 Retrying in 1 seconds
 Retrying in 1 seconds
[shaping_diag] success_cum_shaping=282.39 T=105 d_init=94.1 d_final=0.0
 Retrying in 1 seconds
[shaping_diag] success_cum_shaping=282.39 T=106 d_init=94.1 d_final=0.0
 Retrying in 1 seconds
[shaping_diag] success_cum_shaping=282.39 T=103 d_init=94.1 d_final=0.0
 Retrying in 1 seconds
[shaping_diag] success_cum_shaping=282.39 T=106 d_init=94.1 d_final=0.0
 Retrying in 1 seconds
[shaping_diag] success_cum_shaping=282.39 T=104 d_init=94.1 d_final=0.0
 Retrying in 1 seconds
[shaping_diag] success_cum_shaping=282.39 T=103 d_init=94.1 d_final=0.0
 Retrying in 1 seconds
[shaping_diag] success_cum_shaping=282.39 T=113 d_init=94.1 d_final=0.0
 Retrying in 1 seconds
[shaping_diag] success_cum_shaping=282.39 T=106 d_init=94.1 d_final=0.0
 Retrying in 1 seconds
[shaping_diag] success_cum_shaping=282.39 T=103 d_init=94.1 d_final=0.0
 Retrying in 1 seconds
[shaping_diag] success_cum_shaping=282.39 T=115 d_init=94.1 d_final=0.0
 Retrying in 1 seconds
[shaping_diag] success_cum_shaping=282.39 T=105 d_init=94.1 d_final=0.0
Warning: Vehicle 'other' performs emergency braking on lane ':center_8_0' with decel=9.00, wished=7.00, severity=1.00, time=7.30.
Warning: Vehicle 'ego'; junction collision with vehicle 'other', lane=':center_4_0', gap=-1.00, time=7.60 stage=move.
 Retrying in 1 seconds
 Retrying in 1 seconds
[shaping_diag] success_cum_shaping=282.39 T=104 d_init=94.1 d_final=0.0
 Retrying in 1 seconds
[shaping_diag] success_cum_shaping=282.39 T=106 d_init=94.1 d_final=0.0
 Retrying in 1 seconds
[shaping_diag] success_cum_shaping=282.39 T=102 d_init=94.1 d_final=0.0
 Retrying in 1 seconds
[shaping_diag] success_cum_shaping=282.39 T=103 d_init=94.1 d_final=0.0
 Retrying in 1 seconds
[shaping_diag] success_cum_shaping=282.39 T=104 d_init=94.1 d_final=0.0
 Retrying in 1 seconds
[shaping_diag] success_cum_shaping=282.39 T=104 d_init=94.1 d_final=0.0
 Retrying in 1 seconds
[shaping_diag] success_cum_shaping=282.39 T=104 d_init=94.1 d_final=0.0
 Retrying in 1 seconds
[shaping_diag] success_cum_shaping=282.39 T=105 d_init=94.1 d_final=0.0
 Retrying in 1 seconds
[shaping_diag] success_cum_shaping=282.39 T=106 d_init=94.1 d_final=0.0
 Retrying in 1 seconds
[shaping_diag] success_cum_shaping=282.39 T=103 d_init=94.1 d_final=0.0
 Retrying in 1 seconds
[shaping_diag] success_cum_shaping=282.39 T=107 d_init=94.1 d_final=0.0
 Retrying in 1 seconds
[shaping_diag] success_cum_shaping=282.39 T=102 d_init=94.1 d_final=0.0
Warning: Vehicle 'other2' performs emergency braking on lane ':center_8_0' with decel=9.00, wished=6.00, severity=1.00, time=7.50.
 Retrying in 1 seconds
[shaping_diag] success_cum_shaping=282.39 T=107 d_init=94.1 d_final=0.0
 Retrying in 1 seconds
[shaping_diag] success_cum_shaping=282.39 T=104 d_init=94.1 d_final=0.0
 Retrying in 1 seconds
[shaping_diag] success_cum_shaping=282.39 T=105 d_init=94.1 d_final=0.0
Warning: Vehicle 'other' performs emergency braking on lane ':center_8_0' with decel=9.00, wished=5.00, severity=1.00, time=7.50.
 Retrying in 1 seconds
 Retrying in 1 seconds
[shaping_diag] success_cum_shaping=282.39 T=104 d_init=94.1 d_final=0.0
 Retrying in 1 seconds
[shaping_diag] success_cum_shaping=282.39 T=105 d_init=94.1 d_final=0.0
 Retrying in 1 seconds
[shaping_diag] success_cum_shaping=282.39 T=106 d_init=94.1 d_final=0.0
 Retrying in 1 seconds
[shaping_diag] success_cum_shaping=282.39 T=107 d_init=94.1 d_final=0.0
 Retrying in 1 seconds
[shaping_diag] success_cum_shaping=282.39 T=108 d_init=94.1 d_final=0.0
Warning: Vehicle 'other' performs emergency braking on lane ':center_8_0' with decel=9.00, wished=7.00, severity=1.00, time=7.40.
 Retrying in 1 seconds
[shaping_diag] success_cum_shaping=282.39 T=106 d_init=94.1 d_final=0.0
 Retrying in 1 seconds
[shaping_diag] success_cum_shaping=282.39 T=105 d_init=94.1 d_final=0.0
 Retrying in 1 seconds
[shaping_diag] success_cum_shaping=282.39 T=105 d_init=94.1 d_final=0.0
 Retrying in 1 seconds
[shaping_diag] success_cum_shaping=282.39 T=107 d_init=94.1 d_final=0.0
 Retrying in 1 seconds
[shaping_diag] success_cum_shaping=282.39 T=111 d_init=94.1 d_final=0.0
 Retrying in 1 seconds
[shaping_diag] success_cum_shaping=282.39 T=105 d_init=94.1 d_final=0.0
 Retrying in 1 seconds
 Retrying in 1 seconds
[shaping_diag] success_cum_shaping=282.39 T=102 d_init=94.1 d_final=0.0
 Retrying in 1 seconds
[shaping_diag] success_cum_shaping=282.39 T=102 d_init=94.1 d_final=0.0
Warning: Vehicle 'other' performs emergency braking on lane ':center_8_0' with decel=9.00, wished=7.00, severity=1.00, time=7.10.
 Retrying in 1 seconds
[shaping_diag] success_cum_shaping=282.39 T=102 d_init=94.1 d_final=0.0
 Retrying in 1 seconds
[shaping_diag] success_cum_shaping=282.39 T=102 d_init=94.1 d_final=0.0
 Retrying in 1 seconds
[shaping_diag] success_cum_shaping=282.39 T=102 d_init=94.1 d_final=0.0
 Retrying in 1 seconds
[shaping_diag] success_cum_shaping=282.39 T=102 d_init=94.1 d_final=0.0
 Retrying in 1 seconds
[shaping_diag] success_cum_shaping=282.39 T=102 d_init=94.1 d_final=0.0
 Retrying in 1 seconds
[shaping_diag] success_cum_shaping=282.39 T=102 d_init=94.1 d_final=0.0
Warning: Vehicle 'other' performs emergency braking on lane ':center_8_0' with decel=9.00, wished=5.00, severity=1.00, time=7.10.
 Retrying in 1 seconds
[shaping_diag] success_cum_shaping=282.39 T=102 d_init=94.1 d_final=0.0
 Retrying in 1 seconds
[shaping_diag] success_cum_shaping=282.39 T=102 d_init=94.1 d_final=0.0
Warning: Vehicle 'other' performs emergency braking on lane ':center_8_0' with decel=9.00, wished=7.00, severity=1.00, time=7.20.
[cbf_aux] step=167936 ret=356.13 coll=0 ttc=6.11 cbf_res=0.0000
 Retrying in 1 seconds
 Retrying in 1 seconds
[shaping_diag] success_cum_shaping=282.39 T=103 d_init=94.1 d_final=0.0
 Retrying in 1 seconds
[shaping_diag] success_cum_shaping=282.39 T=105 d_init=94.1 d_final=0.0
 Retrying in 1 seconds
[shaping_diag] success_cum_shaping=282.39 T=104 d_init=94.1 d_final=0.0
 Retrying in 1 seconds
[shaping_diag] success_cum_shaping=282.39 T=107 d_init=94.1 d_final=0.0
Warning: Vehicle 'ego'; collision with vehicle 'other', lane='right_out_0', gap=-1.06, time=7.70 stage=move.
 Retrying in 1 seconds
 Retrying in 1 seconds
[shaping_diag] success_cum_shaping=282.39 T=104 d_init=94.1 d_final=0.0
 Retrying in 1 seconds
[shaping_diag] success_cum_shaping=282.39 T=104 d_init=94.1 d_final=0.0
 Retrying in 1 seconds
[shaping_diag] success_cum_shaping=282.39 T=103 d_init=94.1 d_final=0.0
 Retrying in 1 seconds
[shaping_diag] success_cum_shaping=282.39 T=121 d_init=94.1 d_final=0.0
 Retrying in 1 seconds
[shaping_diag] success_cum_shaping=282.39 T=105 d_init=94.1 d_final=0.0
Warning: Vehicle 'ego'; collision with vehicle 'other', lane='right_out_0', gap=-1.74, time=7.90 stage=move.
 Retrying in 1 seconds
 Retrying in 1 seconds
[shaping_diag] success_cum_shaping=282.39 T=103 d_init=94.1 d_final=0.0
 Retrying in 1 seconds
[shaping_diag] success_cum_shaping=282.39 T=104 d_init=94.1 d_final=0.0
 Retrying in 1 seconds
[shaping_diag] success_cum_shaping=282.39 T=105 d_init=94.1 d_final=0.0
 Retrying in 1 seconds
[shaping_diag] success_cum_shaping=282.39 T=104 d_init=94.1 d_final=0.0
 Retrying in 1 seconds
[shaping_diag] success_cum_shaping=282.39 T=103 d_init=94.1 d_final=0.0
 Retrying in 1 seconds
[shaping_diag] success_cum_shaping=282.39 T=103 d_init=94.1 d_final=0.0
 Retrying in 1 seconds
[shaping_diag] success_cum_shaping=282.39 T=103 d_init=94.1 d_final=0.0
 Retrying in 1 seconds
[shaping_diag] success_cum_shaping=282.39 T=104 d_init=94.1 d_final=0.0
 Retrying in 1 seconds
[shaping_diag] success_cum_shaping=282.39 T=108 d_init=94.1 d_final=0.0
 Retrying in 1 seconds
[shaping_diag] success_cum_shaping=282.39 T=110 d_init=94.1 d_final=0.0
 Retrying in 1 seconds
[shaping_diag] success_cum_shaping=282.39 T=106 d_init=94.1 d_final=0.0
 Retrying in 1 seconds
[shaping_diag] success_cum_shaping=282.39 T=107 d_init=94.1 d_final=0.0
 Retrying in 1 seconds
[shaping_diag] success_cum_shaping=282.39 T=104 d_init=94.1 d_final=0.0
 Retrying in 1 seconds
[shaping_diag] success_cum_shaping=282.39 T=108 d_init=94.1 d_final=0.0
 Retrying in 1 seconds
[shaping_diag] success_cum_shaping=282.39 T=103 d_init=94.1 d_final=0.0
 Retrying in 1 seconds
[shaping_diag] success_cum_shaping=282.39 T=104 d_init=94.1 d_final=0.0
 Retrying in 1 seconds
[shaping_diag] success_cum_shaping=282.39 T=104 d_init=94.1 d_final=0.0
 Retrying in 1 seconds
[shaping_diag] success_cum_shaping=282.39 T=104 d_init=94.1 d_final=0.0
 Retrying in 1 seconds
[shaping_diag] success_cum_shaping=282.39 T=103 d_init=94.1 d_final=0.0
 Retrying in 1 seconds
[shaping_diag] success_cum_shaping=282.39 T=104 d_init=94.1 d_final=0.0
 Retrying in 1 seconds
[shaping_diag] success_cum_shaping=282.39 T=109 d_init=94.1 d_final=0.0
 Retrying in 1 seconds
[shaping_diag] success_cum_shaping=282.39 T=104 d_init=94.1 d_final=0.0
 Retrying in 1 seconds
 Retrying in 1 seconds
[shaping_diag] success_cum_shaping=282.39 T=106 d_init=94.1 d_final=0.0
 Retrying in 1 seconds
[shaping_diag] success_cum_shaping=282.39 T=104 d_init=94.1 d_final=0.0
 Retrying in 1 seconds
[shaping_diag] success_cum_shaping=282.39 T=103 d_init=94.1 d_final=0.0
 Retrying in 1 seconds
[shaping_diag] success_cum_shaping=282.39 T=104 d_init=94.1 d_final=0.0
 Retrying in 1 seconds
[shaping_diag] success_cum_shaping=282.39 T=104 d_init=94.1 d_final=0.0
 Retrying in 1 seconds
 Retrying in 1 seconds
[shaping_diag] success_cum_shaping=282.39 T=103 d_init=94.1 d_final=0.0
 Retrying in 1 seconds
[shaping_diag] success_cum_shaping=282.39 T=112 d_init=94.1 d_final=0.0
 Retrying in 1 seconds
[shaping_diag] success_cum_shaping=282.39 T=105 d_init=94.1 d_final=0.0
 Retrying in 1 seconds
[shaping_diag] success_cum_shaping=282.39 T=103 d_init=94.1 d_final=0.0
 Retrying in 1 seconds
[shaping_diag] success_cum_shaping=282.39 T=105 d_init=94.1 d_final=0.0
 Retrying in 1 seconds
[shaping_diag] success_cum_shaping=282.39 T=103 d_init=94.1 d_final=0.0
 Retrying in 1 seconds
[shaping_diag] success_cum_shaping=282.39 T=132 d_init=94.1 d_final=0.0
 Retrying in 1 seconds
[shaping_diag] success_cum_shaping=282.39 T=104 d_init=94.1 d_final=0.0
 Retrying in 1 seconds
[shaping_diag] success_cum_shaping=282.39 T=105 d_init=94.1 d_final=0.0
 Retrying in 1 seconds
[shaping_diag] success_cum_shaping=282.39 T=103 d_init=94.1 d_final=0.0
Warning: Vehicle 'other' performs emergency braking on lane ':center_8_0' with decel=9.00, wished=7.00, severity=1.00, time=7.60.
Warning: Vehicle 'other'; junction collision with vehicle 'ego', lane=':center_8_0', gap=-1.00, time=8.00 stage=move.
 Retrying in 1 seconds
 Retrying in 1 seconds
[shaping_diag] success_cum_shaping=282.39 T=107 d_init=94.1 d_final=0.0
 Retrying in 1 seconds
[shaping_diag] success_cum_shaping=282.39 T=121 d_init=94.1 d_final=0.0
 Retrying in 1 seconds
[shaping_diag] success_cum_shaping=282.39 T=104 d_init=94.1 d_final=0.0
 Retrying in 1 seconds
[shaping_diag] success_cum_shaping=282.39 T=105 d_init=94.1 d_final=0.0
 Retrying in 1 seconds
[shaping_diag] success_cum_shaping=282.39 T=105 d_init=94.1 d_final=0.0
 Retrying in 1 seconds
[shaping_diag] success_cum_shaping=282.39 T=104 d_init=94.1 d_final=0.0
 Retrying in 1 seconds
[shaping_diag] success_cum_shaping=282.39 T=103 d_init=94.1 d_final=0.0
 Retrying in 1 seconds
[shaping_diag] success_cum_shaping=282.39 T=105 d_init=94.1 d_final=0.0
 Retrying in 1 seconds
[shaping_diag] success_cum_shaping=282.39 T=104 d_init=94.1 d_final=0.0
 Retrying in 1 seconds
[shaping_diag] success_cum_shaping=282.39 T=103 d_init=94.1 d_final=0.0
 Retrying in 1 seconds
[shaping_diag] success_cum_shaping=282.39 T=103 d_init=94.1 d_final=0.0
 Retrying in 1 seconds
[shaping_diag] success_cum_shaping=282.39 T=104 d_init=94.1 d_final=0.0
 Retrying in 1 seconds
[shaping_diag] success_cum_shaping=282.39 T=105 d_init=94.1 d_final=0.0
 Retrying in 1 seconds
[shaping_diag] success_cum_shaping=282.39 T=104 d_init=94.1 d_final=0.0
 Retrying in 1 seconds
[shaping_diag] success_cum_shaping=282.39 T=108 d_init=94.1 d_final=0.0
 Retrying in 1 seconds
[shaping_diag] success_cum_shaping=282.39 T=111 d_init=94.1 d_final=0.0
 Retrying in 1 seconds
[shaping_diag] success_cum_shaping=282.39 T=105 d_init=94.1 d_final=0.0
 Retrying in 1 seconds
[shaping_diag] success_cum_shaping=282.39 T=104 d_init=94.1 d_final=0.0
 Retrying in 1 seconds
[shaping_diag] success_cum_shaping=282.39 T=104 d_init=94.1 d_final=0.0
 Retrying in 1 seconds
[shaping_diag] success_cum_shaping=282.39 T=103 d_init=94.1 d_final=0.0
Warning: Vehicle 'ego'; junction collision with vehicle 'other', lane=':center_4_0', gap=-1.00, time=7.70 stage=move.
 Retrying in 1 seconds
 Retrying in 1 seconds
[shaping_diag] success_cum_shaping=282.39 T=105 d_init=94.1 d_final=0.0
 Retrying in 1 seconds
[shaping_diag] success_cum_shaping=282.39 T=106 d_init=94.1 d_final=0.0
 Retrying in 1 seconds
[shaping_diag] success_cum_shaping=282.39 T=102 d_init=94.1 d_final=0.0
 Retrying in 1 seconds
[shaping_diag] success_cum_shaping=282.39 T=105 d_init=94.1 d_final=0.0
 Retrying in 1 seconds
[shaping_diag] success_cum_shaping=282.39 T=103 d_init=94.1 d_final=0.0
 Retrying in 1 seconds
[shaping_diag] success_cum_shaping=282.39 T=107 d_init=94.1 d_final=0.0
 Retrying in 1 seconds
[shaping_diag] success_cum_shaping=282.39 T=111 d_init=94.1 d_final=0.0
 Retrying in 1 seconds
 Retrying in 1 seconds
[shaping_diag] success_cum_shaping=282.39 T=106 d_init=94.1 d_final=0.0
Warning: Vehicle 'other' performs emergency braking on lane ':center_8_0' with decel=9.00, wished=6.00, severity=1.00, time=7.30.
Warning: Vehicle 'ego'; junction collision with vehicle 'other', lane=':center_4_0', gap=-1.00, time=7.50 stage=move.
 Retrying in 1 seconds
 Retrying in 1 seconds
[shaping_diag] success_cum_shaping=282.39 T=106 d_init=94.1 d_final=0.0
 Retrying in 1 seconds
[shaping_diag] success_cum_shaping=282.39 T=105 d_init=94.1 d_final=0.0
 Retrying in 1 seconds
[shaping_diag] success_cum_shaping=282.39 T=105 d_init=94.1 d_final=0.0
 Retrying in 1 seconds
[shaping_diag] success_cum_shaping=282.39 T=104 d_init=94.1 d_final=0.0
 Retrying in 1 seconds
[shaping_diag] success_cum_shaping=282.39 T=106 d_init=94.1 d_final=0.0
 Retrying in 1 seconds
[shaping_diag] success_cum_shaping=282.39 T=102 d_init=94.1 d_final=0.0
 Retrying in 1 seconds
[shaping_diag] success_cum_shaping=282.39 T=119 d_init=94.1 d_final=0.0
 Retrying in 1 seconds
[shaping_diag] success_cum_shaping=282.39 T=116 d_init=94.1 d_final=0.0
 Retrying in 1 seconds
[shaping_diag] success_cum_shaping=282.39 T=104 d_init=94.1 d_final=0.0
 Retrying in 1 seconds
[shaping_diag] success_cum_shaping=282.39 T=103 d_init=94.1 d_final=0.0
 Retrying in 1 seconds
[shaping_diag] success_cum_shaping=282.39 T=105 d_init=94.1 d_final=0.0
 Retrying in 1 seconds
[shaping_diag] success_cum_shaping=282.39 T=117 d_init=94.1 d_final=0.0
 Retrying in 1 seconds
[shaping_diag] success_cum_shaping=282.39 T=105 d_init=94.1 d_final=0.0
 Retrying in 1 seconds
[shaping_diag] success_cum_shaping=282.39 T=105 d_init=94.1 d_final=0.0
 Retrying in 1 seconds
[shaping_diag] success_cum_shaping=282.39 T=104 d_init=94.1 d_final=0.0
Warning: Vehicle 'ego'; collision with vehicle 'other', lane='right_out_0', gap=-0.00, time=8.70 stage=move.
Warning: Vehicle 'other' performs emergency braking on lane ':center_8_0' with decel=9.00, wished=7.00, severity=1.00, time=7.20.
 Retrying in 1 seconds
 Retrying in 1 seconds
[shaping_diag] success_cum_shaping=282.39 T=104 d_init=94.1 d_final=0.0
 Retrying in 1 seconds
[shaping_diag] success_cum_shaping=282.39 T=103 d_init=94.1 d_final=0.0
 Retrying in 1 seconds
[shaping_diag] success_cum_shaping=282.39 T=104 d_init=94.1 d_final=0.0
 Retrying in 1 seconds
[shaping_diag] success_cum_shaping=282.39 T=105 d_init=94.1 d_final=0.0
 Retrying in 1 seconds
[shaping_diag] success_cum_shaping=282.39 T=136 d_init=94.1 d_final=0.0
 Retrying in 1 seconds
[shaping_diag] success_cum_shaping=282.39 T=107 d_init=94.1 d_final=0.0
 Retrying in 1 seconds
[shaping_diag] success_cum_shaping=282.39 T=104 d_init=94.1 d_final=0.0
 Retrying in 1 seconds
[shaping_diag] success_cum_shaping=282.39 T=136 d_init=94.1 d_final=0.0
 Retrying in 1 seconds
[shaping_diag] success_cum_shaping=282.39 T=106 d_init=94.1 d_final=0.0
 Retrying in 1 seconds
[shaping_diag] success_cum_shaping=282.39 T=108 d_init=94.1 d_final=0.0
 Retrying in 1 seconds
[shaping_diag] success_cum_shaping=282.39 T=103 d_init=94.1 d_final=0.0
 Retrying in 1 seconds
[shaping_diag] success_cum_shaping=282.39 T=117 d_init=94.1 d_final=0.0
 Retrying in 1 seconds
[shaping_diag] success_cum_shaping=282.39 T=103 d_init=94.1 d_final=0.0
 Retrying in 1 seconds
[shaping_diag] success_cum_shaping=282.39 T=104 d_init=94.1 d_final=0.0
 Retrying in 1 seconds
[shaping_diag] success_cum_shaping=282.39 T=106 d_init=94.1 d_final=0.0
 Retrying in 1 seconds
[shaping_diag] success_cum_shaping=282.39 T=120 d_init=94.1 d_final=0.0
 Retrying in 1 seconds
[shaping_diag] success_cum_shaping=282.39 T=103 d_init=94.1 d_final=0.0
 Retrying in 1 seconds
[shaping_diag] success_cum_shaping=282.39 T=107 d_init=94.1 d_final=0.0
 Retrying in 1 seconds
[shaping_diag] success_cum_shaping=282.39 T=105 d_init=94.1 d_final=0.0
 Retrying in 1 seconds
[shaping_diag] success_cum_shaping=282.39 T=104 d_init=94.1 d_final=0.0
 Retrying in 1 seconds
 Retrying in 1 seconds
[shaping_diag] success_cum_shaping=282.39 T=102 d_init=94.1 d_final=0.0
 Retrying in 1 seconds
[shaping_diag] success_cum_shaping=282.39 T=104 d_init=94.1 d_final=0.0
 Retrying in 1 seconds
[shaping_diag] success_cum_shaping=282.39 T=104 d_init=94.1 d_final=0.0
 Retrying in 1 seconds
[shaping_diag] success_cum_shaping=282.39 T=103 d_init=94.1 d_final=0.0
 Retrying in 1 seconds
[shaping_diag] success_cum_shaping=282.39 T=103 d_init=94.1 d_final=0.0
 Retrying in 1 seconds
[shaping_diag] success_cum_shaping=282.39 T=107 d_init=94.1 d_final=0.0
 Retrying in 1 seconds
[shaping_diag] success_cum_shaping=282.39 T=104 d_init=94.1 d_final=0.0
 Retrying in 1 seconds
[shaping_diag] success_cum_shaping=282.39 T=106 d_init=94.1 d_final=0.0
 Retrying in 1 seconds
[shaping_diag] success_cum_shaping=282.39 T=105 d_init=94.1 d_final=0.0
 Retrying in 1 seconds
[shaping_diag] success_cum_shaping=282.39 T=104 d_init=94.1 d_final=0.0
Warning: Vehicle 'ego'; collision with vehicle 'other', lane='right_out_0', gap=-0.36, time=7.60 stage=move.
 Retrying in 1 seconds
 Retrying in 1 seconds
[shaping_diag] success_cum_shaping=282.39 T=102 d_init=94.1 d_final=0.0
 Retrying in 1 seconds
[shaping_diag] success_cum_shaping=282.39 T=107 d_init=94.1 d_final=0.0
 Retrying in 1 seconds
[shaping_diag] success_cum_shaping=282.39 T=104 d_init=94.1 d_final=0.0
 Retrying in 1 seconds
[shaping_diag] success_cum_shaping=282.39 T=104 d_init=94.1 d_final=0.0
 Retrying in 1 seconds
[shaping_diag] success_cum_shaping=282.39 T=103 d_init=94.1 d_final=0.0
 Retrying in 1 seconds
[shaping_diag] success_cum_shaping=282.39 T=111 d_init=94.1 d_final=0.0
 Retrying in 1 seconds
[shaping_diag] success_cum_shaping=282.39 T=104 d_init=94.1 d_final=0.0
 Retrying in 1 seconds
[shaping_diag] success_cum_shaping=282.39 T=103 d_init=94.1 d_final=0.0
Warning: Vehicle 'other' performs emergency braking on lane ':center_8_0' with decel=9.00, wished=5.00, severity=1.00, time=7.60.
Warning: Vehicle 'other'; junction collision with vehicle 'ego', lane=':center_8_0', gap=-1.00, time=8.00 stage=move.
 Retrying in 1 seconds
 Retrying in 1 seconds
[shaping_diag] success_cum_shaping=282.39 T=105 d_init=94.1 d_final=0.0
 Retrying in 1 seconds
[shaping_diag] success_cum_shaping=282.39 T=104 d_init=94.1 d_final=0.0
 Retrying in 1 seconds
[shaping_diag] success_cum_shaping=282.39 T=107 d_init=94.1 d_final=0.0
 Retrying in 1 seconds
[shaping_diag] success_cum_shaping=282.39 T=117 d_init=94.1 d_final=0.0
 Retrying in 1 seconds
[shaping_diag] success_cum_shaping=282.39 T=103 d_init=94.1 d_final=0.0
 Retrying in 1 seconds
[shaping_diag] success_cum_shaping=282.39 T=106 d_init=94.1 d_final=0.0
 Retrying in 1 seconds
[shaping_diag] success_cum_shaping=282.39 T=103 d_init=94.1 d_final=0.0
 Retrying in 1 seconds
[shaping_diag] success_cum_shaping=282.39 T=104 d_init=94.1 d_final=0.0
 Retrying in 1 seconds
[shaping_diag] success_cum_shaping=282.39 T=105 d_init=94.1 d_final=0.0
 Retrying in 1 seconds
[shaping_diag] success_cum_shaping=282.39 T=107 d_init=94.1 d_final=0.0
 Retrying in 1 seconds
[shaping_diag] success_cum_shaping=282.39 T=103 d_init=94.1 d_final=0.0
 Retrying in 1 seconds
[shaping_diag] success_cum_shaping=282.39 T=112 d_init=94.1 d_final=0.0
 Retrying in 1 seconds
[shaping_diag] success_cum_shaping=282.39 T=103 d_init=94.1 d_final=0.0
 Retrying in 1 seconds
[shaping_diag] success_cum_shaping=282.39 T=106 d_init=94.1 d_final=0.0
 Retrying in 1 seconds
[shaping_diag] success_cum_shaping=282.39 T=104 d_init=94.1 d_final=0.0
 Retrying in 1 seconds
[shaping_diag] success_cum_shaping=282.39 T=106 d_init=94.1 d_final=0.0
 Retrying in 1 seconds
[shaping_diag] success_cum_shaping=282.39 T=105 d_init=94.1 d_final=0.0
Warning: Vehicle 'other' performs emergency braking on lane ':center_8_0' with decel=9.00, wished=5.00, severity=1.00, time=7.20.
 Retrying in 1 seconds
[shaping_diag] success_cum_shaping=282.39 T=105 d_init=94.1 d_final=0.0
 Retrying in 1 seconds
[shaping_diag] success_cum_shaping=282.39 T=109 d_init=94.1 d_final=0.0
 Retrying in 1 seconds
 Retrying in 1 seconds
[shaping_diag] success_cum_shaping=282.39 T=109 d_init=94.1 d_final=0.0
 Retrying in 1 seconds
[shaping_diag] success_cum_shaping=282.39 T=104 d_init=94.1 d_final=0.0
 Retrying in 1 seconds
[shaping_diag] success_cum_shaping=282.39 T=162 d_init=94.1 d_final=0.0
 Retrying in 1 seconds
[shaping_diag] success_cum_shaping=282.39 T=106 d_init=94.1 d_final=0.0
 Retrying in 1 seconds
[shaping_diag] success_cum_shaping=282.39 T=149 d_init=94.1 d_final=0.0
 Retrying in 1 seconds
[shaping_diag] success_cum_shaping=282.39 T=103 d_init=94.1 d_final=0.0
 Retrying in 1 seconds
[shaping_diag] success_cum_shaping=282.39 T=221 d_init=94.1 d_final=0.0
 Retrying in 1 seconds
[shaping_diag] success_cum_shaping=282.39 T=104 d_init=94.1 d_final=0.0
 Retrying in 1 seconds
[shaping_diag] success_cum_shaping=282.39 T=103 d_init=94.1 d_final=0.0
 Retrying in 1 seconds
[shaping_diag] success_cum_shaping=282.39 T=104 d_init=94.1 d_final=0.0
 Retrying in 1 seconds
[shaping_diag] success_cum_shaping=282.39 T=105 d_init=94.1 d_final=0.0
 Retrying in 1 seconds
[shaping_diag] success_cum_shaping=282.39 T=105 d_init=94.1 d_final=0.0
Warning: Vehicle 'ego'; junction collision with vehicle 'other', lane=':center_4_0', gap=-1.00, time=7.40 stage=move.
 Retrying in 1 seconds
 Retrying in 1 seconds
[shaping_diag] success_cum_shaping=282.39 T=111 d_init=94.1 d_final=0.0
 Retrying in 1 seconds
[shaping_diag] success_cum_shaping=282.39 T=125 d_init=94.1 d_final=0.0
 Retrying in 1 seconds
[shaping_diag] success_cum_shaping=282.39 T=103 d_init=94.1 d_final=0.0
 Retrying in 1 seconds
[shaping_diag] success_cum_shaping=282.39 T=111 d_init=94.1 d_final=0.0
Warning: Vehicle 'other' performs emergency braking on lane ':center_8_0' with decel=9.00, wished=5.00, severity=1.00, time=7.80.
Warning: Vehicle 'ego'; junction collision with vehicle 'other', lane=':center_4_0', gap=-1.00, time=8.40 stage=move.
 Retrying in 1 seconds
 Retrying in 1 seconds
[shaping_diag] success_cum_shaping=282.39 T=104 d_init=94.1 d_final=0.0
 Retrying in 1 seconds
[shaping_diag] success_cum_shaping=282.39 T=104 d_init=94.1 d_final=0.0
 Retrying in 1 seconds
[shaping_diag] success_cum_shaping=282.39 T=103 d_init=94.1 d_final=0.0
 Retrying in 1 seconds
[shaping_diag] success_cum_shaping=282.39 T=104 d_init=94.1 d_final=0.0
 Retrying in 1 seconds
[shaping_diag] success_cum_shaping=282.39 T=167 d_init=94.1 d_final=0.0
 Retrying in 1 seconds
[shaping_diag] success_cum_shaping=282.39 T=109 d_init=94.1 d_final=0.0
 Retrying in 1 seconds
[shaping_diag] success_cum_shaping=282.39 T=105 d_init=94.1 d_final=0.0
 Retrying in 1 seconds
[shaping_diag] success_cum_shaping=282.39 T=104 d_init=94.1 d_final=0.0
 Retrying in 1 seconds
[shaping_diag] success_cum_shaping=282.39 T=112 d_init=94.1 d_final=0.0
 Retrying in 1 seconds
[shaping_diag] success_cum_shaping=282.39 T=104 d_init=94.1 d_final=0.0
 Retrying in 1 seconds
[shaping_diag] success_cum_shaping=282.39 T=104 d_init=94.1 d_final=0.0
 Retrying in 1 seconds
[shaping_diag] success_cum_shaping=282.39 T=104 d_init=94.1 d_final=0.0
 Retrying in 1 seconds
[shaping_diag] success_cum_shaping=282.39 T=120 d_init=94.1 d_final=0.0
 Retrying in 1 seconds
[shaping_diag] success_cum_shaping=282.39 T=110 d_init=94.1 d_final=0.0
 Retrying in 1 seconds
[shaping_diag] success_cum_shaping=282.39 T=106 d_init=94.1 d_final=0.0
Warning: Vehicle 'other' performs emergency braking on lane ':center_8_0' with decel=9.00, wished=5.00, severity=1.00, time=7.60.
Warning: Vehicle 'ego'; junction collision with vehicle 'other', lane=':center_4_0', gap=-1.00, time=7.90 stage=move.
 Retrying in 1 seconds
 Retrying in 1 seconds
[shaping_diag] success_cum_shaping=282.39 T=170 d_init=94.1 d_final=0.0
 Retrying in 1 seconds
[shaping_diag] success_cum_shaping=282.39 T=103 d_init=94.1 d_final=0.0
 Retrying in 1 seconds
 Retrying in 1 seconds
[shaping_diag] success_cum_shaping=282.39 T=104 d_init=94.1 d_final=0.0
 Retrying in 1 seconds
[shaping_diag] success_cum_shaping=282.39 T=110 d_init=94.1 d_final=0.0
 Retrying in 1 seconds
[shaping_diag] success_cum_shaping=282.39 T=154 d_init=94.1 d_final=0.0
 Retrying in 1 seconds
[shaping_diag] success_cum_shaping=282.39 T=104 d_init=94.1 d_final=0.0
 Retrying in 1 seconds
[shaping_diag] success_cum_shaping=282.39 T=104 d_init=94.1 d_final=0.0
 Retrying in 1 seconds
[shaping_diag] success_cum_shaping=282.39 T=137 d_init=94.1 d_final=0.0
 Retrying in 1 seconds
[shaping_diag] success_cum_shaping=282.39 T=104 d_init=94.1 d_final=0.0
 Retrying in 1 seconds
[shaping_diag] success_cum_shaping=282.39 T=104 d_init=94.1 d_final=0.0
 Retrying in 1 seconds
[shaping_diag] success_cum_shaping=282.39 T=139 d_init=94.1 d_final=0.0
 Retrying in 1 seconds
[shaping_diag] success_cum_shaping=282.39 T=103 d_init=94.1 d_final=0.0
 Retrying in 1 seconds
[shaping_diag] success_cum_shaping=282.39 T=115 d_init=94.1 d_final=0.0
 Retrying in 1 seconds
[shaping_diag] success_cum_shaping=282.39 T=103 d_init=94.1 d_final=0.0
 Retrying in 1 seconds
[shaping_diag] success_cum_shaping=282.39 T=103 d_init=94.1 d_final=0.0
 Retrying in 1 seconds
[shaping_diag] success_cum_shaping=282.39 T=103 d_init=94.1 d_final=0.0
 Retrying in 1 seconds
[shaping_diag] success_cum_shaping=282.39 T=106 d_init=94.1 d_final=0.0
Warning: Vehicle 'other' performs emergency braking on lane ':center_8_0' with decel=9.00, wished=5.00, severity=1.00, time=7.80.
 Retrying in 1 seconds
 Retrying in 1 seconds
[shaping_diag] success_cum_shaping=282.39 T=106 d_init=94.1 d_final=0.0
 Retrying in 1 seconds
[shaping_diag] success_cum_shaping=282.39 T=140 d_init=94.1 d_final=0.0
 Retrying in 1 seconds
[shaping_diag] success_cum_shaping=282.39 T=104 d_init=94.1 d_final=0.0
 Retrying in 1 seconds
[shaping_diag] success_cum_shaping=282.39 T=116 d_init=94.1 d_final=0.0
 Retrying in 1 seconds
[shaping_diag] success_cum_shaping=282.39 T=115 d_init=94.1 d_final=0.0
 Retrying in 1 seconds
[shaping_diag] success_cum_shaping=282.39 T=104 d_init=94.1 d_final=0.0
 Retrying in 1 seconds
[shaping_diag] success_cum_shaping=282.39 T=103 d_init=94.1 d_final=0.0
 Retrying in 1 seconds
[shaping_diag] success_cum_shaping=282.39 T=108 d_init=94.1 d_final=0.0
 Retrying in 1 seconds
[shaping_diag] success_cum_shaping=282.39 T=104 d_init=94.1 d_final=0.0
 Retrying in 1 seconds
[shaping_diag] success_cum_shaping=282.39 T=115 d_init=94.1 d_final=0.0
 Retrying in 1 seconds
[shaping_diag] success_cum_shaping=282.39 T=102 d_init=94.1 d_final=0.0
 Retrying in 1 seconds
[shaping_diag] success_cum_shaping=282.39 T=107 d_init=94.1 d_final=0.0
 Retrying in 1 seconds
[shaping_diag] success_cum_shaping=282.39 T=135 d_init=94.1 d_final=0.0
 Retrying in 1 seconds
[shaping_diag] success_cum_shaping=282.39 T=126 d_init=94.1 d_final=0.0
 Retrying in 1 seconds
[shaping_diag] success_cum_shaping=282.39 T=106 d_init=94.1 d_final=0.0
 Retrying in 1 seconds
[shaping_diag] success_cum_shaping=282.39 T=106 d_init=94.1 d_final=0.0
 Retrying in 1 seconds
[shaping_diag] success_cum_shaping=282.39 T=105 d_init=94.1 d_final=0.0
 Retrying in 1 seconds
[shaping_diag] success_cum_shaping=282.39 T=108 d_init=94.1 d_final=0.0
Warning: Vehicle 'ego'; collision with vehicle 'other', lane='right_out_0', gap=-0.25, time=7.70 stage=move.
 Retrying in 1 seconds
 Retrying in 1 seconds
[shaping_diag] success_cum_shaping=282.39 T=107 d_init=94.1 d_final=0.0
 Retrying in 1 seconds
[shaping_diag] success_cum_shaping=282.39 T=103 d_init=94.1 d_final=0.0
 Retrying in 1 seconds
 Retrying in 1 seconds
[shaping_diag] success_cum_shaping=282.39 T=103 d_init=94.1 d_final=0.0
 Retrying in 1 seconds
[shaping_diag] success_cum_shaping=282.39 T=102 d_init=94.1 d_final=0.0
 Retrying in 1 seconds
[shaping_diag] success_cum_shaping=282.39 T=105 d_init=94.1 d_final=0.0
 Retrying in 1 seconds
[shaping_diag] success_cum_shaping=282.39 T=104 d_init=94.1 d_final=0.0
 Retrying in 1 seconds
[shaping_diag] success_cum_shaping=282.39 T=125 d_init=94.1 d_final=0.0
Warning: Vehicle 'other' performs emergency braking on lane ':center_8_0' with decel=9.00, wished=6.00, severity=1.00, time=7.30.
 Retrying in 1 seconds
 Retrying in 1 seconds
[shaping_diag] success_cum_shaping=282.39 T=104 d_init=94.1 d_final=0.0
 Retrying in 1 seconds
[shaping_diag] success_cum_shaping=282.39 T=108 d_init=94.1 d_final=0.0
 Retrying in 1 seconds
[shaping_diag] success_cum_shaping=282.39 T=102 d_init=94.1 d_final=0.0
 Retrying in 1 seconds
[shaping_diag] success_cum_shaping=282.39 T=105 d_init=94.1 d_final=0.0
 Retrying in 1 seconds
[shaping_diag] success_cum_shaping=282.39 T=105 d_init=94.1 d_final=0.0
 Retrying in 1 seconds
[shaping_diag] success_cum_shaping=282.39 T=103 d_init=94.1 d_final=0.0
 Retrying in 1 seconds
[shaping_diag] success_cum_shaping=282.39 T=104 d_init=94.1 d_final=0.0
 Retrying in 1 seconds
[shaping_diag] success_cum_shaping=282.39 T=104 d_init=94.1 d_final=0.0
 Retrying in 1 seconds
[shaping_diag] success_cum_shaping=282.39 T=106 d_init=94.1 d_final=0.0
 Retrying in 1 seconds
[shaping_diag] success_cum_shaping=282.39 T=104 d_init=94.1 d_final=0.0
 Retrying in 1 seconds
[shaping_diag] success_cum_shaping=282.39 T=150 d_init=94.1 d_final=0.0
 Retrying in 1 seconds
[shaping_diag] success_cum_shaping=282.39 T=103 d_init=94.1 d_final=0.0
 Retrying in 1 seconds
[shaping_diag] success_cum_shaping=282.39 T=102 d_init=94.1 d_final=0.0
 Retrying in 1 seconds
[shaping_diag] success_cum_shaping=282.39 T=120 d_init=94.1 d_final=0.0
 Retrying in 1 seconds
[shaping_diag] success_cum_shaping=282.39 T=105 d_init=94.1 d_final=0.0
 Retrying in 1 seconds
[shaping_diag] success_cum_shaping=282.39 T=105 d_init=94.1 d_final=0.0
 Retrying in 1 seconds
[shaping_diag] success_cum_shaping=282.39 T=103 d_init=94.1 d_final=0.0
 Retrying in 1 seconds
[shaping_diag] success_cum_shaping=282.39 T=105 d_init=94.1 d_final=0.0
 Retrying in 1 seconds
[shaping_diag] success_cum_shaping=282.39 T=103 d_init=94.1 d_final=0.0
 Retrying in 1 seconds
[shaping_diag] success_cum_shaping=282.39 T=158 d_init=94.1 d_final=0.0
 Retrying in 1 seconds
[shaping_diag] success_cum_shaping=282.39 T=103 d_init=94.1 d_final=0.0
 Retrying in 1 seconds
[shaping_diag] success_cum_shaping=282.39 T=104 d_init=94.1 d_final=0.0
 Retrying in 1 seconds
 Retrying in 1 seconds
[shaping_diag] success_cum_shaping=282.39 T=152 d_init=94.1 d_final=0.0
 Retrying in 1 seconds
[shaping_diag] success_cum_shaping=282.39 T=103 d_init=94.1 d_final=0.0
 Retrying in 1 seconds
[shaping_diag] success_cum_shaping=282.39 T=104 d_init=94.1 d_final=0.0
 Retrying in 1 seconds
[shaping_diag] success_cum_shaping=282.39 T=104 d_init=94.1 d_final=0.0
 Retrying in 1 seconds
[shaping_diag] success_cum_shaping=282.39 T=159 d_init=94.1 d_final=0.0
 Retrying in 1 seconds
[shaping_diag] success_cum_shaping=282.39 T=103 d_init=94.1 d_final=0.0
 Retrying in 1 seconds
[shaping_diag] success_cum_shaping=282.39 T=131 d_init=94.1 d_final=0.0
 Retrying in 1 seconds
[shaping_diag] success_cum_shaping=282.39 T=104 d_init=94.1 d_final=0.0
 Retrying in 1 seconds
 Retrying in 1 seconds
[shaping_diag] success_cum_shaping=282.39 T=103 d_init=94.1 d_final=0.0
 Retrying in 1 seconds
[shaping_diag] success_cum_shaping=282.39 T=103 d_init=94.1 d_final=0.0
 Retrying in 1 seconds
[shaping_diag] success_cum_shaping=282.39 T=103 d_init=94.1 d_final=0.0
 Retrying in 1 seconds
[shaping_diag] success_cum_shaping=282.39 T=106 d_init=94.1 d_final=0.0
 Retrying in 1 seconds
[shaping_diag] success_cum_shaping=282.39 T=106 d_init=94.1 d_final=0.0
 Retrying in 1 seconds
[shaping_diag] success_cum_shaping=282.39 T=104 d_init=94.1 d_final=0.0
 Retrying in 1 seconds
[shaping_diag] success_cum_shaping=282.39 T=103 d_init=94.1 d_final=0.0
Warning: Vehicle 'other' performs emergency braking on lane ':center_8_0' with decel=9.00, wished=5.00, severity=1.00, time=7.40.
 Retrying in 1 seconds
[shaping_diag] success_cum_shaping=282.39 T=108 d_init=94.1 d_final=0.0
 Retrying in 1 seconds
 Retrying in 1 seconds
[shaping_diag] success_cum_shaping=282.39 T=103 d_init=94.1 d_final=0.0
 Retrying in 1 seconds
[shaping_diag] success_cum_shaping=282.39 T=103 d_init=94.1 d_final=0.0
 Retrying in 1 seconds
[shaping_diag] success_cum_shaping=282.39 T=139 d_init=94.1 d_final=0.0
 Retrying in 1 seconds
[shaping_diag] success_cum_shaping=282.39 T=103 d_init=94.1 d_final=0.0
 Retrying in 1 seconds
[shaping_diag] success_cum_shaping=282.39 T=103 d_init=94.1 d_final=0.0
 Retrying in 1 seconds
[shaping_diag] success_cum_shaping=282.39 T=117 d_init=94.1 d_final=0.0
 Retrying in 1 seconds
[shaping_diag] success_cum_shaping=282.39 T=114 d_init=94.1 d_final=0.0
 Retrying in 1 seconds
[shaping_diag] success_cum_shaping=282.39 T=104 d_init=94.1 d_final=0.0
 Retrying in 1 seconds
[shaping_diag] success_cum_shaping=282.39 T=103 d_init=94.1 d_final=0.0
 Retrying in 1 seconds
[shaping_diag] success_cum_shaping=282.39 T=104 d_init=94.1 d_final=0.0
 Retrying in 1 seconds
[shaping_diag] success_cum_shaping=282.39 T=103 d_init=94.1 d_final=0.0
 Retrying in 1 seconds
[shaping_diag] success_cum_shaping=282.39 T=107 d_init=94.1 d_final=0.0
 Retrying in 1 seconds
[shaping_diag] success_cum_shaping=282.39 T=113 d_init=94.1 d_final=0.0
 Retrying in 1 seconds
[shaping_diag] success_cum_shaping=282.39 T=114 d_init=94.1 d_final=0.0
 Retrying in 1 seconds
[shaping_diag] success_cum_shaping=282.39 T=104 d_init=94.1 d_final=0.0
 Retrying in 1 seconds
[shaping_diag] success_cum_shaping=282.39 T=102 d_init=94.1 d_final=0.0
 Retrying in 1 seconds
[shaping_diag] success_cum_shaping=282.39 T=103 d_init=94.1 d_final=0.0
 Retrying in 1 seconds
[shaping_diag] success_cum_shaping=282.39 T=117 d_init=94.1 d_final=0.0
 Retrying in 1 seconds
[shaping_diag] success_cum_shaping=282.39 T=103 d_init=94.1 d_final=0.0
 Retrying in 1 seconds
[shaping_diag] success_cum_shaping=282.39 T=105 d_init=94.1 d_final=0.0
 Retrying in 1 seconds
[shaping_diag] success_cum_shaping=282.39 T=105 d_init=94.1 d_final=0.0
 Retrying in 1 seconds
[shaping_diag] success_cum_shaping=282.39 T=107 d_init=94.1 d_final=0.0
 Retrying in 1 seconds
[shaping_diag] success_cum_shaping=282.39 T=104 d_init=94.1 d_final=0.0
 Retrying in 1 seconds
[shaping_diag] success_cum_shaping=282.39 T=103 d_init=94.1 d_final=0.0
 Retrying in 1 seconds
[shaping_diag] success_cum_shaping=282.39 T=103 d_init=94.1 d_final=0.0
 Retrying in 1 seconds
[shaping_diag] success_cum_shaping=282.39 T=103 d_init=94.1 d_final=0.0
 Retrying in 1 seconds
[shaping_diag] success_cum_shaping=282.39 T=105 d_init=94.1 d_final=0.0
 Retrying in 1 seconds
 Retrying in 1 seconds
[shaping_diag] success_cum_shaping=282.39 T=104 d_init=94.1 d_final=0.0
 Retrying in 1 seconds
[shaping_diag] success_cum_shaping=282.39 T=102 d_init=94.1 d_final=0.0
 Retrying in 1 seconds
 Retrying in 1 seconds
[shaping_diag] success_cum_shaping=282.39 T=105 d_init=94.1 d_final=0.0
 Retrying in 1 seconds
[shaping_diag] success_cum_shaping=282.39 T=103 d_init=94.1 d_final=0.0
 Retrying in 1 seconds
[shaping_diag] success_cum_shaping=282.39 T=104 d_init=94.1 d_final=0.0
 Retrying in 1 seconds
[shaping_diag] success_cum_shaping=282.39 T=105 d_init=94.1 d_final=0.0
 Retrying in 1 seconds
[shaping_diag] success_cum_shaping=282.39 T=103 d_init=94.1 d_final=0.0
 Retrying in 1 seconds
[shaping_diag] success_cum_shaping=282.39 T=103 d_init=94.1 d_final=0.0
 Retrying in 1 seconds
[shaping_diag] success_cum_shaping=282.39 T=120 d_init=94.1 d_final=0.0
 Retrying in 1 seconds
[shaping_diag] success_cum_shaping=282.39 T=108 d_init=94.1 d_final=0.0
Warning: Vehicle 'other' performs emergency braking on lane ':center_8_0' with decel=9.00, wished=6.00, severity=1.00, time=7.20.
Warning: Vehicle 'ego'; junction collision with vehicle 'other', lane=':center_4_0', gap=-1.00, time=7.60 stage=move.
 Retrying in 1 seconds
 Retrying in 1 seconds
[shaping_diag] success_cum_shaping=282.39 T=103 d_init=94.1 d_final=0.0
 Retrying in 1 seconds
[shaping_diag] success_cum_shaping=282.39 T=103 d_init=94.1 d_final=0.0
 Retrying in 1 seconds
[shaping_diag] success_cum_shaping=282.39 T=103 d_init=94.1 d_final=0.0
 Retrying in 1 seconds
[shaping_diag] success_cum_shaping=282.39 T=103 d_init=94.1 d_final=0.0
 Retrying in 1 seconds
[shaping_diag] success_cum_shaping=282.39 T=105 d_init=94.1 d_final=0.0
 Retrying in 1 seconds
[shaping_diag] success_cum_shaping=282.39 T=104 d_init=94.1 d_final=0.0
 Retrying in 1 seconds
[shaping_diag] success_cum_shaping=282.39 T=103 d_init=94.1 d_final=0.0
 Retrying in 1 seconds
[shaping_diag] success_cum_shaping=282.39 T=103 d_init=94.1 d_final=0.0
 Retrying in 1 seconds
[shaping_diag] success_cum_shaping=282.39 T=102 d_init=94.1 d_final=0.0
 Retrying in 1 seconds
[shaping_diag] success_cum_shaping=282.39 T=103 d_init=94.1 d_final=0.0
 Retrying in 1 seconds
[shaping_diag] success_cum_shaping=282.39 T=103 d_init=94.1 d_final=0.0
 Retrying in 1 seconds
[shaping_diag] success_cum_shaping=282.39 T=103 d_init=94.1 d_final=0.0
 Retrying in 1 seconds
[shaping_diag] success_cum_shaping=282.39 T=122 d_init=94.1 d_final=0.0
 Retrying in 1 seconds
[shaping_diag] success_cum_shaping=282.39 T=103 d_init=94.1 d_final=0.0
 Retrying in 1 seconds
[shaping_diag] success_cum_shaping=282.39 T=103 d_init=94.1 d_final=0.0
 Retrying in 1 seconds
[shaping_diag] success_cum_shaping=282.39 T=104 d_init=94.1 d_final=0.0
 Retrying in 1 seconds
[shaping_diag] success_cum_shaping=282.39 T=105 d_init=94.1 d_final=0.0
 Retrying in 1 seconds
[shaping_diag] success_cum_shaping=282.39 T=116 d_init=94.1 d_final=0.0
 Retrying in 1 seconds
[shaping_diag] success_cum_shaping=282.39 T=107 d_init=94.1 d_final=0.0
 Retrying in 1 seconds
[shaping_diag] success_cum_shaping=282.39 T=102 d_init=94.1 d_final=0.0
 Retrying in 1 seconds
[shaping_diag] success_cum_shaping=282.39 T=103 d_init=94.1 d_final=0.0
 Retrying in 1 seconds
[shaping_diag] success_cum_shaping=282.39 T=105 d_init=94.1 d_final=0.0
 Retrying in 1 seconds
[shaping_diag] success_cum_shaping=282.39 T=103 d_init=94.1 d_final=0.0
 Retrying in 1 seconds
[shaping_diag] success_cum_shaping=282.39 T=104 d_init=94.1 d_final=0.0
 Retrying in 1 seconds
[shaping_diag] success_cum_shaping=282.39 T=103 d_init=94.1 d_final=0.0
 Retrying in 1 seconds
[shaping_diag] success_cum_shaping=282.39 T=105 d_init=94.1 d_final=0.0
 Retrying in 1 seconds
[shaping_diag] success_cum_shaping=282.39 T=103 d_init=94.1 d_final=0.0
 Retrying in 1 seconds
[shaping_diag] success_cum_shaping=282.39 T=107 d_init=94.1 d_final=0.0
 Retrying in 1 seconds
[shaping_diag] success_cum_shaping=282.39 T=103 d_init=94.1 d_final=0.0
 Retrying in 1 seconds
[shaping_diag] success_cum_shaping=282.39 T=112 d_init=94.1 d_final=0.0
 Retrying in 1 seconds
 Retrying in 1 seconds
[shaping_diag] success_cum_shaping=282.39 T=103 d_init=94.1 d_final=0.0
 Retrying in 1 seconds
[shaping_diag] success_cum_shaping=282.39 T=103 d_init=94.1 d_final=0.0
 Retrying in 1 seconds
[shaping_diag] success_cum_shaping=282.39 T=102 d_init=94.1 d_final=0.0
 Retrying in 1 seconds
[shaping_diag] success_cum_shaping=282.39 T=103 d_init=94.1 d_final=0.0
 Retrying in 1 seconds
[shaping_diag] success_cum_shaping=282.39 T=103 d_init=94.1 d_final=0.0
 Retrying in 1 seconds
[shaping_diag] success_cum_shaping=282.39 T=111 d_init=94.1 d_final=0.0
Warning: Vehicle 'ego'; junction collision with vehicle 'other', lane=':center_4_0', gap=-1.00, time=7.40 stage=move.
 Retrying in 1 seconds
 Retrying in 1 seconds
[shaping_diag] success_cum_shaping=282.39 T=103 d_init=94.1 d_final=0.0
 Retrying in 1 seconds
[shaping_diag] success_cum_shaping=282.39 T=111 d_init=94.1 d_final=0.0
 Retrying in 1 seconds
[shaping_diag] success_cum_shaping=282.39 T=106 d_init=94.1 d_final=0.0
 Retrying in 1 seconds
[shaping_diag] success_cum_shaping=282.39 T=103 d_init=94.1 d_final=0.0
 Retrying in 1 seconds
[shaping_diag] success_cum_shaping=282.39 T=103 d_init=94.1 d_final=0.0
Warning: Vehicle 'other' performs emergency braking on lane ':center_8_0' with decel=9.00, wished=5.00, severity=1.00, time=7.30.
 Retrying in 1 seconds
[shaping_diag] success_cum_shaping=282.39 T=105 d_init=94.1 d_final=0.0
 Retrying in 1 seconds
[shaping_diag] success_cum_shaping=282.39 T=103 d_init=94.1 d_final=0.0
 Retrying in 1 seconds
[shaping_diag] success_cum_shaping=282.39 T=103 d_init=94.1 d_final=0.0
 Retrying in 1 seconds
[shaping_diag] success_cum_shaping=282.39 T=104 d_init=94.1 d_final=0.0
 Retrying in 1 seconds
[shaping_diag] success_cum_shaping=282.39 T=106 d_init=94.1 d_final=0.0
 Retrying in 1 seconds
[shaping_diag] success_cum_shaping=282.39 T=108 d_init=94.1 d_final=0.0
 Retrying in 1 seconds
[shaping_diag] success_cum_shaping=282.39 T=104 d_init=94.1 d_final=0.0
 Retrying in 1 seconds
[shaping_diag] success_cum_shaping=282.39 T=103 d_init=94.1 d_final=0.0
 Retrying in 1 seconds
[shaping_diag] success_cum_shaping=282.39 T=103 d_init=94.1 d_final=0.0
 Retrying in 1 seconds
[shaping_diag] success_cum_shaping=282.39 T=103 d_init=94.1 d_final=0.0
Warning: Vehicle 'other' performs emergency braking on lane ':center_8_0' with decel=9.00, wished=7.00, severity=1.00, time=7.40.
 Retrying in 1 seconds
[shaping_diag] success_cum_shaping=282.39 T=106 d_init=94.1 d_final=0.0
 Retrying in 1 seconds
[shaping_diag] success_cum_shaping=282.39 T=103 d_init=94.1 d_final=0.0
 Retrying in 1 seconds
[shaping_diag] success_cum_shaping=282.39 T=103 d_init=94.1 d_final=0.0
 Retrying in 1 seconds
[shaping_diag] success_cum_shaping=282.39 T=109 d_init=94.1 d_final=0.0
 Retrying in 1 seconds
[shaping_diag] success_cum_shaping=282.39 T=105 d_init=94.1 d_final=0.0
 Retrying in 1 seconds
[shaping_diag] success_cum_shaping=282.39 T=105 d_init=94.1 d_final=0.0
 Retrying in 1 seconds
[shaping_diag] success_cum_shaping=282.39 T=105 d_init=94.1 d_final=0.0
 Retrying in 1 seconds
[shaping_diag] success_cum_shaping=282.39 T=103 d_init=94.1 d_final=0.0
 Retrying in 1 seconds
[shaping_diag] success_cum_shaping=282.39 T=113 d_init=94.1 d_final=0.0
 Retrying in 1 seconds
[shaping_diag] success_cum_shaping=282.39 T=104 d_init=94.1 d_final=0.0
 Retrying in 1 seconds
[shaping_diag] success_cum_shaping=282.39 T=106 d_init=94.1 d_final=0.0
 Retrying in 1 seconds
[shaping_diag] success_cum_shaping=282.39 T=105 d_init=94.1 d_final=0.0
 Retrying in 1 seconds
[shaping_diag] success_cum_shaping=282.39 T=103 d_init=94.1 d_final=0.0
 Retrying in 1 seconds
[shaping_diag] success_cum_shaping=282.39 T=105 d_init=94.1 d_final=0.0
 Retrying in 1 seconds
[shaping_diag] success_cum_shaping=282.39 T=125 d_init=94.1 d_final=0.0
 Retrying in 1 seconds
[shaping_diag] success_cum_shaping=282.39 T=102 d_init=94.1 d_final=0.0
 Retrying in 1 seconds
[shaping_diag] success_cum_shaping=282.39 T=104 d_init=94.1 d_final=0.0
 Retrying in 1 seconds
 Retrying in 1 seconds
[shaping_diag] success_cum_shaping=282.39 T=102 d_init=94.1 d_final=0.0
 Retrying in 1 seconds
[shaping_diag] success_cum_shaping=282.39 T=102 d_init=94.1 d_final=0.0
 Retrying in 1 seconds
[shaping_diag] success_cum_shaping=282.39 T=102 d_init=94.1 d_final=0.0
Warning: Vehicle 'other' performs emergency braking on lane ':center_8_0' with decel=9.00, wished=5.00, severity=1.00, time=7.10.
 Retrying in 1 seconds
 Retrying in 1 seconds
[shaping_diag] success_cum_shaping=282.39 T=102 d_init=94.1 d_final=0.0
Warning: Vehicle 'other' performs emergency braking on lane ':center_8_0' with decel=9.00, wished=6.00, severity=1.00, time=7.10.
 Retrying in 1 seconds
[shaping_diag] success_cum_shaping=282.39 T=102 d_init=94.1 d_final=0.0
 Retrying in 1 seconds
[shaping_diag] success_cum_shaping=282.39 T=102 d_init=94.1 d_final=0.0
 Retrying in 1 seconds
[shaping_diag] success_cum_shaping=282.39 T=102 d_init=94.1 d_final=0.0
 Retrying in 1 seconds
[shaping_diag] success_cum_shaping=282.39 T=102 d_init=94.1 d_final=0.0
 Retrying in 1 seconds
[shaping_diag] success_cum_shaping=282.39 T=102 d_init=94.1 d_final=0.0
[cbf_aux] step=208896 ret=360.59 coll=1 ttc=6.24 cbf_res=0.0000
 Retrying in 1 seconds
[shaping_diag] success_cum_shaping=282.39 T=112 d_init=94.1 d_final=0.0
 Retrying in 1 seconds
[shaping_diag] success_cum_shaping=282.39 T=110 d_init=94.1 d_final=0.0
 Retrying in 1 seconds
 Retrying in 1 seconds
[shaping_diag] success_cum_shaping=282.39 T=104 d_init=94.1 d_final=0.0
 Retrying in 1 seconds
[shaping_diag] success_cum_shaping=282.39 T=107 d_init=94.1 d_final=0.0
 Retrying in 1 seconds
[shaping_diag] success_cum_shaping=282.39 T=104 d_init=94.1 d_final=0.0
 Retrying in 1 seconds
[shaping_diag] success_cum_shaping=282.39 T=103 d_init=94.1 d_final=0.0
 Retrying in 1 seconds
[shaping_diag] success_cum_shaping=282.39 T=107 d_init=94.1 d_final=0.0
 Retrying in 1 seconds
[shaping_diag] success_cum_shaping=282.39 T=103 d_init=94.1 d_final=0.0
 Retrying in 1 seconds
[shaping_diag] success_cum_shaping=282.39 T=103 d_init=94.1 d_final=0.0
 Retrying in 1 seconds
[shaping_diag] success_cum_shaping=282.39 T=102 d_init=94.1 d_final=0.0
 Retrying in 1 seconds
[shaping_diag] success_cum_shaping=282.39 T=104 d_init=94.1 d_final=0.0
 Retrying in 1 seconds
[shaping_diag] success_cum_shaping=282.39 T=105 d_init=94.1 d_final=0.0
 Retrying in 1 seconds
[shaping_diag] success_cum_shaping=282.39 T=102 d_init=94.1 d_final=0.0
 Retrying in 1 seconds
[shaping_diag] success_cum_shaping=282.39 T=106 d_init=94.1 d_final=0.0
 Retrying in 1 seconds
[shaping_diag] success_cum_shaping=282.39 T=103 d_init=94.1 d_final=0.0
 Retrying in 1 seconds
[shaping_diag] success_cum_shaping=282.39 T=103 d_init=94.1 d_final=0.0
Warning: Vehicle 'other' performs emergency braking on lane ':center_8_0' with decel=9.00, wished=7.00, severity=1.00, time=7.10.
 Retrying in 1 seconds
[shaping_diag] success_cum_shaping=282.39 T=103 d_init=94.1 d_final=0.0
Warning: Vehicle 'ego'; junction collision with vehicle 'other', lane=':center_4_0', gap=-1.00, time=7.70 stage=move.
 Retrying in 1 seconds
 Retrying in 1 seconds
[shaping_diag] success_cum_shaping=282.39 T=103 d_init=94.1 d_final=0.0
 Retrying in 1 seconds
[shaping_diag] success_cum_shaping=282.39 T=103 d_init=94.1 d_final=0.0
 Retrying in 1 seconds
[shaping_diag] success_cum_shaping=282.39 T=103 d_init=94.1 d_final=0.0
 Retrying in 1 seconds
[shaping_diag] success_cum_shaping=282.39 T=106 d_init=94.1 d_final=0.0
 Retrying in 1 seconds
[shaping_diag] success_cum_shaping=282.39 T=106 d_init=94.1 d_final=0.0
 Retrying in 1 seconds
[shaping_diag] success_cum_shaping=282.39 T=104 d_init=94.1 d_final=0.0
 Retrying in 1 seconds
[shaping_diag] success_cum_shaping=282.39 T=107 d_init=94.1 d_final=0.0
 Retrying in 1 seconds
[shaping_diag] success_cum_shaping=282.39 T=107 d_init=94.1 d_final=0.0
 Retrying in 1 seconds
[shaping_diag] success_cum_shaping=282.39 T=104 d_init=94.1 d_final=0.0
 Retrying in 1 seconds
[shaping_diag] success_cum_shaping=282.39 T=107 d_init=94.1 d_final=0.0
 Retrying in 1 seconds
[shaping_diag] success_cum_shaping=282.39 T=104 d_init=94.1 d_final=0.0
 Retrying in 1 seconds
[shaping_diag] success_cum_shaping=282.39 T=105 d_init=94.1 d_final=0.0
 Retrying in 1 seconds
[shaping_diag] success_cum_shaping=282.39 T=103 d_init=94.1 d_final=0.0
 Retrying in 1 seconds
[shaping_diag] success_cum_shaping=282.39 T=104 d_init=94.1 d_final=0.0
 Retrying in 1 seconds
[shaping_diag] success_cum_shaping=282.39 T=110 d_init=94.1 d_final=0.0
 Retrying in 1 seconds
[shaping_diag] success_cum_shaping=282.39 T=113 d_init=94.1 d_final=0.0
 Retrying in 1 seconds
[shaping_diag] success_cum_shaping=282.39 T=102 d_init=94.1 d_final=0.0
 Retrying in 1 seconds
[shaping_diag] success_cum_shaping=282.39 T=104 d_init=94.1 d_final=0.0
 Retrying in 1 seconds
[shaping_diag] success_cum_shaping=282.39 T=106 d_init=94.1 d_final=0.0
 Retrying in 1 seconds
[shaping_diag] success_cum_shaping=282.39 T=103 d_init=94.1 d_final=0.0
 Retrying in 1 seconds
 Retrying in 1 seconds
[shaping_diag] success_cum_shaping=282.39 T=104 d_init=94.1 d_final=0.0
 Retrying in 1 seconds
[shaping_diag] success_cum_shaping=282.39 T=103 d_init=94.1 d_final=0.0
 Retrying in 1 seconds
[shaping_diag] success_cum_shaping=282.39 T=105 d_init=94.1 d_final=0.0
 Retrying in 1 seconds
[shaping_diag] success_cum_shaping=282.39 T=103 d_init=94.1 d_final=0.0
 Retrying in 1 seconds
[shaping_diag] success_cum_shaping=282.39 T=106 d_init=94.1 d_final=0.0
 Retrying in 1 seconds
[shaping_diag] success_cum_shaping=282.39 T=103 d_init=94.1 d_final=0.0
 Retrying in 1 seconds
[shaping_diag] success_cum_shaping=282.39 T=106 d_init=94.1 d_final=0.0
 Retrying in 1 seconds
[shaping_diag] success_cum_shaping=282.39 T=104 d_init=94.1 d_final=0.0
 Retrying in 1 seconds
[shaping_diag] success_cum_shaping=282.39 T=103 d_init=94.1 d_final=0.0
 Retrying in 1 seconds
[shaping_diag] success_cum_shaping=282.39 T=104 d_init=94.1 d_final=0.0
 Retrying in 1 seconds
[shaping_diag] success_cum_shaping=282.39 T=103 d_init=94.1 d_final=0.0
 Retrying in 1 seconds
[shaping_diag] success_cum_shaping=282.39 T=108 d_init=94.1 d_final=0.0
 Retrying in 1 seconds
[shaping_diag] success_cum_shaping=282.39 T=110 d_init=94.1 d_final=0.0
 Retrying in 1 seconds
[shaping_diag] success_cum_shaping=282.39 T=103 d_init=94.1 d_final=0.0
 Retrying in 1 seconds
[shaping_diag] success_cum_shaping=282.39 T=105 d_init=94.1 d_final=0.0
 Retrying in 1 seconds
[shaping_diag] success_cum_shaping=282.39 T=118 d_init=94.1 d_final=0.0
 Retrying in 1 seconds
[shaping_diag] success_cum_shaping=282.39 T=102 d_init=94.1 d_final=0.0
 Retrying in 1 seconds
[shaping_diag] success_cum_shaping=282.39 T=103 d_init=94.1 d_final=0.0
 Retrying in 1 seconds
[shaping_diag] success_cum_shaping=282.39 T=103 d_init=94.1 d_final=0.0
 Retrying in 1 seconds
[shaping_diag] success_cum_shaping=282.39 T=103 d_init=94.1 d_final=0.0
 Retrying in 1 seconds
[shaping_diag] success_cum_shaping=282.39 T=103 d_init=94.1 d_final=0.0
 Retrying in 1 seconds
[shaping_diag] success_cum_shaping=282.39 T=106 d_init=94.1 d_final=0.0
 Retrying in 1 seconds
[shaping_diag] success_cum_shaping=282.39 T=104 d_init=94.1 d_final=0.0
 Retrying in 1 seconds
[shaping_diag] success_cum_shaping=282.39 T=107 d_init=94.1 d_final=0.0
 Retrying in 1 seconds
[shaping_diag] success_cum_shaping=282.39 T=103 d_init=94.1 d_final=0.0
 Retrying in 1 seconds
[shaping_diag] success_cum_shaping=282.39 T=104 d_init=94.1 d_final=0.0
 Retrying in 1 seconds
[shaping_diag] success_cum_shaping=282.39 T=102 d_init=94.1 d_final=0.0
 Retrying in 1 seconds
[shaping_diag] success_cum_shaping=282.39 T=103 d_init=94.1 d_final=0.0
 Retrying in 1 seconds
[shaping_diag] success_cum_shaping=282.39 T=102 d_init=94.1 d_final=0.0
 Retrying in 1 seconds
[shaping_diag] success_cum_shaping=282.39 T=105 d_init=94.1 d_final=0.0
 Retrying in 1 seconds
[shaping_diag] success_cum_shaping=282.39 T=103 d_init=94.1 d_final=0.0
 Retrying in 1 seconds
[shaping_diag] success_cum_shaping=282.39 T=104 d_init=94.1 d_final=0.0
 Retrying in 1 seconds
[shaping_diag] success_cum_shaping=282.39 T=103 d_init=94.1 d_final=0.0
 Retrying in 1 seconds
[shaping_diag] success_cum_shaping=282.39 T=102 d_init=94.1 d_final=0.0
 Retrying in 1 seconds
[shaping_diag] success_cum_shaping=282.39 T=105 d_init=94.1 d_final=0.0
 Retrying in 1 seconds
[shaping_diag] success_cum_shaping=282.39 T=103 d_init=94.1 d_final=0.0
 Retrying in 1 seconds
[shaping_diag] success_cum_shaping=282.39 T=103 d_init=94.1 d_final=0.0
 Retrying in 1 seconds
[shaping_diag] success_cum_shaping=282.39 T=103 d_init=94.1 d_final=0.0
 Retrying in 1 seconds
[shaping_diag] success_cum_shaping=282.39 T=106 d_init=94.1 d_final=0.0
Warning: Vehicle 'other' performs emergency braking on lane ':center_8_0' with decel=9.00, wished=5.00, severity=1.00, time=7.50.
 Retrying in 1 seconds
 Retrying in 1 seconds
[shaping_diag] success_cum_shaping=282.39 T=108 d_init=94.1 d_final=0.0
 Retrying in 1 seconds
[shaping_diag] success_cum_shaping=282.39 T=103 d_init=94.1 d_final=0.0
 Retrying in 1 seconds
[shaping_diag] success_cum_shaping=282.39 T=103 d_init=94.1 d_final=0.0
 Retrying in 1 seconds
[shaping_diag] success_cum_shaping=282.39 T=104 d_init=94.1 d_final=0.0
 Retrying in 1 seconds
[shaping_diag] success_cum_shaping=282.39 T=103 d_init=94.1 d_final=0.0
Warning: Vehicle 'other' performs emergency braking on lane ':center_8_0' with decel=9.00, wished=5.00, severity=1.00, time=7.30.
 Retrying in 1 seconds
[shaping_diag] success_cum_shaping=282.39 T=105 d_init=94.1 d_final=0.0
 Retrying in 1 seconds
[shaping_diag] success_cum_shaping=282.39 T=104 d_init=94.1 d_final=0.0
 Retrying in 1 seconds
[shaping_diag] success_cum_shaping=282.39 T=103 d_init=94.1 d_final=0.0
 Retrying in 1 seconds
[shaping_diag] success_cum_shaping=282.39 T=103 d_init=94.1 d_final=0.0
 Retrying in 1 seconds
[shaping_diag] success_cum_shaping=282.39 T=104 d_init=94.1 d_final=0.0
 Retrying in 1 seconds
[shaping_diag] success_cum_shaping=282.39 T=113 d_init=94.1 d_final=0.0
 Retrying in 1 seconds
[shaping_diag] success_cum_shaping=282.39 T=103 d_init=94.1 d_final=0.0
 Retrying in 1 seconds
[shaping_diag] success_cum_shaping=282.39 T=105 d_init=94.1 d_final=0.0
 Retrying in 1 seconds
[shaping_diag] success_cum_shaping=282.39 T=104 d_init=94.1 d_final=0.0
 Retrying in 1 seconds
[shaping_diag] success_cum_shaping=282.39 T=103 d_init=94.1 d_final=0.0
 Retrying in 1 seconds
[shaping_diag] success_cum_shaping=282.39 T=105 d_init=94.1 d_final=0.0
 Retrying in 1 seconds
[shaping_diag] success_cum_shaping=282.39 T=104 d_init=94.1 d_final=0.0
Warning: Vehicle 'other' performs emergency braking on lane ':center_8_0' with decel=9.00, wished=5.00, severity=1.00, time=7.30.
 Retrying in 1 seconds
[shaping_diag] success_cum_shaping=282.39 T=105 d_init=94.1 d_final=0.0
 Retrying in 1 seconds
[shaping_diag] success_cum_shaping=282.39 T=102 d_init=94.1 d_final=0.0
Warning: Vehicle 'other' performs emergency braking on lane ':center_8_0' with decel=9.00, wished=5.00, severity=1.00, time=7.20.
 Retrying in 1 seconds
[shaping_diag] success_cum_shaping=282.39 T=104 d_init=94.1 d_final=0.0
 Retrying in 1 seconds
[shaping_diag] success_cum_shaping=282.39 T=103 d_init=94.1 d_final=0.0
 Retrying in 1 seconds
[shaping_diag] success_cum_shaping=282.39 T=139 d_init=94.1 d_final=0.0
 Retrying in 1 seconds
[shaping_diag] success_cum_shaping=282.39 T=104 d_init=94.1 d_final=0.0
 Retrying in 1 seconds
[shaping_diag] success_cum_shaping=282.39 T=103 d_init=94.1 d_final=0.0
 Retrying in 1 seconds
[shaping_diag] success_cum_shaping=282.39 T=103 d_init=94.1 d_final=0.0
 Retrying in 1 seconds
[shaping_diag] success_cum_shaping=282.39 T=103 d_init=94.1 d_final=0.0
 Retrying in 1 seconds
[shaping_diag] success_cum_shaping=282.39 T=104 d_init=94.1 d_final=0.0
 Retrying in 1 seconds
[shaping_diag] success_cum_shaping=282.39 T=104 d_init=94.1 d_final=0.0
 Retrying in 1 seconds
[shaping_diag] success_cum_shaping=282.39 T=102 d_init=94.1 d_final=0.0
 Retrying in 1 seconds
[shaping_diag] success_cum_shaping=282.39 T=103 d_init=94.1 d_final=0.0
 Retrying in 1 seconds
[shaping_diag] success_cum_shaping=282.39 T=106 d_init=94.1 d_final=0.0
 Retrying in 1 seconds
[shaping_diag] success_cum_shaping=282.39 T=103 d_init=94.1 d_final=0.0
 Retrying in 1 seconds
[shaping_diag] success_cum_shaping=282.39 T=103 d_init=94.1 d_final=0.0
 Retrying in 1 seconds
[shaping_diag] success_cum_shaping=282.39 T=104 d_init=94.1 d_final=0.0
 Retrying in 1 seconds
[shaping_diag] success_cum_shaping=282.39 T=102 d_init=94.1 d_final=0.0
 Retrying in 1 seconds
[shaping_diag] success_cum_shaping=282.39 T=104 d_init=94.1 d_final=0.0
 Retrying in 1 seconds
[shaping_diag] success_cum_shaping=282.39 T=103 d_init=94.1 d_final=0.0
 Retrying in 1 seconds
[shaping_diag] success_cum_shaping=282.39 T=102 d_init=94.1 d_final=0.0
 Retrying in 1 seconds
[shaping_diag] success_cum_shaping=282.39 T=103 d_init=94.1 d_final=0.0
 Retrying in 1 seconds
 Retrying in 1 seconds
[shaping_diag] success_cum_shaping=282.39 T=103 d_init=94.1 d_final=0.0
 Retrying in 1 seconds
[shaping_diag] success_cum_shaping=282.39 T=103 d_init=94.1 d_final=0.0
 Retrying in 1 seconds
[shaping_diag] success_cum_shaping=282.39 T=104 d_init=94.1 d_final=0.0
 Retrying in 1 seconds
[shaping_diag] success_cum_shaping=282.39 T=103 d_init=94.1 d_final=0.0
 Retrying in 1 seconds
[shaping_diag] success_cum_shaping=282.39 T=103 d_init=94.1 d_final=0.0
 Retrying in 1 seconds
[shaping_diag] success_cum_shaping=282.39 T=104 d_init=94.1 d_final=0.0
Warning: Vehicle 'ego'; junction collision with vehicle 'other', lane=':center_4_0', gap=-1.00, time=7.20 stage=move.
 Retrying in 1 seconds
 Retrying in 1 seconds
[shaping_diag] success_cum_shaping=282.39 T=102 d_init=94.1 d_final=0.0
 Retrying in 1 seconds
[shaping_diag] success_cum_shaping=282.39 T=103 d_init=94.1 d_final=0.0
 Retrying in 1 seconds
[shaping_diag] success_cum_shaping=282.39 T=102 d_init=94.1 d_final=0.0
Warning: Vehicle 'other' performs emergency braking on lane ':center_8_0' with decel=9.00, wished=5.00, severity=1.00, time=7.20.
 Retrying in 1 seconds
[shaping_diag] success_cum_shaping=282.39 T=104 d_init=94.1 d_final=0.0
 Retrying in 1 seconds
[shaping_diag] success_cum_shaping=282.39 T=103 d_init=94.1 d_final=0.0
 Retrying in 1 seconds
[shaping_diag] success_cum_shaping=282.39 T=102 d_init=94.1 d_final=0.0
 Retrying in 1 seconds
[shaping_diag] success_cum_shaping=282.39 T=103 d_init=94.1 d_final=0.0
 Retrying in 1 seconds
[shaping_diag] success_cum_shaping=282.39 T=107 d_init=94.1 d_final=0.0
 Retrying in 1 seconds
[shaping_diag] success_cum_shaping=282.39 T=104 d_init=94.1 d_final=0.0
 Retrying in 1 seconds
[shaping_diag] success_cum_shaping=282.39 T=106 d_init=94.1 d_final=0.0
 Retrying in 1 seconds
[shaping_diag] success_cum_shaping=282.39 T=106 d_init=94.1 d_final=0.0
 Retrying in 1 seconds
[shaping_diag] success_cum_shaping=282.39 T=104 d_init=94.1 d_final=0.0
 Retrying in 1 seconds
[shaping_diag] success_cum_shaping=282.39 T=103 d_init=94.1 d_final=0.0
 Retrying in 1 seconds
[shaping_diag] success_cum_shaping=282.39 T=112 d_init=94.1 d_final=0.0
 Retrying in 1 seconds
[shaping_diag] success_cum_shaping=282.39 T=103 d_init=94.1 d_final=0.0
 Retrying in 1 seconds
[shaping_diag] success_cum_shaping=282.39 T=105 d_init=94.1 d_final=0.0
 Retrying in 1 seconds
[shaping_diag] success_cum_shaping=282.39 T=104 d_init=94.1 d_final=0.0
 Retrying in 1 seconds
[shaping_diag] success_cum_shaping=282.39 T=103 d_init=94.1 d_final=0.0
 Retrying in 1 seconds
[shaping_diag] success_cum_shaping=282.39 T=103 d_init=94.1 d_final=0.0
Warning: Vehicle 'other' performs emergency braking on lane ':center_8_0' with decel=9.00, wished=7.00, severity=1.00, time=7.20.
 Retrying in 1 seconds
[shaping_diag] success_cum_shaping=282.39 T=104 d_init=94.1 d_final=0.0
 Retrying in 1 seconds
[shaping_diag] success_cum_shaping=282.39 T=103 d_init=94.1 d_final=0.0
 Retrying in 1 seconds
[shaping_diag] success_cum_shaping=282.39 T=103 d_init=94.1 d_final=0.0
 Retrying in 1 seconds
[shaping_diag] success_cum_shaping=282.39 T=105 d_init=94.1 d_final=0.0
 Retrying in 1 seconds
[shaping_diag] success_cum_shaping=282.39 T=103 d_init=94.1 d_final=0.0
 Retrying in 1 seconds
[shaping_diag] success_cum_shaping=282.39 T=106 d_init=94.1 d_final=0.0
 Retrying in 1 seconds
[shaping_diag] success_cum_shaping=282.39 T=103 d_init=94.1 d_final=0.0
 Retrying in 1 seconds
[shaping_diag] success_cum_shaping=282.39 T=103 d_init=94.1 d_final=0.0
 Retrying in 1 seconds
[shaping_diag] success_cum_shaping=282.39 T=105 d_init=94.1 d_final=0.0
 Retrying in 1 seconds
[shaping_diag] success_cum_shaping=282.39 T=105 d_init=94.1 d_final=0.0
 Retrying in 1 seconds
[shaping_diag] success_cum_shaping=282.39 T=103 d_init=94.1 d_final=0.0
 Retrying in 1 seconds
[shaping_diag] success_cum_shaping=282.39 T=103 d_init=94.1 d_final=0.0
 Retrying in 1 seconds
[shaping_diag] success_cum_shaping=282.39 T=102 d_init=94.1 d_final=0.0
Warning: Vehicle 'ego'; junction collision with vehicle 'other', lane=':center_4_0', gap=-1.00, time=7.40 stage=move.
 Retrying in 1 seconds
 Retrying in 1 seconds
 Retrying in 1 seconds
[shaping_diag] success_cum_shaping=282.39 T=102 d_init=94.1 d_final=0.0
 Retrying in 1 seconds
[shaping_diag] success_cum_shaping=282.39 T=137 d_init=94.1 d_final=0.0
 Retrying in 1 seconds
[shaping_diag] success_cum_shaping=282.39 T=111 d_init=94.1 d_final=0.0
 Retrying in 1 seconds
[shaping_diag] success_cum_shaping=282.39 T=103 d_init=94.1 d_final=0.0
 Retrying in 1 seconds
[shaping_diag] success_cum_shaping=282.39 T=103 d_init=94.1 d_final=0.0
 Retrying in 1 seconds
[shaping_diag] success_cum_shaping=282.39 T=178 d_init=94.1 d_final=0.0
 Retrying in 1 seconds
[shaping_diag] success_cum_shaping=282.39 T=103 d_init=94.1 d_final=0.0
 Retrying in 1 seconds
[shaping_diag] success_cum_shaping=282.39 T=104 d_init=94.1 d_final=0.0
 Retrying in 1 seconds
[shaping_diag] success_cum_shaping=282.39 T=104 d_init=94.1 d_final=0.0
 Retrying in 1 seconds
[shaping_diag] success_cum_shaping=282.39 T=102 d_init=94.1 d_final=0.0
 Retrying in 1 seconds
[shaping_diag] success_cum_shaping=282.39 T=103 d_init=94.1 d_final=0.0
 Retrying in 1 seconds
[shaping_diag] success_cum_shaping=282.39 T=103 d_init=94.1 d_final=0.0
 Retrying in 1 seconds
[shaping_diag] success_cum_shaping=282.39 T=104 d_init=94.1 d_final=0.0
 Retrying in 1 seconds
[shaping_diag] success_cum_shaping=282.39 T=110 d_init=94.1 d_final=0.0
 Retrying in 1 seconds
[shaping_diag] success_cum_shaping=282.39 T=103 d_init=94.1 d_final=0.0
 Retrying in 1 seconds
[shaping_diag] success_cum_shaping=282.39 T=102 d_init=94.1 d_final=0.0
 Retrying in 1 seconds
[shaping_diag] success_cum_shaping=282.39 T=103 d_init=94.1 d_final=0.0
 Retrying in 1 seconds
[shaping_diag] success_cum_shaping=282.39 T=105 d_init=94.1 d_final=0.0
 Retrying in 1 seconds
[shaping_diag] success_cum_shaping=282.39 T=102 d_init=94.1 d_final=0.0
 Retrying in 1 seconds
[shaping_diag] success_cum_shaping=282.39 T=105 d_init=94.1 d_final=0.0
 Retrying in 1 seconds
[shaping_diag] success_cum_shaping=282.39 T=122 d_init=94.1 d_final=0.0
 Retrying in 1 seconds
[shaping_diag] success_cum_shaping=282.39 T=102 d_init=94.1 d_final=0.0
 Retrying in 1 seconds
[shaping_diag] success_cum_shaping=282.39 T=102 d_init=94.1 d_final=0.0
 Retrying in 1 seconds
[shaping_diag] success_cum_shaping=282.39 T=110 d_init=94.1 d_final=0.0
 Retrying in 1 seconds
[shaping_diag] success_cum_shaping=282.39 T=104 d_init=94.1 d_final=0.0
 Retrying in 1 seconds
[shaping_diag] success_cum_shaping=282.39 T=104 d_init=94.1 d_final=0.0
 Retrying in 1 seconds
[shaping_diag] success_cum_shaping=282.39 T=103 d_init=94.1 d_final=0.0
 Retrying in 1 seconds
[shaping_diag] success_cum_shaping=282.39 T=103 d_init=94.1 d_final=0.0
 Retrying in 1 seconds
[shaping_diag] success_cum_shaping=282.39 T=104 d_init=94.1 d_final=0.0
 Retrying in 1 seconds
[shaping_diag] success_cum_shaping=282.39 T=103 d_init=94.1 d_final=0.0
 Retrying in 1 seconds
[shaping_diag] success_cum_shaping=282.39 T=104 d_init=94.1 d_final=0.0
 Retrying in 1 seconds
[shaping_diag] success_cum_shaping=282.39 T=108 d_init=94.1 d_final=0.0
 Retrying in 1 seconds
[shaping_diag] success_cum_shaping=282.39 T=102 d_init=94.1 d_final=0.0
 Retrying in 1 seconds
[shaping_diag] success_cum_shaping=282.39 T=102 d_init=94.1 d_final=0.0
 Retrying in 1 seconds
[shaping_diag] success_cum_shaping=282.39 T=111 d_init=94.1 d_final=0.0
 Retrying in 1 seconds
 Retrying in 1 seconds
[shaping_diag] success_cum_shaping=282.39 T=103 d_init=94.1 d_final=0.0
 Retrying in 1 seconds
 Retrying in 1 seconds
[shaping_diag] success_cum_shaping=282.39 T=107 d_init=94.1 d_final=0.0
 Retrying in 1 seconds
[shaping_diag] success_cum_shaping=282.39 T=102 d_init=94.1 d_final=0.0
 Retrying in 1 seconds
[shaping_diag] success_cum_shaping=282.39 T=103 d_init=94.1 d_final=0.0
 Retrying in 1 seconds
[shaping_diag] success_cum_shaping=282.39 T=103 d_init=94.1 d_final=0.0
 Retrying in 1 seconds
[shaping_diag] success_cum_shaping=282.39 T=106 d_init=94.1 d_final=0.0
 Retrying in 1 seconds
[shaping_diag] success_cum_shaping=282.39 T=104 d_init=94.1 d_final=0.0
 Retrying in 1 seconds
[shaping_diag] success_cum_shaping=282.39 T=106 d_init=94.1 d_final=0.0
 Retrying in 1 seconds
[shaping_diag] success_cum_shaping=282.39 T=104 d_init=94.1 d_final=0.0
 Retrying in 1 seconds
[shaping_diag] success_cum_shaping=282.39 T=107 d_init=94.1 d_final=0.0
 Retrying in 1 seconds
[shaping_diag] success_cum_shaping=282.39 T=160 d_init=94.1 d_final=0.0
 Retrying in 1 seconds
[shaping_diag] success_cum_shaping=282.39 T=102 d_init=94.1 d_final=0.0
 Retrying in 1 seconds
[shaping_diag] success_cum_shaping=282.39 T=102 d_init=94.1 d_final=0.0
 Retrying in 1 seconds
[shaping_diag] success_cum_shaping=282.39 T=103 d_init=94.1 d_final=0.0
 Retrying in 1 seconds
[shaping_diag] success_cum_shaping=282.39 T=103 d_init=94.1 d_final=0.0
 Retrying in 1 seconds
[shaping_diag] success_cum_shaping=282.39 T=103 d_init=94.1 d_final=0.0
 Retrying in 1 seconds
[shaping_diag] success_cum_shaping=282.39 T=103 d_init=94.1 d_final=0.0
Warning: Vehicle 'other' performs emergency braking on lane ':center_8_0' with decel=9.00, wished=7.00, severity=1.00, time=7.30.
 Retrying in 1 seconds
[shaping_diag] success_cum_shaping=282.39 T=105 d_init=94.1 d_final=0.0
 Retrying in 1 seconds
[shaping_diag] success_cum_shaping=282.39 T=103 d_init=94.1 d_final=0.0
 Retrying in 1 seconds
 Retrying in 1 seconds
[shaping_diag] success_cum_shaping=282.39 T=107 d_init=94.1 d_final=0.0
 Retrying in 1 seconds
[shaping_diag] success_cum_shaping=282.39 T=103 d_init=94.1 d_final=0.0
 Retrying in 1 seconds
[shaping_diag] success_cum_shaping=282.39 T=105 d_init=94.1 d_final=0.0
 Retrying in 1 seconds
[shaping_diag] success_cum_shaping=282.39 T=102 d_init=94.1 d_final=0.0
 Retrying in 1 seconds
[shaping_diag] success_cum_shaping=282.39 T=104 d_init=94.1 d_final=0.0
 Retrying in 1 seconds
[shaping_diag] success_cum_shaping=282.39 T=103 d_init=94.1 d_final=0.0
 Retrying in 1 seconds
[shaping_diag] success_cum_shaping=282.39 T=102 d_init=94.1 d_final=0.0
 Retrying in 1 seconds
[shaping_diag] success_cum_shaping=282.39 T=103 d_init=94.1 d_final=0.0
 Retrying in 1 seconds
[shaping_diag] success_cum_shaping=282.39 T=104 d_init=94.1 d_final=0.0
 Retrying in 1 seconds
[shaping_diag] success_cum_shaping=282.39 T=103 d_init=94.1 d_final=0.0
 Retrying in 1 seconds
[shaping_diag] success_cum_shaping=282.39 T=104 d_init=94.1 d_final=0.0
 Retrying in 1 seconds
[shaping_diag] success_cum_shaping=282.39 T=103 d_init=94.1 d_final=0.0
 Retrying in 1 seconds
[shaping_diag] success_cum_shaping=282.39 T=102 d_init=94.1 d_final=0.0
 Retrying in 1 seconds
[shaping_diag] success_cum_shaping=282.39 T=105 d_init=94.1 d_final=0.0
 Retrying in 1 seconds
[shaping_diag] success_cum_shaping=282.39 T=104 d_init=94.1 d_final=0.0
 Retrying in 1 seconds
[shaping_diag] success_cum_shaping=282.39 T=104 d_init=94.1 d_final=0.0
Warning: Vehicle 'other2' performs emergency braking on lane ':center_8_0' with decel=9.00, wished=7.00, severity=1.00, time=8.70.
 Retrying in 1 seconds
[shaping_diag] success_cum_shaping=282.39 T=122 d_init=94.1 d_final=0.0
 Retrying in 1 seconds
[shaping_diag] success_cum_shaping=282.39 T=105 d_init=94.1 d_final=0.0
 Retrying in 1 seconds
[shaping_diag] success_cum_shaping=282.39 T=105 d_init=94.1 d_final=0.0
 Retrying in 1 seconds
[shaping_diag] success_cum_shaping=282.39 T=104 d_init=94.1 d_final=0.0
 Retrying in 1 seconds
 Retrying in 1 seconds
[shaping_diag] success_cum_shaping=282.39 T=102 d_init=94.1 d_final=0.0
 Retrying in 1 seconds
[shaping_diag] success_cum_shaping=282.39 T=104 d_init=94.1 d_final=0.0
 Retrying in 1 seconds
[shaping_diag] success_cum_shaping=282.39 T=103 d_init=94.1 d_final=0.0
Warning: Vehicle 'ego'; collision with vehicle 'other', lane='right_out_0', gap=-0.06, time=8.00 stage=move.
Warning: Vehicle 'ego'; junction collision with vehicle 'other', lane=':center_4_0', gap=-1.00, time=7.50 stage=move.
 Retrying in 1 seconds
 Retrying in 1 seconds
 Retrying in 1 seconds
[shaping_diag] success_cum_shaping=282.39 T=103 d_init=94.1 d_final=0.0
 Retrying in 1 seconds
[shaping_diag] success_cum_shaping=282.39 T=102 d_init=94.1 d_final=0.0
 Retrying in 1 seconds
[shaping_diag] success_cum_shaping=282.39 T=103 d_init=94.1 d_final=0.0
 Retrying in 1 seconds
[shaping_diag] success_cum_shaping=282.39 T=105 d_init=94.1 d_final=0.0
Warning: Vehicle 'ego'; junction collision with vehicle 'other', lane=':center_4_0', gap=-1.00, time=7.50 stage=move.
Warning: Vehicle 'other' performs emergency braking on lane ':center_8_0' with decel=9.00, wished=5.00, severity=1.00, time=7.10.
 Retrying in 1 seconds
 Retrying in 1 seconds
[shaping_diag] success_cum_shaping=282.39 T=103 d_init=94.1 d_final=0.0
 Retrying in 1 seconds
[shaping_diag] success_cum_shaping=282.39 T=104 d_init=94.1 d_final=0.0
 Retrying in 1 seconds
[shaping_diag] success_cum_shaping=282.39 T=112 d_init=94.1 d_final=0.0
 Retrying in 1 seconds
[shaping_diag] success_cum_shaping=282.39 T=105 d_init=94.1 d_final=0.0
 Retrying in 1 seconds
[shaping_diag] success_cum_shaping=282.39 T=103 d_init=94.1 d_final=0.0
Warning: Vehicle 'other' performs emergency braking on lane ':center_8_0' with decel=9.00, wished=7.00, severity=1.00, time=7.20.
 Retrying in 1 seconds
[shaping_diag] success_cum_shaping=282.39 T=104 d_init=94.1 d_final=0.0
 Retrying in 1 seconds
[shaping_diag] success_cum_shaping=282.39 T=103 d_init=94.1 d_final=0.0
 Retrying in 1 seconds
[shaping_diag] success_cum_shaping=282.39 T=102 d_init=94.1 d_final=0.0
 Retrying in 1 seconds
[shaping_diag] success_cum_shaping=282.39 T=103 d_init=94.1 d_final=0.0
Warning: Vehicle 'ego'; collision with vehicle 'other', lane='right_out_0', gap=-0.02, time=7.90 stage=move.
 Retrying in 1 seconds
 Retrying in 1 seconds
[shaping_diag] success_cum_shaping=282.39 T=119 d_init=94.1 d_final=0.0
 Retrying in 1 seconds
[shaping_diag] success_cum_shaping=282.39 T=102 d_init=94.1 d_final=0.0
 Retrying in 1 seconds
[shaping_diag] success_cum_shaping=282.39 T=103 d_init=94.1 d_final=0.0
 Retrying in 1 seconds
[shaping_diag] success_cum_shaping=282.39 T=103 d_init=94.1 d_final=0.0
 Retrying in 1 seconds
[shaping_diag] success_cum_shaping=282.39 T=103 d_init=94.1 d_final=0.0
 Retrying in 1 seconds
[shaping_diag] success_cum_shaping=282.39 T=103 d_init=94.1 d_final=0.0
 Retrying in 1 seconds
[shaping_diag] success_cum_shaping=282.39 T=102 d_init=94.1 d_final=0.0
 Retrying in 1 seconds
[shaping_diag] success_cum_shaping=282.39 T=103 d_init=94.1 d_final=0.0
 Retrying in 1 seconds
[shaping_diag] success_cum_shaping=282.39 T=102 d_init=94.1 d_final=0.0
 Retrying in 1 seconds
[shaping_diag] success_cum_shaping=282.39 T=102 d_init=94.1 d_final=0.0
 Retrying in 1 seconds
[shaping_diag] success_cum_shaping=282.39 T=103 d_init=94.1 d_final=0.0
 Retrying in 1 seconds
[shaping_diag] success_cum_shaping=282.39 T=103 d_init=94.1 d_final=0.0
 Retrying in 1 seconds
[shaping_diag] success_cum_shaping=282.39 T=104 d_init=94.1 d_final=0.0
 Retrying in 1 seconds
[shaping_diag] success_cum_shaping=282.39 T=103 d_init=94.1 d_final=0.0
 Retrying in 1 seconds
[shaping_diag] success_cum_shaping=282.39 T=165 d_init=94.1 d_final=0.0
 Retrying in 1 seconds
[shaping_diag] success_cum_shaping=282.39 T=142 d_init=94.1 d_final=0.0
 Retrying in 1 seconds
[shaping_diag] success_cum_shaping=282.39 T=104 d_init=94.1 d_final=0.0
 Retrying in 1 seconds
[shaping_diag] success_cum_shaping=282.39 T=102 d_init=94.1 d_final=0.0
 Retrying in 1 seconds
[shaping_diag] success_cum_shaping=282.39 T=103 d_init=94.1 d_final=0.0
Warning: Vehicle 'other' performs emergency braking on lane ':center_8_0' with decel=9.00, wished=7.00, severity=1.00, time=7.10.
 Retrying in 1 seconds
 Retrying in 1 seconds
[shaping_diag] success_cum_shaping=282.39 T=103 d_init=94.1 d_final=0.0
 Retrying in 1 seconds
[shaping_diag] success_cum_shaping=282.39 T=127 d_init=94.1 d_final=0.0
 Retrying in 1 seconds
[shaping_diag] success_cum_shaping=282.39 T=103 d_init=94.1 d_final=0.0
 Retrying in 1 seconds
[shaping_diag] success_cum_shaping=282.39 T=102 d_init=94.1 d_final=0.0
 Retrying in 1 seconds
[shaping_diag] success_cum_shaping=282.39 T=102 d_init=94.1 d_final=0.0
 Retrying in 1 seconds
[shaping_diag] success_cum_shaping=282.39 T=102 d_init=94.1 d_final=0.0
 Retrying in 1 seconds
[shaping_diag] success_cum_shaping=282.39 T=108 d_init=94.1 d_final=0.0
 Retrying in 1 seconds
[shaping_diag] success_cum_shaping=282.39 T=129 d_init=94.1 d_final=0.0
 Retrying in 1 seconds
[shaping_diag] success_cum_shaping=282.39 T=103 d_init=94.1 d_final=0.0
 Retrying in 1 seconds
[shaping_diag] success_cum_shaping=282.39 T=103 d_init=94.1 d_final=0.0
 Retrying in 1 seconds
[shaping_diag] success_cum_shaping=282.39 T=140 d_init=94.1 d_final=0.0
 Retrying in 1 seconds
[shaping_diag] success_cum_shaping=282.39 T=104 d_init=94.1 d_final=0.0
 Retrying in 1 seconds
[shaping_diag] success_cum_shaping=282.39 T=125 d_init=94.1 d_final=0.0
 Retrying in 1 seconds
[shaping_diag] success_cum_shaping=282.39 T=103 d_init=94.1 d_final=0.0
 Retrying in 1 seconds
[shaping_diag] success_cum_shaping=282.39 T=103 d_init=94.1 d_final=0.0
 Retrying in 1 seconds
[shaping_diag] success_cum_shaping=282.39 T=104 d_init=94.1 d_final=0.0
 Retrying in 1 seconds
[shaping_diag] success_cum_shaping=282.39 T=103 d_init=94.1 d_final=0.0
 Retrying in 1 seconds
[shaping_diag] success_cum_shaping=282.39 T=103 d_init=94.1 d_final=0.0
 Retrying in 1 seconds
[shaping_diag] success_cum_shaping=282.39 T=102 d_init=94.1 d_final=0.0
 Retrying in 1 seconds
[shaping_diag] success_cum_shaping=282.39 T=103 d_init=94.1 d_final=0.0
 Retrying in 1 seconds
[shaping_diag] success_cum_shaping=282.39 T=102 d_init=94.1 d_final=0.0
 Retrying in 1 seconds
[shaping_diag] success_cum_shaping=282.39 T=102 d_init=94.1 d_final=0.0
 Retrying in 1 seconds
[shaping_diag] success_cum_shaping=282.39 T=102 d_init=94.1 d_final=0.0
Warning: Vehicle 'other' performs emergency braking on lane ':center_8_0' with decel=9.00, wished=5.00, severity=1.00, time=7.10.
 Retrying in 1 seconds
 Retrying in 1 seconds
[shaping_diag] success_cum_shaping=282.39 T=103 d_init=94.1 d_final=0.0
 Retrying in 1 seconds
[shaping_diag] success_cum_shaping=282.39 T=103 d_init=94.1 d_final=0.0
 Retrying in 1 seconds
[shaping_diag] success_cum_shaping=282.39 T=103 d_init=94.1 d_final=0.0
 Retrying in 1 seconds
[shaping_diag] success_cum_shaping=282.39 T=102 d_init=94.1 d_final=0.0
 Retrying in 1 seconds
[shaping_diag] success_cum_shaping=282.39 T=102 d_init=94.1 d_final=0.0
 Retrying in 1 seconds
[shaping_diag] success_cum_shaping=282.39 T=104 d_init=94.1 d_final=0.0
 Retrying in 1 seconds
[shaping_diag] success_cum_shaping=282.39 T=102 d_init=94.1 d_final=0.0
 Retrying in 1 seconds
[shaping_diag] success_cum_shaping=282.39 T=102 d_init=94.1 d_final=0.0
 Retrying in 1 seconds
[shaping_diag] success_cum_shaping=282.39 T=102 d_init=94.1 d_final=0.0
 Retrying in 1 seconds
[shaping_diag] success_cum_shaping=282.39 T=103 d_init=94.1 d_final=0.0
 Retrying in 1 seconds
[shaping_diag] success_cum_shaping=282.39 T=103 d_init=94.1 d_final=0.0
 Retrying in 1 seconds
[shaping_diag] success_cum_shaping=282.39 T=104 d_init=94.1 d_final=0.0
Warning: Vehicle 'other' performs emergency braking on lane ':center_8_0' with decel=9.00, wished=6.00, severity=1.00, time=7.10.
Warning: Vehicle 'ego'; junction collision with vehicle 'other', lane=':center_4_0', gap=-1.00, time=7.30 stage=move.
 Retrying in 1 seconds
 Retrying in 1 seconds
[shaping_diag] success_cum_shaping=282.39 T=103 d_init=94.1 d_final=0.0
 Retrying in 1 seconds
[shaping_diag] success_cum_shaping=282.39 T=103 d_init=94.1 d_final=0.0
 Retrying in 1 seconds
 Retrying in 1 seconds
[shaping_diag] success_cum_shaping=282.39 T=103 d_init=94.1 d_final=0.0
 Retrying in 1 seconds
[shaping_diag] success_cum_shaping=282.39 T=106 d_init=94.1 d_final=0.0
 Retrying in 1 seconds
[shaping_diag] success_cum_shaping=282.39 T=103 d_init=94.1 d_final=0.0
 Retrying in 1 seconds
[shaping_diag] success_cum_shaping=282.39 T=132 d_init=94.1 d_final=0.0
 Retrying in 1 seconds
[shaping_diag] success_cum_shaping=282.39 T=129 d_init=94.1 d_final=0.0
 Retrying in 1 seconds
[shaping_diag] success_cum_shaping=282.39 T=103 d_init=94.1 d_final=0.0
 Retrying in 1 seconds
[shaping_diag] success_cum_shaping=282.39 T=109 d_init=94.1 d_final=0.0
 Retrying in 1 seconds
[shaping_diag] success_cum_shaping=282.39 T=105 d_init=94.1 d_final=0.0
 Retrying in 1 seconds
[shaping_diag] success_cum_shaping=282.39 T=104 d_init=94.1 d_final=0.0
 Retrying in 1 seconds
[shaping_diag] success_cum_shaping=282.39 T=103 d_init=94.1 d_final=0.0
 Retrying in 1 seconds
[shaping_diag] success_cum_shaping=282.39 T=108 d_init=94.1 d_final=0.0
 Retrying in 1 seconds
[shaping_diag] success_cum_shaping=282.39 T=144 d_init=94.1 d_final=0.0
 Retrying in 1 seconds
[shaping_diag] success_cum_shaping=282.39 T=102 d_init=94.1 d_final=0.0
 Retrying in 1 seconds
[shaping_diag] success_cum_shaping=282.39 T=104 d_init=94.1 d_final=0.0
 Retrying in 1 seconds
[shaping_diag] success_cum_shaping=282.39 T=105 d_init=94.1 d_final=0.0
 Retrying in 1 seconds
[shaping_diag] success_cum_shaping=282.39 T=131 d_init=94.1 d_final=0.0
 Retrying in 1 seconds
[shaping_diag] success_cum_shaping=282.39 T=172 d_init=94.1 d_final=0.0
 Retrying in 1 seconds
[shaping_diag] success_cum_shaping=282.39 T=165 d_init=94.1 d_final=0.0
 Retrying in 1 seconds
[shaping_diag] success_cum_shaping=282.39 T=167 d_init=94.1 d_final=0.0
 Retrying in 1 seconds
[shaping_diag] success_cum_shaping=282.39 T=103 d_init=94.1 d_final=0.0
 Retrying in 1 seconds
[shaping_diag] success_cum_shaping=282.39 T=122 d_init=94.1 d_final=0.0
 Retrying in 1 seconds
[shaping_diag] success_cum_shaping=282.39 T=104 d_init=94.1 d_final=0.0
 Retrying in 1 seconds
[shaping_diag] success_cum_shaping=282.39 T=110 d_init=94.1 d_final=0.0
 Retrying in 1 seconds
[shaping_diag] success_cum_shaping=282.39 T=103 d_init=94.1 d_final=0.0
 Retrying in 1 seconds
[shaping_diag] success_cum_shaping=282.39 T=123 d_init=94.1 d_final=0.0
 Retrying in 1 seconds
[shaping_diag] success_cum_shaping=282.39 T=104 d_init=94.1 d_final=0.0
 Retrying in 1 seconds
[shaping_diag] success_cum_shaping=282.39 T=132 d_init=94.1 d_final=0.0
 Retrying in 1 seconds
[shaping_diag] success_cum_shaping=282.39 T=102 d_init=94.1 d_final=0.0
 Retrying in 1 seconds
[shaping_diag] success_cum_shaping=282.39 T=104 d_init=94.1 d_final=0.0
 Retrying in 1 seconds
[shaping_diag] success_cum_shaping=282.39 T=115 d_init=94.1 d_final=0.0
 Retrying in 1 seconds
[shaping_diag] success_cum_shaping=282.39 T=108 d_init=94.1 d_final=0.0
 Retrying in 1 seconds
[shaping_diag] success_cum_shaping=282.39 T=113 d_init=94.1 d_final=0.0
 Retrying in 1 seconds
[shaping_diag] success_cum_shaping=282.39 T=142 d_init=94.1 d_final=0.0
 Retrying in 1 seconds
[shaping_diag] success_cum_shaping=282.39 T=105 d_init=94.1 d_final=0.0
 Retrying in 1 seconds
[shaping_diag] success_cum_shaping=282.39 T=103 d_init=94.1 d_final=0.0
 Retrying in 1 seconds
 Retrying in 1 seconds
[shaping_diag] success_cum_shaping=282.39 T=102 d_init=94.1 d_final=0.0
 Retrying in 1 seconds
[shaping_diag] success_cum_shaping=282.39 T=103 d_init=94.1 d_final=0.0
 Retrying in 1 seconds
[shaping_diag] success_cum_shaping=282.39 T=104 d_init=94.1 d_final=0.0
 Retrying in 1 seconds
[shaping_diag] success_cum_shaping=282.39 T=102 d_init=94.1 d_final=0.0
 Retrying in 1 seconds
[shaping_diag] success_cum_shaping=282.39 T=105 d_init=94.1 d_final=0.0
 Retrying in 1 seconds
[shaping_diag] success_cum_shaping=282.39 T=103 d_init=94.1 d_final=0.0
 Retrying in 1 seconds
[shaping_diag] success_cum_shaping=282.39 T=103 d_init=94.1 d_final=0.0
 Retrying in 1 seconds
[shaping_diag] success_cum_shaping=282.39 T=117 d_init=94.1 d_final=0.0
 Retrying in 1 seconds
[shaping_diag] success_cum_shaping=282.39 T=104 d_init=94.1 d_final=0.0
Warning: Vehicle 'other' performs emergency braking on lane ':center_8_0' with decel=9.00, wished=4.00, severity=1.00, time=8.30.
 Retrying in 1 seconds
[shaping_diag] success_cum_shaping=282.39 T=130 d_init=94.1 d_final=0.0
 Retrying in 1 seconds
[shaping_diag] success_cum_shaping=282.39 T=105 d_init=94.1 d_final=0.0
 Retrying in 1 seconds
[shaping_diag] success_cum_shaping=282.39 T=226 d_init=94.1 d_final=0.0
 Retrying in 1 seconds
[shaping_diag] success_cum_shaping=282.39 T=103 d_init=94.1 d_final=0.0
 Retrying in 1 seconds
[shaping_diag] success_cum_shaping=282.39 T=106 d_init=94.1 d_final=0.0
Warning: Vehicle 'other' performs emergency braking on lane ':center_8_0' with decel=9.00, wished=5.00, severity=1.00, time=7.30.
 Retrying in 1 seconds
[shaping_diag] success_cum_shaping=282.39 T=105 d_init=94.1 d_final=0.0
 Retrying in 1 seconds
[shaping_diag] success_cum_shaping=282.39 T=102 d_init=94.1 d_final=0.0
 Retrying in 1 seconds
[shaping_diag] success_cum_shaping=282.39 T=104 d_init=94.1 d_final=0.0
 Retrying in 1 seconds
[shaping_diag] success_cum_shaping=282.39 T=102 d_init=94.1 d_final=0.0
 Retrying in 1 seconds
[shaping_diag] success_cum_shaping=282.39 T=105 d_init=94.1 d_final=0.0
 Retrying in 1 seconds
[shaping_diag] success_cum_shaping=282.39 T=104 d_init=94.1 d_final=0.0
 Retrying in 1 seconds
[shaping_diag] success_cum_shaping=282.39 T=103 d_init=94.1 d_final=0.0
 Retrying in 1 seconds
[shaping_diag] success_cum_shaping=282.39 T=103 d_init=94.1 d_final=0.0
Warning: Vehicle 'other' performs emergency braking on lane ':center_8_0' with decel=9.00, wished=7.00, severity=1.00, time=7.50.
 Retrying in 1 seconds
 Retrying in 1 seconds
[shaping_diag] success_cum_shaping=282.39 T=189 d_init=94.1 d_final=0.0
 Retrying in 1 seconds
[shaping_diag] success_cum_shaping=282.39 T=113 d_init=94.1 d_final=0.0
 Retrying in 1 seconds
[shaping_diag] success_cum_shaping=282.39 T=104 d_init=94.1 d_final=0.0
 Retrying in 1 seconds
[shaping_diag] success_cum_shaping=282.39 T=105 d_init=94.1 d_final=0.0
 Retrying in 1 seconds
[shaping_diag] success_cum_shaping=282.39 T=103 d_init=94.1 d_final=0.0
 Retrying in 1 seconds
[shaping_diag] success_cum_shaping=282.39 T=104 d_init=94.1 d_final=0.0
 Retrying in 1 seconds
[shaping_diag] success_cum_shaping=282.39 T=104 d_init=94.1 d_final=0.0
 Retrying in 1 seconds
[shaping_diag] success_cum_shaping=282.39 T=103 d_init=94.1 d_final=0.0
 Retrying in 1 seconds
[shaping_diag] success_cum_shaping=282.39 T=217 d_init=94.1 d_final=0.0
 Retrying in 1 seconds
[shaping_diag] success_cum_shaping=282.39 T=109 d_init=94.1 d_final=0.0
 Retrying in 1 seconds
[shaping_diag] success_cum_shaping=282.39 T=103 d_init=94.1 d_final=0.0
 Retrying in 1 seconds
[shaping_diag] success_cum_shaping=282.39 T=184 d_init=94.1 d_final=0.0
 Retrying in 1 seconds
 Retrying in 1 seconds
[shaping_diag] success_cum_shaping=282.39 T=102 d_init=94.1 d_final=0.0
 Retrying in 1 seconds
[shaping_diag] success_cum_shaping=282.39 T=102 d_init=94.1 d_final=0.0
 Retrying in 1 seconds
[shaping_diag] success_cum_shaping=282.39 T=102 d_init=94.1 d_final=0.0
 Retrying in 1 seconds
[shaping_diag] success_cum_shaping=282.39 T=102 d_init=94.1 d_final=0.0
 Retrying in 1 seconds
[shaping_diag] success_cum_shaping=282.39 T=102 d_init=94.1 d_final=0.0
 Retrying in 1 seconds
[shaping_diag] success_cum_shaping=282.39 T=102 d_init=94.1 d_final=0.0
 Retrying in 1 seconds
[shaping_diag] success_cum_shaping=282.39 T=102 d_init=94.1 d_final=0.0
 Retrying in 1 seconds
[shaping_diag] success_cum_shaping=282.39 T=102 d_init=94.1 d_final=0.0
 Retrying in 1 seconds
[shaping_diag] success_cum_shaping=282.39 T=102 d_init=94.1 d_final=0.0
 Retrying in 1 seconds
[shaping_diag] success_cum_shaping=282.39 T=102 d_init=94.1 d_final=0.0
[cbf_aux] step=249856 ret=369.36 coll=0 ttc=5.93 cbf_res=0.0000
 Retrying in 1 seconds
[shaping_diag] success_cum_shaping=282.39 T=105 d_init=94.1 d_final=0.0
 Retrying in 1 seconds
[shaping_diag] success_cum_shaping=282.39 T=102 d_init=94.1 d_final=0.0
 Retrying in 1 seconds
[shaping_diag] success_cum_shaping=282.39 T=111 d_init=94.1 d_final=0.0
 Retrying in 1 seconds
[shaping_diag] success_cum_shaping=282.39 T=127 d_init=94.1 d_final=0.0
 Retrying in 1 seconds
[shaping_diag] success_cum_shaping=282.39 T=182 d_init=94.1 d_final=0.0
 Retrying in 1 seconds
[shaping_diag] success_cum_shaping=282.39 T=102 d_init=94.1 d_final=0.0
 Retrying in 1 seconds
[shaping_diag] success_cum_shaping=282.39 T=103 d_init=94.1 d_final=0.0
 Retrying in 1 seconds
[shaping_diag] success_cum_shaping=282.39 T=105 d_init=94.1 d_final=0.0
 Retrying in 1 seconds
[shaping_diag] success_cum_shaping=282.39 T=104 d_init=94.1 d_final=0.0
 Retrying in 1 seconds
[shaping_diag] success_cum_shaping=282.39 T=104 d_init=94.1 d_final=0.0
 Retrying in 1 seconds
[shaping_diag] success_cum_shaping=282.39 T=245 d_init=94.1 d_final=0.0
 Retrying in 1 seconds
[shaping_diag] success_cum_shaping=282.39 T=135 d_init=94.1 d_final=0.0
 Retrying in 1 seconds
[shaping_diag] success_cum_shaping=282.39 T=103 d_init=94.1 d_final=0.0
 Retrying in 1 seconds
[shaping_diag] success_cum_shaping=282.39 T=104 d_init=94.1 d_final=0.0
 Retrying in 1 seconds
[shaping_diag] success_cum_shaping=282.39 T=102 d_init=94.1 d_final=0.0
 Retrying in 1 seconds
[shaping_diag] success_cum_shaping=282.39 T=103 d_init=94.1 d_final=0.0
 Retrying in 1 seconds
[shaping_diag] success_cum_shaping=282.39 T=104 d_init=94.1 d_final=0.0
 Retrying in 1 seconds
[shaping_diag] success_cum_shaping=282.39 T=103 d_init=94.1 d_final=0.0
 Retrying in 1 seconds
[shaping_diag] success_cum_shaping=282.39 T=103 d_init=94.1 d_final=0.0
 Retrying in 1 seconds
[shaping_diag] success_cum_shaping=282.39 T=218 d_init=94.1 d_final=0.0
Warning: Vehicle 'ego'; junction collision with vehicle 'other', lane=':center_4_0', gap=-1.00, time=7.20 stage=move.
 Retrying in 1 seconds
 Retrying in 1 seconds
[shaping_diag] success_cum_shaping=282.39 T=103 d_init=94.1 d_final=0.0
Warning: Vehicle 'ego'; collision with vehicle 'other', lane='right_out_0', gap=-2.10, time=7.70 stage=move.
 Retrying in 1 seconds
 Retrying in 1 seconds
[shaping_diag] success_cum_shaping=282.39 T=107 d_init=94.1 d_final=0.0
 Retrying in 1 seconds
[shaping_diag] success_cum_shaping=282.39 T=106 d_init=94.1 d_final=0.0
 Retrying in 1 seconds
[shaping_diag] success_cum_shaping=282.39 T=103 d_init=94.1 d_final=0.0
 Retrying in 1 seconds
[shaping_diag] success_cum_shaping=282.39 T=105 d_init=94.1 d_final=0.0
 Retrying in 1 seconds
[shaping_diag] success_cum_shaping=282.39 T=105 d_init=94.1 d_final=0.0
 Retrying in 1 seconds
[shaping_diag] success_cum_shaping=282.39 T=105 d_init=94.1 d_final=0.0
 Retrying in 1 seconds
[shaping_diag] success_cum_shaping=282.39 T=160 d_init=94.1 d_final=0.0
 Retrying in 1 seconds
[shaping_diag] success_cum_shaping=282.39 T=103 d_init=94.1 d_final=0.0
 Retrying in 1 seconds
[shaping_diag] success_cum_shaping=282.39 T=104 d_init=94.1 d_final=0.0
 Retrying in 1 seconds
[shaping_diag] success_cum_shaping=282.39 T=103 d_init=94.1 d_final=0.0
 Retrying in 1 seconds
[shaping_diag] success_cum_shaping=282.39 T=102 d_init=94.1 d_final=0.0
 Retrying in 1 seconds
[shaping_diag] success_cum_shaping=282.39 T=103 d_init=94.1 d_final=0.0
 Retrying in 1 seconds
 Retrying in 1 seconds
[shaping_diag] success_cum_shaping=282.39 T=105 d_init=94.1 d_final=0.0
 Retrying in 1 seconds
[shaping_diag] success_cum_shaping=282.39 T=103 d_init=94.1 d_final=0.0
 Retrying in 1 seconds
[shaping_diag] success_cum_shaping=282.39 T=106 d_init=94.1 d_final=0.0
 Retrying in 1 seconds
[shaping_diag] success_cum_shaping=282.39 T=125 d_init=94.1 d_final=0.0
 Retrying in 1 seconds
[shaping_diag] success_cum_shaping=282.39 T=103 d_init=94.1 d_final=0.0
 Retrying in 1 seconds
[shaping_diag] success_cum_shaping=282.39 T=104 d_init=94.1 d_final=0.0
 Retrying in 1 seconds
[shaping_diag] success_cum_shaping=282.39 T=104 d_init=94.1 d_final=0.0
 Retrying in 1 seconds
[shaping_diag] success_cum_shaping=282.39 T=104 d_init=94.1 d_final=0.0
 Retrying in 1 seconds
[shaping_diag] success_cum_shaping=282.39 T=103 d_init=94.1 d_final=0.0
 Retrying in 1 seconds
[shaping_diag] success_cum_shaping=282.39 T=108 d_init=94.1 d_final=0.0
 Retrying in 1 seconds
[shaping_diag] success_cum_shaping=282.39 T=103 d_init=94.1 d_final=0.0
 Retrying in 1 seconds
[shaping_diag] success_cum_shaping=282.39 T=104 d_init=94.1 d_final=0.0
 Retrying in 1 seconds
[shaping_diag] success_cum_shaping=282.39 T=104 d_init=94.1 d_final=0.0
 Retrying in 1 seconds
[shaping_diag] success_cum_shaping=282.39 T=104 d_init=94.1 d_final=0.0
 Retrying in 1 seconds
[shaping_diag] success_cum_shaping=282.39 T=103 d_init=94.1 d_final=0.0
 Retrying in 1 seconds
[shaping_diag] success_cum_shaping=282.39 T=103 d_init=94.1 d_final=0.0
 Retrying in 1 seconds
[shaping_diag] success_cum_shaping=282.39 T=106 d_init=94.1 d_final=0.0
 Retrying in 1 seconds
[shaping_diag] success_cum_shaping=282.39 T=103 d_init=94.1 d_final=0.0
 Retrying in 1 seconds
[shaping_diag] success_cum_shaping=282.39 T=114 d_init=94.1 d_final=0.0
 Retrying in 1 seconds
[shaping_diag] success_cum_shaping=282.39 T=109 d_init=94.1 d_final=0.0
 Retrying in 1 seconds
[shaping_diag] success_cum_shaping=282.39 T=105 d_init=94.1 d_final=0.0
 Retrying in 1 seconds
[shaping_diag] success_cum_shaping=282.39 T=109 d_init=94.1 d_final=0.0
 Retrying in 1 seconds
[shaping_diag] success_cum_shaping=282.39 T=105 d_init=94.1 d_final=0.0
 Retrying in 1 seconds
[shaping_diag] success_cum_shaping=282.39 T=102 d_init=94.1 d_final=0.0
 Retrying in 1 seconds
[shaping_diag] success_cum_shaping=282.39 T=106 d_init=94.1 d_final=0.0
 Retrying in 1 seconds
[shaping_diag] success_cum_shaping=282.39 T=111 d_init=94.1 d_final=0.0
 Retrying in 1 seconds
[shaping_diag] success_cum_shaping=282.39 T=103 d_init=94.1 d_final=0.0
 Retrying in 1 seconds
[shaping_diag] success_cum_shaping=282.39 T=104 d_init=94.1 d_final=0.0
 Retrying in 1 seconds
[shaping_diag] success_cum_shaping=282.39 T=104 d_init=94.1 d_final=0.0
 Retrying in 1 seconds
[shaping_diag] success_cum_shaping=282.39 T=103 d_init=94.1 d_final=0.0
 Retrying in 1 seconds
[shaping_diag] success_cum_shaping=282.39 T=115 d_init=94.1 d_final=0.0
 Retrying in 1 seconds
[shaping_diag] success_cum_shaping=282.39 T=107 d_init=94.1 d_final=0.0
 Retrying in 1 seconds
[shaping_diag] success_cum_shaping=282.39 T=103 d_init=94.1 d_final=0.0
 Retrying in 1 seconds
[shaping_diag] success_cum_shaping=282.39 T=103 d_init=94.1 d_final=0.0
 Retrying in 1 seconds
[shaping_diag] success_cum_shaping=282.39 T=105 d_init=94.1 d_final=0.0
 Retrying in 1 seconds
[shaping_diag] success_cum_shaping=282.39 T=116 d_init=94.1 d_final=0.0
 Retrying in 1 seconds
[shaping_diag] success_cum_shaping=282.39 T=116 d_init=94.1 d_final=0.0
 Retrying in 1 seconds
[shaping_diag] success_cum_shaping=282.39 T=104 d_init=94.1 d_final=0.0
 Retrying in 1 seconds
 Retrying in 1 seconds
[shaping_diag] success_cum_shaping=282.39 T=103 d_init=94.1 d_final=0.0
 Retrying in 1 seconds
[shaping_diag] success_cum_shaping=282.39 T=103 d_init=94.1 d_final=0.0
 Retrying in 1 seconds
[shaping_diag] success_cum_shaping=282.39 T=103 d_init=94.1 d_final=0.0
 Retrying in 1 seconds
[shaping_diag] success_cum_shaping=282.39 T=105 d_init=94.1 d_final=0.0
 Retrying in 1 seconds
[shaping_diag] success_cum_shaping=282.39 T=103 d_init=94.1 d_final=0.0
 Retrying in 1 seconds
[shaping_diag] success_cum_shaping=282.39 T=103 d_init=94.1 d_final=0.0
 Retrying in 1 seconds
[shaping_diag] success_cum_shaping=282.39 T=106 d_init=94.1 d_final=0.0
 Retrying in 1 seconds
[shaping_diag] success_cum_shaping=282.39 T=106 d_init=94.1 d_final=0.0
 Retrying in 1 seconds
[shaping_diag] success_cum_shaping=282.39 T=103 d_init=94.1 d_final=0.0
 Retrying in 1 seconds
[shaping_diag] success_cum_shaping=282.39 T=104 d_init=94.1 d_final=0.0
 Retrying in 1 seconds
[shaping_diag] success_cum_shaping=282.39 T=106 d_init=94.1 d_final=0.0
 Retrying in 1 seconds
[shaping_diag] success_cum_shaping=282.39 T=103 d_init=94.1 d_final=0.0
 Retrying in 1 seconds
[shaping_diag] success_cum_shaping=282.39 T=106 d_init=94.1 d_final=0.0
 Retrying in 1 seconds
[shaping_diag] success_cum_shaping=282.39 T=102 d_init=94.1 d_final=0.0
 Retrying in 1 seconds
[shaping_diag] success_cum_shaping=282.39 T=103 d_init=94.1 d_final=0.0
 Retrying in 1 seconds
[shaping_diag] success_cum_shaping=282.39 T=105 d_init=94.1 d_final=0.0
 Retrying in 1 seconds
[shaping_diag] success_cum_shaping=282.39 T=104 d_init=94.1 d_final=0.0
 Retrying in 1 seconds
[shaping_diag] success_cum_shaping=282.39 T=107 d_init=94.1 d_final=0.0
Warning: Vehicle 'other' performs emergency braking on lane ':center_8_0' with decel=9.00, wished=7.00, severity=1.00, time=7.30.
 Retrying in 1 seconds
[shaping_diag] success_cum_shaping=282.39 T=105 d_init=94.1 d_final=0.0
 Retrying in 1 seconds
[shaping_diag] success_cum_shaping=282.39 T=105 d_init=94.1 d_final=0.0
 Retrying in 1 seconds
[shaping_diag] success_cum_shaping=282.39 T=103 d_init=94.1 d_final=0.0
 Retrying in 1 seconds
[shaping_diag] success_cum_shaping=282.39 T=109 d_init=94.1 d_final=0.0
 Retrying in 1 seconds
[shaping_diag] success_cum_shaping=282.39 T=106 d_init=94.1 d_final=0.0
 Retrying in 1 seconds
[shaping_diag] success_cum_shaping=282.39 T=103 d_init=94.1 d_final=0.0
 Retrying in 1 seconds
[shaping_diag] success_cum_shaping=282.39 T=104 d_init=94.1 d_final=0.0
 Retrying in 1 seconds
[shaping_diag] success_cum_shaping=282.39 T=103 d_init=94.1 d_final=0.0
 Retrying in 1 seconds
[shaping_diag] success_cum_shaping=282.39 T=108 d_init=94.1 d_final=0.0
 Retrying in 1 seconds
[shaping_diag] success_cum_shaping=282.39 T=102 d_init=94.1 d_final=0.0
 Retrying in 1 seconds
[shaping_diag] success_cum_shaping=282.39 T=102 d_init=94.1 d_final=0.0
 Retrying in 1 seconds
[shaping_diag] success_cum_shaping=282.39 T=104 d_init=94.1 d_final=0.0
 Retrying in 1 seconds
[shaping_diag] success_cum_shaping=282.39 T=103 d_init=94.1 d_final=0.0
 Retrying in 1 seconds
[shaping_diag] success_cum_shaping=282.39 T=103 d_init=94.1 d_final=0.0
Warning: Vehicle 'other' performs emergency braking on lane ':center_8_0' with decel=9.00, wished=5.00, severity=1.00, time=7.30.
 Retrying in 1 seconds
[shaping_diag] success_cum_shaping=282.39 T=104 d_init=94.1 d_final=0.0
 Retrying in 1 seconds
[shaping_diag] success_cum_shaping=282.39 T=103 d_init=94.1 d_final=0.0
Warning: Vehicle 'other' performs emergency braking on lane ':center_8_0' with decel=9.00, wished=7.00, severity=1.00, time=7.20.
 Retrying in 1 seconds
[shaping_diag] success_cum_shaping=282.39 T=104 d_init=94.1 d_final=0.0
 Retrying in 1 seconds
[shaping_diag] success_cum_shaping=282.39 T=104 d_init=94.1 d_final=0.0
 Retrying in 1 seconds
[shaping_diag] success_cum_shaping=282.39 T=103 d_init=94.1 d_final=0.0
 Retrying in 1 seconds
[shaping_diag] success_cum_shaping=282.39 T=103 d_init=94.1 d_final=0.0
 Retrying in 1 seconds
[shaping_diag] success_cum_shaping=282.39 T=104 d_init=94.1 d_final=0.0
 Retrying in 1 seconds
 Retrying in 1 seconds
[shaping_diag] success_cum_shaping=282.39 T=105 d_init=94.1 d_final=0.0
 Retrying in 1 seconds
[shaping_diag] success_cum_shaping=282.39 T=103 d_init=94.1 d_final=0.0
 Retrying in 1 seconds
[shaping_diag] success_cum_shaping=282.39 T=105 d_init=94.1 d_final=0.0
 Retrying in 1 seconds
[shaping_diag] success_cum_shaping=282.39 T=103 d_init=94.1 d_final=0.0
 Retrying in 1 seconds
[shaping_diag] success_cum_shaping=282.39 T=105 d_init=94.1 d_final=0.0
 Retrying in 1 seconds
[shaping_diag] success_cum_shaping=282.39 T=103 d_init=94.1 d_final=0.0
 Retrying in 1 seconds
[shaping_diag] success_cum_shaping=282.39 T=105 d_init=94.1 d_final=0.0
 Retrying in 1 seconds
[shaping_diag] success_cum_shaping=282.39 T=104 d_init=94.1 d_final=0.0
 Retrying in 1 seconds
[shaping_diag] success_cum_shaping=282.39 T=102 d_init=94.1 d_final=0.0
 Retrying in 1 seconds
[shaping_diag] success_cum_shaping=282.39 T=106 d_init=94.1 d_final=0.0
 Retrying in 1 seconds
[shaping_diag] success_cum_shaping=282.39 T=105 d_init=94.1 d_final=0.0
 Retrying in 1 seconds
[shaping_diag] success_cum_shaping=282.39 T=109 d_init=94.1 d_final=0.0
 Retrying in 1 seconds
[shaping_diag] success_cum_shaping=282.39 T=103 d_init=94.1 d_final=0.0
 Retrying in 1 seconds
[shaping_diag] success_cum_shaping=282.39 T=103 d_init=94.1 d_final=0.0
 Retrying in 1 seconds
[shaping_diag] success_cum_shaping=282.39 T=103 d_init=94.1 d_final=0.0
 Retrying in 1 seconds
[shaping_diag] success_cum_shaping=282.39 T=104 d_init=94.1 d_final=0.0
 Retrying in 1 seconds
[shaping_diag] success_cum_shaping=282.39 T=103 d_init=94.1 d_final=0.0
 Retrying in 1 seconds
[shaping_diag] success_cum_shaping=282.39 T=107 d_init=94.1 d_final=0.0
 Retrying in 1 seconds
[shaping_diag] success_cum_shaping=282.39 T=104 d_init=94.1 d_final=0.0
 Retrying in 1 seconds
[shaping_diag] success_cum_shaping=282.39 T=103 d_init=94.1 d_final=0.0
 Retrying in 1 seconds
[shaping_diag] success_cum_shaping=282.39 T=103 d_init=94.1 d_final=0.0
 Retrying in 1 seconds
[shaping_diag] success_cum_shaping=282.39 T=104 d_init=94.1 d_final=0.0
 Retrying in 1 seconds
[shaping_diag] success_cum_shaping=282.39 T=105 d_init=94.1 d_final=0.0
 Retrying in 1 seconds
[shaping_diag] success_cum_shaping=282.39 T=102 d_init=94.1 d_final=0.0
 Retrying in 1 seconds
[shaping_diag] success_cum_shaping=282.39 T=105 d_init=94.1 d_final=0.0
Warning: Vehicle 'other' performs emergency braking on lane ':center_8_0' with decel=9.00, wished=5.00, severity=1.00, time=7.20.
 Retrying in 1 seconds
[shaping_diag] success_cum_shaping=282.39 T=103 d_init=94.1 d_final=0.0
 Retrying in 1 seconds
[shaping_diag] success_cum_shaping=282.39 T=104 d_init=94.1 d_final=0.0
 Retrying in 1 seconds
[shaping_diag] success_cum_shaping=282.39 T=103 d_init=94.1 d_final=0.0
 Retrying in 1 seconds
[shaping_diag] success_cum_shaping=282.39 T=109 d_init=94.1 d_final=0.0
 Retrying in 1 seconds
[shaping_diag] success_cum_shaping=282.39 T=103 d_init=94.1 d_final=0.0
 Retrying in 1 seconds
[shaping_diag] success_cum_shaping=282.39 T=103 d_init=94.1 d_final=0.0
 Retrying in 1 seconds
[shaping_diag] success_cum_shaping=282.39 T=104 d_init=94.1 d_final=0.0
 Retrying in 1 seconds
[shaping_diag] success_cum_shaping=282.39 T=104 d_init=94.1 d_final=0.0
 Retrying in 1 seconds
[shaping_diag] success_cum_shaping=282.39 T=104 d_init=94.1 d_final=0.0
 Retrying in 1 seconds
[shaping_diag] success_cum_shaping=282.39 T=125 d_init=94.1 d_final=0.0
 Retrying in 1 seconds
[shaping_diag] success_cum_shaping=282.39 T=103 d_init=94.1 d_final=0.0
 Retrying in 1 seconds
[shaping_diag] success_cum_shaping=282.39 T=110 d_init=94.1 d_final=0.0
 Retrying in 1 seconds
[shaping_diag] success_cum_shaping=282.39 T=104 d_init=94.1 d_final=0.0
 Retrying in 1 seconds
[shaping_diag] success_cum_shaping=282.39 T=103 d_init=94.1 d_final=0.0
 Retrying in 1 seconds
 Retrying in 1 seconds
[shaping_diag] success_cum_shaping=282.39 T=105 d_init=94.1 d_final=0.0
 Retrying in 1 seconds
[shaping_diag] success_cum_shaping=282.39 T=106 d_init=94.1 d_final=0.0
Warning: Vehicle 'ego'; junction collision with vehicle 'other', lane=':center_4_0', gap=-1.00, time=7.40 stage=move.
 Retrying in 1 seconds
 Retrying in 1 seconds
[shaping_diag] success_cum_shaping=282.39 T=107 d_init=94.1 d_final=0.0
 Retrying in 1 seconds
[shaping_diag] success_cum_shaping=282.39 T=103 d_init=94.1 d_final=0.0
 Retrying in 1 seconds
[shaping_diag] success_cum_shaping=282.39 T=103 d_init=94.1 d_final=0.0
Warning: Vehicle 'other' performs emergency braking on lane ':center_8_0' with decel=9.00, wished=6.00, severity=1.00, time=7.20.
 Retrying in 1 seconds
 Retrying in 1 seconds
[shaping_diag] success_cum_shaping=282.39 T=104 d_init=94.1 d_final=0.0
 Retrying in 1 seconds
[shaping_diag] success_cum_shaping=282.39 T=103 d_init=94.1 d_final=0.0
 Retrying in 1 seconds
[shaping_diag] success_cum_shaping=282.39 T=111 d_init=94.1 d_final=0.0
 Retrying in 1 seconds
[shaping_diag] success_cum_shaping=282.39 T=107 d_init=94.1 d_final=0.0
 Retrying in 1 seconds
[shaping_diag] success_cum_shaping=282.39 T=105 d_init=94.1 d_final=0.0
 Retrying in 1 seconds
[shaping_diag] success_cum_shaping=282.39 T=106 d_init=94.1 d_final=0.0
 Retrying in 1 seconds
[shaping_diag] success_cum_shaping=282.39 T=113 d_init=94.1 d_final=0.0
 Retrying in 1 seconds
[shaping_diag] success_cum_shaping=282.39 T=103 d_init=94.1 d_final=0.0
 Retrying in 1 seconds
[shaping_diag] success_cum_shaping=282.39 T=105 d_init=94.1 d_final=0.0
Warning: Vehicle 'other' performs emergency braking on lane ':center_8_0' with decel=9.00, wished=7.00, severity=1.00, time=7.30.
 Retrying in 1 seconds
[shaping_diag] success_cum_shaping=282.39 T=106 d_init=94.1 d_final=0.0
 Retrying in 1 seconds
[shaping_diag] success_cum_shaping=282.39 T=106 d_init=94.1 d_final=0.0
 Retrying in 1 seconds
[shaping_diag] success_cum_shaping=282.39 T=103 d_init=94.1 d_final=0.0
 Retrying in 1 seconds
[shaping_diag] success_cum_shaping=282.39 T=104 d_init=94.1 d_final=0.0
 Retrying in 1 seconds
[shaping_diag] success_cum_shaping=282.39 T=104 d_init=94.1 d_final=0.0
 Retrying in 1 seconds
[shaping_diag] success_cum_shaping=282.39 T=110 d_init=94.1 d_final=0.0
 Retrying in 1 seconds
[shaping_diag] success_cum_shaping=282.39 T=111 d_init=94.1 d_final=0.0
 Retrying in 1 seconds
[shaping_diag] success_cum_shaping=282.39 T=106 d_init=94.1 d_final=0.0
Warning: Vehicle 'ego'; junction collision with vehicle 'other', lane=':center_4_0', gap=-1.00, time=7.60 stage=move.
 Retrying in 1 seconds
 Retrying in 1 seconds
[shaping_diag] success_cum_shaping=282.39 T=103 d_init=94.1 d_final=0.0
 Retrying in 1 seconds
[shaping_diag] success_cum_shaping=282.39 T=103 d_init=94.1 d_final=0.0
Warning: Vehicle 'ego'; junction collision with vehicle 'other', lane=':center_4_0', gap=-1.00, time=7.30 stage=move.
 Retrying in 1 seconds
 Retrying in 1 seconds
[shaping_diag] success_cum_shaping=282.39 T=104 d_init=94.1 d_final=0.0
 Retrying in 1 seconds
[shaping_diag] success_cum_shaping=282.39 T=104 d_init=94.1 d_final=0.0
 Retrying in 1 seconds
[shaping_diag] success_cum_shaping=282.39 T=102 d_init=94.1 d_final=0.0
Warning: Vehicle 'other' performs emergency braking on lane ':center_8_0' with decel=9.00, wished=5.00, severity=1.00, time=7.20.
 Retrying in 1 seconds
[shaping_diag] success_cum_shaping=282.39 T=103 d_init=94.1 d_final=0.0
 Retrying in 1 seconds
[shaping_diag] success_cum_shaping=282.39 T=103 d_init=94.1 d_final=0.0
 Retrying in 1 seconds
[shaping_diag] success_cum_shaping=282.39 T=103 d_init=94.1 d_final=0.0
 Retrying in 1 seconds
[shaping_diag] success_cum_shaping=282.39 T=105 d_init=94.1 d_final=0.0
 Retrying in 1 seconds
[shaping_diag] success_cum_shaping=282.39 T=103 d_init=94.1 d_final=0.0
 Retrying in 1 seconds
[shaping_diag] success_cum_shaping=282.39 T=105 d_init=94.1 d_final=0.0
Warning: Vehicle 'ego'; junction collision with vehicle 'other', lane=':center_4_0', gap=-1.00, time=7.30 stage=move.
 Retrying in 1 seconds
 Retrying in 1 seconds
[shaping_diag] success_cum_shaping=282.39 T=104 d_init=94.1 d_final=0.0
 Retrying in 1 seconds
[shaping_diag] success_cum_shaping=282.39 T=104 d_init=94.1 d_final=0.0
 Retrying in 1 seconds
 Retrying in 1 seconds
[shaping_diag] success_cum_shaping=282.39 T=103 d_init=94.1 d_final=0.0
 Retrying in 1 seconds
[shaping_diag] success_cum_shaping=282.39 T=104 d_init=94.1 d_final=0.0
 Retrying in 1 seconds
[shaping_diag] success_cum_shaping=282.39 T=102 d_init=94.1 d_final=0.0
 Retrying in 1 seconds
[shaping_diag] success_cum_shaping=282.39 T=105 d_init=94.1 d_final=0.0
 Retrying in 1 seconds
[shaping_diag] success_cum_shaping=282.39 T=106 d_init=94.1 d_final=0.0
Warning: Vehicle 'other' performs emergency braking on lane ':center_8_0' with decel=9.00, wished=5.00, severity=1.00, time=7.20.
 Retrying in 1 seconds
[shaping_diag] success_cum_shaping=282.39 T=104 d_init=94.1 d_final=0.0
 Retrying in 1 seconds
[shaping_diag] success_cum_shaping=282.39 T=107 d_init=94.1 d_final=0.0
Warning: Vehicle 'other' performs emergency braking on lane ':center_8_0' with decel=9.00, wished=6.00, severity=1.00, time=7.30.
 Retrying in 1 seconds
 Retrying in 1 seconds
[shaping_diag] success_cum_shaping=282.39 T=111 d_init=94.1 d_final=0.0
 Retrying in 1 seconds
[shaping_diag] success_cum_shaping=282.39 T=103 d_init=94.1 d_final=0.0
 Retrying in 1 seconds
[shaping_diag] success_cum_shaping=282.39 T=103 d_init=94.1 d_final=0.0
 Retrying in 1 seconds
[shaping_diag] success_cum_shaping=282.39 T=102 d_init=94.1 d_final=0.0
Warning: Vehicle 'ego'; junction collision with vehicle 'other', lane=':center_4_0', gap=-1.00, time=7.40 stage=move.
 Retrying in 1 seconds
 Retrying in 1 seconds
[shaping_diag] success_cum_shaping=282.39 T=115 d_init=94.1 d_final=0.0
 Retrying in 1 seconds
[shaping_diag] success_cum_shaping=282.39 T=109 d_init=94.1 d_final=0.0
 Retrying in 1 seconds
[shaping_diag] success_cum_shaping=282.39 T=103 d_init=94.1 d_final=0.0
 Retrying in 1 seconds
[shaping_diag] success_cum_shaping=282.39 T=104 d_init=94.1 d_final=0.0
 Retrying in 1 seconds
[shaping_diag] success_cum_shaping=282.39 T=104 d_init=94.1 d_final=0.0
 Retrying in 1 seconds
[shaping_diag] success_cum_shaping=282.39 T=104 d_init=94.1 d_final=0.0
Warning: Vehicle 'ego'; junction collision with vehicle 'other', lane=':center_4_0', gap=-1.00, time=7.50 stage=move.
 Retrying in 1 seconds
 Retrying in 1 seconds
[shaping_diag] success_cum_shaping=282.39 T=103 d_init=94.1 d_final=0.0
 Retrying in 1 seconds
[shaping_diag] success_cum_shaping=282.39 T=154 d_init=94.1 d_final=0.0
 Retrying in 1 seconds
[shaping_diag] success_cum_shaping=282.39 T=103 d_init=94.1 d_final=0.0
Warning: Vehicle 'other' performs emergency braking on lane ':center_8_0' with decel=9.00, wished=6.00, severity=1.00, time=7.40.
 Retrying in 1 seconds
 Retrying in 1 seconds
[shaping_diag] success_cum_shaping=282.39 T=103 d_init=94.1 d_final=0.0
 Retrying in 1 seconds
[shaping_diag] success_cum_shaping=282.39 T=105 d_init=94.1 d_final=0.0
 Retrying in 1 seconds
[shaping_diag] success_cum_shaping=282.39 T=103 d_init=94.1 d_final=0.0
 Retrying in 1 seconds
[shaping_diag] success_cum_shaping=282.39 T=104 d_init=94.1 d_final=0.0
 Retrying in 1 seconds
[shaping_diag] success_cum_shaping=282.39 T=103 d_init=94.1 d_final=0.0
 Retrying in 1 seconds
[shaping_diag] success_cum_shaping=282.39 T=108 d_init=94.1 d_final=0.0
 Retrying in 1 seconds
[shaping_diag] success_cum_shaping=282.39 T=104 d_init=94.1 d_final=0.0
 Retrying in 1 seconds
[shaping_diag] success_cum_shaping=282.39 T=103 d_init=94.1 d_final=0.0
 Retrying in 1 seconds
[shaping_diag] success_cum_shaping=282.39 T=104 d_init=94.1 d_final=0.0
 Retrying in 1 seconds
[shaping_diag] success_cum_shaping=282.39 T=105 d_init=94.1 d_final=0.0
 Retrying in 1 seconds
[shaping_diag] success_cum_shaping=282.39 T=104 d_init=94.1 d_final=0.0
 Retrying in 1 seconds
[shaping_diag] success_cum_shaping=282.39 T=104 d_init=94.1 d_final=0.0
 Retrying in 1 seconds
[shaping_diag] success_cum_shaping=282.39 T=103 d_init=94.1 d_final=0.0
 Retrying in 1 seconds
[shaping_diag] success_cum_shaping=282.39 T=106 d_init=94.1 d_final=0.0
 Retrying in 1 seconds
[shaping_diag] success_cum_shaping=282.39 T=105 d_init=94.1 d_final=0.0
 Retrying in 1 seconds
 Retrying in 1 seconds
[shaping_diag] success_cum_shaping=282.39 T=103 d_init=94.1 d_final=0.0
 Retrying in 1 seconds
[shaping_diag] success_cum_shaping=282.39 T=125 d_init=94.1 d_final=0.0
 Retrying in 1 seconds
[shaping_diag] success_cum_shaping=282.39 T=103 d_init=94.1 d_final=0.0
 Retrying in 1 seconds
[shaping_diag] success_cum_shaping=282.39 T=104 d_init=94.1 d_final=0.0
 Retrying in 1 seconds
[shaping_diag] success_cum_shaping=282.39 T=103 d_init=94.1 d_final=0.0
 Retrying in 1 seconds
[shaping_diag] success_cum_shaping=282.39 T=105 d_init=94.1 d_final=0.0
 Retrying in 1 seconds
[shaping_diag] success_cum_shaping=282.39 T=105 d_init=94.1 d_final=0.0
 Retrying in 1 seconds
[shaping_diag] success_cum_shaping=282.39 T=114 d_init=94.1 d_final=0.0
 Retrying in 1 seconds
[shaping_diag] success_cum_shaping=282.39 T=103 d_init=94.1 d_final=0.0
 Retrying in 1 seconds
[shaping_diag] success_cum_shaping=282.39 T=105 d_init=94.1 d_final=0.0
 Retrying in 1 seconds
[shaping_diag] success_cum_shaping=282.39 T=106 d_init=94.1 d_final=0.0
 Retrying in 1 seconds
[shaping_diag] success_cum_shaping=282.39 T=103 d_init=94.1 d_final=0.0
 Retrying in 1 seconds
[shaping_diag] success_cum_shaping=282.39 T=103 d_init=94.1 d_final=0.0
 Retrying in 1 seconds
[shaping_diag] success_cum_shaping=282.39 T=103 d_init=94.1 d_final=0.0
 Retrying in 1 seconds
[shaping_diag] success_cum_shaping=282.39 T=107 d_init=94.1 d_final=0.0
 Retrying in 1 seconds
[shaping_diag] success_cum_shaping=282.39 T=104 d_init=94.1 d_final=0.0
 Retrying in 1 seconds
[shaping_diag] success_cum_shaping=282.39 T=104 d_init=94.1 d_final=0.0
 Retrying in 1 seconds
[shaping_diag] success_cum_shaping=282.39 T=104 d_init=94.1 d_final=0.0
 Retrying in 1 seconds
[shaping_diag] success_cum_shaping=282.39 T=103 d_init=94.1 d_final=0.0
 Retrying in 1 seconds
[shaping_diag] success_cum_shaping=282.39 T=103 d_init=94.1 d_final=0.0
 Retrying in 1 seconds
[shaping_diag] success_cum_shaping=282.39 T=104 d_init=94.1 d_final=0.0
 Retrying in 1 seconds
[shaping_diag] success_cum_shaping=282.39 T=103 d_init=94.1 d_final=0.0
 Retrying in 1 seconds
[shaping_diag] success_cum_shaping=282.39 T=106 d_init=94.1 d_final=0.0
 Retrying in 1 seconds
[shaping_diag] success_cum_shaping=282.39 T=108 d_init=94.1 d_final=0.0
 Retrying in 1 seconds
[shaping_diag] success_cum_shaping=282.39 T=105 d_init=94.1 d_final=0.0
 Retrying in 1 seconds
[shaping_diag] success_cum_shaping=282.39 T=105 d_init=94.1 d_final=0.0
 Retrying in 1 seconds
[shaping_diag] success_cum_shaping=282.39 T=103 d_init=94.1 d_final=0.0
 Retrying in 1 seconds
[shaping_diag] success_cum_shaping=282.39 T=106 d_init=94.1 d_final=0.0
 Retrying in 1 seconds
[shaping_diag] success_cum_shaping=282.39 T=105 d_init=94.1 d_final=0.0
 Retrying in 1 seconds
[shaping_diag] success_cum_shaping=282.39 T=103 d_init=94.1 d_final=0.0
 Retrying in 1 seconds
[shaping_diag] success_cum_shaping=282.39 T=103 d_init=94.1 d_final=0.0
 Retrying in 1 seconds
[shaping_diag] success_cum_shaping=282.39 T=104 d_init=94.1 d_final=0.0
 Retrying in 1 seconds
[shaping_diag] success_cum_shaping=282.39 T=108 d_init=94.1 d_final=0.0
 Retrying in 1 seconds
[shaping_diag] success_cum_shaping=282.39 T=104 d_init=94.1 d_final=0.0
 Retrying in 1 seconds
[shaping_diag] success_cum_shaping=282.39 T=103 d_init=94.1 d_final=0.0
 Retrying in 1 seconds
[shaping_diag] success_cum_shaping=282.39 T=104 d_init=94.1 d_final=0.0
 Retrying in 1 seconds
[shaping_diag] success_cum_shaping=282.39 T=102 d_init=94.1 d_final=0.0
 Retrying in 1 seconds
[shaping_diag] success_cum_shaping=282.39 T=105 d_init=94.1 d_final=0.0
 Retrying in 1 seconds
[shaping_diag] success_cum_shaping=282.39 T=104 d_init=94.1 d_final=0.0
 Retrying in 1 seconds
 Retrying in 1 seconds
[shaping_diag] success_cum_shaping=282.39 T=104 d_init=94.1 d_final=0.0
 Retrying in 1 seconds
[shaping_diag] success_cum_shaping=282.39 T=103 d_init=94.1 d_final=0.0
 Retrying in 1 seconds
[shaping_diag] success_cum_shaping=282.39 T=103 d_init=94.1 d_final=0.0
 Retrying in 1 seconds
[shaping_diag] success_cum_shaping=282.39 T=103 d_init=94.1 d_final=0.0
 Retrying in 1 seconds
[shaping_diag] success_cum_shaping=282.39 T=105 d_init=94.1 d_final=0.0
 Retrying in 1 seconds
[shaping_diag] success_cum_shaping=282.39 T=105 d_init=94.1 d_final=0.0
 Retrying in 1 seconds
[shaping_diag] success_cum_shaping=282.39 T=103 d_init=94.1 d_final=0.0
 Retrying in 1 seconds
[shaping_diag] success_cum_shaping=282.39 T=103 d_init=94.1 d_final=0.0
 Retrying in 1 seconds
[shaping_diag] success_cum_shaping=282.39 T=104 d_init=94.1 d_final=0.0
 Retrying in 1 seconds
[shaping_diag] success_cum_shaping=282.39 T=107 d_init=94.1 d_final=0.0
 Retrying in 1 seconds
[shaping_diag] success_cum_shaping=282.39 T=103 d_init=94.1 d_final=0.0
Warning: Vehicle 'other' performs emergency braking on lane ':center_8_0' with decel=9.00, wished=5.00, severity=1.00, time=7.50.
 Retrying in 1 seconds
[shaping_diag] success_cum_shaping=282.39 T=106 d_init=94.1 d_final=0.0
 Retrying in 1 seconds
[shaping_diag] success_cum_shaping=282.39 T=103 d_init=94.1 d_final=0.0
 Retrying in 1 seconds
[shaping_diag] success_cum_shaping=282.39 T=102 d_init=94.1 d_final=0.0
 Retrying in 1 seconds
[shaping_diag] success_cum_shaping=282.39 T=104 d_init=94.1 d_final=0.0
 Retrying in 1 seconds
[shaping_diag] success_cum_shaping=282.39 T=104 d_init=94.1 d_final=0.0
 Retrying in 1 seconds
[shaping_diag] success_cum_shaping=282.39 T=103 d_init=94.1 d_final=0.0
 Retrying in 1 seconds
[shaping_diag] success_cum_shaping=282.39 T=104 d_init=94.1 d_final=0.0
 Retrying in 1 seconds
[shaping_diag] success_cum_shaping=282.39 T=104 d_init=94.1 d_final=0.0
Warning: Vehicle 'ego'; junction collision with vehicle 'other', lane=':center_4_0', gap=-1.00, time=7.60 stage=move.
 Retrying in 1 seconds
 Retrying in 1 seconds
[shaping_diag] success_cum_shaping=282.39 T=103 d_init=94.1 d_final=0.0
 Retrying in 1 seconds
 Retrying in 1 seconds
[shaping_diag] success_cum_shaping=282.39 T=103 d_init=94.1 d_final=0.0
 Retrying in 1 seconds
[shaping_diag] success_cum_shaping=282.39 T=105 d_init=94.1 d_final=0.0
 Retrying in 1 seconds
[shaping_diag] success_cum_shaping=282.39 T=104 d_init=94.1 d_final=0.0
Warning: Vehicle 'other' performs emergency braking on lane ':center_8_0' with decel=9.00, wished=7.00, severity=1.00, time=7.40.
 Retrying in 1 seconds
[shaping_diag] success_cum_shaping=282.39 T=108 d_init=94.1 d_final=0.0
 Retrying in 1 seconds
[shaping_diag] success_cum_shaping=282.39 T=104 d_init=94.1 d_final=0.0
 Retrying in 1 seconds
[shaping_diag] success_cum_shaping=282.39 T=104 d_init=94.1 d_final=0.0
 Retrying in 1 seconds
[shaping_diag] success_cum_shaping=282.39 T=103 d_init=94.1 d_final=0.0
Warning: Vehicle 'other' performs emergency braking on lane ':center_8_0' with decel=9.00, wished=5.00, severity=1.00, time=7.70.
Warning: Vehicle 'ego'; junction collision with vehicle 'other', lane=':center_4_0', gap=-1.00, time=8.00 stage=move.
Warning: Vehicle 'ego'; collision with vehicle 'other', lane='right_out_0', gap=-2.05, time=7.60 stage=move.
 Retrying in 1 seconds
 Retrying in 1 seconds
 Retrying in 1 seconds
[shaping_diag] success_cum_shaping=282.39 T=108 d_init=94.1 d_final=0.0
 Retrying in 1 seconds
[shaping_diag] success_cum_shaping=282.39 T=103 d_init=94.1 d_final=0.0
 Retrying in 1 seconds
[shaping_diag] success_cum_shaping=282.39 T=103 d_init=94.1 d_final=0.0
 Retrying in 1 seconds
[shaping_diag] success_cum_shaping=282.39 T=102 d_init=94.1 d_final=0.0
 Retrying in 1 seconds
[shaping_diag] success_cum_shaping=282.39 T=105 d_init=94.1 d_final=0.0
 Retrying in 1 seconds
[shaping_diag] success_cum_shaping=282.39 T=102 d_init=94.1 d_final=0.0
 Retrying in 1 seconds
[shaping_diag] success_cum_shaping=282.39 T=104 d_init=94.1 d_final=0.0
 Retrying in 1 seconds
[shaping_diag] success_cum_shaping=282.39 T=104 d_init=94.1 d_final=0.0
 Retrying in 1 seconds
[shaping_diag] success_cum_shaping=282.39 T=103 d_init=94.1 d_final=0.0
 Retrying in 1 seconds
 Retrying in 1 seconds
[shaping_diag] success_cum_shaping=282.39 T=103 d_init=94.1 d_final=0.0
 Retrying in 1 seconds
[shaping_diag] success_cum_shaping=282.39 T=103 d_init=94.1 d_final=0.0
 Retrying in 1 seconds
[shaping_diag] success_cum_shaping=282.39 T=104 d_init=94.1 d_final=0.0
 Retrying in 1 seconds
[shaping_diag] success_cum_shaping=282.39 T=105 d_init=94.1 d_final=0.0
 Retrying in 1 seconds
[shaping_diag] success_cum_shaping=282.39 T=103 d_init=94.1 d_final=0.0
 Retrying in 1 seconds
[shaping_diag] success_cum_shaping=282.39 T=106 d_init=94.1 d_final=0.0
 Retrying in 1 seconds
[shaping_diag] success_cum_shaping=282.39 T=104 d_init=94.1 d_final=0.0
 Retrying in 1 seconds
[shaping_diag] success_cum_shaping=282.39 T=104 d_init=94.1 d_final=0.0
 Retrying in 1 seconds
[shaping_diag] success_cum_shaping=282.39 T=103 d_init=94.1 d_final=0.0
 Retrying in 1 seconds
[shaping_diag] success_cum_shaping=282.39 T=103 d_init=94.1 d_final=0.0
 Retrying in 1 seconds
[shaping_diag] success_cum_shaping=282.39 T=103 d_init=94.1 d_final=0.0
 Retrying in 1 seconds
[shaping_diag] success_cum_shaping=282.39 T=103 d_init=94.1 d_final=0.0
 Retrying in 1 seconds
[shaping_diag] success_cum_shaping=282.39 T=106 d_init=94.1 d_final=0.0
 Retrying in 1 seconds
[shaping_diag] success_cum_shaping=282.39 T=107 d_init=94.1 d_final=0.0
 Retrying in 1 seconds
[shaping_diag] success_cum_shaping=282.39 T=104 d_init=94.1 d_final=0.0
 Retrying in 1 seconds
[shaping_diag] success_cum_shaping=282.39 T=106 d_init=94.1 d_final=0.0
 Retrying in 1 seconds
[shaping_diag] success_cum_shaping=282.39 T=103 d_init=94.1 d_final=0.0
 Retrying in 1 seconds
[shaping_diag] success_cum_shaping=282.39 T=104 d_init=94.1 d_final=0.0
 Retrying in 1 seconds
[shaping_diag] success_cum_shaping=282.39 T=105 d_init=94.1 d_final=0.0
 Retrying in 1 seconds
[shaping_diag] success_cum_shaping=282.39 T=103 d_init=94.1 d_final=0.0
 Retrying in 1 seconds
[shaping_diag] success_cum_shaping=282.39 T=103 d_init=94.1 d_final=0.0
 Retrying in 1 seconds
[shaping_diag] success_cum_shaping=282.39 T=103 d_init=94.1 d_final=0.0
 Retrying in 1 seconds
 Retrying in 1 seconds
[shaping_diag] success_cum_shaping=282.39 T=103 d_init=94.1 d_final=0.0
 Retrying in 1 seconds
[shaping_diag] success_cum_shaping=282.39 T=104 d_init=94.1 d_final=0.0
 Retrying in 1 seconds
[shaping_diag] success_cum_shaping=282.39 T=103 d_init=94.1 d_final=0.0
 Retrying in 1 seconds
[shaping_diag] success_cum_shaping=282.39 T=104 d_init=94.1 d_final=0.0
 Retrying in 1 seconds
[shaping_diag] success_cum_shaping=282.39 T=188 d_init=94.1 d_final=0.0
 Retrying in 1 seconds
[shaping_diag] success_cum_shaping=282.39 T=103 d_init=94.1 d_final=0.0
 Retrying in 1 seconds
[shaping_diag] success_cum_shaping=282.39 T=106 d_init=94.1 d_final=0.0
 Retrying in 1 seconds
[shaping_diag] success_cum_shaping=282.39 T=105 d_init=94.1 d_final=0.0
 Retrying in 1 seconds
[shaping_diag] success_cum_shaping=282.39 T=104 d_init=94.1 d_final=0.0
 Retrying in 1 seconds
[shaping_diag] success_cum_shaping=282.39 T=103 d_init=94.1 d_final=0.0
 Retrying in 1 seconds
[shaping_diag] success_cum_shaping=282.39 T=104 d_init=94.1 d_final=0.0
 Retrying in 1 seconds
[shaping_diag] success_cum_shaping=282.39 T=104 d_init=94.1 d_final=0.0
 Retrying in 1 seconds
[shaping_diag] success_cum_shaping=282.39 T=104 d_init=94.1 d_final=0.0
 Retrying in 1 seconds
[shaping_diag] success_cum_shaping=282.39 T=103 d_init=94.1 d_final=0.0
 Retrying in 1 seconds
[shaping_diag] success_cum_shaping=282.39 T=103 d_init=94.1 d_final=0.0
 Retrying in 1 seconds
 Retrying in 1 seconds
[shaping_diag] success_cum_shaping=282.39 T=103 d_init=94.1 d_final=0.0
 Retrying in 1 seconds
[shaping_diag] success_cum_shaping=282.39 T=103 d_init=94.1 d_final=0.0
 Retrying in 1 seconds
[shaping_diag] success_cum_shaping=282.39 T=105 d_init=94.1 d_final=0.0
 Retrying in 1 seconds
[shaping_diag] success_cum_shaping=282.39 T=103 d_init=94.1 d_final=0.0
 Retrying in 1 seconds
[shaping_diag] success_cum_shaping=282.39 T=107 d_init=94.1 d_final=0.0
 Retrying in 1 seconds
[shaping_diag] success_cum_shaping=282.39 T=105 d_init=94.1 d_final=0.0
 Retrying in 1 seconds
[shaping_diag] success_cum_shaping=282.39 T=145 d_init=94.1 d_final=0.0
Warning: Vehicle 'other' performs emergency braking on lane ':center_8_0' with decel=9.00, wished=5.00, severity=1.00, time=7.50.
 Retrying in 1 seconds
 Retrying in 1 seconds
[shaping_diag] success_cum_shaping=282.39 T=103 d_init=94.1 d_final=0.0
 Retrying in 1 seconds
[shaping_diag] success_cum_shaping=282.39 T=103 d_init=94.1 d_final=0.0
 Retrying in 1 seconds
[shaping_diag] success_cum_shaping=282.39 T=103 d_init=94.1 d_final=0.0
 Retrying in 1 seconds
[shaping_diag] success_cum_shaping=282.39 T=103 d_init=94.1 d_final=0.0
 Retrying in 1 seconds
[shaping_diag] success_cum_shaping=282.39 T=103 d_init=94.1 d_final=0.0
 Retrying in 1 seconds
[shaping_diag] success_cum_shaping=282.39 T=108 d_init=94.1 d_final=0.0
 Retrying in 1 seconds
[shaping_diag] success_cum_shaping=282.39 T=103 d_init=94.1 d_final=0.0
 Retrying in 1 seconds
[shaping_diag] success_cum_shaping=282.39 T=104 d_init=94.1 d_final=0.0
 Retrying in 1 seconds
[shaping_diag] success_cum_shaping=282.39 T=105 d_init=94.1 d_final=0.0
 Retrying in 1 seconds
[shaping_diag] success_cum_shaping=282.39 T=104 d_init=94.1 d_final=0.0
 Retrying in 1 seconds
[shaping_diag] success_cum_shaping=282.39 T=104 d_init=94.1 d_final=0.0
 Retrying in 1 seconds
[shaping_diag] success_cum_shaping=282.39 T=103 d_init=94.1 d_final=0.0
 Retrying in 1 seconds
[shaping_diag] success_cum_shaping=282.39 T=105 d_init=94.1 d_final=0.0
 Retrying in 1 seconds
[shaping_diag] success_cum_shaping=282.39 T=103 d_init=94.1 d_final=0.0
 Retrying in 1 seconds
[shaping_diag] success_cum_shaping=282.39 T=185 d_init=94.1 d_final=0.0
 Retrying in 1 seconds
[shaping_diag] success_cum_shaping=282.39 T=103 d_init=94.1 d_final=0.0
 Retrying in 1 seconds
[shaping_diag] success_cum_shaping=282.39 T=106 d_init=94.1 d_final=0.0
 Retrying in 1 seconds
[shaping_diag] success_cum_shaping=282.39 T=106 d_init=94.1 d_final=0.0
 Retrying in 1 seconds
[shaping_diag] success_cum_shaping=282.39 T=105 d_init=94.1 d_final=0.0
Warning: Vehicle 'other2' performs emergency braking on lane ':center_8_0' with decel=9.00, wished=6.00, severity=1.00, time=8.00.
Warning: Vehicle 'ego'; junction collision with vehicle 'other2', lane=':center_4_0', gap=-1.00, time=8.40 stage=move.
 Retrying in 1 seconds
 Retrying in 1 seconds
[shaping_diag] success_cum_shaping=282.39 T=104 d_init=94.1 d_final=0.0
 Retrying in 1 seconds
[shaping_diag] success_cum_shaping=282.39 T=103 d_init=94.1 d_final=0.0
 Retrying in 1 seconds
[shaping_diag] success_cum_shaping=282.39 T=103 d_init=94.1 d_final=0.0
 Retrying in 1 seconds
[shaping_diag] success_cum_shaping=282.39 T=103 d_init=94.1 d_final=0.0
 Retrying in 1 seconds
[shaping_diag] success_cum_shaping=282.39 T=103 d_init=94.1 d_final=0.0
 Retrying in 1 seconds
[shaping_diag] success_cum_shaping=282.39 T=102 d_init=94.1 d_final=0.0
 Retrying in 1 seconds
[shaping_diag] success_cum_shaping=282.39 T=127 d_init=94.1 d_final=0.0
 Retrying in 1 seconds
[shaping_diag] success_cum_shaping=282.39 T=163 d_init=94.1 d_final=0.0
 Retrying in 1 seconds
[shaping_diag] success_cum_shaping=282.39 T=105 d_init=94.1 d_final=0.0
 Retrying in 1 seconds
 Retrying in 1 seconds
[shaping_diag] success_cum_shaping=282.39 T=103 d_init=94.1 d_final=0.0
 Retrying in 1 seconds
[shaping_diag] success_cum_shaping=282.39 T=102 d_init=94.1 d_final=0.0
 Retrying in 1 seconds
[shaping_diag] success_cum_shaping=282.39 T=102 d_init=94.1 d_final=0.0
 Retrying in 1 seconds
[shaping_diag] success_cum_shaping=282.39 T=102 d_init=94.1 d_final=0.0
 Retrying in 1 seconds
[shaping_diag] success_cum_shaping=282.39 T=103 d_init=94.1 d_final=0.0
 Retrying in 1 seconds
[shaping_diag] success_cum_shaping=282.39 T=104 d_init=94.1 d_final=0.0
 Retrying in 1 seconds
 Retrying in 1 seconds
[shaping_diag] success_cum_shaping=282.39 T=102 d_init=94.1 d_final=0.0
 Retrying in 1 seconds
[shaping_diag] success_cum_shaping=282.39 T=102 d_init=94.1 d_final=0.0
 Retrying in 1 seconds
[shaping_diag] success_cum_shaping=282.39 T=102 d_init=94.1 d_final=0.0
[cbf_aux] step=290816 ret=372.27 coll=1 ttc=6.18 cbf_res=0.0000
 Retrying in 1 seconds
 Retrying in 1 seconds
[shaping_diag] success_cum_shaping=282.39 T=103 d_init=94.1 d_final=0.0
Warning: Vehicle 'ego'; junction collision with vehicle 'other', lane=':center_4_0', gap=-1.00, time=7.90 stage=move.
 Retrying in 1 seconds
 Retrying in 1 seconds
[shaping_diag] success_cum_shaping=282.39 T=104 d_init=94.1 d_final=0.0
 Retrying in 1 seconds
[shaping_diag] success_cum_shaping=282.39 T=107 d_init=94.1 d_final=0.0
 Retrying in 1 seconds
[shaping_diag] success_cum_shaping=282.39 T=103 d_init=94.1 d_final=0.0
 Retrying in 1 seconds
[shaping_diag] success_cum_shaping=282.39 T=105 d_init=94.1 d_final=0.0
 Retrying in 1 seconds
[shaping_diag] success_cum_shaping=282.39 T=106 d_init=94.1 d_final=0.0
 Retrying in 1 seconds
[shaping_diag] success_cum_shaping=282.39 T=103 d_init=94.1 d_final=0.0
 Retrying in 1 seconds
[shaping_diag] success_cum_shaping=282.39 T=103 d_init=94.1 d_final=0.0
 Retrying in 1 seconds
[shaping_diag] success_cum_shaping=282.39 T=103 d_init=94.1 d_final=0.0
 Retrying in 1 seconds
[shaping_diag] success_cum_shaping=282.39 T=104 d_init=94.1 d_final=0.0
 Retrying in 1 seconds
[shaping_diag] success_cum_shaping=282.39 T=103 d_init=94.1 d_final=0.0
 Retrying in 1 seconds
[shaping_diag] success_cum_shaping=282.39 T=104 d_init=94.1 d_final=0.0
 Retrying in 1 seconds
[shaping_diag] success_cum_shaping=282.39 T=103 d_init=94.1 d_final=0.0
 Retrying in 1 seconds
[shaping_diag] success_cum_shaping=282.39 T=102 d_init=94.1 d_final=0.0
 Retrying in 1 seconds
[shaping_diag] success_cum_shaping=282.39 T=159 d_init=94.1 d_final=0.0
 Retrying in 1 seconds
[shaping_diag] success_cum_shaping=282.39 T=103 d_init=94.1 d_final=0.0
 Retrying in 1 seconds
[shaping_diag] success_cum_shaping=282.39 T=104 d_init=94.1 d_final=0.0
 Retrying in 1 seconds
[shaping_diag] success_cum_shaping=282.39 T=102 d_init=94.1 d_final=0.0
 Retrying in 1 seconds
[shaping_diag] success_cum_shaping=282.39 T=104 d_init=94.1 d_final=0.0
 Retrying in 1 seconds
[shaping_diag] success_cum_shaping=282.39 T=104 d_init=94.1 d_final=0.0
 Retrying in 1 seconds
[shaping_diag] success_cum_shaping=282.39 T=103 d_init=94.1 d_final=0.0
 Retrying in 1 seconds
[shaping_diag] success_cum_shaping=282.39 T=102 d_init=94.1 d_final=0.0
 Retrying in 1 seconds
[shaping_diag] success_cum_shaping=282.39 T=104 d_init=94.1 d_final=0.0
 Retrying in 1 seconds
[shaping_diag] success_cum_shaping=282.39 T=104 d_init=94.1 d_final=0.0
 Retrying in 1 seconds
[shaping_diag] success_cum_shaping=282.39 T=103 d_init=94.1 d_final=0.0
 Retrying in 1 seconds
[shaping_diag] success_cum_shaping=282.39 T=103 d_init=94.1 d_final=0.0
 Retrying in 1 seconds
[shaping_diag] success_cum_shaping=282.39 T=104 d_init=94.1 d_final=0.0
 Retrying in 1 seconds
[shaping_diag] success_cum_shaping=282.39 T=106 d_init=94.1 d_final=0.0
 Retrying in 1 seconds
[shaping_diag] success_cum_shaping=282.39 T=121 d_init=94.1 d_final=0.0
 Retrying in 1 seconds
[shaping_diag] success_cum_shaping=282.39 T=103 d_init=94.1 d_final=0.0
 Retrying in 1 seconds
[shaping_diag] success_cum_shaping=282.39 T=104 d_init=94.1 d_final=0.0
 Retrying in 1 seconds
[shaping_diag] success_cum_shaping=282.39 T=103 d_init=94.1 d_final=0.0
 Retrying in 1 seconds
[shaping_diag] success_cum_shaping=282.39 T=103 d_init=94.1 d_final=0.0
 Retrying in 1 seconds
[shaping_diag] success_cum_shaping=282.39 T=103 d_init=94.1 d_final=0.0
 Retrying in 1 seconds
[shaping_diag] success_cum_shaping=282.39 T=103 d_init=94.1 d_final=0.0
 Retrying in 1 seconds
[shaping_diag] success_cum_shaping=282.39 T=104 d_init=94.1 d_final=0.0
 Retrying in 1 seconds
[shaping_diag] success_cum_shaping=282.39 T=103 d_init=94.1 d_final=0.0
 Retrying in 1 seconds
 Retrying in 1 seconds
[shaping_diag] success_cum_shaping=282.39 T=105 d_init=94.1 d_final=0.0
 Retrying in 1 seconds
[shaping_diag] success_cum_shaping=282.39 T=116 d_init=94.1 d_final=0.0
 Retrying in 1 seconds
[shaping_diag] success_cum_shaping=282.39 T=103 d_init=94.1 d_final=0.0
 Retrying in 1 seconds
[shaping_diag] success_cum_shaping=282.39 T=103 d_init=94.1 d_final=0.0
 Retrying in 1 seconds
[shaping_diag] success_cum_shaping=282.39 T=105 d_init=94.1 d_final=0.0
 Retrying in 1 seconds
[shaping_diag] success_cum_shaping=282.39 T=105 d_init=94.1 d_final=0.0
 Retrying in 1 seconds
[shaping_diag] success_cum_shaping=282.39 T=104 d_init=94.1 d_final=0.0
Warning: Vehicle 'other' performs emergency braking on lane ':center_8_0' with decel=9.00, wished=7.00, severity=1.00, time=7.10.
 Retrying in 1 seconds
 Retrying in 1 seconds
[shaping_diag] success_cum_shaping=282.39 T=103 d_init=94.1 d_final=0.0
 Retrying in 1 seconds
[shaping_diag] success_cum_shaping=282.39 T=104 d_init=94.1 d_final=0.0
 Retrying in 1 seconds
[shaping_diag] success_cum_shaping=282.39 T=106 d_init=94.1 d_final=0.0
 Retrying in 1 seconds
[shaping_diag] success_cum_shaping=282.39 T=109 d_init=94.1 d_final=0.0
 Retrying in 1 seconds
[shaping_diag] success_cum_shaping=282.39 T=103 d_init=94.1 d_final=0.0
 Retrying in 1 seconds
[shaping_diag] success_cum_shaping=282.39 T=103 d_init=94.1 d_final=0.0
Warning: Vehicle 'other' performs emergency braking on lane ':center_8_0' with decel=9.00, wished=6.00, severity=1.00, time=7.40.
 Retrying in 1 seconds
 Retrying in 1 seconds
[shaping_diag] success_cum_shaping=282.39 T=103 d_init=94.1 d_final=0.0
 Retrying in 1 seconds
[shaping_diag] success_cum_shaping=282.39 T=102 d_init=94.1 d_final=0.0
 Retrying in 1 seconds
[shaping_diag] success_cum_shaping=282.39 T=104 d_init=94.1 d_final=0.0
Warning: Vehicle 'other' performs emergency braking on lane ':center_8_0' with decel=9.00, wished=6.00, severity=1.00, time=7.10.
 Retrying in 1 seconds
 Retrying in 1 seconds
[shaping_diag] success_cum_shaping=282.39 T=103 d_init=94.1 d_final=0.0
 Retrying in 1 seconds
[shaping_diag] success_cum_shaping=282.39 T=105 d_init=94.1 d_final=0.0
 Retrying in 1 seconds
[shaping_diag] success_cum_shaping=282.39 T=103 d_init=94.1 d_final=0.0
 Retrying in 1 seconds
[shaping_diag] success_cum_shaping=282.39 T=103 d_init=94.1 d_final=0.0
 Retrying in 1 seconds
[shaping_diag] success_cum_shaping=282.39 T=102 d_init=94.1 d_final=0.0
 Retrying in 1 seconds
[shaping_diag] success_cum_shaping=282.39 T=103 d_init=94.1 d_final=0.0
 Retrying in 1 seconds
[shaping_diag] success_cum_shaping=282.39 T=103 d_init=94.1 d_final=0.0
 Retrying in 1 seconds
[shaping_diag] success_cum_shaping=282.39 T=103 d_init=94.1 d_final=0.0
 Retrying in 1 seconds
[shaping_diag] success_cum_shaping=282.39 T=102 d_init=94.1 d_final=0.0
 Retrying in 1 seconds
[shaping_diag] success_cum_shaping=282.39 T=107 d_init=94.1 d_final=0.0
Warning: Vehicle 'ego'; junction collision with vehicle 'other', lane=':center_4_0', gap=-1.00, time=7.30 stage=move.
 Retrying in 1 seconds
 Retrying in 1 seconds
[shaping_diag] success_cum_shaping=282.39 T=103 d_init=94.1 d_final=0.0
 Retrying in 1 seconds
[shaping_diag] success_cum_shaping=282.39 T=104 d_init=94.1 d_final=0.0
 Retrying in 1 seconds
[shaping_diag] success_cum_shaping=282.39 T=103 d_init=94.1 d_final=0.0
 Retrying in 1 seconds
[shaping_diag] success_cum_shaping=282.39 T=107 d_init=94.1 d_final=0.0
 Retrying in 1 seconds
[shaping_diag] success_cum_shaping=282.39 T=103 d_init=94.1 d_final=0.0
Warning: Vehicle 'ego'; junction collision with vehicle 'other', lane=':center_4_0', gap=-1.00, time=7.80 stage=move.
 Retrying in 1 seconds
 Retrying in 1 seconds
[shaping_diag] success_cum_shaping=282.39 T=110 d_init=94.1 d_final=0.0
 Retrying in 1 seconds
[shaping_diag] success_cum_shaping=282.39 T=105 d_init=94.1 d_final=0.0
 Retrying in 1 seconds
[shaping_diag] success_cum_shaping=282.39 T=129 d_init=94.1 d_final=0.0
 Retrying in 1 seconds
[shaping_diag] success_cum_shaping=282.39 T=102 d_init=94.1 d_final=0.0
 Retrying in 1 seconds
 Retrying in 1 seconds
[shaping_diag] success_cum_shaping=282.39 T=104 d_init=94.1 d_final=0.0
 Retrying in 1 seconds
[shaping_diag] success_cum_shaping=282.39 T=103 d_init=94.1 d_final=0.0
 Retrying in 1 seconds
[shaping_diag] success_cum_shaping=282.39 T=105 d_init=94.1 d_final=0.0
 Retrying in 1 seconds
[shaping_diag] success_cum_shaping=282.39 T=103 d_init=94.1 d_final=0.0
Warning: Vehicle 'ego'; junction collision with vehicle 'other', lane=':center_4_0', gap=-1.00, time=7.60 stage=move.
 Retrying in 1 seconds
 Retrying in 1 seconds
[shaping_diag] success_cum_shaping=282.39 T=104 d_init=94.1 d_final=0.0
 Retrying in 1 seconds
[shaping_diag] success_cum_shaping=282.39 T=103 d_init=94.1 d_final=0.0
 Retrying in 1 seconds
[shaping_diag] success_cum_shaping=282.39 T=102 d_init=94.1 d_final=0.0
 Retrying in 1 seconds
[shaping_diag] success_cum_shaping=282.39 T=124 d_init=94.1 d_final=0.0
 Retrying in 1 seconds
[shaping_diag] success_cum_shaping=282.39 T=110 d_init=94.1 d_final=0.0
 Retrying in 1 seconds
[shaping_diag] success_cum_shaping=282.39 T=103 d_init=94.1 d_final=0.0
Warning: Vehicle 'other' performs emergency braking on lane ':center_8_0' with decel=9.00, wished=7.00, severity=1.00, time=7.60.
 Retrying in 1 seconds
[shaping_diag] success_cum_shaping=282.39 T=114 d_init=94.1 d_final=0.0
 Retrying in 1 seconds
[shaping_diag] success_cum_shaping=282.39 T=103 d_init=94.1 d_final=0.0
 Retrying in 1 seconds
[shaping_diag] success_cum_shaping=282.39 T=103 d_init=94.1 d_final=0.0
 Retrying in 1 seconds
[shaping_diag] success_cum_shaping=282.39 T=103 d_init=94.1 d_final=0.0
 Retrying in 1 seconds
[shaping_diag] success_cum_shaping=282.39 T=103 d_init=94.1 d_final=0.0
 Retrying in 1 seconds
[shaping_diag] success_cum_shaping=282.39 T=103 d_init=94.1 d_final=0.0
 Retrying in 1 seconds
[shaping_diag] success_cum_shaping=282.39 T=104 d_init=94.1 d_final=0.0
 Retrying in 1 seconds
[shaping_diag] success_cum_shaping=282.39 T=102 d_init=94.1 d_final=0.0
 Retrying in 1 seconds
[shaping_diag] success_cum_shaping=282.39 T=103 d_init=94.1 d_final=0.0
Warning: Vehicle 'other' performs emergency braking on lane ':center_8_0' with decel=9.00, wished=5.00, severity=1.00, time=7.40.
 Retrying in 1 seconds
[shaping_diag] success_cum_shaping=282.39 T=114 d_init=94.1 d_final=0.0
 Retrying in 1 seconds
[shaping_diag] success_cum_shaping=282.39 T=103 d_init=94.1 d_final=0.0
 Retrying in 1 seconds
[shaping_diag] success_cum_shaping=282.39 T=103 d_init=94.1 d_final=0.0
Warning: Vehicle 'other' performs emergency braking on lane ':center_8_0' with decel=9.00, wished=7.00, severity=1.00, time=7.30.
 Retrying in 1 seconds
[shaping_diag] success_cum_shaping=282.39 T=122 d_init=94.1 d_final=0.0
 Retrying in 1 seconds
[shaping_diag] success_cum_shaping=282.39 T=106 d_init=94.1 d_final=0.0
 Retrying in 1 seconds
[shaping_diag] success_cum_shaping=282.39 T=103 d_init=94.1 d_final=0.0
 Retrying in 1 seconds
[shaping_diag] success_cum_shaping=282.39 T=103 d_init=94.1 d_final=0.0
 Retrying in 1 seconds
[shaping_diag] success_cum_shaping=282.39 T=106 d_init=94.1 d_final=0.0
 Retrying in 1 seconds
[shaping_diag] success_cum_shaping=282.39 T=141 d_init=94.1 d_final=0.0
 Retrying in 1 seconds
[shaping_diag] success_cum_shaping=282.39 T=103 d_init=94.1 d_final=0.0
 Retrying in 1 seconds
[shaping_diag] success_cum_shaping=282.39 T=103 d_init=94.1 d_final=0.0
 Retrying in 1 seconds
[shaping_diag] success_cum_shaping=282.39 T=103 d_init=94.1 d_final=0.0
 Retrying in 1 seconds
[shaping_diag] success_cum_shaping=282.39 T=103 d_init=94.1 d_final=0.0
 Retrying in 1 seconds
[shaping_diag] success_cum_shaping=282.39 T=106 d_init=94.1 d_final=0.0
 Retrying in 1 seconds
[shaping_diag] success_cum_shaping=282.39 T=103 d_init=94.1 d_final=0.0
 Retrying in 1 seconds
[shaping_diag] success_cum_shaping=282.39 T=104 d_init=94.1 d_final=0.0
 Retrying in 1 seconds
[shaping_diag] success_cum_shaping=282.39 T=106 d_init=94.1 d_final=0.0
 Retrying in 1 seconds
[shaping_diag] success_cum_shaping=282.39 T=103 d_init=94.1 d_final=0.0
 Retrying in 1 seconds
 Retrying in 1 seconds
[shaping_diag] success_cum_shaping=282.39 T=103 d_init=94.1 d_final=0.0
 Retrying in 1 seconds
[shaping_diag] success_cum_shaping=282.39 T=104 d_init=94.1 d_final=0.0
 Retrying in 1 seconds
[shaping_diag] success_cum_shaping=282.39 T=102 d_init=94.1 d_final=0.0
 Retrying in 1 seconds
[shaping_diag] success_cum_shaping=282.39 T=109 d_init=94.1 d_final=0.0
 Retrying in 1 seconds
[shaping_diag] success_cum_shaping=282.39 T=103 d_init=94.1 d_final=0.0
 Retrying in 1 seconds
[shaping_diag] success_cum_shaping=282.39 T=102 d_init=94.1 d_final=0.0
 Retrying in 1 seconds
[shaping_diag] success_cum_shaping=282.39 T=160 d_init=94.1 d_final=0.0
 Retrying in 1 seconds
[shaping_diag] success_cum_shaping=282.39 T=123 d_init=94.1 d_final=0.0
 Retrying in 1 seconds
[shaping_diag] success_cum_shaping=282.39 T=107 d_init=94.1 d_final=0.0
 Retrying in 1 seconds
[shaping_diag] success_cum_shaping=282.39 T=112 d_init=94.1 d_final=0.0
 Retrying in 1 seconds
[shaping_diag] success_cum_shaping=282.39 T=103 d_init=94.1 d_final=0.0
 Retrying in 1 seconds
[shaping_diag] success_cum_shaping=282.39 T=102 d_init=94.1 d_final=0.0
 Retrying in 1 seconds
[shaping_diag] success_cum_shaping=282.39 T=109 d_init=94.1 d_final=0.0
 Retrying in 1 seconds
[shaping_diag] success_cum_shaping=282.39 T=103 d_init=94.1 d_final=0.0
 Retrying in 1 seconds
[shaping_diag] success_cum_shaping=282.39 T=105 d_init=94.1 d_final=0.0
 Retrying in 1 seconds
[shaping_diag] success_cum_shaping=282.39 T=103 d_init=94.1 d_final=0.0
 Retrying in 1 seconds
[shaping_diag] success_cum_shaping=282.39 T=104 d_init=94.1 d_final=0.0
 Retrying in 1 seconds
[shaping_diag] success_cum_shaping=282.39 T=105 d_init=94.1 d_final=0.0
 Retrying in 1 seconds
[shaping_diag] success_cum_shaping=282.39 T=104 d_init=94.1 d_final=0.0
Warning: Vehicle 'other' performs emergency braking on lane ':center_8_0' with decel=9.00, wished=5.00, severity=1.00, time=7.40.
 Retrying in 1 seconds
[shaping_diag] success_cum_shaping=282.39 T=108 d_init=94.1 d_final=0.0
 Retrying in 1 seconds
[shaping_diag] success_cum_shaping=282.39 T=107 d_init=94.1 d_final=0.0
 Retrying in 1 seconds
[shaping_diag] success_cum_shaping=282.39 T=103 d_init=94.1 d_final=0.0
 Retrying in 1 seconds
[shaping_diag] success_cum_shaping=282.39 T=104 d_init=94.1 d_final=0.0
 Retrying in 1 seconds
[shaping_diag] success_cum_shaping=282.39 T=103 d_init=94.1 d_final=0.0
Warning: Vehicle 'other' performs emergency braking on lane ':center_8_0' with decel=9.00, wished=7.00, severity=1.00, time=7.50.
 Retrying in 1 seconds
 Retrying in 1 seconds
[shaping_diag] success_cum_shaping=282.39 T=114 d_init=94.1 d_final=0.0
 Retrying in 1 seconds
[shaping_diag] success_cum_shaping=282.39 T=104 d_init=94.1 d_final=0.0
 Retrying in 1 seconds
[shaping_diag] success_cum_shaping=282.39 T=108 d_init=94.1 d_final=0.0
 Retrying in 1 seconds
[shaping_diag] success_cum_shaping=282.39 T=102 d_init=94.1 d_final=0.0
 Retrying in 1 seconds
[shaping_diag] success_cum_shaping=282.39 T=103 d_init=94.1 d_final=0.0
 Retrying in 1 seconds
[shaping_diag] success_cum_shaping=282.39 T=115 d_init=94.1 d_final=0.0
 Retrying in 1 seconds
[shaping_diag] success_cum_shaping=282.39 T=104 d_init=94.1 d_final=0.0
 Retrying in 1 seconds
[shaping_diag] success_cum_shaping=282.39 T=106 d_init=94.1 d_final=0.0
 Retrying in 1 seconds
[shaping_diag] success_cum_shaping=282.39 T=102 d_init=94.1 d_final=0.0
 Retrying in 1 seconds
[shaping_diag] success_cum_shaping=282.39 T=103 d_init=94.1 d_final=0.0
 Retrying in 1 seconds
[shaping_diag] success_cum_shaping=282.39 T=104 d_init=94.1 d_final=0.0
 Retrying in 1 seconds
[shaping_diag] success_cum_shaping=282.39 T=103 d_init=94.1 d_final=0.0
 Retrying in 1 seconds
[shaping_diag] success_cum_shaping=282.39 T=106 d_init=94.1 d_final=0.0
 Retrying in 1 seconds
 Retrying in 1 seconds
[shaping_diag] success_cum_shaping=282.39 T=103 d_init=94.1 d_final=0.0
Warning: Vehicle 'other' performs emergency braking on lane ':center_8_0' with decel=9.00, wished=6.00, severity=1.00, time=7.10.
Warning: Vehicle 'ego'; junction collision with vehicle 'other', lane=':center_4_0', gap=-1.00, time=7.40 stage=move.
 Retrying in 1 seconds
 Retrying in 1 seconds
[shaping_diag] success_cum_shaping=282.39 T=104 d_init=94.1 d_final=0.0
 Retrying in 1 seconds
[shaping_diag] success_cum_shaping=282.39 T=114 d_init=94.1 d_final=0.0
 Retrying in 1 seconds
[shaping_diag] success_cum_shaping=282.39 T=103 d_init=94.1 d_final=0.0
 Retrying in 1 seconds
[shaping_diag] success_cum_shaping=282.39 T=102 d_init=94.1 d_final=0.0
 Retrying in 1 seconds
[shaping_diag] success_cum_shaping=282.39 T=104 d_init=94.1 d_final=0.0
 Retrying in 1 seconds
[shaping_diag] success_cum_shaping=282.39 T=108 d_init=94.1 d_final=0.0
 Retrying in 1 seconds
[shaping_diag] success_cum_shaping=282.39 T=102 d_init=94.1 d_final=0.0
 Retrying in 1 seconds
[shaping_diag] success_cum_shaping=282.39 T=104 d_init=94.1 d_final=0.0
 Retrying in 1 seconds
[shaping_diag] success_cum_shaping=282.39 T=103 d_init=94.1 d_final=0.0
 Retrying in 1 seconds
[shaping_diag] success_cum_shaping=282.39 T=104 d_init=94.1 d_final=0.0
 Retrying in 1 seconds
[shaping_diag] success_cum_shaping=282.39 T=103 d_init=94.1 d_final=0.0
 Retrying in 1 seconds
[shaping_diag] success_cum_shaping=282.39 T=103 d_init=94.1 d_final=0.0
 Retrying in 1 seconds
[shaping_diag] success_cum_shaping=282.39 T=105 d_init=94.1 d_final=0.0
 Retrying in 1 seconds
[shaping_diag] success_cum_shaping=282.39 T=106 d_init=94.1 d_final=0.0
 Retrying in 1 seconds
[shaping_diag] success_cum_shaping=282.39 T=103 d_init=94.1 d_final=0.0
 Retrying in 1 seconds
[shaping_diag] success_cum_shaping=282.39 T=105 d_init=94.1 d_final=0.0
 Retrying in 1 seconds
[shaping_diag] success_cum_shaping=282.39 T=103 d_init=94.1 d_final=0.0
 Retrying in 1 seconds
[shaping_diag] success_cum_shaping=282.39 T=103 d_init=94.1 d_final=0.0
 Retrying in 1 seconds
[shaping_diag] success_cum_shaping=282.39 T=103 d_init=94.1 d_final=0.0
 Retrying in 1 seconds
[shaping_diag] success_cum_shaping=282.39 T=105 d_init=94.1 d_final=0.0
 Retrying in 1 seconds
[shaping_diag] success_cum_shaping=282.39 T=103 d_init=94.1 d_final=0.0
 Retrying in 1 seconds
[shaping_diag] success_cum_shaping=282.39 T=103 d_init=94.1 d_final=0.0
 Retrying in 1 seconds
[shaping_diag] success_cum_shaping=282.39 T=103 d_init=94.1 d_final=0.0
 Retrying in 1 seconds
[shaping_diag] success_cum_shaping=282.39 T=105 d_init=94.1 d_final=0.0
 Retrying in 1 seconds
[shaping_diag] success_cum_shaping=282.39 T=104 d_init=94.1 d_final=0.0
 Retrying in 1 seconds
[shaping_diag] success_cum_shaping=282.39 T=103 d_init=94.1 d_final=0.0
 Retrying in 1 seconds
[shaping_diag] success_cum_shaping=282.39 T=103 d_init=94.1 d_final=0.0
 Retrying in 1 seconds
[shaping_diag] success_cum_shaping=282.39 T=105 d_init=94.1 d_final=0.0
 Retrying in 1 seconds
[shaping_diag] success_cum_shaping=282.39 T=103 d_init=94.1 d_final=0.0
 Retrying in 1 seconds
[shaping_diag] success_cum_shaping=282.39 T=103 d_init=94.1 d_final=0.0
 Retrying in 1 seconds
[shaping_diag] success_cum_shaping=282.39 T=104 d_init=94.1 d_final=0.0
 Retrying in 1 seconds
[shaping_diag] success_cum_shaping=282.39 T=102 d_init=94.1 d_final=0.0
 Retrying in 1 seconds
[shaping_diag] success_cum_shaping=282.39 T=110 d_init=94.1 d_final=0.0
 Retrying in 1 seconds
[shaping_diag] success_cum_shaping=282.39 T=104 d_init=94.1 d_final=0.0
 Retrying in 1 seconds
[shaping_diag] success_cum_shaping=282.39 T=104 d_init=94.1 d_final=0.0
 Retrying in 1 seconds
[shaping_diag] success_cum_shaping=282.39 T=103 d_init=94.1 d_final=0.0
 Retrying in 1 seconds
[shaping_diag] success_cum_shaping=282.39 T=103 d_init=94.1 d_final=0.0
 Retrying in 1 seconds
 Retrying in 1 seconds
[shaping_diag] success_cum_shaping=282.39 T=102 d_init=94.1 d_final=0.0
 Retrying in 1 seconds
[shaping_diag] success_cum_shaping=282.39 T=104 d_init=94.1 d_final=0.0
 Retrying in 1 seconds
[shaping_diag] success_cum_shaping=282.39 T=104 d_init=94.1 d_final=0.0
 Retrying in 1 seconds
[shaping_diag] success_cum_shaping=282.39 T=103 d_init=94.1 d_final=0.0
 Retrying in 1 seconds
[shaping_diag] success_cum_shaping=282.39 T=103 d_init=94.1 d_final=0.0
 Retrying in 1 seconds
[shaping_diag] success_cum_shaping=282.39 T=105 d_init=94.1 d_final=0.0
 Retrying in 1 seconds
[shaping_diag] success_cum_shaping=282.39 T=103 d_init=94.1 d_final=0.0
 Retrying in 1 seconds
[shaping_diag] success_cum_shaping=282.39 T=105 d_init=94.1 d_final=0.0
Warning: Vehicle 'other' performs emergency braking on lane ':center_8_0' with decel=9.00, wished=7.00, severity=1.00, time=7.20.
Warning: Vehicle 'ego'; junction collision with vehicle 'other', lane=':center_4_0', gap=-1.00, time=7.50 stage=move.
 Retrying in 1 seconds
 Retrying in 1 seconds
[shaping_diag] success_cum_shaping=282.39 T=103 d_init=94.1 d_final=0.0
Warning: Vehicle 'other' performs emergency braking on lane ':center_8_0' with decel=9.00, wished=5.00, severity=1.00, time=7.40.
 Retrying in 1 seconds
 Retrying in 1 seconds
[shaping_diag] success_cum_shaping=282.39 T=104 d_init=94.1 d_final=0.0
 Retrying in 1 seconds
[shaping_diag] success_cum_shaping=282.39 T=103 d_init=94.1 d_final=0.0
 Retrying in 1 seconds
[shaping_diag] success_cum_shaping=282.39 T=103 d_init=94.1 d_final=0.0
 Retrying in 1 seconds
[shaping_diag] success_cum_shaping=282.39 T=103 d_init=94.1 d_final=0.0
 Retrying in 1 seconds
[shaping_diag] success_cum_shaping=282.39 T=107 d_init=94.1 d_final=0.0
 Retrying in 1 seconds
[shaping_diag] success_cum_shaping=282.39 T=105 d_init=94.1 d_final=0.0
 Retrying in 1 seconds
[shaping_diag] success_cum_shaping=282.39 T=104 d_init=94.1 d_final=0.0
 Retrying in 1 seconds
[shaping_diag] success_cum_shaping=282.39 T=103 d_init=94.1 d_final=0.0
 Retrying in 1 seconds
[shaping_diag] success_cum_shaping=282.39 T=104 d_init=94.1 d_final=0.0
 Retrying in 1 seconds
[shaping_diag] success_cum_shaping=282.39 T=103 d_init=94.1 d_final=0.0
 Retrying in 1 seconds
[shaping_diag] success_cum_shaping=282.39 T=110 d_init=94.1 d_final=0.0
 Retrying in 1 seconds
[shaping_diag] success_cum_shaping=282.39 T=103 d_init=94.1 d_final=0.0
 Retrying in 1 seconds
[shaping_diag] success_cum_shaping=282.39 T=104 d_init=94.1 d_final=0.0
 Retrying in 1 seconds
[shaping_diag] success_cum_shaping=282.39 T=102 d_init=94.1 d_final=0.0
 Retrying in 1 seconds
[shaping_diag] success_cum_shaping=282.39 T=102 d_init=94.1 d_final=0.0
 Retrying in 1 seconds
[shaping_diag] success_cum_shaping=282.39 T=102 d_init=94.1 d_final=0.0
 Retrying in 1 seconds
[shaping_diag] success_cum_shaping=282.39 T=104 d_init=94.1 d_final=0.0
 Retrying in 1 seconds
[shaping_diag] success_cum_shaping=282.39 T=105 d_init=94.1 d_final=0.0
 Retrying in 1 seconds
[shaping_diag] success_cum_shaping=282.39 T=103 d_init=94.1 d_final=0.0
 Retrying in 1 seconds
[shaping_diag] success_cum_shaping=282.39 T=103 d_init=94.1 d_final=0.0
 Retrying in 1 seconds
[shaping_diag] success_cum_shaping=282.39 T=103 d_init=94.1 d_final=0.0
 Retrying in 1 seconds
[shaping_diag] success_cum_shaping=282.39 T=104 d_init=94.1 d_final=0.0
 Retrying in 1 seconds
[shaping_diag] success_cum_shaping=282.39 T=103 d_init=94.1 d_final=0.0
 Retrying in 1 seconds
[shaping_diag] success_cum_shaping=282.39 T=103 d_init=94.1 d_final=0.0
 Retrying in 1 seconds
[shaping_diag] success_cum_shaping=282.39 T=106 d_init=94.1 d_final=0.0
 Retrying in 1 seconds
[shaping_diag] success_cum_shaping=282.39 T=103 d_init=94.1 d_final=0.0
 Retrying in 1 seconds
[shaping_diag] success_cum_shaping=282.39 T=103 d_init=94.1 d_final=0.0
 Retrying in 1 seconds
[shaping_diag] success_cum_shaping=282.39 T=103 d_init=94.1 d_final=0.0
 Retrying in 1 seconds
[shaping_diag] success_cum_shaping=282.39 T=103 d_init=94.1 d_final=0.0
 Retrying in 1 seconds
 Retrying in 1 seconds
[shaping_diag] success_cum_shaping=282.39 T=105 d_init=94.1 d_final=0.0
 Retrying in 1 seconds
[shaping_diag] success_cum_shaping=282.39 T=103 d_init=94.1 d_final=0.0
 Retrying in 1 seconds
[shaping_diag] success_cum_shaping=282.39 T=105 d_init=94.1 d_final=0.0
 Retrying in 1 seconds
[shaping_diag] success_cum_shaping=282.39 T=128 d_init=94.1 d_final=0.0
 Retrying in 1 seconds
[shaping_diag] success_cum_shaping=282.39 T=103 d_init=94.1 d_final=0.0
 Retrying in 1 seconds
[shaping_diag] success_cum_shaping=282.39 T=102 d_init=94.1 d_final=0.0
 Retrying in 1 seconds
[shaping_diag] success_cum_shaping=282.39 T=105 d_init=94.1 d_final=0.0
 Retrying in 1 seconds
[shaping_diag] success_cum_shaping=282.39 T=103 d_init=94.1 d_final=0.0
 Retrying in 1 seconds
[shaping_diag] success_cum_shaping=282.39 T=103 d_init=94.1 d_final=0.0
 Retrying in 1 seconds
[shaping_diag] success_cum_shaping=282.39 T=103 d_init=94.1 d_final=0.0
 Retrying in 1 seconds
[shaping_diag] success_cum_shaping=282.39 T=103 d_init=94.1 d_final=0.0
 Retrying in 1 seconds
[shaping_diag] success_cum_shaping=282.39 T=103 d_init=94.1 d_final=0.0
 Retrying in 1 seconds
[shaping_diag] success_cum_shaping=282.39 T=103 d_init=94.1 d_final=0.0
 Retrying in 1 seconds
[shaping_diag] success_cum_shaping=282.39 T=103 d_init=94.1 d_final=0.0
 Retrying in 1 seconds
[shaping_diag] success_cum_shaping=282.39 T=107 d_init=94.1 d_final=0.0
 Retrying in 1 seconds
[shaping_diag] success_cum_shaping=282.39 T=102 d_init=94.1 d_final=0.0
 Retrying in 1 seconds
[shaping_diag] success_cum_shaping=282.39 T=104 d_init=94.1 d_final=0.0
 Retrying in 1 seconds
[shaping_diag] success_cum_shaping=282.39 T=103 d_init=94.1 d_final=0.0
 Retrying in 1 seconds
[shaping_diag] success_cum_shaping=282.39 T=103 d_init=94.1 d_final=0.0
 Retrying in 1 seconds
[shaping_diag] success_cum_shaping=282.39 T=106 d_init=94.1 d_final=0.0
 Retrying in 1 seconds
[shaping_diag] success_cum_shaping=282.39 T=104 d_init=94.1 d_final=0.0
 Retrying in 1 seconds
[shaping_diag] success_cum_shaping=282.39 T=104 d_init=94.1 d_final=0.0
 Retrying in 1 seconds
[shaping_diag] success_cum_shaping=282.39 T=103 d_init=94.1 d_final=0.0
 Retrying in 1 seconds
[shaping_diag] success_cum_shaping=282.39 T=109 d_init=94.1 d_final=0.0
 Retrying in 1 seconds
[shaping_diag] success_cum_shaping=282.39 T=103 d_init=94.1 d_final=0.0
 Retrying in 1 seconds
[shaping_diag] success_cum_shaping=282.39 T=103 d_init=94.1 d_final=0.0
 Retrying in 1 seconds
[shaping_diag] success_cum_shaping=282.39 T=103 d_init=94.1 d_final=0.0
 Retrying in 1 seconds
[shaping_diag] success_cum_shaping=282.39 T=111 d_init=94.1 d_final=0.0
 Retrying in 1 seconds
[shaping_diag] success_cum_shaping=282.39 T=107 d_init=94.1 d_final=0.0
 Retrying in 1 seconds
[shaping_diag] success_cum_shaping=282.39 T=103 d_init=94.1 d_final=0.0
Warning: Vehicle 'ego'; junction collision with vehicle 'other', lane=':center_4_0', gap=-1.00, time=7.50 stage=move.
 Retrying in 1 seconds
 Retrying in 1 seconds
[shaping_diag] success_cum_shaping=282.39 T=127 d_init=94.1 d_final=0.0
 Retrying in 1 seconds
[shaping_diag] success_cum_shaping=282.39 T=103 d_init=94.1 d_final=0.0
 Retrying in 1 seconds
[shaping_diag] success_cum_shaping=282.39 T=104 d_init=94.1 d_final=0.0
 Retrying in 1 seconds
[shaping_diag] success_cum_shaping=282.39 T=103 d_init=94.1 d_final=0.0
 Retrying in 1 seconds
[shaping_diag] success_cum_shaping=282.39 T=102 d_init=94.1 d_final=0.0
 Retrying in 1 seconds
[shaping_diag] success_cum_shaping=282.39 T=103 d_init=94.1 d_final=0.0
 Retrying in 1 seconds
[shaping_diag] success_cum_shaping=282.39 T=102 d_init=94.1 d_final=0.0
 Retrying in 1 seconds
[shaping_diag] success_cum_shaping=282.39 T=103 d_init=94.1 d_final=0.0
 Retrying in 1 seconds
 Retrying in 1 seconds
[shaping_diag] success_cum_shaping=282.39 T=103 d_init=94.1 d_final=0.0
 Retrying in 1 seconds
[shaping_diag] success_cum_shaping=282.39 T=166 d_init=94.1 d_final=0.0
 Retrying in 1 seconds
[shaping_diag] success_cum_shaping=282.39 T=103 d_init=94.1 d_final=0.0
 Retrying in 1 seconds
[shaping_diag] success_cum_shaping=282.39 T=105 d_init=94.1 d_final=0.0
 Retrying in 1 seconds
[shaping_diag] success_cum_shaping=282.39 T=104 d_init=94.1 d_final=0.0
 Retrying in 1 seconds
[shaping_diag] success_cum_shaping=282.39 T=168 d_init=94.1 d_final=0.0
 Retrying in 1 seconds
[shaping_diag] success_cum_shaping=282.39 T=104 d_init=94.1 d_final=0.0
 Retrying in 1 seconds
[shaping_diag] success_cum_shaping=282.39 T=152 d_init=94.1 d_final=0.0
 Retrying in 1 seconds
[shaping_diag] success_cum_shaping=282.39 T=104 d_init=94.1 d_final=0.0
 Retrying in 1 seconds
[shaping_diag] success_cum_shaping=282.39 T=103 d_init=94.1 d_final=0.0
 Retrying in 1 seconds
[shaping_diag] success_cum_shaping=282.39 T=104 d_init=94.1 d_final=0.0
 Retrying in 1 seconds
[shaping_diag] success_cum_shaping=282.39 T=103 d_init=94.1 d_final=0.0
 Retrying in 1 seconds
[shaping_diag] success_cum_shaping=282.39 T=103 d_init=94.1 d_final=0.0
 Retrying in 1 seconds
[shaping_diag] success_cum_shaping=282.39 T=104 d_init=94.1 d_final=0.0
 Retrying in 1 seconds
[shaping_diag] success_cum_shaping=282.39 T=109 d_init=94.1 d_final=0.0
 Retrying in 1 seconds
[shaping_diag] success_cum_shaping=282.39 T=127 d_init=94.1 d_final=0.0
 Retrying in 1 seconds
[shaping_diag] success_cum_shaping=282.39 T=133 d_init=94.1 d_final=0.0
 Retrying in 1 seconds
[shaping_diag] success_cum_shaping=282.39 T=102 d_init=94.1 d_final=0.0
 Retrying in 1 seconds
[shaping_diag] success_cum_shaping=282.39 T=103 d_init=94.1 d_final=0.0
 Retrying in 1 seconds
[shaping_diag] success_cum_shaping=282.39 T=104 d_init=94.1 d_final=0.0
 Retrying in 1 seconds
[shaping_diag] success_cum_shaping=282.39 T=103 d_init=94.1 d_final=0.0
 Retrying in 1 seconds
[shaping_diag] success_cum_shaping=282.39 T=104 d_init=94.1 d_final=0.0
 Retrying in 1 seconds
[shaping_diag] success_cum_shaping=282.39 T=121 d_init=94.1 d_final=0.0
 Retrying in 1 seconds
[shaping_diag] success_cum_shaping=282.39 T=106 d_init=94.1 d_final=0.0
 Retrying in 1 seconds
[shaping_diag] success_cum_shaping=282.39 T=104 d_init=94.1 d_final=0.0
 Retrying in 1 seconds
[shaping_diag] success_cum_shaping=282.39 T=105 d_init=94.1 d_final=0.0
 Retrying in 1 seconds
[shaping_diag] success_cum_shaping=282.39 T=105 d_init=94.1 d_final=0.0
Warning: Vehicle 'other' performs emergency braking on lane ':center_8_0' with decel=9.00, wished=5.00, severity=1.00, time=7.10.
 Retrying in 1 seconds
[shaping_diag] success_cum_shaping=282.39 T=104 d_init=94.1 d_final=0.0
 Retrying in 1 seconds
[shaping_diag] success_cum_shaping=282.39 T=103 d_init=94.1 d_final=0.0
 Retrying in 1 seconds
[shaping_diag] success_cum_shaping=282.39 T=102 d_init=94.1 d_final=0.0
 Retrying in 1 seconds
[shaping_diag] success_cum_shaping=282.39 T=103 d_init=94.1 d_final=0.0
 Retrying in 1 seconds
[shaping_diag] success_cum_shaping=282.39 T=105 d_init=94.1 d_final=0.0
 Retrying in 1 seconds
[shaping_diag] success_cum_shaping=282.39 T=103 d_init=94.1 d_final=0.0
 Retrying in 1 seconds
[shaping_diag] success_cum_shaping=282.39 T=103 d_init=94.1 d_final=0.0
 Retrying in 1 seconds
[shaping_diag] success_cum_shaping=282.39 T=103 d_init=94.1 d_final=0.0
 Retrying in 1 seconds
[shaping_diag] success_cum_shaping=282.39 T=104 d_init=94.1 d_final=0.0
 Retrying in 1 seconds
[shaping_diag] success_cum_shaping=282.39 T=103 d_init=94.1 d_final=0.0
 Retrying in 1 seconds
 Retrying in 1 seconds
 Retrying in 1 seconds
[shaping_diag] success_cum_shaping=282.39 T=104 d_init=94.1 d_final=0.0
 Retrying in 1 seconds
[shaping_diag] success_cum_shaping=282.39 T=103 d_init=94.1 d_final=0.0
 Retrying in 1 seconds
[shaping_diag] success_cum_shaping=282.39 T=104 d_init=94.1 d_final=0.0
 Retrying in 1 seconds
[shaping_diag] success_cum_shaping=282.39 T=105 d_init=94.1 d_final=0.0
 Retrying in 1 seconds
[shaping_diag] success_cum_shaping=282.39 T=105 d_init=94.1 d_final=0.0
 Retrying in 1 seconds
[shaping_diag] success_cum_shaping=282.39 T=137 d_init=94.1 d_final=0.0
Warning: Vehicle 'other' performs emergency braking on lane ':center_8_0' with decel=9.00, wished=6.00, severity=1.00, time=7.30.
Warning: Vehicle 'ego'; junction collision with vehicle 'other', lane=':center_4_0', gap=-1.00, time=7.50 stage=move.
 Retrying in 1 seconds
 Retrying in 1 seconds
[shaping_diag] success_cum_shaping=282.39 T=103 d_init=94.1 d_final=0.0
 Retrying in 1 seconds
[shaping_diag] success_cum_shaping=282.39 T=103 d_init=94.1 d_final=0.0
 Retrying in 1 seconds
[shaping_diag] success_cum_shaping=282.39 T=103 d_init=94.1 d_final=0.0
 Retrying in 1 seconds
[shaping_diag] success_cum_shaping=282.39 T=103 d_init=94.1 d_final=0.0
Warning: Vehicle 'ego'; junction collision with vehicle 'other', lane=':center_4_0', gap=-1.00, time=7.10 stage=move.
 Retrying in 1 seconds
 Retrying in 1 seconds
[shaping_diag] success_cum_shaping=282.39 T=103 d_init=94.1 d_final=0.0
 Retrying in 1 seconds
[shaping_diag] success_cum_shaping=282.39 T=104 d_init=94.1 d_final=0.0
 Retrying in 1 seconds
[shaping_diag] success_cum_shaping=282.39 T=103 d_init=94.1 d_final=0.0
 Retrying in 1 seconds
[shaping_diag] success_cum_shaping=282.39 T=103 d_init=94.1 d_final=0.0
 Retrying in 1 seconds
[shaping_diag] success_cum_shaping=282.39 T=104 d_init=94.1 d_final=0.0
 Retrying in 1 seconds
[shaping_diag] success_cum_shaping=282.39 T=103 d_init=94.1 d_final=0.0
 Retrying in 1 seconds
[shaping_diag] success_cum_shaping=282.39 T=103 d_init=94.1 d_final=0.0
 Retrying in 1 seconds
[shaping_diag] success_cum_shaping=282.39 T=103 d_init=94.1 d_final=0.0
 Retrying in 1 seconds
[shaping_diag] success_cum_shaping=282.39 T=103 d_init=94.1 d_final=0.0
 Retrying in 1 seconds
[shaping_diag] success_cum_shaping=282.39 T=103 d_init=94.1 d_final=0.0
 Retrying in 1 seconds
[shaping_diag] success_cum_shaping=282.39 T=104 d_init=94.1 d_final=0.0
 Retrying in 1 seconds
[shaping_diag] success_cum_shaping=282.39 T=103 d_init=94.1 d_final=0.0
 Retrying in 1 seconds
[shaping_diag] success_cum_shaping=282.39 T=105 d_init=94.1 d_final=0.0
 Retrying in 1 seconds
[shaping_diag] success_cum_shaping=282.39 T=104 d_init=94.1 d_final=0.0
 Retrying in 1 seconds
[shaping_diag] success_cum_shaping=282.39 T=103 d_init=94.1 d_final=0.0
 Retrying in 1 seconds
[shaping_diag] success_cum_shaping=282.39 T=105 d_init=94.1 d_final=0.0
 Retrying in 1 seconds
[shaping_diag] success_cum_shaping=282.39 T=103 d_init=94.1 d_final=0.0
 Retrying in 1 seconds
[shaping_diag] success_cum_shaping=282.39 T=103 d_init=94.1 d_final=0.0
 Retrying in 1 seconds
[shaping_diag] success_cum_shaping=282.39 T=103 d_init=94.1 d_final=0.0
 Retrying in 1 seconds
[shaping_diag] success_cum_shaping=282.39 T=106 d_init=94.1 d_final=0.0
 Retrying in 1 seconds
[shaping_diag] success_cum_shaping=282.39 T=104 d_init=94.1 d_final=0.0
 Retrying in 1 seconds
[shaping_diag] success_cum_shaping=282.39 T=102 d_init=94.1 d_final=0.0
 Retrying in 1 seconds
[shaping_diag] success_cum_shaping=282.39 T=103 d_init=94.1 d_final=0.0
 Retrying in 1 seconds
[shaping_diag] success_cum_shaping=282.39 T=103 d_init=94.1 d_final=0.0
 Retrying in 1 seconds
[shaping_diag] success_cum_shaping=282.39 T=104 d_init=94.1 d_final=0.0
 Retrying in 1 seconds
[shaping_diag] success_cum_shaping=282.39 T=107 d_init=94.1 d_final=0.0
 Retrying in 1 seconds
[shaping_diag] success_cum_shaping=282.39 T=104 d_init=94.1 d_final=0.0
 Retrying in 1 seconds
 Retrying in 1 seconds
[shaping_diag] success_cum_shaping=282.39 T=104 d_init=94.1 d_final=0.0
 Retrying in 1 seconds
[shaping_diag] success_cum_shaping=282.39 T=103 d_init=94.1 d_final=0.0
 Retrying in 1 seconds
[shaping_diag] success_cum_shaping=282.39 T=103 d_init=94.1 d_final=0.0
 Retrying in 1 seconds
[shaping_diag] success_cum_shaping=282.39 T=104 d_init=94.1 d_final=0.0
 Retrying in 1 seconds
[shaping_diag] success_cum_shaping=282.39 T=103 d_init=94.1 d_final=0.0
 Retrying in 1 seconds
[shaping_diag] success_cum_shaping=282.39 T=103 d_init=94.1 d_final=0.0
 Retrying in 1 seconds
[shaping_diag] success_cum_shaping=282.39 T=107 d_init=94.1 d_final=0.0
 Retrying in 1 seconds
[shaping_diag] success_cum_shaping=282.39 T=110 d_init=94.1 d_final=0.0
 Retrying in 1 seconds
[shaping_diag] success_cum_shaping=282.39 T=104 d_init=94.1 d_final=0.0
 Retrying in 1 seconds
[shaping_diag] success_cum_shaping=282.39 T=103 d_init=94.1 d_final=0.0
 Retrying in 1 seconds
[shaping_diag] success_cum_shaping=282.39 T=105 d_init=94.1 d_final=0.0
 Retrying in 1 seconds
[shaping_diag] success_cum_shaping=282.39 T=106 d_init=94.1 d_final=0.0
 Retrying in 1 seconds
[shaping_diag] success_cum_shaping=282.39 T=106 d_init=94.1 d_final=0.0
 Retrying in 1 seconds
[shaping_diag] success_cum_shaping=282.39 T=103 d_init=94.1 d_final=0.0
 Retrying in 1 seconds
[shaping_diag] success_cum_shaping=282.39 T=103 d_init=94.1 d_final=0.0
 Retrying in 1 seconds
[shaping_diag] success_cum_shaping=282.39 T=104 d_init=94.1 d_final=0.0
Warning: Vehicle 'other' performs emergency braking on lane ':center_8_0' with decel=9.00, wished=6.00, severity=1.00, time=7.30.
 Retrying in 1 seconds
 Retrying in 1 seconds
[shaping_diag] success_cum_shaping=282.39 T=103 d_init=94.1 d_final=0.0
 Retrying in 1 seconds
[shaping_diag] success_cum_shaping=282.39 T=103 d_init=94.1 d_final=0.0
 Retrying in 1 seconds
[shaping_diag] success_cum_shaping=282.39 T=103 d_init=94.1 d_final=0.0
 Retrying in 1 seconds
[shaping_diag] success_cum_shaping=282.39 T=103 d_init=94.1 d_final=0.0
 Retrying in 1 seconds
[shaping_diag] success_cum_shaping=282.39 T=102 d_init=94.1 d_final=0.0
 Retrying in 1 seconds
[shaping_diag] success_cum_shaping=282.39 T=104 d_init=94.1 d_final=0.0
Warning: Vehicle 'other' performs emergency braking on lane ':center_8_0' with decel=9.00, wished=5.00, severity=1.00, time=7.70.
 Retrying in 1 seconds
 Retrying in 1 seconds
[shaping_diag] success_cum_shaping=282.39 T=130 d_init=94.1 d_final=0.0
 Retrying in 1 seconds
[shaping_diag] success_cum_shaping=282.39 T=103 d_init=94.1 d_final=0.0
 Retrying in 1 seconds
[shaping_diag] success_cum_shaping=282.39 T=104 d_init=94.1 d_final=0.0
 Retrying in 1 seconds
[shaping_diag] success_cum_shaping=282.39 T=103 d_init=94.1 d_final=0.0
 Retrying in 1 seconds
[shaping_diag] success_cum_shaping=282.39 T=105 d_init=94.1 d_final=0.0
 Retrying in 1 seconds
[shaping_diag] success_cum_shaping=282.39 T=105 d_init=94.1 d_final=0.0
 Retrying in 1 seconds
[shaping_diag] success_cum_shaping=282.39 T=141 d_init=94.1 d_final=0.0
 Retrying in 1 seconds
[shaping_diag] success_cum_shaping=282.39 T=103 d_init=94.1 d_final=0.0
 Retrying in 1 seconds
[shaping_diag] success_cum_shaping=282.39 T=103 d_init=94.1 d_final=0.0
Warning: Vehicle 'other' performs emergency braking on lane ':center_8_0' with decel=9.00, wished=6.00, severity=1.00, time=7.20.
Warning: Vehicle 'other'; junction collision with vehicle 'ego', lane=':center_8_0', gap=-1.00, time=7.60 stage=move.
 Retrying in 1 seconds
 Retrying in 1 seconds
[shaping_diag] success_cum_shaping=282.39 T=104 d_init=94.1 d_final=0.0
 Retrying in 1 seconds
[shaping_diag] success_cum_shaping=282.39 T=103 d_init=94.1 d_final=0.0
 Retrying in 1 seconds
[shaping_diag] success_cum_shaping=282.39 T=104 d_init=94.1 d_final=0.0
 Retrying in 1 seconds
[shaping_diag] success_cum_shaping=282.39 T=103 d_init=94.1 d_final=0.0
 Retrying in 1 seconds
[shaping_diag] success_cum_shaping=282.39 T=105 d_init=94.1 d_final=0.0
 Retrying in 1 seconds
 Retrying in 1 seconds
[shaping_diag] success_cum_shaping=282.39 T=102 d_init=94.1 d_final=0.0
 Retrying in 1 seconds
[shaping_diag] success_cum_shaping=282.39 T=102 d_init=94.1 d_final=0.0
 Retrying in 1 seconds
 Retrying in 1 seconds
[shaping_diag] success_cum_shaping=282.39 T=102 d_init=94.1 d_final=0.0
 Retrying in 1 seconds
[shaping_diag] success_cum_shaping=282.39 T=102 d_init=94.1 d_final=0.0
Warning: Vehicle 'other' performs emergency braking on lane ':center_8_0' with decel=9.00, wished=7.00, severity=1.00, time=7.10.
 Retrying in 1 seconds
[shaping_diag] success_cum_shaping=282.39 T=102 d_init=94.1 d_final=0.0
Warning: Vehicle 'ego'; junction collision with vehicle 'other', lane=':center_4_0', gap=-1.00, time=7.20 stage=move.
 Retrying in 1 seconds
 Retrying in 1 seconds
[shaping_diag] success_cum_shaping=282.39 T=102 d_init=94.1 d_final=0.0
 Retrying in 1 seconds
[shaping_diag] success_cum_shaping=282.39 T=102 d_init=94.1 d_final=0.0
 Retrying in 1 seconds
[shaping_diag] success_cum_shaping=282.39 T=102 d_init=94.1 d_final=0.0
[cbf_aux] step=331776 ret=370.60 coll=2 ttc=6.27 cbf_res=0.0000
 Retrying in 1 seconds
[shaping_diag] success_cum_shaping=282.39 T=105 d_init=94.1 d_final=0.0
 Retrying in 1 seconds
[shaping_diag] success_cum_shaping=282.39 T=106 d_init=94.1 d_final=0.0
 Retrying in 1 seconds
[shaping_diag] success_cum_shaping=282.39 T=103 d_init=94.1 d_final=0.0
 Retrying in 1 seconds
[shaping_diag] success_cum_shaping=282.39 T=104 d_init=94.1 d_final=0.0
Warning: Vehicle 'other' performs emergency braking on lane ':center_8_0' with decel=9.00, wished=6.00, severity=1.00, time=7.20.
 Retrying in 1 seconds
 Retrying in 1 seconds
[shaping_diag] success_cum_shaping=282.39 T=103 d_init=94.1 d_final=0.0
 Retrying in 1 seconds
[shaping_diag] success_cum_shaping=282.39 T=106 d_init=94.1 d_final=0.0
 Retrying in 1 seconds
[shaping_diag] success_cum_shaping=282.39 T=103 d_init=94.1 d_final=0.0
 Retrying in 1 seconds
[shaping_diag] success_cum_shaping=282.39 T=102 d_init=94.1 d_final=0.0
 Retrying in 1 seconds
[shaping_diag] success_cum_shaping=282.39 T=104 d_init=94.1 d_final=0.0
 Retrying in 1 seconds
[shaping_diag] success_cum_shaping=282.39 T=102 d_init=94.1 d_final=0.0
 Retrying in 1 seconds
[shaping_diag] success_cum_shaping=282.39 T=103 d_init=94.1 d_final=0.0
Warning: Vehicle 'other' performs emergency braking on lane ':center_8_0' with decel=9.00, wished=5.00, severity=1.00, time=7.10.
 Retrying in 1 seconds
[shaping_diag] success_cum_shaping=282.39 T=104 d_init=94.1 d_final=0.0
 Retrying in 1 seconds
[shaping_diag] success_cum_shaping=282.39 T=104 d_init=94.1 d_final=0.0
 Retrying in 1 seconds
[shaping_diag] success_cum_shaping=282.39 T=105 d_init=94.1 d_final=0.0
 Retrying in 1 seconds
[shaping_diag] success_cum_shaping=282.39 T=103 d_init=94.1 d_final=0.0
 Retrying in 1 seconds
[shaping_diag] success_cum_shaping=282.39 T=107 d_init=94.1 d_final=0.0
 Retrying in 1 seconds
[shaping_diag] success_cum_shaping=282.39 T=103 d_init=94.1 d_final=0.0
 Retrying in 1 seconds
[shaping_diag] success_cum_shaping=282.39 T=103 d_init=94.1 d_final=0.0
 Retrying in 1 seconds
[shaping_diag] success_cum_shaping=282.39 T=103 d_init=94.1 d_final=0.0
 Retrying in 1 seconds
[shaping_diag] success_cum_shaping=282.39 T=103 d_init=94.1 d_final=0.0
 Retrying in 1 seconds
[shaping_diag] success_cum_shaping=282.39 T=103 d_init=94.1 d_final=0.0
 Retrying in 1 seconds
[shaping_diag] success_cum_shaping=282.39 T=104 d_init=94.1 d_final=0.0
 Retrying in 1 seconds
[shaping_diag] success_cum_shaping=282.39 T=103 d_init=94.1 d_final=0.0
Warning: Vehicle 'other' performs emergency braking on lane ':center_8_0' with decel=9.00, wished=6.00, severity=1.00, time=7.20.
 Retrying in 1 seconds
 Retrying in 1 seconds
[shaping_diag] success_cum_shaping=282.39 T=105 d_init=94.1 d_final=0.0
 Retrying in 1 seconds
[shaping_diag] success_cum_shaping=282.39 T=104 d_init=94.1 d_final=0.0
 Retrying in 1 seconds
[shaping_diag] success_cum_shaping=282.39 T=103 d_init=94.1 d_final=0.0
 Retrying in 1 seconds
[shaping_diag] success_cum_shaping=282.39 T=104 d_init=94.1 d_final=0.0
 Retrying in 1 seconds
 Retrying in 1 seconds
[shaping_diag] success_cum_shaping=282.39 T=104 d_init=94.1 d_final=0.0
 Retrying in 1 seconds
[shaping_diag] success_cum_shaping=282.39 T=104 d_init=94.1 d_final=0.0
Warning: Vehicle 'other' performs emergency braking on lane ':center_8_0' with decel=9.00, wished=5.00, severity=1.00, time=7.20.
 Retrying in 1 seconds
 Retrying in 1 seconds
[shaping_diag] success_cum_shaping=282.39 T=108 d_init=94.1 d_final=0.0
 Retrying in 1 seconds
[shaping_diag] success_cum_shaping=282.39 T=107 d_init=94.1 d_final=0.0
 Retrying in 1 seconds
[shaping_diag] success_cum_shaping=282.39 T=103 d_init=94.1 d_final=0.0
 Retrying in 1 seconds
[shaping_diag] success_cum_shaping=282.39 T=103 d_init=94.1 d_final=0.0
 Retrying in 1 seconds
[shaping_diag] success_cum_shaping=282.39 T=104 d_init=94.1 d_final=0.0
 Retrying in 1 seconds
[shaping_diag] success_cum_shaping=282.39 T=128 d_init=94.1 d_final=0.0
 Retrying in 1 seconds
[shaping_diag] success_cum_shaping=282.39 T=130 d_init=94.1 d_final=0.0
 Retrying in 1 seconds
 Retrying in 1 seconds
[shaping_diag] success_cum_shaping=282.39 T=103 d_init=94.1 d_final=0.0
 Retrying in 1 seconds
[shaping_diag] success_cum_shaping=282.39 T=103 d_init=94.1 d_final=0.0
 Retrying in 1 seconds
[shaping_diag] success_cum_shaping=282.39 T=108 d_init=94.1 d_final=0.0
 Retrying in 1 seconds
[shaping_diag] success_cum_shaping=282.39 T=102 d_init=94.1 d_final=0.0
 Retrying in 1 seconds
[shaping_diag] success_cum_shaping=282.39 T=102 d_init=94.1 d_final=0.0
 Retrying in 1 seconds
[shaping_diag] success_cum_shaping=282.39 T=103 d_init=94.1 d_final=0.0
 Retrying in 1 seconds
[shaping_diag] success_cum_shaping=282.39 T=103 d_init=94.1 d_final=0.0
 Retrying in 1 seconds
[shaping_diag] success_cum_shaping=282.39 T=103 d_init=94.1 d_final=0.0
 Retrying in 1 seconds
[shaping_diag] success_cum_shaping=282.39 T=103 d_init=94.1 d_final=0.0
 Retrying in 1 seconds
[shaping_diag] success_cum_shaping=282.39 T=103 d_init=94.1 d_final=0.0
 Retrying in 1 seconds
[shaping_diag] success_cum_shaping=282.39 T=106 d_init=94.1 d_final=0.0
 Retrying in 1 seconds
[shaping_diag] success_cum_shaping=282.39 T=129 d_init=94.1 d_final=0.0
Warning: Vehicle 'ego'; junction collision with vehicle 'other', lane=':center_4_0', gap=-1.00, time=7.60 stage=move.
 Retrying in 1 seconds
 Retrying in 1 seconds
[shaping_diag] success_cum_shaping=282.39 T=106 d_init=94.1 d_final=0.0
 Retrying in 1 seconds
[shaping_diag] success_cum_shaping=282.39 T=103 d_init=94.1 d_final=0.0
 Retrying in 1 seconds
[shaping_diag] success_cum_shaping=282.39 T=103 d_init=94.1 d_final=0.0
 Retrying in 1 seconds
[shaping_diag] success_cum_shaping=282.39 T=103 d_init=94.1 d_final=0.0
 Retrying in 1 seconds
[shaping_diag] success_cum_shaping=282.39 T=104 d_init=94.1 d_final=0.0
 Retrying in 1 seconds
[shaping_diag] success_cum_shaping=282.39 T=102 d_init=94.1 d_final=0.0
 Retrying in 1 seconds
[shaping_diag] success_cum_shaping=282.39 T=102 d_init=94.1 d_final=0.0
 Retrying in 1 seconds
[shaping_diag] success_cum_shaping=282.39 T=103 d_init=94.1 d_final=0.0
 Retrying in 1 seconds
[shaping_diag] success_cum_shaping=282.39 T=104 d_init=94.1 d_final=0.0
 Retrying in 1 seconds
[shaping_diag] success_cum_shaping=282.39 T=103 d_init=94.1 d_final=0.0
 Retrying in 1 seconds
[shaping_diag] success_cum_shaping=282.39 T=103 d_init=94.1 d_final=0.0
 Retrying in 1 seconds
[shaping_diag] success_cum_shaping=282.39 T=103 d_init=94.1 d_final=0.0
 Retrying in 1 seconds
[shaping_diag] success_cum_shaping=282.39 T=103 d_init=94.1 d_final=0.0
 Retrying in 1 seconds
[shaping_diag] success_cum_shaping=282.39 T=104 d_init=94.1 d_final=0.0
 Retrying in 1 seconds
[shaping_diag] success_cum_shaping=282.39 T=102 d_init=94.1 d_final=0.0
 Retrying in 1 seconds
[shaping_diag] success_cum_shaping=282.39 T=102 d_init=94.1 d_final=0.0
 Retrying in 1 seconds
[shaping_diag] success_cum_shaping=282.39 T=103 d_init=94.1 d_final=0.0
 Retrying in 1 seconds
[shaping_diag] success_cum_shaping=282.39 T=103 d_init=94.1 d_final=0.0
 Retrying in 1 seconds
[shaping_diag] success_cum_shaping=282.39 T=104 d_init=94.1 d_final=0.0
 Retrying in 1 seconds
[shaping_diag] success_cum_shaping=282.39 T=103 d_init=94.1 d_final=0.0
 Retrying in 1 seconds
[shaping_diag] success_cum_shaping=282.39 T=103 d_init=94.1 d_final=0.0
 Retrying in 1 seconds
[shaping_diag] success_cum_shaping=282.39 T=103 d_init=94.1 d_final=0.0
 Retrying in 1 seconds
[shaping_diag] success_cum_shaping=282.39 T=104 d_init=94.1 d_final=0.0
 Retrying in 1 seconds
[shaping_diag] success_cum_shaping=282.39 T=103 d_init=94.1 d_final=0.0
 Retrying in 1 seconds
[shaping_diag] success_cum_shaping=282.39 T=102 d_init=94.1 d_final=0.0
 Retrying in 1 seconds
[shaping_diag] success_cum_shaping=282.39 T=109 d_init=94.1 d_final=0.0
 Retrying in 1 seconds
 Retrying in 1 seconds
[shaping_diag] success_cum_shaping=282.39 T=103 d_init=94.1 d_final=0.0
 Retrying in 1 seconds
[shaping_diag] success_cum_shaping=282.39 T=102 d_init=94.1 d_final=0.0
 Retrying in 1 seconds
[shaping_diag] success_cum_shaping=282.39 T=103 d_init=94.1 d_final=0.0
 Retrying in 1 seconds
[shaping_diag] success_cum_shaping=282.39 T=105 d_init=94.1 d_final=0.0
 Retrying in 1 seconds
[shaping_diag] success_cum_shaping=282.39 T=103 d_init=94.1 d_final=0.0
 Retrying in 1 seconds
[shaping_diag] success_cum_shaping=282.39 T=103 d_init=94.1 d_final=0.0
Warning: Vehicle 'ego'; junction collision with vehicle 'other', lane=':center_4_0', gap=-1.00, time=7.20 stage=move.
 Retrying in 1 seconds
 Retrying in 1 seconds
[shaping_diag] success_cum_shaping=282.39 T=103 d_init=94.1 d_final=0.0
 Retrying in 1 seconds
[shaping_diag] success_cum_shaping=282.39 T=103 d_init=94.1 d_final=0.0
 Retrying in 1 seconds
[shaping_diag] success_cum_shaping=282.39 T=104 d_init=94.1 d_final=0.0
 Retrying in 1 seconds
[shaping_diag] success_cum_shaping=282.39 T=104 d_init=94.1 d_final=0.0
 Retrying in 1 seconds
[shaping_diag] success_cum_shaping=282.39 T=103 d_init=94.1 d_final=0.0
 Retrying in 1 seconds
[shaping_diag] success_cum_shaping=282.39 T=103 d_init=94.1 d_final=0.0
 Retrying in 1 seconds
[shaping_diag] success_cum_shaping=282.39 T=103 d_init=94.1 d_final=0.0
 Retrying in 1 seconds
[shaping_diag] success_cum_shaping=282.39 T=108 d_init=94.1 d_final=0.0
 Retrying in 1 seconds
[shaping_diag] success_cum_shaping=282.39 T=105 d_init=94.1 d_final=0.0
 Retrying in 1 seconds
[shaping_diag] success_cum_shaping=282.39 T=103 d_init=94.1 d_final=0.0
 Retrying in 1 seconds
[shaping_diag] success_cum_shaping=282.39 T=104 d_init=94.1 d_final=0.0
 Retrying in 1 seconds
[shaping_diag] success_cum_shaping=282.39 T=104 d_init=94.1 d_final=0.0
 Retrying in 1 seconds
[shaping_diag] success_cum_shaping=282.39 T=104 d_init=94.1 d_final=0.0
 Retrying in 1 seconds
[shaping_diag] success_cum_shaping=282.39 T=105 d_init=94.1 d_final=0.0
 Retrying in 1 seconds
[shaping_diag] success_cum_shaping=282.39 T=103 d_init=94.1 d_final=0.0
 Retrying in 1 seconds
[shaping_diag] success_cum_shaping=282.39 T=103 d_init=94.1 d_final=0.0
 Retrying in 1 seconds
[shaping_diag] success_cum_shaping=282.39 T=102 d_init=94.1 d_final=0.0
 Retrying in 1 seconds
[shaping_diag] success_cum_shaping=282.39 T=107 d_init=94.1 d_final=0.0
 Retrying in 1 seconds
[shaping_diag] success_cum_shaping=282.39 T=103 d_init=94.1 d_final=0.0
 Retrying in 1 seconds
[shaping_diag] success_cum_shaping=282.39 T=103 d_init=94.1 d_final=0.0
 Retrying in 1 seconds
[shaping_diag] success_cum_shaping=282.39 T=103 d_init=94.1 d_final=0.0
 Retrying in 1 seconds
[shaping_diag] success_cum_shaping=282.39 T=102 d_init=94.1 d_final=0.0
 Retrying in 1 seconds
[shaping_diag] success_cum_shaping=282.39 T=105 d_init=94.1 d_final=0.0
 Retrying in 1 seconds
[shaping_diag] success_cum_shaping=282.39 T=102 d_init=94.1 d_final=0.0
 Retrying in 1 seconds
[shaping_diag] success_cum_shaping=282.39 T=103 d_init=94.1 d_final=0.0
 Retrying in 1 seconds
[shaping_diag] success_cum_shaping=282.39 T=104 d_init=94.1 d_final=0.0
 Retrying in 1 seconds
[shaping_diag] success_cum_shaping=282.39 T=104 d_init=94.1 d_final=0.0
 Retrying in 1 seconds
[shaping_diag] success_cum_shaping=282.39 T=104 d_init=94.1 d_final=0.0
 Retrying in 1 seconds
[shaping_diag] success_cum_shaping=282.39 T=102 d_init=94.1 d_final=0.0
 Retrying in 1 seconds
[shaping_diag] success_cum_shaping=282.39 T=104 d_init=94.1 d_final=0.0
 Retrying in 1 seconds
 Retrying in 1 seconds
[shaping_diag] success_cum_shaping=282.39 T=102 d_init=94.1 d_final=0.0
 Retrying in 1 seconds
[shaping_diag] success_cum_shaping=282.39 T=103 d_init=94.1 d_final=0.0
 Retrying in 1 seconds
 Retrying in 1 seconds
[shaping_diag] success_cum_shaping=282.39 T=106 d_init=94.1 d_final=0.0
 Retrying in 1 seconds
[shaping_diag] success_cum_shaping=282.39 T=102 d_init=94.1 d_final=0.0
 Retrying in 1 seconds
[shaping_diag] success_cum_shaping=282.39 T=104 d_init=94.1 d_final=0.0
 Retrying in 1 seconds
[shaping_diag] success_cum_shaping=282.39 T=105 d_init=94.1 d_final=0.0
 Retrying in 1 seconds
[shaping_diag] success_cum_shaping=282.39 T=103 d_init=94.1 d_final=0.0
 Retrying in 1 seconds
[shaping_diag] success_cum_shaping=282.39 T=102 d_init=94.1 d_final=0.0
 Retrying in 1 seconds
[shaping_diag] success_cum_shaping=282.39 T=102 d_init=94.1 d_final=0.0
 Retrying in 1 seconds
[shaping_diag] success_cum_shaping=282.39 T=103 d_init=94.1 d_final=0.0
 Retrying in 1 seconds
[shaping_diag] success_cum_shaping=282.39 T=103 d_init=94.1 d_final=0.0
 Retrying in 1 seconds
[shaping_diag] success_cum_shaping=282.39 T=146 d_init=94.1 d_final=0.0
 Retrying in 1 seconds
[shaping_diag] success_cum_shaping=282.39 T=102 d_init=94.1 d_final=0.0
 Retrying in 1 seconds
[shaping_diag] success_cum_shaping=282.39 T=103 d_init=94.1 d_final=0.0
 Retrying in 1 seconds
[shaping_diag] success_cum_shaping=282.39 T=103 d_init=94.1 d_final=0.0
 Retrying in 1 seconds
[shaping_diag] success_cum_shaping=282.39 T=103 d_init=94.1 d_final=0.0
 Retrying in 1 seconds
[shaping_diag] success_cum_shaping=282.39 T=104 d_init=94.1 d_final=0.0
 Retrying in 1 seconds
[shaping_diag] success_cum_shaping=282.39 T=102 d_init=94.1 d_final=0.0
 Retrying in 1 seconds
[shaping_diag] success_cum_shaping=282.39 T=102 d_init=94.1 d_final=0.0
 Retrying in 1 seconds
[shaping_diag] success_cum_shaping=282.39 T=103 d_init=94.1 d_final=0.0
 Retrying in 1 seconds
[shaping_diag] success_cum_shaping=282.39 T=104 d_init=94.1 d_final=0.0
 Retrying in 1 seconds
[shaping_diag] success_cum_shaping=282.39 T=103 d_init=94.1 d_final=0.0
 Retrying in 1 seconds
[shaping_diag] success_cum_shaping=282.39 T=104 d_init=94.1 d_final=0.0
 Retrying in 1 seconds
[shaping_diag] success_cum_shaping=282.39 T=102 d_init=94.1 d_final=0.0
 Retrying in 1 seconds
[shaping_diag] success_cum_shaping=282.39 T=104 d_init=94.1 d_final=0.0
 Retrying in 1 seconds
[shaping_diag] success_cum_shaping=282.39 T=104 d_init=94.1 d_final=0.0
 Retrying in 1 seconds
[shaping_diag] success_cum_shaping=282.39 T=104 d_init=94.1 d_final=0.0
Warning: Vehicle 'ego'; junction collision with vehicle 'other', lane=':center_4_0', gap=-1.00, time=7.10 stage=move.
 Retrying in 1 seconds
 Retrying in 1 seconds
[shaping_diag] success_cum_shaping=282.39 T=104 d_init=94.1 d_final=0.0
 Retrying in 1 seconds
[shaping_diag] success_cum_shaping=282.39 T=103 d_init=94.1 d_final=0.0
 Retrying in 1 seconds
[shaping_diag] success_cum_shaping=282.39 T=103 d_init=94.1 d_final=0.0
 Retrying in 1 seconds
[shaping_diag] success_cum_shaping=282.39 T=103 d_init=94.1 d_final=0.0
 Retrying in 1 seconds
[shaping_diag] success_cum_shaping=282.39 T=104 d_init=94.1 d_final=0.0
 Retrying in 1 seconds
[shaping_diag] success_cum_shaping=282.39 T=103 d_init=94.1 d_final=0.0
 Retrying in 1 seconds
[shaping_diag] success_cum_shaping=282.39 T=103 d_init=94.1 d_final=0.0
 Retrying in 1 seconds
[shaping_diag] success_cum_shaping=282.39 T=104 d_init=94.1 d_final=0.0
 Retrying in 1 seconds
[shaping_diag] success_cum_shaping=282.39 T=103 d_init=94.1 d_final=0.0
 Retrying in 1 seconds
[shaping_diag] success_cum_shaping=282.39 T=104 d_init=94.1 d_final=0.0
 Retrying in 1 seconds
[shaping_diag] success_cum_shaping=282.39 T=104 d_init=94.1 d_final=0.0
 Retrying in 1 seconds
[shaping_diag] success_cum_shaping=282.39 T=105 d_init=94.1 d_final=0.0
 Retrying in 1 seconds
[shaping_diag] success_cum_shaping=282.39 T=103 d_init=94.1 d_final=0.0
 Retrying in 1 seconds
 Retrying in 1 seconds
[shaping_diag] success_cum_shaping=282.39 T=107 d_init=94.1 d_final=0.0
 Retrying in 1 seconds
[shaping_diag] success_cum_shaping=282.39 T=105 d_init=94.1 d_final=0.0
 Retrying in 1 seconds
[shaping_diag] success_cum_shaping=282.39 T=103 d_init=94.1 d_final=0.0
 Retrying in 1 seconds
[shaping_diag] success_cum_shaping=282.39 T=103 d_init=94.1 d_final=0.0
 Retrying in 1 seconds
[shaping_diag] success_cum_shaping=282.39 T=102 d_init=94.1 d_final=0.0
 Retrying in 1 seconds
[shaping_diag] success_cum_shaping=282.39 T=103 d_init=94.1 d_final=0.0
 Retrying in 1 seconds
[shaping_diag] success_cum_shaping=282.39 T=103 d_init=94.1 d_final=0.0
 Retrying in 1 seconds
[shaping_diag] success_cum_shaping=282.39 T=106 d_init=94.1 d_final=0.0
 Retrying in 1 seconds
[shaping_diag] success_cum_shaping=282.39 T=103 d_init=94.1 d_final=0.0
 Retrying in 1 seconds
[shaping_diag] success_cum_shaping=282.39 T=104 d_init=94.1 d_final=0.0
 Retrying in 1 seconds
[shaping_diag] success_cum_shaping=282.39 T=103 d_init=94.1 d_final=0.0
 Retrying in 1 seconds
[shaping_diag] success_cum_shaping=282.39 T=103 d_init=94.1 d_final=0.0
 Retrying in 1 seconds
[shaping_diag] success_cum_shaping=282.39 T=105 d_init=94.1 d_final=0.0
 Retrying in 1 seconds
[shaping_diag] success_cum_shaping=282.39 T=103 d_init=94.1 d_final=0.0
 Retrying in 1 seconds
[shaping_diag] success_cum_shaping=282.39 T=103 d_init=94.1 d_final=0.0
 Retrying in 1 seconds
[shaping_diag] success_cum_shaping=282.39 T=104 d_init=94.1 d_final=0.0
 Retrying in 1 seconds
[shaping_diag] success_cum_shaping=282.39 T=102 d_init=94.1 d_final=0.0
 Retrying in 1 seconds
[shaping_diag] success_cum_shaping=282.39 T=103 d_init=94.1 d_final=0.0
 Retrying in 1 seconds
[shaping_diag] success_cum_shaping=282.39 T=103 d_init=94.1 d_final=0.0
 Retrying in 1 seconds
[shaping_diag] success_cum_shaping=282.39 T=103 d_init=94.1 d_final=0.0
 Retrying in 1 seconds
[shaping_diag] success_cum_shaping=282.39 T=103 d_init=94.1 d_final=0.0
 Retrying in 1 seconds
[shaping_diag] success_cum_shaping=282.39 T=216 d_init=94.1 d_final=0.0
 Retrying in 1 seconds
[shaping_diag] success_cum_shaping=282.39 T=172 d_init=94.1 d_final=0.0
 Retrying in 1 seconds
[shaping_diag] success_cum_shaping=282.39 T=102 d_init=94.1 d_final=0.0
Warning: Vehicle 'other' performs emergency braking on lane ':center_8_0' with decel=9.00, wished=5.00, severity=1.00, time=7.40.
 Retrying in 1 seconds
 Retrying in 1 seconds
[shaping_diag] success_cum_shaping=282.39 T=103 d_init=94.1 d_final=0.0
 Retrying in 1 seconds
[shaping_diag] success_cum_shaping=282.39 T=102 d_init=94.1 d_final=0.0
 Retrying in 1 seconds
[shaping_diag] success_cum_shaping=282.39 T=104 d_init=94.1 d_final=0.0
 Retrying in 1 seconds
[shaping_diag] success_cum_shaping=282.39 T=103 d_init=94.1 d_final=0.0
 Retrying in 1 seconds
[shaping_diag] success_cum_shaping=282.39 T=103 d_init=94.1 d_final=0.0
 Retrying in 1 seconds
[shaping_diag] success_cum_shaping=282.39 T=103 d_init=94.1 d_final=0.0
 Retrying in 1 seconds
[shaping_diag] success_cum_shaping=282.39 T=103 d_init=94.1 d_final=0.0
 Retrying in 1 seconds
[shaping_diag] success_cum_shaping=282.39 T=104 d_init=94.1 d_final=0.0
 Retrying in 1 seconds
[shaping_diag] success_cum_shaping=282.39 T=105 d_init=94.1 d_final=0.0
 Retrying in 1 seconds
[shaping_diag] success_cum_shaping=282.39 T=102 d_init=94.1 d_final=0.0
 Retrying in 1 seconds
[shaping_diag] success_cum_shaping=282.39 T=112 d_init=94.1 d_final=0.0
 Retrying in 1 seconds
[shaping_diag] success_cum_shaping=282.39 T=115 d_init=94.1 d_final=0.0
 Retrying in 1 seconds
 Retrying in 1 seconds
[shaping_diag] success_cum_shaping=282.39 T=103 d_init=94.1 d_final=0.0
 Retrying in 1 seconds
[shaping_diag] success_cum_shaping=282.39 T=102 d_init=94.1 d_final=0.0
 Retrying in 1 seconds
[shaping_diag] success_cum_shaping=282.39 T=103 d_init=94.1 d_final=0.0
 Retrying in 1 seconds
[shaping_diag] success_cum_shaping=282.39 T=103 d_init=94.1 d_final=0.0
 Retrying in 1 seconds
[shaping_diag] success_cum_shaping=282.39 T=103 d_init=94.1 d_final=0.0
 Retrying in 1 seconds
[shaping_diag] success_cum_shaping=282.39 T=103 d_init=94.1 d_final=0.0
 Retrying in 1 seconds
[shaping_diag] success_cum_shaping=282.39 T=103 d_init=94.1 d_final=0.0
 Retrying in 1 seconds
[shaping_diag] success_cum_shaping=282.39 T=102 d_init=94.1 d_final=0.0
 Retrying in 1 seconds
[shaping_diag] success_cum_shaping=282.39 T=103 d_init=94.1 d_final=0.0
 Retrying in 1 seconds
[shaping_diag] success_cum_shaping=282.39 T=103 d_init=94.1 d_final=0.0
 Retrying in 1 seconds
[shaping_diag] success_cum_shaping=282.39 T=103 d_init=94.1 d_final=0.0
 Retrying in 1 seconds
[shaping_diag] success_cum_shaping=282.39 T=102 d_init=94.1 d_final=0.0
 Retrying in 1 seconds
[shaping_diag] success_cum_shaping=282.39 T=103 d_init=94.1 d_final=0.0
 Retrying in 1 seconds
[shaping_diag] success_cum_shaping=282.39 T=103 d_init=94.1 d_final=0.0
Warning: Vehicle 'ego'; collision with vehicle 'other', lane='right_out_0', gap=-1.84, time=7.60 stage=move.
 Retrying in 1 seconds
 Retrying in 1 seconds
[shaping_diag] success_cum_shaping=282.39 T=104 d_init=94.1 d_final=0.0
 Retrying in 1 seconds
[shaping_diag] success_cum_shaping=282.39 T=106 d_init=94.1 d_final=0.0
 Retrying in 1 seconds
[shaping_diag] success_cum_shaping=282.39 T=102 d_init=94.1 d_final=0.0
 Retrying in 1 seconds
[shaping_diag] success_cum_shaping=282.39 T=102 d_init=94.1 d_final=0.0
 Retrying in 1 seconds
[shaping_diag] success_cum_shaping=282.39 T=103 d_init=94.1 d_final=0.0
 Retrying in 1 seconds
[shaping_diag] success_cum_shaping=282.39 T=102 d_init=94.1 d_final=0.0
 Retrying in 1 seconds
[shaping_diag] success_cum_shaping=282.39 T=106 d_init=94.1 d_final=0.0
 Retrying in 1 seconds
[shaping_diag] success_cum_shaping=282.39 T=108 d_init=94.1 d_final=0.0
 Retrying in 1 seconds
[shaping_diag] success_cum_shaping=282.39 T=102 d_init=94.1 d_final=0.0
 Retrying in 1 seconds
[shaping_diag] success_cum_shaping=282.39 T=103 d_init=94.1 d_final=0.0
 Retrying in 1 seconds
[shaping_diag] success_cum_shaping=282.39 T=103 d_init=94.1 d_final=0.0
 Retrying in 1 seconds
[shaping_diag] success_cum_shaping=282.39 T=103 d_init=94.1 d_final=0.0
 Retrying in 1 seconds
[shaping_diag] success_cum_shaping=282.39 T=102 d_init=94.1 d_final=0.0
Warning: Vehicle 'ego'; junction collision with vehicle 'other', lane=':center_4_0', gap=-1.00, time=7.50 stage=move.
 Retrying in 1 seconds
 Retrying in 1 seconds
[shaping_diag] success_cum_shaping=282.39 T=104 d_init=94.1 d_final=0.0
 Retrying in 1 seconds
[shaping_diag] success_cum_shaping=282.39 T=103 d_init=94.1 d_final=0.0
 Retrying in 1 seconds
[shaping_diag] success_cum_shaping=282.39 T=102 d_init=94.1 d_final=0.0
 Retrying in 1 seconds
[shaping_diag] success_cum_shaping=282.39 T=102 d_init=94.1 d_final=0.0
 Retrying in 1 seconds
[shaping_diag] success_cum_shaping=282.39 T=103 d_init=94.1 d_final=0.0
 Retrying in 1 seconds
[shaping_diag] success_cum_shaping=282.39 T=103 d_init=94.1 d_final=0.0
 Retrying in 1 seconds
[shaping_diag] success_cum_shaping=282.39 T=103 d_init=94.1 d_final=0.0
 Retrying in 1 seconds
[shaping_diag] success_cum_shaping=282.39 T=103 d_init=94.1 d_final=0.0
 Retrying in 1 seconds
[shaping_diag] success_cum_shaping=282.39 T=102 d_init=94.1 d_final=0.0
 Retrying in 1 seconds
[shaping_diag] success_cum_shaping=282.39 T=103 d_init=94.1 d_final=0.0
 Retrying in 1 seconds
[shaping_diag] success_cum_shaping=282.39 T=103 d_init=94.1 d_final=0.0
 Retrying in 1 seconds
 Retrying in 1 seconds
[shaping_diag] success_cum_shaping=282.39 T=103 d_init=94.1 d_final=0.0
 Retrying in 1 seconds
[shaping_diag] success_cum_shaping=282.39 T=102 d_init=94.1 d_final=0.0
 Retrying in 1 seconds
[shaping_diag] success_cum_shaping=282.39 T=109 d_init=94.1 d_final=0.0
 Retrying in 1 seconds
[shaping_diag] success_cum_shaping=282.39 T=103 d_init=94.1 d_final=0.0
 Retrying in 1 seconds
[shaping_diag] success_cum_shaping=282.39 T=105 d_init=94.1 d_final=0.0
 Retrying in 1 seconds
[shaping_diag] success_cum_shaping=282.39 T=104 d_init=94.1 d_final=0.0
 Retrying in 1 seconds
[shaping_diag] success_cum_shaping=282.39 T=104 d_init=94.1 d_final=0.0
 Retrying in 1 seconds
[shaping_diag] success_cum_shaping=282.39 T=103 d_init=94.1 d_final=0.0
 Retrying in 1 seconds
[shaping_diag] success_cum_shaping=282.39 T=103 d_init=94.1 d_final=0.0
 Retrying in 1 seconds
[shaping_diag] success_cum_shaping=282.39 T=103 d_init=94.1 d_final=0.0
 Retrying in 1 seconds
[shaping_diag] success_cum_shaping=282.39 T=103 d_init=94.1 d_final=0.0
 Retrying in 1 seconds
[shaping_diag] success_cum_shaping=282.39 T=104 d_init=94.1 d_final=0.0
 Retrying in 1 seconds
[shaping_diag] success_cum_shaping=282.39 T=103 d_init=94.1 d_final=0.0
 Retrying in 1 seconds
[shaping_diag] success_cum_shaping=282.39 T=104 d_init=94.1 d_final=0.0
 Retrying in 1 seconds
[shaping_diag] success_cum_shaping=282.39 T=104 d_init=94.1 d_final=0.0
 Retrying in 1 seconds
[shaping_diag] success_cum_shaping=282.39 T=103 d_init=94.1 d_final=0.0
 Retrying in 1 seconds
[shaping_diag] success_cum_shaping=282.39 T=103 d_init=94.1 d_final=0.0
 Retrying in 1 seconds
[shaping_diag] success_cum_shaping=282.39 T=103 d_init=94.1 d_final=0.0
 Retrying in 1 seconds
[shaping_diag] success_cum_shaping=282.39 T=103 d_init=94.1 d_final=0.0
 Retrying in 1 seconds
[shaping_diag] success_cum_shaping=282.39 T=103 d_init=94.1 d_final=0.0
 Retrying in 1 seconds
[shaping_diag] success_cum_shaping=282.39 T=102 d_init=94.1 d_final=0.0
 Retrying in 1 seconds
[shaping_diag] success_cum_shaping=282.39 T=103 d_init=94.1 d_final=0.0
 Retrying in 1 seconds
[shaping_diag] success_cum_shaping=282.39 T=106 d_init=94.1 d_final=0.0
 Retrying in 1 seconds
[shaping_diag] success_cum_shaping=282.39 T=104 d_init=94.1 d_final=0.0
Warning: Vehicle 'other' performs emergency braking on lane ':center_8_0' with decel=9.00, wished=5.00, severity=1.00, time=7.30.
 Retrying in 1 seconds
[shaping_diag] success_cum_shaping=282.39 T=105 d_init=94.1 d_final=0.0
 Retrying in 1 seconds
[shaping_diag] success_cum_shaping=282.39 T=103 d_init=94.1 d_final=0.0
 Retrying in 1 seconds
[shaping_diag] success_cum_shaping=282.39 T=103 d_init=94.1 d_final=0.0
 Retrying in 1 seconds
[shaping_diag] success_cum_shaping=282.39 T=103 d_init=94.1 d_final=0.0
 Retrying in 1 seconds
[shaping_diag] success_cum_shaping=282.39 T=103 d_init=94.1 d_final=0.0
 Retrying in 1 seconds
[shaping_diag] success_cum_shaping=282.39 T=104 d_init=94.1 d_final=0.0
 Retrying in 1 seconds
[shaping_diag] success_cum_shaping=282.39 T=104 d_init=94.1 d_final=0.0
 Retrying in 1 seconds
[shaping_diag] success_cum_shaping=282.39 T=105 d_init=94.1 d_final=0.0
 Retrying in 1 seconds
[shaping_diag] success_cum_shaping=282.39 T=105 d_init=94.1 d_final=0.0
 Retrying in 1 seconds
[shaping_diag] success_cum_shaping=282.39 T=102 d_init=94.1 d_final=0.0
 Retrying in 1 seconds
[shaping_diag] success_cum_shaping=282.39 T=103 d_init=94.1 d_final=0.0
 Retrying in 1 seconds
[shaping_diag] success_cum_shaping=282.39 T=103 d_init=94.1 d_final=0.0
 Retrying in 1 seconds
[shaping_diag] success_cum_shaping=282.39 T=104 d_init=94.1 d_final=0.0
 Retrying in 1 seconds
[shaping_diag] success_cum_shaping=282.39 T=103 d_init=94.1 d_final=0.0
 Retrying in 1 seconds
[shaping_diag] success_cum_shaping=282.39 T=103 d_init=94.1 d_final=0.0
 Retrying in 1 seconds
 Retrying in 1 seconds
[shaping_diag] success_cum_shaping=282.39 T=103 d_init=94.1 d_final=0.0
 Retrying in 1 seconds
[shaping_diag] success_cum_shaping=282.39 T=104 d_init=94.1 d_final=0.0
 Retrying in 1 seconds
[shaping_diag] success_cum_shaping=282.39 T=102 d_init=94.1 d_final=0.0
 Retrying in 1 seconds
[shaping_diag] success_cum_shaping=282.39 T=103 d_init=94.1 d_final=0.0
 Retrying in 1 seconds
[shaping_diag] success_cum_shaping=282.39 T=103 d_init=94.1 d_final=0.0
 Retrying in 1 seconds
[shaping_diag] success_cum_shaping=282.39 T=103 d_init=94.1 d_final=0.0
 Retrying in 1 seconds
[shaping_diag] success_cum_shaping=282.39 T=103 d_init=94.1 d_final=0.0
 Retrying in 1 seconds
[shaping_diag] success_cum_shaping=282.39 T=103 d_init=94.1 d_final=0.0
 Retrying in 1 seconds
[shaping_diag] success_cum_shaping=282.39 T=103 d_init=94.1 d_final=0.0
 Retrying in 1 seconds
[shaping_diag] success_cum_shaping=282.39 T=103 d_init=94.1 d_final=0.0
 Retrying in 1 seconds
[shaping_diag] success_cum_shaping=282.39 T=103 d_init=94.1 d_final=0.0
 Retrying in 1 seconds
[shaping_diag] success_cum_shaping=282.39 T=103 d_init=94.1 d_final=0.0
 Retrying in 1 seconds
[shaping_diag] success_cum_shaping=282.39 T=104 d_init=94.1 d_final=0.0
 Retrying in 1 seconds
[shaping_diag] success_cum_shaping=282.39 T=103 d_init=94.1 d_final=0.0
 Retrying in 1 seconds
[shaping_diag] success_cum_shaping=282.39 T=103 d_init=94.1 d_final=0.0
 Retrying in 1 seconds
[shaping_diag] success_cum_shaping=282.39 T=103 d_init=94.1 d_final=0.0
 Retrying in 1 seconds
[shaping_diag] success_cum_shaping=282.39 T=105 d_init=94.1 d_final=0.0
 Retrying in 1 seconds
[shaping_diag] success_cum_shaping=282.39 T=103 d_init=94.1 d_final=0.0
 Retrying in 1 seconds
[shaping_diag] success_cum_shaping=282.39 T=103 d_init=94.1 d_final=0.0
 Retrying in 1 seconds
[shaping_diag] success_cum_shaping=282.39 T=103 d_init=94.1 d_final=0.0
 Retrying in 1 seconds
[shaping_diag] success_cum_shaping=282.39 T=102 d_init=94.1 d_final=0.0
 Retrying in 1 seconds
[shaping_diag] success_cum_shaping=282.39 T=103 d_init=94.1 d_final=0.0
 Retrying in 1 seconds
[shaping_diag] success_cum_shaping=282.39 T=104 d_init=94.1 d_final=0.0
 Retrying in 1 seconds
[shaping_diag] success_cum_shaping=282.39 T=102 d_init=94.1 d_final=0.0
 Retrying in 1 seconds
[shaping_diag] success_cum_shaping=282.39 T=103 d_init=94.1 d_final=0.0
 Retrying in 1 seconds
[shaping_diag] success_cum_shaping=282.39 T=103 d_init=94.1 d_final=0.0
 Retrying in 1 seconds
[shaping_diag] success_cum_shaping=282.39 T=105 d_init=94.1 d_final=0.0
 Retrying in 1 seconds
[shaping_diag] success_cum_shaping=282.39 T=103 d_init=94.1 d_final=0.0
Warning: Vehicle 'other' performs emergency braking on lane ':center_8_0' with decel=9.00, wished=5.00, severity=1.00, time=7.10.
 Retrying in 1 seconds
 Retrying in 1 seconds
[shaping_diag] success_cum_shaping=282.39 T=103 d_init=94.1 d_final=0.0
 Retrying in 1 seconds
[shaping_diag] success_cum_shaping=282.39 T=103 d_init=94.1 d_final=0.0
 Retrying in 1 seconds
[shaping_diag] success_cum_shaping=282.39 T=102 d_init=94.1 d_final=0.0
 Retrying in 1 seconds
[shaping_diag] success_cum_shaping=282.39 T=103 d_init=94.1 d_final=0.0
Warning: Vehicle 'other' performs emergency braking on lane ':center_8_0' with decel=9.00, wished=5.00, severity=1.00, time=7.30.
Warning: Vehicle 'ego'; junction collision with vehicle 'other', lane=':center_4_0', gap=-1.00, time=7.50 stage=move.
 Retrying in 1 seconds
 Retrying in 1 seconds
[shaping_diag] success_cum_shaping=282.39 T=104 d_init=94.1 d_final=0.0
 Retrying in 1 seconds
[shaping_diag] success_cum_shaping=282.39 T=103 d_init=94.1 d_final=0.0
 Retrying in 1 seconds
[shaping_diag] success_cum_shaping=282.39 T=103 d_init=94.1 d_final=0.0
 Retrying in 1 seconds
[shaping_diag] success_cum_shaping=282.39 T=103 d_init=94.1 d_final=0.0
 Retrying in 1 seconds
[shaping_diag] success_cum_shaping=282.39 T=104 d_init=94.1 d_final=0.0
 Retrying in 1 seconds
[shaping_diag] success_cum_shaping=282.39 T=103 d_init=94.1 d_final=0.0
 Retrying in 1 seconds
 Retrying in 1 seconds
[shaping_diag] success_cum_shaping=282.39 T=104 d_init=94.1 d_final=0.0
 Retrying in 1 seconds
[shaping_diag] success_cum_shaping=282.39 T=104 d_init=94.1 d_final=0.0
 Retrying in 1 seconds
[shaping_diag] success_cum_shaping=282.39 T=103 d_init=94.1 d_final=0.0
 Retrying in 1 seconds
[shaping_diag] success_cum_shaping=282.39 T=103 d_init=94.1 d_final=0.0
 Retrying in 1 seconds
[shaping_diag] success_cum_shaping=282.39 T=104 d_init=94.1 d_final=0.0
 Retrying in 1 seconds
[shaping_diag] success_cum_shaping=282.39 T=118 d_init=94.1 d_final=0.0
 Retrying in 1 seconds
[shaping_diag] success_cum_shaping=282.39 T=108 d_init=94.1 d_final=0.0
 Retrying in 1 seconds
[shaping_diag] success_cum_shaping=282.39 T=104 d_init=94.1 d_final=0.0
 Retrying in 1 seconds
[shaping_diag] success_cum_shaping=282.39 T=103 d_init=94.1 d_final=0.0
 Retrying in 1 seconds
[shaping_diag] success_cum_shaping=282.39 T=106 d_init=94.1 d_final=0.0
 Retrying in 1 seconds
[shaping_diag] success_cum_shaping=282.39 T=103 d_init=94.1 d_final=0.0
 Retrying in 1 seconds
[shaping_diag] success_cum_shaping=282.39 T=103 d_init=94.1 d_final=0.0
 Retrying in 1 seconds
[shaping_diag] success_cum_shaping=282.39 T=105 d_init=94.1 d_final=0.0
 Retrying in 1 seconds
[shaping_diag] success_cum_shaping=282.39 T=108 d_init=94.1 d_final=0.0
 Retrying in 1 seconds
[shaping_diag] success_cum_shaping=282.39 T=106 d_init=94.1 d_final=0.0
Warning: Vehicle 'ego'; collision with vehicle 'other', lane='right_out_0', gap=-1.22, time=8.10 stage=move.
 Retrying in 1 seconds
 Retrying in 1 seconds
[shaping_diag] success_cum_shaping=282.39 T=103 d_init=94.1 d_final=0.0
 Retrying in 1 seconds
[shaping_diag] success_cum_shaping=282.39 T=113 d_init=94.1 d_final=0.0
 Retrying in 1 seconds
[shaping_diag] success_cum_shaping=282.39 T=103 d_init=94.1 d_final=0.0
 Retrying in 1 seconds
[shaping_diag] success_cum_shaping=282.39 T=103 d_init=94.1 d_final=0.0
 Retrying in 1 seconds
[shaping_diag] success_cum_shaping=282.39 T=104 d_init=94.1 d_final=0.0
 Retrying in 1 seconds
[shaping_diag] success_cum_shaping=282.39 T=104 d_init=94.1 d_final=0.0
 Retrying in 1 seconds
[shaping_diag] success_cum_shaping=282.39 T=103 d_init=94.1 d_final=0.0
 Retrying in 1 seconds
[shaping_diag] success_cum_shaping=282.39 T=105 d_init=94.1 d_final=0.0
 Retrying in 1 seconds
[shaping_diag] success_cum_shaping=282.39 T=103 d_init=94.1 d_final=0.0
 Retrying in 1 seconds
[shaping_diag] success_cum_shaping=282.39 T=104 d_init=94.1 d_final=0.0
 Retrying in 1 seconds
[shaping_diag] success_cum_shaping=282.39 T=103 d_init=94.1 d_final=0.0
 Retrying in 1 seconds
[shaping_diag] success_cum_shaping=282.39 T=104 d_init=94.1 d_final=0.0
 Retrying in 1 seconds
[shaping_diag] success_cum_shaping=282.39 T=105 d_init=94.1 d_final=0.0
 Retrying in 1 seconds
[shaping_diag] success_cum_shaping=282.39 T=104 d_init=94.1 d_final=0.0
 Retrying in 1 seconds
[shaping_diag] success_cum_shaping=282.39 T=125 d_init=94.1 d_final=0.0
 Retrying in 1 seconds
[shaping_diag] success_cum_shaping=282.39 T=103 d_init=94.1 d_final=0.0
 Retrying in 1 seconds
[shaping_diag] success_cum_shaping=282.39 T=103 d_init=94.1 d_final=0.0
 Retrying in 1 seconds
[shaping_diag] success_cum_shaping=282.39 T=104 d_init=94.1 d_final=0.0
 Retrying in 1 seconds
[shaping_diag] success_cum_shaping=282.39 T=104 d_init=94.1 d_final=0.0
 Retrying in 1 seconds
[shaping_diag] success_cum_shaping=282.39 T=105 d_init=94.1 d_final=0.0
 Retrying in 1 seconds
[shaping_diag] success_cum_shaping=282.39 T=105 d_init=94.1 d_final=0.0
 Retrying in 1 seconds
[shaping_diag] success_cum_shaping=282.39 T=102 d_init=94.1 d_final=0.0
 Retrying in 1 seconds
[shaping_diag] success_cum_shaping=282.39 T=104 d_init=94.1 d_final=0.0
 Retrying in 1 seconds
 Retrying in 1 seconds
[shaping_diag] success_cum_shaping=282.39 T=103 d_init=94.1 d_final=0.0
 Retrying in 1 seconds
[shaping_diag] success_cum_shaping=282.39 T=103 d_init=94.1 d_final=0.0
 Retrying in 1 seconds
[shaping_diag] success_cum_shaping=282.39 T=103 d_init=94.1 d_final=0.0
 Retrying in 1 seconds
[shaping_diag] success_cum_shaping=282.39 T=103 d_init=94.1 d_final=0.0
 Retrying in 1 seconds
[shaping_diag] success_cum_shaping=282.39 T=122 d_init=94.1 d_final=0.0
 Retrying in 1 seconds
[shaping_diag] success_cum_shaping=282.39 T=104 d_init=94.1 d_final=0.0
 Retrying in 1 seconds
[shaping_diag] success_cum_shaping=282.39 T=103 d_init=94.1 d_final=0.0
Warning: Vehicle 'other' performs emergency braking on lane ':center_8_0' with decel=9.00, wished=7.00, severity=1.00, time=7.60.
 Retrying in 1 seconds
 Retrying in 1 seconds
[shaping_diag] success_cum_shaping=282.39 T=103 d_init=94.1 d_final=0.0
 Retrying in 1 seconds
[shaping_diag] success_cum_shaping=282.39 T=105 d_init=94.1 d_final=0.0
 Retrying in 1 seconds
[shaping_diag] success_cum_shaping=282.39 T=104 d_init=94.1 d_final=0.0
Warning: Vehicle 'other' performs emergency braking on lane ':center_8_0' with decel=9.00, wished=5.00, severity=1.00, time=7.40.
 Retrying in 1 seconds
[shaping_diag] success_cum_shaping=282.39 T=107 d_init=94.1 d_final=0.0
 Retrying in 1 seconds
[shaping_diag] success_cum_shaping=282.39 T=103 d_init=94.1 d_final=0.0
 Retrying in 1 seconds
[shaping_diag] success_cum_shaping=282.39 T=114 d_init=94.1 d_final=0.0
 Retrying in 1 seconds
[shaping_diag] success_cum_shaping=282.39 T=103 d_init=94.1 d_final=0.0
 Retrying in 1 seconds
[shaping_diag] success_cum_shaping=282.39 T=104 d_init=94.1 d_final=0.0
 Retrying in 1 seconds
[shaping_diag] success_cum_shaping=282.39 T=103 d_init=94.1 d_final=0.0
 Retrying in 1 seconds
[shaping_diag] success_cum_shaping=282.39 T=105 d_init=94.1 d_final=0.0
 Retrying in 1 seconds
[shaping_diag] success_cum_shaping=282.39 T=103 d_init=94.1 d_final=0.0
 Retrying in 1 seconds
[shaping_diag] success_cum_shaping=282.39 T=103 d_init=94.1 d_final=0.0
 Retrying in 1 seconds
[shaping_diag] success_cum_shaping=282.39 T=128 d_init=94.1 d_final=0.0
 Retrying in 1 seconds
[shaping_diag] success_cum_shaping=282.39 T=103 d_init=94.1 d_final=0.0
 Retrying in 1 seconds
[shaping_diag] success_cum_shaping=282.39 T=104 d_init=94.1 d_final=0.0
 Retrying in 1 seconds
[shaping_diag] success_cum_shaping=282.39 T=121 d_init=94.1 d_final=0.0
 Retrying in 1 seconds
[shaping_diag] success_cum_shaping=282.39 T=104 d_init=94.1 d_final=0.0
 Retrying in 1 seconds
[shaping_diag] success_cum_shaping=282.39 T=104 d_init=94.1 d_final=0.0
 Retrying in 1 seconds
[shaping_diag] success_cum_shaping=282.39 T=102 d_init=94.1 d_final=0.0
 Retrying in 1 seconds
[shaping_diag] success_cum_shaping=282.39 T=103 d_init=94.1 d_final=0.0
 Retrying in 1 seconds
[shaping_diag] success_cum_shaping=282.39 T=123 d_init=94.1 d_final=0.0
Warning: Vehicle 'other' performs emergency braking on lane ':center_8_0' with decel=9.00, wished=5.00, severity=1.00, time=7.20.
 Retrying in 1 seconds
[shaping_diag] success_cum_shaping=282.39 T=105 d_init=94.1 d_final=0.0
 Retrying in 1 seconds
[shaping_diag] success_cum_shaping=282.39 T=103 d_init=94.1 d_final=0.0
 Retrying in 1 seconds
[shaping_diag] success_cum_shaping=282.39 T=115 d_init=94.1 d_final=0.0
 Retrying in 1 seconds
[shaping_diag] success_cum_shaping=282.39 T=110 d_init=94.1 d_final=0.0
 Retrying in 1 seconds
[shaping_diag] success_cum_shaping=282.39 T=103 d_init=94.1 d_final=0.0
 Retrying in 1 seconds
[shaping_diag] success_cum_shaping=282.39 T=104 d_init=94.1 d_final=0.0
Warning: Vehicle 'ego'; junction collision with vehicle 'other', lane=':center_4_0', gap=-1.00, time=7.50 stage=move.
 Retrying in 1 seconds
 Retrying in 1 seconds
[shaping_diag] success_cum_shaping=282.39 T=103 d_init=94.1 d_final=0.0
 Retrying in 1 seconds
[shaping_diag] success_cum_shaping=282.39 T=103 d_init=94.1 d_final=0.0
 Retrying in 1 seconds
[shaping_diag] success_cum_shaping=282.39 T=102 d_init=94.1 d_final=0.0
 Retrying in 1 seconds
 Retrying in 1 seconds
[shaping_diag] success_cum_shaping=282.39 T=103 d_init=94.1 d_final=0.0
 Retrying in 1 seconds
[shaping_diag] success_cum_shaping=282.39 T=102 d_init=94.1 d_final=0.0
 Retrying in 1 seconds
[shaping_diag] success_cum_shaping=282.39 T=102 d_init=94.1 d_final=0.0
 Retrying in 1 seconds
[shaping_diag] success_cum_shaping=282.39 T=103 d_init=94.1 d_final=0.0
 Retrying in 1 seconds
[shaping_diag] success_cum_shaping=282.39 T=103 d_init=94.1 d_final=0.0
Warning: Vehicle 'other' performs emergency braking on lane ':center_8_0' with decel=9.00, wished=6.00, severity=1.00, time=7.10.
Warning: Vehicle 'ego'; junction collision with vehicle 'other', lane=':center_4_0', gap=-1.00, time=7.30 stage=move.
 Retrying in 1 seconds
 Retrying in 1 seconds
[shaping_diag] success_cum_shaping=282.39 T=103 d_init=94.1 d_final=0.0
 Retrying in 1 seconds
[shaping_diag] success_cum_shaping=282.39 T=102 d_init=94.1 d_final=0.0
 Retrying in 1 seconds
[shaping_diag] success_cum_shaping=282.39 T=103 d_init=94.1 d_final=0.0
 Retrying in 1 seconds
[shaping_diag] success_cum_shaping=282.39 T=102 d_init=94.1 d_final=0.0
[cbf_aux] step=372736 ret=371.55 coll=1 ttc=6.20 cbf_res=0.0000
 Retrying in 1 seconds
[shaping_diag] success_cum_shaping=282.39 T=109 d_init=94.1 d_final=0.0
 Retrying in 1 seconds
[shaping_diag] success_cum_shaping=282.39 T=105 d_init=94.1 d_final=0.0
 Retrying in 1 seconds
[shaping_diag] success_cum_shaping=282.39 T=103 d_init=94.1 d_final=0.0
 Retrying in 1 seconds
[shaping_diag] success_cum_shaping=282.39 T=104 d_init=94.1 d_final=0.0
 Retrying in 1 seconds
[shaping_diag] success_cum_shaping=282.39 T=105 d_init=94.1 d_final=0.0
 Retrying in 1 seconds
[shaping_diag] success_cum_shaping=282.39 T=104 d_init=94.1 d_final=0.0
 Retrying in 1 seconds
[shaping_diag] success_cum_shaping=282.39 T=103 d_init=94.1 d_final=0.0
 Retrying in 1 seconds
[shaping_diag] success_cum_shaping=282.39 T=104 d_init=94.1 d_final=0.0
 Retrying in 1 seconds
[shaping_diag] success_cum_shaping=282.39 T=110 d_init=94.1 d_final=0.0
 Retrying in 1 seconds
[shaping_diag] success_cum_shaping=282.39 T=105 d_init=94.1 d_final=0.0
 Retrying in 1 seconds
[shaping_diag] success_cum_shaping=282.39 T=103 d_init=94.1 d_final=0.0
Warning: Vehicle 'other' performs emergency braking on lane ':center_8_0' with decel=9.00, wished=5.00, severity=1.00, time=7.20.
 Retrying in 1 seconds
[shaping_diag] success_cum_shaping=282.39 T=104 d_init=94.1 d_final=0.0
 Retrying in 1 seconds
 Retrying in 1 seconds
[shaping_diag] success_cum_shaping=282.39 T=103 d_init=94.1 d_final=0.0
 Retrying in 1 seconds
[shaping_diag] success_cum_shaping=282.39 T=105 d_init=94.1 d_final=0.0
 Retrying in 1 seconds
[shaping_diag] success_cum_shaping=282.39 T=103 d_init=94.1 d_final=0.0
 Retrying in 1 seconds
[shaping_diag] success_cum_shaping=282.39 T=105 d_init=94.1 d_final=0.0
 Retrying in 1 seconds
[shaping_diag] success_cum_shaping=282.39 T=104 d_init=94.1 d_final=0.0
 Retrying in 1 seconds
[shaping_diag] success_cum_shaping=282.39 T=105 d_init=94.1 d_final=0.0
 Retrying in 1 seconds
[shaping_diag] success_cum_shaping=282.39 T=103 d_init=94.1 d_final=0.0
 Retrying in 1 seconds
[shaping_diag] success_cum_shaping=282.39 T=106 d_init=94.1 d_final=0.0
 Retrying in 1 seconds
[shaping_diag] success_cum_shaping=282.39 T=113 d_init=94.1 d_final=0.0
 Retrying in 1 seconds
[shaping_diag] success_cum_shaping=282.39 T=108 d_init=94.1 d_final=0.0
 Retrying in 1 seconds
[shaping_diag] success_cum_shaping=282.39 T=102 d_init=94.1 d_final=0.0
Warning: Vehicle 'other' performs emergency braking on lane ':center_8_0' with decel=9.00, wished=7.00, severity=1.00, time=7.20.
 Retrying in 1 seconds
[shaping_diag] success_cum_shaping=282.39 T=104 d_init=94.1 d_final=0.0
 Retrying in 1 seconds
[shaping_diag] success_cum_shaping=282.39 T=103 d_init=94.1 d_final=0.0
 Retrying in 1 seconds
[shaping_diag] success_cum_shaping=282.39 T=104 d_init=94.1 d_final=0.0
 Retrying in 1 seconds
[shaping_diag] success_cum_shaping=282.39 T=108 d_init=94.1 d_final=0.0
 Retrying in 1 seconds
[shaping_diag] success_cum_shaping=282.39 T=103 d_init=94.1 d_final=0.0
 Retrying in 1 seconds
[shaping_diag] success_cum_shaping=282.39 T=112 d_init=94.1 d_final=0.0
 Retrying in 1 seconds
[shaping_diag] success_cum_shaping=282.39 T=103 d_init=94.1 d_final=0.0
 Retrying in 1 seconds
[shaping_diag] success_cum_shaping=282.39 T=103 d_init=94.1 d_final=0.0
 Retrying in 1 seconds
[shaping_diag] success_cum_shaping=282.39 T=104 d_init=94.1 d_final=0.0
Warning: Vehicle 'other' performs emergency braking on lane ':center_8_0' with decel=9.00, wished=5.00, severity=1.00, time=7.90.
 Retrying in 1 seconds
[shaping_diag] success_cum_shaping=282.39 T=117 d_init=94.1 d_final=0.0
Warning: Vehicle 'ego'; collision with vehicle 'other', lane='right_out_0', gap=-1.49, time=7.90 stage=move.
 Retrying in 1 seconds
 Retrying in 1 seconds
[shaping_diag] success_cum_shaping=282.39 T=103 d_init=94.1 d_final=0.0
 Retrying in 1 seconds
[shaping_diag] success_cum_shaping=282.39 T=103 d_init=94.1 d_final=0.0
 Retrying in 1 seconds
[shaping_diag] success_cum_shaping=282.39 T=103 d_init=94.1 d_final=0.0
 Retrying in 1 seconds
[shaping_diag] success_cum_shaping=282.39 T=112 d_init=94.1 d_final=0.0
Warning: Vehicle 'other' performs emergency braking on lane ':center_8_0' with decel=9.00, wished=7.00, severity=1.00, time=7.20.
 Retrying in 1 seconds
 Retrying in 1 seconds
[shaping_diag] success_cum_shaping=282.39 T=105 d_init=94.1 d_final=0.0
 Retrying in 1 seconds
[shaping_diag] success_cum_shaping=282.39 T=103 d_init=94.1 d_final=0.0
 Retrying in 1 seconds
[shaping_diag] success_cum_shaping=282.39 T=103 d_init=94.1 d_final=0.0
 Retrying in 1 seconds
[shaping_diag] success_cum_shaping=282.39 T=104 d_init=94.1 d_final=0.0
 Retrying in 1 seconds
[shaping_diag] success_cum_shaping=282.39 T=102 d_init=94.1 d_final=0.0
 Retrying in 1 seconds
[shaping_diag] success_cum_shaping=282.39 T=103 d_init=94.1 d_final=0.0
 Retrying in 1 seconds
[shaping_diag] success_cum_shaping=282.39 T=104 d_init=94.1 d_final=0.0
 Retrying in 1 seconds
[shaping_diag] success_cum_shaping=282.39 T=109 d_init=94.1 d_final=0.0
 Retrying in 1 seconds
[shaping_diag] success_cum_shaping=282.39 T=103 d_init=94.1 d_final=0.0
 Retrying in 1 seconds
[shaping_diag] success_cum_shaping=282.39 T=103 d_init=94.1 d_final=0.0
 Retrying in 1 seconds
[shaping_diag] success_cum_shaping=282.39 T=102 d_init=94.1 d_final=0.0
 Retrying in 1 seconds
[shaping_diag] success_cum_shaping=282.39 T=103 d_init=94.1 d_final=0.0
 Retrying in 1 seconds
[shaping_diag] success_cum_shaping=282.39 T=104 d_init=94.1 d_final=0.0
 Retrying in 1 seconds
[shaping_diag] success_cum_shaping=282.39 T=103 d_init=94.1 d_final=0.0
 Retrying in 1 seconds
[shaping_diag] success_cum_shaping=282.39 T=104 d_init=94.1 d_final=0.0
 Retrying in 1 seconds
[shaping_diag] success_cum_shaping=282.39 T=103 d_init=94.1 d_final=0.0
 Retrying in 1 seconds
[shaping_diag] success_cum_shaping=282.39 T=104 d_init=94.1 d_final=0.0
 Retrying in 1 seconds
[shaping_diag] success_cum_shaping=282.39 T=104 d_init=94.1 d_final=0.0
 Retrying in 1 seconds
[shaping_diag] success_cum_shaping=282.39 T=108 d_init=94.1 d_final=0.0
 Retrying in 1 seconds
[shaping_diag] success_cum_shaping=282.39 T=103 d_init=94.1 d_final=0.0
 Retrying in 1 seconds
[shaping_diag] success_cum_shaping=282.39 T=103 d_init=94.1 d_final=0.0
 Retrying in 1 seconds
[shaping_diag] success_cum_shaping=282.39 T=104 d_init=94.1 d_final=0.0
 Retrying in 1 seconds
[shaping_diag] success_cum_shaping=282.39 T=102 d_init=94.1 d_final=0.0
 Retrying in 1 seconds
[shaping_diag] success_cum_shaping=282.39 T=107 d_init=94.1 d_final=0.0
 Retrying in 1 seconds
[shaping_diag] success_cum_shaping=282.39 T=103 d_init=94.1 d_final=0.0
Warning: Vehicle 'other' performs emergency braking on lane ':center_8_0' with decel=9.00, wished=7.00, severity=1.00, time=7.20.
 Retrying in 1 seconds
[shaping_diag] success_cum_shaping=282.39 T=104 d_init=94.1 d_final=0.0
 Retrying in 1 seconds
[shaping_diag] success_cum_shaping=282.39 T=105 d_init=94.1 d_final=0.0
 Retrying in 1 seconds
[shaping_diag] success_cum_shaping=282.39 T=103 d_init=94.1 d_final=0.0
 Retrying in 1 seconds
[shaping_diag] success_cum_shaping=282.39 T=103 d_init=94.1 d_final=0.0
 Retrying in 1 seconds
[shaping_diag] success_cum_shaping=282.39 T=103 d_init=94.1 d_final=0.0
 Retrying in 1 seconds
[shaping_diag] success_cum_shaping=282.39 T=103 d_init=94.1 d_final=0.0
 Retrying in 1 seconds
[shaping_diag] success_cum_shaping=282.39 T=105 d_init=94.1 d_final=0.0
 Retrying in 1 seconds
[shaping_diag] success_cum_shaping=282.39 T=103 d_init=94.1 d_final=0.0
 Retrying in 1 seconds
[shaping_diag] success_cum_shaping=282.39 T=103 d_init=94.1 d_final=0.0
 Retrying in 1 seconds
[shaping_diag] success_cum_shaping=282.39 T=103 d_init=94.1 d_final=0.0
 Retrying in 1 seconds
[shaping_diag] success_cum_shaping=282.39 T=103 d_init=94.1 d_final=0.0
 Retrying in 1 seconds
[shaping_diag] success_cum_shaping=282.39 T=103 d_init=94.1 d_final=0.0
 Retrying in 1 seconds
[shaping_diag] success_cum_shaping=282.39 T=103 d_init=94.1 d_final=0.0
 Retrying in 1 seconds
[shaping_diag] success_cum_shaping=282.39 T=114 d_init=94.1 d_final=0.0
 Retrying in 1 seconds
 Retrying in 1 seconds
[shaping_diag] success_cum_shaping=282.39 T=103 d_init=94.1 d_final=0.0
 Retrying in 1 seconds
[shaping_diag] success_cum_shaping=282.39 T=104 d_init=94.1 d_final=0.0
 Retrying in 1 seconds
[shaping_diag] success_cum_shaping=282.39 T=105 d_init=94.1 d_final=0.0
 Retrying in 1 seconds
[shaping_diag] success_cum_shaping=282.39 T=103 d_init=94.1 d_final=0.0
Warning: Vehicle 'other' performs emergency braking on lane ':center_8_0' with decel=9.00, wished=7.00, severity=1.00, time=7.10.
 Retrying in 1 seconds
[shaping_diag] success_cum_shaping=282.39 T=103 d_init=94.1 d_final=0.0
 Retrying in 1 seconds
[shaping_diag] success_cum_shaping=282.39 T=104 d_init=94.1 d_final=0.0
 Retrying in 1 seconds
[shaping_diag] success_cum_shaping=282.39 T=103 d_init=94.1 d_final=0.0
 Retrying in 1 seconds
[shaping_diag] success_cum_shaping=282.39 T=120 d_init=94.1 d_final=0.0
 Retrying in 1 seconds
[shaping_diag] success_cum_shaping=282.39 T=103 d_init=94.1 d_final=0.0
 Retrying in 1 seconds
[shaping_diag] success_cum_shaping=282.39 T=103 d_init=94.1 d_final=0.0
 Retrying in 1 seconds
[shaping_diag] success_cum_shaping=282.39 T=103 d_init=94.1 d_final=0.0
 Retrying in 1 seconds
[shaping_diag] success_cum_shaping=282.39 T=103 d_init=94.1 d_final=0.0
 Retrying in 1 seconds
[shaping_diag] success_cum_shaping=282.39 T=103 d_init=94.1 d_final=0.0
 Retrying in 1 seconds
[shaping_diag] success_cum_shaping=282.39 T=103 d_init=94.1 d_final=0.0
 Retrying in 1 seconds
[shaping_diag] success_cum_shaping=282.39 T=103 d_init=94.1 d_final=0.0
 Retrying in 1 seconds
[shaping_diag] success_cum_shaping=282.39 T=103 d_init=94.1 d_final=0.0
 Retrying in 1 seconds
[shaping_diag] success_cum_shaping=282.39 T=103 d_init=94.1 d_final=0.0
 Retrying in 1 seconds
[shaping_diag] success_cum_shaping=282.39 T=104 d_init=94.1 d_final=0.0
 Retrying in 1 seconds
[shaping_diag] success_cum_shaping=282.39 T=102 d_init=94.1 d_final=0.0
 Retrying in 1 seconds
[shaping_diag] success_cum_shaping=282.39 T=103 d_init=94.1 d_final=0.0
 Retrying in 1 seconds
[shaping_diag] success_cum_shaping=282.39 T=103 d_init=94.1 d_final=0.0
Warning: Vehicle 'other' performs emergency braking on lane ':center_8_0' with decel=9.00, wished=7.00, severity=1.00, time=7.40.
 Retrying in 1 seconds
[shaping_diag] success_cum_shaping=282.39 T=107 d_init=94.1 d_final=0.0
 Retrying in 1 seconds
[shaping_diag] success_cum_shaping=282.39 T=103 d_init=94.1 d_final=0.0
 Retrying in 1 seconds
[shaping_diag] success_cum_shaping=282.39 T=103 d_init=94.1 d_final=0.0
 Retrying in 1 seconds
[shaping_diag] success_cum_shaping=282.39 T=103 d_init=94.1 d_final=0.0
 Retrying in 1 seconds
[shaping_diag] success_cum_shaping=282.39 T=112 d_init=94.1 d_final=0.0
 Retrying in 1 seconds
[shaping_diag] success_cum_shaping=282.39 T=103 d_init=94.1 d_final=0.0
 Retrying in 1 seconds
[shaping_diag] success_cum_shaping=282.39 T=103 d_init=94.1 d_final=0.0
 Retrying in 1 seconds
[shaping_diag] success_cum_shaping=282.39 T=134 d_init=94.1 d_final=0.0
Warning: Vehicle 'ego'; collision with vehicle 'other', lane='right_out_0', gap=-0.44, time=8.00 stage=move.
 Retrying in 1 seconds
 Retrying in 1 seconds
[shaping_diag] success_cum_shaping=282.39 T=103 d_init=94.1 d_final=0.0
 Retrying in 1 seconds
[shaping_diag] success_cum_shaping=282.39 T=103 d_init=94.1 d_final=0.0
 Retrying in 1 seconds
[shaping_diag] success_cum_shaping=282.39 T=110 d_init=94.1 d_final=0.0
 Retrying in 1 seconds
[shaping_diag] success_cum_shaping=282.39 T=104 d_init=94.1 d_final=0.0
 Retrying in 1 seconds
[shaping_diag] success_cum_shaping=282.39 T=103 d_init=94.1 d_final=0.0
 Retrying in 1 seconds
[shaping_diag] success_cum_shaping=282.39 T=103 d_init=94.1 d_final=0.0
 Retrying in 1 seconds
[shaping_diag] success_cum_shaping=282.39 T=103 d_init=94.1 d_final=0.0
 Retrying in 1 seconds
[shaping_diag] success_cum_shaping=282.39 T=103 d_init=94.1 d_final=0.0
 Retrying in 1 seconds
[shaping_diag] success_cum_shaping=282.39 T=104 d_init=94.1 d_final=0.0
 Retrying in 1 seconds
 Retrying in 1 seconds
[shaping_diag] success_cum_shaping=282.39 T=104 d_init=94.1 d_final=0.0
 Retrying in 1 seconds
[shaping_diag] success_cum_shaping=282.39 T=103 d_init=94.1 d_final=0.0
 Retrying in 1 seconds
[shaping_diag] success_cum_shaping=282.39 T=103 d_init=94.1 d_final=0.0
 Retrying in 1 seconds
[shaping_diag] success_cum_shaping=282.39 T=103 d_init=94.1 d_final=0.0
 Retrying in 1 seconds
[shaping_diag] success_cum_shaping=282.39 T=103 d_init=94.1 d_final=0.0
 Retrying in 1 seconds
[shaping_diag] success_cum_shaping=282.39 T=103 d_init=94.1 d_final=0.0
 Retrying in 1 seconds
[shaping_diag] success_cum_shaping=282.39 T=103 d_init=94.1 d_final=0.0
 Retrying in 1 seconds
[shaping_diag] success_cum_shaping=282.39 T=103 d_init=94.1 d_final=0.0
 Retrying in 1 seconds
[shaping_diag] success_cum_shaping=282.39 T=104 d_init=94.1 d_final=0.0
 Retrying in 1 seconds
[shaping_diag] success_cum_shaping=282.39 T=107 d_init=94.1 d_final=0.0
 Retrying in 1 seconds
[shaping_diag] success_cum_shaping=282.39 T=104 d_init=94.1 d_final=0.0
 Retrying in 1 seconds
[shaping_diag] success_cum_shaping=282.39 T=102 d_init=94.1 d_final=0.0
 Retrying in 1 seconds
[shaping_diag] success_cum_shaping=282.39 T=103 d_init=94.1 d_final=0.0
 Retrying in 1 seconds
[shaping_diag] success_cum_shaping=282.39 T=103 d_init=94.1 d_final=0.0
 Retrying in 1 seconds
[shaping_diag] success_cum_shaping=282.39 T=103 d_init=94.1 d_final=0.0
 Retrying in 1 seconds
[shaping_diag] success_cum_shaping=282.39 T=103 d_init=94.1 d_final=0.0
 Retrying in 1 seconds
[shaping_diag] success_cum_shaping=282.39 T=103 d_init=94.1 d_final=0.0
 Retrying in 1 seconds
[shaping_diag] success_cum_shaping=282.39 T=103 d_init=94.1 d_final=0.0
 Retrying in 1 seconds
[shaping_diag] success_cum_shaping=282.39 T=102 d_init=94.1 d_final=0.0
Warning: Vehicle 'other' performs emergency braking on lane ':center_8_0' with decel=9.00, wished=5.00, severity=1.00, time=7.20.
 Retrying in 1 seconds
[shaping_diag] success_cum_shaping=282.39 T=103 d_init=94.1 d_final=0.0
 Retrying in 1 seconds
[shaping_diag] success_cum_shaping=282.39 T=103 d_init=94.1 d_final=0.0
 Retrying in 1 seconds
[shaping_diag] success_cum_shaping=282.39 T=103 d_init=94.1 d_final=0.0
 Retrying in 1 seconds
[shaping_diag] success_cum_shaping=282.39 T=102 d_init=94.1 d_final=0.0
 Retrying in 1 seconds
[shaping_diag] success_cum_shaping=282.39 T=111 d_init=94.1 d_final=0.0
 Retrying in 1 seconds
[shaping_diag] success_cum_shaping=282.39 T=102 d_init=94.1 d_final=0.0
 Retrying in 1 seconds
[shaping_diag] success_cum_shaping=282.39 T=104 d_init=94.1 d_final=0.0
 Retrying in 1 seconds
[shaping_diag] success_cum_shaping=282.39 T=103 d_init=94.1 d_final=0.0
 Retrying in 1 seconds
[shaping_diag] success_cum_shaping=282.39 T=104 d_init=94.1 d_final=0.0
 Retrying in 1 seconds
[shaping_diag] success_cum_shaping=282.39 T=103 d_init=94.1 d_final=0.0
 Retrying in 1 seconds
[shaping_diag] success_cum_shaping=282.39 T=103 d_init=94.1 d_final=0.0
 Retrying in 1 seconds
[shaping_diag] success_cum_shaping=282.39 T=103 d_init=94.1 d_final=0.0
 Retrying in 1 seconds
[shaping_diag] success_cum_shaping=282.39 T=103 d_init=94.1 d_final=0.0
 Retrying in 1 seconds
[shaping_diag] success_cum_shaping=282.39 T=103 d_init=94.1 d_final=0.0
 Retrying in 1 seconds
[shaping_diag] success_cum_shaping=282.39 T=103 d_init=94.1 d_final=0.0
 Retrying in 1 seconds
[shaping_diag] success_cum_shaping=282.39 T=103 d_init=94.1 d_final=0.0
 Retrying in 1 seconds
[shaping_diag] success_cum_shaping=282.39 T=103 d_init=94.1 d_final=0.0
 Retrying in 1 seconds
[shaping_diag] success_cum_shaping=282.39 T=103 d_init=94.1 d_final=0.0
 Retrying in 1 seconds
[shaping_diag] success_cum_shaping=282.39 T=104 d_init=94.1 d_final=0.0
 Retrying in 1 seconds
[shaping_diag] success_cum_shaping=282.39 T=104 d_init=94.1 d_final=0.0
Warning: Vehicle 'other' performs emergency braking on lane ':center_8_0' with decel=9.00, wished=6.00, severity=1.00, time=7.20.
 Retrying in 1 seconds
 Retrying in 1 seconds
[shaping_diag] success_cum_shaping=282.39 T=104 d_init=94.1 d_final=0.0
 Retrying in 1 seconds
[shaping_diag] success_cum_shaping=282.39 T=104 d_init=94.1 d_final=0.0
 Retrying in 1 seconds
[shaping_diag] success_cum_shaping=282.39 T=104 d_init=94.1 d_final=0.0
 Retrying in 1 seconds
[shaping_diag] success_cum_shaping=282.39 T=103 d_init=94.1 d_final=0.0
 Retrying in 1 seconds
[shaping_diag] success_cum_shaping=282.39 T=103 d_init=94.1 d_final=0.0
 Retrying in 1 seconds
[shaping_diag] success_cum_shaping=282.39 T=103 d_init=94.1 d_final=0.0
 Retrying in 1 seconds
[shaping_diag] success_cum_shaping=282.39 T=103 d_init=94.1 d_final=0.0
 Retrying in 1 seconds
[shaping_diag] success_cum_shaping=282.39 T=103 d_init=94.1 d_final=0.0
 Retrying in 1 seconds
[shaping_diag] success_cum_shaping=282.39 T=103 d_init=94.1 d_final=0.0
Warning: Vehicle 'ego'; junction collision with vehicle 'other', lane=':center_4_0', gap=-1.00, time=7.30 stage=move.
 Retrying in 1 seconds
 Retrying in 1 seconds
[shaping_diag] success_cum_shaping=282.39 T=104 d_init=94.1 d_final=0.0
Warning: Vehicle 'other' performs emergency braking on lane ':center_8_0' with decel=9.00, wished=6.00, severity=1.00, time=7.10.
 Retrying in 1 seconds
[shaping_diag] success_cum_shaping=282.39 T=103 d_init=94.1 d_final=0.0
 Retrying in 1 seconds
[shaping_diag] success_cum_shaping=282.39 T=103 d_init=94.1 d_final=0.0
 Retrying in 1 seconds
[shaping_diag] success_cum_shaping=282.39 T=103 d_init=94.1 d_final=0.0
 Retrying in 1 seconds
[shaping_diag] success_cum_shaping=282.39 T=103 d_init=94.1 d_final=0.0
 Retrying in 1 seconds
[shaping_diag] success_cum_shaping=282.39 T=103 d_init=94.1 d_final=0.0
Warning: Vehicle 'other' performs emergency braking on lane ':center_8_0' with decel=9.00, wished=6.00, severity=1.00, time=7.20.
 Retrying in 1 seconds
 Retrying in 1 seconds
[shaping_diag] success_cum_shaping=282.39 T=103 d_init=94.1 d_final=0.0
 Retrying in 1 seconds
[shaping_diag] success_cum_shaping=282.39 T=103 d_init=94.1 d_final=0.0
 Retrying in 1 seconds
[shaping_diag] success_cum_shaping=282.39 T=104 d_init=94.1 d_final=0.0
 Retrying in 1 seconds
[shaping_diag] success_cum_shaping=282.39 T=103 d_init=94.1 d_final=0.0
 Retrying in 1 seconds
[shaping_diag] success_cum_shaping=282.39 T=102 d_init=94.1 d_final=0.0
 Retrying in 1 seconds
[shaping_diag] success_cum_shaping=282.39 T=103 d_init=94.1 d_final=0.0
Warning: Vehicle 'other' performs emergency braking on lane ':center_8_0' with decel=9.00, wished=6.00, severity=1.00, time=7.20.
Warning: Vehicle 'ego'; junction collision with vehicle 'other', lane=':center_4_0', gap=-1.00, time=7.40 stage=move.
 Retrying in 1 seconds
 Retrying in 1 seconds
[shaping_diag] success_cum_shaping=282.39 T=103 d_init=94.1 d_final=0.0
 Retrying in 1 seconds
[shaping_diag] success_cum_shaping=282.39 T=103 d_init=94.1 d_final=0.0
 Retrying in 1 seconds
[shaping_diag] success_cum_shaping=282.39 T=104 d_init=94.1 d_final=0.0
 Retrying in 1 seconds
[shaping_diag] success_cum_shaping=282.39 T=103 d_init=94.1 d_final=0.0
 Retrying in 1 seconds
[shaping_diag] success_cum_shaping=282.39 T=103 d_init=94.1 d_final=0.0
 Retrying in 1 seconds
[shaping_diag] success_cum_shaping=282.39 T=102 d_init=94.1 d_final=0.0
 Retrying in 1 seconds
[shaping_diag] success_cum_shaping=282.39 T=103 d_init=94.1 d_final=0.0
 Retrying in 1 seconds
[shaping_diag] success_cum_shaping=282.39 T=104 d_init=94.1 d_final=0.0
 Retrying in 1 seconds
[shaping_diag] success_cum_shaping=282.39 T=103 d_init=94.1 d_final=0.0
 Retrying in 1 seconds
[shaping_diag] success_cum_shaping=282.39 T=104 d_init=94.1 d_final=0.0
 Retrying in 1 seconds
[shaping_diag] success_cum_shaping=282.39 T=103 d_init=94.1 d_final=0.0
 Retrying in 1 seconds
[shaping_diag] success_cum_shaping=282.39 T=103 d_init=94.1 d_final=0.0
 Retrying in 1 seconds
[shaping_diag] success_cum_shaping=282.39 T=103 d_init=94.1 d_final=0.0
 Retrying in 1 seconds
[shaping_diag] success_cum_shaping=282.39 T=103 d_init=94.1 d_final=0.0
 Retrying in 1 seconds
[shaping_diag] success_cum_shaping=282.39 T=103 d_init=94.1 d_final=0.0
 Retrying in 1 seconds
[shaping_diag] success_cum_shaping=282.39 T=103 d_init=94.1 d_final=0.0
 Retrying in 1 seconds
 Retrying in 1 seconds
[shaping_diag] success_cum_shaping=282.39 T=108 d_init=94.1 d_final=0.0
 Retrying in 1 seconds
[shaping_diag] success_cum_shaping=282.39 T=103 d_init=94.1 d_final=0.0
 Retrying in 1 seconds
[shaping_diag] success_cum_shaping=282.39 T=103 d_init=94.1 d_final=0.0
 Retrying in 1 seconds
[shaping_diag] success_cum_shaping=282.39 T=103 d_init=94.1 d_final=0.0
 Retrying in 1 seconds
[shaping_diag] success_cum_shaping=282.39 T=104 d_init=94.1 d_final=0.0
 Retrying in 1 seconds
[shaping_diag] success_cum_shaping=282.39 T=103 d_init=94.1 d_final=0.0
 Retrying in 1 seconds
[shaping_diag] success_cum_shaping=282.39 T=102 d_init=94.1 d_final=0.0
 Retrying in 1 seconds
[shaping_diag] success_cum_shaping=282.39 T=103 d_init=94.1 d_final=0.0
 Retrying in 1 seconds
[shaping_diag] success_cum_shaping=282.39 T=103 d_init=94.1 d_final=0.0
 Retrying in 1 seconds
[shaping_diag] success_cum_shaping=282.39 T=103 d_init=94.1 d_final=0.0
 Retrying in 1 seconds
[shaping_diag] success_cum_shaping=282.39 T=104 d_init=94.1 d_final=0.0
 Retrying in 1 seconds
[shaping_diag] success_cum_shaping=282.39 T=103 d_init=94.1 d_final=0.0
 Retrying in 1 seconds
[shaping_diag] success_cum_shaping=282.39 T=103 d_init=94.1 d_final=0.0
 Retrying in 1 seconds
[shaping_diag] success_cum_shaping=282.39 T=103 d_init=94.1 d_final=0.0
 Retrying in 1 seconds
[shaping_diag] success_cum_shaping=282.39 T=103 d_init=94.1 d_final=0.0
 Retrying in 1 seconds
[shaping_diag] success_cum_shaping=282.39 T=102 d_init=94.1 d_final=0.0
 Retrying in 1 seconds
[shaping_diag] success_cum_shaping=282.39 T=103 d_init=94.1 d_final=0.0
 Retrying in 1 seconds
[shaping_diag] success_cum_shaping=282.39 T=102 d_init=94.1 d_final=0.0
 Retrying in 1 seconds
[shaping_diag] success_cum_shaping=282.39 T=103 d_init=94.1 d_final=0.0
 Retrying in 1 seconds
[shaping_diag] success_cum_shaping=282.39 T=103 d_init=94.1 d_final=0.0
 Retrying in 1 seconds
[shaping_diag] success_cum_shaping=282.39 T=114 d_init=94.1 d_final=0.0
 Retrying in 1 seconds
[shaping_diag] success_cum_shaping=282.39 T=103 d_init=94.1 d_final=0.0
 Retrying in 1 seconds
[shaping_diag] success_cum_shaping=282.39 T=102 d_init=94.1 d_final=0.0
 Retrying in 1 seconds
[shaping_diag] success_cum_shaping=282.39 T=104 d_init=94.1 d_final=0.0
 Retrying in 1 seconds
[shaping_diag] success_cum_shaping=282.39 T=114 d_init=94.1 d_final=0.0
 Retrying in 1 seconds
[shaping_diag] success_cum_shaping=282.39 T=102 d_init=94.1 d_final=0.0
 Retrying in 1 seconds
[shaping_diag] success_cum_shaping=282.39 T=102 d_init=94.1 d_final=0.0
 Retrying in 1 seconds
[shaping_diag] success_cum_shaping=282.39 T=103 d_init=94.1 d_final=0.0
 Retrying in 1 seconds
[shaping_diag] success_cum_shaping=282.39 T=103 d_init=94.1 d_final=0.0
 Retrying in 1 seconds
[shaping_diag] success_cum_shaping=282.39 T=103 d_init=94.1 d_final=0.0
 Retrying in 1 seconds
[shaping_diag] success_cum_shaping=282.39 T=104 d_init=94.1 d_final=0.0
 Retrying in 1 seconds
[shaping_diag] success_cum_shaping=282.39 T=103 d_init=94.1 d_final=0.0
 Retrying in 1 seconds
[shaping_diag] success_cum_shaping=282.39 T=103 d_init=94.1 d_final=0.0
 Retrying in 1 seconds
[shaping_diag] success_cum_shaping=282.39 T=103 d_init=94.1 d_final=0.0
 Retrying in 1 seconds
[shaping_diag] success_cum_shaping=282.39 T=103 d_init=94.1 d_final=0.0
Warning: Vehicle 'ego'; collision with vehicle 'other', lane='right_out_0', gap=-2.00, time=7.60 stage=move.
 Retrying in 1 seconds
 Retrying in 1 seconds
[shaping_diag] success_cum_shaping=282.39 T=103 d_init=94.1 d_final=0.0
Warning: Vehicle 'other' performs emergency braking on lane ':center_8_0' with decel=9.00, wished=5.00, severity=1.00, time=7.10.
 Retrying in 1 seconds
 Retrying in 1 seconds
[shaping_diag] success_cum_shaping=282.39 T=102 d_init=94.1 d_final=0.0
Warning: Vehicle 'other' performs emergency braking on lane ':center_8_0' with decel=9.00, wished=5.00, severity=1.00, time=7.10.
 Retrying in 1 seconds
[shaping_diag] success_cum_shaping=282.39 T=104 d_init=94.1 d_final=0.0
 Retrying in 1 seconds
 Retrying in 1 seconds
 Retrying in 1 seconds
[shaping_diag] success_cum_shaping=282.39 T=104 d_init=94.1 d_final=0.0
 Retrying in 1 seconds
[shaping_diag] success_cum_shaping=282.39 T=104 d_init=94.1 d_final=0.0
 Retrying in 1 seconds
[shaping_diag] success_cum_shaping=282.39 T=109 d_init=94.1 d_final=0.0
 Retrying in 1 seconds
[shaping_diag] success_cum_shaping=282.39 T=103 d_init=94.1 d_final=0.0
 Retrying in 1 seconds
[shaping_diag] success_cum_shaping=282.39 T=107 d_init=94.1 d_final=0.0
 Retrying in 1 seconds
[shaping_diag] success_cum_shaping=282.39 T=103 d_init=94.1 d_final=0.0
 Retrying in 1 seconds
[shaping_diag] success_cum_shaping=282.39 T=103 d_init=94.1 d_final=0.0
 Retrying in 1 seconds
[shaping_diag] success_cum_shaping=282.39 T=108 d_init=94.1 d_final=0.0
 Retrying in 1 seconds
[shaping_diag] success_cum_shaping=282.39 T=103 d_init=94.1 d_final=0.0
Warning: Vehicle 'other' performs emergency braking on lane ':center_8_0' with decel=9.00, wished=7.00, severity=1.00, time=7.20.
Warning: Vehicle 'ego'; junction collision with vehicle 'other', lane=':center_4_0', gap=-1.00, time=7.50 stage=move.
 Retrying in 1 seconds
 Retrying in 1 seconds
[shaping_diag] success_cum_shaping=282.39 T=102 d_init=94.1 d_final=0.0
 Retrying in 1 seconds
[shaping_diag] success_cum_shaping=282.39 T=103 d_init=94.1 d_final=0.0
 Retrying in 1 seconds
[shaping_diag] success_cum_shaping=282.39 T=103 d_init=94.1 d_final=0.0
 Retrying in 1 seconds
[shaping_diag] success_cum_shaping=282.39 T=103 d_init=94.1 d_final=0.0
 Retrying in 1 seconds
[shaping_diag] success_cum_shaping=282.39 T=103 d_init=94.1 d_final=0.0
 Retrying in 1 seconds
[shaping_diag] success_cum_shaping=282.39 T=103 d_init=94.1 d_final=0.0
 Retrying in 1 seconds
[shaping_diag] success_cum_shaping=282.39 T=102 d_init=94.1 d_final=0.0
 Retrying in 1 seconds
[shaping_diag] success_cum_shaping=282.39 T=113 d_init=94.1 d_final=0.0
 Retrying in 1 seconds
[shaping_diag] success_cum_shaping=282.39 T=103 d_init=94.1 d_final=0.0
 Retrying in 1 seconds
[shaping_diag] success_cum_shaping=282.39 T=103 d_init=94.1 d_final=0.0
 Retrying in 1 seconds
[shaping_diag] success_cum_shaping=282.39 T=104 d_init=94.1 d_final=0.0
 Retrying in 1 seconds
[shaping_diag] success_cum_shaping=282.39 T=119 d_init=94.1 d_final=0.0
Warning: Vehicle 'ego'; junction collision with vehicle 'other', lane=':center_4_0', gap=-1.00, time=7.40 stage=move.
 Retrying in 1 seconds
 Retrying in 1 seconds
[shaping_diag] success_cum_shaping=282.39 T=103 d_init=94.1 d_final=0.0
 Retrying in 1 seconds
[shaping_diag] success_cum_shaping=282.39 T=107 d_init=94.1 d_final=0.0
 Retrying in 1 seconds
[shaping_diag] success_cum_shaping=282.39 T=104 d_init=94.1 d_final=0.0
 Retrying in 1 seconds
[shaping_diag] success_cum_shaping=282.39 T=103 d_init=94.1 d_final=0.0
 Retrying in 1 seconds
[shaping_diag] success_cum_shaping=282.39 T=105 d_init=94.1 d_final=0.0
 Retrying in 1 seconds
[shaping_diag] success_cum_shaping=282.39 T=103 d_init=94.1 d_final=0.0
 Retrying in 1 seconds
[shaping_diag] success_cum_shaping=282.39 T=103 d_init=94.1 d_final=0.0
 Retrying in 1 seconds
[shaping_diag] success_cum_shaping=282.39 T=103 d_init=94.1 d_final=0.0
 Retrying in 1 seconds
[shaping_diag] success_cum_shaping=282.39 T=103 d_init=94.1 d_final=0.0
 Retrying in 1 seconds
[shaping_diag] success_cum_shaping=282.39 T=103 d_init=94.1 d_final=0.0
 Retrying in 1 seconds
[shaping_diag] success_cum_shaping=282.39 T=102 d_init=94.1 d_final=0.0
 Retrying in 1 seconds
[shaping_diag] success_cum_shaping=282.39 T=104 d_init=94.1 d_final=0.0
 Retrying in 1 seconds
[shaping_diag] success_cum_shaping=282.39 T=106 d_init=94.1 d_final=0.0
 Retrying in 1 seconds
[shaping_diag] success_cum_shaping=282.39 T=106 d_init=94.1 d_final=0.0
 Retrying in 1 seconds
[shaping_diag] success_cum_shaping=282.39 T=103 d_init=94.1 d_final=0.0
 Retrying in 1 seconds
 Retrying in 1 seconds
Saved cbf_aux to results/ablation/tier1/1a_stem_right_cbf_aux_intent_s456/model_cbf_aux_1a_stem_right.pt

Running post-training checkpoint selection (30 eps each)...
 Retrying in 1 seconds
[shaping_diag] success_cum_shaping=282.39 T=102 d_init=94.1 d_final=0.0
Warning: Vehicle 'other' performs emergency braking on lane ':center_8_0' with decel=9.00, wished=7.00, severity=1.00, time=7.10.
 Retrying in 1 seconds
[shaping_diag] success_cum_shaping=282.39 T=102 d_init=94.1 d_final=0.0
 Retrying in 1 seconds
[shaping_diag] success_cum_shaping=282.39 T=102 d_init=94.1 d_final=0.0
 Retrying in 1 seconds
[shaping_diag] success_cum_shaping=282.39 T=102 d_init=94.1 d_final=0.0
 Retrying in 1 seconds
[shaping_diag] success_cum_shaping=282.39 T=102 d_init=94.1 d_final=0.0
 Retrying in 1 seconds
[shaping_diag] success_cum_shaping=282.39 T=102 d_init=94.1 d_final=0.0
 Retrying in 1 seconds
[shaping_diag] success_cum_shaping=282.39 T=102 d_init=94.1 d_final=0.0
 Retrying in 1 seconds
[shaping_diag] success_cum_shaping=282.39 T=102 d_init=94.1 d_final=0.0
 Retrying in 1 seconds
[shaping_diag] success_cum_shaping=282.39 T=102 d_init=94.1 d_final=0.0
 Retrying in 1 seconds
[shaping_diag] success_cum_shaping=282.39 T=102 d_init=94.1 d_final=0.0
 Retrying in 1 seconds
[shaping_diag] success_cum_shaping=282.39 T=102 d_init=94.1 d_final=0.0
Warning: Vehicle 'other' performs emergency braking on lane ':center_8_0' with decel=9.00, wished=5.00, severity=1.00, time=7.10.
 Retrying in 1 seconds
 Retrying in 1 seconds
[shaping_diag] success_cum_shaping=282.39 T=102 d_init=94.1 d_final=0.0
 Retrying in 1 seconds
[shaping_diag] success_cum_shaping=282.39 T=102 d_init=94.1 d_final=0.0
 Retrying in 1 seconds
[shaping_diag] success_cum_shaping=282.39 T=102 d_init=94.1 d_final=0.0
 Retrying in 1 seconds
[shaping_diag] success_cum_shaping=282.39 T=102 d_init=94.1 d_final=0.0
 Retrying in 1 seconds
[shaping_diag] success_cum_shaping=282.39 T=102 d_init=94.1 d_final=0.0
 Retrying in 1 seconds
[shaping_diag] success_cum_shaping=282.39 T=102 d_init=94.1 d_final=0.0
 Retrying in 1 seconds
[shaping_diag] success_cum_shaping=282.39 T=102 d_init=94.1 d_final=0.0
 Retrying in 1 seconds
[shaping_diag] success_cum_shaping=282.39 T=102 d_init=94.1 d_final=0.0
 Retrying in 1 seconds
[shaping_diag] success_cum_shaping=282.39 T=102 d_init=94.1 d_final=0.0
 Retrying in 1 seconds
[shaping_diag] success_cum_shaping=282.39 T=102 d_init=94.1 d_final=0.0
 Retrying in 1 seconds
[shaping_diag] success_cum_shaping=282.39 T=102 d_init=94.1 d_final=0.0
 Retrying in 1 seconds
[shaping_diag] success_cum_shaping=282.39 T=102 d_init=94.1 d_final=0.0
 Retrying in 1 seconds
[shaping_diag] success_cum_shaping=282.39 T=102 d_init=94.1 d_final=0.0
 Retrying in 1 seconds
[shaping_diag] success_cum_shaping=282.39 T=102 d_init=94.1 d_final=0.0
 Retrying in 1 seconds
[shaping_diag] success_cum_shaping=282.39 T=102 d_init=94.1 d_final=0.0
 Retrying in 1 seconds
[shaping_diag] success_cum_shaping=282.39 T=102 d_init=94.1 d_final=0.0
 Retrying in 1 seconds
[shaping_diag] success_cum_shaping=282.39 T=102 d_init=94.1 d_final=0.0
 Retrying in 1 seconds
[shaping_diag] success_cum_shaping=282.39 T=102 d_init=94.1 d_final=0.0
  step=200000: return=+408.24, coll=0.03, score=404.91
 Retrying in 1 seconds
[shaping_diag] success_cum_shaping=282.39 T=102 d_init=94.1 d_final=0.0
Warning: Vehicle 'other' performs emergency braking on lane ':center_8_0' with decel=9.00, wished=7.00, severity=1.00, time=7.10.
 Retrying in 1 seconds
[shaping_diag] success_cum_shaping=282.39 T=102 d_init=94.1 d_final=0.0
 Retrying in 1 seconds
[shaping_diag] success_cum_shaping=282.39 T=102 d_init=94.1 d_final=0.0
 Retrying in 1 seconds
[shaping_diag] success_cum_shaping=282.39 T=102 d_init=94.1 d_final=0.0
 Retrying in 1 seconds
[shaping_diag] success_cum_shaping=282.39 T=102 d_init=94.1 d_final=0.0
 Retrying in 1 seconds
[shaping_diag] success_cum_shaping=282.39 T=102 d_init=94.1 d_final=0.0
 Retrying in 1 seconds
[shaping_diag] success_cum_shaping=282.39 T=102 d_init=94.1 d_final=0.0
 Retrying in 1 seconds
[shaping_diag] success_cum_shaping=282.39 T=102 d_init=94.1 d_final=0.0
 Retrying in 1 seconds
[shaping_diag] success_cum_shaping=282.39 T=102 d_init=94.1 d_final=0.0
 Retrying in 1 seconds
[shaping_diag] success_cum_shaping=282.39 T=102 d_init=94.1 d_final=0.0
 Retrying in 1 seconds
[shaping_diag] success_cum_shaping=282.39 T=102 d_init=94.1 d_final=0.0
Warning: Vehicle 'other' performs emergency braking on lane ':center_8_0' with decel=9.00, wished=5.00, severity=1.00, time=7.10.
Warning: Vehicle 'ego'; junction collision with vehicle 'other', lane=':center_4_0', gap=-1.00, time=7.30 stage=move.
 Retrying in 1 seconds
 Retrying in 1 seconds
[shaping_diag] success_cum_shaping=282.39 T=102 d_init=94.1 d_final=0.0
 Retrying in 1 seconds
[shaping_diag] success_cum_shaping=282.39 T=102 d_init=94.1 d_final=0.0
 Retrying in 1 seconds
[shaping_diag] success_cum_shaping=282.39 T=102 d_init=94.1 d_final=0.0
 Retrying in 1 seconds
[shaping_diag] success_cum_shaping=282.39 T=102 d_init=94.1 d_final=0.0
 Retrying in 1 seconds
[shaping_diag] success_cum_shaping=282.39 T=102 d_init=94.1 d_final=0.0
 Retrying in 1 seconds
[shaping_diag] success_cum_shaping=282.39 T=102 d_init=94.1 d_final=0.0
 Retrying in 1 seconds
[shaping_diag] success_cum_shaping=282.39 T=103 d_init=94.1 d_final=0.0
 Retrying in 1 seconds
[shaping_diag] success_cum_shaping=282.39 T=102 d_init=94.1 d_final=0.0
 Retrying in 1 seconds
[shaping_diag] success_cum_shaping=282.39 T=102 d_init=94.1 d_final=0.0
 Retrying in 1 seconds
[shaping_diag] success_cum_shaping=282.39 T=102 d_init=94.1 d_final=0.0
 Retrying in 1 seconds
[shaping_diag] success_cum_shaping=282.39 T=103 d_init=94.1 d_final=0.0
 Retrying in 1 seconds
[shaping_diag] success_cum_shaping=282.39 T=103 d_init=94.1 d_final=0.0
 Retrying in 1 seconds
[shaping_diag] success_cum_shaping=282.39 T=102 d_init=94.1 d_final=0.0
 Retrying in 1 seconds
[shaping_diag] success_cum_shaping=282.39 T=102 d_init=94.1 d_final=0.0
 Retrying in 1 seconds
[shaping_diag] success_cum_shaping=282.39 T=102 d_init=94.1 d_final=0.0
 Retrying in 1 seconds
[shaping_diag] success_cum_shaping=282.39 T=102 d_init=94.1 d_final=0.0
 Retrying in 1 seconds
[shaping_diag] success_cum_shaping=282.39 T=102 d_init=94.1 d_final=0.0
 Retrying in 1 seconds
[shaping_diag] success_cum_shaping=282.39 T=102 d_init=94.1 d_final=0.0
  step=300000: return=+408.42, coll=0.03, score=405.09
 Retrying in 1 seconds
[shaping_diag] success_cum_shaping=282.39 T=102 d_init=94.1 d_final=0.0
Warning: Vehicle 'other' performs emergency braking on lane ':center_8_0' with decel=9.00, wished=7.00, severity=1.00, time=7.10.
 Retrying in 1 seconds
[shaping_diag] success_cum_shaping=282.39 T=102 d_init=94.1 d_final=0.0
 Retrying in 1 seconds
[shaping_diag] success_cum_shaping=282.39 T=102 d_init=94.1 d_final=0.0
 Retrying in 1 seconds
[shaping_diag] success_cum_shaping=282.39 T=103 d_init=94.1 d_final=0.0
 Retrying in 1 seconds
[shaping_diag] success_cum_shaping=282.39 T=103 d_init=94.1 d_final=0.0
 Retrying in 1 seconds
[shaping_diag] success_cum_shaping=282.39 T=102 d_init=94.1 d_final=0.0
 Retrying in 1 seconds
[shaping_diag] success_cum_shaping=282.39 T=103 d_init=94.1 d_final=0.0
 Retrying in 1 seconds
[shaping_diag] success_cum_shaping=282.39 T=102 d_init=94.1 d_final=0.0
 Retrying in 1 seconds
[shaping_diag] success_cum_shaping=282.39 T=102 d_init=94.1 d_final=0.0
 Retrying in 1 seconds
[shaping_diag] success_cum_shaping=282.39 T=102 d_init=94.1 d_final=0.0
 Retrying in 1 seconds
[shaping_diag] success_cum_shaping=282.39 T=103 d_init=94.1 d_final=0.0
Warning: Vehicle 'ego'; junction collision with vehicle 'other', lane=':center_4_0', gap=-1.00, time=7.50 stage=move.
 Retrying in 1 seconds
 Retrying in 1 seconds
[shaping_diag] success_cum_shaping=282.39 T=102 d_init=94.1 d_final=0.0
 Retrying in 1 seconds
[shaping_diag] success_cum_shaping=282.39 T=102 d_init=94.1 d_final=0.0
 Retrying in 1 seconds
[shaping_diag] success_cum_shaping=282.39 T=102 d_init=94.1 d_final=0.0
 Retrying in 1 seconds
[shaping_diag] success_cum_shaping=282.39 T=102 d_init=94.1 d_final=0.0
 Retrying in 1 seconds
[shaping_diag] success_cum_shaping=282.39 T=103 d_init=94.1 d_final=0.0
 Retrying in 1 seconds
[shaping_diag] success_cum_shaping=282.39 T=102 d_init=94.1 d_final=0.0
 Retrying in 1 seconds
[shaping_diag] success_cum_shaping=282.39 T=103 d_init=94.1 d_final=0.0
 Retrying in 1 seconds
[shaping_diag] success_cum_shaping=282.39 T=103 d_init=94.1 d_final=0.0
 Retrying in 1 seconds
[shaping_diag] success_cum_shaping=282.39 T=103 d_init=94.1 d_final=0.0
 Retrying in 1 seconds
[shaping_diag] success_cum_shaping=282.39 T=102 d_init=94.1 d_final=0.0
 Retrying in 1 seconds
[shaping_diag] success_cum_shaping=282.39 T=103 d_init=94.1 d_final=0.0
 Retrying in 1 seconds
[shaping_diag] success_cum_shaping=282.39 T=103 d_init=94.1 d_final=0.0
 Retrying in 1 seconds
[shaping_diag] success_cum_shaping=282.39 T=102 d_init=94.1 d_final=0.0
 Retrying in 1 seconds
[shaping_diag] success_cum_shaping=282.39 T=102 d_init=94.1 d_final=0.0
 Retrying in 1 seconds
[shaping_diag] success_cum_shaping=282.39 T=102 d_init=94.1 d_final=0.0
 Retrying in 1 seconds
[shaping_diag] success_cum_shaping=282.39 T=103 d_init=94.1 d_final=0.0
 Retrying in 1 seconds
[shaping_diag] success_cum_shaping=282.39 T=102 d_init=94.1 d_final=0.0
 Retrying in 1 seconds
[shaping_diag] success_cum_shaping=282.39 T=103 d_init=94.1 d_final=0.0
  step=400000: return=+408.14, coll=0.03, score=404.81
 Retrying in 1 seconds
[shaping_diag] success_cum_shaping=282.39 T=102 d_init=94.1 d_final=0.0
Warning: Vehicle 'other' performs emergency braking on lane ':center_8_0' with decel=9.00, wished=7.00, severity=1.00, time=7.10.
 Retrying in 1 seconds
[shaping_diag] success_cum_shaping=282.39 T=102 d_init=94.1 d_final=0.0
 Retrying in 1 seconds
[shaping_diag] success_cum_shaping=282.39 T=102 d_init=94.1 d_final=0.0
 Retrying in 1 seconds
[shaping_diag] success_cum_shaping=282.39 T=103 d_init=94.1 d_final=0.0
 Retrying in 1 seconds
[shaping_diag] success_cum_shaping=282.39 T=103 d_init=94.1 d_final=0.0
 Retrying in 1 seconds
[shaping_diag] success_cum_shaping=282.39 T=102 d_init=94.1 d_final=0.0
 Retrying in 1 seconds
[shaping_diag] success_cum_shaping=282.39 T=103 d_init=94.1 d_final=0.0
 Retrying in 1 seconds
[shaping_diag] success_cum_shaping=282.39 T=102 d_init=94.1 d_final=0.0
 Retrying in 1 seconds
[shaping_diag] success_cum_shaping=282.39 T=102 d_init=94.1 d_final=0.0
 Retrying in 1 seconds
[shaping_diag] success_cum_shaping=282.39 T=102 d_init=94.1 d_final=0.0
 Retrying in 1 seconds
[shaping_diag] success_cum_shaping=282.39 T=103 d_init=94.1 d_final=0.0
Warning: Vehicle 'ego'; junction collision with vehicle 'other', lane=':center_4_0', gap=-1.00, time=7.50 stage=move.
 Retrying in 1 seconds
 Retrying in 1 seconds
[shaping_diag] success_cum_shaping=282.39 T=102 d_init=94.1 d_final=0.0
 Retrying in 1 seconds
[shaping_diag] success_cum_shaping=282.39 T=102 d_init=94.1 d_final=0.0
 Retrying in 1 seconds
[shaping_diag] success_cum_shaping=282.39 T=102 d_init=94.1 d_final=0.0
 Retrying in 1 seconds
[shaping_diag] success_cum_shaping=282.39 T=102 d_init=94.1 d_final=0.0
 Retrying in 1 seconds
[shaping_diag] success_cum_shaping=282.39 T=103 d_init=94.1 d_final=0.0
 Retrying in 1 seconds
[shaping_diag] success_cum_shaping=282.39 T=102 d_init=94.1 d_final=0.0
 Retrying in 1 seconds
[shaping_diag] success_cum_shaping=282.39 T=103 d_init=94.1 d_final=0.0
 Retrying in 1 seconds
[shaping_diag] success_cum_shaping=282.39 T=103 d_init=94.1 d_final=0.0
 Retrying in 1 seconds
[shaping_diag] success_cum_shaping=282.39 T=103 d_init=94.1 d_final=0.0
 Retrying in 1 seconds
[shaping_diag] success_cum_shaping=282.39 T=102 d_init=94.1 d_final=0.0
 Retrying in 1 seconds
[shaping_diag] success_cum_shaping=282.39 T=103 d_init=94.1 d_final=0.0
 Retrying in 1 seconds
[shaping_diag] success_cum_shaping=282.39 T=103 d_init=94.1 d_final=0.0
 Retrying in 1 seconds
[shaping_diag] success_cum_shaping=282.39 T=102 d_init=94.1 d_final=0.0
 Retrying in 1 seconds
[shaping_diag] success_cum_shaping=282.39 T=102 d_init=94.1 d_final=0.0
 Retrying in 1 seconds
[shaping_diag] success_cum_shaping=282.39 T=102 d_init=94.1 d_final=0.0
 Retrying in 1 seconds
[shaping_diag] success_cum_shaping=282.39 T=103 d_init=94.1 d_final=0.0
 Retrying in 1 seconds
[shaping_diag] success_cum_shaping=282.39 T=102 d_init=94.1 d_final=0.0
 Retrying in 1 seconds
[shaping_diag] success_cum_shaping=282.39 T=103 d_init=94.1 d_final=0.0
  step=final: return=+408.14, coll=0.03, score=404.81
  Keeping final checkpoint (best_step=300000, margin=0.28)
Training complete. Metrics in results/ablation/tier1/1a_stem_right_cbf_aux_intent_s456/train_cbf_aux_1a_stem_right.csv
=== EVAL ===
Warning: Vehicle 'other' performs emergency braking on lane ':center_8_0' with decel=9.00, wished=6.00, severity=1.00, time=7.10.
Eval seed=1456 [deterministic]...
 Retrying in 1 seconds
[shaping_diag] success_cum_shaping=282.39 T=102 d_init=94.1 d_final=0.0
 Retrying in 1 seconds
[shaping_diag] success_cum_shaping=282.39 T=102 d_init=94.1 d_final=0.0
 Retrying in 1 seconds
[shaping_diag] success_cum_shaping=282.39 T=102 d_init=94.1 d_final=0.0
 Retrying in 1 seconds
[shaping_diag] success_cum_shaping=282.39 T=103 d_init=94.1 d_final=0.0
 Retrying in 1 seconds
[shaping_diag] success_cum_shaping=282.39 T=102 d_init=94.1 d_final=0.0
 Retrying in 1 seconds
[shaping_diag] success_cum_shaping=282.39 T=103 d_init=94.1 d_final=0.0
 Retrying in 1 seconds
[shaping_diag] success_cum_shaping=282.39 T=103 d_init=94.1 d_final=0.0
 Retrying in 1 seconds
[shaping_diag] success_cum_shaping=282.39 T=102 d_init=94.1 d_final=0.0
Warning: Vehicle 'other' performs emergency braking on lane ':center_8_0' with decel=9.00, wished=7.00, severity=1.00, time=7.10.
 Retrying in 1 seconds
[shaping_diag] success_cum_shaping=282.39 T=102 d_init=94.1 d_final=0.0
 Retrying in 1 seconds
[shaping_diag] success_cum_shaping=282.39 T=102 d_init=94.1 d_final=0.0
 Retrying in 1 seconds
[shaping_diag] success_cum_shaping=282.39 T=102 d_init=94.1 d_final=0.0
 Retrying in 1 seconds
[shaping_diag] success_cum_shaping=282.39 T=103 d_init=94.1 d_final=0.0
 Retrying in 1 seconds
[shaping_diag] success_cum_shaping=282.39 T=103 d_init=94.1 d_final=0.0
 Retrying in 1 seconds
[shaping_diag] success_cum_shaping=282.39 T=103 d_init=94.1 d_final=0.0
 Retrying in 1 seconds
[shaping_diag] success_cum_shaping=282.39 T=103 d_init=94.1 d_final=0.0
 Retrying in 1 seconds
[shaping_diag] success_cum_shaping=282.39 T=103 d_init=94.1 d_final=0.0
 Retrying in 1 seconds
[shaping_diag] success_cum_shaping=282.39 T=102 d_init=94.1 d_final=0.0
Warning: Vehicle 'other' performs emergency braking on lane ':center_8_0' with decel=9.00, wished=5.00, severity=1.00, time=7.10.
 Retrying in 1 seconds
[shaping_diag] success_cum_shaping=282.39 T=102 d_init=94.1 d_final=0.0
 Retrying in 1 seconds
[shaping_diag] success_cum_shaping=282.39 T=103 d_init=94.1 d_final=0.0
 Retrying in 1 seconds
[shaping_diag] success_cum_shaping=282.39 T=102 d_init=94.1 d_final=0.0
 Retrying in 1 seconds
[shaping_diag] success_cum_shaping=282.39 T=102 d_init=94.1 d_final=0.0
 Retrying in 1 seconds
[shaping_diag] success_cum_shaping=282.39 T=103 d_init=94.1 d_final=0.0
 Retrying in 1 seconds
[shaping_diag] success_cum_shaping=282.39 T=102 d_init=94.1 d_final=0.0
 Retrying in 1 seconds
[shaping_diag] success_cum_shaping=282.39 T=103 d_init=94.1 d_final=0.0
 Retrying in 1 seconds
[shaping_diag] success_cum_shaping=282.39 T=102 d_init=94.1 d_final=0.0
 Retrying in 1 seconds
[shaping_diag] success_cum_shaping=282.39 T=102 d_init=94.1 d_final=0.0
Warning: Vehicle 'ego'; collision with vehicle 'other', lane='right_out_0', gap=-0.26, time=7.60 stage=move.
 Retrying in 1 seconds
 Retrying in 1 seconds
[shaping_diag] success_cum_shaping=282.39 T=103 d_init=94.1 d_final=0.0
 Retrying in 1 seconds
[shaping_diag] success_cum_shaping=282.39 T=102 d_init=94.1 d_final=0.0
 Retrying in 1 seconds
[shaping_diag] success_cum_shaping=282.39 T=103 d_init=94.1 d_final=0.0
 Retrying in 1 seconds
[shaping_diag] success_cum_shaping=282.39 T=103 d_init=94.1 d_final=0.0
 Retrying in 1 seconds
[shaping_diag] success_cum_shaping=282.39 T=102 d_init=94.1 d_final=0.0
 Retrying in 1 seconds
[shaping_diag] success_cum_shaping=282.39 T=102 d_init=94.1 d_final=0.0
 Retrying in 1 seconds
[shaping_diag] success_cum_shaping=282.39 T=103 d_init=94.1 d_final=0.0
 Retrying in 1 seconds
[shaping_diag] success_cum_shaping=282.39 T=103 d_init=94.1 d_final=0.0
 Retrying in 1 seconds
[shaping_diag] success_cum_shaping=282.39 T=102 d_init=94.1 d_final=0.0
 Retrying in 1 seconds
[shaping_diag] success_cum_shaping=282.39 T=103 d_init=94.1 d_final=0.0
 Retrying in 1 seconds
[shaping_diag] success_cum_shaping=282.39 T=102 d_init=94.1 d_final=0.0
 Retrying in 1 seconds
[shaping_diag] success_cum_shaping=282.39 T=102 d_init=94.1 d_final=0.0
 Retrying in 1 seconds
[shaping_diag] success_cum_shaping=282.39 T=103 d_init=94.1 d_final=0.0
 Retrying in 1 seconds
[shaping_diag] success_cum_shaping=282.39 T=102 d_init=94.1 d_final=0.0
 Retrying in 1 seconds
[shaping_diag] success_cum_shaping=282.39 T=103 d_init=94.1 d_final=0.0
 Retrying in 1 seconds
[shaping_diag] success_cum_shaping=282.39 T=103 d_init=94.1 d_final=0.0
 Retrying in 1 seconds
[shaping_diag] success_cum_shaping=282.39 T=103 d_init=94.1 d_final=0.0
 Retrying in 1 seconds
[shaping_diag] success_cum_shaping=282.39 T=102 d_init=94.1 d_final=0.0
 Retrying in 1 seconds
[shaping_diag] success_cum_shaping=282.39 T=102 d_init=94.1 d_final=0.0
 Retrying in 1 seconds
[shaping_diag] success_cum_shaping=282.39 T=103 d_init=94.1 d_final=0.0
 Retrying in 1 seconds
[shaping_diag] success_cum_shaping=282.39 T=103 d_init=94.1 d_final=0.0
 Retrying in 1 seconds
[shaping_diag] success_cum_shaping=282.39 T=102 d_init=94.1 d_final=0.0
 Retrying in 1 seconds
[shaping_diag] success_cum_shaping=282.39 T=103 d_init=94.1 d_final=0.0
 Retrying in 1 seconds
[shaping_diag] success_cum_shaping=282.39 T=102 d_init=94.1 d_final=0.0
 Retrying in 1 seconds
[shaping_diag] success_cum_shaping=282.39 T=103 d_init=94.1 d_final=0.0
 Retrying in 1 seconds
[shaping_diag] success_cum_shaping=282.39 T=103 d_init=94.1 d_final=0.0
 Retrying in 1 seconds
[shaping_diag] success_cum_shaping=282.39 T=102 d_init=94.1 d_final=0.0
 Retrying in 1 seconds
[shaping_diag] success_cum_shaping=282.39 T=102 d_init=94.1 d_final=0.0
 Retrying in 1 seconds
[shaping_diag] success_cum_shaping=282.39 T=103 d_init=94.1 d_final=0.0
 Retrying in 1 seconds
[shaping_diag] success_cum_shaping=282.39 T=102 d_init=94.1 d_final=0.0
 Retrying in 1 seconds
[shaping_diag] success_cum_shaping=282.39 T=103 d_init=94.1 d_final=0.0
 Retrying in 1 seconds
[shaping_diag] success_cum_shaping=282.39 T=102 d_init=94.1 d_final=0.0
 Retrying in 1 seconds
[shaping_diag] success_cum_shaping=282.39 T=102 d_init=94.1 d_final=0.0
 Retrying in 1 seconds
[shaping_diag] success_cum_shaping=282.39 T=102 d_init=94.1 d_final=0.0
 Retrying in 1 seconds
[shaping_diag] success_cum_shaping=282.39 T=103 d_init=94.1 d_final=0.0
 Retrying in 1 seconds
[shaping_diag] success_cum_shaping=282.39 T=102 d_init=94.1 d_final=0.0
 Retrying in 1 seconds
[shaping_diag] success_cum_shaping=282.39 T=103 d_init=94.1 d_final=0.0
 Retrying in 1 seconds
[shaping_diag] success_cum_shaping=282.39 T=102 d_init=94.1 d_final=0.0
 Retrying in 1 seconds
[shaping_diag] success_cum_shaping=282.39 T=102 d_init=94.1 d_final=0.0
 Retrying in 1 seconds
[shaping_diag] success_cum_shaping=282.39 T=102 d_init=94.1 d_final=0.0
 Retrying in 1 seconds
[shaping_diag] success_cum_shaping=282.39 T=102 d_init=94.1 d_final=0.0
 Retrying in 1 seconds
[shaping_diag] success_cum_shaping=282.39 T=102 d_init=94.1 d_final=0.0
 Retrying in 1 seconds
[shaping_diag] success_cum_shaping=282.39 T=102 d_init=94.1 d_final=0.0
 Retrying in 1 seconds
[shaping_diag] success_cum_shaping=282.39 T=102 d_init=94.1 d_final=0.0
 Retrying in 1 seconds
[shaping_diag] success_cum_shaping=282.39 T=102 d_init=94.1 d_final=0.0
 Retrying in 1 seconds
[shaping_diag] success_cum_shaping=282.39 T=102 d_init=94.1 d_final=0.0
 Retrying in 1 seconds
[shaping_diag] success_cum_shaping=282.39 T=102 d_init=94.1 d_final=0.0
 Retrying in 1 seconds
[shaping_diag] success_cum_shaping=282.39 T=103 d_init=94.1 d_final=0.0
 Retrying in 1 seconds
[shaping_diag] success_cum_shaping=282.39 T=103 d_init=94.1 d_final=0.0
 Retrying in 1 seconds
[shaping_diag] success_cum_shaping=282.39 T=102 d_init=94.1 d_final=0.0
Warning: Vehicle 'other' performs emergency braking on lane ':center_8_0' with decel=9.00, wished=6.00, severity=1.00, time=7.10.
 Retrying in 1 seconds
[shaping_diag] success_cum_shaping=282.39 T=103 d_init=94.1 d_final=0.0
 Retrying in 1 seconds
[shaping_diag] success_cum_shaping=282.39 T=103 d_init=94.1 d_final=0.0
Warning: Vehicle 'other' performs emergency braking on lane ':center_8_0' with decel=9.00, wished=5.00, severity=1.00, time=7.10.
 Retrying in 1 seconds
[shaping_diag] success_cum_shaping=282.39 T=102 d_init=94.1 d_final=0.0
 Retrying in 1 seconds
[shaping_diag] success_cum_shaping=282.39 T=102 d_init=94.1 d_final=0.0
 Retrying in 1 seconds
[shaping_diag] success_cum_shaping=282.39 T=103 d_init=94.1 d_final=0.0
 Retrying in 1 seconds
[shaping_diag] success_cum_shaping=282.39 T=102 d_init=94.1 d_final=0.0
 Retrying in 1 seconds
[shaping_diag] success_cum_shaping=282.39 T=103 d_init=94.1 d_final=0.0
 Retrying in 1 seconds
[shaping_diag] success_cum_shaping=282.39 T=102 d_init=94.1 d_final=0.0
 Retrying in 1 seconds
[shaping_diag] success_cum_shaping=282.39 T=103 d_init=94.1 d_final=0.0
 Retrying in 1 seconds
[shaping_diag] success_cum_shaping=282.39 T=103 d_init=94.1 d_final=0.0
 Retrying in 1 seconds
[shaping_diag] success_cum_shaping=282.39 T=102 d_init=94.1 d_final=0.0
 Retrying in 1 seconds
[shaping_diag] success_cum_shaping=282.39 T=102 d_init=94.1 d_final=0.0
 Retrying in 1 seconds
[shaping_diag] success_cum_shaping=282.39 T=103 d_init=94.1 d_final=0.0
 Retrying in 1 seconds
[shaping_diag] success_cum_shaping=282.39 T=103 d_init=94.1 d_final=0.0
 Retrying in 1 seconds
[shaping_diag] success_cum_shaping=282.39 T=103 d_init=94.1 d_final=0.0
 Retrying in 1 seconds
[shaping_diag] success_cum_shaping=282.39 T=102 d_init=94.1 d_final=0.0
 Retrying in 1 seconds
[shaping_diag] success_cum_shaping=282.39 T=102 d_init=94.1 d_final=0.0
 Retrying in 1 seconds
[shaping_diag] success_cum_shaping=282.39 T=103 d_init=94.1 d_final=0.0
 Retrying in 1 seconds
[shaping_diag] success_cum_shaping=282.39 T=103 d_init=94.1 d_final=0.0
 Retrying in 1 seconds
[shaping_diag] success_cum_shaping=282.39 T=102 d_init=94.1 d_final=0.0
 Retrying in 1 seconds
[shaping_diag] success_cum_shaping=282.39 T=102 d_init=94.1 d_final=0.0
 Retrying in 1 seconds
[shaping_diag] success_cum_shaping=282.39 T=102 d_init=94.1 d_final=0.0
 Retrying in 1 seconds
[shaping_diag] success_cum_shaping=282.39 T=102 d_init=94.1 d_final=0.0
Warning: Vehicle 'ego'; junction collision with vehicle 'other', lane=':center_4_0', gap=-1.00, time=7.70 stage=move.
  return=416.52 coll=0.010 success=0.990 ttc=6.11 ent=0.25 brakes=1.0
Eval seed=1456 [stochastic]...
 Retrying in 1 seconds
 Retrying in 1 seconds
[shaping_diag] success_cum_shaping=282.39 T=102 d_init=94.1 d_final=0.0
 Retrying in 1 seconds
[shaping_diag] success_cum_shaping=282.39 T=102 d_init=94.1 d_final=0.0
 Retrying in 1 seconds
[shaping_diag] success_cum_shaping=282.39 T=104 d_init=94.1 d_final=0.0
 Retrying in 1 seconds
[shaping_diag] success_cum_shaping=282.39 T=102 d_init=94.1 d_final=0.0
 Retrying in 1 seconds
[shaping_diag] success_cum_shaping=282.39 T=103 d_init=94.1 d_final=0.0
 Retrying in 1 seconds
[shaping_diag] success_cum_shaping=282.39 T=104 d_init=94.1 d_final=0.0
 Retrying in 1 seconds
[shaping_diag] success_cum_shaping=282.39 T=104 d_init=94.1 d_final=0.0
Warning: Vehicle 'ego'; collision with vehicle 'other', lane='right_out_0', gap=-0.78, time=8.20 stage=move.
 Retrying in 1 seconds
 Retrying in 1 seconds
[shaping_diag] success_cum_shaping=282.39 T=103 d_init=94.1 d_final=0.0
 Retrying in 1 seconds
[shaping_diag] success_cum_shaping=282.39 T=103 d_init=94.1 d_final=0.0
 Retrying in 1 seconds
[shaping_diag] success_cum_shaping=282.39 T=103 d_init=94.1 d_final=0.0
 Retrying in 1 seconds
[shaping_diag] success_cum_shaping=282.39 T=103 d_init=94.1 d_final=0.0
 Retrying in 1 seconds
[shaping_diag] success_cum_shaping=282.39 T=103 d_init=94.1 d_final=0.0
 Retrying in 1 seconds
[shaping_diag] success_cum_shaping=282.39 T=104 d_init=94.1 d_final=0.0
 Retrying in 1 seconds
[shaping_diag] success_cum_shaping=282.39 T=103 d_init=94.1 d_final=0.0
Warning: Vehicle 'other' performs emergency braking on lane ':center_8_0' with decel=9.00, wished=5.00, severity=1.00, time=7.30.
 Retrying in 1 seconds
[shaping_diag] success_cum_shaping=282.39 T=106 d_init=94.1 d_final=0.0
Warning: Vehicle 'other' performs emergency braking on lane ':center_8_0' with decel=9.00, wished=5.00, severity=1.00, time=7.30.
Warning: Vehicle 'ego'; junction collision with vehicle 'other', lane=':center_4_0', gap=-1.00, time=7.60 stage=move.
 Retrying in 1 seconds
 Retrying in 1 seconds
[shaping_diag] success_cum_shaping=282.39 T=102 d_init=94.1 d_final=0.0
 Retrying in 1 seconds
[shaping_diag] success_cum_shaping=282.39 T=104 d_init=94.1 d_final=0.0
 Retrying in 1 seconds
[shaping_diag] success_cum_shaping=282.39 T=103 d_init=94.1 d_final=0.0
 Retrying in 1 seconds
[shaping_diag] success_cum_shaping=282.39 T=103 d_init=94.1 d_final=0.0
 Retrying in 1 seconds
[shaping_diag] success_cum_shaping=282.39 T=103 d_init=94.1 d_final=0.0
 Retrying in 1 seconds
[shaping_diag] success_cum_shaping=282.39 T=106 d_init=94.1 d_final=0.0
 Retrying in 1 seconds
[shaping_diag] success_cum_shaping=282.39 T=103 d_init=94.1 d_final=0.0
 Retrying in 1 seconds
[shaping_diag] success_cum_shaping=282.39 T=104 d_init=94.1 d_final=0.0
 Retrying in 1 seconds
[shaping_diag] success_cum_shaping=282.39 T=115 d_init=94.1 d_final=0.0
 Retrying in 1 seconds
[shaping_diag] success_cum_shaping=282.39 T=107 d_init=94.1 d_final=0.0
 Retrying in 1 seconds
[shaping_diag] success_cum_shaping=282.39 T=103 d_init=94.1 d_final=0.0
 Retrying in 1 seconds
[shaping_diag] success_cum_shaping=282.39 T=105 d_init=94.1 d_final=0.0
 Retrying in 1 seconds
[shaping_diag] success_cum_shaping=282.39 T=103 d_init=94.1 d_final=0.0
 Retrying in 1 seconds
[shaping_diag] success_cum_shaping=282.39 T=102 d_init=94.1 d_final=0.0
 Retrying in 1 seconds
[shaping_diag] success_cum_shaping=282.39 T=103 d_init=94.1 d_final=0.0
 Retrying in 1 seconds
[shaping_diag] success_cum_shaping=282.39 T=105 d_init=94.1 d_final=0.0
 Retrying in 1 seconds
[shaping_diag] success_cum_shaping=282.39 T=103 d_init=94.1 d_final=0.0
 Retrying in 1 seconds
[shaping_diag] success_cum_shaping=282.39 T=103 d_init=94.1 d_final=0.0
 Retrying in 1 seconds
[shaping_diag] success_cum_shaping=282.39 T=102 d_init=94.1 d_final=0.0
 Retrying in 1 seconds
[shaping_diag] success_cum_shaping=282.39 T=103 d_init=94.1 d_final=0.0
 Retrying in 1 seconds
[shaping_diag] success_cum_shaping=282.39 T=103 d_init=94.1 d_final=0.0
 Retrying in 1 seconds
[shaping_diag] success_cum_shaping=282.39 T=104 d_init=94.1 d_final=0.0
 Retrying in 1 seconds
[shaping_diag] success_cum_shaping=282.39 T=104 d_init=94.1 d_final=0.0
 Retrying in 1 seconds
[shaping_diag] success_cum_shaping=282.39 T=104 d_init=94.1 d_final=0.0
 Retrying in 1 seconds
[shaping_diag] success_cum_shaping=282.39 T=103 d_init=94.1 d_final=0.0
 Retrying in 1 seconds
[shaping_diag] success_cum_shaping=282.39 T=103 d_init=94.1 d_final=0.0
 Retrying in 1 seconds
[shaping_diag] success_cum_shaping=282.39 T=104 d_init=94.1 d_final=0.0
 Retrying in 1 seconds
[shaping_diag] success_cum_shaping=282.39 T=103 d_init=94.1 d_final=0.0
 Retrying in 1 seconds
[shaping_diag] success_cum_shaping=282.39 T=104 d_init=94.1 d_final=0.0
 Retrying in 1 seconds
[shaping_diag] success_cum_shaping=282.39 T=104 d_init=94.1 d_final=0.0
 Retrying in 1 seconds
[shaping_diag] success_cum_shaping=282.39 T=103 d_init=94.1 d_final=0.0
 Retrying in 1 seconds
[shaping_diag] success_cum_shaping=282.39 T=103 d_init=94.1 d_final=0.0
 Retrying in 1 seconds
[shaping_diag] success_cum_shaping=282.39 T=102 d_init=94.1 d_final=0.0
 Retrying in 1 seconds
[shaping_diag] success_cum_shaping=282.39 T=103 d_init=94.1 d_final=0.0
 Retrying in 1 seconds
[shaping_diag] success_cum_shaping=282.39 T=104 d_init=94.1 d_final=0.0
 Retrying in 1 seconds
[shaping_diag] success_cum_shaping=282.39 T=103 d_init=94.1 d_final=0.0
 Retrying in 1 seconds
[shaping_diag] success_cum_shaping=282.39 T=104 d_init=94.1 d_final=0.0
 Retrying in 1 seconds
[shaping_diag] success_cum_shaping=282.39 T=103 d_init=94.1 d_final=0.0
 Retrying in 1 seconds
[shaping_diag] success_cum_shaping=282.39 T=104 d_init=94.1 d_final=0.0
 Retrying in 1 seconds
[shaping_diag] success_cum_shaping=282.39 T=103 d_init=94.1 d_final=0.0
 Retrying in 1 seconds
[shaping_diag] success_cum_shaping=282.39 T=104 d_init=94.1 d_final=0.0
 Retrying in 1 seconds
[shaping_diag] success_cum_shaping=282.39 T=103 d_init=94.1 d_final=0.0
 Retrying in 1 seconds
[shaping_diag] success_cum_shaping=282.39 T=103 d_init=94.1 d_final=0.0
 Retrying in 1 seconds
[shaping_diag] success_cum_shaping=282.39 T=105 d_init=94.1 d_final=0.0
 Retrying in 1 seconds
[shaping_diag] success_cum_shaping=282.39 T=103 d_init=94.1 d_final=0.0
 Retrying in 1 seconds
[shaping_diag] success_cum_shaping=282.39 T=103 d_init=94.1 d_final=0.0
 Retrying in 1 seconds
[shaping_diag] success_cum_shaping=282.39 T=103 d_init=94.1 d_final=0.0
 Retrying in 1 seconds
[shaping_diag] success_cum_shaping=282.39 T=103 d_init=94.1 d_final=0.0
 Retrying in 1 seconds
[shaping_diag] success_cum_shaping=282.39 T=103 d_init=94.1 d_final=0.0
 Retrying in 1 seconds
[shaping_diag] success_cum_shaping=282.39 T=102 d_init=94.1 d_final=0.0
 Retrying in 1 seconds
[shaping_diag] success_cum_shaping=282.39 T=102 d_init=94.1 d_final=0.0
 Retrying in 1 seconds
[shaping_diag] success_cum_shaping=282.39 T=103 d_init=94.1 d_final=0.0
 Retrying in 1 seconds
[shaping_diag] success_cum_shaping=282.39 T=102 d_init=94.1 d_final=0.0
 Retrying in 1 seconds
[shaping_diag] success_cum_shaping=282.39 T=103 d_init=94.1 d_final=0.0
 Retrying in 1 seconds
[shaping_diag] success_cum_shaping=282.39 T=104 d_init=94.1 d_final=0.0
 Retrying in 1 seconds
[shaping_diag] success_cum_shaping=282.39 T=108 d_init=94.1 d_final=0.0
 Retrying in 1 seconds
[shaping_diag] success_cum_shaping=282.39 T=103 d_init=94.1 d_final=0.0
 Retrying in 1 seconds
[shaping_diag] success_cum_shaping=282.39 T=105 d_init=94.1 d_final=0.0
 Retrying in 1 seconds
[shaping_diag] success_cum_shaping=282.39 T=102 d_init=94.1 d_final=0.0
Warning: Vehicle 'other' performs emergency braking on lane ':center_8_0' with decel=9.00, wished=6.00, severity=1.00, time=7.30.
 Retrying in 1 seconds
 Retrying in 1 seconds
[shaping_diag] success_cum_shaping=282.39 T=103 d_init=94.1 d_final=0.0
Warning: Vehicle 'ego'; junction collision with vehicle 'other', lane=':center_4_0', gap=-1.00, time=7.80 stage=move.
 Retrying in 1 seconds
 Retrying in 1 seconds
[shaping_diag] success_cum_shaping=282.39 T=103 d_init=94.1 d_final=0.0
 Retrying in 1 seconds
[shaping_diag] success_cum_shaping=282.39 T=103 d_init=94.1 d_final=0.0
 Retrying in 1 seconds
[shaping_diag] success_cum_shaping=282.39 T=102 d_init=94.1 d_final=0.0
 Retrying in 1 seconds
[shaping_diag] success_cum_shaping=282.39 T=103 d_init=94.1 d_final=0.0
 Retrying in 1 seconds
[shaping_diag] success_cum_shaping=282.39 T=102 d_init=94.1 d_final=0.0
 Retrying in 1 seconds
[shaping_diag] success_cum_shaping=282.39 T=103 d_init=94.1 d_final=0.0
 Retrying in 1 seconds
[shaping_diag] success_cum_shaping=282.39 T=103 d_init=94.1 d_final=0.0
 Retrying in 1 seconds
[shaping_diag] success_cum_shaping=282.39 T=103 d_init=94.1 d_final=0.0
 Retrying in 1 seconds
[shaping_diag] success_cum_shaping=282.39 T=103 d_init=94.1 d_final=0.0
 Retrying in 1 seconds
[shaping_diag] success_cum_shaping=282.39 T=103 d_init=94.1 d_final=0.0
 Retrying in 1 seconds
[shaping_diag] success_cum_shaping=282.39 T=103 d_init=94.1 d_final=0.0
 Retrying in 1 seconds
[shaping_diag] success_cum_shaping=282.39 T=103 d_init=94.1 d_final=0.0
 Retrying in 1 seconds
[shaping_diag] success_cum_shaping=282.39 T=103 d_init=94.1 d_final=0.0
 Retrying in 1 seconds
[shaping_diag] success_cum_shaping=282.39 T=103 d_init=94.1 d_final=0.0
 Retrying in 1 seconds
[shaping_diag] success_cum_shaping=282.39 T=103 d_init=94.1 d_final=0.0
 Retrying in 1 seconds
[shaping_diag] success_cum_shaping=282.39 T=103 d_init=94.1 d_final=0.0
 Retrying in 1 seconds
[shaping_diag] success_cum_shaping=282.39 T=102 d_init=94.1 d_final=0.0
 Retrying in 1 seconds
[shaping_diag] success_cum_shaping=282.39 T=103 d_init=94.1 d_final=0.0
 Retrying in 1 seconds
[shaping_diag] success_cum_shaping=282.39 T=108 d_init=94.1 d_final=0.0
 Retrying in 1 seconds
[shaping_diag] success_cum_shaping=282.39 T=103 d_init=94.1 d_final=0.0
  return=399.87 coll=0.050 success=0.950 ttc=6.12 ent=0.52 brakes=0.9
Eval seed=2456 [deterministic]...
 Retrying in 1 seconds
[shaping_diag] success_cum_shaping=282.39 T=102 d_init=94.1 d_final=0.0
 Retrying in 1 seconds
[shaping_diag] success_cum_shaping=282.39 T=102 d_init=94.1 d_final=0.0
 Retrying in 1 seconds
[shaping_diag] success_cum_shaping=282.39 T=103 d_init=94.1 d_final=0.0
 Retrying in 1 seconds
[shaping_diag] success_cum_shaping=282.39 T=102 d_init=94.1 d_final=0.0
 Retrying in 1 seconds
[shaping_diag] success_cum_shaping=282.39 T=103 d_init=94.1 d_final=0.0
 Retrying in 1 seconds
[shaping_diag] success_cum_shaping=282.39 T=103 d_init=94.1 d_final=0.0
 Retrying in 1 seconds
[shaping_diag] success_cum_shaping=282.39 T=103 d_init=94.1 d_final=0.0
 Retrying in 1 seconds
[shaping_diag] success_cum_shaping=282.39 T=102 d_init=94.1 d_final=0.0
 Retrying in 1 seconds
[shaping_diag] success_cum_shaping=282.39 T=103 d_init=94.1 d_final=0.0
 Retrying in 1 seconds
[shaping_diag] success_cum_shaping=282.39 T=103 d_init=94.1 d_final=0.0
 Retrying in 1 seconds
[shaping_diag] success_cum_shaping=282.39 T=102 d_init=94.1 d_final=0.0
 Retrying in 1 seconds
[shaping_diag] success_cum_shaping=282.39 T=103 d_init=94.1 d_final=0.0
 Retrying in 1 seconds
[shaping_diag] success_cum_shaping=282.39 T=102 d_init=94.1 d_final=0.0
 Retrying in 1 seconds
[shaping_diag] success_cum_shaping=282.39 T=102 d_init=94.1 d_final=0.0
 Retrying in 1 seconds
[shaping_diag] success_cum_shaping=282.39 T=102 d_init=94.1 d_final=0.0
 Retrying in 1 seconds
[shaping_diag] success_cum_shaping=282.39 T=102 d_init=94.1 d_final=0.0
 Retrying in 1 seconds
[shaping_diag] success_cum_shaping=282.39 T=103 d_init=94.1 d_final=0.0
 Retrying in 1 seconds
[shaping_diag] success_cum_shaping=282.39 T=102 d_init=94.1 d_final=0.0
 Retrying in 1 seconds
[shaping_diag] success_cum_shaping=282.39 T=103 d_init=94.1 d_final=0.0
Warning: Vehicle 'ego'; junction collision with vehicle 'other', lane=':center_4_0', gap=-1.00, time=7.10 stage=move.
Warning: Vehicle 'other' performs emergency braking on lane ':center_8_0' with decel=9.00, wished=7.00, severity=1.00, time=7.10.
 Retrying in 1 seconds
 Retrying in 1 seconds
 Retrying in 1 seconds
[shaping_diag] success_cum_shaping=282.39 T=103 d_init=94.1 d_final=0.0
 Retrying in 1 seconds
[shaping_diag] success_cum_shaping=282.39 T=102 d_init=94.1 d_final=0.0
 Retrying in 1 seconds
[shaping_diag] success_cum_shaping=282.39 T=102 d_init=94.1 d_final=0.0
 Retrying in 1 seconds
[shaping_diag] success_cum_shaping=282.39 T=103 d_init=94.1 d_final=0.0
 Retrying in 1 seconds
[shaping_diag] success_cum_shaping=282.39 T=102 d_init=94.1 d_final=0.0
 Retrying in 1 seconds
[shaping_diag] success_cum_shaping=282.39 T=103 d_init=94.1 d_final=0.0
 Retrying in 1 seconds
[shaping_diag] success_cum_shaping=282.39 T=103 d_init=94.1 d_final=0.0
 Retrying in 1 seconds
[shaping_diag] success_cum_shaping=282.39 T=102 d_init=94.1 d_final=0.0
 Retrying in 1 seconds
[shaping_diag] success_cum_shaping=282.39 T=102 d_init=94.1 d_final=0.0
 Retrying in 1 seconds
[shaping_diag] success_cum_shaping=282.39 T=102 d_init=94.1 d_final=0.0
 Retrying in 1 seconds
[shaping_diag] success_cum_shaping=282.39 T=103 d_init=94.1 d_final=0.0
 Retrying in 1 seconds
[shaping_diag] success_cum_shaping=282.39 T=102 d_init=94.1 d_final=0.0
 Retrying in 1 seconds
[shaping_diag] success_cum_shaping=282.39 T=103 d_init=94.1 d_final=0.0
 Retrying in 1 seconds
[shaping_diag] success_cum_shaping=282.39 T=103 d_init=94.1 d_final=0.0
 Retrying in 1 seconds
[shaping_diag] success_cum_shaping=282.39 T=102 d_init=94.1 d_final=0.0
 Retrying in 1 seconds
[shaping_diag] success_cum_shaping=282.39 T=102 d_init=94.1 d_final=0.0
 Retrying in 1 seconds
[shaping_diag] success_cum_shaping=282.39 T=102 d_init=94.1 d_final=0.0
 Retrying in 1 seconds
[shaping_diag] success_cum_shaping=282.39 T=102 d_init=94.1 d_final=0.0
 Retrying in 1 seconds
[shaping_diag] success_cum_shaping=282.39 T=103 d_init=94.1 d_final=0.0
 Retrying in 1 seconds
[shaping_diag] success_cum_shaping=282.39 T=103 d_init=94.1 d_final=0.0
 Retrying in 1 seconds
[shaping_diag] success_cum_shaping=282.39 T=102 d_init=94.1 d_final=0.0
 Retrying in 1 seconds
[shaping_diag] success_cum_shaping=282.39 T=103 d_init=94.1 d_final=0.0
 Retrying in 1 seconds
[shaping_diag] success_cum_shaping=282.39 T=103 d_init=94.1 d_final=0.0
 Retrying in 1 seconds
[shaping_diag] success_cum_shaping=282.39 T=102 d_init=94.1 d_final=0.0
 Retrying in 1 seconds
[shaping_diag] success_cum_shaping=282.39 T=102 d_init=94.1 d_final=0.0
 Retrying in 1 seconds
[shaping_diag] success_cum_shaping=282.39 T=102 d_init=94.1 d_final=0.0
 Retrying in 1 seconds
[shaping_diag] success_cum_shaping=282.39 T=102 d_init=94.1 d_final=0.0
 Retrying in 1 seconds
[shaping_diag] success_cum_shaping=282.39 T=103 d_init=94.1 d_final=0.0
 Retrying in 1 seconds
[shaping_diag] success_cum_shaping=282.39 T=103 d_init=94.1 d_final=0.0
 Retrying in 1 seconds
[shaping_diag] success_cum_shaping=282.39 T=102 d_init=94.1 d_final=0.0
 Retrying in 1 seconds
[shaping_diag] success_cum_shaping=282.39 T=102 d_init=94.1 d_final=0.0
 Retrying in 1 seconds
[shaping_diag] success_cum_shaping=282.39 T=102 d_init=94.1 d_final=0.0
 Retrying in 1 seconds
[shaping_diag] success_cum_shaping=282.39 T=102 d_init=94.1 d_final=0.0
 Retrying in 1 seconds
[shaping_diag] success_cum_shaping=282.39 T=102 d_init=94.1 d_final=0.0
 Retrying in 1 seconds
[shaping_diag] success_cum_shaping=282.39 T=103 d_init=94.1 d_final=0.0
 Retrying in 1 seconds
[shaping_diag] success_cum_shaping=282.39 T=102 d_init=94.1 d_final=0.0
 Retrying in 1 seconds
[shaping_diag] success_cum_shaping=282.39 T=103 d_init=94.1 d_final=0.0
 Retrying in 1 seconds
[shaping_diag] success_cum_shaping=282.39 T=103 d_init=94.1 d_final=0.0
 Retrying in 1 seconds
[shaping_diag] success_cum_shaping=282.39 T=103 d_init=94.1 d_final=0.0
 Retrying in 1 seconds
[shaping_diag] success_cum_shaping=282.39 T=102 d_init=94.1 d_final=0.0
 Retrying in 1 seconds
[shaping_diag] success_cum_shaping=282.39 T=103 d_init=94.1 d_final=0.0
 Retrying in 1 seconds
[shaping_diag] success_cum_shaping=282.39 T=103 d_init=94.1 d_final=0.0
Warning: Vehicle 'ego'; junction collision with vehicle 'other', lane=':center_4_0', gap=-1.00, time=7.50 stage=move.
 Retrying in 1 seconds
 Retrying in 1 seconds
[shaping_diag] success_cum_shaping=282.39 T=102 d_init=94.1 d_final=0.0
 Retrying in 1 seconds
[shaping_diag] success_cum_shaping=282.39 T=103 d_init=94.1 d_final=0.0
 Retrying in 1 seconds
[shaping_diag] success_cum_shaping=282.39 T=102 d_init=94.1 d_final=0.0
 Retrying in 1 seconds
[shaping_diag] success_cum_shaping=282.39 T=102 d_init=94.1 d_final=0.0
 Retrying in 1 seconds
[shaping_diag] success_cum_shaping=282.39 T=102 d_init=94.1 d_final=0.0
 Retrying in 1 seconds
[shaping_diag] success_cum_shaping=282.39 T=102 d_init=94.1 d_final=0.0
 Retrying in 1 seconds
[shaping_diag] success_cum_shaping=282.39 T=102 d_init=94.1 d_final=0.0
 Retrying in 1 seconds
[shaping_diag] success_cum_shaping=282.39 T=102 d_init=94.1 d_final=0.0
 Retrying in 1 seconds
[shaping_diag] success_cum_shaping=282.39 T=103 d_init=94.1 d_final=0.0
Warning: Vehicle 'other' performs emergency braking on lane ':center_8_0' with decel=9.00, wished=7.00, severity=1.00, time=7.30.
 Retrying in 1 seconds
 Retrying in 1 seconds
[shaping_diag] success_cum_shaping=282.39 T=103 d_init=94.1 d_final=0.0
 Retrying in 1 seconds
[shaping_diag] success_cum_shaping=282.39 T=102 d_init=94.1 d_final=0.0
 Retrying in 1 seconds
[shaping_diag] success_cum_shaping=282.39 T=103 d_init=94.1 d_final=0.0
 Retrying in 1 seconds
[shaping_diag] success_cum_shaping=282.39 T=103 d_init=94.1 d_final=0.0
 Retrying in 1 seconds
[shaping_diag] success_cum_shaping=282.39 T=103 d_init=94.1 d_final=0.0
 Retrying in 1 seconds
[shaping_diag] success_cum_shaping=282.39 T=102 d_init=94.1 d_final=0.0
 Retrying in 1 seconds
[shaping_diag] success_cum_shaping=282.39 T=102 d_init=94.1 d_final=0.0
 Retrying in 1 seconds
[shaping_diag] success_cum_shaping=282.39 T=102 d_init=94.1 d_final=0.0
 Retrying in 1 seconds
[shaping_diag] success_cum_shaping=282.39 T=102 d_init=94.1 d_final=0.0
 Retrying in 1 seconds
[shaping_diag] success_cum_shaping=282.39 T=103 d_init=94.1 d_final=0.0
 Retrying in 1 seconds
[shaping_diag] success_cum_shaping=282.39 T=103 d_init=94.1 d_final=0.0
Warning: Vehicle 'other' performs emergency braking on lane ':center_8_0' with decel=9.00, wished=5.00, severity=1.00, time=7.10.
 Retrying in 1 seconds
[shaping_diag] success_cum_shaping=282.39 T=102 d_init=94.1 d_final=0.0
 Retrying in 1 seconds
[shaping_diag] success_cum_shaping=282.39 T=103 d_init=94.1 d_final=0.0
 Retrying in 1 seconds
[shaping_diag] success_cum_shaping=282.39 T=103 d_init=94.1 d_final=0.0
 Retrying in 1 seconds
[shaping_diag] success_cum_shaping=282.39 T=103 d_init=94.1 d_final=0.0
 Retrying in 1 seconds
[shaping_diag] success_cum_shaping=282.39 T=103 d_init=94.1 d_final=0.0
 Retrying in 1 seconds
[shaping_diag] success_cum_shaping=282.39 T=103 d_init=94.1 d_final=0.0
 Retrying in 1 seconds
[shaping_diag] success_cum_shaping=282.39 T=102 d_init=94.1 d_final=0.0
 Retrying in 1 seconds
[shaping_diag] success_cum_shaping=282.39 T=102 d_init=94.1 d_final=0.0
 Retrying in 1 seconds
[shaping_diag] success_cum_shaping=282.39 T=103 d_init=94.1 d_final=0.0
 Retrying in 1 seconds
[shaping_diag] success_cum_shaping=282.39 T=102 d_init=94.1 d_final=0.0
 Retrying in 1 seconds
[shaping_diag] success_cum_shaping=282.39 T=103 d_init=94.1 d_final=0.0
 Retrying in 1 seconds
[shaping_diag] success_cum_shaping=282.39 T=103 d_init=94.1 d_final=0.0
 Retrying in 1 seconds
[shaping_diag] success_cum_shaping=282.39 T=102 d_init=94.1 d_final=0.0
 Retrying in 1 seconds
[shaping_diag] success_cum_shaping=282.39 T=103 d_init=94.1 d_final=0.0
 Retrying in 1 seconds
[shaping_diag] success_cum_shaping=282.39 T=102 d_init=94.1 d_final=0.0
  return=407.26 coll=0.040 success=0.960 ttc=6.08 ent=0.25 brakes=1.0
Eval seed=2456 [stochastic]...
 Retrying in 1 seconds
[shaping_diag] success_cum_shaping=282.39 T=103 d_init=94.1 d_final=0.0
 Retrying in 1 seconds
[shaping_diag] success_cum_shaping=282.39 T=105 d_init=94.1 d_final=0.0
 Retrying in 1 seconds
[shaping_diag] success_cum_shaping=282.39 T=103 d_init=94.1 d_final=0.0
 Retrying in 1 seconds
[shaping_diag] success_cum_shaping=282.39 T=102 d_init=94.1 d_final=0.0
 Retrying in 1 seconds
[shaping_diag] success_cum_shaping=282.39 T=102 d_init=94.1 d_final=0.0
 Retrying in 1 seconds
[shaping_diag] success_cum_shaping=282.39 T=107 d_init=94.1 d_final=0.0
 Retrying in 1 seconds
[shaping_diag] success_cum_shaping=282.39 T=106 d_init=94.1 d_final=0.0
 Retrying in 1 seconds
[shaping_diag] success_cum_shaping=282.39 T=104 d_init=94.1 d_final=0.0
 Retrying in 1 seconds
[shaping_diag] success_cum_shaping=282.39 T=103 d_init=94.1 d_final=0.0
 Retrying in 1 seconds
[shaping_diag] success_cum_shaping=282.39 T=104 d_init=94.1 d_final=0.0
 Retrying in 1 seconds
[shaping_diag] success_cum_shaping=282.39 T=104 d_init=94.1 d_final=0.0
 Retrying in 1 seconds
[shaping_diag] success_cum_shaping=282.39 T=103 d_init=94.1 d_final=0.0
Warning: Vehicle 'other' performs emergency braking on lane ':center_8_0' with decel=9.00, wished=7.00, severity=1.00, time=7.20.
 Retrying in 1 seconds
[shaping_diag] success_cum_shaping=282.39 T=104 d_init=94.1 d_final=0.0
 Retrying in 1 seconds
[shaping_diag] success_cum_shaping=282.39 T=103 d_init=94.1 d_final=0.0
Warning: Vehicle 'other' performs emergency braking on lane ':center_8_0' with decel=9.00, wished=5.00, severity=1.00, time=7.20.
 Retrying in 1 seconds
[shaping_diag] success_cum_shaping=282.39 T=104 d_init=94.1 d_final=0.0
 Retrying in 1 seconds
[shaping_diag] success_cum_shaping=282.39 T=103 d_init=94.1 d_final=0.0
 Retrying in 1 seconds
[shaping_diag] success_cum_shaping=282.39 T=109 d_init=94.1 d_final=0.0
 Retrying in 1 seconds
[shaping_diag] success_cum_shaping=282.39 T=103 d_init=94.1 d_final=0.0
 Retrying in 1 seconds
[shaping_diag] success_cum_shaping=282.39 T=104 d_init=94.1 d_final=0.0
 Retrying in 1 seconds
[shaping_diag] success_cum_shaping=282.39 T=108 d_init=94.1 d_final=0.0
 Retrying in 1 seconds
[shaping_diag] success_cum_shaping=282.39 T=106 d_init=94.1 d_final=0.0
Warning: Vehicle 'other' performs emergency braking on lane ':center_8_0' with decel=9.00, wished=7.00, severity=1.00, time=7.10.
 Retrying in 1 seconds
[shaping_diag] success_cum_shaping=282.39 T=103 d_init=94.1 d_final=0.0
 Retrying in 1 seconds
[shaping_diag] success_cum_shaping=282.39 T=103 d_init=94.1 d_final=0.0
 Retrying in 1 seconds
[shaping_diag] success_cum_shaping=282.39 T=107 d_init=94.1 d_final=0.0
 Retrying in 1 seconds
[shaping_diag] success_cum_shaping=282.39 T=103 d_init=94.1 d_final=0.0
 Retrying in 1 seconds
[shaping_diag] success_cum_shaping=282.39 T=103 d_init=94.1 d_final=0.0
 Retrying in 1 seconds
[shaping_diag] success_cum_shaping=282.39 T=103 d_init=94.1 d_final=0.0
 Retrying in 1 seconds
[shaping_diag] success_cum_shaping=282.39 T=104 d_init=94.1 d_final=0.0
 Retrying in 1 seconds
[shaping_diag] success_cum_shaping=282.39 T=104 d_init=94.1 d_final=0.0
 Retrying in 1 seconds
[shaping_diag] success_cum_shaping=282.39 T=103 d_init=94.1 d_final=0.0
Warning: Vehicle 'other' performs emergency braking on lane ':center_8_0' with decel=9.00, wished=7.00, severity=1.00, time=7.20.
 Retrying in 1 seconds
[shaping_diag] success_cum_shaping=282.39 T=104 d_init=94.1 d_final=0.0
 Retrying in 1 seconds
[shaping_diag] success_cum_shaping=282.39 T=104 d_init=94.1 d_final=0.0
 Retrying in 1 seconds
[shaping_diag] success_cum_shaping=282.39 T=104 d_init=94.1 d_final=0.0
 Retrying in 1 seconds
[shaping_diag] success_cum_shaping=282.39 T=107 d_init=94.1 d_final=0.0
 Retrying in 1 seconds
[shaping_diag] success_cum_shaping=282.39 T=104 d_init=94.1 d_final=0.0
 Retrying in 1 seconds
[shaping_diag] success_cum_shaping=282.39 T=104 d_init=94.1 d_final=0.0
 Retrying in 1 seconds
[shaping_diag] success_cum_shaping=282.39 T=103 d_init=94.1 d_final=0.0
 Retrying in 1 seconds
[shaping_diag] success_cum_shaping=282.39 T=103 d_init=94.1 d_final=0.0
 Retrying in 1 seconds
[shaping_diag] success_cum_shaping=282.39 T=103 d_init=94.1 d_final=0.0
 Retrying in 1 seconds
[shaping_diag] success_cum_shaping=282.39 T=102 d_init=94.1 d_final=0.0
 Retrying in 1 seconds
[shaping_diag] success_cum_shaping=282.39 T=104 d_init=94.1 d_final=0.0
 Retrying in 1 seconds
[shaping_diag] success_cum_shaping=282.39 T=103 d_init=94.1 d_final=0.0
 Retrying in 1 seconds
[shaping_diag] success_cum_shaping=282.39 T=107 d_init=94.1 d_final=0.0
 Retrying in 1 seconds
[shaping_diag] success_cum_shaping=282.39 T=105 d_init=94.1 d_final=0.0
 Retrying in 1 seconds
[shaping_diag] success_cum_shaping=282.39 T=103 d_init=94.1 d_final=0.0
 Retrying in 1 seconds
[shaping_diag] success_cum_shaping=282.39 T=104 d_init=94.1 d_final=0.0
 Retrying in 1 seconds
[shaping_diag] success_cum_shaping=282.39 T=103 d_init=94.1 d_final=0.0
 Retrying in 1 seconds
[shaping_diag] success_cum_shaping=282.39 T=103 d_init=94.1 d_final=0.0
 Retrying in 1 seconds
[shaping_diag] success_cum_shaping=282.39 T=105 d_init=94.1 d_final=0.0
 Retrying in 1 seconds
[shaping_diag] success_cum_shaping=282.39 T=104 d_init=94.1 d_final=0.0
 Retrying in 1 seconds
[shaping_diag] success_cum_shaping=282.39 T=103 d_init=94.1 d_final=0.0
 Retrying in 1 seconds
[shaping_diag] success_cum_shaping=282.39 T=103 d_init=94.1 d_final=0.0
 Retrying in 1 seconds
[shaping_diag] success_cum_shaping=282.39 T=102 d_init=94.1 d_final=0.0
 Retrying in 1 seconds
[shaping_diag] success_cum_shaping=282.39 T=103 d_init=94.1 d_final=0.0
 Retrying in 1 seconds
[shaping_diag] success_cum_shaping=282.39 T=103 d_init=94.1 d_final=0.0
 Retrying in 1 seconds
[shaping_diag] success_cum_shaping=282.39 T=104 d_init=94.1 d_final=0.0
 Retrying in 1 seconds
[shaping_diag] success_cum_shaping=282.39 T=102 d_init=94.1 d_final=0.0
 Retrying in 1 seconds
[shaping_diag] success_cum_shaping=282.39 T=103 d_init=94.1 d_final=0.0
 Retrying in 1 seconds
[shaping_diag] success_cum_shaping=282.39 T=104 d_init=94.1 d_final=0.0
 Retrying in 1 seconds
[shaping_diag] success_cum_shaping=282.39 T=103 d_init=94.1 d_final=0.0
 Retrying in 1 seconds
[shaping_diag] success_cum_shaping=282.39 T=104 d_init=94.1 d_final=0.0
 Retrying in 1 seconds
[shaping_diag] success_cum_shaping=282.39 T=103 d_init=94.1 d_final=0.0
 Retrying in 1 seconds
[shaping_diag] success_cum_shaping=282.39 T=103 d_init=94.1 d_final=0.0
 Retrying in 1 seconds
[shaping_diag] success_cum_shaping=282.39 T=136 d_init=94.1 d_final=0.0
 Retrying in 1 seconds
[shaping_diag] success_cum_shaping=282.39 T=103 d_init=94.1 d_final=0.0
 Retrying in 1 seconds
[shaping_diag] success_cum_shaping=282.39 T=103 d_init=94.1 d_final=0.0
Warning: Vehicle 'other' performs emergency braking on lane ':center_8_0' with decel=9.00, wished=5.00, severity=1.00, time=7.30.
 Retrying in 1 seconds
[shaping_diag] success_cum_shaping=282.39 T=105 d_init=94.1 d_final=0.0
 Retrying in 1 seconds
[shaping_diag] success_cum_shaping=282.39 T=102 d_init=94.1 d_final=0.0
 Retrying in 1 seconds
[shaping_diag] success_cum_shaping=282.39 T=103 d_init=94.1 d_final=0.0
 Retrying in 1 seconds
[shaping_diag] success_cum_shaping=282.39 T=103 d_init=94.1 d_final=0.0
 Retrying in 1 seconds
[shaping_diag] success_cum_shaping=282.39 T=103 d_init=94.1 d_final=0.0
 Retrying in 1 seconds
[shaping_diag] success_cum_shaping=282.39 T=103 d_init=94.1 d_final=0.0
 Retrying in 1 seconds
[shaping_diag] success_cum_shaping=282.39 T=107 d_init=94.1 d_final=0.0
 Retrying in 1 seconds
[shaping_diag] success_cum_shaping=282.39 T=127 d_init=94.1 d_final=0.0
 Retrying in 1 seconds
[shaping_diag] success_cum_shaping=282.39 T=103 d_init=94.1 d_final=0.0
 Retrying in 1 seconds
[shaping_diag] success_cum_shaping=282.39 T=102 d_init=94.1 d_final=0.0
 Retrying in 1 seconds
[shaping_diag] success_cum_shaping=282.39 T=103 d_init=94.1 d_final=0.0
 Retrying in 1 seconds
[shaping_diag] success_cum_shaping=282.39 T=103 d_init=94.1 d_final=0.0
 Retrying in 1 seconds
[shaping_diag] success_cum_shaping=282.39 T=102 d_init=94.1 d_final=0.0
 Retrying in 1 seconds
[shaping_diag] success_cum_shaping=282.39 T=102 d_init=94.1 d_final=0.0
 Retrying in 1 seconds
[shaping_diag] success_cum_shaping=282.39 T=104 d_init=94.1 d_final=0.0
 Retrying in 1 seconds
[shaping_diag] success_cum_shaping=282.39 T=103 d_init=94.1 d_final=0.0
 Retrying in 1 seconds
[shaping_diag] success_cum_shaping=282.39 T=103 d_init=94.1 d_final=0.0
 Retrying in 1 seconds
[shaping_diag] success_cum_shaping=282.39 T=103 d_init=94.1 d_final=0.0
 Retrying in 1 seconds
[shaping_diag] success_cum_shaping=282.39 T=104 d_init=94.1 d_final=0.0
Warning: Vehicle 'other' performs emergency braking on lane ':center_8_0' with decel=9.00, wished=5.00, severity=1.00, time=7.10.
 Retrying in 1 seconds
[shaping_diag] success_cum_shaping=282.39 T=103 d_init=94.1 d_final=0.0
 Retrying in 1 seconds
[shaping_diag] success_cum_shaping=282.39 T=103 d_init=94.1 d_final=0.0
 Retrying in 1 seconds
[shaping_diag] success_cum_shaping=282.39 T=102 d_init=94.1 d_final=0.0
 Retrying in 1 seconds
[shaping_diag] success_cum_shaping=282.39 T=103 d_init=94.1 d_final=0.0
 Retrying in 1 seconds
[shaping_diag] success_cum_shaping=282.39 T=103 d_init=94.1 d_final=0.0
 Retrying in 1 seconds
[shaping_diag] success_cum_shaping=282.39 T=103 d_init=94.1 d_final=0.0
 Retrying in 1 seconds
[shaping_diag] success_cum_shaping=282.39 T=104 d_init=94.1 d_final=0.0
 Retrying in 1 seconds
[shaping_diag] success_cum_shaping=282.39 T=103 d_init=94.1 d_final=0.0
 Retrying in 1 seconds
[shaping_diag] success_cum_shaping=282.39 T=107 d_init=94.1 d_final=0.0
 Retrying in 1 seconds
[shaping_diag] success_cum_shaping=282.39 T=103 d_init=94.1 d_final=0.0
 Retrying in 1 seconds
[shaping_diag] success_cum_shaping=282.39 T=103 d_init=94.1 d_final=0.0
 Retrying in 1 seconds
[shaping_diag] success_cum_shaping=282.39 T=103 d_init=94.1 d_final=0.0
 Retrying in 1 seconds
[shaping_diag] success_cum_shaping=282.39 T=103 d_init=94.1 d_final=0.0
 Retrying in 1 seconds
[shaping_diag] success_cum_shaping=282.39 T=103 d_init=94.1 d_final=0.0
 Retrying in 1 seconds
[shaping_diag] success_cum_shaping=282.39 T=102 d_init=94.1 d_final=0.0
  return=415.68 coll=0.000 success=1.000 ttc=5.98 ent=0.53 brakes=1.0
Eval seed=3456 [deterministic]...
 Retrying in 1 seconds
[shaping_diag] success_cum_shaping=282.39 T=103 d_init=94.1 d_final=0.0
 Retrying in 1 seconds
[shaping_diag] success_cum_shaping=282.39 T=103 d_init=94.1 d_final=0.0
 Retrying in 1 seconds
[shaping_diag] success_cum_shaping=282.39 T=102 d_init=94.1 d_final=0.0
 Retrying in 1 seconds
[shaping_diag] success_cum_shaping=282.39 T=102 d_init=94.1 d_final=0.0
 Retrying in 1 seconds
[shaping_diag] success_cum_shaping=282.39 T=102 d_init=94.1 d_final=0.0
 Retrying in 1 seconds
[shaping_diag] success_cum_shaping=282.39 T=102 d_init=94.1 d_final=0.0
 Retrying in 1 seconds
 Retrying in 1 seconds
[shaping_diag] success_cum_shaping=282.39 T=103 d_init=94.1 d_final=0.0
Warning: Vehicle 'other' performs emergency braking on lane ':center_8_0' with decel=9.00, wished=5.00, severity=1.00, time=7.10.
Warning: Vehicle 'ego'; junction collision with vehicle 'other', lane=':center_4_0', gap=-1.00, time=7.30 stage=move.
 Retrying in 1 seconds
 Retrying in 1 seconds
[shaping_diag] success_cum_shaping=282.39 T=102 d_init=94.1 d_final=0.0
 Retrying in 1 seconds
[shaping_diag] success_cum_shaping=282.39 T=103 d_init=94.1 d_final=0.0
 Retrying in 1 seconds
[shaping_diag] success_cum_shaping=282.39 T=103 d_init=94.1 d_final=0.0
 Retrying in 1 seconds
[shaping_diag] success_cum_shaping=282.39 T=102 d_init=94.1 d_final=0.0
 Retrying in 1 seconds
[shaping_diag] success_cum_shaping=282.39 T=103 d_init=94.1 d_final=0.0
 Retrying in 1 seconds
[shaping_diag] success_cum_shaping=282.39 T=102 d_init=94.1 d_final=0.0
 Retrying in 1 seconds
[shaping_diag] success_cum_shaping=282.39 T=102 d_init=94.1 d_final=0.0
 Retrying in 1 seconds
[shaping_diag] success_cum_shaping=282.39 T=102 d_init=94.1 d_final=0.0
 Retrying in 1 seconds
[shaping_diag] success_cum_shaping=282.39 T=102 d_init=94.1 d_final=0.0
 Retrying in 1 seconds
[shaping_diag] success_cum_shaping=282.39 T=102 d_init=94.1 d_final=0.0
 Retrying in 1 seconds
[shaping_diag] success_cum_shaping=282.39 T=102 d_init=94.1 d_final=0.0
 Retrying in 1 seconds
[shaping_diag] success_cum_shaping=282.39 T=103 d_init=94.1 d_final=0.0
 Retrying in 1 seconds
[shaping_diag] success_cum_shaping=282.39 T=102 d_init=94.1 d_final=0.0
 Retrying in 1 seconds
[shaping_diag] success_cum_shaping=282.39 T=103 d_init=94.1 d_final=0.0
 Retrying in 1 seconds
[shaping_diag] success_cum_shaping=282.39 T=103 d_init=94.1 d_final=0.0
 Retrying in 1 seconds
[shaping_diag] success_cum_shaping=282.39 T=102 d_init=94.1 d_final=0.0
 Retrying in 1 seconds
[shaping_diag] success_cum_shaping=282.39 T=102 d_init=94.1 d_final=0.0
 Retrying in 1 seconds
[shaping_diag] success_cum_shaping=282.39 T=102 d_init=94.1 d_final=0.0
 Retrying in 1 seconds
[shaping_diag] success_cum_shaping=282.39 T=103 d_init=94.1 d_final=0.0
 Retrying in 1 seconds
[shaping_diag] success_cum_shaping=282.39 T=103 d_init=94.1 d_final=0.0
 Retrying in 1 seconds
[shaping_diag] success_cum_shaping=282.39 T=102 d_init=94.1 d_final=0.0
 Retrying in 1 seconds
[shaping_diag] success_cum_shaping=282.39 T=102 d_init=94.1 d_final=0.0
Warning: Vehicle 'other' performs emergency braking on lane ':center_8_0' with decel=9.00, wished=6.00, severity=1.00, time=7.10.
 Retrying in 1 seconds
[shaping_diag] success_cum_shaping=282.39 T=102 d_init=94.1 d_final=0.0
 Retrying in 1 seconds
[shaping_diag] success_cum_shaping=282.39 T=103 d_init=94.1 d_final=0.0
 Retrying in 1 seconds
[shaping_diag] success_cum_shaping=282.39 T=103 d_init=94.1 d_final=0.0
 Retrying in 1 seconds
[shaping_diag] success_cum_shaping=282.39 T=103 d_init=94.1 d_final=0.0
 Retrying in 1 seconds
[shaping_diag] success_cum_shaping=282.39 T=102 d_init=94.1 d_final=0.0
 Retrying in 1 seconds
[shaping_diag] success_cum_shaping=282.39 T=102 d_init=94.1 d_final=0.0
 Retrying in 1 seconds
[shaping_diag] success_cum_shaping=282.39 T=102 d_init=94.1 d_final=0.0
 Retrying in 1 seconds
[shaping_diag] success_cum_shaping=282.39 T=103 d_init=94.1 d_final=0.0
 Retrying in 1 seconds
[shaping_diag] success_cum_shaping=282.39 T=102 d_init=94.1 d_final=0.0
 Retrying in 1 seconds
[shaping_diag] success_cum_shaping=282.39 T=103 d_init=94.1 d_final=0.0
 Retrying in 1 seconds
[shaping_diag] success_cum_shaping=282.39 T=102 d_init=94.1 d_final=0.0
Warning: Vehicle 'other' performs emergency braking on lane ':center_8_0' with decel=9.00, wished=5.00, severity=1.00, time=7.10.
Warning: Vehicle 'ego'; junction collision with vehicle 'other', lane=':center_4_0', gap=-1.00, time=7.30 stage=move.
 Retrying in 1 seconds
 Retrying in 1 seconds
[shaping_diag] success_cum_shaping=282.39 T=103 d_init=94.1 d_final=0.0
 Retrying in 1 seconds
[shaping_diag] success_cum_shaping=282.39 T=102 d_init=94.1 d_final=0.0
 Retrying in 1 seconds
[shaping_diag] success_cum_shaping=282.39 T=103 d_init=94.1 d_final=0.0
 Retrying in 1 seconds
[shaping_diag] success_cum_shaping=282.39 T=103 d_init=94.1 d_final=0.0
Warning: Vehicle 'other' performs emergency braking on lane ':center_8_0' with decel=9.00, wished=5.00, severity=1.00, time=7.10.
 Retrying in 1 seconds
[shaping_diag] success_cum_shaping=282.39 T=102 d_init=94.1 d_final=0.0
 Retrying in 1 seconds
[shaping_diag] success_cum_shaping=282.39 T=103 d_init=94.1 d_final=0.0
 Retrying in 1 seconds
[shaping_diag] success_cum_shaping=282.39 T=102 d_init=94.1 d_final=0.0
Warning: Vehicle 'other' performs emergency braking on lane ':center_8_0' with decel=9.00, wished=6.00, severity=1.00, time=7.10.
 Retrying in 1 seconds
 Retrying in 1 seconds
[shaping_diag] success_cum_shaping=282.39 T=102 d_init=94.1 d_final=0.0
 Retrying in 1 seconds
[shaping_diag] success_cum_shaping=282.39 T=102 d_init=94.1 d_final=0.0
 Retrying in 1 seconds
[shaping_diag] success_cum_shaping=282.39 T=102 d_init=94.1 d_final=0.0
 Retrying in 1 seconds
[shaping_diag] success_cum_shaping=282.39 T=103 d_init=94.1 d_final=0.0
 Retrying in 1 seconds
[shaping_diag] success_cum_shaping=282.39 T=102 d_init=94.1 d_final=0.0
 Retrying in 1 seconds
[shaping_diag] success_cum_shaping=282.39 T=103 d_init=94.1 d_final=0.0
 Retrying in 1 seconds
[shaping_diag] success_cum_shaping=282.39 T=103 d_init=94.1 d_final=0.0
 Retrying in 1 seconds
[shaping_diag] success_cum_shaping=282.39 T=102 d_init=94.1 d_final=0.0
 Retrying in 1 seconds
[shaping_diag] success_cum_shaping=282.39 T=102 d_init=94.1 d_final=0.0
 Retrying in 1 seconds
[shaping_diag] success_cum_shaping=282.39 T=103 d_init=94.1 d_final=0.0
 Retrying in 1 seconds
[shaping_diag] success_cum_shaping=282.39 T=102 d_init=94.1 d_final=0.0
 Retrying in 1 seconds
[shaping_diag] success_cum_shaping=282.39 T=110 d_init=94.1 d_final=0.0
 Retrying in 1 seconds
[shaping_diag] success_cum_shaping=282.39 T=102 d_init=94.1 d_final=0.0
 Retrying in 1 seconds
[shaping_diag] success_cum_shaping=282.39 T=117 d_init=94.1 d_final=0.0
 Retrying in 1 seconds
[shaping_diag] success_cum_shaping=282.39 T=102 d_init=94.1 d_final=0.0
 Retrying in 1 seconds
[shaping_diag] success_cum_shaping=282.39 T=103 d_init=94.1 d_final=0.0
 Retrying in 1 seconds
[shaping_diag] success_cum_shaping=282.39 T=103 d_init=94.1 d_final=0.0
 Retrying in 1 seconds
[shaping_diag] success_cum_shaping=282.39 T=103 d_init=94.1 d_final=0.0
 Retrying in 1 seconds
[shaping_diag] success_cum_shaping=282.39 T=102 d_init=94.1 d_final=0.0
 Retrying in 1 seconds
[shaping_diag] success_cum_shaping=282.39 T=102 d_init=94.1 d_final=0.0
 Retrying in 1 seconds
[shaping_diag] success_cum_shaping=282.39 T=103 d_init=94.1 d_final=0.0
 Retrying in 1 seconds
[shaping_diag] success_cum_shaping=282.39 T=102 d_init=94.1 d_final=0.0
 Retrying in 1 seconds
[shaping_diag] success_cum_shaping=282.39 T=115 d_init=94.1 d_final=0.0
Warning: Vehicle 'ego'; junction collision with vehicle 'other', lane=':center_4_0', gap=-1.00, time=7.40 stage=move.
 Retrying in 1 seconds
 Retrying in 1 seconds
[shaping_diag] success_cum_shaping=282.39 T=103 d_init=94.1 d_final=0.0
Warning: Vehicle 'ego'; collision with vehicle 'other', lane='right_out_0', gap=-2.05, time=7.40 stage=move.
Warning: Vehicle 'other' performs emergency braking on lane ':center_8_0' with decel=9.00, wished=7.00, severity=1.00, time=7.10.
Warning: Vehicle 'other'; junction collision with vehicle 'ego', lane=':center_8_0', gap=-1.00, time=7.40 stage=move.
 Retrying in 1 seconds
 Retrying in 1 seconds
 Retrying in 1 seconds
[shaping_diag] success_cum_shaping=282.39 T=102 d_init=94.1 d_final=0.0
 Retrying in 1 seconds
[shaping_diag] success_cum_shaping=282.39 T=102 d_init=94.1 d_final=0.0
 Retrying in 1 seconds
[shaping_diag] success_cum_shaping=282.39 T=103 d_init=94.1 d_final=0.0
 Retrying in 1 seconds
[shaping_diag] success_cum_shaping=282.39 T=102 d_init=94.1 d_final=0.0
 Retrying in 1 seconds
[shaping_diag] success_cum_shaping=282.39 T=103 d_init=94.1 d_final=0.0
 Retrying in 1 seconds
[shaping_diag] success_cum_shaping=282.39 T=102 d_init=94.1 d_final=0.0
 Retrying in 1 seconds
[shaping_diag] success_cum_shaping=282.39 T=103 d_init=94.1 d_final=0.0
Warning: Vehicle 'other' performs emergency braking on lane ':center_8_0' with decel=9.00, wished=7.00, severity=1.00, time=7.10.
Warning: Vehicle 'ego'; junction collision with vehicle 'other', lane=':center_4_0', gap=-1.00, time=7.30 stage=move.
 Retrying in 1 seconds
 Retrying in 1 seconds
[shaping_diag] success_cum_shaping=282.39 T=102 d_init=94.1 d_final=0.0
 Retrying in 1 seconds
[shaping_diag] success_cum_shaping=282.39 T=103 d_init=94.1 d_final=0.0
Warning: Vehicle 'ego'; collision with vehicle 'other', lane='right_out_0', gap=-1.07, time=7.90 stage=move.
 Retrying in 1 seconds
 Retrying in 1 seconds
[shaping_diag] success_cum_shaping=282.39 T=102 d_init=94.1 d_final=0.0
 Retrying in 1 seconds
[shaping_diag] success_cum_shaping=282.39 T=103 d_init=94.1 d_final=0.0
 Retrying in 1 seconds
[shaping_diag] success_cum_shaping=282.39 T=102 d_init=94.1 d_final=0.0
 Retrying in 1 seconds
[shaping_diag] success_cum_shaping=282.39 T=102 d_init=94.1 d_final=0.0
 Retrying in 1 seconds
[shaping_diag] success_cum_shaping=282.39 T=102 d_init=94.1 d_final=0.0
 Retrying in 1 seconds
[shaping_diag] success_cum_shaping=282.39 T=102 d_init=94.1 d_final=0.0
 Retrying in 1 seconds
[shaping_diag] success_cum_shaping=282.39 T=103 d_init=94.1 d_final=0.0
 Retrying in 1 seconds
[shaping_diag] success_cum_shaping=282.39 T=117 d_init=94.1 d_final=0.0
 Retrying in 1 seconds
[shaping_diag] success_cum_shaping=282.39 T=103 d_init=94.1 d_final=0.0
 Retrying in 1 seconds
[shaping_diag] success_cum_shaping=282.39 T=102 d_init=94.1 d_final=0.0
 Retrying in 1 seconds
[shaping_diag] success_cum_shaping=282.39 T=102 d_init=94.1 d_final=0.0
  return=392.26 coll=0.090 success=0.910 ttc=6.20 ent=0.26 brakes=0.9
Eval seed=3456 [stochastic]...
 Retrying in 1 seconds
[shaping_diag] success_cum_shaping=282.39 T=103 d_init=94.1 d_final=0.0
 Retrying in 1 seconds
[shaping_diag] success_cum_shaping=282.39 T=103 d_init=94.1 d_final=0.0
 Retrying in 1 seconds
[shaping_diag] success_cum_shaping=282.39 T=103 d_init=94.1 d_final=0.0
Warning: Vehicle 'other' performs emergency braking on lane ':center_8_0' with decel=9.00, wished=7.00, severity=1.00, time=7.20.
 Retrying in 1 seconds
[shaping_diag] success_cum_shaping=282.39 T=104 d_init=94.1 d_final=0.0
 Retrying in 1 seconds
[shaping_diag] success_cum_shaping=282.39 T=102 d_init=94.1 d_final=0.0
Warning: Vehicle 'other' performs emergency braking on lane ':center_8_0' with decel=9.00, wished=5.00, severity=1.00, time=7.20.
 Retrying in 1 seconds
[shaping_diag] success_cum_shaping=282.39 T=105 d_init=94.1 d_final=0.0
Warning: Vehicle 'ego'; junction collision with vehicle 'other', lane=':center_4_0', gap=-1.00, time=7.30 stage=move.
 Retrying in 1 seconds
 Retrying in 1 seconds
[shaping_diag] success_cum_shaping=282.39 T=104 d_init=94.1 d_final=0.0
Warning: Vehicle 'other' performs emergency braking on lane ':center_8_0' with decel=9.00, wished=5.00, severity=1.00, time=7.20.
 Retrying in 1 seconds
 Retrying in 1 seconds
[shaping_diag] success_cum_shaping=282.39 T=102 d_init=94.1 d_final=0.0
 Retrying in 1 seconds
[shaping_diag] success_cum_shaping=282.39 T=103 d_init=94.1 d_final=0.0
 Retrying in 1 seconds
[shaping_diag] success_cum_shaping=282.39 T=103 d_init=94.1 d_final=0.0
 Retrying in 1 seconds
[shaping_diag] success_cum_shaping=282.39 T=102 d_init=94.1 d_final=0.0
 Retrying in 1 seconds
[shaping_diag] success_cum_shaping=282.39 T=103 d_init=94.1 d_final=0.0
 Retrying in 1 seconds
[shaping_diag] success_cum_shaping=282.39 T=104 d_init=94.1 d_final=0.0
Warning: Vehicle 'other' performs emergency braking on lane ':center_8_0' with decel=9.00, wished=5.00, severity=1.00, time=7.30.
 Retrying in 1 seconds
[shaping_diag] success_cum_shaping=282.39 T=105 d_init=94.1 d_final=0.0
 Retrying in 1 seconds
[shaping_diag] success_cum_shaping=282.39 T=103 d_init=94.1 d_final=0.0
 Retrying in 1 seconds
[shaping_diag] success_cum_shaping=282.39 T=103 d_init=94.1 d_final=0.0
 Retrying in 1 seconds
[shaping_diag] success_cum_shaping=282.39 T=103 d_init=94.1 d_final=0.0
 Retrying in 1 seconds
[shaping_diag] success_cum_shaping=282.39 T=103 d_init=94.1 d_final=0.0
 Retrying in 1 seconds
[shaping_diag] success_cum_shaping=282.39 T=103 d_init=94.1 d_final=0.0
 Retrying in 1 seconds
[shaping_diag] success_cum_shaping=282.39 T=104 d_init=94.1 d_final=0.0
 Retrying in 1 seconds
[shaping_diag] success_cum_shaping=282.39 T=103 d_init=94.1 d_final=0.0
 Retrying in 1 seconds
[shaping_diag] success_cum_shaping=282.39 T=103 d_init=94.1 d_final=0.0
 Retrying in 1 seconds
[shaping_diag] success_cum_shaping=282.39 T=103 d_init=94.1 d_final=0.0
 Retrying in 1 seconds
[shaping_diag] success_cum_shaping=282.39 T=103 d_init=94.1 d_final=0.0
 Retrying in 1 seconds
[shaping_diag] success_cum_shaping=282.39 T=103 d_init=94.1 d_final=0.0
 Retrying in 1 seconds
[shaping_diag] success_cum_shaping=282.39 T=104 d_init=94.1 d_final=0.0
 Retrying in 1 seconds
[shaping_diag] success_cum_shaping=282.39 T=105 d_init=94.1 d_final=0.0
 Retrying in 1 seconds
[shaping_diag] success_cum_shaping=282.39 T=102 d_init=94.1 d_final=0.0
 Retrying in 1 seconds
[shaping_diag] success_cum_shaping=282.39 T=103 d_init=94.1 d_final=0.0
Warning: Vehicle 'other' performs emergency braking on lane ':center_8_0' with decel=9.00, wished=6.00, severity=1.00, time=7.30.
 Retrying in 1 seconds
 Retrying in 1 seconds
[shaping_diag] success_cum_shaping=282.39 T=103 d_init=94.1 d_final=0.0
 Retrying in 1 seconds
[shaping_diag] success_cum_shaping=282.39 T=105 d_init=94.1 d_final=0.0
 Retrying in 1 seconds
[shaping_diag] success_cum_shaping=282.39 T=103 d_init=94.1 d_final=0.0
 Retrying in 1 seconds
[shaping_diag] success_cum_shaping=282.39 T=105 d_init=94.1 d_final=0.0
 Retrying in 1 seconds
[shaping_diag] success_cum_shaping=282.39 T=103 d_init=94.1 d_final=0.0
 Retrying in 1 seconds
[shaping_diag] success_cum_shaping=282.39 T=103 d_init=94.1 d_final=0.0
 Retrying in 1 seconds
[shaping_diag] success_cum_shaping=282.39 T=103 d_init=94.1 d_final=0.0
 Retrying in 1 seconds
[shaping_diag] success_cum_shaping=282.39 T=103 d_init=94.1 d_final=0.0
 Retrying in 1 seconds
[shaping_diag] success_cum_shaping=282.39 T=106 d_init=94.1 d_final=0.0
 Retrying in 1 seconds
[shaping_diag] success_cum_shaping=282.39 T=104 d_init=94.1 d_final=0.0
Warning: Vehicle 'ego'; collision with vehicle 'other', lane='right_out_0', gap=-0.71, time=8.00 stage=move.
 Retrying in 1 seconds
 Retrying in 1 seconds
[shaping_diag] success_cum_shaping=282.39 T=104 d_init=94.1 d_final=0.0
 Retrying in 1 seconds
[shaping_diag] success_cum_shaping=282.39 T=104 d_init=94.1 d_final=0.0
 Retrying in 1 seconds
[shaping_diag] success_cum_shaping=282.39 T=103 d_init=94.1 d_final=0.0
 Retrying in 1 seconds
[shaping_diag] success_cum_shaping=282.39 T=104 d_init=94.1 d_final=0.0
Warning: Vehicle 'other' performs emergency braking on lane ':center_8_0' with decel=9.00, wished=5.00, severity=1.00, time=7.30.
 Retrying in 1 seconds
 Retrying in 1 seconds
[shaping_diag] success_cum_shaping=282.39 T=107 d_init=94.1 d_final=0.0
 Retrying in 1 seconds
[shaping_diag] success_cum_shaping=282.39 T=104 d_init=94.1 d_final=0.0
 Retrying in 1 seconds
[shaping_diag] success_cum_shaping=282.39 T=121 d_init=94.1 d_final=0.0
 Retrying in 1 seconds
[shaping_diag] success_cum_shaping=282.39 T=104 d_init=94.1 d_final=0.0
 Retrying in 1 seconds
[shaping_diag] success_cum_shaping=282.39 T=103 d_init=94.1 d_final=0.0
 Retrying in 1 seconds
[shaping_diag] success_cum_shaping=282.39 T=102 d_init=94.1 d_final=0.0
 Retrying in 1 seconds
[shaping_diag] success_cum_shaping=282.39 T=103 d_init=94.1 d_final=0.0
Warning: Vehicle 'other' performs emergency braking on lane ':center_8_0' with decel=9.00, wished=7.00, severity=1.00, time=7.40.
 Retrying in 1 seconds
[shaping_diag] success_cum_shaping=282.39 T=107 d_init=94.1 d_final=0.0
 Retrying in 1 seconds
[shaping_diag] success_cum_shaping=282.39 T=105 d_init=94.1 d_final=0.0
 Retrying in 1 seconds
[shaping_diag] success_cum_shaping=282.39 T=103 d_init=94.1 d_final=0.0
 Retrying in 1 seconds
[shaping_diag] success_cum_shaping=282.39 T=103 d_init=94.1 d_final=0.0
 Retrying in 1 seconds
[shaping_diag] success_cum_shaping=282.39 T=103 d_init=94.1 d_final=0.0
 Retrying in 1 seconds
[shaping_diag] success_cum_shaping=282.39 T=103 d_init=94.1 d_final=0.0
 Retrying in 1 seconds
[shaping_diag] success_cum_shaping=282.39 T=103 d_init=94.1 d_final=0.0
 Retrying in 1 seconds
[shaping_diag] success_cum_shaping=282.39 T=118 d_init=94.1 d_final=0.0
 Retrying in 1 seconds
[shaping_diag] success_cum_shaping=282.39 T=103 d_init=94.1 d_final=0.0
 Retrying in 1 seconds
[shaping_diag] success_cum_shaping=282.39 T=130 d_init=94.1 d_final=0.0
 Retrying in 1 seconds
[shaping_diag] success_cum_shaping=282.39 T=103 d_init=94.1 d_final=0.0
 Retrying in 1 seconds
[shaping_diag] success_cum_shaping=282.39 T=105 d_init=94.1 d_final=0.0
 Retrying in 1 seconds
[shaping_diag] success_cum_shaping=282.39 T=106 d_init=94.1 d_final=0.0
 Retrying in 1 seconds
[shaping_diag] success_cum_shaping=282.39 T=104 d_init=94.1 d_final=0.0
 Retrying in 1 seconds
[shaping_diag] success_cum_shaping=282.39 T=103 d_init=94.1 d_final=0.0
 Retrying in 1 seconds
[shaping_diag] success_cum_shaping=282.39 T=103 d_init=94.1 d_final=0.0
 Retrying in 1 seconds
[shaping_diag] success_cum_shaping=282.39 T=103 d_init=94.1 d_final=0.0
 Retrying in 1 seconds
[shaping_diag] success_cum_shaping=282.39 T=103 d_init=94.1 d_final=0.0
 Retrying in 1 seconds
[shaping_diag] success_cum_shaping=282.39 T=118 d_init=94.1 d_final=0.0
 Retrying in 1 seconds
[shaping_diag] success_cum_shaping=282.39 T=118 d_init=94.1 d_final=0.0
 Retrying in 1 seconds
[shaping_diag] success_cum_shaping=282.39 T=104 d_init=94.1 d_final=0.0
Warning: Vehicle 'ego'; collision with vehicle 'other', lane='right_out_0', gap=-0.67, time=7.50 stage=move.
 Retrying in 1 seconds
 Retrying in 1 seconds
[shaping_diag] success_cum_shaping=282.39 T=119 d_init=94.1 d_final=0.0
 Retrying in 1 seconds
[shaping_diag] success_cum_shaping=282.39 T=103 d_init=94.1 d_final=0.0
 Retrying in 1 seconds
[shaping_diag] success_cum_shaping=282.39 T=103 d_init=94.1 d_final=0.0
 Retrying in 1 seconds
[shaping_diag] success_cum_shaping=282.39 T=107 d_init=94.1 d_final=0.0
 Retrying in 1 seconds
[shaping_diag] success_cum_shaping=282.39 T=102 d_init=94.1 d_final=0.0
 Retrying in 1 seconds
[shaping_diag] success_cum_shaping=282.39 T=103 d_init=94.1 d_final=0.0
 Retrying in 1 seconds
[shaping_diag] success_cum_shaping=282.39 T=103 d_init=94.1 d_final=0.0
 Retrying in 1 seconds
[shaping_diag] success_cum_shaping=282.39 T=103 d_init=94.1 d_final=0.0
Warning: Vehicle 'ego'; junction collision with vehicle 'other', lane=':center_4_0', gap=-1.00, time=7.50 stage=move.
 Retrying in 1 seconds
 Retrying in 1 seconds
[shaping_diag] success_cum_shaping=282.39 T=103 d_init=94.1 d_final=0.0
 Retrying in 1 seconds
[shaping_diag] success_cum_shaping=282.39 T=105 d_init=94.1 d_final=0.0
 Retrying in 1 seconds
[shaping_diag] success_cum_shaping=282.39 T=131 d_init=94.1 d_final=0.0
 Retrying in 1 seconds
[shaping_diag] success_cum_shaping=282.39 T=102 d_init=94.1 d_final=0.0
 Retrying in 1 seconds
[shaping_diag] success_cum_shaping=282.39 T=104 d_init=94.1 d_final=0.0
 Retrying in 1 seconds
[shaping_diag] success_cum_shaping=282.39 T=103 d_init=94.1 d_final=0.0
 Retrying in 1 seconds
[shaping_diag] success_cum_shaping=282.39 T=104 d_init=94.1 d_final=0.0
 Retrying in 1 seconds
[shaping_diag] success_cum_shaping=282.39 T=103 d_init=94.1 d_final=0.0
 Retrying in 1 seconds
[shaping_diag] success_cum_shaping=282.39 T=103 d_init=94.1 d_final=0.0
 Retrying in 1 seconds
[shaping_diag] success_cum_shaping=282.39 T=103 d_init=94.1 d_final=0.0
 Retrying in 1 seconds
[shaping_diag] success_cum_shaping=282.39 T=120 d_init=94.1 d_final=0.0
 Retrying in 1 seconds
[shaping_diag] success_cum_shaping=282.39 T=102 d_init=94.1 d_final=0.0
 Retrying in 1 seconds
[shaping_diag] success_cum_shaping=282.39 T=103 d_init=94.1 d_final=0.0
 Retrying in 1 seconds
[shaping_diag] success_cum_shaping=282.39 T=103 d_init=94.1 d_final=0.0
  return=394.62 coll=0.070 success=0.930 ttc=6.12 ent=0.55 brakes=0.9
Saved results/ablation/tier1/1a_stem_right_cbf_aux_intent_s456/eval_cbf_aux_1a_stem_right.csv
